time_s,inputs,cumulative_edges
0.0,1,376
0.001,2,505
0.002,3,622
0.002,4,625
0.003,5,626
0.003,6,647
0.005,7,712
0.006,8,715
0.007,9,719
0.008,10,722
0.011,11,742
0.012,12,742
0.013,13,742
0.018,14,743
0.021,15,745
0.021,16,746
0.023,17,747
0.024,18,752
0.029,19,752
0.03,20,754
0.031,21,755
0.034,22,756
0.038,23,759
0.055,24,760
0.056,25,762
0.068,26,763
0.082,27,764
0.106,28,765
0.124,29,765
0.148,30,765
0.158,31,765
0.194,32,765
0.235,33,765
0.245,34,765
0.274,35,766
0.374,36,826
0.383,37,826
0.406,38,829
0.42,39,830
0.438,40,831
0.489,41,831
0.546,42,831
0.577,43,831
0.65,44,831
0.749,45,831
0.796,46,831
0.799,47,831
0.807,48,831
0.813,49,831
0.827,50,831
0.833,51,831
0.865,52,846
0.871,53,847
0.886,54,847
0.891,55,847
0.894,56,849
0.896,57,851
0.904,58,853
0.924,59,941
0.929,60,941
0.934,61,941
0.935,62,1015
0.936,63,1019
0.956,64,1019
0.962,65,1063
0.983,66,1068
0.987,67,1069
1.009,68,1070
1.032,69,1071
1.042,70,1072
1.063,71,1077
1.079,72,1095
1.088,73,1101
1.097,74,1101
1.12,75,1101
1.131,76,1101
1.141,77,1103
1.143,78,1104
1.163,79,1105
1.166,80,1110
1.169,81,1110
1.18,82,1112
1.192,83,1114
1.2,84,1118
1.207,85,1118
1.214,86,1136
1.221,87,1136
1.242,88,1137
1.248,89,1145
1.318,90,1150
1.323,91,1151
1.324,92,1152
1.337,93,1155
1.379,94,1155
1.39,95,1155
1.399,96,1158
1.403,97,1159
1.436,98,1165
1.489,99,1165
1.515,100,1170
1.538,101,1170
1.587,102,1170
1.588,103,1170
1.666,104,1171
1.681,105,1171
1.687,106,1176
1.689,107,1176
1.701,108,1177
1.712,109,1177
1.715,110,1178
1.776,111,1181
1.816,112,1182
1.843,113,1182
1.945,114,1182
1.995,115,1182
2.002,116,1185
2.059,117,1186
2.082,118,1186
2.184,119,1186
2.2,120,1189
2.227,121,1192
2.264,122,1192
2.318,123,1192
2.35,124,1199
2.354,125,1200
2.356,126,1200
2.361,127,1201
2.363,128,1201
2.366,129,1220
2.368,130,1221
2.376,131,1222
2.382,132,1222
2.388,133,1230
2.39,134,1230
2.392,135,1235
2.396,136,1236
2.405,137,1238
2.406,138,1239
2.428,139,1239
2.434,140,1239
2.439,141,1239
2.442,142,1240
2.455,143,1240
2.466,144,1241
2.469,145,1242
2.482,146,1254
2.49,147,1254
2.495,148,1254
2.551,149,1254
2.552,150,1254
2.56,151,1257
2.574,152,1258
2.577,153,1258
2.578,154,1258
2.589,155,1258
2.591,156,1260
2.596,157,1261
2.607,158,1261
2.614,159,1262
2.617,160,1262
2.639,161,1263
2.648,162,1263
2.654,163,1263
2.657,164,1263
2.684,165,1263
2.689,166,1263
2.71,167,1264
2.762,168,1270
2.781,169,1270
2.787,170,1271
2.794,171,1272
2.799,172,1272
2.807,173,1272
2.833,174,1272
2.857,175,1273
2.903,176,1273
2.907,177,1273
2.92,178,1274
2.934,179,1274
2.968,180,1274
2.974,181,1274
2.981,182,1276
2.982,183,1277
2.991,184,1277
3.005,185,1277
3.013,186,1286
3.03,187,1291
3.034,188,1291
3.041,189,1291
3.079,190,1291
3.085,191,1291
3.088,192,1291
3.1,193,1291
3.121,194,1291
3.137,195,1292
3.147,196,1293
3.16,197,1293
3.201,198,1293
3.223,199,1293
3.235,200,1293
3.414,201,1293
3.499,202,1296
3.629,203,1296
3.673,204,1296
3.731,205,1297
3.733,206,1297
3.734,207,1297
3.736,208,1298
3.737,209,1298
3.738,210,1298
3.741,211,1298
3.742,212,1298
3.749,213,1298
3.756,214,1299
3.763,215,1299
3.771,216,1300
3.776,217,1300
3.778,218,1300
3.788,219,1300
3.795,220,1300
3.796,221,1305
3.813,222,1306
3.818,223,1306
3.823,224,1306
3.85,225,1307
3.883,226,1307
3.909,227,1307
3.954,228,1307
4.012,229,1307
4.017,230,1307
4.017,231,1307
4.029,232,1307
4.152,233,1321
4.184,234,1321
4.223,235,1321
4.322,236,1321
4.323,237,1321
4.339,238,1321
4.36,239,1321
4.372,240,1321
4.393,241,1322
4.395,242,1322
4.398,243,1322
4.401,244,1322
4.404,245,1340
4.418,246,1341
4.44,247,1341
4.445,248,1341
4.447,249,1355
4.452,250,1355
4.454,251,1355
4.458,252,1355
4.463,253,1359
4.47,254,1360
4.472,255,1362
4.506,256,1362
4.525,257,1362
4.542,258,1362
4.543,259,1365
4.56,260,1365
4.561,261,1365
4.572,262,1371
4.586,263,1373
4.597,264,1373
4.61,265,1373
4.611,266,1373
4.615,267,1373
4.618,268,1374
4.622,269,1374
4.623,270,1374
4.628,271,1374
4.634,272,1375
4.635,273,1377
4.642,274,1377
4.653,275,1381
4.661,276,1382
4.692,277,1382
4.733,278,1384
4.762,279,1384
4.812,280,1384
4.83,281,1386
4.847,282,1389
4.859,283,1389
4.866,284,1389
4.87,285,1391
4.884,286,1396
4.893,287,1396
4.894,288,1396
4.903,289,1399
4.929,290,1400
4.934,291,1401
4.954,292,1402
4.963,293,1403
4.978,294,1403
5.044,295,1403
5.074,296,1404
5.091,297,1404
5.109,298,1405
5.127,299,1405
5.137,300,1407
5.156,301,1407
5.162,302,1407
5.188,303,1408
5.236,304,1408
5.238,305,1429
5.245,306,1429
5.249,307,1430
5.252,308,1548
5.256,309,1548
5.259,310,1548
5.288,311,1556
5.293,312,1556
5.297,313,1557
5.301,314,1557
5.304,315,1563
5.311,316,1563
5.312,317,1563
5.313,318,1564
5.314,319,1564
5.322,320,1564
5.325,321,1564
5.329,322,1564
5.33,323,1564
5.332,324,1564
5.34,325,1564
5.346,326,1564
5.347,327,1572
5.349,328,1572
5.35,329,1572
5.356,330,1572
5.366,331,1602
5.367,332,1602
5.372,333,1602
5.376,334,1602
5.381,335,1602
5.385,336,1602
5.389,337,1604
5.394,338,1605
5.403,339,1610
5.415,340,1610
5.418,341,1610
5.42,342,1615
5.429,343,1615
5.431,344,1623
5.434,345,1624
5.439,346,1624
5.449,347,1624
5.451,348,1625
5.454,349,1625
5.458,350,1625
5.466,351,1625
5.468,352,1625
5.478,353,1625
5.479,354,1626
5.48,355,1626
5.492,356,1626
5.494,357,1626
5.497,358,1626
5.5,359,1626
5.502,360,1643
5.507,361,1643
5.508,362,1643
5.511,363,1654
5.533,364,1654
5.535,365,1654
5.554,366,1654
5.558,367,1664
5.568,368,1664
5.577,369,1664
5.587,370,1664
5.593,371,1665
5.607,372,1667
5.608,373,1667
5.617,374,1668
5.618,375,1669
5.625,376,1669
5.642,377,1669
5.648,378,1670
5.65,379,1670
5.652,380,1671
5.656,381,1671
5.658,382,1671
5.66,383,1671
5.662,384,1671
5.669,385,1671
5.702,386,1672
5.704,387,1672
5.709,388,1672
5.718,389,1672
5.739,390,1672
5.746,391,1672
5.751,392,1672
5.753,393,1672
5.767,394,1672
5.768,395,1674
5.775,396,1676
5.779,397,1677
5.788,398,1679
5.789,399,1679
5.794,400,1679
5.796,401,1680
5.838,402,1696
5.851,403,1696
5.859,404,1696
5.865,405,1696
5.866,406,1696
5.879,407,1696
5.884,408,1696
5.885,409,1697
5.889,410,1697
5.895,411,1697
5.898,412,1697
5.9,413,1697
5.903,414,1697
5.906,415,1697
5.926,416,1697
5.928,417,1697
5.929,418,1697
5.948,419,1698
5.955,420,1698
5.96,421,1698
5.964,422,1699
5.983,423,1700
6.002,424,1700
6.003,425,1700
6.01,426,1700
6.015,427,1700
6.024,428,1701
6.04,429,1701
6.044,430,1701
6.045,431,1701
6.049,432,1701
6.058,433,1701
6.071,434,1701
6.092,435,1707
6.117,436,1713
6.153,437,1721
6.16,438,1721
6.193,439,1722
6.195,440,1728
6.198,441,1730
6.232,442,1730
6.255,443,1730
6.259,444,1736
6.265,445,1738
6.273,446,1741
6.277,447,1741
6.291,448,1741
6.295,449,1742
6.303,450,1744
6.323,451,1745
6.341,452,1746
6.365,453,1746
6.371,454,1746
6.379,455,1746
6.396,456,1747
6.41,457,1747
6.419,458,1747
6.422,459,1747
6.426,460,1747
6.45,461,1747
6.456,462,1747
6.458,463,1747
6.458,464,1747
6.473,465,1747
6.479,466,1747
6.488,467,1748
6.501,468,1748
6.506,469,1749
6.53,470,1749
6.535,471,1749
6.538,472,1749
6.604,473,1749
6.624,474,1749
6.647,475,1749
6.667,476,1750
6.673,477,1750
6.674,478,1750
6.68,479,1750
6.683,480,1750
6.707,481,1750
6.711,482,1750
6.734,483,1750
6.738,484,1750
6.743,485,1750
6.762,486,1750
6.766,487,1751
6.774,488,1751
6.78,489,1752
6.793,490,1752
6.856,491,1752
6.892,492,1754
6.929,493,1755
6.949,494,1755
6.974,495,1756
7.014,496,1756
7.019,497,1756
7.029,498,1760
7.04,499,1760
7.05,500,1761
7.065,501,1761
7.07,502,1762
7.073,503,1762
7.079,504,1766
7.142,505,1766
7.151,506,1767
7.184,507,1767
7.216,508,1767
7.279,509,1767
7.288,510,1767
7.327,511,1768
7.333,512,1770
7.374,513,1770
7.383,514,1771
7.394,515,1772
7.396,516,1776
7.429,517,1776
7.43,518,1776
7.433,519,1777
7.442,520,1777
7.473,521,1779
7.484,522,1779
7.504,523,1779
7.508,524,1779
7.527,525,1794
7.558,526,1794
7.604,527,1795
7.622,528,1806
7.63,529,1806
7.647,530,1808
7.688,531,1808
7.72,532,1808
7.73,533,1809
7.74,534,1809
7.751,535,1809
7.77,536,1809
7.787,537,1809
7.789,538,1809
7.797,539,1809
7.851,540,1809
7.921,541,1809
7.924,542,1809
7.929,543,1809
7.93,544,1809
7.939,545,1810
7.957,546,1811
7.98,547,1811
8.006,548,1811
8.01,549,1815
8.045,550,1816
8.105,551,1817
8.111,552,1817
8.133,553,1817
8.15,554,1817
8.203,555,1818
8.223,556,1818
8.237,557,1818
8.243,558,1830
8.268,559,1830
8.279,560,1830
8.315,561,1840
8.39,562,1840
8.436,563,1840
8.444,564,1840
8.464,565,1840
8.524,566,1840
8.564,567,1844
8.597,568,1844
8.619,569,1844
8.62,570,1845
8.625,571,1847
8.644,572,1847
8.685,573,1848
8.723,574,1848
8.725,575,1849
8.738,576,1850
8.756,577,1850
8.772,578,1850
8.787,579,1850
8.795,580,1850
8.827,581,1850
8.832,582,1851
8.847,583,1851
8.855,584,1851
8.955,585,1851
8.959,586,1851
8.988,587,1851
9.029,588,1851
9.069,589,1851
9.082,590,1851
9.085,591,1851
9.139,592,1851
9.16,593,1851
9.186,594,1851
9.197,595,1851
9.205,596,1851
9.208,597,1851
9.238,598,1852
9.288,599,1852
9.336,600,1852
9.347,601,1852
9.389,602,1852
9.441,603,1852
9.46,604,1852
9.48,605,1852
9.499,606,1852
9.516,607,1852
9.572,608,1852
9.648,609,1852
9.688,610,1852
9.691,611,1852
9.693,612,1853
9.696,613,1855
9.705,614,1856
9.708,615,1856
9.716,616,1856
9.725,617,1856
9.739,618,1857
9.749,619,1857
9.756,620,1857
9.762,621,1857
9.776,622,1857
9.78,623,1857
9.798,624,1857
9.802,625,1859
9.804,626,1859
9.808,627,1861
9.838,628,1864
9.863,629,1864
9.876,630,1865
9.888,631,1867
9.891,632,1868
9.92,633,1868
9.93,634,1872
9.937,635,1873
9.964,636,1873
9.972,637,1874
10.014,638,1874
10.015,639,1874
10.019,640,1874
10.022,641,1874
10.075,642,1880
10.15,643,1880
10.156,644,1880
10.166,645,1882
10.184,646,1890
10.19,647,1891
10.206,648,1894
10.225,649,1894
10.237,650,1894
10.275,651,1895
10.319,652,1897
10.322,653,1898
10.331,654,1898
10.336,655,1899
10.374,656,1899
10.395,657,1899
10.406,658,1899
10.467,659,1899
10.483,660,1899
10.494,661,1902
10.506,662,1902
10.51,663,1903
10.523,664,1903
10.554,665,1903
10.565,666,1908
10.566,667,1908
10.569,668,1909
10.586,669,1909
10.592,670,1909
10.632,671,1909
10.769,672,1909
10.794,673,1909
11.097,674,1911
11.342,675,1912
11.357,676,1912
11.364,677,1912
11.368,678,1912
11.385,679,1912
11.388,680,1912
11.394,681,1912
11.399,682,1912
11.403,683,1912
11.41,684,1912
11.421,685,1912
11.424,686,1912
11.427,687,1912
11.429,688,1912
11.433,689,1914
11.444,690,1914
11.448,691,1915
11.452,692,1915
11.464,693,1915
11.484,694,1915
11.488,695,1915
11.498,696,1915
11.507,697,1915
11.513,698,1915
11.518,699,1915
11.524,700,1915
11.534,701,1915
11.539,702,1915
11.547,703,1915
11.556,704,1915
11.571,705,1916
11.577,706,1916
11.591,707,1930
11.596,708,1930
11.601,709,1930
11.612,710,1930
11.622,711,1932
11.624,712,1932
11.65,713,1932
11.655,714,1932
11.66,715,1932
11.669,716,1932
11.676,717,1932
11.691,718,1932
11.715,719,1933
11.725,720,1933
11.743,721,1933
11.783,722,1933
11.793,723,1933
11.805,724,1933
11.815,725,1933
11.822,726,1933
11.83,727,1933
11.855,728,1933
11.877,729,1933
11.883,730,1933
11.899,731,1933
11.904,732,1940
11.942,733,1940
11.981,734,1940
11.999,735,1940
12.015,736,1940
12.031,737,1940
12.048,738,1941
12.051,739,1943
12.055,740,1943
12.061,741,1943
12.09,742,1943
12.114,743,1943
12.13,744,1943
12.135,745,1943
12.196,746,1944
12.208,747,1945
12.214,748,1945
12.231,749,1945
12.236,750,1945
12.241,751,1945
12.246,752,1945
12.283,753,1945
12.3,754,1960
12.331,755,1963
12.36,756,1963
12.375,757,1963
12.392,758,1965
12.422,759,1965
12.428,760,1965
12.451,761,1965
12.499,762,1965
12.502,763,1965
12.54,764,1965
12.55,765,1965
12.558,766,1965
12.572,767,1965
12.61,768,1965
12.618,769,1966
12.653,770,1966
12.664,771,1966
12.671,772,1966
12.683,773,1966
12.699,774,1966
12.702,775,1966
12.709,776,1966
12.722,777,1966
12.727,778,1966
12.745,779,1966
12.755,780,1966
12.817,781,1967
12.827,782,1968
12.863,783,1968
12.902,784,1968
12.948,785,1968
12.961,786,1968
12.98,787,1968
13.027,788,1968
13.049,789,1968
13.061,790,1968
13.103,791,1968
13.111,792,1968
13.137,793,1969
13.149,794,1969
13.163,795,1970
13.218,796,1970
13.238,797,1971
13.283,798,1971
13.335,799,1971
13.394,800,1971
13.422,801,1971
13.424,802,1971
13.435,803,1971
13.488,804,1971
13.5,805,1971
13.53,806,1972
13.572,807,1977
13.673,808,1977
13.704,809,1977
13.73,810,1977
13.766,811,1977
13.771,812,1977
13.779,813,1977
13.811,814,1977
13.841,815,1977
13.902,816,1977
13.94,817,1977
13.973,818,1977
14.024,819,1980
14.071,820,1981
14.086,821,1981
14.095,822,1981
14.125,823,1981
14.138,824,1981
14.231,825,1981
14.233,826,1981
14.283,827,1981
14.304,828,1981
14.391,829,1981
14.617,830,1981
14.66,831,1981
14.742,832,1985
14.754,833,1986
14.797,834,1986
14.818,835,1986
14.823,836,1986
14.877,837,1986
15.016,838,1986
15.087,839,1986
15.097,840,1986
15.166,841,1986
15.22,842,1986
15.235,843,1986
15.24,844,1986
15.293,845,1986
15.322,846,1986
15.328,847,1986
15.334,848,1986
15.417,849,1986
15.564,850,1986
15.624,851,1986
15.731,852,1986
15.771,853,1987
15.858,854,1987
15.865,855,1987
15.891,856,1987
15.909,857,1987
15.937,858,1987
16.005,859,1988
16.008,860,1988
16.024,861,1988
16.031,862,1988
16.188,863,1988
16.198,864,1989
16.634,865,1989
16.655,866,1990
16.699,867,1991
16.751,868,1991
16.786,869,1991
16.905,870,1991
16.949,871,1991
17.009,872,1991
17.032,873,1991
17.146,874,1991
17.189,875,1991
17.214,876,1991
17.238,877,1991
17.309,878,1991
17.339,879,1991
17.385,880,1991
17.466,881,1991
17.655,882,1991
17.698,883,1991
17.794,884,1991
17.848,885,1991
17.925,886,1991
18.169,887,1997
18.22,888,2000
18.221,889,2000
18.222,890,2012
18.223,891,2020
18.375,892,2024
18.378,893,2024
18.382,894,2029
18.399,895,2030
18.405,896,2030
18.421,897,2030
18.425,898,2031
18.445,899,2033
18.452,900,2035
18.466,901,2037
18.473,902,2038
18.505,903,2039
18.514,904,2039
18.516,905,2039
18.523,906,2039
18.537,907,2039
18.553,908,2039
18.573,909,2039
18.583,910,2039
18.621,911,2039
18.646,912,2040
18.685,913,2042
18.696,914,2042
18.701,915,2042
18.72,916,2042
18.788,917,2042
18.807,918,2042
18.822,919,2042
18.848,920,2042
18.878,921,2043
18.88,922,2044
18.907,923,2044
18.911,924,2044
19.115,925,2044
19.116,926,2044
19.124,927,2046
19.158,928,2052
19.172,929,2052
19.202,930,2052
19.229,931,2052
19.246,932,2052
19.255,933,2052
19.28,934,2053
19.29,935,2053
19.331,936,2053
19.379,937,2054
19.433,938,2054
19.469,939,2054
19.54,940,2054
19.56,941,2061
19.565,942,2063
19.574,943,2063
19.58,944,2063
19.584,945,2063
19.588,946,2063
19.591,947,2063
19.605,948,2065
19.608,949,2065
19.649,950,2065
19.654,951,2065
19.711,952,2065
19.725,953,2068
19.727,954,2068
19.78,955,2068
19.784,956,2068
19.79,957,2068
19.792,958,2072
19.824,959,2072
19.864,960,2072
19.885,961,2072
19.91,962,2073
20.005,963,2073
20.018,964,2073
20.019,965,2083
20.038,966,2083
20.094,967,2083
20.118,968,2084
20.127,969,2085
20.308,970,2090
20.34,971,2090
20.403,972,2090
20.41,973,2090
20.415,974,2090
20.418,975,2090
20.432,976,2091
20.444,977,2091
20.446,978,2091
20.451,979,2091
20.465,980,2091
20.479,981,2091
20.496,982,2091
20.519,983,2091
20.537,984,2092
20.55,985,2092
20.575,986,2092
20.586,987,2094
20.592,988,2094
20.61,989,2094
20.662,990,2097
20.679,991,2097
20.689,992,2100
20.698,993,2100
20.723,994,2100
20.73,995,2100
20.751,996,2100
20.765,997,2100
20.791,998,2100
20.794,999,2106
20.851,1000,2106
20.858,1001,2106
20.86,1002,2108
20.895,1003,2108
20.899,1004,2108
20.907,1005,2108
20.913,1006,2108
20.918,1007,2112
21.0,1008,2112
21.005,1009,2112
21.006,1010,2112
21.052,1011,2113
21.096,1012,2113
21.1,1013,2113
21.11,1014,2113
21.19,1015,2113
21.29,1016,2113
21.309,1017,2113
21.535,1018,2115
21.537,1019,2115
21.549,1020,2153
21.555,1021,2153
21.564,1022,2153
21.584,1023,2153
21.609,1024,2153
21.638,1025,2154
21.643,1026,2154
21.649,1027,2156
21.761,1028,2156
21.764,1029,2156
21.796,1030,2156
21.819,1031,2156
21.875,1032,2156
21.909,1033,2156
21.977,1034,2156
21.988,1035,2156
22.023,1036,2156
22.106,1037,2156
22.356,1038,2156
22.379,1039,2157
22.522,1040,2157
22.63,1041,2157
22.631,1042,2157
22.635,1043,2158
22.664,1044,2158
22.696,1045,2158
22.714,1046,2158
22.752,1047,2158
22.767,1048,2158
22.858,1049,2158
22.984,1050,2158
22.991,1051,2158
23.075,1052,2158
23.163,1053,2158
23.216,1054,2158
23.515,1055,2158
23.591,1056,2158
23.602,1057,2158
23.666,1058,2159
23.673,1059,2159
23.681,1060,2159
23.775,1061,2159
23.822,1062,2159
23.84,1063,2159
23.88,1064,2159
23.941,1065,2160
24.003,1066,2160
24.034,1067,2161
24.082,1068,2163
24.086,1069,2163
24.091,1070,2163
24.144,1071,2163
24.15,1072,2163
24.354,1073,2163
24.494,1074,2163
24.689,1075,2163
24.701,1076,2163
24.725,1077,2163
24.732,1078,2163
24.743,1079,2163
24.755,1080,2164
24.798,1081,2164
24.94,1082,2165
25.004,1083,2165
25.082,1084,2165
25.139,1085,2166
25.524,1086,2166
25.563,1087,2167
25.83,1088,2167
25.863,1089,2167
25.906,1090,2167
25.927,1091,2167
25.943,1092,2167
26.099,1093,2167
26.134,1094,2168
26.319,1095,2168
26.426,1096,2168
26.452,1097,2168
26.512,1098,2168
26.571,1099,2168
26.982,1100,2168
27.047,1101,2168
27.117,1102,2169
27.122,1103,2169
27.154,1104,2169
27.28,1105,2178
27.363,1106,2178
27.369,1107,2178
27.375,1108,2178
27.493,1109,2178
27.582,1110,2178
27.587,1111,2178
27.594,1112,2178
27.602,1113,2178
27.621,1114,2179
27.696,1115,2184
27.814,1116,2186
27.821,1117,2186
27.983,1118,2186
27.999,1119,2196
28.121,1120,2196
28.173,1121,2196
28.225,1122,2196
28.379,1123,2198
28.532,1124,2198
28.547,1125,2198
28.654,1126,2198
28.735,1127,2198
29.019,1128,2198
29.054,1129,2200
29.264,1130,2200
29.295,1131,2200
29.616,1132,2200
29.698,1133,2204
29.984,1134,2204
30.07,1135,2204
30.083,1136,2205
30.126,1137,2205
30.2,1138,2205
30.203,1139,2205
30.207,1140,2205
30.221,1141,2205
30.23,1142,2205
30.238,1143,2205
30.242,1144,2205
30.255,1145,2205
30.274,1146,2205
30.277,1147,2205
30.3,1148,2205
30.309,1149,2207
30.319,1150,2207
30.329,1151,2207
30.348,1152,2208
30.353,1153,2208
30.358,1154,2208
30.373,1155,2208
30.376,1156,2208
30.393,1157,2208
30.437,1158,2208
30.447,1159,2208
30.459,1160,2208
30.476,1161,2208
30.507,1162,2208
30.515,1163,2208
30.542,1164,2208
30.57,1165,2208
30.579,1166,2208
30.593,1167,2208
30.61,1168,2208
30.617,1169,2208
30.654,1170,2208
30.699,1171,2208
30.722,1172,2208
30.775,1173,2210
30.832,1174,2210
30.843,1175,2210
31.0,1176,2210
31.011,1177,2210
31.058,1178,2210
31.361,1179,2210
31.418,1180,2210
31.498,1181,2211
31.513,1182,2211
31.607,1183,2212
31.729,1184,2213
32.093,1185,2213
32.198,1186,2213
32.299,1187,2213
32.455,1188,2213
32.492,1189,2213
32.658,1190,2213
32.921,1191,2213
33.058,1192,2213
33.236,1193,2213
33.315,1194,2213
33.425,1195,2213
33.586,1196,2214
33.785,1197,2214
33.791,1198,2214
33.949,1199,2214
34.089,1200,2214
34.13,1201,2214
34.46,1202,2214
34.703,1203,2214
34.774,1204,2214
34.789,1205,2214
34.915,1206,2214
34.989,1207,2214
35.192,1208,2215
35.224,1209,2215
35.451,1210,2215
35.548,1211,2215
35.628,1212,2215
36.053,1213,2215
36.282,1214,2215
36.412,1215,2219
36.554,1216,2219
36.955,1217,2219
37.116,1218,2219
37.208,1219,2219
37.303,1220,2219
37.481,1221,2219
37.545,1222,2220
37.743,1223,2220
37.954,1224,2221
37.964,1225,2221
38.069,1226,2221
38.341,1227,2221
39.176,1228,2221
39.193,1229,2221
39.229,1230,2221
39.793,1231,2221
41.217,1232,2221
41.801,1233,2221
42.382,1234,2222
42.391,1235,2222
42.564,1236,2222
42.848,1237,2222
42.948,1238,2222
43.458,1239,2222
43.549,1240,2226
43.629,1241,2226
44.074,1242,2226
44.543,1243,2231
44.573,1244,2252
44.58,1245,2252
44.606,1246,2252
44.643,1247,2252
44.762,1248,2252
44.813,1249,2252
44.841,1250,2252
44.895,1251,2253
44.907,1252,2253
44.919,1253,2253
44.997,1254,2253
45.04,1255,2254
45.083,1256,2254
45.146,1257,2254
45.203,1258,2254
45.213,1259,2255
45.22,1260,2255
45.244,1261,2255
45.262,1262,2256
45.298,1263,2257
45.32,1264,2259
45.364,1265,2259
45.559,1266,2259
45.581,1267,2259
45.595,1268,2259
45.612,1269,2261
45.74,1270,2262
45.944,1271,2262
46.08,1272,2262
46.295,1273,2262
46.303,1274,2262
46.326,1275,2262
46.454,1276,2262
46.509,1277,2262
46.568,1278,2262
46.57,1279,2262
46.581,1280,2262
46.604,1281,2262
46.704,1282,2262
46.709,1283,2262
46.902,1284,2262
46.998,1285,2262
47.149,1286,2263
47.252,1287,2263
47.288,1288,2263
47.381,1289,2263
47.474,1290,2263
47.637,1291,2263
47.652,1292,2263
47.788,1293,2263
47.815,1294,2263
48.051,1295,2263
48.167,1296,2263
48.387,1297,2263
48.402,1298,2263
48.528,1299,2270
48.534,1300,2272
48.808,1301,2272
48.812,1302,2272
48.836,1303,2272
48.841,1304,2272
48.847,1305,2273
48.852,1306,2274
48.863,1307,2274
48.874,1308,2274
48.881,1309,2274
48.897,1310,2276
48.9,1311,2277
48.974,1312,2277
48.977,1313,2277
48.983,1314,2277
49.008,1315,2277
49.077,1316,2277
49.088,1317,2277
49.152,1318,2277
49.184,1319,2277
49.201,1320,2277
49.288,1321,2278
49.301,1322,2278
49.377,1323,2278
49.397,1324,2278
49.608,1325,2278
49.716,1326,2278
49.85,1327,2278
49.925,1328,2284
49.976,1329,2284
50.072,1330,2284
50.232,1331,2284
50.237,1332,2284
50.301,1333,2285
50.304,1334,2285
50.38,1335,2285
50.499,1336,2285
50.642,1337,2285
50.701,1338,2285
50.754,1339,2285
50.889,1340,2285
50.922,1341,2285
51.127,1342,2285
51.228,1343,2285
51.636,1344,2286
51.846,1345,2287
52.186,1346,2287
52.387,1347,2287
52.641,1348,2287
53.02,1349,2287
53.37,1350,2287
53.969,1351,2287
54.014,1352,2287
54.063,1353,2287
54.09,1354,2287
54.198,1355,2287
54.221,1356,2287
54.319,1357,2287
54.405,1358,2287
54.417,1359,2287
54.537,1360,2287
54.668,1361,2287
54.802,1362,2287
54.86,1363,2287
54.949,1364,2287
54.964,1365,2287
55.074,1366,2287
55.128,1367,2287
55.241,1368,2287
55.325,1369,2287
55.882,1370,2287
55.954,1371,2287
56.386,1372,2287
56.684,1373,2287
57.502,1374,2287
57.547,1375,2287
57.921,1376,2287
58.086,1377,2288
58.109,1378,2288
58.387,1379,2288
58.39,1380,2289
58.394,1381,2289
58.399,1382,2289
58.401,1383,2289
58.602,1384,2289
58.629,1385,2289
58.647,1386,2289
58.701,1387,2289
59.054,1388,2289
60.299,1389,2289
60.303,1390,2289
60.382,1391,2289
60.387,1392,2289
60.42,1393,2289
60.699,1394,2289
60.814,1395,2290
60.943,1396,2290
61.029,1397,2291
61.198,1398,2291
61.387,1399,2291
61.422,1400,2291
61.634,1401,2291
61.655,1402,2291
61.822,1403,2291
61.826,1404,2291
61.902,1405,2291
62.191,1406,2292
62.249,1407,2292
62.251,1408,2292
62.292,1409,2292
62.304,1410,2292
62.348,1411,2292
62.38,1412,2292
62.398,1413,2292
62.408,1414,2292
62.435,1415,2292
62.456,1416,2292
62.484,1417,2292
62.528,1418,2292
63.585,1419,2292
63.959,1420,2292
64.411,1421,2292
64.415,1422,2292
64.935,1423,2292
64.991,1424,2292
65.054,1425,2292
65.259,1426,2292
65.383,1427,2292
65.543,1428,2292
65.626,1429,2292
65.7,1430,2293
65.982,1431,2293
66.095,1432,2293
66.225,1433,2293
66.237,1434,2293
66.317,1435,2293
66.356,1436,2293
66.78,1437,2293
67.42,1438,2293
67.446,1439,2293
68.076,1440,2293
68.474,1441,2293
68.681,1442,2293
68.692,1443,2293
69.416,1444,2293
69.569,1445,2293
69.575,1446,2294
69.744,1447,2294
69.9,1448,2294
70.365,1449,2294
70.384,1450,2294
70.454,1451,2294
70.49,1452,2294
70.496,1453,2294
70.498,1454,2294
70.666,1455,2294
70.691,1456,2294
70.723,1457,2294
70.888,1458,2294
70.965,1459,2294
70.972,1460,2294
71.005,1461,2294
71.024,1462,2294
71.09,1463,2294
71.218,1464,2294
71.263,1465,2294
71.725,1466,2294
72.108,1467,2294
72.164,1468,2294
72.174,1469,2294
72.217,1470,2294
72.239,1471,2294
72.281,1472,2294
72.425,1473,2294
72.506,1474,2294
72.66,1475,2294
72.946,1476,2294
73.019,1477,2294
73.193,1478,2294
73.729,1479,2294
74.995,1480,2294
75.458,1481,2296
75.464,1482,2296
75.598,1483,2297
75.622,1484,2298
75.666,1485,2299
75.755,1486,2299
75.918,1487,2300
76.026,1488,2300
76.322,1489,2300
76.781,1490,2300
76.902,1491,2300
77.006,1492,2300
77.111,1493,2300
78.027,1494,2300
78.048,1495,2300
78.16,1496,2300
78.35,1497,2307
78.388,1498,2307
79.228,1499,2307
79.789,1500,2316
79.845,1501,2316
80.582,1502,2316
80.877,1503,2316
80.882,1504,2316
80.886,1505,2316
81.076,1506,2316
81.212,1507,2317
82.313,1508,2319
82.387,1509,2319
82.443,1510,2319
82.842,1511,2319
83.26,1512,2319
83.578,1513,2319
84.771,1514,2320
85.909,1515,2320
86.164,1516,2320
86.203,1517,2320
86.325,1518,2320
86.373,1519,2320
86.703,1520,2320
87.337,1521,2320
87.774,1522,2320
87.834,1523,2320
87.846,1524,2320
87.91,1525,2321
87.966,1526,2321
87.992,1527,2321
88.031,1528,2321
88.099,1529,2321
88.411,1530,2321
88.418,1531,2321
88.42,1532,2321
88.426,1533,2321
88.435,1534,2321
88.453,1535,2323
88.455,1536,2323
88.464,1537,2323
88.473,1538,2323
88.477,1539,2323
88.481,1540,2323
88.483,1541,2324
88.533,1542,2324
88.566,1543,2324
88.591,1544,2324
88.592,1545,2325
88.603,1546,2326
88.62,1547,2326
88.627,1548,2326
88.673,1549,2326
88.716,1550,2326
88.731,1551,2326
88.74,1552,2326
88.757,1553,2326
88.781,1554,2326
88.865,1555,2326
88.917,1556,2326
88.986,1557,2326
89.069,1558,2326
89.17,1559,2326
89.206,1560,2326
89.295,1561,2326
89.314,1562,2326
89.346,1563,2326
89.384,1564,2326
89.688,1565,2326
89.809,1566,2326
90.194,1567,2326
90.85,1568,2326
91.078,1569,2327
91.165,1570,2327
91.275,1571,2327
91.452,1572,2327
91.483,1573,2327
91.842,1574,2328
93.089,1575,2328
93.295,1576,2328
93.423,1577,2328
93.652,1578,2328
93.814,1579,2329
93.862,1580,2330
93.984,1581,2331
94.139,1582,2335
94.394,1583,2335
94.479,1584,2335
94.591,1585,2338
94.871,1586,2338
94.916,1587,2339
95.1,1588,2340
95.16,1589,2340
95.351,1590,2340
95.48,1591,2340
95.848,1592,2342
96.255,1593,2342
96.311,1594,2342
96.967,1595,2342
97.214,1596,2342
97.24,1597,2342
97.283,1598,2343
97.3,1599,2344
97.332,1600,2344
97.342,1601,2344
97.521,1602,2344
97.542,1603,2344
97.584,1604,2344
97.608,1605,2345
97.674,1606,2345
97.892,1607,2345
98.072,1608,2345
98.089,1609,2346
98.201,1610,2347
98.208,1611,2347
98.344,1612,2347
98.563,1613,2347
98.845,1614,2347
98.943,1615,2347
99.22,1616,2347
99.232,1617,2347
99.354,1618,2347
99.426,1619,2347
99.911,1620,2347
100.203,1621,2347
100.477,1622,2347
101.127,1623,2347
101.403,1624,2348
101.861,1625,2348
101.928,1626,2349
101.976,1627,2349
103.162,1628,2349
104.182,1629,2349
104.622,1630,2349
104.652,1631,2349
107.299,1632,2349
107.3,1633,2349
107.302,1634,2350
107.304,1635,2350
107.31,1636,2351
107.315,1637,2355
107.316,1638,2355
107.342,1639,2355
107.348,1640,2355
107.348,1641,2355
107.356,1642,2355
107.432,1643,2355
107.65,1644,2355
107.663,1645,2356
108.626,1646,2356
108.751,1647,2356
109.068,1648,2356
109.082,1649,2356
109.251,1650,2356
109.523,1651,2356
109.908,1652,2356
110.017,1653,2357
110.5,1654,2357
110.542,1655,2359
110.773,1656,2359
110.967,1657,2360
111.0,1658,2360
111.132,1659,2360
112.106,1660,2360
113.304,1661,2360
113.495,1662,2360
113.584,1663,2360
113.906,1664,2360
114.013,1665,2360
114.129,1666,2360
114.138,1667,2360
114.388,1668,2361
114.983,1669,2361
115.28,1670,2361
115.379,1671,2361
115.403,1672,2362
115.408,1673,2362
115.502,1674,2362
115.538,1675,2362
115.703,1676,2362
116.712,1677,2362
116.731,1678,2362
116.807,1679,2362
116.864,1680,2362
116.866,1681,2362
116.875,1682,2362
116.889,1683,2362
116.901,1684,2362
116.917,1685,2362
116.968,1686,2362
116.986,1687,2362
117.242,1688,2362
117.3,1689,2362
118.11,1690,2362
118.814,1691,2362
119.229,1692,2362
119.311,1693,2362
119.313,1694,2362
119.756,1695,2362
119.757,1696,2362
119.761,1697,2362
119.792,1698,2362
119.801,1699,2362
119.815,1700,2362
119.821,1701,2362
119.88,1702,2362
119.992,1703,2362
120.021,1704,2362
120.151,1705,2362
120.187,1706,2362
120.338,1707,2362
120.429,1708,2362
120.634,1709,2362
120.941,1710,2362
120.966,1711,2364
122.475,1712,2364
123.128,1713,2364
123.446,1714,2364
123.448,1715,2364
123.465,1716,2364
124.078,1717,2364
124.262,1718,2365
125.213,1719,2366
126.4,1720,2366
126.62,1721,2366
126.623,1722,2366
126.637,1723,2366
126.643,1724,2366
126.651,1725,2366
126.772,1726,2366
126.774,1727,2366
126.784,1728,2366
127.432,1729,2366
127.711,1730,2366
127.896,1731,2366
127.911,1732,2366
127.926,1733,2368
128.17,1734,2368
128.193,1735,2368
128.383,1736,2368
128.583,1737,2368
128.707,1738,2372
128.948,1739,2372
129.099,1740,2374
129.74,1741,2374
129.973,1742,2375
131.516,1743,2375
131.689,1744,2375
131.91,1745,2375
131.923,1746,2375
131.927,1747,2375
132.024,1748,2375
132.307,1749,2375
132.313,1750,2375
132.317,1751,2375
132.363,1752,2375
132.527,1753,2375
132.537,1754,2375
132.68,1755,2375
133.178,1756,2375
133.47,1757,2375
133.745,1758,2375
134.347,1759,2375
134.37,1760,2375
136.689,1761,2375
137.076,1762,2375
137.235,1763,2375
137.385,1764,2375
137.865,1765,2375
138.455,1766,2375
139.771,1767,2375
139.932,1768,2375
140.022,1769,2375
140.265,1770,2375
140.689,1771,2375
140.813,1772,2375
140.889,1773,2375
140.894,1774,2375
140.995,1775,2375
141.0,1776,2375
141.492,1777,2375
142.012,1778,2375
142.471,1779,2375
143.098,1780,2375
143.376,1781,2375
143.386,1782,2375
143.828,1783,2375
144.138,1784,2375
144.201,1785,2375
144.463,1786,2375
144.849,1787,2375
145.282,1788,2375
145.469,1789,2375
145.567,1790,2375
145.906,1791,2375
146.565,1792,2375
146.842,1793,2375
146.953,1794,2375
147.173,1795,2375
147.224,1796,2375
147.248,1797,2375
147.321,1798,2375
147.33,1799,2375
147.359,1800,2375
147.368,1801,2375
147.428,1802,2375
147.831,1803,2375
147.922,1804,2375
148.428,1805,2376
148.521,1806,2376
148.542,1807,2376
148.597,1808,2376
148.806,1809,2376
149.062,1810,2376
149.118,1811,2376
149.219,1812,2376
149.417,1813,2377
149.993,1814,2377
150.005,1815,2381
150.051,1816,2381
150.107,1817,2381
150.186,1818,2381
150.271,1819,2381
150.343,1820,2381
150.568,1821,2381
150.731,1822,2381
150.755,1823,2381
150.806,1824,2382
150.888,1825,2382
151.243,1826,2382
152.944,1827,2382
154.063,1828,2384
154.165,1829,2384
154.757,1830,2384
154.918,1831,2384
155.104,1832,2384
156.292,1833,2384
157.35,1834,2384
157.384,1835,2384
157.561,1836,2384
157.946,1837,2384
158.864,1838,2384
159.24,1839,2384
159.332,1840,2385
159.625,1841,2385
160.392,1842,2385
160.567,1843,2385
163.015,1844,2385
163.1,1845,2385
164.387,1846,2385
164.393,1847,2385
164.397,1848,2385
164.418,1849,2390
164.44,1850,2393
164.768,1851,2394
164.907,1852,2394
165.222,1853,2394
165.348,1854,2397
165.638,1855,2406
165.995,1856,2407
167.091,1857,2407
169.142,1858,2407
169.154,1859,2407
169.558,1860,2408
169.601,1861,2408
169.637,1862,2408
169.861,1863,2408
170.033,1864,2408
170.064,1865,2408
170.067,1866,2408
170.718,1867,2408
170.735,1868,2409
170.905,1869,2409
171.05,1870,2409
171.22,1871,2409
171.237,1872,2409
171.287,1873,2409
171.516,1874,2409
171.81,1875,2409
172.062,1876,2409
172.416,1877,2409
173.472,1878,2409
173.884,1879,2409
174.247,1880,2409
174.26,1881,2409
174.698,1882,2409
174.761,1883,2409
174.884,1884,2409
175.331,1885,2409
175.351,1886,2410
175.438,1887,2410
175.833,1888,2410
176.478,1889,2410
176.549,1890,2410
176.563,1891,2410
177.601,1892,2410
177.615,1893,2410
177.743,1894,2410
177.816,1895,2410
178.3,1896,2410
178.756,1897,2410
178.855,1898,2410
179.002,1899,2410
179.653,1900,2411
179.698,1901,2411
179.998,1902,2411
180.193,1903,2411
180.636,1904,2411
180.949,1905,2411
182.304,1906,2411
184.818,1907,2411
185.085,1908,2411
186.636,1909,2411
186.842,1910,2411
187.152,1911,2411
187.203,1912,2411
188.176,1913,2411
194.812,1914,2411
196.237,1915,2412
196.322,1916,2412
196.462,1917,2412
197.039,1918,2412
197.783,1919,2412
198.489,1920,2412
198.994,1921,2412
199.182,1922,2412
200.301,1923,2412
200.899,1924,2412
203.353,1925,2412
206.115,1926,2412
206.539,1927,2412
207.546,1928,2412
207.612,1929,2412
208.269,1930,2413
208.291,1931,2413
208.312,1932,2413
208.427,1933,2417
208.651,1934,2418
208.986,1935,2418
209.384,1936,2419
210.833,1937,2419
211.799,1938,2419
211.824,1939,2419
212.346,1940,2419
212.936,1941,2419
213.34,1942,2419
213.592,1943,2419
215.429,1944,2419
215.529,1945,2419
216.429,1946,2419
216.963,1947,2419
217.647,1948,2420
222.377,1949,2420
222.411,1950,2420
222.467,1951,2420
222.487,1952,2420
222.509,1953,2420
222.744,1954,2420
222.951,1955,2420
223.082,1956,2420
223.226,1957,2420
223.368,1958,2420
223.468,1959,2420
223.675,1960,2420
223.837,1961,2420
224.746,1962,2420
224.87,1963,2420
224.91,1964,2420
225.215,1965,2420
225.587,1966,2420
227.5,1967,2420
228.492,1968,2420
230.303,1969,2420
230.813,1970,2420
230.87,1971,2420
231.526,1972,2420
231.858,1973,2420
232.152,1974,2420
232.78,1975,2420
233.169,1976,2420
233.601,1977,2420
233.721,1978,2420
236.256,1979,2420
236.295,1980,2420
236.563,1981,2420
240.661,1982,2420
240.697,1983,2420
241.506,1984,2420
241.932,1985,2436
242.011,1986,2436
242.335,1987,2436
242.455,1988,2436
242.809,1989,2436
243.264,1990,2436
244.886,1991,2436
245.968,1992,2436
247.068,1993,2436
247.073,1994,2436
247.152,1995,2436
247.321,1996,2436
247.836,1997,2436
249.129,1998,2436
250.656,1999,2436
251.998,2000,2436
252.021,2001,2436
252.082,2002,2436
252.087,2003,2436
252.089,2004,2436
252.118,2005,2437
252.206,2006,2437
252.31,2007,2437
252.373,2008,2437
252.443,2009,2437
252.578,2010,2437
252.593,2011,2437
252.862,2012,2437
255.046,2013,2437
255.166,2014,2437
255.375,2015,2437
255.568,2016,2437
256.978,2017,2437
258.495,2018,2437
263.749,2019,2437
266.473,2020,2437
267.88,2021,2437
268.245,2022,2437
268.612,2023,2437
268.656,2024,2437
268.691,2025,2437
268.734,2026,2437
269.031,2027,2437
272.008,2028,2437
273.046,2029,2437
275.719,2030,2437
276.082,2031,2437
276.824,2032,2437
276.886,2033,2437
276.934,2034,2437
276.998,2035,2437
277.028,2036,2437
277.201,2037,2437
277.485,2038,2437
278.389,2039,2437
280.049,2040,2437
282.53,2041,2437
283.824,2042,2437
283.872,2043,2437
284.254,2044,2437
285.526,2045,2437
286.236,2046,2437
286.986,2047,2437
287.07,2048,2437
287.167,2049,2437
289.554,2050,2449
289.572,2051,2449
289.619,2052,2449
289.622,2053,2450
289.966,2054,2450
290.002,2055,2451
290.02,2056,2451
290.274,2057,2451
290.289,2058,2451
290.425,2059,2451
291.808,2060,2451
291.843,2061,2451
292.892,2062,2451
294.585,2063,2452
294.656,2064,2452
294.719,2065,2452
294.726,2066,2452
294.752,2067,2455
294.791,2068,2456
295.302,2069,2456
295.647,2070,2456
295.945,2071,2456
296.171,2072,2456
296.548,2073,2456
297.196,2074,2456
297.551,2075,2456
297.722,2076,2456
303.807,2077,2456
303.839,2078,2456
303.869,2079,2457
304.031,2080,2457
304.152,2081,2457
304.23,2082,2457
304.279,2083,2457
305.683,2084,2457
309.123,2085,2458
309.338,2086,2458
309.382,2087,2459
309.384,2088,2460
309.388,2089,2460
309.449,2090,2460
309.46,2091,2460
309.508,2092,2461
309.642,2093,2461
309.771,2094,2461
310.267,2095,2461
310.321,2096,2461
310.454,2097,2462
312.677,2098,2462
313.335,2099,2462
313.484,2100,2462
314.731,2101,2463
315.29,2102,2463
316.757,2103,2463
316.808,2104,2463
316.835,2105,2463
317.088,2106,2463
317.111,2107,2463
317.396,2108,2463
317.691,2109,2463
317.853,2110,2463
317.911,2111,2463
318.106,2112,2463
318.808,2113,2463
319.241,2114,2463
319.481,2115,2463
319.927,2116,2463
321.064,2117,2463
321.086,2118,2463
321.42,2119,2463
321.611,2120,2463
322.876,2121,2463
323.224,2122,2463
323.285,2123,2463
325.415,2124,2463
329.061,2125,2463
330.105,2126,2463
330.198,2127,2463
330.217,2128,2463
330.27,2129,2463
330.289,2130,2463
330.745,2131,2463
331.026,2132,2463
331.029,2133,2463
331.466,2134,2463
332.225,2135,2463
332.261,2136,2463
333.126,2137,2463
334.306,2138,2463
335.007,2139,2463
335.086,2140,2463
336.37,2141,2463
338.084,2142,2463
341.231,2143,2463
341.476,2144,2463
343.18,2145,2463
343.211,2146,2463
343.405,2147,2463
343.455,2148,2463
344.549,2149,2463
346.29,2150,2463
346.484,2151,2463
346.649,2152,2463
346.911,2153,2463
350.31,2154,2464
355.875,2155,2464
358.522,2156,2464
358.884,2157,2464
360.845,2158,2464
360.857,2159,2464
361.543,2160,2464
361.574,2161,2464
361.7,2162,2464
363.902,2163,2464
380.023,2164,2464
381.43,2165,2464
383.305,2166,2464
383.412,2167,2464
386.319,2168,2464
386.652,2169,2464
386.967,2170,2464
387.504,2171,2464
387.743,2172,2464
388.206,2173,2464
388.4,2174,2464
390.971,2175,2464
403.944,2176,2464
404.39,2177,2464
404.615,2178,2464
404.754,2179,2464
404.886,2180,2464
404.987,2181,2464
405.109,2182,2464
405.351,2183,2464
406.031,2184,2464
406.285,2185,2464
409.063,2186,2464
409.728,2187,2464
410.909,2188,2464
411.645,2189,2464
411.819,2190,2464
413.29,2191,2464
414.153,2192,2464
421.685,2193,2464
422.43,2194,2464
427.128,2195,2464
429.26,2196,2464
429.371,2197,2464
439.244,2198,2464
443.329,2199,2464
443.382,2200,2464
446.996,2201,2464
448.567,2202,2464
452.021,2203,2464
457.594,2204,2464
471.334,2205,2464
475.204,2206,2464
475.319,2207,2464
478.683,2208,2464
478.811,2209,2464
478.963,2210,2464
479.045,2211,2464
479.201,2212,2464
480.2,2213,2464
480.482,2214,2464
480.881,2215,2464
481.836,2216,2464
482.368,2217,2464
483.649,2218,2464
487.502,2219,2464
489.083,2220,2464
494.374,2221,2464
494.41,2222,2464
494.434,2223,2464
496.216,2224,2464
496.327,2225,2464
496.495,2226,2464
499.465,2227,2464
500.047,2228,2464
500.134,2229,2464
500.249,2230,2464
501.982,2231,2464
502.327,2232,2464
502.625,2233,2464
510.557,2234,2464
510.582,2235,2464
510.588,2236,2464
510.69,2237,2464
510.741,2238,2464
512.521,2239,2464
512.523,2240,2464
512.992,2241,2466
513.014,2242,2466
513.067,2243,2466
513.094,2244,2467
513.116,2245,2467
513.364,2246,2467
514.307,2247,2467
514.377,2248,2467
514.598,2249,2467
514.989,2250,2467
515.085,2251,2467
515.382,2252,2467
515.45,2253,2467
515.511,2254,2467
515.861,2255,2467
517.684,2256,2467
517.692,2257,2469
518.111,2258,2469
518.187,2259,2469
518.258,2260,2469
522.256,2261,2469
523.197,2262,2469
524.448,2263,2469
525.203,2264,2469
545.528,2265,2469
548.195,2266,2469
549.149,2267,2469
550.243,2268,2469
552.073,2269,2469
554.969,2270,2469
557.357,2271,2469
557.672,2272,2469
557.685,2273,2469
561.294,2274,2469
561.308,2275,2469
561.351,2276,2469
561.356,2277,2469
561.364,2278,2469
561.466,2279,2469
561.5,2280,2469
562.197,2281,2469
562.617,2282,2469
562.707,2283,2469
562.809,2284,2469
563.228,2285,2469
563.528,2286,2470
565.526,2287,2470
575.637,2288,2470
579.561,2289,2470
581.464,2290,2471
582.173,2291,2471
582.444,2292,2471
582.493,2293,2471
582.522,2294,2471
584.551,2295,2471
585.62,2296,2471
588.833,2297,2471
589.656,2298,2471
589.746,2299,2471
597.97,2300,2471
598.357,2301,2471
599.563,2302,2471
599.61,2303,2471
599.99,2304,2471
600.814,2305,2471
603.247,2306,2471
605.404,2307,2471
605.483,2308,2471
605.742,2309,2471
607.132,2310,2471
607.166,2311,2471
607.173,2312,2471
607.181,2313,2471
607.187,2314,2471
607.262,2315,2471
607.346,2316,2471
607.439,2317,2471
607.635,2318,2471
609.037,2319,2471
611.482,2320,2471
613.279,2321,2471
616.757,2322,2471
619.158,2323,2471
619.767,2324,2471
620.486,2325,2471
621.993,2326,2471
623.75,2327,2471
633.343,2328,2471
634.304,2329,2471
636.13,2330,2471
636.28,2331,2489
637.155,2332,2489
640.463,2333,2492
640.786,2334,2492
647.918,2335,2492
658.096,2336,2498
658.133,2337,2498
663.294,2338,2498
665.24,2339,2499
665.355,2340,2499
665.48,2341,2499
665.498,2342,2499
665.577,2343,2499
665.602,2344,2499
666.226,2345,2499
666.643,2346,2499
668.705,2347,2499
668.877,2348,2499
669.045,2349,2500
669.117,2350,2500
670.998,2351,2500
673.543,2352,2500
673.604,2353,2500
678.423,2354,2500
679.436,2355,2500
690.405,2356,2500
706.213,2357,2500
713.796,2358,2500
724.15,2359,2500
724.882,2360,2504
732.557,2361,2504
732.689,2362,2544
733.282,2363,2545
733.3,2364,2545
733.348,2365,2545
733.377,2366,2545
733.382,2367,2546
733.389,2368,2547
733.393,2369,2548
733.398,2370,2548
733.406,2371,2548
733.414,2372,2548
733.423,2373,2551
733.43,2374,2553
733.443,2375,2553
733.473,2376,2555
733.48,2377,2555
733.488,2378,2557
733.497,2379,2559
733.532,2380,2559
733.598,2381,2559
733.624,2382,2560
733.68,2383,2560
733.699,2384,2562
733.709,2385,2562
733.747,2386,2563
733.873,2387,2563
733.875,2388,2563
733.905,2389,2563
733.921,2390,2563
733.932,2391,2563
733.975,2392,2563
734.04,2393,2565
734.069,2394,2565
734.077,2395,2571
734.109,2396,2571
734.385,2397,2571
734.424,2398,2573
734.481,2399,2574
734.501,2400,2576
734.677,2401,2576
734.768,2402,2577
734.835,2403,2578
735.098,2404,2579
735.156,2405,2579
735.255,2406,2579
735.412,2407,2579
735.468,2408,2582
735.679,2409,2582
735.804,2410,2584
736.165,2411,2584
736.249,2412,2584
736.332,2413,2584
736.868,2414,2584
737.428,2415,2584
737.47,2416,2584
737.817,2417,2584
737.936,2418,2584
738.045,2419,2585
738.182,2420,2585
738.307,2421,2585
738.407,2422,2585
738.577,2423,2585
738.726,2424,2586
741.661,2425,2587
741.714,2426,2587
741.732,2427,2587
741.782,2428,2587
742.082,2429,2587
742.256,2430,2587
742.267,2431,2587
742.51,2432,2588
743.208,2433,2588
743.272,2434,2588
743.369,2435,2589
743.523,2436,2589
743.555,2437,2589
743.835,2438,2589
743.958,2439,2589
744.073,2440,2590
744.365,2441,2590
744.715,2442,2590
744.847,2443,2590
745.514,2444,2590
746.754,2445,2590
747.181,2446,2594
747.184,2447,2594
747.435,2448,2594
747.996,2449,2594
748.095,2450,2594
748.104,2451,2594
748.137,2452,2594
748.577,2453,2596
748.682,2454,2596
749.449,2455,2602
750.212,2456,2602
750.882,2457,2602
751.237,2458,2603
751.716,2459,2617
752.871,2460,2617
755.807,2461,2617
756.1,2462,2617
757.186,2463,2617
760.171,2464,2617
761.411,2465,2618
761.425,2466,2618
761.477,2467,2618
761.543,2468,2619
761.663,2469,2619
761.784,2470,2619
761.855,2471,2621
763.357,2472,2622
765.634,2473,2622
765.816,2474,2622
765.886,2475,2622
767.355,2476,2622
767.821,2477,2622
768.369,2478,2622
768.447,2479,2622
769.913,2480,2622
770.016,2481,2623
770.065,2482,2623
770.383,2483,2623
770.475,2484,2623
771.127,2485,2623
771.2,2486,2623
775.004,2487,2624
777.386,2488,2624
780.954,2489,2624
781.01,2490,2624
781.207,2491,2624
787.219,2492,2624
787.258,2493,2624
791.774,2494,2624
793.973,2495,2624
793.981,2496,2624
794.029,2497,2624
794.273,2498,2624
794.663,2499,2624
796.388,2500,2640
797.615,2501,2640
797.617,2502,2640
797.62,2503,2640
797.622,2504,2640
797.841,2505,2641
798.007,2506,2641
799.624,2507,2641
799.845,2508,2641
804.317,2509,2642
804.389,2510,2642
804.563,2511,2642
806.054,2512,2642
806.309,2513,2642
809.34,2514,2642
812.19,2515,2642
817.064,2516,2642
817.433,2517,2642
817.662,2518,2642
818.521,2519,2642
819.568,2520,2642
819.885,2521,2642
822.046,2522,2642
824.264,2523,2642
824.671,2524,2642
825.213,2525,2642
827.498,2526,2642
828.974,2527,2642
830.062,2528,2642
830.815,2529,2642
838.794,2530,2642
849.819,2531,2642
852.204,2532,2642
854.187,2533,2642
855.909,2534,2642
856.86,2535,2643
860.902,2536,2643
863.157,2537,2643
863.606,2538,2643
865.485,2539,2643
865.803,2540,2643
866.341,2541,2643
866.39,2542,2643
867.627,2543,2643
869.501,2544,2645
875.443,2545,2645
880.475,2546,2645
880.716,2547,2645
882.756,2548,2645
884.057,2549,2645
884.281,2550,2645
884.337,2551,2645
884.406,2552,2645
885.44,2553,2645
886.699,2554,2645
887.497,2555,2645
896.884,2556,2645
898.753,2557,2645
899.081,2558,2645
899.904,2559,2645
900.01,2560,2645
900.339,2561,2645
901.207,2562,2645
904.302,2563,2645
906.617,2564,2645
907.346,2565,2645
920.08,2566,2645
921.588,2567,2645
923.184,2568,2645
923.205,2569,2645
923.679,2570,2645
923.815,2571,2645
923.838,2572,2645
923.847,2573,2645
923.852,2574,2645
923.854,2575,2645
923.868,2576,2645
923.893,2577,2645
923.918,2578,2645
923.96,2579,2645
923.974,2580,2645
924.005,2581,2645
924.017,2582,2645
924.213,2583,2645
924.534,2584,2645
924.617,2585,2645
924.905,2586,2645
924.98,2587,2645
925.236,2588,2645
925.313,2589,2645
929.113,2590,2646
930.1,2591,2646
930.226,2592,2646
930.58,2593,2646
930.639,2594,2646
934.075,2595,2646
934.103,2596,2646
934.441,2597,2646
934.519,2598,2646
937.226,2599,2646
937.403,2600,2647
937.83,2601,2647
937.878,2602,2647
937.952,2603,2647
938.128,2604,2647
938.246,2605,2647
938.618,2606,2647
945.628,2607,2648
946.829,2608,2649
948.544,2609,2649
948.6,2610,2649
948.825,2611,2649
948.867,2612,2649
949.463,2613,2649
959.959,2614,2649
960.353,2615,2650
966.203,2616,2650
966.225,2617,2650
966.253,2618,2650
966.455,2619,2650
971.282,2620,2650
971.283,2621,2650
976.708,2622,2650
978.361,2623,2650
978.788,2624,2650
979.304,2625,2650
979.884,2626,2650
980.077,2627,2650
980.302,2628,2650
980.789,2629,2650
981.334,2630,2650
981.707,2631,2650
983.105,2632,2650
983.51,2633,2650
985.464,2634,2650
985.489,2635,2650
985.509,2636,2650
986.412,2637,2650
987.419,2638,2650
988.836,2639,2650
988.953,2640,2650
989.058,2641,2650
989.18,2642,2650
989.954,2643,2650
990.133,2644,2650
991.238,2645,2650
991.384,2646,2650
993.565,2647,2650
994.162,2648,2650
994.253,2649,2650
995.387,2650,2650
996.64,2651,2650
997.68,2652,2650
998.119,2653,2650
999.037,2654,2650
999.566,2655,2650
999.807,2656,2650
1000.337,2657,2650
1000.646,2658,2650
1001.402,2659,2650
1002.557,2660,2650
1004.275,2661,2650
1005.719,2662,2650
1008.217,2663,2650
1008.27,2664,2650
1008.283,2665,2650
1012.364,2666,2650
1012.589,2667,2650
1012.704,2668,2650
1012.853,2669,2650
1013.024,2670,2650
1013.373,2671,2650
1016.441,2672,2650
1017.174,2673,2650
1017.759,2674,2650
1023.502,2675,2650
1023.766,2676,2650
1023.815,2677,2650
1023.985,2678,2650
1024.239,2679,2650
1026.664,2680,2650
1026.89,2681,2650
1027.238,2682,2650
1033.677,2683,2650
1035.719,2684,2650
1035.933,2685,2650
1036.005,2686,2650
1036.934,2687,2650
1037.247,2688,2650
1038.227,2689,2650
1038.509,2690,2650
1040.455,2691,2650
1049.434,2692,2650
1056.939,2693,2650
1056.993,2694,2650
1057.016,2695,2650
1057.099,2696,2650
1057.293,2697,2650
1057.435,2698,2650
1057.786,2699,2650
1057.853,2700,2650
1057.918,2701,2650
1058.057,2702,2650
1058.965,2703,2650
1059.8,2704,2650
1062.136,2705,2650
1063.846,2706,2650
1063.902,2707,2650
1064.865,2708,2650
1065.393,2709,2650
1066.278,2710,2650
1066.671,2711,2650
1068.987,2712,2650
1069.454,2713,2650
1071.363,2714,2650
1072.06,2715,2650
1076.002,2716,2650
1079.945,2717,2650
1087.167,2718,2650
1087.901,2719,2650
1088.541,2720,2650
1088.632,2721,2650
1090.727,2722,2650
1100.922,2723,2650
1102.918,2724,2651
1110.626,2725,2651
1111.179,2726,2651
1111.363,2727,2651
1111.462,2728,2651
1112.271,2729,2651
1113.469,2730,2651
1114.956,2731,2651
1115.808,2732,2651
1118.162,2733,2651
1122.346,2734,2651
1122.589,2735,2651
1140.567,2736,2651
1142.768,2737,2651
1145.821,2738,2651
1147.04,2739,2651
1148.058,2740,2651
1165.385,2741,2651
1165.393,2742,2651
1165.471,2743,2651
1169.194,2744,2651
1169.232,2745,2651
1173.271,2746,2651
1173.329,2747,2651
1173.493,2748,2651
1173.558,2749,2651
1175.795,2750,2651
1176.833,2751,2651
1182.26,2752,2651
1189.74,2753,2651
1194.138,2754,2651
1199.689,2755,2651
1202.939,2756,2651
1212.032,2757,2651
1215.636,2758,2651
1215.996,2759,2651
1216.359,2760,2651
1216.926,2761,2651
1217.001,2762,2651
1217.547,2763,2651
1217.845,2764,2651
1217.93,2765,2651
1218.605,2766,2651
1218.722,2767,2651
1218.962,2768,2651
1220.493,2769,2651
1221.149,2770,2651
1221.804,2771,2651
1229.242,2772,2651
1229.246,2773,2651
1229.315,2774,2651
1229.51,2775,2651
1231.366,2776,2651
1231.71,2777,2651
1231.765,2778,2651
1232.601,2779,2651
1232.719,2780,2652
1233.675,2781,2652
1234.304,2782,2652
1234.582,2783,2652
1235.031,2784,2652
1235.609,2785,2652
1242.593,2786,2652
1243.198,2787,2652
1243.349,2788,2652
1245.444,2789,2652
1249.168,2790,2652
1250.348,2791,2652
1252.697,2792,2652
1261.369,2793,2652
1262.064,2794,2652
1263.629,2795,2652
1264.974,2796,2652
1302.589,2797,2652
1302.989,2798,2652
1303.03,2799,2652
1303.105,2800,2652
1303.239,2801,2652
1303.608,2802,2652
1304.163,2803,2652
1304.682,2804,2652
1305.483,2805,2652
1310.814,2806,2652
1310.84,2807,2652
1311.399,2808,2652
1320.639,2809,2652
1322.04,2810,2652
1325.351,2811,2652
1325.363,2812,2652
1325.791,2813,2652
1340.297,2814,2652
1346.455,2815,2652
1349.181,2816,2652
1349.275,2817,2652
1349.536,2818,2652
1349.847,2819,2652
1349.864,2820,2652
1350.006,2821,2652
1350.801,2822,2652
1351.147,2823,2652
1351.164,2824,2652
1351.197,2825,2652
1351.256,2826,2652
1351.69,2827,2652
1351.815,2828,2652
1352.745,2829,2652
1353.762,2830,2652
1355.276,2831,2652
1356.54,2832,2652
1359.91,2833,2652
1365.269,2834,2667
1367.493,2835,2669
1368.023,2836,2670
1368.885,2837,2670
1368.96,2838,2671
1369.229,2839,2671
1370.894,2840,2671
1371.52,2841,2675
1371.576,2842,2675
1371.627,2843,2675
1371.884,2844,2675
1371.959,2845,2675
1372.308,2846,2675
1372.503,2847,2675
1372.527,2848,2676
1372.562,2849,2678
1373.192,2850,2680
1377.894,2851,2680
1377.955,2852,2680
1379.463,2853,2683
1379.679,2854,2684
1380.368,2855,2684
1380.489,2856,2684
1384.299,2857,2684
1385.492,2858,2684
1391.696,2859,2684
1391.723,2860,2684
1395.837,2861,2684
1398.273,2862,2684
1398.322,2863,2684
1398.504,2864,2684
1400.477,2865,2684
1401.951,2866,2685
1402.071,2867,2685
1402.109,2868,2685
1402.61,2869,2685
1403.399,2870,2687
1403.974,2871,2687
1404.354,2872,2687
1405.598,2873,2687
1406.632,2874,2688
1408.698,2875,2688
1411.915,2876,2688
1422.85,2877,2688
1426.393,2878,2688
1426.711,2879,2688
1427.152,2880,2688
1430.281,2881,2688
1431.572,2882,2688
1439.664,2883,2688
1440.16,2884,2688
1440.329,2885,2688
1440.932,2886,2688
1441.112,2887,2688
1441.324,2888,2688
1442.802,2889,2688
1446.39,2890,2688
1450.51,2891,2689
1452.454,2892,2689
1455.695,2893,2689
1462.785,2894,2689
1463.08,2895,2689
1466.817,2896,2689
1474.127,2897,2689
1474.331,2898,2689
1474.559,2899,2689
1475.624,2900,2689
1480.755,2901,2689
1480.832,2902,2689
1482.557,2903,2689
1484.97,2904,2689
1485.082,2905,2689
1489.283,2906,2689
1490.833,2907,2689
1491.288,2908,2689
1492.193,2909,2689
1506.317,2910,2689
1519.068,2911,2689
1519.287,2912,2689
1519.333,2913,2689
1521.189,2914,2689
1522.542,2915,2689
1525.677,2916,2689
1525.708,2917,2689
1525.791,2918,2689
1526.118,2919,2689
1527.401,2920,2689
1527.403,2921,2689
1528.034,2922,2689
1529.18,2923,2689
1529.304,2924,2689
1532.397,2925,2689
1532.408,2926,2689
1532.444,2927,2689
1532.816,2928,2689
1533.022,2929,2689
1533.721,2930,2689
1533.915,2931,2689
1535.148,2932,2689
1536.096,2933,2689
1541.249,2934,2689
1541.348,2935,2689
1541.493,2936,2689
1541.666,2937,2689
1541.692,2938,2689
1541.908,2939,2689
1543.364,2940,2689
1544.217,2941,2689
1544.513,2942,2689
1547.387,2943,2689
1555.557,2944,2689
1556.755,2945,2689
1556.874,2946,2689
1556.955,2947,2689
1569.844,2948,2689
1570.038,2949,2689
1576.514,2950,2689
1576.864,2951,2689
1578.794,2952,2689
1581.101,2953,2689
1581.277,2954,2689
1581.413,2955,2689
1582.494,2956,2689
1582.765,2957,2689
1582.877,2958,2690
1586.619,2959,2690
1601.153,2960,2690
1604.748,2961,2690
1606.536,2962,2690
1608.656,2963,2690
1608.831,2964,2690
1609.205,2965,2690
1609.385,2966,2690
1611.684,2967,2690
1612.775,2968,2690
1617.128,2969,2690
1624.041,2970,2690
1628.707,2971,2690
1641.419,2972,2690
1641.982,2973,2690
1641.995,2974,2690
1641.999,2975,2690
1642.286,2976,2690
1642.617,2977,2690
1642.857,2978,2691
1643.057,2979,2691
1643.309,2980,2691
1646.344,2981,2691
1655.779,2982,2691
1655.988,2983,2691
1664.246,2984,2694
1664.258,2985,2694
1664.323,2986,2694
1664.545,2987,2694
1664.786,2988,2694
1664.959,2989,2694
1665.293,2990,2694
1665.311,2991,2694
1666.372,2992,2694
1666.509,2993,2694
1666.543,2994,2694
1666.678,2995,2694
1666.777,2996,2694
1666.824,2997,2694
1666.839,2998,2694
1667.073,2999,2694
1667.247,3000,2694
1668.209,3001,2694
1668.603,3002,2694
1668.693,3003,2694
1670.286,3004,2694
1673.383,3005,2694
1687.431,3006,2694
1687.488,3007,2694
1687.606,3008,2694
1687.922,3009,2694
1688.809,3010,2694
1689.545,3011,2694
1689.973,3012,2694
1696.523,3013,2694
1718.379,3014,2694
1718.52,3015,2694
1718.722,3016,2694
1719.227,3017,2694
1732.463,3018,2694
1734.574,3019,2694
1736.171,3020,2694
1744.81,3021,2694
1749.62,3022,2694
1765.326,3023,2694
1765.396,3024,2694
1773.511,3025,2694
1778.034,3026,2694
1778.072,3027,2694
1778.118,3028,2694
1780.141,3029,2694
1780.968,3030,2694
1781.069,3031,2694
1781.121,3032,2694
1782.223,3033,2694
1786.591,3034,2694
1786.612,3035,2694
1786.819,3036,2694
1787.09,3037,2694
1787.298,3038,2694
1787.719,3039,2694
1788.274,3040,2694
1797.2,3041,2694
1797.769,3042,2694
1797.908,3043,2694
1798.06,3044,2694
1798.073,3045,2694
1798.198,3046,2694
1798.639,3047,2694
1800.372,3048,2694
1802.255,3049,2695
1808.868,3050,2695
1808.923,3051,2695
1814.62,3052,2695
1816.931,3053,2695
1817.146,3054,2695
1817.488,3055,2695
1818.491,3056,2695
1819.094,3057,2695
1820.913,3058,2695
1821.396,3059,2695
1822.464,3060,2695
1823.049,3061,2695
1825.344,3062,2695
1825.546,3063,2695
1828.555,3064,2695
1837.796,3065,2695
1841.904,3066,2695
1851.94,3067,2695
1858.383,3068,2695
1877.36,3069,2695
1878.516,3070,2696
1879.061,3071,2696
1883.353,3072,2696
1895.036,3073,2696
1895.048,3074,2696
1895.215,3075,2696
1896.596,3076,2696
1896.623,3077,2696
1896.634,3078,2696
1896.833,3079,2696
1897.265,3080,2696
1897.346,3081,2696
1897.508,3082,2696
1897.853,3083,2696
1898.078,3084,2696
1903.49,3085,2696
1903.598,3086,2696
1921.255,3087,2696
1921.449,3088,2696
1926.453,3089,2696
1930.615,3090,2696
1937.271,3091,2696
1942.934,3092,2696
1947.12,3093,2696
1948.075,3094,2696
1948.133,3095,2696
1948.153,3096,2696
1948.321,3097,2696
1948.348,3098,2696
1948.391,3099,2696
1948.443,3100,2696
1948.705,3101,2696
1949.96,3102,2696
1950.001,3103,2696
1950.425,3104,2696
1950.559,3105,2696
1955.708,3106,2696
1956.021,3107,2696
1983.2,3108,2696
1989.704,3109,2696
1990.403,3110,2696
1990.71,3111,2696
1991.652,3112,2696
1992.19,3113,2696
1992.674,3114,2696
2009.022,3115,2696
2033.223,3116,2696
2042.796,3117,2696
2046.75,3118,2697
2046.77,3119,2697
2047.11,3120,2697
2048.14,3121,2697
2048.508,3122,2697
2054.91,3123,2697
2055.051,3124,2697
2055.268,3125,2697
2055.513,3126,2697
2055.883,3127,2697
2055.906,3128,2697
2056.405,3129,2697
2056.609,3130,2697
2056.805,3131,2697
2057.126,3132,2697
2067.474,3133,2697
2072.606,3134,2697
2072.66,3135,2697
2073.835,3136,2697
2078.057,3137,2697
2084.879,3138,2697
2109.635,3139,2697
2109.709,3140,2697
2110.016,3141,2697
2129.519,3142,2697
2129.674,3143,2697
2129.946,3144,2697
2144.291,3145,2697
2144.334,3146,2697
2144.414,3147,2697
2144.551,3148,2697
2144.737,3149,2697
2145.129,3150,2697
2145.189,3151,2697
2147.697,3152,2697
2150.218,3153,2697
2150.396,3154,2697
2152.283,3155,2697
2154.341,3156,2697
2154.494,3157,2697
2157.071,3158,2697
2157.592,3159,2697
2160.131,3160,2697
2160.933,3161,2697
2163.09,3162,2697
2164.09,3163,2697
2169.264,3164,2697
2172.306,3165,2697
2174.181,3166,2697
2189.117,3167,2697
2189.171,3168,2697
2191.886,3169,2697
2191.918,3170,2697
2192.016,3171,2697
2208.966,3172,2697
2212.525,3173,2697
2229.605,3174,2697
2232.108,3175,2697
2247.953,3176,2697
2248.451,3177,2697
2248.595,3178,2697
2250.442,3179,2697
2251.659,3180,2697
2283.154,3181,2697
2283.848,3182,2697
2285.134,3183,2697
2317.197,3184,2697
2317.257,3185,2697
2317.366,3186,2697
2323.437,3187,2697
2324.531,3188,2697
2326.029,3189,2697
2331.968,3190,2697
2332.12,3191,2697
2332.64,3192,2697
2332.846,3193,2697
2333.126,3194,2697
2333.609,3195,2697
2334.16,3196,2697
2337.257,3197,2697
2337.393,3198,2697
2337.805,3199,2697
2338.193,3200,2697
2338.914,3201,2697
2353.358,3202,2697
2369.47,3203,2697
2378.838,3204,2697
2378.866,3205,2697
2378.878,3206,2697
2378.924,3207,2697
2379.021,3208,2697
2379.169,3209,2697
2379.274,3210,2697
2379.687,3211,2697
2380.915,3212,2697
2381.076,3213,2697
2381.278,3214,2697
2383.935,3215,2697
2389.221,3216,2697
2389.497,3217,2697
2396.954,3218,2700
2405.895,3219,2700
2406.859,3220,2700
2409.231,3221,2700
2411.228,3222,2700
2411.245,3223,2700
2411.367,3224,2700
2414.732,3225,2700
2414.743,3226,2700
2414.749,3227,2700
2414.774,3228,2700
2415.024,3229,2700
2415.223,3230,2700
2415.771,3231,2700
2415.791,3232,2700
2420.855,3233,2700
2422.511,3234,2700
2432.416,3235,2701
2432.826,3236,2701
2447.259,3237,2701
2448.686,3238,2701
2450.723,3239,2701
2451.601,3240,2701
2451.705,3241,2701
2452.428,3242,2701
2452.579,3243,2701
2452.802,3244,2701
2456.993,3245,2701
2461.968,3246,2701
2483.954,3247,2701
2484.828,3248,2702
2486.217,3249,2702
2487.051,3250,2702
2487.126,3251,2702
2487.389,3252,2703
2487.828,3253,2705
2489.007,3254,2712
2494.997,3255,2712
2503.286,3256,2712
2504.281,3257,2712
2527.281,3258,2712
2533.666,3259,2712
2553.624,3260,2712
2557.881,3261,2712
2560.174,3262,2712
2560.551,3263,2712
2560.648,3264,2712
2579.328,3265,2712
2580.803,3266,2712
2582.105,3267,2712
2585.933,3268,2712
2586.268,3269,2712
2586.371,3270,2712
2608.964,3271,2712
2623.804,3272,2712
2637.29,3273,2712
2637.716,3274,2712
2641.532,3275,2712
2647.078,3276,2712
2651.424,3277,2712
2671.573,3278,2712
2675.639,3279,2712
2695.377,3280,2712
2695.655,3281,2712
2721.465,3282,2712
2729.512,3283,2712
2729.624,3284,2712
2734.3,3285,2712
2734.33,3286,2712
2747.638,3287,2712
2755.506,3288,2712
2777.062,3289,2712
2800.583,3290,2712
2814.249,3291,2712
2814.524,3292,2712
2827.224,3293,2712
2827.293,3294,2712
2827.44,3295,2712
2827.53,3296,2712
2835.966,3297,2712
2838.143,3298,2712
2848.582,3299,2712
2848.65,3300,2712
2849.762,3301,2712
2865.296,3302,2712
2865.9,3303,2712
2869.914,3304,2712
2871.343,3305,2712
2912.721,3306,2712
2912.92,3307,2712
2942.903,3308,2712
2943.966,3309,2712
2953.64,3310,2712
2954.471,3311,2712
2958.134,3312,2712
2963.484,3313,2712
2966.351,3314,2713
2978.194,3315,2713
3065.269,3316,2713
3068.224,3317,2713
3069.828,3318,2713
3075.339,3319,2713
3076.01,3320,2713
3081.961,3321,2713
3081.967,3322,2713
3086.088,3323,2713
3097.875,3324,2713
3097.995,3325,2713
3112.169,3326,2713
3125.421,3327,2713
3134.024,3328,2713
3167.374,3329,2713
3169.851,3330,2713
3173.024,3331,2713
3173.072,3332,2713
3173.173,3333,2713
3185.217,3334,2713
3206.107,3335,2713
3217.195,3336,2713
3220.636,3337,2713
3236.485,3338,2713
3242.039,3339,2814
3242.176,3340,2836
3242.178,3341,2844
3242.209,3342,2846
3242.21,3343,2847
3242.211,3344,2869
3242.213,3345,2872
3242.227,3346,2874
3242.243,3347,2874
3242.272,3348,2881
3242.274,3349,2888
3242.333,3350,2902
3242.334,3351,2902
3242.348,3352,2903
3242.381,3353,2905
3242.418,3354,2905
3242.43,3355,2930
3242.431,3356,2930
3242.447,3357,2930
3242.468,3358,2936
3242.47,3359,2936
3242.481,3360,2936
3242.49,3361,2943
3242.492,3362,2943
3242.511,3363,2943
3242.514,3364,2960
3242.53,3365,2971
3242.545,3366,2971
3242.553,3367,2971
3242.565,3368,2972
3242.606,3369,2973
3242.632,3370,2973
3242.647,3371,2974
3242.741,3372,2976
3242.746,3373,2981
3242.788,3374,2981
3242.846,3375,2981
3242.847,3376,2983
3242.849,3377,2984
3242.853,3378,2984
3242.876,3379,2985
3242.89,3380,2987
3242.901,3381,2987
3242.907,3382,2987
3242.995,3383,2987
3243.065,3384,2987
3243.135,3385,2987
3243.152,3386,2987
3243.178,3387,2993
3243.237,3388,2993
3243.285,3389,2993
3243.379,3390,2997
3243.437,3391,2997
3243.635,3392,2998
3243.638,3393,2999
3243.665,3394,2999
3243.733,3395,2999
3243.744,3396,2999
3243.789,3397,3000
3243.957,3398,3002
3243.968,3399,3003
3243.992,3400,3003
3243.993,3401,3009
3243.995,3402,3009
3243.998,3403,3009
3243.999,3404,3011
3244.001,3405,3014
3244.002,3406,3016
3244.019,3407,3016
3244.026,3408,3016
3244.028,3409,3022
3244.083,3410,3022
3244.087,3411,3022
3244.094,3412,3022
3244.134,3413,3023
3244.192,3414,3023
3244.218,3415,3024
3244.226,3416,3024
3244.264,3417,3026
3244.267,3418,3026
3244.271,3419,3027
3244.281,3420,3027
3244.313,3421,3027
3244.327,3422,3027
3244.362,3423,3027
3244.405,3424,3027
3244.449,3425,3027
3244.471,3426,3027
3244.481,3427,3027
3244.493,3428,3028
3244.496,3429,3028
3244.577,3430,3028
3244.753,3431,3028
3244.839,3432,3028
3244.869,3433,3028
3244.918,3434,3029
3245.093,3435,3029
3245.136,3436,3029
3245.365,3437,3029
3245.66,3438,3029
3245.751,3439,3029
3245.862,3440,3029
3245.891,3441,3029
3245.915,3442,3029
3245.995,3443,3029
3245.996,3444,3029
3246.021,3445,3030
3246.023,3446,3030
3246.036,3447,3030
3246.045,3448,3031
3246.056,3449,3031
3246.073,3450,3031
3246.075,3451,3031
3246.078,3452,3031
3246.083,3453,3031
3246.101,3454,3031
3246.107,3455,3031
3246.12,3456,3033
3246.154,3457,3034
3246.199,3458,3034
3246.205,3459,3035
3246.238,3460,3036
3246.259,3461,3036
3246.297,3462,3036
3246.305,3463,3036
3246.31,3464,3036
3246.47,3465,3036
3246.575,3466,3036
3246.59,3467,3036
3246.667,3468,3036
3246.674,3469,3036
3246.676,3470,3036
3246.686,3471,3036
3246.726,3472,3040
3246.777,3473,3040
3246.886,3474,3040
3247.016,3475,3040
3247.032,3476,3044
3247.09,3477,3044
3247.237,3478,3044
3247.321,3479,3044
3247.401,3480,3044
3247.422,3481,3044
3247.558,3482,3044
3247.566,3483,3044
3247.611,3484,3044
3247.646,3485,3044
3247.743,3486,3044
3247.751,3487,3044
3247.968,3488,3044
3248.046,3489,3045
3248.047,3490,3046
3248.049,3491,3046
3248.053,3492,3046
3248.057,3493,3046
3248.064,3494,3046
3248.073,3495,3046
3248.079,3496,3046
3248.108,3497,3046
3248.138,3498,3046
3248.258,3499,3046
3248.271,3500,3046
3248.311,3501,3046
3248.399,3502,3052
3248.441,3503,3052
3248.744,3504,3052
3248.851,3505,3052
3249.08,3506,3052
3249.191,3507,3052
3249.195,3508,3052
3249.238,3509,3053
3249.321,3510,3053
3251.579,3511,3053
3251.585,3512,3053
3251.651,3513,3053
3251.683,3514,3053
3251.841,3515,3053
3252.179,3516,3053
3252.563,3517,3053
3252.781,3518,3053
3253.904,3519,3053
3255.906,3520,3053
3260.196,3521,3053
3262.723,3522,3053
3268.997,3523,3053
3274.724,3524,3053
3275.788,3525,3053
3283.646,3526,3053
3287.796,3527,3053
3289.035,3528,3053
3289.051,3529,3053
3289.351,3530,3053
3289.389,3531,3053
3289.412,3532,3053
3289.416,3533,3053
3289.471,3534,3053
3289.744,3535,3054
3289.928,3536,3054
3289.988,3537,3054
3289.998,3538,3054
3290.572,3539,3054
3290.601,3540,3054
3290.757,3541,3059
3290.927,3542,3060
3290.934,3543,3063
3292.452,3544,3063
3293.014,3545,3063
3293.019,3546,3064
3293.02,3547,3064
3293.047,3548,3064
3293.1,3549,3064
3293.101,3550,3064
3293.257,3551,3064
3293.378,3552,3065
3293.402,3553,3065
3293.412,3554,3065
3293.452,3555,3068
3293.521,3556,3068
3293.608,3557,3068
3293.695,3558,3068
3293.711,3559,3068
3293.896,3560,3068
3294.434,3561,3068
3294.491,3562,3068
3294.579,3563,3068
3294.633,3564,3068
3295.737,3565,3068
3300.859,3566,3068
3301.306,3567,3068
3303.001,3568,3068
3303.09,3569,3068
3304.159,3570,3068
3304.16,3571,3068
3304.279,3572,3068
3304.74,3573,3068
3304.845,3574,3069
3304.965,3575,3069
3312.057,3576,3069
3312.306,3577,3069
3313.26,3578,3069
3313.854,3579,3069
3315.99,3580,3069
3321.557,3581,3069
3330.39,3582,3069
3345.886,3583,3069
3362.162,3584,3069
3363.251,3585,3069
3365.034,3586,3069
3372.069,3587,3069
3374.021,3588,3070
3374.275,3589,3070
3374.373,3590,3070
3376.801,3591,3070
3377.069,3592,3070
3377.254,3593,3070
3377.31,3594,3070
3377.58,3595,3070
3377.777,3596,3070
3377.912,3597,3070
3378.144,3598,3070
3378.88,3599,3070
3379.431,3600,3070
3380.204,3601,3070
3380.207,3602,3070
3380.21,3603,3070
3380.213,3604,3070
3380.354,3605,3071
3380.548,3606,3071
3380.556,3607,3071
3380.56,3608,3071
3381.322,3609,3071
3381.505,3610,3071
3381.53,3611,3071
3381.663,3612,3071
3381.703,3613,3077
3381.87,3614,3078
3381.956,3615,3078
3384.524,3616,3078
3386.96,3617,3078
3387.024,3618,3078
3387.036,3619,3078
3387.445,3620,3078
3387.447,3621,3078
3387.487,3622,3078
3387.551,3623,3078
3387.609,3624,3078
3387.722,3625,3078
3387.801,3626,3078
3388.929,3627,3078
3388.988,3628,3080
3389.067,3629,3080
3391.608,3630,3080
3395.72,3631,3080
3395.79,3632,3087
3395.91,3633,3088
3395.921,3634,3088
3396.409,3635,3088
3410.295,3636,3088
3411.741,3637,3088
3420.488,3638,3088
3435.617,3639,3088
3435.634,3640,3088
3435.661,3641,3088
3435.711,3642,3088
3435.984,3643,3088
3436.011,3644,3088
3438.068,3645,3088
3438.292,3646,3088
3439.054,3647,3090
3439.163,3648,3090
3440.541,3649,3090
3443.928,3650,3090
3444.711,3651,3090
3444.719,3652,3090
3455.096,3653,3090
3457.257,3654,3090
3463.594,3655,3090
3463.812,3656,3090
3476.479,3657,3090
3479.088,3658,3090
3509.775,3659,3090
3525.467,3660,3090
3527.061,3661,3090
3533.31,3662,3090
3541.436,3663,3090
3544.002,3664,3090
3565.893,3665,3090
3569.947,3666,3090
3570.011,3667,3090
3570.067,3668,3090
3570.339,3669,3090
3570.973,3670,3090
3571.384,3671,3090
3573.223,3672,3090
3580.205,3673,3090
3582.759,3674,3090
3587.677,3675,3090
3587.812,3676,3090
3590.653,3677,3090
3591.227,3678,3090
3591.35,3679,3090
3615.218,3680,3090
3632.123,3681,3090
3664.527,3682,3090
3664.73,3683,3090
3665.22,3684,3090
3666.082,3685,3090
3667.128,3686,3090
3667.394,3687,3090
3676.21,3688,3090
3677.933,3689,3090
3694.752,3690,3090
3743.775,3691,3090
3770.959,3692,3090
3820.492,3693,3090
3820.517,3694,3090
3823.008,3695,3090
3823.277,3696,3091
3875.22,3697,3091
3877.629,3698,3094
3877.788,3699,3094
3891.347,3700,3094
3891.353,3701,3094
3891.368,3702,3094
3949.136,3703,3094
3950.822,3704,3094
3951.255,3705,3094
3951.623,3706,3094
3954.403,3707,3094
3954.42,3708,3094
3954.429,3709,3094
3954.559,3710,3094
3956.282,3711,3094
3969.329,3712,3094
3984.436,3713,3095
3984.509,3714,3095
3984.532,3715,3095
3984.545,3716,3095
3984.562,3717,3095
3984.776,3718,3095
3984.816,3719,3095
3985.313,3720,3095
3985.481,3721,3095
3985.792,3722,3095
3986.266,3723,3095
3986.328,3724,3095
4001.907,3725,3095
4001.91,3726,3095
4001.918,3727,3095
4001.922,3728,3095
4002.173,3729,3095
4002.218,3730,3095
4002.228,3731,3095
4002.235,3732,3095
4002.251,3733,3095
4002.354,3734,3097
4002.449,3735,3097
4002.47,3736,3097
4002.619,3737,3097
4003.05,3738,3097
4003.182,3739,3097
4003.262,3740,3097
4003.692,3741,3097
4004.693,3742,3097
4011.191,3743,3097
4017.865,3744,3097
4018.092,3745,3097
4021.42,3746,3097
4026.445,3747,3097
4028.566,3748,3097
4028.804,3749,3097
4028.92,3750,3097
4031.27,3751,3097
4032.073,3752,3097
4045.438,3753,3097
4049.372,3754,3097
4073.096,3755,3097
4106.072,3756,3097
4112.564,3757,3097
4121.994,3758,3097
4123.665,3759,3097
4123.674,3760,3097
4123.687,3761,3097
4123.845,3762,3097
4124.23,3763,3097
4124.3,3764,3097
4124.473,3765,3097
4124.486,3766,3097
4125.581,3767,3097
4125.693,3768,3097
4141.901,3769,3097
4141.946,3770,3098
4142.719,3771,3098
4154.323,3772,3098
4154.344,3773,3098
4154.354,3774,3098
4154.362,3775,3098
4154.372,3776,3098
4154.379,3777,3098
4155.512,3778,3098
4155.554,3779,3098
4155.667,3780,3098
4157.386,3781,3098
4176.359,3782,3098
4176.42,3783,3099
4177.258,3784,3099
4186.707,3785,3099
4186.71,3786,3099
4186.75,3787,3099
4186.78,3788,3099
4192.709,3789,3099
4200.178,3790,3099
4208.59,3791,3099
4208.707,3792,3099
4209.865,3793,3099
4210.222,3794,3099
4210.661,3795,3099
4211.925,3796,3099
4233.576,3797,3099
4240.887,3798,3099
4241.2,3799,3099
4241.901,3800,3099
4242.544,3801,3099
4257.173,3802,3099
4262.868,3803,3099
4263.005,3804,3099
4266.525,3805,3099
4272.998,3806,3099
4273.119,3807,3099
4284.956,3808,3099
4307.087,3809,3099
4315.381,3810,3100
4323.832,3811,3100
4335.886,3812,3100
4335.997,3813,3100
4336.085,3814,3100
4336.272,3815,3100
4336.319,3816,3100
4336.824,3817,3100
4337.303,3818,3100
4338.011,3819,3100
4339.583,3820,3100
4343.565,3821,3100
4352.731,3822,3100
4353.234,3823,3100
4354.463,3824,3100
4356.105,3825,3100
4357.006,3826,3100
4364.048,3827,3100
4383.02,3828,3100
4389.928,3829,3100
4418.667,3830,3100
4422.292,3831,3100
4436.643,3832,3100
4440.595,3833,3100
4506.189,3834,3100
4507.214,3835,3100
4547.33,3836,3100
4548.131,3837,3100
4580.811,3838,3100
4581.73,3839,3101
4598.724,3840,3101
4646.585,3841,3101
4670.077,3842,3101
4671.977,3843,3102
4700.221,3844,3102
4700.944,3845,3102
4704.87,3846,3102
4715.603,3847,3102
4715.621,3848,3102
4716.027,3849,3102
4716.385,3850,3102
4716.635,3851,3102
4716.788,3852,3102
4717.708,3853,3102
4740.302,3854,3102
4740.397,3855,3102
4764.749,3856,3102
4809.222,3857,3102
4809.319,3858,3102
4809.397,3859,3102
4809.508,3860,3102
4809.547,3861,3102
4809.918,3862,3102
4811.229,3863,3102
4813.451,3864,3102
4816.461,3865,3102
4831.626,3866,3102
4831.738,3867,3102
4838.17,3868,3102
4848.973,3869,3102
4862.72,3870,3102
4887.954,3871,3102
4890.111,3872,3102
4992.598,3873,3102
4993.114,3874,3102
4995.405,3875,3102
5032.407,3876,3102
5032.592,3877,3102
5047.47,3878,3102
5047.844,3879,3102
5058.591,3880,3102
5063.61,3881,3102
5088.331,3882,3102
5088.425,3883,3102
5089.284,3884,3102
5089.403,3885,3102
5115.715,3886,3102
5118.209,3887,3102
5118.283,3888,3102
5118.298,3889,3102
5118.483,3890,3102
5125.991,3891,3102
5181.162,3892,3102
5181.574,3893,3102
5182.471,3894,3102
5183.355,3895,3102
5187.91,3896,3102
5204.529,3897,3102
5211.39,3898,3102
5239.07,3899,3102
5239.074,3900,3102
5239.112,3901,3102
5239.232,3902,3102
5240.865,3903,3102
5241.562,3904,3102
5247.56,3905,3102
5248.942,3906,3102
5250.963,3907,3102
5277.579,3908,3102
5277.805,3909,3102
5278.692,3910,3102
5306.08,3911,3102
5306.152,3912,3102
5306.305,3913,3102
5306.31,3914,3102
5306.61,3915,3102
5330.432,3916,3102
5350.686,3917,3102
5354.43,3918,3102
5354.498,3919,3102
5354.519,3920,3102
5354.634,3921,3102
5354.753,3922,3102
5354.913,3923,3102
5356.716,3924,3102
5360.037,3925,3102
5361.828,3926,3102
5362.279,3927,3102
5362.567,3928,3102
5363.157,3929,3102
5364.182,3930,3102
5367.164,3931,3102
5367.317,3932,3102
5367.683,3933,3102
5457.231,3934,3102
5457.512,3935,3102
5496.462,3936,3102
5496.661,3937,3102
5496.867,3938,3102
5499.133,3939,3102
5545.842,3940,3102
5545.974,3941,3102
5557.884,3942,3102
5557.911,3943,3102
5557.921,3944,3107
5557.968,3945,3107
5557.973,3946,3107
5558.05,3947,3107
5558.286,3948,3108
5558.558,3949,3108
5558.877,3950,3108
5558.915,3951,3108
5558.959,3952,3108
5559.0,3953,3108
5559.426,3954,3108
5559.501,3955,3108
5559.527,3956,3109
5559.593,3957,3109
5559.855,3958,3109
5559.864,3959,3121
5560.219,3960,3130
5560.27,3961,3133
5560.582,3962,3133
5560.585,3963,3133
5560.589,3964,3133
5560.635,3965,3133
5560.708,3966,3133
5563.029,3967,3133
5563.076,3968,3133
5563.119,3969,3133
5563.146,3970,3133
5565.026,3971,3134
5571.314,3972,3134
5572.063,3973,3134
5572.093,3974,3136
5572.26,3975,3136
5573.059,3976,3136
5575.673,3977,3136
5578.319,3978,3136
5589.781,3979,3136
5591.814,3980,3136
5592.652,3981,3136
5595.164,3982,3136
5604.103,3983,3138
5616.239,3984,3138
5617.692,3985,3138
5617.951,3986,3138
5620.326,3987,3138
5622.7,3988,3138
5625.028,3989,3138
5630.717,3990,3138
5634.813,3991,3139
5639.296,3992,3139
5646.313,3993,3141
5664.189,3994,3141
5742.351,3995,3141
5752.617,3996,3141
5753.416,3997,3141
5753.656,3998,3141
5754.228,3999,3141
5754.785,4000,3141
5755.248,4001,3141
5755.765,4002,3141
5756.043,4003,3141
5756.101,4004,3141
5756.883,4005,3141
5759.317,4006,3141
5759.854,4007,3141
5760.356,4008,3141
5762.375,4009,3146
5763.387,4010,3146
5765.075,4011,3146
5765.338,4012,3146
5765.487,4013,3146
5769.014,4014,3146
5770.419,4015,3146
5771.096,4016,3146
5773.343,4017,3148
5777.318,4018,3148
5777.403,4019,3148
5793.012,4020,3148
5834.473,4021,3149
5883.883,4022,3150
5884.535,4023,3150
5884.915,4024,3150
5885.963,4025,3150
5886.524,4026,3150
5895.622,4027,3151
5898.719,4028,3153
5902.172,4029,3155
5908.233,4030,3155
5912.361,4031,3155
5913.347,4032,3155
5913.933,4033,3155
5920.054,4034,3156
5926.611,4035,3156
5926.701,4036,3158
5936.908,4037,3158
5972.515,4038,3158
5972.774,4039,3158
5973.213,4040,3158
5974.757,4041,3158
5975.059,4042,3158
5975.307,4043,3158
5975.847,4044,3158
5976.367,4045,3160
5984.601,4046,3160
5986.517,4047,3160
5992.797,4048,3160
6015.143,4049,3160
6015.675,4050,3160
6016.261,4051,3160
6017.715,4052,3164
6020.234,4053,3166
6071.087,4054,3166
6071.137,4055,3168
6072.457,4056,3168
6085.562,4057,3168
6099.64,4058,3168
6099.713,4059,3168
6099.844,4060,3169
6099.952,4061,3169
6100.241,4062,3169
6100.283,4063,3169
6100.881,4064,3169
6101.07,4065,3170
6153.921,4066,3170
6154.295,4067,3170
6165.201,4068,3170
6176.865,4069,3170
6177.015,4070,3170
6177.288,4071,3170
6177.702,4072,3170
6177.828,4073,3170
6180.679,4074,3170
6185.937,4075,3170
6206.92,4076,3170
6207.601,4077,3170
6213.681,4078,3170
6241.399,4079,3170
6562.745,4080,3170
6590.028,4081,3170
6594.428,4082,3170
6595.993,4083,3170
6596.262,4084,3170
6601.505,4085,3170
6603.216,4086,3170
6603.743,4087,3170
6608.009,4088,3170
6614.821,4089,3170
6617.821,4090,3170
6621.183,4091,3170
6625.188,4092,3170
6625.441,4093,3170
6628.191,4094,3170
6632.405,4095,3170
6634.344,4096,3170
6635.247,4097,3170
6653.72,4098,3170
6671.484,4099,3170
6671.679,4100,3170
6671.894,4101,3170
6672.533,4102,3170
6672.959,4103,3170
6673.967,4104,3170
6676.254,4105,3170
6677.21,4106,3170
6677.655,4107,3170
6678.232,4108,3170
6679.724,4109,3170
6681.331,4110,3170
6684.227,4111,3170
6686.25,4112,3170
6693.828,4113,3170
6703.143,4114,3170
6742.226,4115,3170
6742.512,4116,3170
6742.71,4117,3170
6743.367,4118,3170
6744.077,4119,3170
6744.234,4120,3170
6744.599,4121,3170
6745.59,4122,3170
6745.933,4123,3170
6752.798,4124,3170
6765.896,4125,3170
6765.995,4126,3170
6766.121,4127,3170
6766.582,4128,3170
6766.687,4129,3170
6766.993,4130,3171
6767.219,4131,3171
6768.763,4132,3171
6770.407,4133,3171
6771.903,4134,3171
6773.583,4135,3172
6773.656,4136,3172
6775.346,4137,3172
6777.791,4138,3172
6781.819,4139,3172
6782.004,4140,3172
6782.122,4141,3172
6782.455,4142,3172
6798.918,4143,3172
6799.294,4144,3172
6800.641,4145,3172
6800.699,4146,3172
6801.359,4147,3172
6802.106,4148,3172
6805.758,4149,3173
6806.272,4150,3173
6809.728,4151,3176
6815.126,4152,3176
6817.147,4153,3178
6820.38,4154,3178
6831.144,4155,3178
6831.973,4156,3178
6838.104,4157,3178
6846.353,4158,3178
6846.547,4159,3178
6846.942,4160,3178
6847.114,4161,3178
6847.235,4162,3178
6847.938,4163,3178
6849.248,4164,3178
6849.324,4165,3178
6849.993,4166,3178
6872.869,4167,3178
6872.891,4168,3178
6899.245,4169,3178
6899.584,4170,3178
6899.684,4171,3178
6899.856,4172,3178
6900.311,4173,3178
6900.437,4174,3178
6900.472,4175,3178
6900.58,4176,3178
6904.26,4177,3178
6906.64,4178,3178
6909.196,4179,3178
6913.007,4180,3178
6918.68,4181,3178
6935.75,4182,3178
6986.218,4183,3178
7007.552,4184,3178
7015.851,4185,3180
7024.011,4186,3180
7054.482,4187,3180
7079.261,4188,3180
7081.244,4189,3180
7081.633,4190,3180
7083.968,4191,3180
7086.228,4192,3180
7091.151,4193,3180
7134.726,4194,3180
7154.884,4195,3180
7161.839,4196,3180
7166.578,4197,3180
7183.103,4198,3180
7197.052,4199,3180
7201.385,4200,3180
7223.768,4201,3180
7248.116,4202,3180
7296.256,4203,3180
7297.26,4204,3180
7298.015,4205,3180
7311.224,4206,3180
7318.405,4207,3180
7365.628,4208,3180
7383.512,4209,3180
7474.181,4210,3180
7492.777,4211,3180
7492.962,4212,3180
7493.714,4213,3180
7494.522,4214,3180
7494.849,4215,3180
7495.255,4216,3180
7505.776,4217,3180
7512.21,4218,3180
7512.549,4219,3180
7513.059,4220,3180
7513.587,4221,3180
7514.021,4222,3180
7514.346,4223,3180
7514.44,4224,3180
7515.766,4225,3180
7517.713,4226,3180
7518.676,4227,3180
7532.293,4228,3180
7532.646,4229,3180
7532.885,4230,3180
7533.025,4231,3180
7533.779,4232,3180
7538.056,4233,3180
7540.142,4234,3180
7541.154,4235,3180
7562.688,4236,3180
7567.111,4237,3180
7567.848,4238,3180
7578.978,4239,3180
7585.774,4240,3180
7586.923,4241,3180
7612.806,4242,3180
7620.283,4243,3180
7620.308,4244,3180
7620.391,4245,3180
7622.123,4246,3180
7625.717,4247,3180
7626.287,4248,3180
7626.618,4249,3180
7632.737,4250,3180
7642.694,4251,3180
7662.694,4252,3180
7662.805,4253,3180
7692.066,4254,3180
7692.208,4255,3180
7692.662,4256,3180
7694.503,4257,3180
7695.991,4258,3180
7832.171,4259,3180
7834.194,4260,3180
7834.742,4261,3180
7872.483,4262,3180
7889.455,4263,3180
7889.464,4264,3180
7889.48,4265,3180
7889.568,4266,3180
7889.74,4267,3180
7889.803,4268,3180
7889.973,4269,3180
7890.177,4270,3180
7892.925,4271,3180
7894.522,4272,3180
7906.351,4273,3180
7911.55,4274,3180
7913.345,4275,3180
7915.059,4276,3180
7940.544,4277,3180
8045.977,4278,3180
8078.521,4279,3180
8078.943,4280,3180
8168.377,4281,3180
8180.986,4282,3180
8181.098,4283,3180
8181.136,4284,3180
8181.205,4285,3180
8181.344,4286,3180
8183.779,4287,3180
8186.749,4288,3180
8252.258,4289,3180
8257.585,4290,3180
8260.353,4291,3180
8271.043,4292,3180
8291.645,4293,3180
8322.593,4294,3180
8323.498,4295,3180
8349.767,4296,3180
8576.85,4297,3180
8578.585,4298,3180
8604.803,4299,3180
8712.251,4300,3180
8712.381,4301,3180
8712.571,4302,3180
8712.623,4303,3180
8713.61,4304,3180
8713.72,4305,3180
8713.94,4306,3180
8716.08,4307,3180
8716.126,4308,3180
8716.712,4309,3180
8717.496,4310,3180
8718.015,4311,3180
8720.766,4312,3180
8721.95,4313,3180
8722.031,4314,3180
8734.999,4315,3180
8741.877,4316,3180
8743.007,4317,3180
8754.492,4318,3180
8839.616,4319,3180
8840.216,4320,3180
8840.641,4321,3180
8840.8,4322,3180
8841.575,4323,3180
8842.062,4324,3180
8844.805,4325,3180
8850.313,4326,3180
8850.912,4327,3180
8854.64,4328,3180
8856.433,4329,3180
8856.973,4330,3180
8860.972,4331,3180
8875.958,4332,3180
8939.472,4333,3180
8961.344,4334,3180
8962.31,4335,3180
8984.303,4336,3180
8984.755,4337,3180
8986.015,4338,3180
9044.191,4339,3180
9044.295,4340,3180
9044.459,4341,3180
9050.066,4342,3180
9088.294,4343,3180
9092.024,4344,3180
9109.214,4345,3180
9114.241,4346,3180
9115.817,4347,3180
9122.541,4348,3180
9139.784,4349,3180
9182.077,4350,3180
9193.006,4351,3180
9278.294,4352,3180
9319.283,4353,3180
9321.284,4354,3180
9323.735,4355,3180
9329.76,4356,3180
9332.35,4357,3180
9332.863,4358,3180
9332.931,4359,3180
9404.681,4360,3180
9410.723,4361,3180
9414.52,4362,3180
9449.892,4363,3180
9601.885,4364,3180
9602.107,4365,3180
9604.248,4366,3180
9621.384,4367,3180
9622.497,4368,3180
9633.501,4369,3180
9633.852,4370,3180
9644.136,4371,3180
9696.926,4372,3180
9729.704,4373,3180
9730.626,4374,3180
9739.327,4375,3180
9788.471,4376,3181
9792.98,4377,3181
9799.467,4378,3181
9850.981,4379,3181
9918.644,4380,3181
9922.296,4381,3181
9926.831,4382,3181
10122.784,4383,3181
10123.683,4384,3181
10124.138,4385,3181
10124.315,4386,3181
10124.561,4387,3181
10128.02,4388,3181
10130.43,4389,3181
10130.513,4390,3181
10131.186,4391,3181
10140.591,4392,3181
10146.096,4393,3181
10153.916,4394,3181
10239.974,4395,3182
10270.25,4396,3182
10329.875,4397,3185
10388.807,4398,3185
10409.766,4399,3185
10409.789,4400,3185
10409.957,4401,3185
10409.982,4402,3185
10410.024,4403,3185
10410.983,4404,3185
10411.137,4405,3185
10481.415,4406,3185
10485.274,4407,3185
10494.013,4408,3186
10518.927,4409,3186
10519.032,4410,3186
10520.475,4411,3186
10521.116,4412,3186
10538.113,4413,3186
10585.095,4414,3186
10585.958,4415,3186
10588.453,4416,3186
10589.942,4417,3186
10661.668,4418,3186
10672.738,4419,3186
10672.779,4420,3186
10730.643,4421,3186
10734.032,4422,3186
10761.571,4423,3186
10771.567,4424,3186
10771.804,4425,3186
10801.3,4426,3186
10803.455,4427,3186
10804.297,4428,3186
10808.773,4429,3186
10811.116,4430,3186
10811.396,4431,3186
10812.249,4432,3186
10847.296,4433,3186
10864.27,4434,3186
10890.633,4435,3186
10961.477,4436,3186
10967.519,4437,3186
10967.749,4438,3186
11016.683,4439,3186
11033.876,4440,3186
11043.015,4441,3186
11043.199,4442,3186
11065.214,4443,3186
11065.374,4444,3186
11065.399,4445,3186
11066.576,4446,3186
11177.509,4447,3186
11188.58,4448,3186
11203.37,4449,3186
11231.68,4450,3186
11249.972,4451,3186
11263.15,4452,3186
11266.064,4453,3186
11282.264,4454,3186
11308.046,4455,3186
11308.061,4456,3186
11310.066,4457,3186
11310.087,4458,3186
11310.167,4459,3186
11310.2,4460,3186
11312.935,4461,3186
11338.333,4462,3186
11340.21,4463,3186
11407.38,4464,3186
11408.082,4465,3186
11415.424,4466,3186
11427.766,4467,3186
11465.193,4468,3186
11467.525,4469,3186
11468.023,4470,3186
11498.216,4471,3186
11499.033,4472,3186
11501.439,4473,3186
11501.864,4474,3186
11530.253,4475,3186
11530.272,4476,3186
11530.943,4477,3187
11532.714,4478,3187
11551.783,4479,3187
11551.918,4480,3187
11630.407,4481,3187
11631.866,4482,3187
11791.404,4483,3187
11819.118,4484,3187
11940.651,4485,3187
11943.718,4486,3187
11943.755,4487,3187
11968.471,4488,3187
11995.027,4489,3187
11995.346,4490,3187
11995.847,4491,3187
11996.522,4492,3187
11996.56,4493,3187
11999.091,4494,3187
12040.327,4495,3187
12041.561,4496,3187
12240.163,4497,3187
12240.204,4498,3187
12241.337,4499,3187
12242.533,4500,3187
12242.955,4501,3187
12243.436,4502,3187
12244.196,4503,3187
12244.987,4504,3187
12247.572,4505,3187
12409.83,4506,3187
12410.168,4507,3187
12447.236,4508,3187
12523.272,4509,3187
12578.075,4510,3187
12587.32,4511,3187
12587.386,4512,3187
12588.478,4513,3187
12604.523,4514,3187
12605.894,4515,3187
12711.622,4516,3187
12728.399,4517,3187
12728.414,4518,3187
12776.759,4519,3187
12829.292,4520,3187
12829.297,4521,3187
12890.323,4522,3187
12918.504,4523,3187
12920.831,4524,3187
12995.342,4525,3187
13037.077,4526,3187
13037.323,4527,3187
13037.366,4528,3187
13037.818,4529,3187
13038.034,4530,3187
13039.121,4531,3187
13040.033,4532,3187
13041.077,4533,3187
13041.136,4534,3187
13041.2,4535,3187
13041.71,4536,3187
13049.104,4537,3187
13062.305,4538,3187
13143.684,4539,3187
13143.76,4540,3187
13145.429,4541,3187
13158.549,4542,3188
13265.246,4543,3188
13267.652,4544,3188
13268.113,4545,3188
13330.498,4546,3188
13399.626,4547,3188
13400.061,4548,3188
13437.881,4549,3188
13475.123,4550,3188
13480.076,4551,3188
13521.187,4552,3188
13631.222,4553,3188
13705.339,4554,3188
13705.488,4555,3188
13706.894,4556,3188
13732.74,4557,3188
13732.777,4558,3188
13732.828,4559,3188
13732.99,4560,3188
13733.011,4561,3188
13734.383,4562,3188
13736.208,4563,3188
13782.483,4564,3188
13853.439,4565,3188
13853.493,4566,3188
13854.201,4567,3188
13854.819,4568,3188
13857.802,4569,3188
13946.275,4570,3188
13954.19,4571,3188
13962.297,4572,3188
13962.305,4573,3188
14030.876,4574,3188
14054.0,4575,3188
14162.857,4576,3188
14163.954,4577,3188
14172.673,4578,3188
14172.701,4579,3188
14247.134,4580,3188
14259.584,4581,3188
14260.829,4582,3188
14260.835,4583,3188
14301.054,4584,3188
14387.018,4585,3188
14388.468,4586,3188
14389.301,4587,3188
14403.292,4588,3188
14403.298,4589,3188
14453.202,4590,3188
14472.183,4591,3188
14473.456,4592,3188
14506.939,4593,3188
14533.301,4594,3188
14533.5,4595,3215
14533.541,4596,3215
14533.623,4597,3219
14533.624,4598,3220
14533.633,4599,3220
14533.635,4600,3221
14533.641,4601,3221
14533.646,4602,3221
14533.647,4603,3221
14533.651,4604,3221
14533.673,4605,3223
14533.679,4606,3228
14533.893,4607,3230
14533.976,4608,3232
14534.071,4609,3234
14534.569,4610,3234
14622.004,4611,3234
14622.56,4612,3234
14653.538,4613,3234
14662.983,4614,3234
14663.117,4615,3234
14669.848,4616,3234
14669.857,4617,3234
14670.138,4618,3234
14761.659,4619,3234
14795.184,4620,3234
14846.661,4621,3234
14847.268,4622,3234
14849.262,4623,3234
14886.54,4624,3234
14916.585,4625,3234
15074.656,4626,3234
15075.015,4627,3234
15082.173,4628,3234
15082.25,4629,3234
15082.352,4630,3234
15082.406,4631,3234
15082.554,4632,3234
15082.689,4633,3234
15086.379,4634,3234
15167.425,4635,3234
15219.336,4636,3234
15219.431,4637,3234
15295.341,4638,3234
15328.477,4639,3234
15331.124,4640,3234
15378.029,4641,3234
15389.731,4642,3234
15391.506,4643,3234
15411.95,4644,3234
15420.329,4645,3234
15452.11,4646,3234
15452.14,4647,3234
15452.376,4648,3234
15452.389,4649,3234
15498.581,4650,3234
15498.599,4651,3234
15514.428,4652,3234
15539.97,4653,3234
15540.115,4654,3234
15602.483,4655,3234
15612.716,4656,3234
15682.758,4657,3235
15713.308,4658,3235
15740.656,4659,3235
15748.841,4660,3235
15748.858,4661,3235
15749.242,4662,3235
15751.975,4663,3235
15823.04,4664,3235
15824.524,4665,3235
15825.762,4666,3235
15826.546,4667,3235
15832.725,4668,3235
15832.74,4669,3235
15840.75,4670,3235
15892.957,4671,3235
15893.274,4672,3235
15921.852,4673,3235
15941.719,4674,3235
15943.134,4675,3235
15954.179,4676,3235
15954.484,4677,3235
15990.587,4678,3235
16010.561,4679,3235
16026.968,4680,3235
16120.744,4681,3235
16125.93,4682,3235
16127.175,4683,3235
16127.288,4684,3235
16234.037,4685,3235
16234.24,4686,3235
16270.608,4687,3235
16319.211,4688,3235
16319.216,4689,3235
16319.274,4690,3235
16319.302,4691,3235
16381.818,4692,3235
16404.918,4693,3235
16405.733,4694,3235
16405.993,4695,3235
16406.0,4696,3235
16406.012,4697,3235
16406.169,4698,3235
16406.789,4699,3235
16407.036,4700,3235
16420.919,4701,3235
16420.926,4702,3235
16456.644,4703,3235
16463.28,4704,3235
16466.272,4705,3235
16466.275,4706,3235
16466.302,4707,3235
16496.353,4708,3235
16513.347,4709,3235
16537.518,4710,3235
16579.47,4711,3235
16586.133,4712,3235
16587.117,4713,3235
16589.458,4714,3235
16590.451,4715,3235
16591.274,4716,3235
16601.824,4717,3235
16619.711,4718,3235
16652.337,4719,3235
16666.563,4720,3235
16666.572,4721,3235
16666.697,4722,3235
16687.441,4723,3235
16738.066,4724,3235
16770.629,4725,3235
16820.099,4726,3235
16820.248,4727,3235
16834.588,4728,3235
16855.961,4729,3235
16856.333,4730,3235
16856.851,4731,3235
16863.396,4732,3235
16876.84,4733,3235
16877.83,4734,3235
16898.852,4735,3235
16906.414,4736,3235
16927.386,4737,3235
16964.38,4738,3235
17010.853,4739,3235
17062.239,4740,3235
17062.886,4741,3235
17136.332,4742,3235
17136.39,4743,3235
17137.036,4744,3235
17143.176,4745,3235
17144.967,4746,3235
17179.022,4747,3235
17182.394,4748,3235
17187.838,4749,3235
17187.959,4750,3235
17331.623,4751,3235
17378.365,4752,3235
17387.632,4753,3235
17494.299,4754,3235
17539.899,4755,3235
17544.115,4756,3235
17558.246,4757,3235
17589.44,4758,3235
17610.278,4759,3235
17632.889,4760,3235
17658.953,4761,3235
17760.814,4762,3235
17820.049,4763,3235
17820.054,4764,3235
17841.715,4765,3235
17861.985,4766,3235
17886.658,4767,3235
17893.452,4768,3235
17893.461,4769,3235
17893.467,4770,3235
17893.472,4771,3235
17893.493,4772,3235
17893.684,4773,3235
17893.842,4774,3235
17893.919,4775,3235
17894.759,4776,3235
17895.23,4777,3235
17895.341,4778,3235
17905.967,4779,3235
17906.011,4780,3235
17935.112,4781,3235
17956.753,4782,3235
18036.55,4783,3236
18037.569,4784,3236
18058.631,4785,3236
18086.992,4786,3236
18140.324,4787,3236
18140.614,4788,3236
18152.937,4789,3236
18354.409,4790,3236
18379.133,4791,3236
18379.618,4792,3236
18386.566,4793,3236
18474.587,4794,3236
18498.925,4795,3236
18498.964,4796,3237
18499.134,4797,3237
18520.756,4798,3237
18526.693,4799,3237
18526.981,4800,3237
18527.6,4801,3237
18626.356,4802,3237
18670.013,4803,3237
18714.143,4804,3237
18715.365,4805,3237
18725.359,4806,3237
18725.375,4807,3237
18730.636,4808,3237
18735.871,4809,3237
18765.046,4810,3237
18769.475,4811,3237
18769.5,4812,3237
18769.507,4813,3237
18769.582,4814,3237
18769.631,4815,3237
18770.538,4816,3237
18770.573,4817,3237
18770.632,4818,3237
18771.078,4819,3237
18816.113,4820,3237
18828.615,4821,3237
18898.155,4822,3237
18899.95,4823,3237
18899.96,4824,3237
18900.0,4825,3237
18900.451,4826,3237
18910.121,4827,3237
18910.136,4828,3237
18910.14,4829,3237
18910.153,4830,3237
18910.196,4831,3237
18910.232,4832,3237
18910.404,4833,3237
18910.522,4834,3237
18910.755,4835,3237
18911.26,4836,3237
18913.094,4837,3237
18932.468,4838,3237
18935.555,4839,3237
18972.831,4840,3237
18981.976,4841,3237
18981.986,4842,3237
18981.993,4843,3237
18982.034,4844,3237
18982.459,4845,3237
19006.19,4846,3237
19014.479,4847,3237
19119.961,4848,3237
19141.277,4849,3238
19211.795,4850,3238
19214.54,4851,3238
19268.808,4852,3238
19298.206,4853,3238
19298.423,4854,3238
19312.492,4855,3238
19331.573,4856,3238
19410.803,4857,3238
19450.579,4858,3239
19450.664,4859,3239
19536.866,4860,3239
19539.917,4861,3239
19543.254,4862,3239
19548.451,4863,3239
19565.401,4864,3239
19589.037,4865,3239
19602.403,4866,3239
19602.45,4867,3239
19607.993,4868,3241
19608.0,4869,3242
19612.064,4870,3242
19637.373,4871,3242
19659.656,4872,3242
19670.453,4873,3242
19680.952,4874,3242
19681.528,4875,3242
19711.661,4876,3242
19720.928,4877,3242
19732.458,4878,3242
19789.717,4879,3243
19802.263,4880,3243
19828.501,4881,3243
19828.586,4882,3243
19858.776,4883,3243
19858.899,4884,3243
19911.423,4885,3243
19921.951,4886,3243
19936.424,4887,3243
19972.253,4888,3243
19972.534,4889,3243
20021.024,4890,3243
20052.363,4891,3244
20150.246,4892,3244
20161.41,4893,3244
20212.612,4894,3244
20264.265,4895,3244
20332.53,4896,3244
20509.967,4897,3244
20529.934,4898,3244
20583.555,4899,3244
20583.636,4900,3244
20590.335,4901,3244
20599.019,4902,3244
20599.511,4903,3244
20616.203,4904,3244
20616.287,4905,3244
20620.635,4906,3244
20621.119,4907,3244
20644.41,4908,3244
20649.141,4909,3245
20708.515,4910,3245
20715.493,4911,3245
20735.439,4912,3245
20774.015,4913,3245
20774.152,4914,3245
20814.454,4915,3245
20842.753,4916,3245
20920.429,4917,3246
21019.126,4918,3246
21060.758,4919,3246
21093.02,4920,3246
21135.891,4921,3246
21187.762,4922,3246
21283.647,4923,3246
21283.659,4924,3246
21283.662,4925,3246
21283.664,4926,3246
21283.683,4927,3246
21283.713,4928,3246
21285.569,4929,3247
21347.596,4930,3248
21358.631,4931,3249
21358.724,4932,3249
21373.815,4933,3249
21390.062,4934,3249
21418.7,4935,3249
21477.424,4936,3249
21477.973,4937,3249
21478.086,4938,3249
21492.268,4939,3249
21517.975,4940,3249
21534.275,4941,3251
21636.9,4942,3251
21652.35,4943,3251
21664.261,4944,3251
21773.083,4945,3251
21850.157,4946,3251
21904.65,4947,3251
21930.708,4948,3251
21945.933,4949,3251
21948.126,4950,3251
22020.265,4951,3251
22046.814,4952,3251
22114.443,4953,3251
22129.29,4954,3251
22138.535,4955,3251
22172.806,4956,3252
22173.782,4957,3252
22217.469,4958,3252
22245.688,4959,3252
22246.784,4960,3252
22268.922,4961,3252
22269.037,4962,3252
22270.516,4963,3252
22335.493,4964,3252
22467.971,4965,3252
22472.479,4966,3252
22573.469,4967,3252
22591.97,4968,3252
22809.793,4969,3252
22822.108,4970,3252
22980.657,4971,3252
23086.595,4972,3252
23236.837,4973,3252
23808.266,4974,3252
23808.751,4975,3252
23809.079,4976,3252
23809.965,4977,3252
23810.137,4978,3252
23830.521,4979,3252
23863.016,4980,3252
24037.399,4981,3252
24047.204,4982,3252
24047.405,4983,3252
24048.35,4984,3252
24118.917,4985,3252
24239.642,4986,3252
24434.177,4987,3252
24488.841,4988,3252
24489.232,4989,3252
24572.178,4990,3252
24594.695,4991,3252
24623.306,4992,3252
24777.572,4993,3252
24855.338,4994,3252
25137.994,4995,3252
25209.298,4996,3252
25253.671,4997,3252
25260.378,4998,3252
25418.315,4999,3252
25487.818,5000,3252
25489.937,5001,3252
25490.083,5002,3252
25491.378,5003,3252
25638.384,5004,3252
25647.385,5005,3252
25732.63,5006,3252
26052.477,5007,3252
26052.516,5008,3252
26059.811,5009,3252
26059.903,5010,3253
26062.837,5011,3253
26063.107,5012,3253
26064.574,5013,3253
26066.631,5014,3253
26123.432,5015,3253
26338.374,5016,3253
26375.764,5017,3253
26498.213,5018,3253
26500.102,5019,3253
26628.205,5020,3253
26690.724,5021,3253
26701.991,5022,3253
26905.446,5023,3253
26905.776,5024,3253
27010.362,5025,3253
27030.954,5026,3253
27057.979,5027,3253
27142.279,5028,3253
27207.818,5029,3253
27209.855,5030,3253
27351.363,5031,3253
27760.564,5032,3253
27878.522,5033,3253
28227.67,5034,3253
28345.304,5035,3253
28420.762,5036,3253
28754.227,5037,3253
29045.501,5038,3253
29045.803,5039,3253
29166.347,5040,3253
29224.434,5041,3253
29250.433,5042,3253
29336.629,5043,3253
29359.25,5044,3253
29375.103,5045,3253
29675.19,5046,3253
29902.099,5047,3253
30173.802,5048,3253
30186.011,5049,3253
30294.594,5050,3253
30297.247,5051,3253
30851.866,5052,3253
31037.938,5053,3253
31057.269,5054,3253
31134.697,5055,3253
31175.404,5056,3253
31356.2,5057,3253
31387.921,5058,3253
32009.356,5059,3253
32431.921,5060,3253
32442.077,5061,3253
32667.163,5062,3253
32713.771,5063,3253
32749.873,5064,3253
32881.682,5065,3253
33080.295,5066,3253
33087.612,5067,3253
33320.735,5068,3253
33578.935,5069,3253
33582.32,5070,3253
33607.408,5071,3253
33635.376,5072,3253
33738.396,5073,3253
33778.608,5074,3253
33792.997,5075,3253
33821.609,5076,3253
33858.559,5077,3253
33953.399,5078,3253
33983.835,5079,3253
34013.302,5080,3253
34214.259,5081,3253
34276.948,5082,3253
34277.037,5083,3253
34452.58,5084,3253
34512.03,5085,3253
34800.694,5086,3253
34821.701,5087,3253
34856.719,5088,3253
34856.854,5089,3253
34879.739,5090,3253
34881.88,5091,3253
34884.208,5092,3253
34884.425,5093,3253
34900.315,5094,3253
34930.17,5095,3254
34930.221,5096,3254
34943.467,5097,3254
34950.645,5098,3254
34950.836,5099,3254
34951.212,5100,3254
34965.478,5101,3254
34965.643,5102,3254
34970.71,5103,3254
34970.815,5104,3254
34983.219,5105,3254
35235.657,5106,3254
35255.053,5107,3254
35279.803,5108,3254
35300.401,5109,3254
35485.635,5110,3254
35615.191,5111,3254
35628.31,5112,3254
35699.623,5113,3254
35791.858,5114,3254
36091.403,5115,3254
36388.225,5116,3254
36413.023,5117,3254
36443.131,5118,3254
36444.74,5119,3254
36599.276,5120,3254
36657.228,5121,3254
36678.116,5122,3255
36683.499,5123,3255
36721.858,5124,3255
36723.818,5125,3257
36724.284,5126,3257
36727.425,5127,3258
36750.887,5128,3258
36755.065,5129,3258
36792.257,5130,3258
36856.835,5131,3258
37163.176,5132,3258
37196.767,5133,3258
37295.21,5134,3258
37338.183,5135,3258
37338.441,5136,3258
37554.893,5137,3258
37696.336,5138,3259
37717.749,5139,3259
37742.09,5140,3260
37744.834,5141,3260
37778.268,5142,3260
37798.701,5143,3260
38172.133,5144,3261
38178.482,5145,3261
38215.719,5146,3261
38397.1,5147,3261
38732.994,5148,3262
38766.14,5149,3263
38962.098,5150,3263
39126.145,5151,3263
39149.001,5152,3263
39202.216,5153,3263
39315.775,5154,3263
39316.419,5155,3263
39317.393,5156,3263
39350.973,5157,3263
39446.144,5158,3263
39447.182,5159,3263
39526.18,5160,3263
39563.349,5161,3263
39563.415,5162,3263
39620.681,5163,3263
39743.833,5164,3263
39745.027,5165,3263
39935.731,5166,3263
39948.278,5167,3263
39950.327,5168,3263
39960.659,5169,3263
39994.485,5170,3263
40616.688,5171,3263
40644.733,5172,3263
40728.358,5173,3263
40770.699,5174,3264
40770.795,5175,3264
41004.132,5176,3264
41135.612,5177,3264
41282.021,5178,3264
41818.381,5179,3264
41818.979,5180,3264
41980.911,5181,3264
42118.706,5182,3264
42211.902,5183,3264
42511.167,5184,3264
42512.183,5185,3264
42838.772,5186,3264
42865.055,5187,3264
42931.409,5188,3264
43046.687,5189,3264
43159.618,5190,3264
43330.137,5191,3264
43429.407,5192,3264
43449.553,5193,3264
43449.777,5194,3264
43536.512,5195,3264
43551.877,5196,3265
43774.116,5197,3265
44312.296,5198,3265
44312.717,5199,3265
44347.012,5200,3265
44392.738,5201,3265
44443.106,5202,3265
44743.995,5203,3265
44838.32,5204,3265
44950.34,5205,3265
45249.894,5206,3265
46124.373,5207,3265
46511.087,5208,3265
46753.478,5209,3265
46775.35,5210,3265
46966.487,5211,3265
47005.732,5212,3265
47086.549,5213,3265
47180.394,5214,3267
47180.495,5215,3267
47182.211,5216,3267
47182.227,5217,3278
47182.244,5218,3280
47184.234,5219,3281
47184.276,5220,3281
47184.42,5221,3282
47193.839,5222,3285
47194.707,5223,3285
47202.167,5224,3285
47202.461,5225,3285
47204.315,5226,3285
47214.228,5227,3285
47215.189,5228,3286
47215.315,5229,3286
47215.346,5230,3286
47215.592,5231,3286
47215.653,5232,3286
47215.823,5233,3286
47215.867,5234,3286
47216.807,5235,3286
47312.854,5236,3286
47313.462,5237,3286
47315.464,5238,3291
47317.926,5239,3291
47333.274,5240,3291
47354.122,5241,3291
47354.244,5242,3291
47361.174,5243,3291
47432.776,5244,3291
47435.765,5245,3291
47492.701,5246,3291
47532.624,5247,3291
47630.322,5248,3291
47923.108,5249,3291
48074.095,5250,3310
48074.611,5251,3314
48075.721,5252,3314
48075.744,5253,3314
48075.756,5254,3317
48075.78,5255,3317
48075.8,5256,3317
48075.83,5257,3318
48075.852,5258,3320
48075.905,5259,3320
48075.972,5260,3320
48076.011,5261,3320
48076.177,5262,3320
48076.203,5263,3320
48076.321,5264,3320
48076.462,5265,3320
48076.62,5266,3322
48076.702,5267,3322
48077.007,5268,3322
48077.2,5269,3322
48077.473,5270,3323
48077.571,5271,3323
48077.587,5272,3323
48078.249,5273,3323
48078.269,5274,3323
48078.382,5275,3323
48078.799,5276,3324
48084.331,5277,3328
48084.34,5278,3328
48084.451,5279,3328
48084.483,5280,3328
48084.493,5281,3328
48084.522,5282,3328
48084.573,5283,3328
48084.692,5284,3328
48085.648,5285,3328
48086.028,5286,3328
48086.223,5287,3340
48086.894,5288,3340
48087.556,5289,3340
48087.628,5290,3340
48087.756,5291,3340
48087.759,5292,3340
48087.786,5293,3340
48087.923,5294,3340
48088.255,5295,3340
48088.957,5296,3340
48089.287,5297,3340
48090.234,5298,3341
48093.01,5299,3342
48093.491,5300,3342
48093.682,5301,3342
48095.023,5302,3342
48095.091,5303,3342
48095.17,5304,3342
48096.236,5305,3342
48096.456,5306,3344
48096.587,5307,3344
48099.26,5308,3344
48103.192,5309,3345
48103.302,5310,3345
48105.731,5311,3345
48106.258,5312,3345
48107.361,5313,3345
48111.388,5314,3345
48112.765,5315,3345
48113.049,5316,3345
48115.194,5317,3345
48121.495,5318,3347
48121.573,5319,3348
48121.633,5320,3349
48131.089,5321,3349
48131.206,5322,3349
48140.245,5323,3349
48140.685,5324,3349
48148.892,5325,3349
48149.836,5326,3349
48150.257,5327,3349
48151.121,5328,3349
48158.109,5329,3349
48158.482,5330,3349
48159.893,5331,3349
48163.173,5332,3350
48168.506,5333,3350
48168.581,5334,3350
48206.692,5335,3350
48210.208,5336,3350
48212.34,5337,3350
48212.985,5338,3350
48213.247,5339,3350
48215.993,5340,3350
48217.17,5341,3350
48220.76,5342,3350
48229.597,5343,3350
48237.911,5344,3350
48238.115,5345,3350
48238.122,5346,3350
48238.131,5347,3350
48238.183,5348,3350
48238.221,5349,3350
48238.566,5350,3350
48238.828,5351,3350
48239.24,5352,3350
48262.863,5353,3350
48268.394,5354,3350
48268.565,5355,3350
48338.429,5356,3350
48394.154,5357,3350
48423.751,5358,3350
48439.295,5359,3350
48451.799,5360,3350
48451.82,5361,3350
48451.888,5362,3350
48451.908,5363,3350
48570.987,5364,3350
48585.516,5365,3350
48623.486,5366,3350
48652.172,5367,3350
48655.463,5368,3350
48672.891,5369,3350
48707.916,5370,3350
48749.02,5371,3350
48749.179,5372,3350
48883.757,5373,3350
48890.721,5374,3350
48996.163,5375,3350
49050.124,5376,3350
49065.176,5377,3350
49203.61,5378,3350
49249.177,5379,3350
49331.931,5380,3350
49337.988,5381,3350
49406.795,5382,3350
49413.235,5383,3350
49461.658,5384,3350
49504.786,5385,3350
49513.709,5386,3350
49551.885,5387,3350
49614.982,5388,3351
49623.913,5389,3351
49651.188,5390,3351
49701.888,5391,3351
49712.729,5392,3351
49723.994,5393,3351
49793.774,5394,3351
49810.149,5395,3351
49813.777,5396,3351
49998.493,5397,3351
50071.834,5398,3353
50080.711,5399,3353
50092.205,5400,3353
50139.537,5401,3353
50170.582,5402,3353
50291.158,5403,3353
50332.457,5404,3353
50553.281,5405,3353
50612.457,5406,3353
51809.746,5407,3353
52298.543,5408,3353
53683.306,5409,3353
53730.691,5410,3353
53732.112,5411,3353
54175.971,5412,3353
54834.186,5413,3353
54835.381,5414,3353
54923.354,5415,3353
55482.683,5416,3353
55509.094,5417,3353
55511.448,5418,3353
56058.556,5419,3353
56457.305,5420,3353
56476.208,5421,3353
57155.932,5422,3353
57397.39,5423,3353
57485.039,5424,3353
57821.393,5425,3353
58320.478,5426,3353
58955.512,5427,3353
59175.086,5428,3353
59516.476,5429,3353
59749.768,5430,3353
59902.888,5431,3353
59944.484,5432,3353
60203.904,5433,3353
60478.12,5434,3354
60743.541,5435,3354
61066.989,5436,3355
61364.683,5437,3355
61820.452,5438,3355
61897.472,5439,3355
62000.873,5440,3356
62047.524,5441,3356
62068.938,5442,3356
62079.375,5443,3356
62102.0,5444,3356
62105.812,5445,3356
62110.817,5446,3356
62111.17,5447,3356
62115.272,5448,3356
62194.016,5449,3356
62220.216,5450,3356
62223.003,5451,3361
62385.85,5452,3361
62389.368,5453,3361
62416.722,5454,3361
62478.58,5455,3361
62487.885,5456,3361
62501.113,5457,3361
62519.493,5458,3361
62520.348,5459,3361
62520.351,5460,3361
62661.043,5461,3361
62743.684,5462,3361
62963.926,5463,3361
62984.864,5464,3361
62996.594,5465,3361
63127.69,5466,3361
63206.356,5467,3361
63263.494,5468,3361
63355.861,5469,3361
63399.847,5470,3361
63425.458,5471,3361
63478.771,5472,3362
63747.764,5473,3362
63767.021,5474,3362
63803.026,5475,3364
63803.11,5476,3364
63815.914,5477,3365
63821.405,5478,3367
63932.821,5479,3367
64347.304,5480,3367
64528.807,5481,3367
64618.616,5482,3367
64650.038,5483,3368
64650.133,5484,3370
64815.023,5485,3370
65013.153,5486,3370
65189.383,5487,3370
65458.846,5488,3371
66547.226,5489,3371
68370.268,5490,3371
69253.374,5491,3371
70109.063,5492,3371
70226.999,5493,3372
70821.416,5494,3372
71039.653,5495,3372
71039.719,5496,3372
71125.548,5497,3372
71207.986,5498,3372
71466.38,5499,3373
71466.4,5500,3375
71466.458,5501,3376
71474.723,5502,3376
71474.778,5503,3376
71494.131,5504,3377
71630.326,5505,3377
73362.1,5506,3378
73366.537,5507,3378
73366.555,5508,3378
73722.824,5509,3378
74066.769,5510,3378
74329.064,5511,3378
74331.152,5512,3378
74793.594,5513,3378
74803.037,5514,3378
75368.521,5515,3379
75376.686,5516,3379
76537.622,5517,3379
76861.292,5518,3379
76923.479,5519,3379
76985.301,5520,3379
77004.923,5521,3379
77005.141,5522,3379
77389.128,5523,3379
77389.927,5524,3379
77425.023,5525,3379
77451.533,5526,3379
77748.196,5527,3380
77878.546,5528,3380
78497.9,5529,3381
78558.932,5530,3381
78588.63,5531,3381
78594.693,5532,3381
78609.966,5533,3381
78611.162,5534,3381
78724.126,5535,3381
78855.283,5536,3382
79004.048,5537,3382
79571.394,5538,3382
79631.904,5539,3382
79646.747,5540,3382
79691.252,5541,3382
80197.782,5542,3382
80506.328,5543,3382
80550.496,5544,3382
80569.878,5545,3382
80620.821,5546,3382
80688.849,5547,3382
80743.018,5548,3382
80844.625,5549,3382
82172.731,5550,3382
82175.289,5551,3382
82215.194,5552,3385
82215.285,5553,3386
82215.461,5554,3389
82251.366,5555,3394
82251.611,5556,3399
82251.612,5557,3400
82251.615,5558,3402
82327.336,5559,3402
82651.865,5560,3402
82932.708,5561,3402
83115.115,5562,3404
83115.76,5563,3404
83118.981,5564,3404
83119.019,5565,3404
83141.33,5566,3404
83141.815,5567,3404
83151.944,5568,3404
83175.081,5569,3404
83193.458,5570,3404
83439.016,5571,3404
83741.92,5572,3405
83974.764,5573,3405
84142.4,5574,3405
84244.851,5575,3405
84244.868,5576,3405
84247.272,5577,3405
84247.371,5578,3405
84247.563,5579,3405
84261.7,5580,3405
84323.539,5581,3405
84323.574,5582,3405
84323.66,5583,3405
84332.327,5584,3405
84353.988,5585,3405
84415.556,5586,3405
84681.539,5587,3405
84914.414,5588,3476
84914.519,5589,3486
84914.525,5590,3495
84914.527,5591,3495
84914.537,5592,3499
84914.578,5593,3499
84914.587,5594,3499
84914.642,5595,3500
84914.654,5596,3500
84914.675,5597,3503
84914.681,5598,3506
84914.701,5599,3506
84914.708,5600,3506
84914.728,5601,3506
84914.74,5602,3507
84914.749,5603,3509
84914.755,5604,3509
84914.798,5605,3509
84914.851,5606,3509
84914.946,5607,3510
84914.992,5608,3511
84915.018,5609,3511
84915.026,5610,3511
84915.031,5611,3511
84915.136,5612,3512
84915.199,5613,3512
84915.206,5614,3512
84915.251,5615,3512
84915.307,5616,3512
84915.645,5617,3514
84916.225,5618,3515
84916.447,5619,3516
84916.512,5620,3517
84916.591,5621,3518
84917.198,5622,3519
84917.397,5623,3520
84917.437,5624,3520
84917.687,5625,3521
84917.735,5626,3523
84917.951,5627,3523
84918.083,5628,3523
84918.329,5629,3523
84918.497,5630,3525
84918.866,5631,3526
84919.893,5632,3527
84920.713,5633,3527
84920.8,5634,3527
84921.128,5635,3527
84921.132,5636,3531
84921.155,5637,3531
84921.258,5638,3531
84921.499,5639,3531
84921.649,5640,3533
84921.7,5641,3533
84923.196,5642,3533
84923.696,5643,3533
84923.871,5644,3533
84925.496,5645,3533
84925.56,5646,3533
84925.571,5647,3533
84925.575,5648,3536
84925.608,5649,3539
84925.629,5650,3539
84925.65,5651,3539
84925.662,5652,3539
84925.67,5653,3539
84925.748,5654,3539
84925.755,5655,3539
84925.776,5656,3539
84925.792,5657,3539
84925.798,5658,3539
84926.019,5659,3539
84926.148,5660,3539
84926.195,5661,3540
84926.279,5662,3540
84926.444,5663,3540
84926.579,5664,3540
84926.84,5665,3540
84926.852,5666,3540
84926.892,5667,3540
84927.183,5668,3540
84927.768,5669,3540
84927.823,5670,3541
84927.977,5671,3541
84928.299,5672,3541
84932.277,5673,3541
84932.499,5674,3541
84932.611,5675,3541
84932.653,5676,3552
84932.659,5677,3552
84932.67,5678,3552
84932.738,5679,3552
84932.789,5680,3552
84932.804,5681,3552
84932.844,5682,3553
84932.867,5683,3553
84932.88,5684,3553
84932.935,5685,3553
84932.939,5686,3553
84932.946,5687,3554
84933.155,5688,3554
84933.371,5689,3554
84933.431,5690,3554
84933.768,5691,3554
84934.258,5692,3554
84934.28,5693,3554
84934.64,5694,3554
84935.363,5695,3554
84935.387,5696,3555
84935.395,5697,3555
84935.541,5698,3558
84935.999,5699,3558
84936.73,5700,3558
84936.76,5701,3558
84936.808,5702,3558
84936.824,5703,3558
84936.856,5704,3558
84937.11,5705,3558
84937.129,5706,3558
84937.154,5707,3558
84937.3,5708,3558
84937.56,5709,3558
84939.203,5710,3558
84939.902,5711,3558
84941.238,5712,3558
84941.244,5713,3558
84941.248,5714,3558
84941.361,5715,3558
84941.367,5716,3558
84941.485,5717,3558
84941.756,5718,3558
84943.575,5719,3558
84943.75,5720,3558
84944.519,5721,3558
84944.531,5722,3558
84945.564,5723,3558
84946.391,5724,3558
84947.992,5725,3558
84948.108,5726,3558
84948.15,5727,3558
84948.855,5728,3558
84948.907,5729,3558
84949.144,5730,3558
84949.49,5731,3558
84953.51,5732,3558
84953.741,5733,3558
84954.029,5734,3565
84955.121,5735,3565
84957.061,5736,3565
84957.539,5737,3565
84957.561,5738,3565
84957.625,5739,3565
84958.002,5740,3565
84958.745,5741,3565
84958.836,5742,3565
84961.289,5743,3565
84961.374,5744,3565
84961.507,5745,3571
84961.55,5746,3571
84961.675,5747,3571
84962.957,5748,3571
84964.73,5749,3571
84971.115,5750,3571
84971.178,5751,3575
84971.904,5752,3575
84973.325,5753,3575
84974.057,5754,3576
84975.588,5755,3576
84975.884,5756,3578
84976.506,5757,3578
84985.34,5758,3578
84985.364,5759,3578
84987.35,5760,3578
84987.776,5761,3578
84988.6,5762,3578
84989.119,5763,3578
85013.887,5764,3578
85013.992,5765,3578
85023.55,5766,3581
85023.64,5767,3581
85024.53,5768,3581
85028.57,5769,3581
85051.906,5770,3581
85052.184,5771,3581
85062.398,5772,3581
85062.409,5773,3581
85062.632,5774,3581
85065.902,5775,3581
85080.168,5776,3582
85081.889,5777,3582
85086.028,5778,3582
85089.849,5779,3582
85090.309,5780,3582
85109.732,5781,3582
85137.891,5782,3582
85161.672,5783,3582
85177.916,5784,3582
85203.778,5785,3582
85249.704,5786,3582
85250.62,5787,3582
85281.721,5788,3582
85292.455,5789,3582
85297.875,5790,3582
85334.931,5791,3582
85334.935,5792,3582
85334.983,5793,3582
85339.344,5794,3582
85389.083,5795,3584
85393.236,5796,3584
85507.041,5797,3584
85572.07,5798,3584
85585.452,5799,3584
85594.952,5800,3584
85610.672,5801,3584
85615.226,5802,3584
85617.642,5803,3584
85619.461,5804,3584
85626.745,5805,3584
85671.353,5806,3584
85709.201,5807,3584
85771.487,5808,3584
85966.387,5809,3585
85981.463,5810,3585
85993.409,5811,3585
85993.622,5812,3585
86009.029,5813,3585
86010.003,5814,3585
86010.531,5815,3585
