time_s,inputs,cumulative_edges
0.0,1,2325
0.0,2,2424
0.0,3,2443
0.0,4,2490
0.0,5,2591
0.0,6,2595
0.0,7,2904
0.0,8,2961
0.0,9,3364
0.0,10,3398
0.0,11,3400
0.0,12,3500
0.0,13,3502
0.0,14,3509
0.0,15,3527
0.0,16,3527
0.0,17,3528
0.0,18,3548
0.0,19,3721
0.0,20,3730
0.0,21,3732
0.0,22,3734
0.0,23,3743
0.0,24,3743
0.0,25,3744
0.0,26,3773
0.0,27,3773
0.0,28,3779
0.0,29,3795
0.0,30,3796
0.0,31,3802
0.0,32,3805
0.0,33,3825
0.0,34,3825
0.0,35,3833
0.0,36,3833
0.0,37,3847
0.0,38,3852
0.0,39,3855
0.0,40,3855
0.0,41,3871
0.0,42,3872
0.0,43,3910
0.0,44,3932
0.0,45,3967
0.0,46,3992
0.0,47,3997
0.0,48,4001
0.0,49,4037
0.0,50,4052
0.0,51,4052
0.0,52,4055
0.0,53,4055
0.0,54,4067
0.0,55,4144
0.0,56,4144
0.0,57,4150
0.0,58,4157
0.0,59,4161
0.0,60,4164
0.0,61,4174
0.0,62,4174
0.0,63,4194
0.0,64,4194
0.0,65,4194
0.0,66,4194
0.0,67,4194
0.0,68,4196
0.0,69,4200
0.0,70,4200
0.0,71,4206
0.0,72,4206
0.0,73,4206
0.0,74,4210
0.0,75,4211
0.0,76,4212
0.0,77,4212
0.0,78,4212
0.0,79,4212
0.0,80,4212
0.0,81,4245
0.0,82,4246
0.0,83,4248
0.0,84,4248
0.0,85,4248
0.0,86,4250
0.0,87,4256
0.0,88,4379
0.0,89,4447
0.0,90,4451
0.0,91,4454
0.0,92,4454
0.0,93,4458
0.0,94,4458
0.0,95,4458
0.0,96,4458
0.0,97,4487
0.0,98,4493
0.0,99,4504
0.0,100,4504
0.0,101,4517
0.0,102,4518
0.0,103,4518
0.0,104,4518
0.0,105,4518
0.0,106,4518
0.0,107,4520
0.0,108,4521
0.0,109,4523
0.0,110,4523
0.0,111,4523
0.0,112,4527
0.0,113,4527
0.0,114,4532
0.0,115,4534
0.0,116,4538
0.0,117,4539
0.0,118,4539
0.0,119,4539
0.0,120,4550
0.0,121,4550
0.0,122,4550
0.0,123,4550
0.0,124,4552
0.0,125,4552
0.0,126,4552
0.0,127,4563
0.0,128,4913
0.0,129,4914
0.0,130,4914
0.0,131,4914
0.0,132,4914
0.0,133,4914
0.0,134,4914
0.0,135,4915
0.0,136,4915
0.0,137,4915
0.0,138,4923
0.0,139,4923
0.0,140,4923
0.0,141,4924
0.0,142,4927
0.0,143,4927
0.0,144,4927
0.0,145,5011
0.0,146,5011
0.0,147,5016
0.0,148,5016
0.0,149,5016
0.0,150,5016
0.0,151,5023
0.0,152,5023
0.0,153,5029
0.0,154,5031
0.0,155,5031
0.0,156,5031
0.0,157,5031
0.0,158,5032
0.0,159,5113
0.0,160,5113
0.0,161,5113
0.0,162,5123
0.0,163,5124
0.0,164,5124
0.0,165,5124
0.0,166,5124
0.0,167,5125
0.0,168,5136
0.0,169,5140
0.0,170,5141
0.0,171,5141
0.0,172,5144
0.0,173,5170
0.0,174,5176
0.0,175,5176
0.0,176,5180
0.0,177,5182
0.0,178,5182
0.016,179,5182
0.03,180,5183
0.046,181,5184
0.057,182,5184
0.08,183,5187
0.11,184,5188
0.137,185,5188
0.148,186,5193
0.159,187,5194
0.173,188,5195
0.184,189,5197
0.217,190,5197
0.342,191,5198
0.354,192,5199
0.408,193,5199
0.422,194,5199
0.479,195,5200
0.493,196,5201
0.563,197,5202
0.595,198,5202
0.624,199,5203
0.656,200,5204
0.671,201,5204
0.801,202,5209
0.815,203,5210
0.829,204,5211
0.85,205,5212
0.871,206,5213
0.893,207,5214
0.911,208,5215
0.973,209,5215
1.021,210,5216
1.035,211,5216
1.312,212,5216
1.618,213,5217
1.643,214,5218
1.657,215,5220
1.684,216,5220
1.722,217,5221
1.752,218,5221
1.802,219,5222
1.827,220,5222
1.996,221,5222
2.05,222,5223
2.071,223,5223
2.181,224,5223
2.378,225,5224
2.413,226,5234
2.445,227,5235
2.468,228,5235
2.518,229,5235
2.616,230,5235
2.705,231,5237
2.875,232,5238
2.93,233,5245
3.03,234,5245
3.141,235,5246
3.16,236,5247
3.305,237,5247
3.486,238,5247
3.683,239,5248
3.716,240,5251
3.809,241,5252
3.928,242,5253
4.036,243,5255
4.347,244,5255
4.557,245,5255
4.623,246,5255
4.666,247,5256
4.683,248,5257
4.787,249,5257
4.833,250,5257
4.953,251,5257
5.014,252,5257
5.239,253,5258
5.261,254,5258
5.376,255,5258
5.732,256,5261
6.046,257,5271
6.613,258,5271
6.824,259,5271
6.916,260,5271
6.947,261,5271
6.996,262,5272
7.371,263,5273
7.525,264,5273
7.642,265,5274
7.722,266,5274
7.89,267,5274
8.115,268,5275
8.139,269,5276
8.274,270,5277
8.918,271,5277
9.074,272,5278
9.086,273,5278
9.708,274,5279
9.734,275,5287
9.983,276,5288
10.445,277,5290
10.481,278,5290
10.846,279,5291
10.948,280,5291
10.998,281,5292
11.038,282,5293
11.148,283,5296
11.428,284,5296
11.454,285,5296
11.667,286,5297
12.206,287,5298
12.488,288,5298
12.516,289,5298
12.714,290,5298
12.809,291,5298
12.967,292,5298
13.109,293,5298
13.36,294,5298
13.499,295,5298
13.567,296,5299
13.747,297,5299
13.78,298,5301
14.004,299,5301
14.054,300,5301
14.077,301,5301
14.214,302,5302
14.904,303,5304
15.111,304,5304
15.599,305,5304
15.656,306,5304
15.754,307,5305
15.97,308,5307
15.996,309,5307
16.09,310,5308
16.988,311,5308
17.081,312,5308
17.629,313,5314
17.932,314,5315
18.501,315,5315
18.573,316,5317
18.688,317,5317
19.294,318,5318
19.692,319,5318
19.704,320,5318
19.953,321,5318
21.259,322,5318
21.325,323,5320
21.568,324,5320
21.7,325,5320
21.861,326,5321
22.099,327,5323
22.136,328,5323
22.27,329,5323
22.539,330,5323
23.43,331,5324
23.632,332,5324
23.746,333,5324
23.831,334,5325
24.733,335,5327
24.768,336,5328
25.132,337,5328
25.387,338,5329
25.572,339,5329
25.871,340,5332
26.143,341,5333
26.343,342,5333
26.355,343,5333
27.512,344,5334
28.041,345,5336
28.191,346,5336
28.438,347,5337
28.475,348,5343
28.712,349,5343
28.923,350,5343
28.937,351,5344
29.38,352,5344
29.977,353,5345
30.28,354,5345
31.057,355,5347
31.458,356,5348
31.519,357,5349
32.023,358,5350
32.19,359,5351
32.331,360,5351
32.555,361,5352
33.381,362,5354
33.407,363,5354
33.561,364,5354
33.697,365,5354
34.124,366,5355
34.594,367,5355
34.703,368,5355
34.848,369,5355
35.447,370,5356
35.651,371,5356
35.728,372,5356
35.838,373,5356
36.276,374,5356
37.269,375,5356
37.891,376,5357
38.206,377,5357
39.063,378,5358
39.187,379,5358
39.431,380,5359
39.651,381,5360
39.831,382,5361
39.862,383,5361
40.234,384,5362
40.395,385,5362
40.553,386,5362
40.735,387,5363
41.052,388,5364
41.503,389,5364
41.558,390,5366
41.737,391,5366
42.035,392,5367
42.11,393,5367
42.208,394,5375
42.758,395,5375
43.876,396,5376
44.756,397,5377
45.436,398,5378
45.485,399,5379
45.597,400,5379
45.797,401,5379
46.406,402,5379
46.964,403,5379
47.355,404,5379
48.144,405,5379
48.258,406,5380
48.425,407,5382
49.352,408,5383
49.778,409,5384
49.818,410,5384
52.503,411,5385
52.706,412,5393
52.894,413,5395
53.539,414,5395
53.656,415,5395
53.755,416,5396
54.253,417,5396
56.545,418,5400
56.816,419,5400
57.829,420,5400
57.915,421,5400
58.349,422,5401
58.617,423,5407
60.357,424,5407
61.298,425,5408
61.918,426,5408
62.139,427,5408
62.71,428,5408
63.272,429,5408
63.414,430,5409
64.128,431,5409
64.85,432,5409
65.219,433,5410
67.291,434,5412
67.446,435,5414
68.053,436,5415
68.168,437,5416
69.419,438,5416
69.585,439,5416
70.229,440,5416
70.505,441,5417
71.306,442,5417
71.644,443,5417
72.745,444,5418
73.014,445,5419
73.044,446,5421
73.791,447,5422
74.073,448,5423
76.689,449,5423
78.464,450,5423
78.868,451,5423
80.368,452,5425
81.236,453,5425
81.519,454,5426
81.745,455,5428
81.941,456,5429
82.663,457,5429
83.174,458,5429
83.346,459,5429
85.091,460,5430
85.417,461,5430
86.619,462,5431
88.014,463,5432
88.381,464,5432
88.648,465,5432
88.913,466,5433
89.798,467,5434
93.189,468,5435
93.355,469,5435
93.43,470,5442
93.477,471,5442
93.689,472,5442
94.149,473,5442
95.108,474,5467
95.586,475,5467
95.911,476,5467
96.734,477,5467
97.083,478,5467
97.269,479,5467
97.663,480,5467
97.75,481,5467
98.793,482,5467
99.821,483,5474
101.357,484,5475
101.467,485,5475
102.266,486,5476
102.74,487,5476
102.957,488,5478
103.4,489,5478
104.607,490,5479
104.809,491,5479
106.398,492,5480
107.768,493,5480
107.873,494,5481
109.929,495,5517
109.969,496,5518
110.225,497,5519
112.139,498,5520
112.239,499,5521
113.122,500,5521
114.194,501,5521
114.327,502,5521
114.545,503,5523
115.756,504,5524
118.928,505,5524
119.112,506,5524
121.054,507,5524
121.583,508,5524
121.878,509,5524
121.997,510,5525
122.507,511,5526
124.067,512,5526
124.255,513,5528
124.804,514,5528
125.587,515,5528
126.41,516,5528
126.442,517,5528
126.485,518,5528
126.511,519,5528
126.584,520,5530
126.668,521,5531
126.988,522,5533
127.3,523,5533
127.826,524,5534
127.877,525,5535
127.975,526,5536
128.01,527,5537
128.179,528,5537
128.24,529,5537
128.598,530,5538
128.737,531,5539
128.872,532,5539
128.979,533,5539
129.038,534,5539
129.279,535,5539
129.402,536,5539
129.733,537,5539
130.137,538,5539
130.35,539,5540
130.592,540,5540
130.85,541,5570
130.927,542,5570
131.153,543,5572
131.973,544,5574
132.347,545,5576
132.637,546,5576
132.649,547,5578
132.868,548,5579
133.255,549,5580
134.468,550,5580
134.563,551,5580
134.645,552,5580
134.683,553,5580
134.806,554,5580
135.025,555,5581
135.438,556,5581
136.764,557,5581
136.806,558,5582
137.065,559,5582
137.084,560,5582
137.182,561,5584
137.405,562,5584
137.647,563,5584
138.003,564,5584
138.071,565,5585
138.545,566,5586
138.561,567,5587
139.365,568,5587
139.681,569,5587
139.918,570,5587
140.177,571,5587
140.259,572,5587
140.764,573,5588
141.248,574,5589
141.438,575,5589
141.932,576,5590
142.203,577,5590
142.245,578,5591
143.239,579,5592
145.289,580,5592
145.979,581,5592
146.056,582,5592
146.665,583,5595
146.721,584,5596
146.754,585,5597
147.831,586,5599
149.064,587,5599
150.882,588,5602
151.46,589,5603
152.436,590,5605
153.714,591,5607
153.786,592,5610
154.866,593,5610
155.08,594,5611
155.639,595,5611
155.823,596,5611
156.044,597,5612
161.598,598,5613
161.794,599,5613
163.367,600,5613
163.433,601,5613
163.448,602,5613
164.316,603,5616
165.37,604,5617
165.452,605,5617
165.812,606,5618
166.675,607,5620
166.811,608,5621
166.938,609,5622
167.508,610,5623
168.984,611,5623
169.126,612,5624
169.196,613,5624
170.166,614,5624
170.61,615,5624
170.859,616,5624
171.416,617,5626
172.16,618,5626
172.674,619,5626
172.731,620,5626
172.819,621,5627
173.672,622,5628
173.858,623,5628
174.121,624,5628
174.834,625,5628
175.897,626,5629
179.632,627,5629
180.263,628,5630
180.304,629,5631
180.641,630,5631
182.885,631,5632
183.501,632,5633
187.635,633,5636
189.588,634,5636
190.164,635,5637
190.834,636,5637
192.441,637,5638
194.062,638,5639
196.497,639,5639
198.572,640,5639
204.06,641,5641
204.375,642,5642
205.122,643,5643
209.45,644,5643
212.802,645,5643
219.641,646,5643
220.44,647,5644
220.493,648,5644
220.687,649,5645
227.305,650,5652
231.723,651,5652
234.064,652,5652
236.649,653,5652
236.865,654,5656
237.906,655,5657
241.003,656,5657
241.786,657,5657
242.492,658,5659
242.969,659,5660
243.022,660,5661
245.221,661,5661
249.778,662,5661
250.742,663,5662
251.047,664,5662
251.162,665,5662
255.426,666,5663
255.632,667,5664
261.895,668,5665
263.149,669,5665
264.331,670,5665
265.465,671,5666
265.54,672,5667
270.826,673,5667
271.145,674,5667
272.161,675,5669
274.217,676,5670
274.565,677,5670
277.983,678,5673
285.034,679,5673
285.773,680,5673
288.561,681,5673
291.737,682,5673
295.465,683,5674
298.396,684,5674
298.524,685,5676
298.638,686,5676
299.328,687,5676
300.348,688,5676
300.635,689,5676
301.73,690,5676
301.782,691,5676
302.056,692,5677
302.184,693,5678
303.183,694,5679
304.796,695,5681
304.855,696,5682
305.039,697,5684
305.064,698,5684
305.139,699,5685
305.317,700,5688
305.341,701,5689
305.425,702,5689
305.443,703,5689
305.461,704,5689
305.485,705,5690
305.521,706,5691
305.787,707,5692
305.817,708,5693
305.832,709,5694
305.85,710,5695
305.865,711,5696
306.09,712,5696
307.766,713,5696
308.128,714,5696
308.496,715,5697
308.748,716,5697
309.057,717,5699
309.228,718,5699
309.287,719,5700
309.437,720,5701
309.791,721,5701
309.988,722,5701
310.578,723,5701
310.687,724,5701
311.203,725,5701
311.576,726,5702
311.776,727,5703
311.792,728,5704
311.832,729,5704
311.876,730,5704
312.742,731,5704
313.346,732,5704
313.661,733,5704
313.997,734,5704
314.364,735,5704
315.476,736,5704
315.562,737,5705
315.837,738,5707
315.969,739,5707
317.068,740,5715
318.31,741,5715
319.021,742,5718
319.117,743,5718
319.505,744,5721
320.225,745,5721
320.239,746,5721
320.628,747,5723
321.147,748,5723
321.5,749,5724
321.683,750,5724
322.245,751,5724
323.311,752,5724
323.359,753,5725
323.815,754,5726
324.166,755,5727
324.248,756,5730
324.268,757,5731
324.357,758,5731
327.69,759,5731
328.488,760,5731
328.901,761,5732
329.367,762,5750
329.521,763,5754
330.033,764,5756
331.486,765,5757
332.372,766,5759
334.097,767,5759
334.945,768,5760
335.734,769,5761
335.942,770,5764
336.366,771,5764
337.845,772,5764
338.984,773,5764
340.165,774,5766
340.692,775,5766
341.075,776,5766
341.7,777,5766
341.747,778,5766
343.519,779,5766
343.746,780,5766
345.573,781,5767
345.629,782,5769
346.304,783,5769
346.765,784,5771
347.705,785,5771
350.388,786,5772
351.178,787,5774
351.369,788,5774
351.481,789,5774
354.141,790,5774
354.885,791,5777
355.349,792,5777
355.685,793,5777
356.149,794,5777
356.984,795,5777
357.277,796,5777
357.993,797,5777
358.771,798,5779
359.854,799,5780
362.86,800,5780
364.079,801,5780
365.304,802,5781
365.812,803,5782
365.828,804,5782
366.685,805,5782
367.602,806,5785
370.053,807,5785
371.797,808,5785
376.37,809,5785
376.737,810,5785
377.97,811,5787
381.932,812,5787
382.96,813,5788
383.242,814,5788
387.918,815,5788
388.263,816,5788
388.929,817,5788
389.134,818,5788
389.932,819,5789
390.066,820,5791
390.569,821,5791
391.015,822,5791
391.791,823,5791
392.107,824,5791
393.331,825,5791
393.901,826,5793
398.491,827,5793
400.239,828,5793
401.298,829,5794
402.132,830,5795
402.207,831,5795
403.139,832,5798
403.709,833,5798
416.339,834,5798
416.804,835,5799
417.027,836,5799
421.761,837,5803
430.093,838,5803
434.053,839,5803
440.34,840,5804
440.981,841,5804
445.492,842,5804
446.701,843,5804
449.313,844,5804
454.974,845,5805
455.064,846,5805
455.236,847,5808
455.258,848,5810
455.316,849,5814
455.553,850,5814
455.702,851,5814
455.881,852,5815
455.898,853,5815
456.718,854,5815
456.858,855,5815
456.872,856,5815
456.89,857,5815
456.912,858,5815
456.926,859,5815
456.963,860,5815
457.019,861,5815
457.034,862,5815
457.064,863,5815
457.104,864,5815
457.119,865,5815
457.193,866,5815
457.227,867,5815
457.266,868,5815
457.329,869,5815
457.399,870,5815
457.484,871,5818
457.555,872,5818
457.659,873,5818
457.705,874,5818
457.737,875,5820
457.823,876,5820
457.95,877,5820
457.987,878,5821
458.121,879,5821
458.187,880,5821
458.228,881,5822
458.374,882,5822
458.844,883,5822
458.898,884,5822
459.345,885,5822
459.567,886,5823
460.043,887,5823
460.196,888,5823
460.219,889,5824
460.259,890,5824
460.357,891,5824
460.573,892,5824
460.786,893,5824
460.952,894,5824
461.154,895,5826
461.19,896,5827
461.21,897,5827
461.314,898,5827
461.49,899,5827
461.536,900,5827
461.592,901,5828
461.623,902,5828
461.854,903,5828
462.52,904,5828
462.545,905,5828
462.866,906,5828
463.041,907,5828
463.083,908,5828
463.225,909,5829
463.241,910,5829
463.674,911,5829
463.92,912,5829
463.934,913,5830
464.083,914,5830
464.691,915,5830
466.641,916,5830
467.366,917,5831
467.505,918,5833
467.996,919,5833
468.052,920,5833
468.089,921,5833
468.146,922,5833
468.748,923,5833
469.535,924,5834
469.584,925,5834
469.847,926,5834
469.907,927,5835
470.274,928,5835
470.626,929,5836
470.749,930,5838
471.352,931,5838
471.445,932,5838
471.649,933,5842
472.201,934,5842
472.303,935,5843
472.347,936,5843
472.79,937,5844
473.682,938,5844
473.714,939,5844
474.369,940,5845
474.515,941,5846
475.29,942,5847
475.402,943,5847
475.418,944,5847
476.07,945,5847
476.846,946,5847
476.949,947,5847
477.09,948,5847
477.546,949,5848
479.731,950,5848
480.719,951,5849
482.206,952,5849
482.623,953,5849
482.668,954,5849
483.142,955,5849
483.457,956,5850
483.701,957,5851
483.953,958,5851
484.111,959,5851
484.527,960,5851
485.482,961,5852
486.023,962,5852
486.108,963,5853
486.161,964,5853
486.34,965,5854
486.365,966,5855
487.044,967,5855
488.448,968,5856
488.554,969,5857
488.886,970,5857
488.965,971,5857
490.142,972,5857
490.312,973,5858
490.69,974,5858
491.047,975,5859
491.534,976,5859
491.704,977,5859
492.864,978,5859
494.113,979,5860
494.282,980,5860
494.929,981,5860
494.982,982,5860
501.446,983,5860
501.479,984,5860
501.995,985,5861
502.368,986,5863
502.926,987,5863
503.06,988,5863
503.305,989,5863
503.383,990,5863
503.401,991,5863
503.417,992,5863
503.432,993,5863
503.447,994,5863
503.469,995,5863
503.499,996,5863
503.517,997,5863
503.541,998,5863
503.557,999,5863
503.58,1000,5863
503.605,1001,5864
503.624,1002,5864
503.654,1003,5864
503.673,1004,5864
503.693,1005,5864
503.74,1006,5864
503.757,1007,5864
503.803,1008,5864
503.836,1009,5864
503.851,1010,5864
503.91,1011,5864
503.963,1012,5864
504.028,1013,5864
504.044,1014,5864
504.075,1015,5864
504.097,1016,5864
504.116,1017,5864
504.204,1018,5864
504.314,1019,5864
504.336,1020,5864
504.377,1021,5864
504.393,1022,5864
504.415,1023,5865
504.432,1024,5865
504.46,1025,5865
504.479,1026,5865
504.494,1027,5865
504.539,1028,5865
504.645,1029,5865
504.659,1030,5865
504.703,1031,5865
504.737,1032,5865
504.76,1033,5866
504.775,1034,5867
504.81,1035,5868
504.872,1036,5868
504.901,1037,5868
504.94,1038,5869
504.971,1039,5870
504.999,1040,5870
505.035,1041,5870
505.083,1042,5870
505.16,1043,5870
505.241,1044,5870
505.299,1045,5870
505.37,1046,5870
505.406,1047,5871
505.428,1048,5871
505.448,1049,5871
505.523,1050,5871
505.552,1051,5871
505.594,1052,5871
505.654,1053,5871
505.708,1054,5872
505.735,1055,5872
505.835,1056,5872
505.863,1057,5873
505.887,1058,5873
505.963,1059,5873
505.983,1060,5873
506.109,1061,5873
506.162,1062,5873
506.199,1063,5873
506.304,1064,5873
506.539,1065,5873
506.676,1066,5873
506.761,1067,5873
506.793,1068,5873
506.886,1069,5873
506.925,1070,5873
506.997,1071,5873
507.01,1072,5873
507.033,1073,5873
507.151,1074,5873
507.383,1075,5873
507.421,1076,5873
507.435,1077,5873
507.593,1078,5873
507.613,1079,5873
507.684,1080,5874
507.873,1081,5874
507.938,1082,5874
507.978,1083,5875
508.084,1084,5875
508.192,1085,5875
508.246,1086,5876
508.27,1087,5876
508.328,1088,5876
508.425,1089,5877
508.522,1090,5877
508.579,1091,5877
508.688,1092,5877
508.782,1093,5878
508.91,1094,5879
508.996,1095,5879
509.075,1096,5879
509.279,1097,5879
509.383,1098,5879
509.419,1099,5879
509.556,1100,5879
509.591,1101,5879
509.739,1102,5879
509.874,1103,5879
510.135,1104,5879
510.357,1105,5879
510.41,1106,5879
510.542,1107,5879
510.689,1108,5879
510.764,1109,5879
510.815,1110,5879
510.888,1111,5879
511.213,1112,5885
511.321,1113,5885
511.791,1114,5885
511.832,1115,5885
511.874,1116,5885
511.923,1117,5885
511.942,1118,5885
511.986,1119,5885
512.548,1120,5885
512.774,1121,5885
512.829,1122,5886
512.865,1123,5886
513.297,1124,5886
513.377,1125,5886
513.602,1126,5887
513.652,1127,5887
513.714,1128,5887
513.82,1129,5887
513.872,1130,5887
514.067,1131,5887
514.359,1132,5887
514.493,1133,5888
514.512,1134,5888
514.636,1135,5888
514.721,1136,5888
514.934,1137,5888
515.465,1138,5888
515.573,1139,5888
515.77,1140,5889
515.804,1141,5889
515.862,1142,5889
516.125,1143,5889
516.249,1144,5889
516.341,1145,5889
516.369,1146,5889
516.45,1147,5889
516.544,1148,5889
516.972,1149,5889
517.044,1150,5889
517.706,1151,5889
517.74,1152,5890
517.795,1153,5891
519.532,1154,5891
519.587,1155,5891
519.829,1156,5892
520.109,1157,5892
520.276,1158,5893
520.77,1159,5893
521.205,1160,5894
521.231,1161,5895
521.273,1162,5895
521.384,1163,5896
521.444,1164,5897
521.795,1165,5897
521.916,1166,5897
522.221,1167,5897
522.965,1168,5897
523.125,1169,5897
524.066,1170,5897
524.699,1171,5897
524.775,1172,5897
524.848,1173,5897
524.868,1174,5897
525.122,1175,5897
525.154,1176,5897
525.824,1177,5898
526.096,1178,5899
526.266,1179,5899
526.329,1180,5899
526.364,1181,5900
527.142,1182,5901
527.94,1183,5901
528.289,1184,5901
528.339,1185,5902
528.922,1186,5902
529.396,1187,5904
529.475,1188,5904
529.962,1189,5905
530.077,1190,5905
530.969,1191,5905
533.149,1192,5905
533.543,1193,5905
533.596,1194,5905
535.445,1195,5906
535.578,1196,5907
536.004,1197,5907
538.206,1198,5907
538.362,1199,5907
538.613,1200,5908
538.855,1201,5911
539.737,1202,5911
539.817,1203,5911
540.028,1204,5911
540.641,1205,5911
540.667,1206,5914
542.437,1207,5915
543.786,1208,5915
544.273,1209,5915
545.67,1210,5915
546.054,1211,5915
546.398,1212,5915
547.55,1213,5915
547.582,1214,5915
547.801,1215,5915
548.248,1216,5915
549.15,1217,5916
550.321,1218,5916
551.999,1219,5917
553.252,1220,5918
553.385,1221,5919
554.228,1222,5919
554.253,1223,5919
554.366,1224,5919
554.829,1225,5919
555.194,1226,5919
555.444,1227,5920
555.73,1228,5921
556.574,1229,5921
556.609,1230,5940
556.853,1231,5948
557.223,1232,5949
559.083,1233,5949
561.242,1234,5949
561.814,1235,5949
562.007,1236,5950
567.299,1237,5951
568.534,1238,5951
568.788,1239,5951
569.539,1240,5951
570.122,1241,5952
572.588,1242,5952
573.795,1243,5953
577.161,1244,5953
581.617,1245,5954
583.462,1246,5954
583.691,1247,5954
585.25,1248,5955
586.097,1249,5956
591.102,1250,5956
593.192,1251,5957
593.845,1252,5957
594.505,1253,5958
594.972,1254,5959
599.981,1255,5959
604.174,1256,5959
605.216,1257,5959
612.656,1258,5960
615.945,1259,5960
616.832,1260,5960
617.841,1261,5960
619.561,1262,5960
622.765,1263,5960
629.695,1264,5960
630.28,1265,5960
637.917,1266,5960
644.521,1267,5960
651.671,1268,5960
652.959,1269,5961
653.57,1270,5962
655.286,1271,5963
657.387,1272,5963
658.985,1273,5964
677.621,1274,5965
690.32,1275,5965
694.878,1276,5965
700.479,1277,5965
708.647,1278,5966
708.702,1279,5966
709.122,1280,5966
709.213,1281,5966
710.694,1282,5966
710.732,1283,5966
710.978,1284,5967
711.189,1285,5967
711.256,1286,5967
711.351,1287,5967
711.841,1288,5967
711.962,1289,5968
712.295,1290,5968
712.342,1291,5968
712.872,1292,5968
713.212,1293,5968
713.256,1294,5968
713.465,1295,5968
713.624,1296,5970
714.207,1297,5970
714.646,1298,5977
714.766,1299,5977
715.787,1300,5978
716.356,1301,6004
716.965,1302,6005
718.461,1303,6008
719.854,1304,6010
720.728,1305,6012
721.461,1306,6012
722.261,1307,6012
723.034,1308,6012
723.767,1309,6013
724.707,1310,6013
724.857,1311,6013
726.108,1312,6021
726.536,1313,6021
727.085,1314,6022
729.42,1315,6023
729.465,1316,6023
729.617,1317,6023
729.862,1318,6024
730.688,1319,6024
730.799,1320,6033
731.372,1321,6033
731.899,1322,6033
732.07,1323,6039
732.494,1324,6039
734.071,1325,6040
735.697,1326,6040
737.004,1327,6040
737.873,1328,6040
741.165,1329,6040
741.973,1330,6040
741.992,1331,6040
744.326,1332,6042
748.196,1333,6042
748.258,1334,6042
748.422,1335,6042
748.45,1336,6042
748.553,1337,6042
748.681,1338,6042
748.815,1339,6042
748.998,1340,6042
749.136,1341,6042
749.243,1342,6042
749.289,1343,6042
749.783,1344,6043
749.812,1345,6043
749.849,1346,6043
749.95,1347,6043
749.965,1348,6043
750.036,1349,6043
750.051,1350,6043
750.226,1351,6043
750.275,1352,6043
750.298,1353,6044
750.33,1354,6044
750.38,1355,6045
750.453,1356,6045
750.575,1357,6046
750.589,1358,6047
750.703,1359,6047
751.036,1360,6047
752.007,1361,6047
753.348,1362,6047
753.945,1363,6047
754.005,1364,6048
754.289,1365,6048
754.377,1366,6048
755.768,1367,6048
755.856,1368,6049
757.048,1369,6049
757.505,1370,6050
758.056,1371,6051
758.101,1372,6051
759.92,1373,6051
760.854,1374,6052
763.571,1375,6052
766.434,1376,6052
766.951,1377,6052
771.188,1378,6052
771.211,1379,6053
772.652,1380,6054
778.834,1381,6054
779.157,1382,6054
780.16,1383,6054
780.462,1384,6055
780.712,1385,6057
784.512,1386,6058
785.805,1387,6058
785.85,1388,6058
785.98,1389,6058
786.083,1390,6059
786.156,1391,6059
786.373,1392,6059
787.064,1393,6071
787.467,1394,6072
787.48,1395,6073
788.095,1396,6075
788.542,1397,6075
788.853,1398,6075
789.072,1399,6075
790.134,1400,6076
790.722,1401,6076
790.811,1402,6076
791.45,1403,6087
791.805,1404,6087
792.453,1405,6087
792.756,1406,6087
793.612,1407,6087
794.11,1408,6088
795.763,1409,6088
797.014,1410,6088
797.201,1411,6088
797.387,1412,6089
799.384,1413,6089
799.595,1414,6090
799.635,1415,6090
800.04,1416,6092
800.182,1417,6093
800.478,1418,6093
800.783,1419,6094
800.998,1420,6094
801.25,1421,6095
801.608,1422,6096
803.508,1423,6100
804.047,1424,6101
804.935,1425,6101
804.999,1426,6101
806.332,1427,6101
807.112,1428,6101
808.097,1429,6101
808.594,1430,6102
810.579,1431,6102
810.752,1432,6102
814.703,1433,6103
836.718,1434,6103
844.522,1435,6103
845.525,1436,6103
846.712,1437,6103
851.218,1438,6103
867.925,1439,6103
870.264,1440,6103
874.669,1441,6109
874.801,1442,6110
874.898,1443,6110
875.043,1444,6110
875.179,1445,6110
875.301,1446,6114
875.329,1447,6114
875.517,1448,6114
875.669,1449,6114
875.806,1450,6114
875.92,1451,6114
875.948,1452,6114
876.065,1453,6114
876.2,1454,6114
876.228,1455,6114
876.36,1456,6114
876.823,1457,6114
877.022,1458,6114
877.111,1459,6121
877.13,1460,6123
877.661,1461,6123
877.726,1462,6139
877.866,1463,6141
878.249,1464,6141
879.04,1465,6145
879.227,1466,6145
879.319,1467,6146
879.44,1468,6147
879.652,1469,6150
880.339,1470,6150
880.536,1471,6151
880.755,1472,6151
880.988,1473,6155
881.332,1474,6155
881.52,1475,6155
881.874,1476,6173
882.169,1477,6180
882.626,1478,6180
882.823,1479,6180
883.748,1480,6181
884.097,1481,6182
884.167,1482,6183
884.332,1483,6185
886.495,1484,6186
889.23,1485,6186
892.115,1486,6190
892.978,1487,6192
895.202,1488,6195
895.305,1489,6197
896.311,1490,6197
896.832,1491,6201
897.126,1492,6202
899.269,1493,6203
900.149,1494,6203
902.661,1495,6204
904.12,1496,6205
904.487,1497,6205
908.774,1498,6205
916.552,1499,6205
916.76,1500,6211
916.806,1501,6212
916.835,1502,6217
916.871,1503,6218
916.942,1504,6220
917.037,1505,6233
917.097,1506,6246
917.256,1507,6247
917.305,1508,6248
927.125,1509,6248
928.688,1510,6248
928.712,1511,6248
928.731,1512,6248
929.572,1513,6248
931.481,1514,6248
932.85,1515,6248
937.949,1516,6248
945.611,1517,6248
953.166,1518,6248
954.064,1519,6248
956.758,1520,6248
977.801,1521,6248
979.2,1522,6248
980.734,1523,6248
980.818,1524,6248
981.171,1525,6253
988.261,1526,6253
988.301,1527,6254
988.384,1528,6254
988.408,1529,6254
988.473,1530,6254
988.596,1531,6254
988.686,1532,6254
988.758,1533,6254
989.075,1534,6254
989.093,1535,6254
989.925,1536,6254
989.937,1537,6255
990.213,1538,6255
990.89,1539,6255
991.793,1540,6255
991.823,1541,6255
992.1,1542,6255
992.67,1543,6255
992.8,1544,6255
994.371,1545,6255
994.665,1546,6255
999.192,1547,6255
999.403,1548,6257
999.556,1549,6257
1002.424,1550,6257
1005.59,1551,6257
1008.897,1552,6258
1011.678,1553,6258
1015.807,1554,6259
1017.38,1555,6259
1024.323,1556,6259
1024.369,1557,6259
1026.082,1558,6259
1027.627,1559,6259
1027.667,1560,6259
1030.016,1561,6259
1033.207,1562,6259
1034.563,1563,6260
1034.982,1564,6260
1045.8,1565,6260
1045.956,1566,6260
1048.122,1567,6260
1048.268,1568,6262
1048.654,1569,6262
1048.783,1570,6262
1049.004,1571,6262
1050.369,1572,6262
1050.651,1573,6263
1051.408,1574,6263
1052.672,1575,6263
1057.19,1576,6263
1057.694,1577,6263
1058.31,1578,6263
1059.468,1579,6263
1059.497,1580,6264
1061.573,1581,6264
1063.32,1582,6265
1065.615,1583,6266
1066.089,1584,6268
1066.574,1585,6269
1067.345,1586,6269
1068.43,1587,6270
1069.972,1588,6270
1070.158,1589,6270
1074.031,1590,6270
1078.467,1591,6271
1080.901,1592,6271
1086.529,1593,6271
1086.755,1594,6272
1088.058,1595,6272
1089.235,1596,6272
1095.749,1597,6272
1102.911,1598,6272
1104.426,1599,6272
1109.852,1600,6273
1112.099,1601,6274
1114.145,1602,6274
1115.933,1603,6274
1130.905,1604,6274
1132.572,1605,6274
1133.619,1606,6274
1135.762,1607,6275
1137.61,1608,6275
1138.881,1609,6277
1139.093,1610,6277
1140.011,1611,6278
1141.631,1612,6278
1146.327,1613,6278
1148.359,1614,6279
1154.216,1615,6279
1157.816,1616,6279
1163.952,1617,6279
1169.02,1618,6279
1183.59,1619,6280
1191.135,1620,6280
1191.536,1621,6280
1193.84,1622,6280
1198.495,1623,6281
1200.376,1624,6282
1201.074,1625,6282
1208.8,1626,6282
1221.927,1627,6294
1230.751,1628,6294
1232.34,1629,6294
1234.814,1630,6294
1235.441,1631,6294
1236.267,1632,6294
1236.478,1633,6294
1241.53,1634,6300
1249.176,1635,6300
1249.304,1636,6300
1249.691,1637,6300
1249.708,1638,6300
1250.02,1639,6300
1250.144,1640,6300
1251.114,1641,6300
1251.171,1642,6300
1251.194,1643,6300
1251.212,1644,6300
1251.228,1645,6300
1251.265,1646,6300
1251.282,1647,6300
1251.315,1648,6300
1251.332,1649,6300
1251.378,1650,6300
1251.394,1651,6300
1251.681,1652,6300
1251.697,1653,6300
1251.729,1654,6300
1251.93,1655,6300
1252.005,1656,6301
1252.066,1657,6301
1252.125,1658,6301
1252.165,1659,6301
1252.302,1660,6301
1252.33,1661,6301
1252.371,1662,6301
1252.39,1663,6301
1252.847,1664,6301
1252.95,1665,6301
1253.677,1666,6302
1253.926,1667,6302
1254.277,1668,6302
1254.302,1669,6302
1254.43,1670,6302
1255.14,1671,6302
1255.558,1672,6302
1255.961,1673,6303
1256.023,1674,6303
1256.132,1675,6303
1256.57,1676,6304
1256.603,1677,6304
1256.807,1678,6304
1257.295,1679,6304
1257.33,1680,6304
1257.763,1681,6305
1258.108,1682,6305
1258.959,1683,6306
1259.749,1684,6307
1260.26,1685,6307
1260.826,1686,6307
1262.517,1687,6307
1262.752,1688,6307
1263.102,1689,6307
1263.144,1690,6307
1263.592,1691,6308
1263.873,1692,6308
1263.932,1693,6308
1264.197,1694,6308
1264.459,1695,6308
1264.726,1696,6311
1264.833,1697,6312
1265.96,1698,6312
1266.098,1699,6312
1267.261,1700,6312
1268.743,1701,6312
1271.342,1702,6318
1271.406,1703,6318
1271.837,1704,6318
1272.813,1705,6318
1273.523,1706,6322
1274.443,1707,6323
1275.283,1708,6323
1275.714,1709,6323
1276.391,1710,6327
1278.015,1711,6327
1281.523,1712,6328
1281.788,1713,6328
1282.715,1714,6328
1293.11,1715,6328
1303.729,1716,6328
1304.066,1717,6328
1304.152,1718,6328
1304.605,1719,6328
1310.507,1720,6329
1310.521,1721,6334
1310.551,1722,6337
1316.406,1723,6337
1316.905,1724,6337
1317.02,1725,6337
1318.18,1726,6337
1318.195,1727,6337
1323.062,1728,6340
1323.095,1729,6340
1323.399,1730,6385
1323.446,1731,6401
1323.47,1732,6401
1323.544,1733,6401
1323.594,1734,6401
1324.031,1735,6401
1324.686,1736,6401
1324.735,1737,6401
1324.756,1738,6401
1324.774,1739,6401
1324.792,1740,6401
1324.816,1741,6405
1324.836,1742,6407
1324.875,1743,6412
1324.913,1744,6412
1324.938,1745,6412
1324.958,1746,6412
1324.989,1747,6412
1325.034,1748,6412
1325.058,1749,6412
1325.085,1750,6412
1325.105,1751,6413
1325.126,1752,6413
1325.155,1753,6413
1325.182,1754,6413
1326.242,1755,6413
1326.561,1756,6413
1326.616,1757,6413
1326.699,1758,6413
1326.778,1759,6413
1326.817,1760,6413
1326.909,1761,6413
1326.987,1762,6413
1327.088,1763,6413
1327.112,1764,6413
1327.437,1765,6415
1327.465,1766,6415
1327.495,1767,6416
1327.562,1768,6417
1327.595,1769,6417
1327.634,1770,6422
1327.842,1771,6422
1328.072,1772,6422
1328.089,1773,6423
1328.182,1774,6423
1328.212,1775,6423
1328.254,1776,6423
1328.314,1777,6423
1328.363,1778,6424
1328.421,1779,6424
1328.446,1780,6424
1328.477,1781,6424
1328.497,1782,6424
1328.522,1783,6424
1328.611,1784,6425
1328.639,1785,6425
1328.725,1786,6425
1328.751,1787,6425
1328.805,1788,6425
1328.885,1789,6427
1328.913,1790,6427
1328.971,1791,6429
1329.032,1792,6429
1329.061,1793,6429
1329.173,1794,6429
1329.192,1795,6429
1329.218,1796,6429
1329.288,1797,6429
1329.312,1798,6429
1329.333,1799,6430
1329.379,1800,6430
1329.407,1801,6430
1329.454,1802,6435
1329.504,1803,6436
1329.542,1804,6437
1329.565,1805,6441
1329.597,1806,6441
1329.703,1807,6441
1329.732,1808,6441
1329.88,1809,6442
1329.909,1810,6442
1329.939,1811,6442
1330.043,1812,6442
1330.128,1813,6442
1330.171,1814,6443
1330.232,1815,6443
1330.261,1816,6443
1330.345,1817,6443
1330.446,1818,6443
1330.591,1819,6443
1330.739,1820,6443
1330.891,1821,6443
1330.996,1822,6443
1331.062,1823,6443
1331.087,1824,6443
1331.107,1825,6443
1331.187,1826,6444
1331.477,1827,6448
1331.513,1828,6448
1331.538,1829,6452
1331.642,1830,6453
1331.7,1831,6453
1331.728,1832,6453
1331.792,1833,6457
1331.839,1834,6457
1332.004,1835,6457
1332.045,1836,6457
1332.103,1837,6457
1332.122,1838,6457
1332.142,1839,6457
1332.278,1840,6457
1332.359,1841,6458
1332.383,1842,6458
1332.461,1843,6458
1332.723,1844,6459
1332.91,1845,6459
1332.957,1846,6486
1333.372,1847,6486
1333.399,1848,6493
1333.523,1849,6493
1333.573,1850,6512
1333.712,1851,6512
1333.839,1852,6513
1333.865,1853,6513
1334.087,1854,6513
1334.24,1855,6513
1334.331,1856,6513
1334.357,1857,6513
1334.419,1858,6513
1334.454,1859,6517
1334.474,1860,6518
1334.495,1861,6519
1334.515,1862,6519
1334.633,1863,6520
1334.662,1864,6520
1334.711,1865,6520
1334.804,1866,6521
1334.825,1867,6522
1334.974,1868,6522
1334.995,1869,6522
1335.015,1870,6523
1335.14,1871,6526
1335.166,1872,6526
1335.198,1873,6527
1335.239,1874,6528
1335.298,1875,6528
1335.398,1876,6528
1335.501,1877,6528
1335.556,1878,6529
1335.619,1879,6529
1335.72,1880,6530
1335.759,1881,6530
1335.865,1882,6530
1335.924,1883,6530
1335.948,1884,6530
1336.01,1885,6530
1336.04,1886,6530
1336.082,1887,6531
1336.153,1888,6531
1336.216,1889,6532
1336.273,1890,6533
1336.453,1891,6533
1336.478,1892,6533
1336.499,1893,6534
1336.525,1894,6534
1336.657,1895,6534
1336.683,1896,6534
1336.784,1897,6534
1336.813,1898,6534
1336.915,1899,6535
1336.945,1900,6535
1337.053,1901,6535
1337.083,1902,6535
1337.21,1903,6535
1337.24,1904,6535
1337.388,1905,6535
1337.489,1906,6535
1337.519,1907,6535
1337.61,1908,6535
1337.636,1909,6535
1337.747,1910,6535
1337.877,1911,6535
1337.899,1912,6535
1338.063,1913,6535
1338.337,1914,6536
1338.52,1915,6536
1338.54,1916,6536
1338.654,1917,6536
1338.717,1918,6536
1338.791,1919,6536
1338.915,1920,6536
1339.034,1921,6536
1339.159,1922,6536
1339.284,1923,6536
1339.408,1924,6536
1339.528,1925,6536
1339.657,1926,6536
1339.762,1927,6539
1339.804,1928,6539
1340.391,1929,6539
1340.442,1930,6540
1340.53,1931,6540
1340.755,1932,6540
1340.784,1933,6540
1341.02,1934,6540
1341.153,1935,6540
1341.174,1936,6540
1341.295,1937,6540
1341.422,1938,6540
1341.484,1939,6541
1341.689,1940,6541
1341.831,1941,6541
1341.89,1942,6541
1341.913,1943,6542
1342.089,1944,6542
1342.145,1945,6551
1342.267,1946,6552
1342.425,1947,6552
1342.563,1948,6552
1342.845,1949,6552
1343.48,1950,6552
1343.508,1951,6560
1343.528,1952,6563
1343.561,1953,6564
1343.648,1954,6564
1343.668,1955,6565
1343.74,1956,6567
1343.799,1957,6567
1343.827,1958,6568
1343.869,1959,6568
1344.043,1960,6568
1344.164,1961,6568
1344.228,1962,6569
1344.302,1963,6570
1344.434,1964,6570
1344.514,1965,6571
1344.534,1966,6571
1344.834,1967,6577
1345.172,1968,6577
1345.196,1969,6578
1345.748,1970,6578
1345.83,1971,6617
1346.111,1972,6617
1346.39,1973,6619
1346.443,1974,6620
1346.509,1975,6621
1346.584,1976,6622
1346.862,1977,6622
1347.097,1978,6623
1347.117,1979,6625
1347.145,1980,6626
1347.424,1981,6627
1347.444,1982,6627
1347.608,1983,6628
1347.628,1984,6629
1347.823,1985,6630
1347.867,1986,6631
1347.888,1987,6632
1347.908,1988,6633
1347.941,1989,6634
1348.091,1990,6635
1348.112,1991,6635
1349.185,1992,6635
1349.702,1993,6635
1349.994,1994,6635
1350.031,1995,6635
1350.305,1996,6635
1350.337,1997,6635
1350.358,1998,6635
1350.481,1999,6636
1350.574,2000,6637
1350.598,2001,6638
1350.619,2002,6639
1350.839,2003,6639
1350.938,2004,6640
1350.958,2005,6641
1351.16,2006,6642
1351.18,2007,6645
1351.231,2008,6645
1351.314,2009,6645
1351.61,2010,6646
1351.629,2011,6647
1352.314,2012,6647
1352.55,2013,6647
1352.587,2014,6652
1353.768,2015,6653
1354.091,2016,6654
1354.52,2017,6655
1354.899,2018,6656
1355.831,2019,6660
1355.952,2020,6660
1356.424,2021,6661
1356.5,2022,6664
1357.15,2023,6665
1357.169,2024,6666
1357.676,2025,6670
1357.772,2026,6671
1358.16,2027,6671
1358.792,2028,6671
1359.095,2029,6673
1359.532,2030,6673
1359.862,2031,6674
1360.934,2032,6674
1361.429,2033,6675
1362.661,2034,6676
1362.681,2035,6684
1363.867,2036,6684
1363.887,2037,6684
1363.908,2038,6684
1363.928,2039,6684
1364.622,2040,6685
1364.642,2041,6685
1364.662,2042,6685
1365.497,2043,6685
1365.521,2044,6685
1365.57,2045,6685
1365.68,2046,6685
1367.568,2047,6685
1367.613,2048,6685
1367.677,2049,6685
1367.702,2050,6685
1367.797,2051,6685
1367.828,2052,6685
1367.851,2053,6685
1367.887,2054,6689
1368.171,2055,6689
1368.255,2056,6690
1368.539,2057,6690
1368.651,2058,6691
1369.258,2059,6691
1369.324,2060,6692
1370.134,2061,6692
1371.06,2062,6692
1371.369,2063,6696
1371.401,2064,6696
1371.509,2065,6696
1371.877,2066,6697
1372.244,2067,6698
1372.284,2068,6698
1372.886,2069,6699
1372.946,2070,6700
1373.661,2071,6700
1373.789,2072,6700
1373.846,2073,6700
1373.889,2074,6701
1373.921,2075,6703
1375.188,2076,6709
1375.211,2077,6709
1375.776,2078,6714
1375.811,2079,6714
1375.87,2080,6715
1377.876,2081,6715
1380.883,2082,6716
1380.903,2083,6717
1382.686,2084,6718
1382.709,2085,6718
1382.754,2086,6724
1383.363,2087,6725
1385.165,2088,6726
1386.037,2089,6727
1390.389,2090,6728
1390.422,2091,6728
1392.5,2092,6729
1393.61,2093,6729
1394.341,2094,6729
1395.895,2095,6730
1398.819,2096,6730
1400.062,2097,6730
1406.421,2098,6731
1406.466,2099,6733
1406.502,2100,6735
1410.24,2101,6735
1410.43,2102,6735
1410.506,2103,6735
1410.532,2104,6735
1412.417,2105,6735
1412.569,2106,6735
1412.638,2107,6735
1412.668,2108,6735
1417.155,2109,6735
1425.845,2110,6735
1427.307,2111,6735
1429.084,2112,6735
1443.553,2113,6736
1443.622,2114,6736
1443.84,2115,6736
1457.551,2116,6736
1457.886,2117,6737
1458.267,2118,6737
1458.377,2119,6737
1458.503,2120,6737
1458.578,2121,6738
1458.916,2122,6738
1459.008,2123,6766
1459.307,2124,6766
1459.399,2125,6766
1459.709,2126,6766
1460.261,2127,6766
1460.822,2128,6766
1460.977,2129,6766
1461.898,2130,6766
1462.06,2131,6767
1462.422,2132,6768
1462.683,2133,6769
1462.733,2134,6769
1462.904,2135,6769
1462.958,2136,6770
1463.186,2137,6782
1463.256,2138,6782
1463.994,2139,6782
1464.563,2140,6782
1466.186,2141,6782
1466.239,2142,6782
1466.276,2143,6782
1466.904,2144,6782
1466.986,2145,6782
1467.036,2146,6783
1467.175,2147,6784
1467.263,2148,6784
1467.323,2149,6793
1467.69,2150,6794
1467.956,2151,6795
1468.362,2152,6795
1468.426,2153,6795
1468.482,2154,6796
1468.715,2155,6796
1468.868,2156,6814
1469.146,2157,6814
1469.228,2158,6814
1469.328,2159,6814
1469.408,2160,6815
1469.896,2161,6815
1470.354,2162,6815
1470.416,2163,6815
1471.022,2164,6815
1471.069,2165,6816
1471.207,2166,6841
1471.847,2167,6842
1472.016,2168,6842
1472.661,2169,6842
1473.117,2170,6842
1473.44,2171,6843
1473.48,2172,6843
1473.5,2173,6843
1473.521,2174,6843
1473.913,2175,6843
1474.58,2176,6843
1474.88,2177,6843
1476.527,2178,6846
1477.763,2179,6846
1477.79,2180,6846
1478.447,2181,6846
1478.505,2182,6846
1478.759,2183,6846
1478.829,2184,6846
1479.195,2185,6846
1479.283,2186,6852
1479.481,2187,6854
1480.299,2188,6854
1480.396,2189,6854
1480.712,2190,6854
1480.783,2191,6855
1481.182,2192,6856
1481.318,2193,6856
1481.392,2194,6857
1481.692,2195,6857
1481.825,2196,6857
1482.105,2197,6857
1482.34,2198,6858
1482.766,2199,6858
1483.51,2200,6858
1483.65,2201,6858
1484.116,2202,6858
1484.582,2203,6858
1484.891,2204,6858
1485.077,2205,6865
1485.857,2206,6865
1485.975,2207,6866
1487.807,2208,6866
1488.369,2209,6866
1489.813,2210,6867
1489.865,2211,6867
1490.626,2212,6868
1490.676,2213,6868
1490.724,2214,6868
1491.563,2215,6871
1491.963,2216,6871
1492.704,2217,6871
1493.316,2218,6871
1493.595,2219,6873
1493.656,2220,6873
1493.775,2221,6873
1493.989,2222,6873
1494.965,2223,6874
1495.223,2224,6874
1495.418,2225,6874
1496.364,2226,6874
1497.643,2227,6874
1498.021,2228,6874
1498.134,2229,6874
1498.843,2230,6880
1499.249,2231,6880
1499.278,2232,6881
1499.429,2233,6881
1500.289,2234,6884
1500.58,2235,6886
1500.905,2236,6886
1502.468,2237,6886
1504.163,2238,6888
1505.425,2239,6889
1505.939,2240,6889
1506.755,2241,6892
1507.548,2242,6892
1508.18,2243,6892
1508.858,2244,6892
1510.399,2245,6892
1511.034,2246,6892
1511.276,2247,6892
1512.514,2248,6892
1512.784,2249,6893
1513.263,2250,6893
1514.655,2251,6893
1515.059,2252,6893
1516.622,2253,6893
1517.089,2254,6893
1517.396,2255,6893
1519.54,2256,6893
1520.757,2257,6893
1522.112,2258,6894
1522.861,2259,6894
1522.907,2260,6894
1522.997,2261,6894
1524.6,2262,6894
1526.615,2263,6894
1526.676,2264,6897
1526.884,2265,6897
1527.417,2266,6898
1528.396,2267,6898
1530.604,2268,6898
1530.805,2269,6898
1530.993,2270,6899
1531.469,2271,6900
1533.132,2272,6903
1533.784,2273,6904
1533.923,2274,6904
1534.197,2275,6904
1535.369,2276,6904
1537.745,2277,6904
1539.778,2278,6904
1541.657,2279,6904
1541.878,2280,6904
1542.337,2281,6904
1542.792,2282,6944
1544.413,2283,6944
1544.93,2284,6944
1545.07,2285,6944
1545.831,2286,6944
1546.592,2287,6944
1547.963,2288,6944
1548.936,2289,6945
1552.14,2290,6945
1552.74,2291,6945
1553.398,2292,6945
1553.782,2293,6945
1555.697,2294,6949
1557.392,2295,6949
1557.821,2296,6951
1558.55,2297,6951
1559.148,2298,6953
1560.252,2299,6964
1560.716,2300,6964
1560.805,2301,6964
1561.703,2302,6964
1563.683,2303,7001
1564.558,2304,7002
1565.501,2305,7002
1566.2,2306,7002
1566.688,2307,7002
1566.731,2308,7002
1567.69,2309,7006
1568.337,2310,7006
1569.001,2311,7006
1570.472,2312,7006
1571.646,2313,7008
1571.847,2314,7008
1572.124,2315,7009
1572.844,2316,7009
1574.608,2317,7009
1575.562,2318,7009
1588.31,2319,7009
1590.523,2320,7009
1602.703,2321,7010
1605.54,2322,7010
1605.64,2323,7011
1611.775,2324,7011
1612.184,2325,7011
1613.128,2326,7011
1613.232,2327,7011
1613.939,2328,7011
1614.075,2329,7011
1614.478,2330,7011
1615.01,2331,7011
1616.598,2332,7011
1616.837,2333,7011
1618.172,2334,7012
1618.192,2335,7012
1619.036,2336,7013
1621.972,2337,7013
1622.983,2338,7013
1624.053,2339,7013
1625.309,2340,7013
1625.487,2341,7014
1628.089,2342,7014
1631.165,2343,7015
1631.326,2344,7015
1631.797,2345,7015
1634.095,2346,7015
1634.847,2347,7015
1640.404,2348,7015
1644.669,2349,7015
1646.551,2350,7015
1648.792,2351,7015
1661.876,2352,7015
1662.008,2353,7015
1662.074,2354,7015
1662.11,2355,7018
1662.292,2356,7018
1662.389,2357,7021
1662.495,2358,7021
1662.517,2359,7022
1662.764,2360,7022
1662.889,2361,7022
1663.031,2362,7023
1663.96,2363,7023
1664.008,2364,7023
1664.208,2365,7023
1664.304,2366,7023
1664.346,2367,7023
1664.37,2368,7023
1664.406,2369,7023
1664.586,2370,7023
1664.795,2371,7023
1664.963,2372,7023
1665.115,2373,7024
1665.219,2374,7024
1666.808,2375,7024
1667.564,2376,7024
1667.806,2377,7024
1669.662,2378,7024
1670.134,2379,7024
1670.24,2380,7024
1670.815,2381,7024
1670.847,2382,7024
1671.116,2383,7024
1672.757,2384,7024
1672.929,2385,7024
1673.901,2386,7024
1674.941,2387,7024
1675.88,2388,7024
1676.209,2389,7024
1676.65,2390,7027
1676.975,2391,7027
1677.494,2392,7027
1679.765,2393,7027
1682.962,2394,7028
1683.366,2395,7031
1683.783,2396,7031
1685.358,2397,7031
1685.958,2398,7031
1686.22,2399,7031
1686.341,2400,7036
1688.129,2401,7037
1689.36,2402,7037
1690.032,2403,7037
1690.835,2404,7037
1692.309,2405,7037
1695.846,2406,7040
1700.753,2407,7040
1701.031,2408,7040
1705.672,2409,7041
1711.019,2410,7041
1711.324,2411,7042
1719.923,2412,7042
1720.509,2413,7042
1721.065,2414,7042
1721.856,2415,7042
1721.874,2416,7042
1721.927,2417,7042
1722.013,2418,7042
1722.259,2419,7043
1722.346,2420,7043
1722.578,2421,7043
1724.478,2422,7043
1724.682,2423,7043
1724.918,2424,7043
1729.301,2425,7043
1732.083,2426,7044
1733.315,2427,7044
1733.362,2428,7044
1733.454,2429,7044
1735.767,2430,7045
1735.939,2431,7045
1739.01,2432,7046
1740.818,2433,7046
1741.351,2434,7046
1742.031,2435,7046
1745.637,2436,7046
1746.808,2437,7046
1752.244,2438,7046
1752.296,2439,7046
1755.566,2440,7046
1761.754,2441,7046
1767.571,2442,7046
1768.632,2443,7046
1770.427,2444,7046
1770.44,2445,7046
1780.719,2446,7047
1780.754,2447,7047
1781.527,2448,7047
1782.294,2449,7047
1782.482,2450,7047
1782.807,2451,7048
1783.066,2452,7048
1783.196,2453,7048
1784.729,2454,7048
1785.287,2455,7048
1786.206,2456,7049
1786.831,2457,7049
1790.063,2458,7052
1790.081,2459,7052
1790.318,2460,7053
1791.299,2461,7053
1798.663,2462,7053
1802.627,2463,7054
1805.412,2464,7054
1828.316,2465,7055
1829.132,2466,7055
1829.409,2467,7055
1837.652,2468,7055
1837.704,2469,7055
1838.152,2470,7056
1838.227,2471,7056
1838.268,2472,7056
1838.405,2473,7057
1838.663,2474,7057
1838.753,2475,7078
1838.907,2476,7102
1839.136,2477,7103
1839.666,2478,7104
1839.723,2479,7104
1839.754,2480,7104
1840.411,2481,7106
1841.563,2482,7107
1842.969,2483,7107
1843.292,2484,7107
1853.633,2485,7107
1855.295,2486,7107
1860.815,2487,7107
1869.257,2488,7109
1880.894,2489,7109
1880.927,2490,7109
1881.76,2491,7109
1883.296,2492,7109
1883.321,2493,7109
1883.942,2494,7109
1885.514,2495,7109
1886.447,2496,7110
1889.485,2497,7112
1896.506,2498,7112
1897.012,2499,7112
1900.93,2500,7112
1907.89,2501,7112
1913.615,2502,7112
1934.603,2503,7112
1940.805,2504,7112
1959.105,2505,7118
1965.542,2506,7124
1972.433,2507,7124
1974.605,2508,7124
1993.01,2509,7124
1993.025,2510,7126
1993.042,2511,7130
1993.058,2512,7131
1993.089,2513,7131
1993.108,2514,7133
1995.838,2515,7133
1995.863,2516,7133
1997.134,2517,7133
1998.923,2518,7135
1998.947,2519,7136
1999.025,2520,7138
1999.505,2521,7140
1999.536,2522,7141
1999.555,2523,7142
1999.588,2524,7143
1999.639,2525,7147
2000.747,2526,7147
2002.43,2527,7147
2004.188,2528,7147
2004.782,2529,7148
2006.367,2530,7148
2006.996,2531,7148
2007.139,2532,7148
2009.176,2533,7152
2012.068,2534,7152
2014.233,2535,7153
2016.767,2536,7154
2020.861,2537,7155
2021.777,2538,7156
2022.013,2539,7157
2025.519,2540,7157
2031.418,2541,7157
2031.698,2542,7158
2031.954,2543,7159
2044.771,2544,7169
2048.249,2545,7171
2051.21,2546,7172
2051.295,2547,7173
2062.164,2548,7179
2063.712,2549,7179
2067.516,2550,7180
2067.721,2551,7182
2077.087,2552,7182
2081.172,2553,7182
2082.171,2554,7184
2094.11,2555,7185
2095.924,2556,7185
2106.538,2557,7189
2108.561,2558,7190
2111.066,2559,7193
2115.961,2560,7194
2123.344,2561,7194
2129.612,2562,7204
2153.441,2563,7204
2169.293,2564,7204
2169.412,2565,7204
2169.641,2566,7204
2170.624,2567,7204
2170.651,2568,7204
2170.689,2569,7205
2170.729,2570,7205
2170.754,2571,7205
2170.776,2572,7205
2170.795,2573,7205
2170.871,2574,7205
2170.905,2575,7205
2171.005,2576,7205
2171.044,2577,7205
2171.081,2578,7205
2171.223,2579,7205
2171.303,2580,7205
2171.325,2581,7205
2171.419,2582,7205
2171.706,2583,7205
2171.765,2584,7205
2171.902,2585,7205
2171.938,2586,7205
2171.975,2587,7205
2172.119,2588,7205
2172.405,2589,7205
2172.43,2590,7205
2172.467,2591,7206
2172.555,2592,7206
2172.581,2593,7206
2172.645,2594,7206
2176.541,2595,7206
2176.74,2596,7207
2177.364,2597,7207
2177.614,2598,7207
2177.742,2599,7208
2177.833,2600,7208
2178.353,2601,7208
2178.483,2602,7208
2178.515,2603,7208
2183.225,2604,7209
2183.426,2605,7209
2183.466,2606,7209
2188.319,2607,7212
2188.628,2608,7212
2189.534,2609,7212
2191.312,2610,7213
2192.05,2611,7213
2197.883,2612,7213
2199.024,2613,7213
2201.959,2614,7213
2202.405,2615,7214
2210.286,2616,7215
2213.087,2617,7215
2213.408,2618,7215
2213.85,2619,7215
2215.781,2620,7215
2216.988,2621,7215
2218.788,2622,7215
2218.97,2623,7215
2226.752,2624,7215
2242.299,2625,7215
2242.366,2626,7215
2242.705,2627,7216
2243.938,2628,7216
2266.164,2629,7216
2266.212,2630,7216
2267.605,2631,7216
2268.915,2632,7216
2269.024,2633,7216
2269.036,2634,7216
2269.795,2635,7218
2270.069,2636,7218
2270.147,2637,7218
2270.29,2638,7218
2270.446,2639,7219
2270.464,2640,7220
2270.48,2641,7235
2270.493,2642,7236
2270.948,2643,7236
2270.963,2644,7239
2271.256,2645,7239
2271.766,2646,7239
2272.081,2647,7239
2272.628,2648,7239
2272.737,2649,7239
2272.994,2650,7239
2273.36,2651,7239
2273.499,2652,7239
2273.729,2653,7239
2273.914,2654,7239
2274.068,2655,7241
2275.2,2656,7246
2275.996,2657,7247
2276.069,2658,7250
2276.76,2659,7254
2276.93,2660,7255
2276.972,2661,7258
2277.109,2662,7262
2277.841,2663,7267
2278.144,2664,7269
2280.061,2665,7273
2281.236,2666,7273
2281.52,2667,7273
2281.537,2668,7273
2284.053,2669,7282
2284.186,2670,7282
2285.65,2671,7289
2285.69,2672,7289
2286.196,2673,7289
2286.616,2674,7289
2287.589,2675,7289
2287.81,2676,7290
2287.922,2677,7290
2288.095,2678,7291
2288.318,2679,7291
2288.755,2680,7291
2291.581,2681,7291
2292.302,2682,7291
2292.66,2683,7295
2292.991,2684,7296
2293.069,2685,7297
2293.084,2686,7297
2293.976,2687,7299
2294.093,2688,7300
2294.296,2689,7300
2295.489,2690,7302
2297.396,2691,7311
2298.877,2692,7319
2301.086,2693,7319
2302.133,2694,7322
2302.465,2695,7324
2307.301,2696,7324
2308.334,2697,7325
2308.382,2698,7325
2320.097,2699,7325
2320.704,2700,7325
2320.723,2701,7325
2321.127,2702,7325
2321.47,2703,7325
2321.737,2704,7325
2323.042,2705,7325
2324.352,2706,7325
2328.781,2707,7325
2340.753,2708,7325
2341.95,2709,7325
2353.685,2710,7326
2361.956,2711,7326
2373.175,2712,7326
2409.097,2713,7326
2409.147,2714,7326
2410.822,2715,7326
2410.871,2716,7326
2415.324,2717,7326
2429.597,2718,7326
2429.786,2719,7326
2429.866,2720,7326
2431.671,2721,7331
2432.347,2722,7332
2432.364,2723,7332
2433.005,2724,7332
2433.68,2725,7332
2452.186,2726,7334
2464.794,2727,7334
2468.1,2728,7334
2468.212,2729,7334
2468.243,2730,7334
2468.333,2731,7334
2469.255,2732,7335
2469.365,2733,7335
2469.386,2734,7335
2492.504,2735,7336
2510.966,2736,7336
2516.591,2737,7336
2546.622,2738,7336
2547.589,2739,7337
2548.972,2740,7337
2562.399,2741,7337
2573.234,2742,7337
2585.71,2743,7337
2585.866,2744,7337
2585.903,2745,7337
2586.009,2746,7337
2587.855,2747,7338
2588.058,2748,7339
2588.104,2749,7345
2588.555,2750,7346
2588.729,2751,7347
2589.36,2752,7352
2590.167,2753,7352
2590.414,2754,7354
2590.744,2755,7354
2591.882,2756,7355
2591.995,2757,7359
2594.888,2758,7359
2596.504,2759,7362
2598.535,2760,7362
2599.396,2761,7362
2599.502,2762,7362
2599.759,2763,7362
2601.369,2764,7365
2601.604,2765,7365
2603.482,2766,7366
2604.985,2767,7367
2608.26,2768,7381
2608.958,2769,7381
2609.002,2770,7384
2611.386,2771,7385
2615.32,2772,7387
2615.622,2773,7387
2615.676,2774,7387
2615.783,2775,7387
2617.694,2776,7387
2618.268,2777,7387
2618.408,2778,7387
2623.441,2779,7387
2634.795,2780,7387
2635.039,2781,7391
2636.983,2782,7391
2643.107,2783,7393
2645.48,2784,7393
2650.675,2785,7393
2654.724,2786,7393
2654.88,2787,7401
2654.924,2788,7401
2655.031,2789,7401
2655.63,2790,7402
2656.644,2791,7402
2656.99,2792,7402
2657.451,2793,7403
2657.582,2794,7404
2663.888,2795,7405
2674.98,2796,7408
2681.43,2797,7408
2682.15,2798,7408
2730.984,2799,7408
2741.013,2800,7408
2748.076,2801,7408
2748.862,2802,7408
2748.947,2803,7408
2749.304,2804,7408
2750.094,2805,7409
2750.84,2806,7409
2751.055,2807,7409
2751.34,2808,7409
2752.621,2809,7409
2754.157,2810,7409
2754.255,2811,7409
2755.892,2812,7409
2757.426,2813,7409
2764.339,2814,7412
2769.565,2815,7412
2770.399,2816,7412
2774.646,2817,7413
2774.725,2818,7413
2775.264,2819,7413
2775.437,2820,7414
2775.569,2821,7415
2777.043,2822,7415
2778.825,2823,7415
2779.892,2824,7417
2780.941,2825,7418
2782.645,2826,7418
2793.32,2827,7418
2795.836,2828,7418
2796.808,2829,7418
2798.011,2830,7418
2800.494,2831,7419
2803.088,2832,7424
2803.172,2833,7424
2813.863,2834,7424
2825.448,2835,7424
2826.476,2836,7424
2830.5,2837,7424
2830.516,2838,7424
2830.874,2839,7425
2831.598,2840,7429
2834.025,2841,7431
2834.763,2842,7431
2836.342,2843,7432
2839.527,2844,7433
2845.252,2845,7437
2858.063,2846,7441
2859.869,2847,7441
2861.687,2848,7441
2870.055,2849,7441
2870.241,2850,7441
2882.285,2851,7441
2882.695,2852,7441
2882.735,2853,7442
2891.093,2854,7444
2905.157,2855,7444
2917.403,2856,7444
2918.553,2857,7444
2918.902,2858,7444
2933.99,2859,7444
2934.021,2860,7444
2934.628,2861,7444
2935.613,2862,7445
2936.312,2863,7445
2936.864,2864,7445
2937.02,2865,7445
2938.008,2866,7445
2942.164,2867,7445
2953.834,2868,7445
2971.543,2869,7445
2976.112,2870,7458
2976.159,2871,7458
2976.896,2872,7458
2978.171,2873,7458
2991.074,2874,7458
2995.756,2875,7458
3003.716,2876,7458
3004.61,2877,7458
3006.919,2878,7458
3008.791,2879,7459
3013.267,2880,7460
3013.684,2881,7460
3020.46,2882,7460
3030.579,2883,7460
3031.04,2884,7460
3040.874,2885,7460
3045.877,2886,7461
3046.073,2887,7461
3046.134,2888,7461
3047.493,2889,7462
3047.608,2890,7462
3049.938,2891,7462
3050.167,2892,7462
3051.089,2893,7462
3054.39,2894,7466
3056.274,2895,7466
3057.442,2896,7466
3058.544,2897,7466
3058.703,2898,7466
3061.11,2899,7466
3061.185,2900,7475
3062.354,2901,7475
3063.629,2902,7475
3065.199,2903,7475
3065.227,2904,7475
3065.863,2905,7475
3069.782,2906,7475
3076.272,2907,7475
3079.397,2908,7475
3091.174,2909,7476
3091.281,2910,7476
3091.409,2911,7476
3091.432,2912,7476
3091.459,2913,7476
3091.584,2914,7476
3091.711,2915,7476
3092.528,2916,7476
3092.571,2917,7476
3092.75,2918,7476
3092.812,2919,7476
3092.842,2920,7476
3092.87,2921,7476
3092.919,2922,7476
3093.006,2923,7476
3093.047,2924,7476
3093.079,2925,7476
3094.302,2926,7476
3094.456,2927,7476
3094.904,2928,7476
3095.001,2929,7476
3095.208,2930,7476
3095.441,2931,7476
3095.531,2932,7476
3095.593,2933,7476
3095.687,2934,7476
3095.712,2935,7476
3095.927,2936,7476
3096.0,2937,7476
3096.031,2938,7476
3096.053,2939,7476
3096.707,2940,7476
3097.034,2941,7476
3097.281,2942,7476
3097.33,2943,7476
3097.445,2944,7476
3097.667,2945,7477
3097.768,2946,7477
3097.819,2947,7477
3097.968,2948,7477
3099.541,2949,7477
3099.992,2950,7477
3100.527,2951,7477
3101.187,2952,7477
3101.471,2953,7477
3103.008,2954,7477
3104.625,2955,7477
3104.821,2956,7477
3105.066,2957,7477
3105.954,2958,7477
3106.698,2959,7477
3106.907,2960,7477
3107.638,2961,7477
3108.318,2962,7477
3108.844,2963,7478
3108.927,2964,7478
3109.2,2965,7478
3113.562,2966,7478
3113.927,2967,7479
3114.191,2968,7479
3114.38,2969,7479
3114.435,2970,7481
3115.645,2971,7497
3115.719,2972,7497
3115.859,2973,7497
3116.263,2974,7497
3116.798,2975,7497
3119.797,2976,7497
3120.045,2977,7497
3120.937,2978,7497
3121.06,2979,7508
3121.343,2980,7508
3123.101,2981,7508
3123.704,2982,7508
3123.88,2983,7508
3133.568,2984,7508
3138.604,2985,7508
3156.192,2986,7508
3175.392,2987,7508
3175.417,2988,7508
3175.575,2989,7508
3213.266,2990,7509
3218.863,2991,7510
3220.868,2992,7512
3221.004,2993,7512
3221.263,2994,7513
3221.447,2995,7518
3221.602,2996,7521
3222.48,2997,7521
3222.547,2998,7521
3222.837,2999,7526
3223.108,3000,7526
3224.387,3001,7526
3225.583,3002,7526
3229.969,3003,7526
3231.183,3004,7526
3233.266,3005,7527
3233.469,3006,7527
3238.612,3007,7527
3238.643,3008,7527
3238.82,3009,7527
3241.224,3010,7527
3242.015,3011,7527
3242.369,3012,7534
3244.064,3013,7535
3246.031,3014,7536
3248.586,3015,7536
3277.101,3016,7536
3281.458,3017,7537
3281.977,3018,7540
3282.445,3019,7540
3287.435,3020,7540
3303.303,3021,7540
3305.894,3022,7540
3307.297,3023,7540
3339.019,3024,7540
3365.268,3025,7541
3365.388,3026,7542
3365.514,3027,7543
3366.121,3028,7544
3368.024,3029,7545
3371.544,3030,7545
3371.596,3031,7545
3372.143,3032,7545
3383.253,3033,7545
3384.817,3034,7545
3384.888,3035,7546
3385.522,3036,7546
3386.841,3037,7546
3389.682,3038,7546
3398.696,3039,7546
3398.801,3040,7546
3399.517,3041,7547
3399.839,3042,7547
3402.001,3043,7547
3403.048,3044,7547
3404.964,3045,7547
3407.44,3046,7547
3409.373,3047,7547
3410.896,3048,7547
3415.439,3049,7548
3418.984,3050,7548
3419.571,3051,7548
3420.321,3052,7548
3424.904,3053,7548
3426.468,3054,7548
3427.678,3055,7548
3432.944,3056,7549
3442.001,3057,7552
3445.592,3058,7552
3450.2,3059,7557
3457.775,3060,7557
3460.38,3061,7557
3462.263,3062,7557
3467.257,3063,7557
3471.213,3064,7558
3476.454,3065,7559
3481.952,3066,7559
3490.074,3067,7560
3493.775,3068,7562
3502.412,3069,7562
3506.416,3070,7562
3508.632,3071,7562
3508.786,3072,7562
3511.584,3073,7562
3512.721,3074,7562
3514.838,3075,7562
3519.093,3076,7563
3521.937,3077,7563
3536.318,3078,7563
3542.448,3079,7566
3543.142,3080,7567
3547.8,3081,7567
3548.721,3082,7567
3575.899,3083,7567
3575.916,3084,7567
3576.262,3085,7567
3582.314,3086,7567
3583.625,3087,7567
3583.671,3088,7567
3584.335,3089,7567
3585.073,3090,7568
3585.967,3091,7568
3586.201,3092,7569
3588.099,3093,7569
3593.039,3094,7570
3595.043,3095,7570
3595.095,3096,7570
3595.858,3097,7570
3596.754,3098,7571
3596.987,3099,7572
3598.128,3100,7572
3599.023,3101,7574
3599.443,3102,7574
3600.847,3103,7574
3602.159,3104,7574
3604.617,3105,7574
3604.872,3106,7574
3607.454,3107,7574
3608.071,3108,7575
3611.511,3109,7575
3611.951,3110,7575
3612.835,3111,7575
3613.146,3112,7575
3636.668,3113,7575
3650.881,3114,7575
3660.543,3115,7575
3661.285,3116,7575
3665.177,3117,7576
3678.479,3118,7577
3699.853,3119,7577
3707.894,3120,7577
3724.708,3121,7577
3744.565,3122,7577
3750.297,3123,7577
3750.52,3124,7577
3763.389,3125,7577
3780.162,3126,7577
3782.683,3127,7577
3783.916,3128,7577
3807.468,3129,7577
3812.295,3130,7577
3876.983,3131,7577
3895.243,3132,7577
3895.286,3133,7577
3897.055,3134,7580
3906.343,3135,7580
3912.724,3136,7580
3912.778,3137,7587
3913.421,3138,7588
3931.452,3139,7588
3931.732,3140,7588
3931.948,3141,7588
3932.162,3142,7590
3932.239,3143,7590
3932.348,3144,7590
3933.039,3145,7590
3933.268,3146,7590
3933.917,3147,7590
3934.266,3148,7590
3934.671,3149,7590
3934.911,3150,7590
3936.405,3151,7590
3936.904,3152,7591
3941.832,3153,7591
3945.412,3154,7592
3947.821,3155,7593
3951.277,3156,7596
3952.043,3157,7596
4011.064,3158,7596
4017.779,3159,7596
4038.878,3160,7596
4044.5,3161,7596
4069.244,3162,7596
4074.65,3163,7596
4075.042,3164,7596
4075.067,3165,7596
4075.16,3166,7596
4079.024,3167,7596
4105.838,3168,7615
4109.031,3169,7618
4112.795,3170,7618
4117.768,3171,7620
4117.871,3172,7621
4117.975,3173,7631
4118.104,3174,7675
4118.127,3175,7675
4118.147,3176,7698
4118.171,3177,7708
4118.191,3178,7709
4118.23,3179,7723
4118.253,3180,7736
4118.276,3181,7736
4118.446,3182,7737
4120.435,3183,7738
4121.951,3184,7738
4122.914,3185,7738
4123.779,3186,7738
4124.635,3187,7738
4128.054,3188,7738
4132.468,3189,7738
4134.041,3190,7738
4135.454,3191,7738
4144.067,3192,7740
4149.09,3193,7741
4149.897,3194,7749
4151.898,3195,7749
4152.967,3196,7749
4154.754,3197,7751
4161.493,3198,7766
4169.415,3199,7767
4175.858,3200,7773
4177.599,3201,7773
4182.209,3202,7773
4183.611,3203,7774
4187.927,3204,7775
4188.978,3205,7776
4189.826,3206,7776
4189.858,3207,7776
4193.607,3208,7776
4195.025,3209,7779
4195.69,3210,7780
4198.784,3211,7783
4201.489,3212,7783
4203.006,3213,7783
4208.109,3214,7783
4209.164,3215,7783
4219.287,3216,7783
4229.223,3217,7783
4229.59,3218,7783
4256.35,3219,7783
4270.021,3220,7783
4270.089,3221,7783
4321.309,3222,7783
4321.325,3223,7783
4321.479,3224,7783
4321.721,3225,7783
4321.86,3226,7784
4322.886,3227,7784
4323.539,3228,7784
4328.782,3229,7784
4329.071,3230,7784
4330.898,3231,7784
4330.998,3232,7784
4331.135,3233,7784
4332.811,3234,7784
4334.019,3235,7784
4334.045,3236,7784
4334.141,3237,7784
4334.669,3238,7784
4342.503,3239,7784
4346.101,3240,7784
4350.966,3241,7784
4359.977,3242,7784
4360.346,3243,7785
4360.957,3244,7785
4379.475,3245,7785
4450.476,3246,7785
4486.118,3247,7785
4511.989,3248,7785
4514.155,3249,7785
4520.442,3250,7785
4542.361,3251,7790
4551.108,3252,7790
4564.159,3253,7790
4564.263,3254,7790
4564.453,3255,7793
4564.622,3256,7793
4565.39,3257,7793
4565.685,3258,7793
4565.95,3259,7800
4566.13,3260,7801
4566.343,3261,7802
4567.743,3262,7802
4568.439,3263,7804
4568.762,3264,7807
4569.986,3265,7812
4571.027,3266,7812
4571.939,3267,7812
4572.279,3268,7813
4573.025,3269,7813
4573.434,3270,7813
4575.35,3271,7814
4577.278,3272,7815
4577.519,3273,7818
4578.139,3274,7818
4578.252,3275,7820
4581.977,3276,7821
4585.79,3277,7826
4586.054,3278,7826
4586.246,3279,7826
4590.122,3280,7826
4612.629,3281,7826
4612.915,3282,7827
4639.263,3283,7827
4641.831,3284,7827
4641.846,3285,7827
4641.878,3286,7827
4642.01,3287,7827
4642.476,3288,7834
4643.029,3289,7852
4643.608,3290,7852
4644.489,3291,7853
4645.953,3292,7854
4647.75,3293,7854
4651.268,3294,7854
4652.17,3295,7854
4653.305,3296,7855
4654.906,3297,7856
4661.559,3298,7856
4662.65,3299,7856
4665.606,3300,7856
4666.347,3301,7857
4668.357,3302,7857
4669.441,3303,7857
4671.78,3304,7861
4672.602,3305,7861
4678.776,3306,7861
4680.858,3307,7861
4681.163,3308,7862
4690.647,3309,7862
4701.326,3310,7862
4735.134,3311,7862
4735.324,3312,7862
4802.067,3313,7862
4814.805,3314,7862
4841.285,3315,7863
4848.142,3316,7863
4848.431,3317,7863
4848.543,3318,7863
4862.387,3319,7863
4869.333,3320,7863
4879.569,3321,7863
4886.144,3322,7863
4887.784,3323,7863
4887.842,3324,7863
4887.891,3325,7863
4889.383,3326,7863
4891.7,3327,7863
4892.858,3328,7865
4895.511,3329,7865
4896.619,3330,7865
4903.831,3331,7865
4907.978,3332,7866
4920.339,3333,7866
4927.935,3334,7869
4930.125,3335,7869
4948.454,3336,7869
4952.098,3337,7869
4952.429,3338,7869
4953.175,3339,7869
4954.114,3340,7869
4983.823,3341,7869
4985.476,3342,7869
4990.038,3343,7869
5017.634,3344,7869
5058.434,3345,7869
5059.088,3346,7869
5060.029,3347,7869
5078.512,3348,7869
5092.705,3349,7869
5105.671,3350,7869
5132.88,3351,7869
5205.712,3352,7869
5230.874,3353,7869
5239.474,3354,7869
5255.676,3355,7869
5255.792,3356,7869
5261.452,3357,7869
5262.016,3358,7869
5295.463,3359,7882
5295.826,3360,7882
5296.358,3361,7882
5296.408,3362,7887
5297.088,3363,7887
5297.208,3364,7889
5297.471,3365,7891
5297.809,3366,7891
5297.984,3367,7891
5299.557,3368,7893
5299.611,3369,7896
5299.751,3370,7896
5300.248,3371,7896
5301.007,3372,7897
5302.338,3373,7915
5302.811,3374,7918
5303.052,3375,7918
5303.47,3376,7920
5303.529,3377,7922
5304.346,3378,7923
5304.627,3379,7924
5305.683,3380,7924
5307.054,3381,7929
5309.577,3382,7930
5309.861,3383,7930
5310.262,3384,7931
5311.017,3385,7932
5312.007,3386,7933
5313.168,3387,7934
5313.999,3388,7935
5314.034,3389,7935
5314.644,3390,7936
5315.546,3391,7936
5318.589,3392,7936
5321.396,3393,7937
5322.496,3394,7937
5322.698,3395,7939
5324.949,3396,7939
5339.023,3397,7939
5340.542,3398,7939
5390.688,3399,7939
5396.379,3400,7939
5422.088,3401,7939
5422.646,3402,7939
5435.657,3403,7939
5440.446,3404,7939
5448.722,3405,7939
5459.897,3406,7940
5460.414,3407,7940
5460.633,3408,7941
5461.971,3409,7943
5469.28,3410,7943
5560.496,3411,7943
5560.642,3412,7943
5561.686,3413,7943
5568.895,3414,7945
5587.223,3415,7945
5608.907,3416,7960
5608.967,3417,7961
5609.123,3418,7961
5609.213,3419,7963
5609.323,3420,7964
5609.605,3421,7964
5609.9,3422,7966
5610.114,3423,7967
5610.542,3424,7968
5611.079,3425,7968
5611.145,3426,7968
5615.395,3427,7970
5619.304,3428,7970
5620.081,3429,7971
5621.227,3430,7971
5623.16,3431,7972
5625.064,3432,7973
5627.369,3433,7973
5627.946,3434,7973
5628.805,3435,7975
5631.036,3436,7975
5635.272,3437,7976
5635.618,3438,7987
5636.486,3439,7994
5668.93,3440,7994
5694.262,3441,8015
5694.768,3442,8019
5695.241,3443,8019
5695.638,3444,8020
5710.375,3445,8021
5711.877,3446,8022
5720.754,3447,8025
5735.989,3448,8025
5740.574,3449,8025
5740.613,3450,8025
5740.701,3451,8025
5740.892,3452,8025
5742.612,3453,8025
5742.658,3454,8025
5742.844,3455,8026
5745.004,3456,8026
5750.3,3457,8026
5750.672,3458,8026
5752.008,3459,8026
5754.59,3460,8029
5756.385,3461,8030
5758.975,3462,8030
5760.362,3463,8030
5762.78,3464,8032
5763.321,3465,8032
5772.85,3466,8032
5788.759,3467,8032
5788.949,3468,8032
5789.055,3469,8033
5789.138,3470,8033
5790.362,3471,8033
5790.706,3472,8033
5791.444,3473,8033
5792.292,3474,8033
5793.299,3475,8033
5794.084,3476,8033
5794.309,3477,8033
5803.285,3478,8033
5808.822,3479,8034
5846.108,3480,8034
5846.194,3481,8035
5858.282,3482,8036
5858.369,3483,8038
5858.615,3484,8039
5858.955,3485,8039
5860.817,3486,8039
5861.023,3487,8043
5861.059,3488,8043
5861.375,3489,8044
5865.155,3490,8044
5866.38,3491,8044
5866.427,3492,8044
5867.317,3493,8045
5873.561,3494,8046
5877.297,3495,8046
5883.497,3496,8051
5885.752,3497,8051
5886.195,3498,8051
5888.05,3499,8051
5894.533,3500,8052
5910.721,3501,8052
5911.082,3502,8053
5920.155,3503,8054
5920.563,3504,8055
5947.417,3505,8055
5983.773,3506,8055
5984.764,3507,8055
6012.67,3508,8056
6019.74,3509,8056
6019.777,3510,8056
6019.896,3511,8056
6019.953,3512,8056
6020.083,3513,8056
6020.79,3514,8056
6021.156,3515,8056
6021.255,3516,8056
6022.328,3517,8058
6026.471,3518,8058
6027.015,3519,8058
6030.731,3520,8058
6037.641,3521,8058
6040.169,3522,8064
6040.716,3523,8064
6042.929,3524,8064
6076.432,3525,8064
6076.678,3526,8064
6088.434,3527,8064
6088.469,3528,8064
6088.703,3529,8064
6089.169,3530,8064
6094.043,3531,8064
6125.963,3532,8064
6126.268,3533,8065
6126.472,3534,8066
6134.809,3535,8067
6154.083,3536,8067
6165.098,3537,8067
6200.56,3538,8072
6200.621,3539,8076
6200.668,3540,8078
6200.722,3541,8078
6200.965,3542,8088
6201.003,3543,8088
6201.385,3544,8088
6201.45,3545,8088
6201.669,3546,8101
6201.726,3547,8102
6201.78,3548,8104
6201.871,3549,8104
6201.893,3550,8104
6202.031,3551,8104
6202.059,3552,8115
6202.239,3553,8117
6202.4,3554,8117
6202.665,3555,8117
6202.829,3556,8118
6203.047,3557,8119
6203.278,3558,8120
6203.813,3559,8120
6203.921,3560,8120
6204.829,3561,8121
6206.242,3562,8122
6206.599,3563,8123
6206.614,3564,8124
6206.941,3565,8125
6207.155,3566,8125
6208.292,3567,8125
6209.126,3568,8125
6209.394,3569,8125
6209.516,3570,8125
6210.13,3571,8127
6211.319,3572,8127
6212.966,3573,8127
6213.376,3574,8128
6213.395,3575,8128
6213.454,3576,8128
6214.216,3577,8133
6214.616,3578,8133
6214.799,3579,8133
6214.895,3580,8134
6215.495,3581,8134
6215.524,3582,8134
6216.082,3583,8134
6216.214,3584,8134
6216.685,3585,8134
6218.075,3586,8134
6218.456,3587,8135
6218.614,3588,8135
6218.783,3589,8135
6220.274,3590,8142
6221.123,3591,8146
6222.0,3592,8146
6222.919,3593,8146
6223.108,3594,8146
6223.187,3595,8146
6223.531,3596,8146
6223.848,3597,8146
6223.906,3598,8154
6224.344,3599,8155
6224.456,3600,8155
6224.581,3601,8155
6226.8,3602,8156
6227.14,3603,8156
6227.826,3604,8158
6228.04,3605,8158
6229.35,3606,8158
6230.922,3607,8158
6233.189,3608,8158
6250.785,3609,8158
6250.869,3610,8163
6250.991,3611,8163
6251.287,3612,8163
6252.215,3613,8163
6252.648,3614,8164
6253.24,3615,8164
6254.617,3616,8164
6256.532,3617,8164
6256.964,3618,8165
6257.281,3619,8165
6257.767,3620,8165
6259.627,3621,8165
6262.486,3622,8165
6262.994,3623,8165
6264.497,3624,8165
6264.775,3625,8165
6265.126,3626,8166
6265.642,3627,8167
6267.183,3628,8169
6277.538,3629,8171
6278.809,3630,8171
6279.324,3631,8173
6280.879,3632,8174
6281.405,3633,8177
6281.701,3634,8178
6282.588,3635,8178
6283.197,3636,8178
6284.136,3637,8179
6284.308,3638,8179
6286.461,3639,8179
6287.78,3640,8179
6288.581,3641,8181
6289.004,3642,8189
6290.391,3643,8190
6298.43,3644,8190
6305.494,3645,8190
6305.662,3646,8190
6309.184,3647,8190
6309.41,3648,8190
6309.783,3649,8190
6311.018,3650,8192
6311.051,3651,8193
6311.216,3652,8198
6311.302,3653,8199
6311.4,3654,8201
6311.604,3655,8201
6311.731,3656,8201
6311.952,3657,8201
6312.045,3658,8202
6312.106,3659,8202
6312.312,3660,8202
6312.34,3661,8202
6312.371,3662,8202
6312.844,3663,8202
6312.961,3664,8203
6313.367,3665,8203
6314.125,3666,8204
6314.66,3667,8204
6314.907,3668,8205
6315.056,3669,8205
6315.89,3670,8208
6316.477,3671,8209
6316.829,3672,8212
6316.878,3673,8214
6317.091,3674,8214
6317.184,3675,8219
6318.87,3676,8228
6321.228,3677,8228
6322.008,3678,8228
6322.71,3679,8239
6324.845,3680,8239
6326.955,3681,8239
6326.993,3682,8239
6327.005,3683,8239
6327.588,3684,8239
6328.106,3685,8239
6328.299,3686,8241
6328.858,3687,8241
6329.37,3688,8241
6329.966,3689,8244
6331.491,3690,8245
6332.343,3691,8245
6333.521,3692,8246
6333.755,3693,8247
6334.132,3694,8278
6335.633,3695,8279
6336.832,3696,8279
6336.883,3697,8285
6340.384,3698,8285
6355.309,3699,8285
6356.089,3700,8285
6360.06,3701,8285
6360.075,3702,8285
6360.759,3703,8285
6391.609,3704,8285
6403.099,3705,8285
6403.819,3706,8288
6403.91,3707,8288
6403.922,3708,8291
6404.265,3709,8291
6404.345,3710,8291
6404.519,3711,8293
6404.768,3712,8294
6405.154,3713,8295
6405.185,3714,8297
6406.09,3715,8297
6406.624,3716,8297
6406.988,3717,8297
6409.671,3718,8297
6409.712,3719,8297
6410.062,3720,8298
6410.282,3721,8298
6410.341,3722,8300
6410.411,3723,8310
6411.003,3724,8310
6411.805,3725,8310
6414.049,3726,8310
6414.179,3727,8311
6414.693,3728,8313
6414.731,3729,8314
6415.603,3730,8318
6415.641,3731,8318
6417.595,3732,8319
6421.104,3733,8319
6422.608,3734,8320
6424.115,3735,8320
6424.335,3736,8321
6424.635,3737,8321
6426.524,3738,8321
6428.141,3739,8322
6429.423,3740,8322
6429.764,3741,8322
6430.003,3742,8328
6430.14,3743,8328
6431.151,3744,8328
6432.658,3745,8328
6432.785,3746,8329
6435.607,3747,8329
6436.599,3748,8329
6439.846,3749,8329
6440.489,3750,8329
6441.666,3751,8330
6442.454,3752,8330
6442.636,3753,8336
6443.858,3754,8336
6446.611,3755,8336
6448.517,3756,8336
6451.208,3757,8336
6452.586,3758,8336
6457.713,3759,8336
6457.919,3760,8337
6461.0,3761,8337
6468.21,3762,8337
6470.235,3763,8337
6471.817,3764,8337
6473.712,3765,8338
6475.03,3766,8338
6477.061,3767,8338
6480.974,3768,8339
6481.012,3769,8339
6481.986,3770,8339
6487.412,3771,8340
6488.802,3772,8345
6493.518,3773,8346
6496.812,3774,8346
6502.647,3775,8346
6505.71,3776,8347
6507.776,3777,8348
6508.27,3778,8354
6510.835,3779,8354
6512.318,3780,8354
6514.293,3781,8356
6520.252,3782,8356
6520.477,3783,8357
6533.261,3784,8360
6534.948,3785,8360
6535.016,3786,8360
6543.022,3787,8360
6545.236,3788,8360
6547.103,3789,8360
6550.014,3790,8360
6550.63,3791,8366
6550.671,3792,8366
6550.683,3793,8366
6550.829,3794,8366
6550.883,3795,8367
6551.105,3796,8367
6551.25,3797,8370
6551.401,3798,8371
6551.444,3799,8374
6552.98,3800,8375
6554.556,3801,8375
6555.873,3802,8376
6560.53,3803,8376
6560.548,3804,8377
6560.749,3805,8379
6563.04,3806,8381
6566.104,3807,8382
6566.207,3808,8385
6566.636,3809,8386
6568.878,3810,8387
6574.884,3811,8387
6577.089,3812,8389
6577.69,3813,8389
6579.56,3814,8389
6580.426,3815,8390
6594.939,3816,8390
6596.292,3817,8390
6596.351,3818,8390
6596.767,3819,8390
6596.866,3820,8390
6596.885,3821,8390
6597.351,3822,8390
6598.33,3823,8390
6598.549,3824,8390
6598.564,3825,8394
6598.993,3826,8394
6599.263,3827,8395
6599.368,3828,8395
6600.894,3829,8398
6603.237,3830,8401
6607.128,3831,8402
6607.846,3832,8405
6609.902,3833,8405
6610.476,3834,8405
6614.269,3835,8406
6615.282,3836,8407
6616.724,3837,8407
6617.17,3838,8410
6618.862,3839,8411
6618.944,3840,8411
6619.439,3841,8411
6619.664,3842,8412
6620.812,3843,8412
6620.871,3844,8412
6621.414,3845,8416
6624.341,3846,8416
6624.611,3847,8416
6627.21,3848,8417
6627.386,3849,8417
6627.439,3850,8417
6627.826,3851,8417
6628.225,3852,8417
6628.469,3853,8418
6629.319,3854,8418
6629.431,3855,8418
6630.798,3856,8418
6631.394,3857,8418
6631.471,3858,8418
6632.59,3859,8418
6635.909,3860,8418
6636.416,3861,8420
6636.822,3862,8422
6639.568,3863,8422
6640.279,3864,8424
6641.157,3865,8424
6641.306,3866,8424
6641.78,3867,8424
6644.073,3868,8426
6646.051,3869,8426
6646.467,3870,8427
6646.761,3871,8428
6646.871,3872,8428
6647.519,3873,8429
6651.991,3874,8429
6653.386,3875,8430
6653.954,3876,8431
6655.488,3877,8435
6714.715,3878,8435
6715.067,3879,8435
6715.146,3880,8436
6715.268,3881,8436
6715.308,3882,8437
6715.343,3883,8437
6715.376,3884,8437
6715.812,3885,8439
6715.963,3886,8440
6716.332,3887,8440
6717.723,3888,8440
6718.156,3889,8440
6720.555,3890,8443
6721.885,3891,8443
6723.633,3892,8443
6726.493,3893,8445
6734.207,3894,8445
6735.407,3895,8445
6736.204,3896,8446
6753.105,3897,8446
6761.934,3898,8446
6762.246,3899,8446
6762.597,3900,8446
6762.818,3901,8447
6762.965,3902,8447
6763.501,3903,8447
6765.144,3904,8447
6765.793,3905,8448
6766.112,3906,8449
6766.164,3907,8449
6766.501,3908,8450
6766.541,3909,8450
6767.93,3910,8452
6768.292,3911,8452
6768.335,3912,8453
6768.401,3913,8453
6771.127,3914,8453
6771.238,3915,8453
6773.314,3916,8453
6774.554,3917,8454
6775.21,3918,8455
6776.369,3919,8455
6777.126,3920,8455
6777.168,3921,8457
6779.333,3922,8457
6780.801,3923,8457
6780.94,3924,8459
6781.167,3925,8459
6782.016,3926,8459
6782.538,3927,8460
6782.766,3928,8460
6784.865,3929,8461
6786.741,3930,8461
6791.264,3931,8461
6791.398,3932,8461
6792.432,3933,8461
6793.19,3934,8462
6794.515,3935,8462
6817.242,3936,8462
6817.796,3937,8462
6818.004,3938,8463
6818.035,3939,8464
6819.652,3940,8464
6821.432,3941,8466
6824.551,3942,8467
6824.611,3943,8468
6826.128,3944,8469
6827.746,3945,8471
6830.565,3946,8471
6831.065,3947,8475
6833.019,3948,8476
6834.065,3949,8476
6834.548,3950,8477
6834.984,3951,8479
6840.525,3952,8479
6841.235,3953,8480
6844.04,3954,8480
6844.069,3955,8481
6845.176,3956,8481
6845.412,3957,8481
6849.357,3958,8481
6856.015,3959,8482
6856.652,3960,8482
6859.517,3961,8484
6893.339,3962,8484
6893.681,3963,8484
6894.403,3964,8484
6894.419,3965,8484
6894.796,3966,8484
6895.762,3967,8484
6900.512,3968,8484
6902.953,3969,8484
6904.39,3970,8484
6909.317,3971,8487
6927.088,3972,8493
6927.453,3973,8493
6927.55,3974,8494
6927.634,3975,8494
6927.931,3976,8495
6927.965,3977,8495
6928.125,3978,8499
6928.457,3979,8499
6929.094,3980,8499
6929.444,3981,8500
6929.528,3982,8500
6933.529,3983,8500
6934.89,3984,8500
6937.066,3985,8516
6937.566,3986,8516
6941.691,3987,8519
6942.67,3988,8520
6943.545,3989,8520
6944.942,3990,8524
6950.083,3991,8525
6950.222,3992,8530
6956.685,3993,8531
6957.169,3994,8531
6971.504,3995,8531
6990.005,3996,8531
6990.137,3997,8531
7003.324,3998,8531
7014.069,3999,8531
7019.537,4000,8531
7021.618,4001,8531
7021.75,4002,8531
7022.198,4003,8531
7028.421,4004,8531
7028.49,4005,8531
7028.739,4006,8531
7028.904,4007,8531
7028.926,4008,8531
7029.174,4009,8531
7029.383,4010,8531
7029.913,4011,8531
7030.607,4012,8531
7031.042,4013,8531
7036.729,4014,8531
7037.152,4015,8531
7044.449,4016,8531
7044.943,4017,8533
7045.887,4018,8533
7045.921,4019,8533
7047.138,4020,8533
7052.323,4021,8533
7056.74,4022,8533
7064.515,4023,8533
7066.888,4024,8536
7074.418,4025,8538
7074.464,4026,8538
7081.914,4027,8538
7081.926,4028,8541
7081.945,4029,8543
7082.011,4030,8545
7082.083,4031,8545
7082.37,4032,8546
7082.577,4033,8548
7082.622,4034,8548
7082.727,4035,8549
7082.909,4036,8549
7083.481,4037,8549
7083.847,4038,8552
7084.198,4039,8553
7084.822,4040,8553
7085.007,4041,8554
7085.981,4042,8554
7086.262,4043,8555
7086.915,4044,8557
7086.964,4045,8558
7087.453,4046,8563
7087.799,4047,8563
7088.51,4048,8565
7091.336,4049,8565
7095.663,4050,8566
7096.729,4051,8566
7097.782,4052,8566
7099.248,4053,8566
7099.522,4054,8566
7102.864,4055,8573
7103.536,4056,8574
7107.431,4057,8574
7107.873,4058,8576
7108.254,4059,8576
7108.921,4060,8585
7110.145,4061,8586
7124.964,4062,8586
7125.154,4063,8587
7126.284,4064,8588
7130.743,4065,8588
7132.778,4066,8588
7133.455,4067,8589
7137.116,4068,8589
7143.084,4069,8591
7143.308,4070,8592
7146.858,4071,8593
7150.859,4072,8593
7169.199,4073,8593
7175.893,4074,8593
7186.989,4075,8593
7187.202,4076,8593
7187.316,4077,8593
7187.42,4078,8593
7188.834,4079,8593
7206.902,4080,8593
7206.995,4081,8593
7207.253,4082,8595
7208.778,4083,8595
7228.211,4084,8595
7230.646,4085,8597
7230.7,4086,8598
7230.816,4087,8604
7231.003,4088,8604
7231.313,4089,8608
7231.344,4090,8610
7232.005,4091,8611
7232.832,4092,8612
7234.97,4093,8612
7235.373,4094,8613
7235.995,4095,8615
7237.765,4096,8616
7240.509,4097,8617
7243.432,4098,8617
7244.165,4099,8617
7246.145,4100,8618
7250.551,4101,8620
7260.347,4102,8620
7264.35,4103,8620
7264.518,4104,8620
7265.09,4105,8621
7267.711,4106,8626
7268.83,4107,8626
7271.647,4108,8628
7271.865,4109,8628
7272.329,4110,8628
7276.102,4111,8630
7277.963,4112,8632
7282.94,4113,8633
7292.147,4114,8633
7310.615,4115,8633
7312.711,4116,8634
7318.476,4117,8634
7318.976,4118,8634
7319.042,4119,8634
7320.323,4120,8639
7322.588,4121,8640
7325.53,4122,8645
7325.567,4123,8645
7327.335,4124,8645
7334.235,4125,8645
7339.617,4126,8645
7353.692,4127,8646
7354.458,4128,8647
7369.179,4129,8648
7369.64,4130,8649
7370.0,4131,8651
7370.935,4132,8655
7371.828,4133,8655
7372.226,4134,8661
7373.36,4135,8663
7374.772,4136,8664
7376.93,4137,8665
7377.654,4138,8666
7380.518,4139,8666
7386.386,4140,8668
7388.145,4141,8668
7391.768,4142,8668
7392.054,4143,8668
7393.007,4144,8668
7395.739,4145,8668
7396.775,4146,8668
7396.843,4147,8668
7396.959,4148,8668
7397.455,4149,8668
7399.426,4150,8668
7404.883,4151,8668
7406.975,4152,8668
7408.344,4153,8668
7408.59,4154,8668
7408.643,4155,8668
7409.681,4156,8668
7409.863,4157,8668
7409.959,4158,8668
7411.786,4159,8668
7413.415,4160,8668
7413.498,4161,8673
7419.783,4162,8673
7421.467,4163,8673
7421.743,4164,8673
7425.793,4165,8673
7431.631,4166,8673
7436.785,4167,8673
7436.869,4168,8673
7438.068,4169,8673
7446.365,4170,8673
7446.461,4171,8674
7446.839,4172,8674
7447.716,4173,8674
7449.246,4174,8675
7451.562,4175,8675
7453.143,4176,8676
7455.608,4177,8677
7461.351,4178,8677
7465.354,4179,8687
7471.614,4180,8691
7474.865,4181,8697
7476.69,4182,8697
7477.287,4183,8697
7478.423,4184,8697
7480.788,4185,8697
7481.989,4186,8697
7482.593,4187,8699
7483.402,4188,8699
7484.249,4189,8699
7485.467,4190,8699
7486.078,4191,8700
7486.334,4192,8701
7490.993,4193,8701
7493.166,4194,8705
7498.46,4195,8706
7500.481,4196,8706
7500.615,4197,8706
7507.757,4198,8708
7511.922,4199,8708
7521.83,4200,8708
7523.921,4201,8709
7524.371,4202,8709
7524.872,4203,8710
7525.841,4204,8715
7526.872,4205,8715
7527.984,4206,8716
7538.279,4207,8718
7540.552,4208,8719
7540.715,4209,8720
7542.782,4210,8721
7542.915,4211,8721
7543.074,4212,8722
7545.052,4213,8722
7545.811,4214,8723
7547.702,4215,8723
7551.842,4216,8723
7552.502,4217,8723
7552.604,4218,8725
7555.066,4219,8725
7556.301,4220,8725
7557.868,4221,8726
7558.124,4222,8727
7558.709,4223,8729
7559.85,4224,8729
7561.307,4225,8732
7562.649,4226,8732
7567.701,4227,8733
7567.774,4228,8734
7575.356,4229,8734
7576.503,4230,8734
7576.569,4231,8734
7578.876,4232,8734
7581.369,4233,8736
7587.954,4234,8737
7588.006,4235,8741
7589.404,4236,8742
7590.266,4237,8742
7592.246,4238,8749
7592.459,4239,8750
7593.536,4240,8750
7596.319,4241,8751
7597.205,4242,8752
7597.443,4243,8755
7602.471,4244,8756
7602.585,4245,8757
7602.923,4246,8763
7603.251,4247,8763
7605.522,4248,8763
7606.281,4249,8763
7609.016,4250,8763
7614.846,4251,8765
7616.521,4252,8765
7618.517,4253,8765
7621.211,4254,8765
7623.674,4255,8765
7624.471,4256,8766
7646.617,4257,8766
7646.769,4258,8766
7648.387,4259,8766
7649.407,4260,8766
7649.647,4261,8766
7650.148,4262,8767
7650.322,4263,8767
7650.692,4264,8767
7652.757,4265,8768
7654.27,4266,8769
7655.964,4267,8769
7662.072,4268,8771
7665.676,4269,8771
7666.075,4270,8771
7671.3,4271,8771
7675.517,4272,8771
7680.095,4273,8771
7680.389,4274,8771
7681.248,4275,8773
7681.943,4276,8773
7682.781,4277,8773
7683.608,4278,8773
7684.946,4279,8774
7688.706,4280,8774
7688.973,4281,8775
7690.274,4282,8775
7690.834,4283,8775
7693.643,4284,8775
7694.405,4285,8775
7699.837,4286,8775
7701.468,4287,8778
7703.919,4288,8778
7708.132,4289,8779
7710.663,4290,8780
7710.965,4291,8783
7711.351,4292,8783
7711.485,4293,8783
7712.093,4294,8783
7712.351,4295,8783
7712.697,4296,8785
7712.951,4297,8786
7713.007,4298,8786
7713.066,4299,8786
7713.669,4300,8788
7713.923,4301,8789
7715.935,4302,8790
7716.672,4303,8790
7719.085,4304,8791
7729.686,4305,8792
7734.247,4306,8794
7739.833,4307,8795
7741.238,4308,8795
7741.846,4309,8796
7743.575,4310,8796
7744.729,4311,8797
7746.079,4312,8797
7746.211,4313,8797
7746.888,4314,8797
7751.841,4315,8797
7752.369,4316,8797
7752.79,4317,8804
7755.336,4318,8804
7775.822,4319,8805
7776.747,4320,8806
7778.056,4321,8808
7780.606,4322,8809
7785.998,4323,8816
7789.818,4324,8817
7809.531,4325,8817
7809.636,4326,8817
7810.163,4327,8817
7810.57,4328,8817
7813.317,4329,8818
7826.85,4330,8818
7833.227,4331,8818
7833.912,4332,8818
7835.712,4333,8818
7846.514,4334,8819
7862.321,4335,8819
7862.491,4336,8820
7863.07,4337,8821
7864.412,4338,8822
7865.573,4339,8823
7866.488,4340,8823
7867.389,4341,8823
7868.257,4342,8827
7871.362,4343,8828
7872.841,4344,8828
7876.22,4345,8829
7877.952,4346,8830
7879.019,4347,8830
7881.063,4348,8830
7889.369,4349,8830
7889.538,4350,8830
7912.371,4351,8830
7912.529,4352,8831
7914.926,4353,8831
7923.802,4354,8831
7932.295,4355,8831
7932.429,4356,8832
7933.759,4357,8833
7933.945,4358,8833
7938.806,4359,8833
7940.176,4360,8835
7946.371,4361,8835
7946.703,4362,8835
7956.409,4363,8835
7961.541,4364,8835
7969.025,4365,8835
7970.795,4366,8835
7984.587,4367,8836
8001.942,4368,8836
8008.053,4369,8836
8008.175,4370,8836
8012.044,4371,8836
8025.524,4372,8836
8026.301,4373,8836
8037.551,4374,8836
8051.281,4375,8836
8051.758,4376,8836
8051.807,4377,8836
8052.368,4378,8836
8053.289,4379,8836
8054.273,4380,8836
8054.645,4381,8836
8055.896,4382,8850
8061.373,4383,8850
8065.638,4384,8850
8067.549,4385,8850
8071.733,4386,8851
8082.959,4387,8852
8082.995,4388,8852
8083.572,4389,8852
8083.907,4390,8852
8091.56,4391,8854
8098.667,4392,8854
8106.274,4393,8854
8106.951,4394,8855
8107.179,4395,8855
8111.431,4396,8855
8112.912,4397,8855
8113.156,4398,8855
8117.501,4399,8855
8119.185,4400,8855
8121.542,4401,8855
8123.465,4402,8856
8123.652,4403,8856
8123.842,4404,8856
8126.101,4405,8857
8127.652,4406,8857
8134.384,4407,8857
8134.402,4408,8857
8134.504,4409,8857
8134.679,4410,8857
8138.303,4411,8857
8138.579,4412,8857
8139.143,4413,8857
8139.339,4414,8857
8141.018,4415,8857
8179.717,4416,8857
8187.562,4417,8857
8188.499,4418,8857
8190.0,4419,8857
8191.366,4420,8857
8207.057,4421,8857
8209.738,4422,8858
8220.267,4423,8858
8235.08,4424,8858
8240.04,4425,8864
8246.832,4426,8864
8248.999,4427,8864
8265.984,4428,8864
8271.422,4429,8864
8288.789,4430,8864
8309.281,4431,8865
8311.621,4432,8866
8312.737,4433,8867
8313.24,4434,8868
8313.717,4435,8873
8313.99,4436,8874
8316.804,4437,8875
8320.583,4438,8876
8326.089,4439,8876
8326.572,4440,8876
8327.104,4441,8881
8327.705,4442,8881
8332.971,4443,8881
8335.051,4444,8881
8335.92,4445,8881
8348.976,4446,8881
8349.466,4447,8881
8349.525,4448,8881
8349.68,4449,8881
8349.761,4450,8881
8350.114,4451,8881
8350.154,4452,8881
8358.647,4453,8883
8360.797,4454,8885
8370.065,4455,8889
8370.097,4456,8890
8376.429,4457,8890
8386.215,4458,8891
8387.102,4459,8892
8387.114,4460,8893
8389.612,4461,8895
8390.103,4462,8896
8392.871,4463,8897
8392.959,4464,8902
8400.884,4465,8902
8401.078,4466,8903
8401.796,4467,8903
8405.127,4468,8903
8405.628,4469,8906
8410.907,4470,8906
8411.254,4471,8907
8411.361,4472,8907
8411.57,4473,8907
8412.805,4474,8907
8413.11,4475,8907
8413.395,4476,8907
8413.767,4477,8907
8414.724,4478,8907
8426.964,4479,8943
8430.261,4480,8943
8434.575,4481,8943
8436.401,4482,8943
8439.431,4483,8943
8439.744,4484,8944
8441.371,4485,8944
8441.617,4486,8945
8443.123,4487,8947
8445.231,4488,8947
8445.274,4489,8947
8445.393,4490,8947
8445.529,4491,8947
8445.571,4492,8948
8445.645,4493,8949
8446.739,4494,8949
8447.755,4495,8949
8447.868,4496,8950
8451.489,4497,8952
8455.5,4498,8952
8455.647,4499,8953
8462.411,4500,8953
8462.538,4501,8954
8462.7,4502,8954
8471.206,4503,8954
8472.017,4504,8954
8473.091,4505,8954
8474.38,4506,8954
8475.662,4507,8955
8476.492,4508,8956
8476.703,4509,8957
8476.836,4510,8957
8480.458,4511,8958
8485.575,4512,8959
8490.0,4513,8959
8493.872,4514,8959
8495.744,4515,8959
8497.455,4516,8960
8511.899,4517,8960
8514.762,4518,8960
8522.681,4519,8960
8523.377,4520,8960
8523.398,4521,8960
8523.934,4522,8960
8523.951,4523,8960
8525.097,4524,8962
8525.978,4525,8962
8526.228,4526,8962
8531.626,4527,8962
8532.185,4528,8963
8533.981,4529,8963
8539.897,4530,8963
8546.823,4531,8963
8553.283,4532,8964
8561.584,4533,8964
8561.788,4534,8964
8561.916,4535,8964
8562.07,4536,8964
8562.131,4537,8964
8564.222,4538,8964
8566.185,4539,8965
8566.632,4540,8967
8569.734,4541,8967
8573.164,4542,8968
8576.442,4543,8968
8578.571,4544,8968
8579.321,4545,8968
8580.165,4546,8968
8589.256,4547,8968
8590.234,4548,8970
8590.74,4549,8970
8593.073,4550,8971
8593.139,4551,8973
8593.559,4552,8973
8593.973,4553,8975
8594.402,4554,8977
8596.619,4555,8978
8601.79,4556,8979
8602.812,4557,8980
8603.356,4558,8981
8604.281,4559,8981
8608.544,4560,8981
8611.924,4561,8981
8613.422,4562,8981
8615.134,4563,8981
8618.407,4564,8981
8619.991,4565,8982
8622.195,4566,8983
8622.306,4567,8983
8624.312,4568,8983
8628.125,4569,8983
8644.261,4570,8983
8644.774,4571,8983
8645.361,4572,8983
8651.733,4573,8984
8652.049,4574,8985
8653.537,4575,8992
8653.855,4576,8992
8668.939,4577,8992
8669.876,4578,8992
8670.273,4579,8993
8670.429,4580,8993
8670.838,4581,8993
8673.246,4582,8993
8682.745,4583,8993
8690.325,4584,8994
8699.973,4585,8994
8701.534,4586,8994
8701.781,4587,8994
8702.522,4588,8994
8705.191,4589,8995
8708.435,4590,8995
8710.221,4591,8997
8716.326,4592,8997
8725.826,4593,8997
8735.061,4594,8997
8736.012,4595,8997
8736.787,4596,8997
8736.885,4597,8997
8741.856,4598,8997
8746.967,4599,8997
8747.184,4600,8997
8747.659,4601,8997
8751.914,4602,8997
8752.25,4603,8997
8752.544,4604,8997
8753.927,4605,9000
8754.434,4606,9001
8756.971,4607,9003
8764.447,4608,9006
8766.018,4609,9022
8766.075,4610,9022
8767.424,4611,9023
8774.351,4612,9023
8779.716,4613,9024
8784.621,4614,9024
8784.9,4615,9024
8788.027,4616,9024
8790.09,4617,9025
8790.141,4618,9025
8790.339,4619,9025
8790.461,4620,9025
8791.397,4621,9025
8791.444,4622,9025
8794.522,4623,9025
8795.224,4624,9025
8795.704,4625,9025
8797.564,4626,9025
8797.814,4627,9026
8801.271,4628,9028
8803.837,4629,9028
8804.517,4630,9028
8805.03,4631,9028
8805.711,4632,9029
8807.762,4633,9030
8808.305,4634,9030
8809.527,4635,9030
8811.969,4636,9030
8813.649,4637,9030
8814.292,4638,9030
8814.676,4639,9030
8814.854,4640,9030
8819.814,4641,9032
8820.443,4642,9034
8825.36,4643,9034
8830.6,4644,9034
8834.049,4645,9034
8834.263,4646,9034
8834.276,4647,9034
8834.341,4648,9034
8834.402,4649,9034
8834.46,4650,9034
8834.534,4651,9034
8834.574,4652,9034
8834.671,4653,9034
8834.743,4654,9034
8834.905,4655,9034
8834.967,4656,9034
8835.195,4657,9034
8835.998,4658,9034
8836.015,4659,9034
8836.033,4660,9034
8836.097,4661,9034
8836.126,4662,9035
8836.152,4663,9035
8836.239,4664,9035
8836.408,4665,9035
8836.472,4666,9035
8836.768,4667,9035
8836.858,4668,9035
8836.883,4669,9035
8836.916,4670,9035
8837.033,4671,9035
8838.496,4672,9036
8838.73,4673,9036
8839.017,4674,9036
8839.252,4675,9036
8839.443,4676,9047
8840.702,4677,9049
8846.68,4678,9049
8846.787,4679,9049
8849.911,4680,9054
8852.049,4681,9054
8852.37,4682,9054
8852.952,4683,9055
8854.53,4684,9056
8858.095,4685,9056
8865.159,4686,9056
8870.958,4687,9056
8871.139,4688,9057
8871.802,4689,9057
8873.262,4690,9057
8877.517,4691,9057
8878.895,4692,9058
8879.907,4693,9059
8880.508,4694,9059
8885.362,4695,9059
8887.391,4696,9071
8888.352,4697,9071
8895.759,4698,9072
8895.929,4699,9072
8896.642,4700,9073
8896.827,4701,9073
8900.908,4702,9074
8911.3,4703,9074
8911.8,4704,9079
8911.92,4705,9079
8914.8,4706,9079
8915.88,4707,9079
8921.288,4708,9080
8921.878,4709,9081
8943.379,4710,9081
8943.472,4711,9081
8944.744,4712,9081
8945.272,4713,9081
8949.484,4714,9081
8950.02,4715,9081
8950.197,4716,9083
8950.499,4717,9084
8951.27,4718,9085
8952.316,4719,9085
8960.47,4720,9085
8961.456,4721,9085
8968.166,4722,9085
8972.31,4723,9085
8973.463,4724,9086
8976.013,4725,9086
8976.539,4726,9086
8977.666,4727,9086
8980.376,4728,9086
8983.679,4729,9086
8985.388,4730,9087
8985.85,4731,9088
8986.523,4732,9089
8987.632,4733,9090
8987.83,4734,9091
9001.672,4735,9092
9001.76,4736,9095
9002.947,4737,9095
9005.521,4738,9096
9005.749,4739,9096
9006.531,4740,9096
9009.191,4741,9096
9010.336,4742,9096
9012.48,4743,9097
9012.892,4744,9097
9013.054,4745,9099
9013.104,4746,9100
9013.224,4747,9100
9013.342,4748,9100
9013.462,4749,9101
9014.034,4750,9102
9014.273,4751,9102
9017.28,4752,9102
9018.601,4753,9102
9019.681,4754,9102
9020.811,4755,9102
9022.566,4756,9102
9026.34,4757,9105
9027.025,4758,9106
9027.129,4759,9107
9027.738,4760,9107
9033.602,4761,9108
9034.995,4762,9115
9035.169,4763,9115
9036.852,4764,9118
9037.252,4765,9118
9042.309,4766,9118
9045.675,4767,9120
9046.158,4768,9124
9054.971,4769,9124
9055.641,4770,9124
9056.719,4771,9124
9080.002,4772,9124
9080.34,4773,9125
9083.617,4774,9126
9084.08,4775,9126
9099.905,4776,9126
9101.774,4777,9126
9107.543,4778,9126
9110.318,4779,9126
9112.024,4780,9127
9136.511,4781,9127
9136.926,4782,9127
9146.334,4783,9127
9146.346,4784,9127
9148.211,4785,9129
9148.591,4786,9129
9148.624,4787,9129
9148.955,4788,9129
9149.283,4789,9129
9149.367,4790,9130
9150.068,4791,9131
9150.73,4792,9132
9150.774,4793,9132
9154.885,4794,9132
9155.617,4795,9133
9163.331,4796,9133
9164.485,4797,9133
9169.147,4798,9133
9171.906,4799,9133
9172.102,4800,9133
9172.302,4801,9133
9172.752,4802,9133
9172.919,4803,9133
9173.891,4804,9134
9173.927,4805,9134
9174.116,4806,9134
9174.563,4807,9134
9175.239,4808,9134
9175.524,4809,9134
9175.815,4810,9137
9175.941,4811,9137
9177.097,4812,9138
9177.665,4813,9143
9177.907,4814,9143
9180.197,4815,9144
9185.329,4816,9144
9185.965,4817,9146
9192.112,4818,9151
9201.304,4819,9159
9218.345,4820,9159
9218.405,4821,9159
9218.442,4822,9159
9218.526,4823,9159
9218.635,4824,9159
9218.676,4825,9159
9218.915,4826,9159
9219.055,4827,9159
9219.278,4828,9159
9221.257,4829,9159
9221.605,4830,9159
9221.673,4831,9159
9221.916,4832,9159
9225.257,4833,9161
9227.037,4834,9161
9228.817,4835,9161
9228.896,4836,9161
9230.002,4837,9161
9232.549,4838,9161
9235.182,4839,9161
9236.173,4840,9161
9236.857,4841,9161
9239.92,4842,9163
9239.952,4843,9164
9240.299,4844,9167
9240.629,4845,9171
9243.782,4846,9171
9245.71,4847,9171
9253.703,4848,9171
9257.366,4849,9171
9260.566,4850,9172
9270.036,4851,9172
9278.434,4852,9178
9281.758,4853,9178
9281.95,4854,9178
9282.179,4855,9179
9282.398,4856,9179
9282.546,4857,9179
9283.948,4858,9179
9287.052,4859,9179
9287.375,4860,9179
9288.258,4861,9179
9288.452,4862,9180
9289.716,4863,9180
9294.557,4864,9181
9300.679,4865,9181
9300.77,4866,9181
9306.711,4867,9181
9307.015,4868,9181
9309.376,4869,9181
9311.771,4870,9183
9311.861,4871,9183
9312.49,4872,9183
9316.432,4873,9183
9317.027,4874,9183
9317.13,4875,9183
9318.519,4876,9183
9322.493,4877,9183
9325.29,4878,9184
9329.754,4879,9184
9332.485,4880,9184
9332.671,4881,9184
9338.137,4882,9185
9342.987,4883,9185
9345.262,4884,9185
9363.713,4885,9186
9363.92,4886,9186
9364.9,4887,9193
9365.024,4888,9193
9365.624,4889,9193
9365.731,4890,9193
9366.322,4891,9193
9366.527,4892,9193
9366.718,4893,9193
9367.348,4894,9193
9370.492,4895,9193
9371.393,4896,9193
9371.493,4897,9193
9373.551,4898,9193
9373.775,4899,9193
9374.05,4900,9193
9374.121,4901,9193
9376.36,4902,9193
9381.817,4903,9193
9387.5,4904,9193
9395.721,4905,9193
9396.553,4906,9193
9397.68,4907,9193
9398.044,4908,9193
9398.46,4909,9193
9401.002,4910,9193
9402.815,4911,9193
9408.629,4912,9193
9415.983,4913,9193
9416.263,4914,9195
9416.601,4915,9196
9421.54,4916,9196
9428.809,4917,9196
9428.859,4918,9196
9428.931,4919,9198
9429.251,4920,9198
9429.273,4921,9200
9429.345,4922,9200
9429.549,4923,9200
9429.865,4924,9200
9430.001,4925,9200
9430.097,4926,9200
9430.128,4927,9200
9430.285,4928,9200
9430.524,4929,9200
9431.083,4930,9200
9431.588,4931,9200
9432.177,4932,9200
9432.199,4933,9200
9432.776,4934,9200
9432.849,4935,9200
9433.326,4936,9200
9433.443,4937,9200
9434.126,4938,9200
9434.662,4939,9200
9434.805,4940,9200
9435.899,4941,9200
9437.704,4942,9200
9437.865,4943,9200
9439.795,4944,9200
9444.411,4945,9200
9444.67,4946,9201
9445.844,4947,9201
9445.979,4948,9201
9447.502,4949,9201
9450.053,4950,9201
9451.49,4951,9201
9451.673,4952,9202
9454.339,4953,9202
9455.204,4954,9202
9455.452,4955,9202
9456.725,4956,9202
9457.289,4957,9202
9458.529,4958,9202
9458.674,4959,9202
9477.491,4960,9202
9487.886,4961,9202
9488.048,4962,9202
9488.207,4963,9202
9492.78,4964,9203
9498.468,4965,9203
9500.504,4966,9203
9500.758,4967,9203
9504.588,4968,9203
9504.682,4969,9203
9504.815,4970,9204
9505.019,4971,9204
9511.2,4972,9204
9514.944,4973,9205
9519.004,4974,9205
9520.509,4975,9205
9520.6,4976,9205
9522.992,4977,9211
9523.99,4978,9211
9535.09,4979,9212
9535.144,4980,9212
9535.871,4981,9213
9536.41,4982,9213
9538.2,4983,9221
9538.514,4984,9221
9539.528,4985,9221
9544.042,4986,9221
9548.048,4987,9221
9549.236,4988,9221
9550.478,4989,9222
9554.761,4990,9223
9558.114,4991,9227
9559.784,4992,9227
9560.137,4993,9228
9568.504,4994,9228
9571.967,4995,9228
9572.283,4996,9228
9572.394,4997,9228
9580.926,4998,9228
9589.207,4999,9229
9589.306,5000,9229
9589.56,5001,9229
9589.603,5002,9229
9589.843,5003,9229
9595.117,5004,9229
9609.821,5005,9229
9616.076,5006,9229
9623.395,5007,9229
9629.436,5008,9229
9630.927,5009,9229
9633.296,5010,9229
9633.819,5011,9229
9636.829,5012,9229
9638.022,5013,9229
9639.169,5014,9230
9639.986,5015,9230
9640.545,5016,9230
9640.971,5017,9230
9644.419,5018,9230
9645.475,5019,9230
9646.301,5020,9230
9647.551,5021,9230
9648.159,5022,9230
9675.817,5023,9230
9677.249,5024,9230
9680.523,5025,9230
9681.966,5026,9230
9691.214,5027,9231
9700.273,5028,9231
9701.902,5029,9231
9702.196,5030,9231
9703.202,5031,9231
9703.42,5032,9231
9703.537,5033,9231
9708.37,5034,9231
9708.549,5035,9231
9708.676,5036,9231
9708.865,5037,9231
9716.868,5038,9232
9718.151,5039,9232
9721.868,5040,9232
9728.781,5041,9232
9733.608,5042,9232
9733.892,5043,9232
9735.998,5044,9232
9736.347,5045,9232
9751.513,5046,9232
9751.546,5047,9232
9751.715,5048,9232
9753.837,5049,9232
9754.666,5050,9232
9755.011,5051,9232
9756.32,5052,9233
9756.692,5053,9234
9757.605,5054,9234
9758.376,5055,9234
9760.062,5056,9234
9764.9,5057,9234
9764.961,5058,9234
9765.902,5059,9236
9769.09,5060,9236
9770.024,5061,9236
9770.575,5062,9237
9771.572,5063,9237
9774.072,5064,9237
9775.333,5065,9237
9781.47,5066,9237
9782.606,5067,9238
9794.886,5068,9238
9806.763,5069,9238
9807.763,5070,9239
9809.11,5071,9239
9811.374,5072,9239
9814.64,5073,9241
9823.074,5074,9242
9823.139,5075,9242
9835.836,5076,9242
9837.621,5077,9243
9840.841,5078,9243
9846.02,5079,9243
9846.323,5080,9243
9847.917,5081,9243
9848.46,5082,9243
9849.629,5083,9243
9851.421,5084,9244
9853.37,5085,9244
9861.548,5086,9244
9872.759,5087,9246
9878.404,5088,9247
9880.074,5089,9247
9880.386,5090,9253
9882.39,5091,9255
9882.407,5092,9256
9882.541,5093,9257
9885.294,5094,9260
9886.731,5095,9261
9887.017,5096,9261
9887.506,5097,9262
9890.594,5098,9262
9891.402,5099,9263
9903.525,5100,9264
9908.326,5101,9265
9910.912,5102,9265
9913.536,5103,9267
9914.402,5104,9267
9914.648,5105,9267
9915.248,5106,9267
9922.254,5107,9268
9923.26,5108,9268
9923.464,5109,9269
9929.379,5110,9270
9929.485,5111,9270
9929.707,5112,9270
9939.575,5113,9270
9942.9,5114,9270
9945.973,5115,9270
9947.425,5116,9272
9953.737,5117,9272
9954.876,5118,9272
9955.193,5119,9273
9955.429,5120,9273
9964.711,5121,9273
9964.827,5122,9274
9978.549,5123,9274
9980.018,5124,9275
9981.152,5125,9275
9981.177,5126,9275
9981.288,5127,9275
9981.431,5128,9275
9981.612,5129,9275
9982.272,5130,9275
9983.916,5131,9275
9985.168,5132,9275
9985.43,5133,9275
9987.711,5134,9275
9988.216,5135,9281
9989.151,5136,9281
9998.012,5137,9281
9998.887,5138,9281
9999.353,5139,9281
10002.268,5140,9281
10005.493,5141,9281
10007.342,5142,9281
10008.216,5143,9281
10014.52,5144,9281
10017.181,5145,9282
10018.143,5146,9282
10019.061,5147,9285
10019.332,5148,9286
10019.424,5149,9293
10019.784,5150,9293
10019.882,5151,9293
10020.59,5152,9294
10020.669,5153,9296
10020.728,5154,9296
10021.447,5155,9296
10021.501,5156,9297
10021.921,5157,9297
10022.736,5158,9297
10023.239,5159,9297
10025.631,5160,9297
10028.144,5161,9297
10029.516,5162,9297
10030.869,5163,9297
10033.284,5164,9299
10038.263,5165,9299
10043.658,5166,9299
10044.459,5167,9299
10048.252,5168,9299
10058.422,5169,9299
10058.683,5170,9299
10058.829,5171,9299
10061.226,5172,9299
10073.556,5173,9299
10076.39,5174,9301
10076.485,5175,9301
10077.005,5176,9301
10077.634,5177,9302
10078.694,5178,9306
10079.477,5179,9306
10080.898,5180,9306
10081.674,5181,9306
10082.407,5182,9308
10085.649,5183,9308
10088.552,5184,9308
10091.082,5185,9311
10091.744,5186,9311
10097.819,5187,9311
10103.91,5188,9312
10106.803,5189,9314
10110.874,5190,9315
10113.548,5191,9315
10114.686,5192,9315
10120.574,5193,9321
10129.405,5194,9321
10136.609,5195,9321
10184.506,5196,9321
10210.586,5197,9321
10212.146,5198,9324
10212.325,5199,9324
10212.614,5200,9325
10214.474,5201,9325
10214.534,5202,9325
10215.834,5203,9325
10216.966,5204,9325
10219.927,5205,9327
10220.589,5206,9327
10221.436,5207,9328
10222.358,5208,9328
10224.258,5209,9328
10231.162,5210,9328
10240.229,5211,9328
10240.807,5212,9328
10241.655,5213,9329
10249.726,5214,9329
10252.646,5215,9329
10254.388,5216,9329
10254.425,5217,9330
10264.364,5218,9330
10288.316,5219,9330
10289.382,5220,9331
10297.132,5221,9331
10298.109,5222,9332
10298.519,5223,9333
10300.65,5224,9333
10305.173,5225,9333
10305.429,5226,9333
10306.017,5227,9333
10308.821,5228,9334
10309.138,5229,9335
10309.208,5230,9337
10310.31,5231,9337
10314.423,5232,9338
10315.176,5233,9340
10318.81,5234,9340
10326.773,5235,9340
10328.519,5236,9341
10331.476,5237,9341
10333.495,5238,9341
10334.127,5239,9341
10343.037,5240,9342
10343.249,5241,9343
10343.818,5242,9343
10346.992,5243,9343
10358.636,5244,9343
10369.752,5245,9347
10381.516,5246,9347
10384.809,5247,9347
10385.333,5248,9347
10385.597,5249,9347
10385.853,5250,9347
10386.219,5251,9347
10386.729,5252,9347
10387.295,5253,9347
10387.495,5254,9347
10387.81,5255,9347
10387.935,5256,9347
10390.603,5257,9347
10390.717,5258,9347
10393.94,5259,9347
10394.411,5260,9347
10396.943,5261,9347
10398.488,5262,9347
10399.586,5263,9347
10410.947,5264,9347
10411.675,5265,9347
10411.839,5266,9347
10411.922,5267,9347
10412.216,5268,9348
10414.13,5269,9348
10414.497,5270,9348
10416.534,5271,9348
10417.094,5272,9348
10417.322,5273,9348
10417.383,5274,9348
10420.336,5275,9348
10422.89,5276,9348
10424.25,5277,9348
10431.304,5278,9348
10436.11,5279,9348
10451.855,5280,9350
10452.512,5281,9351
10452.662,5282,9351
10453.026,5283,9351
10454.093,5284,9351
10458.136,5285,9351
10461.527,5286,9351
10463.488,5287,9394
10464.362,5288,9394
10464.513,5289,9394
10464.643,5290,9394
10464.684,5291,9394
10464.821,5292,9394
10465.958,5293,9395
10468.985,5294,9396
10489.861,5295,9396
10490.29,5296,9396
10490.779,5297,9396
10492.471,5298,9396
10497.691,5299,9396
10509.512,5300,9396
10514.781,5301,9396
10515.356,5302,9399
10515.442,5303,9399
10516.423,5304,9399
10516.47,5305,9399
10516.818,5306,9399
10519.122,5307,9400
10530.029,5308,9403
10530.095,5309,9403
10530.824,5310,9403
10532.387,5311,9403
10541.864,5312,9403
10546.601,5313,9404
10546.685,5314,9405
10546.798,5315,9406
10547.103,5316,9407
10547.298,5317,9409
10548.677,5318,9411
10549.592,5319,9412
10553.154,5320,9413
10553.284,5321,9413
10553.938,5322,9414
10556.987,5323,9417
10558.875,5324,9418
10565.427,5325,9436
10566.982,5326,9443
10569.096,5327,9443
10570.119,5328,9443
10571.857,5329,9444
10585.32,5330,9444
10594.802,5331,9444
10594.828,5332,9444
10594.891,5333,9444
10595.575,5334,9444
10596.252,5335,9444
10596.49,5336,9444
10597.092,5337,9444
10597.15,5338,9444
10598.916,5339,9444
10599.751,5340,9444
10601.264,5341,9444
10601.794,5342,9445
10604.2,5343,9446
10606.716,5344,9446
10608.717,5345,9446
10608.79,5346,9446
10609.635,5347,9446
10617.935,5348,9446
10618.989,5349,9446
10625.542,5350,9446
10625.91,5351,9446
10630.612,5352,9446
10632.279,5353,9446
10632.832,5354,9447
10633.315,5355,9447
10633.545,5356,9447
10638.058,5357,9447
10640.572,5358,9447
10644.51,5359,9447
10650.888,5360,9447
10651.302,5361,9448
10657.068,5362,9449
10657.475,5363,9450
10657.854,5364,9451
10661.865,5365,9452
10662.915,5366,9452
10663.804,5367,9452
10671.269,5368,9452
10673.716,5369,9452
10673.884,5370,9452
10674.259,5371,9452
10675.19,5372,9452
10675.532,5373,9452
10677.925,5374,9452
10679.541,5375,9452
10680.932,5376,9453
10681.509,5377,9453
10682.195,5378,9453
10683.201,5379,9453
10688.224,5380,9453
10689.959,5381,9453
10690.367,5382,9453
10692.344,5383,9453
10697.783,5384,9453
10698.841,5385,9453
10700.912,5386,9456
10701.555,5387,9457
10702.28,5388,9459
10702.924,5389,9459
10703.572,5390,9459
10703.98,5391,9460
10704.087,5392,9461
10704.538,5393,9461
10704.611,5394,9461
10707.148,5395,9462
10709.406,5396,9464
10717.515,5397,9468
10719.599,5398,9468
10721.019,5399,9469
10724.958,5400,9469
10726.115,5401,9469
10726.179,5402,9469
10726.773,5403,9469
10729.709,5404,9469
10729.84,5405,9469
10737.471,5406,9469
10741.064,5407,9470
10741.798,5408,9471
10746.795,5409,9472
10746.848,5410,9472
10746.986,5411,9472
10750.236,5412,9472
10756.761,5413,9472
10756.857,5414,9472
10756.91,5415,9472
10757.067,5416,9472
10759.204,5417,9472
10759.925,5418,9472
10762.155,5419,9472
10763.253,5420,9472
10763.442,5421,9473
10764.174,5422,9473
10764.384,5423,9474
10764.399,5424,9474
10765.235,5425,9474
10772.441,5426,9474
10773.476,5427,9476
10774.209,5428,9476
10775.531,5429,9476
10777.435,5430,9476
10778.78,5431,9476
10792.737,5432,9477
10794.445,5433,9479
10794.848,5434,9481
10796.866,5435,9481
10797.205,5436,9481
10797.231,5437,9481
10797.488,5438,9482
10798.444,5439,9500
10801.823,5440,9501
10808.223,5441,9501
10815.479,5442,9501
10819.497,5443,9507
10826.942,5444,9507
10833.008,5445,9507
10836.865,5446,9509
10836.937,5447,9509
10838.544,5448,9511
10841.25,5449,9512
10842.385,5450,9515
10844.501,5451,9517
10845.493,5452,9518
10852.312,5453,9519
10859.502,5454,9519
10861.935,5455,9520
10864.323,5456,9520
10865.042,5457,9520
10865.069,5458,9520
10867.624,5459,9520
10875.437,5460,9520
10875.489,5461,9520
10875.812,5462,9522
10876.182,5463,9523
10876.348,5464,9523
10892.016,5465,9527
10898.928,5466,9527
10905.734,5467,9527
10906.048,5468,9527
10909.719,5469,9529
10910.279,5470,9530
10910.915,5471,9533
10912.137,5472,9533
10914.021,5473,9533
10915.228,5474,9534
10922.471,5475,9536
10926.304,5476,9536
10929.873,5477,9536
10941.01,5478,9536
10941.026,5479,9538
10941.176,5480,9538
10941.251,5481,9540
10945.559,5482,9542
10948.147,5483,9549
10959.897,5484,9549
10965.752,5485,9553
10968.737,5486,9553
10973.78,5487,9553
10974.66,5488,9553
10985.497,5489,9553
10986.538,5490,9553
10986.623,5491,9554
10986.649,5492,9555
10989.15,5493,9555
10990.958,5494,9555
10991.243,5495,9555
10991.386,5496,9556
10992.543,5497,9556
10996.911,5498,9559
10997.47,5499,9559
10998.252,5500,9559
10998.821,5501,9560
11001.084,5502,9560
11010.277,5503,9560
11011.225,5504,9560
11014.322,5505,9560
11014.395,5506,9560
11017.715,5507,9560
11019.578,5508,9560
11022.138,5509,9560
11022.312,5510,9560
11022.644,5511,9560
11033.886,5512,9560
11035.635,5513,9560
11036.966,5514,9560
11037.029,5515,9560
11037.158,5516,9560
11037.17,5517,9560
11037.285,5518,9560
11038.378,5519,9560
11038.852,5520,9561
11040.581,5521,9561
11042.776,5522,9561
11043.844,5523,9561
11045.528,5524,9561
11046.548,5525,9561
11059.927,5526,9561
11060.356,5527,9561
11061.324,5528,9561
11062.412,5529,9561
11064.339,5530,9561
11064.848,5531,9561
11066.111,5532,9561
11068.414,5533,9561
11069.327,5534,9561
11070.384,5535,9561
11086.936,5536,9561
11095.156,5537,9562
11095.695,5538,9562
11096.306,5539,9563
11097.24,5540,9566
11097.674,5541,9567
11098.665,5542,9570
11103.628,5543,9570
11105.978,5544,9570
11115.638,5545,9572
11118.283,5546,9572
11118.486,5547,9572
11121.968,5548,9573
11131.344,5549,9573
11131.57,5550,9573
11132.164,5551,9573
11133.334,5552,9575
11134.446,5553,9586
11136.977,5554,9587
11144.326,5555,9587
11147.061,5556,9587
11152.09,5557,9587
11152.208,5558,9587
11153.323,5559,9587
11154.021,5560,9587
11154.135,5561,9588
11154.668,5562,9588
11156.188,5563,9588
11156.739,5564,9589
11171.289,5565,9589
11172.364,5566,9589
11172.779,5567,9589
11174.021,5568,9589
11182.966,5569,9589
11191.264,5570,9589
11197.052,5571,9590
11198.442,5572,9590
11220.691,5573,9590
11222.699,5574,9590
11223.264,5575,9592
11223.624,5576,9592
11224.943,5577,9593
11225.727,5578,9593
11228.238,5579,9593
11230.343,5580,9593
11233.43,5581,9593
11243.217,5582,9593
11245.692,5583,9593
11252.118,5584,9593
11255.027,5585,9594
11260.875,5586,9595
11269.758,5587,9595
11275.895,5588,9595
11276.166,5589,9595
11278.425,5590,9595
11278.603,5591,9595
11280.156,5592,9595
11283.685,5593,9595
11284.462,5594,9595
11289.714,5595,9595
11295.5,5596,9595
11295.914,5597,9595
11297.446,5598,9596
11307.553,5599,9596
11307.682,5600,9596
11309.209,5601,9596
11310.651,5602,9596
11311.215,5603,9596
11311.263,5604,9596
11314.709,5605,9596
11317.314,5606,9596
11317.452,5607,9596
11322.92,5608,9596
11340.586,5609,9596
11341.358,5610,9598
11351.824,5611,9623
11356.266,5612,9623
11357.515,5613,9623
11366.581,5614,9623
11366.982,5615,9623
11369.615,5616,9623
11377.891,5617,9625
11381.339,5618,9625
11383.11,5619,9626
11385.948,5620,9626
11387.472,5621,9626
11389.417,5622,9626
11389.91,5623,9626
11402.975,5624,9631
11403.194,5625,9639
11403.329,5626,9641
11403.401,5627,9646
11403.532,5628,9646
11403.656,5629,9647
11404.132,5630,9647
11404.462,5631,9649
11404.654,5632,9649
11404.728,5633,9656
11404.923,5634,9657
11405.116,5635,9657
11406.511,5636,9663
11406.846,5637,9665
11406.868,5638,9665
11407.01,5639,9666
11407.085,5640,9669
11407.697,5641,9669
11408.328,5642,9671
11408.532,5643,9671
11409.202,5644,9671
11410.3,5645,9673
11411.708,5646,9674
11412.094,5647,9675
11412.148,5648,9677
11412.376,5649,9677
11412.719,5650,9678
11416.724,5651,9680
11417.142,5652,9685
11418.981,5653,9685
11425.89,5654,9686
11432.645,5655,9686
11433.229,5656,9687
11463.729,5657,9687
11498.594,5658,9688
11507.72,5659,9689
11508.578,5660,9689
11508.982,5661,9690
11513.302,5662,9690
11524.14,5663,9691
11525.712,5664,9691
11525.859,5665,9691
11529.584,5666,9691
11531.231,5667,9693
11533.25,5668,9693
11533.513,5669,9694
11533.558,5670,9694
11533.652,5671,9694
11533.853,5672,9695
11535.137,5673,9700
11536.929,5674,9700
11541.176,5675,9700
11553.817,5676,9701
11557.93,5677,9702
11558.586,5678,9703
11558.688,5679,9704
11558.822,5680,9705
11558.883,5681,9706
11559.618,5682,9708
11560.026,5683,9709
11560.385,5684,9710
11560.449,5685,9734
11561.355,5686,9735
11561.386,5687,9743
11561.512,5688,9744
11561.836,5689,9745
11562.118,5690,9746
11562.483,5691,9750
11563.645,5692,9751
11563.664,5693,9754
11563.721,5694,9757
11563.78,5695,9775
11563.874,5696,9776
11564.361,5697,9777
11564.383,5698,9778
11564.46,5699,9778
11565.483,5700,9779
11565.498,5701,9782
11566.804,5702,9782
11568.179,5703,9783
11568.205,5704,9784
11568.368,5705,9785
11568.576,5706,9787
11569.859,5707,9787
11570.95,5708,9789
11571.221,5709,9790
11571.529,5710,9792
11572.384,5711,9792
11572.747,5712,9793
11572.915,5713,9795
11575.717,5714,9798
11576.036,5715,9810
11576.263,5716,9812
11579.025,5717,9814
11581.335,5718,9815
11583.38,5719,9817
11585.529,5720,9823
11587.164,5721,9823
11589.617,5722,9823
11590.302,5723,9824
11591.247,5724,9824
11592.756,5725,9825
11596.502,5726,9826
11597.145,5727,9827
11597.317,5728,9829
11597.802,5729,9830
11598.55,5730,9834
11600.141,5731,9836
11600.236,5732,9836
11600.478,5733,9837
11600.855,5734,9837
11601.68,5735,9839
11601.976,5736,9839
11603.59,5737,9840
11604.737,5738,9841
11605.575,5739,9844
11606.23,5740,9844
11606.443,5741,9848
11609.813,5742,9849
11611.061,5743,9850
11612.006,5744,9852
11613.359,5745,9854
11620.133,5746,9856
11620.28,5747,9858
11620.352,5748,9858
11620.383,5749,9859
11620.436,5750,9862
11620.599,5751,9862
11620.635,5752,9862
11620.756,5753,9862
11620.802,5754,9862
11620.971,5755,9862
11621.059,5756,9863
11621.109,5757,9863
11621.5,5758,9865
11621.527,5759,9865
11621.561,5760,9866
11621.921,5761,9866
11623.479,5762,9867
11623.985,5763,9872
11625.9,5764,9872
11626.133,5765,9872
11627.3,5766,9874
11627.764,5767,9875
11628.668,5768,9876
11631.951,5769,9877
11632.855,5770,9878
11633.101,5771,9879
11633.448,5772,9880
11634.161,5773,9880
11636.169,5774,9880
11640.726,5775,9881
11641.058,5776,9881
11642.039,5777,9881
11642.121,5778,9881
11642.538,5779,9882
11646.05,5780,9882
11654.207,5781,9882
11657.626,5782,9883
11661.206,5783,9883
11661.854,5784,9883
11662.993,5785,9885
11664.441,5786,9892
11668.314,5787,9895
11669.811,5788,9896
11670.334,5789,9898
11671.097,5790,9898
11672.877,5791,9899
11673.238,5792,9899
11674.188,5793,9900
11676.865,5794,9900
11684.069,5795,9900
11692.058,5796,9900
11692.554,5797,9900
11696.158,5798,9900
11696.373,5799,9901
11699.285,5800,9901
11699.299,5801,9902
11699.42,5802,9902
11699.46,5803,9902
11699.627,5804,9905
11699.978,5805,9907
11701.722,5806,9907
11702.438,5807,9908
11705.218,5808,9908
11714.139,5809,9908
11714.402,5810,9908
11715.383,5811,9909
11720.314,5812,9909
11730.643,5813,9909
11731.55,5814,9909
11733.558,5815,9909
11742.755,5816,9909
11746.861,5817,9910
11754.884,5818,9910
11755.324,5819,9910
11758.581,5820,9910
11761.929,5821,9912
11762.647,5822,9916
11763.989,5823,9917
11773.795,5824,9917
11774.179,5825,9918
11774.223,5826,9918
11774.419,5827,9921
11775.392,5828,9923
11778.469,5829,9924
11778.525,5830,9924
11780.517,5831,9924
11781.032,5832,9924
11781.401,5833,9924
11784.775,5834,9924
11786.79,5835,9924
11787.834,5836,9924
11789.024,5837,9924
11789.522,5838,9925
11792.222,5839,9926
11798.38,5840,9926
11798.797,5841,9927
11799.612,5842,9929
11800.394,5843,9929
11800.897,5844,9929
11801.392,5845,9929
11806.59,5846,9929
11808.499,5847,9930
11814.892,5848,9930
11817.354,5849,9930
11817.953,5850,9945
11818.34,5851,9945
11818.475,5852,9947
11838.662,5853,9948
11839.906,5854,9948
11841.329,5855,9948
11851.998,5856,9948
11853.696,5857,9948
11853.816,5858,9949
11854.264,5859,9949
11859.844,5860,9949
11860.56,5861,9949
11861.089,5862,9949
11866.104,5863,9949
11866.203,5864,9949
11868.075,5865,9953
11868.721,5866,9953
11872.807,5867,9953
11873.935,5868,9953
11880.722,5869,9953
11883.903,5870,9953
11884.335,5871,9953
11886.857,5872,9953
11889.066,5873,9953
11893.751,5874,9953
11894.788,5875,9955
11906.451,5876,9959
11906.78,5877,9960
11906.803,5878,9961
11907.901,5879,9962
11908.603,5880,9962
11909.188,5881,9962
11912.218,5882,9963
11912.318,5883,9963
11912.651,5884,9964
11913.025,5885,9964
11913.161,5886,9965
11914.378,5887,9966
11914.437,5888,9966
11915.204,5889,9966
11916.368,5890,9966
11916.869,5891,9966
11923.082,5892,9966
11925.451,5893,9966
11929.112,5894,9969
11931.402,5895,9971
11931.956,5896,9973
11932.111,5897,9973
11932.141,5898,9973
11932.445,5899,9973
11933.093,5900,9973
11933.18,5901,9973
11933.947,5902,9974
11934.629,5903,9974
11934.696,5904,9974
11937.303,5905,9974
11938.519,5906,9974
11943.79,5907,9975
11944.584,5908,9978
11946.362,5909,9978
11947.27,5910,9979
11948.993,5911,9979
11950.731,5912,9979
11952.722,5913,9979
11954.106,5914,9979
11969.356,5915,9979
11973.082,5916,9979
11982.954,5917,9979
11984.961,5918,9980
11986.561,5919,9980
11986.929,5920,9980
11987.101,5921,9980
11988.671,5922,9980
11991.923,5923,9980
11993.479,5924,9980
11999.43,5925,9980
12000.786,5926,9980
12000.873,5927,9980
12008.54,5928,9980
12014.354,5929,9980
12015.699,5930,9980
12017.33,5931,9980
12018.391,5932,9980
12018.467,5933,9980
12021.486,5934,9982
12024.393,5935,9982
12025.672,5936,9982
12025.832,5937,9982
12025.887,5938,9982
12026.192,5939,9982
12026.237,5940,9982
12026.311,5941,9982
12026.385,5942,9982
12026.934,5943,9982
12028.47,5944,9982
12028.887,5945,9982
12029.583,5946,9982
12030.221,5947,9982
12034.318,5948,9982
12040.254,5949,9982
12040.964,5950,9982
12041.416,5951,9982
12052.397,5952,9982
12053.731,5953,9982
12054.409,5954,9988
12055.24,5955,9988
12058.496,5956,9989
12059.011,5957,9989
12059.067,5958,9989
12060.252,5959,9990
12061.806,5960,9990
12062.618,5961,9991
12064.547,5962,9991
12065.475,5963,9991
12065.573,5964,9991
12078.099,5965,9991
12081.738,5966,9991
12082.386,5967,9992
12089.687,5968,9992
12090.909,5969,9992
12090.958,5970,9992
12091.734,5971,9992
12110.337,5972,9997
12113.053,5973,9997
12118.132,5974,9997
12118.312,5975,9997
12118.759,5976,9997
12119.529,5977,9997
12124.155,5978,9997
12124.413,5979,9997
12126.313,5980,9997
12126.462,5981,9997
12129.055,5982,9997
12130.632,5983,9998
12133.738,5984,9998
12150.098,5985,9999
12150.538,5986,10009
12156.984,5987,10009
12158.199,5988,10009
12158.225,5989,10009
12159.872,5990,10010
12160.344,5991,10014
12160.467,5992,10017
12163.489,5993,10017
12169.555,5994,10017
12172.244,5995,10017
12175.402,5996,10017
12176.751,5997,10017
12178.544,5998,10018
12182.408,5999,10018
12184.095,6000,10022
12191.126,6001,10022
12191.268,6002,10022
12191.539,6003,10022
12192.605,6004,10022
12192.629,6005,10023
12193.606,6006,10023
12195.899,6007,10023
12197.394,6008,10028
12198.874,6009,10028
12201.994,6010,10028
12204.204,6011,10028
12206.091,6012,10029
12206.498,6013,10030
12207.264,6014,10032
12218.756,6015,10033
12222.511,6016,10033
12223.028,6017,10034
12223.079,6018,10034
12223.64,6019,10034
12224.239,6020,10034
12225.298,6021,10034
12226.064,6022,10035
12227.084,6023,10036
12228.889,6024,10039
12231.389,6025,10039
12248.154,6026,10039
12273.854,6027,10041
12275.267,6028,10042
12276.596,6029,10043
12278.661,6030,10043
12278.993,6031,10043
12280.897,6032,10043
12284.236,6033,10044
12287.843,6034,10045
12288.289,6035,10046
12293.092,6036,10046
12302.198,6037,10046
12302.347,6038,10046
12303.439,6039,10046
12305.553,6040,10047
12314.059,6041,10049
12316.69,6042,10049
12316.814,6043,10049
12326.578,6044,10049
12328.703,6045,10049
12331.28,6046,10050
12332.598,6047,10051
12335.138,6048,10051
12336.927,6049,10052
12357.133,6050,10052
12357.731,6051,10052
12359.39,6052,10052
12379.025,6053,10052
12380.438,6054,10052
12380.649,6055,10052
12389.76,6056,10052
12393.351,6057,10052
12394.394,6058,10052
12396.855,6059,10052
12397.967,6060,10052
12406.946,6061,10052
12407.249,6062,10052
12407.521,6063,10052
12433.47,6064,10052
12433.968,6065,10053
12435.038,6066,10053
12436.317,6067,10053
12440.49,6068,10054
12453.95,6069,10054
12474.122,6070,10054
12475.987,6071,10054
12476.215,6072,10054
12490.653,6073,10054
12490.682,6074,10054
12490.888,6075,10054
12491.027,6076,10054
12491.078,6077,10054
12491.09,6078,10054
12491.382,6079,10054
12491.673,6080,10054
12492.365,6081,10054
12492.67,6082,10054
12492.903,6083,10055
12492.978,6084,10057
12493.076,6085,10057
12495.816,6086,10057
12496.269,6087,10057
12497.385,6088,10057
12497.551,6089,10057
12498.533,6090,10057
12499.54,6091,10057
12505.947,6092,10057
12514.639,6093,10057
12517.537,6094,10058
12518.568,6095,10058
12535.337,6096,10059
12535.526,6097,10059
12535.861,6098,10059
12536.284,6099,10060
12539.457,6100,10060
12540.208,6101,10060
12541.011,6102,10060
12541.319,6103,10060
12542.027,6104,10060
12542.284,6105,10060
12543.414,6106,10061
12544.852,6107,10061
12546.232,6108,10061
12546.442,6109,10061
12547.005,6110,10061
12547.248,6111,10061
12548.553,6112,10061
12549.433,6113,10061
12552.701,6114,10061
12556.607,6115,10062
12559.532,6116,10063
12559.707,6117,10066
12560.746,6118,10068
12561.545,6119,10068
12561.662,6120,10069
12561.824,6121,10072
12567.075,6122,10073
12567.978,6123,10073
12572.847,6124,10074
12575.802,6125,10078
12576.103,6126,10078
12596.891,6127,10078
12598.024,6128,10078
12600.153,6129,10078
12602.907,6130,10085
12604.049,6131,10086
12617.904,6132,10087
12618.247,6133,10088
12621.08,6134,10088
12621.251,6135,10089
12625.082,6136,10089
12626.459,6137,10091
12628.149,6138,10091
12628.924,6139,10091
12645.403,6140,10091
12670.344,6141,10091
12670.487,6142,10091
12676.516,6143,10092
12677.911,6144,10092
12677.973,6145,10092
12678.148,6146,10092
12678.636,6147,10092
12678.666,6148,10092
12700.979,6149,10092
12705.692,6150,10092
12708.855,6151,10092
12709.191,6152,10092
12710.845,6153,10092
12716.328,6154,10092
12719.059,6155,10092
12747.086,6156,10092
12747.219,6157,10093
12750.978,6158,10093
12752.953,6159,10094
12753.305,6160,10096
12753.428,6161,10097
12753.824,6162,10099
12754.157,6163,10099
12754.749,6164,10100
12754.972,6165,10101
12755.042,6166,10102
12760.049,6167,10103
12760.455,6168,10104
12764.131,6169,10105
12780.528,6170,10107
12781.169,6171,10108
12783.974,6172,10109
12790.478,6173,10109
12791.83,6174,10109
12802.368,6175,10109
12802.386,6176,10109
12802.574,6177,10109
12802.589,6178,10109
12803.088,6179,10109
12803.248,6180,10109
12804.762,6181,10109
12804.928,6182,10109
12807.831,6183,10109
12808.213,6184,10109
12808.329,6185,10109
12809.778,6186,10109
12810.509,6187,10109
12811.593,6188,10109
12813.182,6189,10110
12814.267,6190,10110
12822.725,6191,10110
12837.015,6192,10110
12838.165,6193,10110
12838.241,6194,10110
12838.449,6195,10110
12838.6,6196,10110
12839.768,6197,10110
12839.923,6198,10111
12841.911,6199,10111
12842.162,6200,10114
12842.823,6201,10119
12846.131,6202,10121
12846.954,6203,10122
12847.506,6204,10122
12852.678,6205,10126
12852.7,6206,10129
12853.957,6207,10129
12862.606,6208,10130
12867.047,6209,10130
12868.016,6210,10130
12868.764,6211,10130
12918.153,6212,10130
12918.819,6213,10130
12919.021,6214,10134
12919.086,6215,10136
12919.302,6216,10136
12919.56,6217,10136
12920.014,6218,10136
12921.83,6219,10136
12922.632,6220,10137
12922.72,6221,10138
12925.274,6222,10139
12930.409,6223,10139
12934.159,6224,10139
12939.683,6225,10140
12950.095,6226,10141
12951.955,6227,10141
12952.381,6228,10141
12954.725,6229,10141
12956.557,6230,10142
12964.045,6231,10142
12964.234,6232,10143
12969.412,6233,10143
12969.549,6234,10143
12969.574,6235,10145
12969.665,6236,10145
12969.821,6237,10145
12969.877,6238,10145
12970.138,6239,10145
12970.191,6240,10145
12970.418,6241,10145
12970.744,6242,10145
12971.394,6243,10145
12971.669,6244,10145
12972.291,6245,10145
12974.97,6246,10145
12977.838,6247,10145
12978.45,6248,10145
12979.328,6249,10145
12988.694,6250,10145
12991.154,6251,10145
12993.618,6252,10145
12993.643,6253,10145
12993.717,6254,10145
12993.937,6255,10145
12994.397,6256,10145
12994.817,6257,10145
12994.964,6258,10145
12995.536,6259,10145
12995.825,6260,10146
12995.865,6261,10146
12996.547,6262,10146
12997.279,6263,10147
12997.315,6264,10147
12998.017,6265,10147
12998.076,6266,10147
12998.185,6267,10147
12998.992,6268,10147
12999.537,6269,10147
13000.092,6270,10147
13000.657,6271,10147
13001.146,6272,10147
13001.599,6273,10147
13001.748,6274,10147
13002.094,6275,10147
13002.28,6276,10147
13002.774,6277,10147
13002.789,6278,10147
13002.809,6279,10147
13005.66,6280,10147
13006.097,6281,10147
13006.418,6282,10147
13009.724,6283,10147
13009.886,6284,10147
13011.061,6285,10147
13013.59,6286,10147
13013.972,6287,10148
13014.322,6288,10148
13014.859,6289,10149
13015.152,6290,10149
13018.263,6291,10149
13018.38,6292,10149
13019.555,6293,10149
13036.407,6294,10149
13036.71,6295,10149
13039.478,6296,10149
13040.613,6297,10149
13040.972,6298,10150
13042.05,6299,10150
13043.503,6300,10153
13044.096,6301,10153
13045.338,6302,10153
13056.329,6303,10153
13064.145,6304,10154
13072.953,6305,10154
13092.825,6306,10155
13102.655,6307,10155
13103.133,6308,10155
13103.466,6309,10156
13106.889,6310,10158
13114.366,6311,10158
13115.928,6312,10158
13120.502,6313,10158
13120.658,6314,10158
13120.924,6315,10158
13121.027,6316,10158
13121.216,6317,10158
13121.342,6318,10158
13121.904,6319,10158
13122.873,6320,10158
13123.2,6321,10158
13123.981,6322,10158
13125.656,6323,10158
13128.06,6324,10159
13134.055,6325,10159
13135.64,6326,10159
13138.349,6327,10159
13139.62,6328,10159
13143.725,6329,10159
13143.875,6330,10159
13145.097,6331,10160
13147.032,6332,10160
13148.707,6333,10160
13175.709,6334,10160
13185.556,6335,10160
13193.386,6336,10160
13194.54,6337,10160
13195.857,6338,10160
13204.864,6339,10161
13205.0,6340,10161
13206.143,6341,10162
13206.41,6342,10163
13207.464,6343,10164
13214.767,6344,10165
13215.78,6345,10165
13219.691,6346,10165
13233.044,6347,10165
13244.672,6348,10167
13244.732,6349,10167
13245.601,6350,10168
13245.716,6351,10169
13245.99,6352,10169
13246.266,6353,10171
13247.214,6354,10171
13247.513,6355,10171
13247.614,6356,10171
13247.942,6357,10171
13247.983,6358,10172
13249.004,6359,10172
13249.467,6360,10174
13250.37,6361,10174
13250.677,6362,10174
13250.795,6363,10174
13253.461,6364,10174
13258.119,6365,10175
13258.139,6366,10175
13258.376,6367,10175
13259.745,6368,10175
13262.135,6369,10175
13265.442,6370,10175
13265.793,6371,10176
13266.819,6372,10176
13268.502,6373,10176
13277.787,6374,10176
13278.689,6375,10176
13280.14,6376,10176
13280.235,6377,10176
13289.574,6378,10178
13290.196,6379,10179
13292.083,6380,10180
13292.978,6381,10181
13293.997,6382,10182
13305.696,6383,10182
13313.328,6384,10182
13314.345,6385,10182
13314.593,6386,10182
13323.271,6387,10182
13324.217,6388,10182
13324.459,6389,10182
13324.623,6390,10182
13325.6,6391,10182
13330.253,6392,10182
13346.462,6393,10182
13348.17,6394,10183
13349.095,6395,10184
13365.391,6396,10184
13389.186,6397,10184
13392.093,6398,10184
13392.199,6399,10184
13392.277,6400,10185
13392.332,6401,10185
13393.092,6402,10185
13393.511,6403,10185
13395.105,6404,10185
13395.367,6405,10185
13395.684,6406,10185
13396.153,6407,10185
13399.721,6408,10185
13400.917,6409,10185
13401.481,6410,10185
13401.569,6411,10185
13403.361,6412,10185
13404.151,6413,10185
13407.43,6414,10186
13408.606,6415,10186
13408.721,6416,10186
13417.469,6417,10187
13417.645,6418,10187
13418.271,6419,10187
13418.457,6420,10187
13419.635,6421,10187
13419.805,6422,10187
13422.975,6423,10187
13423.295,6424,10187
13425.31,6425,10187
13426.997,6426,10187
13428.481,6427,10187
13433.288,6428,10187
13435.118,6429,10187
13436.204,6430,10187
13436.409,6431,10187
13438.301,6432,10187
13441.961,6433,10187
13442.182,6434,10187
13443.704,6435,10187
13478.12,6436,10187
13479.203,6437,10187
13509.904,6438,10187
13510.561,6439,10187
13511.869,6440,10187
13516.072,6441,10188
13553.343,6442,10188
13554.217,6443,10188
13555.753,6444,10188
13556.031,6445,10188
13565.291,6446,10188
13567.151,6447,10189
13567.613,6448,10190
13570.932,6449,10190
13571.048,6450,10190
13593.706,6451,10192
13594.894,6452,10192
13595.536,6453,10192
13596.028,6454,10192
13596.827,6455,10192
13598.079,6456,10192
13599.475,6457,10192
13600.315,6458,10192
13602.042,6459,10193
13602.175,6460,10194
13604.737,6461,10194
13618.369,6462,10194
13648.799,6463,10195
13649.817,6464,10195
13649.89,6465,10195
13650.389,6466,10196
13650.981,6467,10196
13651.536,6468,10196
13653.816,6469,10196
13657.461,6470,10196
13661.868,6471,10196
13665.505,6472,10196
13672.639,6473,10196
13672.697,6474,10196
13672.787,6475,10197
13672.841,6476,10197
13672.997,6477,10197
13673.322,6478,10197
13673.392,6479,10197
13673.491,6480,10197
13673.937,6481,10197
13673.987,6482,10198
13676.868,6483,10198
13677.571,6484,10199
13678.974,6485,10200
13683.66,6486,10201
13684.065,6487,10201
13684.305,6488,10201
13688.415,6489,10202
13689.619,6490,10202
13690.829,6491,10203
13696.396,6492,10204
13697.768,6493,10205
13698.31,6494,10205
13698.845,6495,10205
13698.924,6496,10205
13700.936,6497,10208
13703.615,6498,10208
13704.77,6499,10208
13732.996,6500,10213
13755.974,6501,10214
13757.787,6502,10214
13761.338,6503,10214
13771.854,6504,10214
13773.425,6505,10214
13773.732,6506,10214
13774.335,6507,10214
13774.442,6508,10214
13775.532,6509,10214
13776.87,6510,10214
13776.912,6511,10214
13778.203,6512,10214
13780.55,6513,10214
13780.769,6514,10214
13790.334,6515,10214
13793.172,6516,10214
13794.193,6517,10214
13799.154,6518,10214
13799.967,6519,10214
13800.202,6520,10214
13800.486,6521,10214
13801.022,6522,10214
13801.051,6523,10214
13801.522,6524,10214
13801.843,6525,10214
13802.58,6526,10214
13802.721,6527,10214
13803.441,6528,10214
13805.136,6529,10214
13805.293,6530,10214
13805.51,6531,10214
13805.686,6532,10214
13805.978,6533,10214
13806.194,6534,10214
13808.228,6535,10214
13809.306,6536,10214
13810.574,6537,10215
13810.691,6538,10215
13812.812,6539,10215
13813.545,6540,10215
13815.074,6541,10215
13815.756,6542,10215
13820.475,6543,10215
13822.862,6544,10215
13829.175,6545,10215
13829.282,6546,10215
13829.926,6547,10216
13830.359,6548,10216
13830.545,6549,10216
13831.112,6550,10216
13831.134,6551,10216
13831.195,6552,10216
13831.252,6553,10216
13831.887,6554,10216
13832.21,6555,10216
13832.286,6556,10216
13833.064,6557,10216
13834.187,6558,10216
13835.354,6559,10216
13836.119,6560,10217
13838.87,6561,10217
13842.615,6562,10217
13846.741,6563,10217
13847.302,6564,10217
13850.192,6565,10217
13852.417,6566,10218
13854.797,6567,10218
13855.091,6568,10218
13855.328,6569,10218
13855.378,6570,10218
13857.052,6571,10218
13858.825,6572,10218
13859.072,6573,10218
13859.719,6574,10218
13862.017,6575,10218
13862.318,6576,10218
13863.376,6577,10219
13863.393,6578,10219
13877.866,6579,10219
13877.88,6580,10219
13878.258,6581,10219
13880.055,6582,10219
13880.172,6583,10219
13888.988,6584,10219
13889.499,6585,10219
13889.732,6586,10219
13889.9,6587,10219
13890.306,6588,10219
13890.634,6589,10227
13891.287,6590,10227
13892.409,6591,10227
13893.143,6592,10227
13894.616,6593,10227
13896.195,6594,10227
13898.206,6595,10227
13898.393,6596,10227
13899.601,6597,10227
13900.475,6598,10227
13902.038,6599,10227
13902.468,6600,10227
13904.088,6601,10227
13904.43,6602,10227
13904.797,6603,10227
13905.316,6604,10227
13905.348,6605,10227
13905.579,6606,10227
13908.879,6607,10227
13910.666,6608,10227
13913.171,6609,10227
13913.61,6610,10227
13914.882,6611,10227
13918.264,6612,10227
13919.656,6613,10227
13922.107,6614,10227
13922.842,6615,10227
13928.886,6616,10228
13930.186,6617,10228
13930.216,6618,10228
13934.06,6619,10229
13936.356,6620,10229
13937.796,6621,10229
13939.908,6622,10231
13941.545,6623,10233
13942.304,6624,10234
13944.025,6625,10234
13945.316,6626,10234
13952.215,6627,10234
13965.723,6628,10236
13982.567,6629,10236
13993.152,6630,10237
14019.808,6631,10237
14020.205,6632,10239
14020.245,6633,10240
14023.627,6634,10240
14034.307,6635,10241
14035.478,6636,10242
14046.435,6637,10243
14051.862,6638,10243
14052.056,6639,10243
14053.475,6640,10268
14054.308,6641,10268
14055.532,6642,10268
14055.608,6643,10269
14059.949,6644,10270
14060.53,6645,10270
14069.847,6646,10274
14074.968,6647,10278
14076.851,6648,10278
14076.985,6649,10278
14077.52,6650,10278
14079.0,6651,10278
14079.41,6652,10278
14079.925,6653,10301
14080.023,6654,10301
14082.774,6655,10301
14085.236,6656,10301
14086.125,6657,10301
14087.867,6658,10301
14088.635,6659,10301
14091.295,6660,10301
14094.41,6661,10301
14099.45,6662,10301
14100.123,6663,10301
14101.718,6664,10301
14105.426,6665,10302
14111.697,6666,10302
14111.909,6667,10302
14112.921,6668,10302
14113.096,6669,10302
14113.623,6670,10302
14113.703,6671,10303
14116.002,6672,10303
14117.89,6673,10303
14118.07,6674,10303
14118.561,6675,10303
14124.389,6676,10303
14137.071,6677,10303
14138.666,6678,10303
14140.715,6679,10303
14147.436,6680,10303
14147.585,6681,10303
14147.634,6682,10303
14147.943,6683,10303
14149.682,6684,10303
14150.234,6685,10303
14154.309,6686,10303
14154.712,6687,10303
14156.352,6688,10303
14162.464,6689,10303
14162.681,6690,10303
14168.663,6691,10303
14171.954,6692,10303
14174.229,6693,10303
14178.422,6694,10303
14181.417,6695,10304
14181.546,6696,10304
14182.387,6697,10304
14183.011,6698,10304
14183.352,6699,10304
14184.228,6700,10304
14189.446,6701,10304
14189.572,6702,10304
14191.634,6703,10304
14192.025,6704,10304
14193.732,6705,10304
14196.149,6706,10304
14204.834,6707,10304
14209.985,6708,10304
14210.83,6709,10305
14212.504,6710,10306
14212.779,6711,10306
14213.374,6712,10306
14213.865,6713,10306
14213.885,6714,10306
14213.96,6715,10306
14214.186,6716,10306
14214.615,6717,10306
14215.432,6718,10306
14217.456,6719,10306
14217.974,6720,10306
14227.367,6721,10306
14229.3,6722,10306
14231.247,6723,10306
14235.588,6724,10306
14241.301,6725,10308
14245.469,6726,10308
14248.243,6727,10308
14248.267,6728,10308
14248.948,6729,10308
14249.463,6730,10308
14249.632,6731,10309
14250.054,6732,10309
14250.315,6733,10309
14250.438,6734,10309
14251.02,6735,10309
14252.798,6736,10309
14253.386,6737,10309
14253.761,6738,10309
14256.96,6739,10309
14257.59,6740,10309
14259.329,6741,10309
14259.451,6742,10309
14261.365,6743,10309
14261.588,6744,10309
14261.831,6745,10309
14264.564,6746,10309
14265.98,6747,10309
14271.023,6748,10309
14274.405,6749,10309
14276.937,6750,10309
14281.489,6751,10309
14281.567,6752,10309
14281.579,6753,10309
14281.688,6754,10309
14282.025,6755,10309
14282.115,6756,10309
14282.319,6757,10309
14282.336,6758,10309
14282.903,6759,10309
14283.02,6760,10309
14283.27,6761,10309
14283.392,6762,10309
14284.33,6763,10309
14286.297,6764,10309
14286.71,6765,10309
14287.066,6766,10309
14287.254,6767,10309
14287.478,6768,10309
14287.84,6769,10309
14288.196,6770,10309
14288.984,6771,10309
14289.102,6772,10309
14290.782,6773,10309
14293.305,6774,10309
14294.258,6775,10309
14294.904,6776,10309
14296.028,6777,10309
14296.045,6778,10309
14296.537,6779,10309
14298.359,6780,10309
14298.82,6781,10309
14299.102,6782,10309
14300.61,6783,10310
14304.424,6784,10310
14304.61,6785,10310
14304.845,6786,10310
14305.947,6787,10310
14309.019,6788,10310
14310.516,6789,10310
14315.51,6790,10310
14315.623,6791,10310
14316.224,6792,10310
14320.876,6793,10311
14321.728,6794,10311
14322.129,6795,10311
14324.56,6796,10311
14328.056,6797,10311
14328.124,6798,10311
14342.873,6799,10311
14345.204,6800,10311
14346.152,6801,10311
14347.284,6802,10311
14350.279,6803,10311
14350.375,6804,10311
14350.43,6805,10311
14350.58,6806,10311
14350.809,6807,10311
14351.249,6808,10311
14351.867,6809,10311
14352.523,6810,10311
14352.625,6811,10311
14352.861,6812,10311
14355.214,6813,10311
14355.831,6814,10311
14364.42,6815,10311
14368.873,6816,10311
14370.075,6817,10312
14379.619,6818,10312
14385.134,6819,10312
14385.325,6820,10312
14385.393,6821,10312
14392.686,6822,10312
14393.41,6823,10312
14393.431,6824,10312
14394.001,6825,10313
14394.014,6826,10313
14394.14,6827,10314
14394.205,6828,10314
14395.447,6829,10314
14395.726,6830,10314
14396.367,6831,10314
14398.312,6832,10314
14399.445,6833,10314
14402.572,6834,10314
14404.794,6835,10314
14410.803,6836,10315
14415.182,6837,10316
14428.752,6838,10316
14429.276,6839,10316
14430.358,6840,10316
14433.054,6841,10316
14435.67,6842,10317
14439.09,6843,10317
14440.315,6844,10318
14440.611,6845,10318
14440.769,6846,10318
14448.834,6847,10324
14449.072,6848,10325
14449.385,6849,10325
14456.18,6850,10325
14463.813,6851,10325
14464.346,6852,10325
14466.251,6853,10327
14468.534,6854,10327
14469.086,6855,10327
14470.088,6856,10327
14470.879,6857,10327
14471.063,6858,10327
14472.944,6859,10327
14474.567,6860,10327
14475.132,6861,10327
14478.514,6862,10327
14481.929,6863,10327
14482.212,6864,10327
14484.157,6865,10328
14488.774,6866,10328
14489.103,6867,10328
14490.601,6868,10328
14492.996,6869,10328
14503.45,6870,10330
14503.933,6871,10330
14506.34,6872,10330
14514.555,6873,10330
14515.109,6874,10330
14516.578,6875,10330
14517.369,6876,10331
14518.081,6877,10332
14521.416,6878,10332
14527.294,6879,10332
14530.323,6880,10333
14530.734,6881,10333
14540.302,6882,10334
14545.606,6883,10335
14545.618,6884,10336
14546.092,6885,10336
14548.584,6886,10337
14550.147,6887,10337
14554.777,6888,10338
14555.623,6889,10339
14582.703,6890,10339
14582.737,6891,10339
14582.884,6892,10339
14583.063,6893,10339
14583.094,6894,10339
14583.24,6895,10339
14583.482,6896,10339
14583.857,6897,10339
14584.42,6898,10339
14584.986,6899,10339
14585.202,6900,10339
14585.234,6901,10339
14585.64,6902,10339
14586.029,6903,10339
14586.453,6904,10339
14586.524,6905,10339
14586.756,6906,10339
14587.429,6907,10339
14587.732,6908,10339
14588.227,6909,10340
14588.971,6910,10340
14590.278,6911,10340
14590.527,6912,10340
14592.94,6913,10340
14595.034,6914,10340
14595.113,6915,10340
14595.463,6916,10340
14596.63,6917,10340
14597.812,6918,10340
14599.271,6919,10340
14602.272,6920,10340
14602.764,6921,10340
14603.918,6922,10340
14604.7,6923,10340
14609.804,6924,10341
14614.376,6925,10341
14616.078,6926,10341
14616.24,6927,10341
14617.391,6928,10341
14618.374,6929,10341
14619.581,6930,10341
14632.206,6931,10341
14634.826,6932,10341
14639.308,6933,10341
14639.774,6934,10341
14640.357,6935,10341
14640.442,6936,10341
14640.763,6937,10342
14640.798,6938,10342
14644.343,6939,10343
14644.476,6940,10343
14645.66,6941,10343
14647.409,6942,10343
14651.295,6943,10344
14654.944,6944,10344
14662.647,6945,10344
14680.043,6946,10344
14680.166,6947,10344
14683.699,6948,10344
14683.839,6949,10344
14684.723,6950,10344
14690.719,6951,10344
14691.568,6952,10344
14698.036,6953,10344
14700.182,6954,10344
14707.943,6955,10344
14716.499,6956,10344
14716.576,6957,10345
14718.122,6958,10345
14726.213,6959,10345
14726.674,6960,10345
14728.108,6961,10345
14729.395,6962,10345
14731.574,6963,10345
14735.097,6964,10345
14738.113,6965,10345
14740.463,6966,10345
14751.559,6967,10345
14751.929,6968,10345
14754.63,6969,10345
14758.483,6970,10345
14758.632,6971,10345
14758.674,6972,10345
14760.088,6973,10345
14760.559,6974,10345
14760.624,6975,10345
14762.386,6976,10345
14769.305,6977,10345
14769.971,6978,10345
14770.423,6979,10345
14770.533,6980,10345
14784.782,6981,10345
14794.134,6982,10345
14794.535,6983,10345
14794.73,6984,10345
14795.218,6985,10345
14795.581,6986,10345
14796.372,6987,10345
14796.42,6988,10345
14798.184,6989,10345
14799.832,6990,10345
14804.603,6991,10345
14804.736,6992,10345
14806.148,6993,10345
14807.335,6994,10345
14821.595,6995,10345
14825.629,6996,10345
14842.312,6997,10345
14842.918,6998,10345
14846.055,6999,10345
14847.161,7000,10345
14847.707,7001,10345
14848.149,7002,10345
14851.533,7003,10345
14870.227,7004,10345
14882.389,7005,10345
14883.143,7006,10345
14886.744,7007,10345
14887.256,7008,10345
14888.358,7009,10345
14892.604,7010,10345
14893.693,7011,10345
14893.747,7012,10345
14895.981,7013,10345
14896.206,7014,10345
14918.34,7015,10345
14918.553,7016,10345
14919.206,7017,10345
14919.914,7018,10348
14920.61,7019,10348
14920.722,7020,10348
14921.473,7021,10348
14923.904,7022,10348
14923.984,7023,10348
14927.533,7024,10348
14951.851,7025,10348
14952.072,7026,10348
14952.769,7027,10348
14953.046,7028,10348
14957.12,7029,10348
14958.161,7030,10348
14959.059,7031,10348
14960.491,7032,10348
14975.863,7033,10348
14977.276,7034,10348
14977.327,7035,10348
14985.631,7036,10348
14985.962,7037,10348
14986.496,7038,10348
14989.955,7039,10348
14990.677,7040,10348
14999.047,7041,10348
15005.304,7042,10348
15008.987,7043,10348
15016.342,7044,10348
15017.083,7045,10348
15017.649,7046,10348
15020.272,7047,10348
15031.531,7048,10348
15031.633,7049,10348
15032.629,7050,10348
15046.32,7051,10348
15046.895,7052,10348
15047.536,7053,10348
15049.172,7054,10348
15049.363,7055,10348
15049.671,7056,10348
15049.843,7057,10348
15050.97,7058,10348
15051.118,7059,10348
15054.714,7060,10348
15062.626,7061,10349
15070.149,7062,10349
15072.94,7063,10349
15076.542,7064,10349
15084.12,7065,10349
15087.007,7066,10349
15087.34,7067,10349
15087.353,7068,10349
15087.532,7069,10349
15087.619,7070,10349
15087.772,7071,10349
15088.359,7072,10349
15088.814,7073,10349
15088.913,7074,10349
15089.309,7075,10350
15090.704,7076,10350
15094.526,7077,10350
15097.247,7078,10350
15098.741,7079,10350
15107.109,7080,10350
15110.39,7081,10350
15117.723,7082,10350
15118.629,7083,10351
15119.822,7084,10351
15119.96,7085,10351
15120.097,7086,10351
15120.885,7087,10351
15122.372,7088,10351
15124.163,7089,10351
15124.175,7090,10351
15125.944,7091,10351
15126.43,7092,10351
15128.154,7093,10351
15129.76,7094,10351
15130.313,7095,10351
15135.801,7096,10351
15140.095,7097,10351
15143.881,7098,10351
15145.048,7099,10351
15149.016,7100,10351
15149.334,7101,10351
15150.367,7102,10351
15150.729,7103,10351
15152.025,7104,10352
15152.72,7105,10352
15154.293,7106,10352
15155.262,7107,10352
15155.824,7108,10352
15156.518,7109,10352
15158.983,7110,10352
15160.589,7111,10352
15162.531,7112,10353
15167.734,7113,10353
15187.276,7114,10353
15192.769,7115,10354
15196.674,7116,10354
15211.331,7117,10354
15212.517,7118,10354
15212.571,7119,10354
15212.676,7120,10354
15212.799,7121,10354
15212.897,7122,10354
15213.242,7123,10354
15213.65,7124,10354
15214.404,7125,10354
15215.753,7126,10354
15216.417,7127,10354
15217.176,7128,10354
15217.37,7129,10354
15218.375,7130,10354
15221.932,7131,10354
15223.264,7132,10354
15227.312,7133,10354
15228.287,7134,10354
15231.337,7135,10354
15248.291,7136,10354
15249.05,7137,10354
15251.191,7138,10354
15251.661,7139,10354
15252.167,7140,10354
15259.912,7141,10354
15261.49,7142,10354
15276.749,7143,10354
15276.919,7144,10354
15287.587,7145,10354
15287.661,7146,10354
15287.742,7147,10354
15288.534,7148,10354
15292.667,7149,10355
15293.279,7150,10355
15294.796,7151,10355
15297.321,7152,10355
15298.149,7153,10355
15308.931,7154,10355
15310.804,7155,10355
15317.889,7156,10356
15319.041,7157,10357
15323.239,7158,10357
15325.117,7159,10357
15326.306,7160,10357
15327.984,7161,10357
15328.558,7162,10358
15328.631,7163,10358
15329.456,7164,10358
15337.688,7165,10358
15341.132,7166,10358
15342.452,7167,10358
15348.065,7168,10358
15349.115,7169,10358
15349.184,7170,10358
15355.16,7171,10358
15356.096,7172,10358
15357.014,7173,10359
15359.765,7174,10360
15362.398,7175,10360
15374.188,7176,10361
15377.209,7177,10361
15379.726,7178,10361
15409.056,7179,10361
15410.173,7180,10362
15410.326,7181,10362
15410.639,7182,10362
15411.37,7183,10362
15411.987,7184,10362
15413.74,7185,10362
15414.376,7186,10362
15416.074,7187,10363
15444.493,7188,10363
15450.056,7189,10363
15450.304,7190,10363
15451.948,7191,10363
15453.285,7192,10363
15453.703,7193,10363
15453.798,7194,10363
15454.845,7195,10363
15455.878,7196,10363
15463.263,7197,10363
15463.506,7198,10363
15479.54,7199,10363
15479.793,7200,10363
15481.077,7201,10363
15481.283,7202,10363
15481.688,7203,10363
15481.814,7204,10363
15482.293,7205,10363
15482.674,7206,10363
15498.685,7207,10363
15500.237,7208,10363
15505.476,7209,10363
15506.185,7210,10363
15548.873,7211,10363
15551.623,7212,10363
15551.701,7213,10363
15551.742,7214,10363
15551.867,7215,10363
15552.032,7216,10364
15552.071,7217,10364
15552.137,7218,10364
15552.3,7219,10364
15552.745,7220,10364
15552.846,7221,10364
15552.909,7222,10364
15553.015,7223,10364
15554.003,7224,10364
15554.822,7225,10364
15555.649,7226,10364
15556.56,7227,10364
15558.905,7228,10364
15562.377,7229,10369
15563.77,7230,10369
15568.404,7231,10369
15575.827,7232,10369
15575.91,7233,10369
15576.091,7234,10369
15577.511,7235,10369
15609.077,7236,10369
15612.6,7237,10369
15612.975,7238,10369
15622.499,7239,10369
15623.109,7240,10369
15623.319,7241,10369
15624.699,7242,10369
15626.23,7243,10369
15632.105,7244,10370
15640.638,7245,10370
15642.172,7246,10370
15653.306,7247,10371
15653.32,7248,10372
15653.333,7249,10372
15653.389,7250,10372
15653.529,7251,10372
15653.681,7252,10372
15654.013,7253,10372
15654.158,7254,10372
15654.239,7255,10372
15654.26,7256,10373
15654.302,7257,10374
15654.422,7258,10374
15654.463,7259,10374
15654.786,7260,10375
15655.296,7261,10376
15655.801,7262,10376
15656.052,7263,10376
15657.222,7264,10380
15657.734,7265,10380
15657.847,7266,10380
15661.001,7267,10380
15661.289,7268,10380
15662.028,7269,10380
15662.113,7270,10381
15663.809,7271,10381
15665.146,7272,10381
15665.493,7273,10382
15666.4,7274,10383
15667.912,7275,10384
15669.416,7276,10385
15670.294,7277,10385
15672.206,7278,10385
15678.445,7279,10386
15681.033,7280,10386
15684.837,7281,10386
15694.436,7282,10386
15695.748,7283,10386
15696.18,7284,10386
15698.641,7285,10386
15700.726,7286,10387
15706.843,7287,10388
15707.228,7288,10388
15712.157,7289,10389
15713.675,7290,10392
15716.312,7291,10392
15721.673,7292,10392
15725.445,7293,10393
15726.071,7294,10393
15726.827,7295,10393
15729.255,7296,10393
15732.63,7297,10393
15738.44,7298,10393
15759.184,7299,10395
15759.885,7300,10395
15760.083,7301,10396
15760.096,7302,10396
15760.536,7303,10397
15761.456,7304,10398
15762.004,7305,10398
15762.227,7306,10399
15762.42,7307,10399
15767.056,7308,10400
15767.598,7309,10401
15767.779,7310,10401
15768.382,7311,10401
15769.396,7312,10401
15769.706,7313,10402
15769.842,7314,10402
15769.918,7315,10403
15771.107,7316,10404
15774.863,7317,10404
15776.796,7318,10405
15780.733,7319,10405
15780.868,7320,10406
15781.655,7321,10407
15783.586,7322,10408
15784.119,7323,10409
15787.005,7324,10412
15789.504,7325,10413
15790.854,7326,10414
15794.312,7327,10414
15798.637,7328,10414
15801.558,7329,10414
15801.635,7330,10414
15807.23,7331,10414
15808.457,7332,10415
15812.785,7333,10415
15813.168,7334,10415
15814.643,7335,10416
15815.884,7336,10416
15821.599,7337,10416
15822.287,7338,10417
15825.889,7339,10417
15826.133,7340,10417
15846.326,7341,10417
15850.288,7342,10417
15851.724,7343,10417
15852.208,7344,10417
15854.369,7345,10417
15857.286,7346,10417
15857.841,7347,10417
15859.461,7348,10417
15860.941,7349,10417
15863.244,7350,10417
15866.784,7351,10417
15873.886,7352,10417
15875.893,7353,10417
15880.824,7354,10417
15883.164,7355,10417
15886.325,7356,10417
15887.279,7357,10417
15897.254,7358,10417
15899.265,7359,10417
15906.191,7360,10417
15909.283,7361,10417
15909.618,7362,10417
15910.297,7363,10417
15912.683,7364,10417
15912.861,7365,10417
15913.214,7366,10417
15914.171,7367,10417
15915.218,7368,10417
15915.6,7369,10417
15915.718,7370,10417
15918.621,7371,10417
15918.698,7372,10418
15920.43,7373,10418
15923.719,7374,10418
15929.303,7375,10418
15935.994,7376,10418
15941.066,7377,10418
15943.087,7378,10419
15943.148,7379,10419
15944.825,7380,10419
15947.234,7381,10419
15964.302,7382,10419
15982.68,7383,10419
15983.4,7384,10419
15983.753,7385,10419
15983.863,7386,10419
15988.462,7387,10419
15996.017,7388,10419
15997.845,7389,10419
16001.041,7390,10419
16004.48,7391,10419
16010.029,7392,10419
16014.474,7393,10419
16015.127,7394,10419
16015.565,7395,10419
16016.63,7396,10419
16017.006,7397,10419
16027.602,7398,10419
16045.525,7399,10419
16050.728,7400,10419
16050.814,7401,10419
16050.827,7402,10419
16051.483,7403,10419
16051.808,7404,10420
16059.607,7405,10420
16071.125,7406,10420
16071.945,7407,10420
16073.19,7408,10420
16074.922,7409,10420
16079.595,7410,10420
16080.152,7411,10420
16080.313,7412,10421
16080.407,7413,10421
16084.402,7414,10421
16086.876,7415,10421
16088.272,7416,10421
16096.883,7417,10421
16102.156,7418,10421
16110.359,7419,10421
16114.532,7420,10421
16142.212,7421,10421
16152.401,7422,10422
16154.859,7423,10422
16164.198,7424,10422
16164.779,7425,10422
16166.796,7426,10422
16168.367,7427,10422
16172.298,7428,10422
16177.679,7429,10422
16180.854,7430,10422
16189.36,7431,10423
16190.904,7432,10423
16197.009,7433,10423
16199.661,7434,10423
16208.397,7435,10424
16208.733,7436,10425
16209.179,7437,10428
16209.351,7438,10428
16209.467,7439,10428
16220.831,7440,10428
16240.681,7441,10428
16242.053,7442,10428
16242.592,7443,10428
16243.365,7444,10428
16245.77,7445,10428
16249.0,7446,10428
16280.767,7447,10428
16283.443,7448,10428
16287.816,7449,10428
16291.403,7450,10428
16293.721,7451,10428
16296.253,7452,10428
16319.626,7453,10428
16322.018,7454,10428
16324.042,7455,10429
16324.577,7456,10430
16325.313,7457,10431
16327.538,7458,10432
16406.885,7459,10432
16407.605,7460,10432
16408.141,7461,10432
16409.264,7462,10432
16409.819,7463,10432
16419.585,7464,10432
16427.479,7465,10432
16429.849,7466,10432
16437.593,7467,10432
16437.713,7468,10432
16437.758,7469,10432
16438.227,7470,10432
16438.278,7471,10432
16438.296,7472,10432
16442.635,7473,10432
16456.363,7474,10432
16456.437,7475,10432
16461.714,7476,10432
16465.534,7477,10432
16465.833,7478,10432
16466.099,7479,10432
16468.826,7480,10432
16472.775,7481,10432
16472.964,7482,10432
16475.686,7483,10432
16496.577,7484,10432
16520.122,7485,10432
16520.229,7486,10432
16521.17,7487,10432
16526.216,7488,10432
16535.591,7489,10432
16536.945,7490,10432
16538.29,7491,10432
16538.549,7492,10432
16539.018,7493,10432
16539.429,7494,10432
16548.364,7495,10432
16551.763,7496,10432
16566.897,7497,10432
16567.644,7498,10438
16570.934,7499,10438
16574.102,7500,10438
16574.212,7501,10438
16574.525,7502,10438
16574.576,7503,10438
16576.109,7504,10438
16576.172,7505,10438
16577.529,7506,10438
16583.093,7507,10438
16593.504,7508,10438
16602.335,7509,10439
16605.538,7510,10439
16609.443,7511,10439
16609.672,7512,10439
16609.952,7513,10439
16611.023,7514,10439
16616.502,7515,10439
16617.367,7516,10440
16624.631,7517,10440
16635.491,7518,10440
16649.029,7519,10440
16649.62,7520,10440
16649.656,7521,10440
16651.774,7522,10440
16658.027,7523,10440
16660.078,7524,10440
16671.849,7525,10440
16710.419,7526,10440
16714.148,7527,10440
16722.124,7528,10440
16722.139,7529,10440
16722.477,7530,10442
16724.985,7531,10442
16733.509,7532,10442
16738.993,7533,10442
16739.967,7534,10442
16741.442,7535,10442
16741.677,7536,10442
16741.73,7537,10442
16743.052,7538,10442
16755.277,7539,10442
16757.182,7540,10442
16757.944,7541,10442
16781.387,7542,10442
16783.13,7543,10442
16783.342,7544,10443
16797.073,7545,10443
16799.619,7546,10444
16823.946,7547,10444
16824.595,7548,10444
16826.869,7549,10444
16828.036,7550,10444
16831.437,7551,10444
16839.378,7552,10444
16840.66,7553,10444
16853.62,7554,10444
16879.577,7555,10444
16909.426,7556,10444
16910.473,7557,10444
16914.749,7558,10444
16914.765,7559,10444
16916.329,7560,10444
16946.237,7561,10444
16946.869,7562,10444
16946.935,7563,10444
16947.307,7564,10444
16947.915,7565,10444
16948.096,7566,10444
16955.22,7567,10444
16956.346,7568,10444
16996.9,7569,10444
17018.528,7570,10445
17019.636,7571,10445
17019.72,7572,10445
17021.492,7573,10445
17021.892,7574,10445
17023.627,7575,10445
17026.896,7576,10445
17037.381,7577,10445
17039.739,7578,10445
17044.978,7579,10446
17051.039,7580,10446
17052.578,7581,10446
17052.671,7582,10446
17052.696,7583,10446
17102.07,7584,10447
17104.433,7585,10447
17111.039,7586,10447
17111.567,7587,10447
17111.642,7588,10447
17111.903,7589,10447
17112.449,7590,10447
17115.769,7591,10447
17117.404,7592,10447
17179.382,7593,10447
17179.592,7594,10447
17179.733,7595,10447
17179.917,7596,10447
17180.117,7597,10447
17191.483,7598,10447
17196.121,7599,10447
17227.48,7600,10447
17235.452,7601,10447
17235.489,7602,10447
17235.546,7603,10447
17235.603,7604,10447
17272.953,7605,10448
17316.097,7606,10448
17343.443,7607,10448
17356.045,7608,10448
17356.08,7609,10448
17358.329,7610,10448
17364.243,7611,10448
17365.775,7612,10448
17366.831,7613,10448
17367.365,7614,10448
17367.938,7615,10448
17371.074,7616,10448
17383.78,7617,10448
17395.954,7618,10448
17396.576,7619,10448
17437.726,7620,10448
17455.947,7621,10448
17481.942,7622,10448
17484.821,7623,10448
17496.434,7624,10448
17498.132,7625,10448
17498.164,7626,10448
17513.736,7627,10448
17514.95,7628,10448
17516.784,7629,10448
17565.307,7630,10448
17566.441,7631,10449
17574.161,7632,10449
17575.845,7633,10449
17577.466,7634,10452
17578.297,7635,10454
17637.186,7636,10454
17659.635,7637,10454
17672.718,7638,10454
17675.221,7639,10454
17675.248,7640,10454
17675.379,7641,10454
17675.542,7642,10454
17675.643,7643,10454
17676.423,7644,10454
17676.515,7645,10454
17676.68,7646,10454
17681.625,7647,10454
17683.006,7648,10454
17686.012,7649,10454
17688.312,7650,10454
17688.624,7651,10454
17690.345,7652,10454
17690.755,7653,10454
17693.543,7654,10454
17697.94,7655,10454
17771.471,7656,10454
17791.04,7657,10454
17801.48,7658,10454
17810.71,7659,10454
17829.693,7660,10454
17830.52,7661,10454
17850.265,7662,10454
17871.636,7663,10454
17872.328,7664,10454
17889.214,7665,10454
17941.571,7666,10454
17956.578,7667,10454
17956.597,7668,10454
17956.683,7669,10454
17957.231,7670,10454
17957.967,7671,10454
17958.027,7672,10454
17959.793,7673,10454
17961.109,7674,10454
17964.143,7675,10454
17969.217,7676,10454
18008.345,7677,10454
18047.258,7678,10454
18047.401,7679,10454
18047.704,7680,10454
18049.832,7681,10454
18050.565,7682,10454
18062.248,7683,10454
18065.976,7684,10454
18069.87,7685,10456
18072.963,7686,10456
18079.182,7687,10456
18125.545,7688,10456
18135.406,7689,10456
18148.598,7690,10457
18166.927,7691,10457
18167.614,7692,10457
18168.156,7693,10457
18204.646,7694,10457
18205.542,7695,10457
18210.446,7696,10457
18242.332,7697,10457
18248.307,7698,10457
18262.104,7699,10457
18263.839,7700,10457
18287.433,7701,10457
18322.886,7702,10458
18329.792,7703,10458
18331.079,7704,10458
18361.057,7705,10458
18361.641,7706,10458
18361.718,7707,10458
18369.801,7708,10458
18409.902,7709,10458
18439.914,7710,10458
18441.111,7711,10458
18445.172,7712,10458
18445.275,7713,10458
18448.696,7714,10458
18468.934,7715,10459
18489.118,7716,10461
18493.817,7717,10461
18496.649,7718,10461
18513.253,7719,10462
18514.88,7720,10462
18515.871,7721,10462
18532.371,7722,10463
18537.146,7723,10463
18537.476,7724,10463
18537.656,7725,10463
18548.077,7726,10463
18549.504,7727,10463
18552.521,7728,10465
18552.659,7729,10468
18552.765,7730,10468
18553.265,7731,10468
18571.073,7732,10468
18590.018,7733,10470
18617.779,7734,10470
18625.462,7735,10470
18626.529,7736,10470
18626.777,7737,10470
18690.511,7738,10470
18697.057,7739,10470
18699.732,7740,10496
18708.381,7741,10500
18708.765,7742,10500
18712.189,7743,10500
18713.132,7744,10500
18714.485,7745,10500
18726.455,7746,10500
18731.256,7747,10500
18748.378,7748,10501
18784.587,7749,10501
18815.443,7750,10501
18815.631,7751,10501
18819.76,7752,10501
18820.205,7753,10501
18831.354,7754,10501
18832.985,7755,10501
18834.016,7756,10501
18835.332,7757,10501
18835.997,7758,10501
18836.024,7759,10501
18840.294,7760,10501
18843.678,7761,10501
18848.065,7762,10501
18849.658,7763,10502
18853.575,7764,10502
18865.264,7765,10502
18865.366,7766,10502
18865.407,7767,10502
18866.495,7768,10502
18866.877,7769,10502
18867.872,7770,10502
18868.009,7771,10502
18868.647,7772,10502
18870.428,7773,10502
18875.364,7774,10502
18876.734,7775,10504
18882.163,7776,10504
18882.481,7777,10504
18884.171,7778,10504
18886.433,7779,10504
18886.633,7780,10504
18891.054,7781,10504
18893.566,7782,10504
18896.059,7783,10504
18908.738,7784,10504
18909.293,7785,10504
18910.285,7786,10504
18920.462,7787,10506
18920.607,7788,10507
18958.272,7789,10507
18960.442,7790,10507
18960.938,7791,10507
18966.655,7792,10507
18971.581,7793,10516
18972.11,7794,10516
18981.283,7795,10516
18998.244,7796,10531
19061.513,7797,10531
19092.371,7798,10531
19094.98,7799,10532
19097.591,7800,10532
19099.787,7801,10532
19102.917,7802,10532
19119.112,7803,10532
19147.737,7804,10532
19151.67,7805,10534
19154.024,7806,10534
19170.653,7807,10534
19170.885,7808,10534
19206.8,7809,10534
19248.838,7810,10534
19261.891,7811,10534
19266.473,7812,10534
19274.334,7813,10534
19275.4,7814,10536
19277.749,7815,10536
19287.216,7816,10536
19287.509,7817,10536
19289.389,7818,10536
19291.707,7819,10536
19298.16,7820,10536
19301.378,7821,10536
19319.095,7822,10536
19332.365,7823,10536
19335.415,7824,10536
19336.194,7825,10536
19416.864,7826,10536
19426.716,7827,10538
19427.399,7828,10538
19456.078,7829,10538
19465.94,7830,10538
19492.615,7831,10538
19518.214,7832,10538
19529.013,7833,10539
19535.079,7834,10539
19581.513,7835,10540
19582.041,7836,10542
19583.842,7837,10543
19587.104,7838,10545
19587.75,7839,10545
19591.967,7840,10546
19600.193,7841,10546
19606.155,7842,10547
19607.472,7843,10548
19634.398,7844,10549
19639.841,7845,10549
19652.039,7846,10549
19676.413,7847,10549
19676.97,7848,10549
19683.487,7849,10549
19684.729,7850,10549
19685.014,7851,10549
19696.351,7852,10549
19705.849,7853,10550
19720.729,7854,10550
19732.966,7855,10550
19748.686,7856,10550
19749.481,7857,10550
19771.779,7858,10550
19780.914,7859,10550
19781.09,7860,10550
19781.453,7861,10551
19781.749,7862,10553
19791.775,7863,10553
19799.401,7864,10553
19824.15,7865,10553
19836.729,7866,10553
19836.921,7867,10553
19844.049,7868,10553
19844.07,7869,10553
19844.704,7870,10553
19845.377,7871,10555
19848.133,7872,10555
19849.125,7873,10555
19849.334,7874,10555
19856.903,7875,10556
19860.53,7876,10556
19871.438,7877,10556
19893.284,7878,10556
19953.529,7879,10556
19977.497,7880,10556
19980.734,7881,10556
19989.67,7882,10556
20013.063,7883,10557
20069.673,7884,10557
20163.474,7885,10557
20165.756,7886,10557
20168.97,7887,10557
20199.772,7888,10558
20203.226,7889,10559
20213.613,7890,10560
20258.349,7891,10560
20300.002,7892,10561
20306.417,7893,10561
20311.932,7894,10561
20330.946,7895,10561
20331.379,7896,10561
20333.964,7897,10563
20334.291,7898,10567
20335.402,7899,10567
20336.144,7900,10568
20336.527,7901,10570
20337.494,7902,10570
20337.737,7903,10571
20337.802,7904,10571
20338.07,7905,10571
20338.55,7906,10571
20339.448,7907,10571
20345.254,7908,10572
20355.919,7909,10572
20357.526,7910,10572
20358.296,7911,10572
20422.685,7912,10572
20430.113,7913,10572
20430.511,7914,10572
20430.844,7915,10572
20431.412,7916,10573
20431.592,7917,10573
20445.802,7918,10587
20470.51,7919,10587
20470.58,7920,10587
20470.602,7921,10587
20470.704,7922,10587
20470.789,7923,10587
20470.967,7924,10587
20471.269,7925,10589
20472.825,7926,10590
20472.905,7927,10590
20475.822,7928,10591
20482.952,7929,10591
20485.159,7930,10592
20485.508,7931,10592
20488.747,7932,10592
20495.247,7933,10592
20521.644,7934,10592
20531.259,7935,10592
20532.158,7936,10592
20532.899,7937,10592
20535.949,7938,10592
20538.386,7939,10592
20541.769,7940,10593
20551.073,7941,10593
20563.603,7942,10593
20567.112,7943,10594
20568.154,7944,10594
20568.524,7945,10594
20571.434,7946,10594
20593.46,7947,10594
20593.568,7948,10594
20593.701,7949,10594
20614.574,7950,10594
20618.683,7951,10594
20627.848,7952,10594
20628.51,7953,10594
20675.367,7954,10594
20690.592,7955,10595
20706.822,7956,10595
20714.525,7957,10595
20714.762,7958,10595
20720.009,7959,10595
20720.058,7960,10595
20720.174,7961,10595
20720.552,7962,10595
20722.624,7963,10596
20723.798,7964,10596
20723.942,7965,10596
20727.452,7966,10596
20732.306,7967,10596
20733.412,7968,10596
20735.522,7969,10596
20737.346,7970,10596
20743.226,7971,10596
20744.341,7972,10596
20744.825,7973,10596
20756.863,7974,10596
20757.646,7975,10596
20768.611,7976,10596
20787.894,7977,10596
20788.591,7978,10596
20789.618,7979,10596
20789.888,7980,10596
20794.681,7981,10596
20794.772,7982,10596
20795.695,7983,10596
20804.512,7984,10596
20846.802,7985,10596
20848.279,7986,10596
20848.658,7987,10596
20851.977,7988,10596
20852.242,7989,10598
20854.919,7990,10598
20859.591,7991,10598
20859.701,7992,10598
20863.145,7993,10600
20878.839,7994,10600
20879.384,7995,10600
20883.855,7996,10600
20888.624,7997,10600
20889.443,7998,10600
20889.686,7999,10600
20890.262,8000,10600
20890.521,8001,10600
20897.713,8002,10600
20908.499,8003,10600
20913.394,8004,10600
20921.906,8005,10600
20923.543,8006,10600
20923.918,8007,10600
20923.965,8008,10600
20932.343,8009,10600
20933.216,8010,10600
20934.315,8011,10600
20957.721,8012,10600
20957.766,8013,10600
20959.442,8014,10600
20979.728,8015,10600
20990.09,8016,10600
20990.392,8017,10600
20990.601,8018,10600
20990.712,8019,10600
21000.211,8020,10600
21008.78,8021,10601
21021.941,8022,10601
21040.998,8023,10601
21055.038,8024,10601
21055.172,8025,10602
21055.508,8026,10602
21056.662,8027,10602
21059.042,8028,10602
21094.892,8029,10602
21128.287,8030,10602
21133.454,8031,10602
21151.143,8032,10602
21169.97,8033,10602
21186.618,8034,10602
21189.284,8035,10602
21234.16,8036,10602
21260.217,8037,10602
21280.768,8038,10602
21333.304,8039,10602
21341.785,8040,10602
21348.922,8041,10602
21370.05,8042,10603
21370.585,8043,10604
21373.961,8044,10604
21396.266,8045,10604
21396.422,8046,10604
21401.307,8047,10604
21401.966,8048,10604
21456.741,8049,10604
21456.913,8050,10604
21510.994,8051,10604
21514.036,8052,10604
21517.451,8053,10605
21530.287,8054,10605
21531.117,8055,10605
21532.739,8056,10605
21549.539,8057,10605
21549.605,8058,10605
21551.847,8059,10605
21555.784,8060,10605
21573.291,8061,10606
21587.383,8062,10606
21587.421,8063,10606
21587.533,8064,10606
21587.624,8065,10606
21621.19,8066,10606
21621.415,8067,10607
21622.135,8068,10608
21622.392,8069,10609
21665.13,8070,10609
21670.352,8071,10609
21670.439,8072,10609
21674.5,8073,10609
21674.887,8074,10609
21677.236,8075,10624
21688.824,8076,10625
21694.04,8077,10626
21694.813,8078,10630
21694.888,8079,10632
21698.346,8080,10632
21705.377,8081,10641
21713.986,8082,10642
21781.997,8083,10642
21788.156,8084,10642
21806.465,8085,10642
21811.746,8086,10642
21811.97,8087,10642
21812.208,8088,10642
21820.557,8089,10642
21828.431,8090,10642
21828.646,8091,10642
21830.145,8092,10642
21848.255,8093,10642
21908.073,8094,10642
21908.109,8095,10642
21924.271,8096,10642
21925.697,8097,10642
21925.817,8098,10642
21926.054,8099,10642
21927.626,8100,10642
21929.242,8101,10642
21929.885,8102,10642
21942.199,8103,10642
21943.637,8104,10642
21981.903,8105,10648
21983.482,8106,10658
21984.728,8107,10659
22012.684,8108,10659
22013.21,8109,10659
22019.039,8110,10659
22042.424,8111,10659
22056.887,8112,10660
22056.9,8113,10661
22063.36,8114,10661
22064.818,8115,10661
22074.256,8116,10661
22080.948,8117,10661
22084.946,8118,10661
22090.86,8119,10661
22092.142,8120,10661
22093.883,8121,10661
22096.176,8122,10661
22104.561,8123,10663
22110.075,8124,10663
22112.067,8125,10663
22117.27,8126,10663
22121.257,8127,10665
22126.86,8128,10665
22130.228,8129,10665
22138.36,8130,10665
22145.081,8131,10665
22145.57,8132,10665
22148.58,8133,10665
22151.456,8134,10665
22155.497,8135,10665
22168.84,8136,10665
22175.053,8137,10665
22179.609,8138,10666
22193.275,8139,10666
22247.443,8140,10667
22247.82,8141,10667
22250.05,8142,10669
22250.553,8143,10669
22276.215,8144,10669
22321.055,8145,10671
22339.046,8146,10671
22341.285,8147,10672
22344.323,8148,10672
22365.874,8149,10672
22379.863,8150,10672
22382.969,8151,10673
22383.437,8152,10673
22384.387,8153,10674
22387.156,8154,10674
22404.453,8155,10674
22422.18,8156,10674
22426.645,8157,10674
22438.808,8158,10674
22453.619,8159,10674
22455.617,8160,10674
22455.807,8161,10674
22456.399,8162,10674
22489.361,8163,10674
22496.681,8164,10675
22510.668,8165,10675
22526.981,8166,10675
22543.965,8167,10675
22600.013,8168,10675
22608.591,8169,10675
22610.62,8170,10675
22612.355,8171,10675
22618.456,8172,10675
22623.802,8173,10675
22626.671,8174,10675
22656.355,8175,10675
22659.55,8176,10676
22671.092,8177,10676
22676.484,8178,10676
22679.56,8179,10676
22682.673,8180,10676
22686.924,8181,10676
22752.017,8182,10676
22784.909,8183,10676
22790.489,8184,10676
22798.744,8185,10676
22818.457,8186,10676
22818.537,8187,10678
22819.095,8188,10678
22819.129,8189,10678
22819.361,8190,10678
22819.937,8191,10679
22823.794,8192,10679
22832.554,8193,10679
22839.2,8194,10679
22851.511,8195,10680
22856.68,8196,10680
22873.521,8197,10680
22877.8,8198,10680
22905.77,8199,10680
22907.098,8200,10680
22914.926,8201,10680
22925.638,8202,10680
22961.205,8203,10680
22964.785,8204,10680
22967.305,8205,10684
22970.43,8206,10684
22971.902,8207,10684
22972.283,8208,10684
22972.517,8209,10684
22973.377,8210,10684
22975.432,8211,10684
22980.268,8212,10684
22994.001,8213,10684
22995.124,8214,10684
23018.242,8215,10684
23022.908,8216,10684
23023.309,8217,10684
23023.786,8218,10685
23039.245,8219,10685
23047.136,8220,10685
23048.69,8221,10685
23101.341,8222,10686
23104.456,8223,10686
23104.967,8224,10686
23107.109,8225,10686
23126.667,8226,10686
23134.463,8227,10687
23164.903,8228,10687
23198.57,8229,10688
23202.124,8230,10688
23202.192,8231,10688
23202.375,8232,10688
23202.438,8233,10688
23202.562,8234,10688
23205.784,8235,10688
23206.967,8236,10688
23233.853,8237,10688
23253.529,8238,10688
23263.04,8239,10688
23267.363,8240,10688
23268.648,8241,10688
23268.937,8242,10688
23297.724,8243,10688
23315.936,8244,10688
23316.011,8245,10688
23316.561,8246,10696
23316.733,8247,10696
23316.803,8248,10696
23324.123,8249,10696
23333.968,8250,10696
23336.119,8251,10696
23336.178,8252,10696
23337.429,8253,10696
23340.986,8254,10696
23350.163,8255,10696
23350.58,8256,10696
23363.282,8257,10696
23374.446,8258,10696
23375.974,8259,10696
23376.518,8260,10696
23389.216,8261,10696
23423.645,8262,10697
23448.992,8263,10697
23464.931,8264,10697
23468.515,8265,10697
23482.46,8266,10697
23482.516,8267,10697
23489.738,8268,10697
23501.287,8269,10697
23504.706,8270,10697
23517.823,8271,10697
23519.365,8272,10697
23520.539,8273,10697
23524.709,8274,10697
23524.893,8275,10697
23534.181,8276,10697
23573.698,8277,10697
23599.945,8278,10697
23635.199,8279,10697
23653.114,8280,10697
23654.505,8281,10697
23654.728,8282,10698
23654.741,8283,10701
23656.281,8284,10701
23656.844,8285,10701
23658.95,8286,10702
23661.571,8287,10702
23666.275,8288,10702
23672.349,8289,10702
23674.784,8290,10702
23678.089,8291,10702
23685.466,8292,10702
23685.857,8293,10703
23728.529,8294,10703
23731.041,8295,10703
23745.969,8296,10703
23748.496,8297,10704
23750.31,8298,10704
23751.653,8299,10705
23751.728,8300,10705
23751.779,8301,10705
23752.824,8302,10705
23753.001,8303,10705
23767.744,8304,10706
23834.591,8305,10706
23846.072,8306,10706
23848.782,8307,10708
23860.616,8308,10708
23870.481,8309,10708
23871.455,8310,10709
23937.017,8311,10709
23942.761,8312,10709
23955.465,8313,10709
23957.301,8314,10709
23957.381,8315,10709
23973.365,8316,10709
23975.336,8317,10709
23995.543,8318,10709
23995.976,8319,10709
23997.262,8320,10709
24056.651,8321,10709
24058.121,8322,10709
24058.421,8323,10709
24059.134,8324,10709
24064.384,8325,10709
24079.161,8326,10709
24089.989,8327,10709
24091.507,8328,10709
24105.598,8329,10709
24121.625,8330,10709
24121.864,8331,10709
24122.266,8332,10709
24250.96,8333,10709
24252.955,8334,10709
24253.056,8335,10709
24302.262,8336,10709
24302.75,8337,10709
24302.798,8338,10709
24305.479,8339,10709
24311.377,8340,10709
24312.151,8341,10709
24314.009,8342,10709
24321.616,8343,10709
24325.618,8344,10709
24326.976,8345,10709
24333.489,8346,10709
24341.242,8347,10709
24341.803,8348,10709
24354.445,8349,10709
24354.752,8350,10709
24355.8,8351,10709
24359.357,8352,10709
24378.228,8353,10709
24384.808,8354,10709
24388.33,8355,10709
24389.422,8356,10710
24396.764,8357,10710
24396.903,8358,10710
24397.054,8359,10710
24397.369,8360,10710
24398.258,8361,10710
24398.94,8362,10710
24399.549,8363,10710
24406.173,8364,10710
24426.568,8365,10710
24428.809,8366,10710
24472.34,8367,10710
24473.134,8368,10710
24482.605,8369,10710
24483.73,8370,10712
24524.74,8371,10712
24553.63,8372,10712
24554.204,8373,10713
24554.386,8374,10713
24555.963,8375,10715
24557.903,8376,10716
24564.026,8377,10717
24564.982,8378,10717
24570.467,8379,10718
24612.326,8380,10718
24613.352,8381,10719
24613.707,8382,10719
24618.002,8383,10719
24620.645,8384,10719
24632.367,8385,10719
24638.95,8386,10720
24639.996,8387,10720
24681.726,8388,10722
24687.404,8389,10722
24690.005,8390,10722
24694.162,8391,10723
24694.469,8392,10723
24694.798,8393,10737
24714.014,8394,10737
24715.359,8395,10737
24740.359,8396,10737
24768.057,8397,10737
24778.861,8398,10737
24792.129,8399,10737
24792.792,8400,10737
24800.413,8401,10737
24800.621,8402,10737
24811.324,8403,10737
24811.451,8404,10737
24811.756,8405,10737
24811.806,8406,10737
24811.839,8407,10737
24814.219,8408,10737
24815.836,8409,10737
24847.753,8410,10737
24848.252,8411,10737
24855.761,8412,10737
24858.374,8413,10737
24869.351,8414,10737
24876.578,8415,10738
24900.749,8416,10739
24900.876,8417,10739
24901.643,8418,10739
24904.652,8419,10739
24952.208,8420,10739
24954.3,8421,10740
24955.392,8422,10740
24956.087,8423,10740
24963.006,8424,10740
24963.867,8425,10740
24994.05,8426,10740
24995.041,8427,10743
24999.002,8428,10743
25014.177,8429,10743
25029.883,8430,10743
25033.264,8431,10743
25034.752,8432,10743
25044.271,8433,10743
25057.777,8434,10743
25058.506,8435,10745
25058.649,8436,10745
25058.751,8437,10746
25061.596,8438,10748
25063.34,8439,10748
25064.025,8440,10749
25066.474,8441,10749
25075.414,8442,10749
25079.4,8443,10749
25092.112,8444,10753
25102.957,8445,10754
25105.0,8446,10756
25118.39,8447,10756
25138.463,8448,10756
25156.964,8449,10756
25163.514,8450,10756
25176.747,8451,10756
25202.429,8452,10758
25319.275,8453,10758
25320.722,8454,10758
25345.828,8455,10758
25352.373,8456,10758
25371.76,8457,10758
25410.35,8458,10758
25410.584,8459,10758
25415.215,8460,10758
25416.446,8461,10759
25417.389,8462,10759
25425.316,8463,10759
25430.788,8464,10759
25468.121,8465,10759
25470.255,8466,10761
25474.937,8467,10763
25475.283,8468,10764
25475.71,8469,10765
25497.143,8470,10765
25497.605,8471,10767
25502.655,8472,10767
25514.913,8473,10767
25517.254,8474,10767
25519.563,8475,10767
25520.024,8476,10767
25520.386,8477,10767
25521.23,8478,10767
25522.304,8479,10768
25524.303,8480,10768
25527.763,8481,10768
25529.327,8482,10768
25529.733,8483,10768
25534.961,8484,10768
25535.554,8485,10768
25542.502,8486,10768
25548.655,8487,10768
25585.059,8488,10768
25600.542,8489,10768
25604.626,8490,10768
25608.642,8491,10768
25626.65,8492,10769
25636.424,8493,10770
25678.434,8494,10770
25686.857,8495,10770
25686.907,8496,10770
25688.644,8497,10770
25689.605,8498,10770
25696.849,8499,10770
25731.574,8500,10770
25736.187,8501,10770
25736.566,8502,10770
25736.699,8503,10770
25789.962,8504,10770
25814.052,8505,10770
25814.076,8506,10770
25844.85,8507,10770
25844.878,8508,10770
25845.343,8509,10770
25847.671,8510,10770
25851.684,8511,10770
25860.095,8512,10770
25883.545,8513,10771
25958.274,8514,10771
25958.308,8515,10771
25959.5,8516,10771
25960.038,8517,10771
25961.045,8518,10771
25963.917,8519,10771
25964.181,8520,10771
25964.599,8521,10771
25965.511,8522,10771
25966.408,8523,10771
25966.747,8524,10771
25969.918,8525,10771
25970.242,8526,10777
25984.035,8527,10777
25984.104,8528,10777
25987.057,8529,10777
25998.524,8530,10777
26009.495,8531,10777
26013.073,8532,10777
26014.096,8533,10778
26027.534,8534,10778
26040.574,8535,10778
26044.069,8536,10779
26086.66,8537,10779
26107.921,8538,10779
26109.527,8539,10779
26123.699,8540,10779
26140.259,8541,10779
26166.497,8542,10779
26167.817,8543,10779
26192.963,8544,10781
26196.096,8545,10781
26198.829,8546,10781
26199.156,8547,10781
26199.697,8548,10781
26203.267,8549,10781
26205.554,8550,10781
26216.631,8551,10781
26221.451,8552,10781
26304.909,8553,10781
26366.152,8554,10781
26402.069,8555,10781
26414.149,8556,10781
26427.265,8557,10781
26427.824,8558,10781
26428.576,8559,10781
26431.704,8560,10781
26431.853,8561,10781
26437.017,8562,10781
26437.183,8563,10781
26442.462,8564,10781
26453.006,8565,10781
26454.009,8566,10784
26457.975,8567,10784
26464.977,8568,10784
26490.396,8569,10784
26492.312,8570,10784
26492.335,8571,10784
26492.481,8572,10785
26492.557,8573,10785
26496.878,8574,10785
26497.138,8575,10785
26504.476,8576,10785
26513.433,8577,10785
26515.214,8578,10785
26518.822,8579,10785
26610.955,8580,10785
26629.19,8581,10785
26645.763,8582,10785
26671.178,8583,10785
26703.916,8584,10785
26704.83,8585,10785
26707.298,8586,10785
26707.686,8587,10785
26708.317,8588,10785
26708.917,8589,10785
26716.617,8590,10785
26720.017,8591,10785
26751.533,8592,10785
26752.292,8593,10785
26766.907,8594,10785
26769.687,8595,10785
26779.629,8596,10785
26779.708,8597,10785
26780.031,8598,10785
26780.103,8599,10785
26781.145,8600,10789
26781.248,8601,10789
26783.132,8602,10789
26784.833,8603,10789
26794.068,8604,10790
26800.898,8605,10791
26811.391,8606,10791
26811.475,8607,10791
26812.128,8608,10791
26816.478,8609,10791
26856.326,8610,10791
26857.529,8611,10791
26885.162,8612,10791
26892.928,8613,10791
26894.695,8614,10791
26910.758,8615,10791
26912.532,8616,10791
26914.52,8617,10791
26914.905,8618,10791
26921.363,8619,10791
26930.937,8620,10791
26940.11,8621,10791
26940.67,8622,10791
26946.194,8623,10791
26952.608,8624,10791
26953.271,8625,10791
26954.17,8626,10791
26968.002,8627,10791
26968.025,8628,10793
26976.131,8629,10793
26986.824,8630,10793
27033.702,8631,10794
27045.754,8632,10795
27058.512,8633,10795
27061.201,8634,10795
27081.892,8635,10795
27090.915,8636,10795
27092.046,8637,10795
27108.669,8638,10795
27115.945,8639,10795
27116.407,8640,10795
27117.127,8641,10795
27120.226,8642,10795
27120.503,8643,10795
27120.667,8644,10795
27124.188,8645,10795
27125.423,8646,10795
27125.578,8647,10795
27125.945,8648,10795
27127.842,8649,10795
27143.323,8650,10795
27143.388,8651,10796
27143.979,8652,10796
27145.522,8653,10796
27146.175,8654,10796
27146.277,8655,10796
27146.782,8656,10796
27147.474,8657,10796
27149.187,8658,10797
27151.952,8659,10797
27152.801,8660,10797
27153.241,8661,10797
27155.343,8662,10797
27156.58,8663,10797
27158.519,8664,10797
27163.089,8665,10797
27166.64,8666,10797
27172.556,8667,10797
27185.735,8668,10797
27188.476,8669,10797
27188.554,8670,10797
27189.268,8671,10797
27191.581,8672,10797
27191.945,8673,10797
27191.967,8674,10797
27192.577,8675,10797
27192.74,8676,10797
27193.809,8677,10797
27194.152,8678,10797
27194.885,8679,10797
27195.562,8680,10797
27196.317,8681,10797
27197.748,8682,10797
27200.511,8683,10797
27202.126,8684,10797
27202.935,8685,10797
27210.684,8686,10797
27211.438,8687,10797
27212.493,8688,10797
27213.995,8689,10797
27225.614,8690,10797
27226.218,8691,10797
27230.868,8692,10797
27243.321,8693,10797
27243.551,8694,10798
27246.463,8695,10798
27248.341,8696,10798
27249.177,8697,10798
27250.75,8698,10798
27251.665,8699,10798
27251.848,8700,10798
27256.588,8701,10798
27262.218,8702,10798
27272.29,8703,10798
27272.48,8704,10798
27274.24,8705,10800
27275.909,8706,10800
27276.772,8707,10800
27280.638,8708,10800
27280.894,8709,10801
27282.424,8710,10801
27283.028,8711,10804
27283.208,8712,10806
27283.337,8713,10809
27284.529,8714,10809
27289.238,8715,10809
27289.518,8716,10809
27294.163,8717,10811
27318.535,8718,10811
27318.694,8719,10811
27319.993,8720,10812
27320.817,8721,10812
27324.817,8722,10812
27325.066,8723,10812
27327.82,8724,10812
27329.08,8725,10812
27336.455,8726,10813
27355.017,8727,10813
27357.905,8728,10813
27358.119,8729,10814
27358.556,8730,10814
27361.607,8731,10815
27363.558,8732,10816
27373.161,8733,10816
27378.309,8734,10819
27380.884,8735,10819
27381.205,8736,10822
27384.272,8737,10822
27384.578,8738,10822
27384.725,8739,10822
27385.266,8740,10822
27385.311,8741,10822
27387.081,8742,10822
27389.554,8743,10822
27389.98,8744,10828
27397.767,8745,10828
27397.842,8746,10828
27398.038,8747,10828
27399.906,8748,10829
27404.311,8749,10829
27404.661,8750,10829
27417.026,8751,10829
27424.837,8752,10829
27439.074,8753,10829
27441.082,8754,10829
27441.57,8755,10829
27442.584,8756,10829
27443.164,8757,10829
27457.103,8758,10829
27457.122,8759,10829
27463.135,8760,10829
27463.683,8761,10829
27476.576,8762,10830
27480.742,8763,10830
27481.029,8764,10830
27483.222,8765,10830
27485.558,8766,10830
27487.126,8767,10830
27491.173,8768,10830
27511.364,8769,10831
27513.976,8770,10831
27514.983,8771,10834
27515.255,8772,10834
27516.891,8773,10834
27530.864,8774,10834
27531.005,8775,10834
27532.073,8776,10834
27532.277,8777,10834
27532.73,8778,10834
27533.397,8779,10834
27534.575,8780,10834
27535.274,8781,10834
27539.291,8782,10834
27540.753,8783,10834
27541.734,8784,10834
27545.95,8785,10834
27557.366,8786,10834
27559.635,8787,10834
27559.978,8788,10834
27562.66,8789,10834
27563.17,8790,10834
27563.364,8791,10834
27563.636,8792,10834
27564.696,8793,10834
27566.032,8794,10834
27566.778,8795,10834
27570.676,8796,10834
27570.712,8797,10834
27583.904,8798,10836
27588.018,8799,10836
27594.785,8800,10836
27595.801,8801,10836
27595.973,8802,10836
27596.066,8803,10836
27601.662,8804,10836
27605.215,8805,10836
27606.692,8806,10836
27614.577,8807,10836
27614.99,8808,10836
27615.164,8809,10836
27617.865,8810,10837
27627.325,8811,10837
27628.687,8812,10837
27629.561,8813,10837
27630.379,8814,10837
27632.259,8815,10837
27633.185,8816,10837
27637.681,8817,10837
27654.589,8818,10837
27655.695,8819,10837
27662.255,8820,10837
27665.411,8821,10837
27665.829,8822,10837
27665.922,8823,10837
27666.847,8824,10837
27667.476,8825,10837
27667.98,8826,10837
27673.804,8827,10837
27679.991,8828,10837
27680.128,8829,10837
27680.831,8830,10837
27680.85,8831,10837
27685.441,8832,10837
27687.622,8833,10837
27690.764,8834,10837
27694.128,8835,10837
27699.473,8836,10837
27702.826,8837,10837
27705.477,8838,10837
27727.782,8839,10837
27734.605,8840,10837
27742.39,8841,10837
27752.339,8842,10837
27760.838,8843,10837
27773.211,8844,10837
27773.26,8845,10837
27797.505,8846,10838
27798.326,8847,10840
27798.793,8848,10840
27822.467,8849,10840
27822.517,8850,10840
27822.864,8851,10840
27823.143,8852,10840
27824.14,8853,10840
27825.368,8854,10840
27829.279,8855,10840
27841.887,8856,10840
27842.214,8857,10840
27848.695,8858,10840
27850.533,8859,10840
27853.483,8860,10840
27873.246,8861,10840
27875.381,8862,10840
27880.855,8863,10840
27895.259,8864,10840
27895.808,8865,10840
27896.272,8866,10840
27897.243,8867,10840
27899.185,8868,10840
27899.664,8869,10840
27901.513,8870,10840
27902.531,8871,10840
27910.919,8872,10840
27925.853,8873,10840
27938.999,8874,10840
27939.838,8875,10840
27940.011,8876,10840
27967.559,8877,10840
27969.956,8878,10840
27970.368,8879,10840
27971.382,8880,10840
27978.775,8881,10840
27981.898,8882,10840
27982.048,8883,10840
27982.168,8884,10840
27982.391,8885,10840
27987.739,8886,10840
27989.94,8887,10840
27991.398,8888,10840
27992.053,8889,10840
27992.336,8890,10840
27995.074,8891,10840
27997.682,8892,10840
27998.235,8893,10840
28000.68,8894,10840
28005.134,8895,10840
28006.983,8896,10840
28011.271,8897,10841
28012.983,8898,10841
28026.273,8899,10841
28034.214,8900,10841
28034.229,8901,10841
28034.253,8902,10841
28034.361,8903,10841
28035.362,8904,10841
28035.86,8905,10841
28042.583,8906,10841
28063.062,8907,10841
28091.928,8908,10841
28092.868,8909,10841
28114.183,8910,10841
28140.496,8911,10841
28161.252,8912,10841
28161.638,8913,10850
28164.155,8914,10852
28174.495,8915,10852
28178.309,8916,10852
28180.825,8917,10852
28183.161,8918,10852
28186.844,8919,10852
28187.453,8920,10852
28188.052,8921,10852
28193.795,8922,10852
28204.145,8923,10852
28205.468,8924,10852
28219.432,8925,10852
28219.893,8926,10852
28220.435,8927,10852
28242.627,8928,10852
28242.774,8929,10852
28242.838,8930,10852
28243.455,8931,10852
28243.982,8932,10852
28244.336,8933,10852
28244.575,8934,10852
28245.512,8935,10852
28246.164,8936,10852
28246.431,8937,10852
28246.995,8938,10852
28247.038,8939,10852
28248.521,8940,10852
28251.873,8941,10852
28255.033,8942,10852
28256.977,8943,10852
28261.671,8944,10852
28261.927,8945,10852
28274.028,8946,10852
28274.425,8947,10852
28274.709,8948,10852
28284.996,8949,10852
28285.369,8950,10852
28285.406,8951,10853
28286.022,8952,10856
28286.206,8953,10856
28286.334,8954,10856
28288.362,8955,10857
28289.475,8956,10857
28289.636,8957,10857
28291.688,8958,10857
28295.266,8959,10857
28296.638,8960,10858
28307.927,8961,10858
28320.587,8962,10859
28327.694,8963,10859
28327.816,8964,10859
28327.856,8965,10859
28327.921,8966,10859
28327.961,8967,10862
28328.466,8968,10862
28329.186,8969,10862
28329.534,8970,10862
28329.87,8971,10864
28330.161,8972,10864
28330.906,8973,10864
28331.403,8974,10864
28332.63,8975,10864
28335.848,8976,10864
28350.514,8977,10864
28357.303,8978,10864
28373.913,8979,10864
28401.964,8980,10864
28411.181,8981,10870
28412.071,8982,10870
28421.03,8983,10870
28421.205,8984,10870
28422.196,8985,10870
28423.416,8986,10870
28425.528,8987,10870
28426.276,8988,10870
28433.363,8989,10870
28435.058,8990,10870
28438.209,8991,10872
28441.417,8992,10872
28451.194,8993,10872
28458.977,8994,10872
28460.824,8995,10872
28463.888,8996,10872
28478.592,8997,10872
28490.503,8998,10872
28491.441,8999,10872
28494.305,9000,10872
28495.929,9001,10872
28501.865,9002,10872
28506.103,9003,10872
28516.322,9004,10872
28516.912,9005,10872
28526.174,9006,10872
28536.621,9007,10872
28541.75,9008,10872
28543.569,9009,10872
28552.413,9010,10872
28552.494,9011,10872
28552.648,9012,10872
28552.824,9013,10872
28552.85,9014,10872
28553.377,9015,10872
28576.482,9016,10872
28576.573,9017,10872
28578.416,9018,10872
28578.48,9019,10872
28591.201,9020,10874
28592.962,9021,10874
28593.027,9022,10874
28618.987,9023,10874
28619.633,9024,10874
28626.447,9025,10874
28626.895,9026,10874
28631.565,9027,10875
28633.898,9028,10875
28639.59,9029,10875
28640.795,9030,10876
28641.475,9031,10876
28642.133,9032,10876
28659.768,9033,10876
28665.971,9034,10876
28667.529,9035,10876
28667.631,9036,10876
28668.922,9037,10876
28669.565,9038,10876
28670.557,9039,10876
28672.007,9040,10876
28674.805,9041,10876
28676.004,9042,10877
28676.366,9043,10877
28709.901,9044,10877
28710.663,9045,10877
28722.617,9046,10877
28722.923,9047,10877
28731.025,9048,10877
28732.621,9049,10877
28741.541,9050,10877
28744.351,9051,10877
28759.987,9052,10877
28765.631,9053,10877
28769.865,9054,10877
28785.757,9055,10877
28809.434,9056,10877
28813.81,9057,10877
28814.873,9058,10877
28816.806,9059,10877
28821.157,9060,10877
28823.088,9061,10877
28823.131,9062,10878
28823.567,9063,10878
28823.713,9064,10878
28823.746,9065,10878
28823.862,9066,10878
28825.259,9067,10878
28825.367,9068,10878
28825.452,9069,10878
28825.677,9070,10878
28826.989,9071,10878
28830.734,9072,10878
28834.2,9073,10878
28836.459,9074,10878
28838.581,9075,10878
28841.058,9076,10878
28843.831,9077,10878
28844.129,9078,10878
28857.123,9079,10881
28860.866,9080,10881
28871.204,9081,10881
28871.233,9082,10881
28874.823,9083,10881
28874.855,9084,10881
28877.045,9085,10881
28878.742,9086,10881
28894.084,9087,10881
28917.335,9088,10881
28933.565,9089,10881
28935.768,9090,10881
28943.016,9091,10881
28943.11,9092,10881
28945.708,9093,10881
28948.688,9094,10882
28955.614,9095,10882
28958.106,9096,10885
28958.841,9097,10885
28960.856,9098,10885
28978.682,9099,10885
28990.405,9100,10885
28990.439,9101,10885
29024.475,9102,10885
29031.249,9103,10885
29033.622,9104,10885
29037.604,9105,10885
29038.386,9106,10885
29038.938,9107,10885
29041.612,9108,10885
29046.748,9109,10885
29048.892,9110,10886
29059.509,9111,10886
29078.039,9112,10886
29089.92,9113,10886
29091.528,9114,10886
29096.351,9115,10886
29097.254,9116,10886
29098.632,9117,10886
29101.77,9118,10886
29103.021,9119,10886
29103.971,9120,10886
29112.35,9121,10886
29120.884,9122,10886
29142.697,9123,10886
29144.765,9124,10886
29147.055,9125,10887
29148.865,9126,10888
29156.535,9127,10888
29162.192,9128,10888
29184.278,9129,10888
29184.758,9130,10888
29189.866,9131,10889
29197.512,9132,10889
29197.868,9133,10889
29199.352,9134,10889
29201.681,9135,10889
29209.811,9136,10889
29224.625,9137,10889
29238.156,9138,10889
29241.42,9139,10889
29241.522,9140,10889
29241.834,9141,10889
29242.118,9142,10889
29243.33,9143,10889
29247.579,9144,10889
29251.851,9145,10889
29251.863,9146,10889
29254.128,9147,10889
29258.266,9148,10889
29258.873,9149,10889
29272.412,9150,10889
29274.938,9151,10889
29277.488,9152,10889
29278.327,9153,10889
29279.231,9154,10889
29288.376,9155,10889
29289.407,9156,10889
29290.228,9157,10889
29293.055,9158,10889
29304.608,9159,10889
29305.034,9160,10889
29316.964,9161,10890
29319.568,9162,10890
29325.092,9163,10890
29326.486,9164,10890
29326.592,9165,10912
29329.566,9166,10912
29330.288,9167,10912
29332.714,9168,10912
29338.056,9169,10912
29341.694,9170,10912
29342.187,9171,10912
29359.014,9172,10920
29359.105,9173,10922
29368.604,9174,10922
29369.896,9175,10922
29379.744,9176,10923
29381.961,9177,10925
29382.344,9178,10930
29384.702,9179,10930
29386.375,9180,10930
29391.445,9181,10930
29393.83,9182,10930
29397.14,9183,10930
29400.678,9184,10930
29411.276,9185,10932
29413.768,9186,10932
29413.927,9187,10932
29417.251,9188,10936
29417.607,9189,10936
29421.096,9190,10936
29434.774,9191,10936
29434.971,9192,10936
29460.344,9193,10936
29464.466,9194,10936
29472.142,9195,10936
29472.302,9196,10936
29472.365,9197,10936
29501.556,9198,10936
29502.734,9199,10936
29521.652,9200,10936
29525.394,9201,10936
29537.016,9202,10936
29551.873,9203,10936
29575.087,9204,10936
29575.368,9205,10936
29575.835,9206,10936
29578.209,9207,10936
29585.46,9208,10936
29588.549,9209,10936
29593.479,9210,10936
29628.762,9211,10936
29628.842,9212,10936
29629.14,9213,10936
29629.998,9214,10936
29630.072,9215,10936
29634.176,9216,10936
29638.176,9217,10936
29644.971,9218,10936
29684.547,9219,10936
29684.563,9220,10936
29685.351,9221,10939
29685.546,9222,10939
29689.049,9223,10939
29692.506,9224,10939
29706.495,9225,10939
29727.4,9226,10939
29747.223,9227,10939
29748.392,9228,10939
29748.475,9229,10939
29752.677,9230,10939
29752.768,9231,10940
29777.973,9232,10940
29785.049,9233,10940
29785.335,9234,10941
29788.254,9235,10941
29789.286,9236,10941
29789.584,9237,10941
29804.379,9238,10941
29804.612,9239,10941
29807.099,9240,10941
29815.783,9241,10941
29817.168,9242,10941
29819.651,9243,10941
29841.768,9244,10941
29849.197,9245,10941
29851.846,9246,10941
29854.283,9247,10941
29858.807,9248,10941
29873.491,9249,10941
29874.184,9250,10941
29892.977,9251,10941
29893.038,9252,10941
29893.753,9253,10941
29895.676,9254,10941
29896.067,9255,10941
29903.748,9256,10941
29904.241,9257,10941
29906.13,9258,10941
29907.746,9259,10941
29907.99,9260,10941
29917.492,9261,10941
29917.509,9262,10941
29920.141,9263,10941
29936.867,9264,10941
29938.426,9265,10941
29948.617,9266,10941
29959.453,9267,10941
29961.362,9268,10941
30018.486,9269,10941
30018.504,9270,10941
30018.568,9271,10941
30018.979,9272,10941
30021.492,9273,10941
30021.533,9274,10941
30022.474,9275,10941
30023.417,9276,10941
30026.054,9277,10941
30026.263,9278,10941
30033.42,9279,10941
30033.705,9280,10941
30035.045,9281,10941
30036.0,9282,10941
30043.388,9283,10941
30049.188,9284,10941
30050.484,9285,10941
30051.441,9286,10941
30052.581,9287,10942
30057.254,9288,10942
30057.628,9289,10942
30085.404,9290,10943
30092.747,9291,10943
30102.239,9292,10943
30102.309,9293,10943
30104.677,9294,10943
30117.168,9295,10943
30129.862,9296,10943
30131.874,9297,10943
30144.723,9298,10943
30147.538,9299,10943
30147.77,9300,10943
30147.889,9301,10943
30162.931,9302,10943
30185.334,9303,10943
30185.499,9304,10943
30187.666,9305,10943
30187.938,9306,10943
30191.566,9307,10943
30192.476,9308,10944
30197.192,9309,10944
30198.243,9310,10944
30204.5,9311,10944
30239.887,9312,10944
30256.349,9313,10944
30264.539,9314,10944
30266.914,9315,10944
30272.229,9316,10944
30275.135,9317,10944
30276.15,9318,10945
30276.244,9319,10945
30279.363,9320,10945
30280.599,9321,10945
30290.233,9322,10945
30290.313,9323,10945
30291.444,9324,10945
30298.147,9325,10945
30298.167,9326,10945
30298.47,9327,10945
30298.717,9328,10945
30300.543,9329,10945
30300.623,9330,10945
30303.629,9331,10945
30307.24,9332,10945
30309.262,9333,10959
30309.705,9334,10967
30312.192,9335,10967
30312.733,9336,10969
30315.652,9337,10969
30320.21,9338,10969
30320.979,9339,10969
30330.333,9340,10969
30331.276,9341,10969
30335.553,9342,10970
30337.149,9343,10970
30339.069,9344,10976
30345.031,9345,10976
30352.528,9346,10976
30354.698,9347,10977
30357.962,9348,10977
30358.084,9349,10977
30358.315,9350,10977
30413.697,9351,10977
30413.764,9352,10977
30413.786,9353,10977
30413.871,9354,10977
30414.597,9355,10977
30420.785,9356,10977
30422.091,9357,10977
30426.912,9358,10977
30428.334,9359,10977
30436.711,9360,10977
30437.145,9361,10977
30453.695,9362,10977
30454.576,9363,10986
30454.779,9364,10986
30455.007,9365,10986
30463.902,9366,10986
30467.941,9367,10986
30469.139,9368,10989
30473.026,9369,10990
30476.769,9370,10990
30480.993,9371,10990
30482.768,9372,10990
30484.336,9373,10990
30494.833,9374,10990
30495.072,9375,10990
30495.136,9376,10990
30496.059,9377,10990
30496.557,9378,10990
30497.116,9379,10990
30499.452,9380,10990
30500.697,9381,10990
30501.869,9382,10990
30505.712,9383,10990
30519.272,9384,10990
30523.453,9385,10991
30548.17,9386,10991
30549.4,9387,10991
30553.226,9388,10991
30567.097,9389,10991
30567.979,9390,10991
30584.529,9391,10991
30587.155,9392,10991
30589.484,9393,10991
30605.542,9394,10991
30610.172,9395,10991
30610.606,9396,10991
30635.921,9397,10991
30637.984,9398,10991
30638.592,9399,10991
30638.832,9400,10991
30664.644,9401,10991
30690.982,9402,10991
30692.808,9403,10991
30693.01,9404,10991
30713.604,9405,10991
30724.999,9406,10991
30752.783,9407,10993
30753.235,9408,10993
30761.001,9409,10994
30762.533,9410,10994
30796.037,9411,10994
30813.829,9412,10994
30823.366,9413,10999
30833.361,9414,10999
30833.995,9415,10999
30834.492,9416,10999
30835.852,9417,10999
30836.518,9418,10999
30837.693,9419,10999
30852.933,9420,10999
30856.86,9421,10999
30857.224,9422,10999
30862.113,9423,10999
30862.132,9424,10999
30880.547,9425,10999
30890.449,9426,10999
30906.385,9427,10999
30935.246,9428,10999
30944.616,9429,10999
30944.962,9430,10999
30945.447,9431,10999
30947.176,9432,10999
30961.173,9433,10999
30981.548,9434,10999
30983.07,9435,10999
30985.439,9436,10999
30993.041,9437,11000
31038.741,9438,11000
31041.832,9439,11000
31065.973,9440,11000
31082.18,9441,11000
31083.648,9442,11000
31084.83,9443,11000
31086.223,9444,11000
31086.364,9445,11000
31087.907,9446,11000
31091.313,9447,11000
31099.772,9448,11000
31104.238,9449,11000
31113.392,9450,11001
31113.556,9451,11002
31114.27,9452,11003
31116.236,9453,11004
31137.27,9454,11004
31151.844,9455,11005
31190.433,9456,11005
31190.747,9457,11005
31191.185,9458,11005
31191.315,9459,11005
31191.903,9460,11005
31200.517,9461,11005
31203.24,9462,11005
31212.192,9463,11005
31215.186,9464,11005
31236.377,9465,11005
31257.044,9466,11005
31257.078,9467,11005
31260.21,9468,11005
31260.353,9469,11005
31260.91,9470,11005
31261.362,9471,11005
31265.146,9472,11006
31268.596,9473,11006
31276.579,9474,11006
31289.22,9475,11006
31292.985,9476,11006
31297.393,9477,11006
31302.216,9478,11006
31309.359,9479,11007
31312.624,9480,11007
31338.381,9481,11007
31351.71,9482,11007
31352.332,9483,11007
31366.957,9484,11007
31367.791,9485,11007
31372.423,9486,11007
31414.804,9487,11007
31419.242,9488,11007
31419.288,9489,11007
31425.81,9490,11007
31438.335,9491,11007
31439.179,9492,11007
31442.547,9493,11007
31443.481,9494,11007
31443.612,9495,11007
31453.016,9496,11007
31454.12,9497,11007
31455.118,9498,11007
31516.744,9499,11007
31520.326,9500,11007
31520.842,9501,11007
31535.672,9502,11007
31537.638,9503,11009
31538.944,9504,11009
31540.27,9505,11009
31547.993,9506,11009
31559.25,9507,11009
31560.444,9508,11009
31563.241,9509,11009
31572.023,9510,11009
31577.259,9511,11009
31587.922,9512,11009
31588.687,9513,11009
31613.889,9514,11009
31647.136,9515,11009
31668.101,9516,11009
31669.146,9517,11009
31669.906,9518,11009
31680.809,9519,11009
31681.733,9520,11009
31689.653,9521,11010
31691.351,9522,11010
31692.336,9523,11010
31714.868,9524,11010
31715.748,9525,11010
31716.055,9526,11010
31717.324,9527,11010
31720.253,9528,11010
31721.069,9529,11010
31723.813,9530,11010
31731.59,9531,11010
31732.078,9532,11010
31750.334,9533,11010
31752.051,9534,11011
31782.191,9535,11011
31868.029,9536,11011
31872.695,9537,11011
31873.668,9538,11011
31877.561,9539,11011
31891.963,9540,11011
31897.454,9541,11011
31901.553,9542,11012
31902.298,9543,11012
31902.313,9544,11012
31902.354,9545,11012
31903.223,9546,11012
31904.185,9547,11013
31906.903,9548,11014
31911.554,9549,11020
31936.176,9550,11020
31936.406,9551,11020
31936.852,9552,11022
31944.611,9553,11022
31944.728,9554,11022
31951.384,9555,11022
31968.469,9556,11022
31980.798,9557,11022
31981.096,9558,11022
31987.41,9559,11022
31988.586,9560,11024
31994.864,9561,11024
32014.885,9562,11024
32039.544,9563,11025
32044.048,9564,11025
32045.608,9565,11025
32050.055,9566,11025
32084.542,9567,11025
32104.199,9568,11026
32120.048,9569,11026
32122.926,9570,11026
32150.701,9571,11026
32157.837,9572,11026
32160.278,9573,11032
32161.271,9574,11032
32161.458,9575,11033
32162.123,9576,11033
32162.37,9577,11033
32162.658,9578,11033
32163.653,9579,11035
32173.298,9580,11035
32173.541,9581,11035
32173.838,9582,11035
32173.888,9583,11035
32176.981,9584,11035
32178.93,9585,11035
32184.809,9586,11035
32192.285,9587,11035
32194.89,9588,11035
32243.668,9589,11035
32243.691,9590,11035
32243.711,9591,11035
32243.731,9592,11036
32243.822,9593,11036
32247.312,9594,11036
32248.227,9595,11037
32250.664,9596,11038
32252.793,9597,11039
32253.562,9598,11040
32260.425,9599,11041
32261.997,9600,11041
32264.746,9601,11041
32272.79,9602,11041
32275.148,9603,11041
32275.265,9604,11041
32275.462,9605,11041
32294.639,9606,11041
32294.748,9607,11041
32296.091,9608,11041
32300.575,9609,11041
32305.754,9610,11041
32322.21,9611,11041
32327.319,9612,11041
32327.714,9613,11041
32337.834,9614,11041
32339.394,9615,11041
32360.967,9616,11041
32362.119,9617,11041
32369.432,9618,11041
32376.816,9619,11042
32377.052,9620,11043
32377.071,9621,11043
32379.17,9622,11044
32379.786,9623,11045
32389.448,9624,11046
32389.924,9625,11047
32411.344,9626,11047
32424.113,9627,11047
32425.586,9628,11047
32442.975,9629,11047
32443.096,9630,11047
32443.239,9631,11047
32445.147,9632,11048
32445.455,9633,11048
32447.382,9634,11048
32447.641,9635,11048
32449.172,9636,11048
32450.534,9637,11052
32455.668,9638,11052
32457.224,9639,11052
32457.613,9640,11052
32465.672,9641,11052
32469.056,9642,11052
32473.89,9643,11052
32474.637,9644,11052
32476.66,9645,11052
32479.263,9646,11052
32481.961,9647,11052
32512.649,9648,11052
32513.503,9649,11052
32519.092,9650,11052
32519.994,9651,11052
32523.916,9652,11052
32527.408,9653,11052
32528.1,9654,11052
32528.654,9655,11052
32529.513,9656,11052
32533.158,9657,11052
32534.882,9658,11052
32540.805,9659,11052
32541.198,9660,11052
32551.804,9661,11052
32568.85,9662,11059
32589.888,9663,11059
32590.198,9664,11059
32610.918,9665,11060
32617.38,9666,11060
32622.835,9667,11060
32622.993,9668,11060
32623.864,9669,11060
32624.453,9670,11061
32628.216,9671,11061
32630.649,9672,11061
32632.175,9673,11061
32633.525,9674,11061
32636.119,9675,11061
32641.409,9676,11061
32642.95,9677,11061
32655.263,9678,11061
32655.516,9679,11061
32672.081,9680,11067
32674.135,9681,11073
32679.043,9682,11073
32680.571,9683,11073
32680.857,9684,11073
32682.597,9685,11073
32684.188,9686,11073
32688.472,9687,11073
32693.284,9688,11073
32699.017,9689,11074
32702.816,9690,11075
32713.397,9691,11075
32732.619,9692,11075
32736.567,9693,11075
32736.714,9694,11075
32755.259,9695,11075
32759.995,9696,11075
32760.393,9697,11075
32783.5,9698,11075
32784.349,9699,11075
32809.309,9700,11076
32814.667,9701,11076
32818.277,9702,11076
32818.555,9703,11076
32818.617,9704,11076
32824.085,9705,11076
32889.988,9706,11076
32905.721,9707,11076
32905.949,9708,11076
32909.107,9709,11076
32916.611,9710,11076
32927.878,9711,11076
32950.054,9712,11076
32956.475,9713,11076
32958.008,9714,11076
32958.156,9715,11076
32959.602,9716,11076
32961.663,9717,11076
32967.417,9718,11076
32977.098,9719,11076
32982.186,9720,11076
32982.86,9721,11076
32992.631,9722,11076
32996.639,9723,11076
32997.196,9724,11077
33032.818,9725,11077
33065.552,9726,11077
33085.793,9727,11077
33093.939,9728,11077
33095.243,9729,11077
33107.872,9730,11077
33119.488,9731,11077
33120.07,9732,11077
33121.952,9733,11077
33171.568,9734,11077
33176.89,9735,11077
33177.791,9736,11077
33179.605,9737,11077
33179.748,9738,11077
33212.709,9739,11077
33214.863,9740,11077
33214.936,9741,11077
33214.976,9742,11077
33215.175,9743,11077
33215.481,9744,11077
33216.62,9745,11077
33217.697,9746,11077
33219.32,9747,11077
33220.897,9748,11077
33223.918,9749,11077
33225.608,9750,11077
33226.123,9751,11077
33234.591,9752,11077
33237.656,9753,11077
33238.844,9754,11077
33240.13,9755,11077
33240.809,9756,11077
33241.624,9757,11077
33254.04,9758,11077
33282.472,9759,11077
33288.997,9760,11077
33314.26,9761,11077
33315.807,9762,11077
33316.43,9763,11077
33316.448,9764,11077
33317.39,9765,11077
33319.652,9766,11077
33325.651,9767,11077
33331.4,9768,11077
33354.858,9769,11077
33354.928,9770,11077
33355.367,9771,11077
33355.417,9772,11077
33355.783,9773,11077
33355.796,9774,11077
33359.143,9775,11077
33369.692,9776,11077
33413.889,9777,11077
33416.255,9778,11077
33426.546,9779,11077
33427.281,9780,11077
33429.108,9781,11077
33432.892,9782,11077
33445.926,9783,11077
33495.002,9784,11077
33525.751,9785,11077
33525.846,9786,11077
33528.722,9787,11077
33528.868,9788,11077
33529.408,9789,11077
33529.474,9790,11077
33538.837,9791,11077
33554.861,9792,11077
33555.593,9793,11077
33556.969,9794,11077
33562.386,9795,11077
33564.552,9796,11077
33568.093,9797,11077
33572.588,9798,11077
33593.966,9799,11077
33607.514,9800,11077
33609.385,9801,11077
33613.893,9802,11077
33614.441,9803,11077
33616.333,9804,11077
33621.539,9805,11077
33678.265,9806,11077
33679.224,9807,11077
33680.523,9808,11077
33683.014,9809,11077
33686.693,9810,11077
33689.444,9811,11077
33693.148,9812,11077
33694.485,9813,11077
33699.352,9814,11077
33707.883,9815,11077
33715.032,9816,11077
33719.871,9817,11077
33720.932,9818,11077
33724.342,9819,11077
33725.964,9820,11077
33726.368,9821,11077
33754.542,9822,11077
33765.933,9823,11077
33782.414,9824,11078
33782.506,9825,11078
33782.754,9826,11078
33787.685,9827,11078
33788.485,9828,11079
33796.01,9829,11079
33815.128,9830,11079
33834.772,9831,11079
33834.91,9832,11079
33840.72,9833,11079
33901.862,9834,11079
33902.758,9835,11079
33903.896,9836,11079
33906.091,9837,11082
33937.433,9838,11082
33945.929,9839,11082
33953.144,9840,11082
33960.718,9841,11082
33961.307,9842,11082
33962.678,9843,11082
33963.619,9844,11082
33973.792,9845,11082
33976.401,9846,11082
33977.284,9847,11082
33981.027,9848,11082
34006.475,9849,11082
34021.822,9850,11082
34023.068,9851,11082
34023.526,9852,11082
34026.29,9853,11082
34044.704,9854,11082
34053.007,9855,11082
34053.469,9856,11082
34080.707,9857,11082
34080.798,9858,11082
34084.352,9859,11082
34084.464,9860,11083
34087.253,9861,11083
34089.911,9862,11083
34090.598,9863,11083
34098.38,9864,11083
34098.885,9865,11084
34111.674,9866,11084
34111.704,9867,11084
34162.621,9868,11084
34164.384,9869,11084
34181.909,9870,11084
34189.377,9871,11084
34195.042,9872,11084
34197.925,9873,11084
34217.034,9874,11086
34217.387,9875,11086
34219.852,9876,11086
34224.951,9877,11086
34252.495,9878,11086
34259.18,9879,11086
34265.752,9880,11086
34299.862,9881,11086
34313.359,9882,11086
34316.376,9883,11086
34316.466,9884,11086
34316.518,9885,11086
34316.542,9886,11086
34316.727,9887,11086
34317.22,9888,11086
34317.769,9889,11086
34319.472,9890,11086
34325.334,9891,11086
34330.824,9892,11086
34331.997,9893,11086
34337.935,9894,11086
34345.101,9895,11086
34364.456,9896,11086
34365.851,9897,11086
34370.45,9898,11086
34371.1,9899,11086
34395.416,9900,11086
34397.234,9901,11086
34438.973,9902,11086
34439.085,9903,11086
34439.214,9904,11087
34439.544,9905,11087
34440.475,9906,11087
34444.464,9907,11087
34450.798,9908,11087
34456.501,9909,11088
34456.952,9910,11088
34494.234,9911,11088
34495.431,9912,11088
34559.544,9913,11088
34562.758,9914,11088
34580.834,9915,11088
34587.862,9916,11088
34595.768,9917,11092
34596.577,9918,11093
34600.991,9919,11094
34618.197,9920,11094
34619.232,9921,11094
34631.887,9922,11094
34641.519,9923,11094
34653.637,9924,11094
34653.656,9925,11094
34653.863,9926,11094
34659.659,9927,11094
34661.485,9928,11094
34662.065,9929,11094
34665.202,9930,11094
34671.003,9931,11094
34675.903,9932,11094
34676.645,9933,11094
34697.651,9934,11094
34698.704,9935,11094
34699.573,9936,11094
34759.967,9937,11094
34765.641,9938,11094
34783.988,9939,11094
34786.742,9940,11094
34786.961,9941,11094
34787.028,9942,11094
34788.344,9943,11094
34790.506,9944,11094
34806.769,9945,11094
34814.067,9946,11094
34814.116,9947,11094
34829.07,9948,11094
34865.756,9949,11094
34867.815,9950,11094
34873.38,9951,11094
34887.863,9952,11094
34887.994,9953,11094
34888.091,9954,11096
34897.548,9955,11097
34910.88,9956,11097
34912.413,9957,11097
34921.624,9958,11097
34921.644,9959,11097
34934.049,9960,11097
34945.773,9961,11097
34947.168,9962,11097
34947.632,9963,11097
34947.82,9964,11097
34965.206,9965,11097
34974.916,9966,11097
34978.5,9967,11097
34985.112,9968,11097
34998.852,9969,11098
35004.75,9970,11098
35022.834,9971,11098
35029.118,9972,11099
35030.496,9973,11099
35036.153,9974,11099
35045.869,9975,11099
35057.5,9976,11099
35128.126,9977,11100
35151.798,9978,11100
35151.82,9979,11100
35151.873,9980,11100
35151.913,9981,11100
35151.967,9982,11100
35151.99,9983,11100
35152.413,9984,11100
35153.205,9985,11100
35153.253,9986,11101
35158.757,9987,11101
35163.426,9988,11101
35169.615,9989,11101
35198.317,9990,11101
35217.661,9991,11101
35237.485,9992,11101
35239.281,9993,11102
35243.109,9994,11102
35244.193,9995,11102
35245.432,9996,11102
35247.034,9997,11102
35247.356,9998,11102
35251.911,9999,11103
35264.887,10000,11103
35265.296,10001,11103
35269.605,10002,11104
35279.152,10003,11104
35280.14,10004,11104
35282.053,10005,11104
35282.751,10006,11104
35282.866,10007,11104
35288.687,10008,11104
35306.428,10009,11104
35307.235,10010,11104
35316.84,10011,11104
35317.77,10012,11104
35323.999,10013,11104
35341.806,10014,11104
35388.27,10015,11104
35388.572,10016,11104
35406.335,10017,11104
35442.367,10018,11104
35442.403,10019,11104
35443.485,10020,11104
35465.301,10021,11104
35468.334,10022,11104
35469.162,10023,11104
35471.095,10024,11104
35471.151,10025,11104
35478.321,10026,11104
35484.6,10027,11104
35488.088,10028,11104
35488.493,10029,11104
35504.267,10030,11104
35504.289,10031,11104
35504.462,10032,11104
35504.767,10033,11104
35506.212,10034,11104
35527.584,10035,11104
35534.75,10036,11104
35549.219,10037,11104
35620.663,10038,11104
35620.761,10039,11104
35641.043,10040,11105
35641.188,10041,11105
35641.363,10042,11106
35641.89,10043,11106
35643.117,10044,11106
35645.04,10045,11106
35645.085,10046,11106
35648.482,10047,11106
35655.989,10048,11106
35656.565,10049,11106
35658.017,10050,11107
35663.734,10051,11107
35668.78,10052,11107
35671.308,10053,11107
35671.933,10054,11107
35672.148,10055,11107
35672.892,10056,11107
35684.025,10057,11107
35684.187,10058,11107
35684.616,10059,11107
35685.209,10060,11107
35693.281,10061,11108
35694.389,10062,11108
35695.086,10063,11108
35698.402,10064,11108
35710.199,10065,11108
35723.998,10066,11108
35735.136,10067,11109
35735.257,10068,11109
35738.992,10069,11109
35739.255,10070,11109
35739.572,10071,11109
35740.129,10072,11109
35740.537,10073,11109
35741.373,10074,11109
35743.082,10075,11109
35745.095,10076,11109
35747.798,10077,11109
35747.822,10078,11109
35750.819,10079,11109
35751.089,10080,11109
35752.049,10081,11109
35752.649,10082,11109
35754.52,10083,11109
35762.831,10084,11109
35770.472,10085,11109
35770.628,10086,11109
35773.573,10087,11109
35774.767,10088,11110
35775.691,10089,11110
35776.436,10090,11110
35776.465,10091,11110
35776.521,10092,11110
35779.79,10093,11110
35779.876,10094,11110
35807.888,10095,11110
35819.389,10096,11110
35828.114,10097,11110
35830.227,10098,11110
35839.448,10099,11110
35839.6,10100,11110
35840.914,10101,11110
35841.981,10102,11110
35843.778,10103,11110
35852.924,10104,11111
35859.904,10105,11111
35871.385,10106,11111
35871.465,10107,11111
35871.48,10108,11111
35871.676,10109,11120
35871.692,10110,11120
35871.924,10111,11120
35871.995,10112,11120
35872.054,10113,11120
35872.091,10114,11120
35872.161,10115,11120
35872.258,10116,11120
35872.315,10117,11120
35872.328,10118,11120
35872.344,10119,11120
35872.59,10120,11120
35872.756,10121,11120
35873.516,10122,11120
35873.756,10123,11120
35873.895,10124,11120
35876.466,10125,11120
35876.879,10126,11120
35879.816,10127,11120
35879.937,10128,11120
35879.991,10129,11120
35880.497,10130,11120
35886.687,10131,11120
35892.726,10132,11120
35898.07,10133,11120
35901.282,10134,11120
35915.039,10135,11123
35918.845,10136,11124
35918.941,10137,11139
35937.879,10138,11139
35963.395,10139,11139
35997.326,10140,11139
36023.211,10141,11179
36029.087,10142,11179
36031.902,10143,11179
36033.931,10144,11180
36033.987,10145,11183
36034.0,10146,11183
36034.151,10147,11183
36034.23,10148,11183
36034.352,10149,11183
36034.367,10150,11184
36034.494,10151,11185
36034.661,10152,11187
36035.682,10153,11189
36035.772,10154,11194
36036.174,10155,11197
36036.244,10156,11197
36036.496,10157,11197
36036.707,10158,11197
36036.734,10159,11197
36036.823,10160,11197
36036.845,10161,11197
36037.155,10162,11198
36037.494,10163,11198
36037.764,10164,11198
36038.133,10165,11210
36038.924,10166,11210
36039.205,10167,11210
36039.719,10168,11212
36041.258,10169,11212
36041.754,10170,11212
36042.01,10171,11212
36042.159,10172,11212
36043.39,10173,11214
36043.741,10174,11215
36043.944,10175,11215
36044.164,10176,11215
36044.292,10177,11217
36044.338,10178,11217
36045.191,10179,11217
36046.545,10180,11217
36047.097,10181,11217
36047.566,10182,11217
36048.87,10183,11217
36049.692,10184,11217
36049.707,10185,11217
36057.757,10186,11217
36059.386,10187,11218
36060.248,10188,11218
36061.018,10189,11218
36061.043,10190,11218
36061.18,10191,11218
36062.388,10192,11218
36063.856,10193,11218
36068.683,10194,11218
36073.331,10195,11218
36080.697,10196,11218
36082.823,10197,11218
36085.643,10198,11218
36090.803,10199,11218
36094.398,10200,11218
36099.904,10201,11218
36100.1,10202,11219
36100.651,10203,11220
36107.624,10204,11220
36111.713,10205,11220
36111.881,10206,11220
36111.999,10207,11220
36122.278,10208,11220
36125.91,10209,11221
36126.184,10210,11221
36129.152,10211,11221
36129.233,10212,11221
36130.184,10213,11221
36130.419,10214,11221
36130.475,10215,11221
36133.795,10216,11221
36133.822,10217,11221
36133.881,10218,11221
36133.9,10219,11228
36134.738,10220,11228
36137.753,10221,11228
36140.605,10222,11228
36145.469,10223,11229
36146.696,10224,11229
36146.917,10225,11229
36149.583,10226,11229
36150.597,10227,11229
36154.841,10228,11229
36156.813,10229,11229
36204.302,10230,11229
36204.597,10231,11229
36204.66,10232,11229
36205.368,10233,11229
36205.709,10234,11229
36210.207,10235,11229
36210.32,10236,11229
36218.433,10237,11229
36222.847,10238,11229
36224.749,10239,11229
36228.8,10240,11229
36229.149,10241,11229
36229.2,10242,11229
36229.487,10243,11229
36229.817,10244,11229
36229.938,10245,11229
36231.144,10246,11229
36233.32,10247,11229
36233.666,10248,11229
36235.9,10249,11229
36247.235,10250,11229
36252.185,10251,11229
36252.331,10252,11229
36252.346,10253,11229
36252.411,10254,11229
36252.779,10255,11229
36254.112,10256,11229
36254.132,10257,11229
36254.237,10258,11229
36254.349,10259,11229
36254.638,10260,11229
36254.924,10261,11229
36257.394,10262,11229
36260.187,10263,11229
36260.332,10264,11229
36277.57,10265,11229
36304.404,10266,11229
36310.424,10267,11229
36310.476,10268,11229
36310.651,10269,11229
36312.452,10270,11229
36313.093,10271,11229
36315.612,10272,11230
36320.182,10273,11230
36320.562,10274,11230
36321.739,10275,11230
36322.748,10276,11230
36326.629,10277,11230
36345.225,10278,11230
36347.247,10279,11230
36347.283,10280,11230
36352.818,10281,11230
36360.166,10282,11230
36364.965,10283,11230
36365.002,10284,11230
36365.017,10285,11230
36365.26,10286,11230
36365.417,10287,11230
36365.551,10288,11230
36365.787,10289,11230
36367.205,10290,11230
36371.901,10291,11230
36373.036,10292,11230
36376.638,10293,11230
36385.454,10294,11230
36390.428,10295,11230
36391.105,10296,11230
36393.888,10297,11230
36398.405,10298,11230
36398.923,10299,11230
36404.493,10300,11231
36419.997,10301,11231
36433.493,10302,11231
36438.199,10303,11231
36438.509,10304,11231
36463.37,10305,11231
36465.739,10306,11232
36466.639,10307,11232
36468.944,10308,11232
36481.079,10309,11233
36483.33,10310,11233
36489.642,10311,11233
36489.689,10312,11235
36492.761,10313,11241
36502.066,10314,11241
36502.513,10315,11241
36502.828,10316,11241
36502.909,10317,11241
36503.319,10318,11241
36503.908,10319,11241
36508.225,10320,11241
36511.888,10321,11241
36513.193,10322,11241
36513.337,10323,11241
36513.684,10324,11243
36514.084,10325,11243
36514.191,10326,11245
36515.998,10327,11245
36518.299,10328,11245
36535.996,10329,11245
36568.239,10330,11245
36600.096,10331,11245
36604.714,10332,11245
36627.875,10333,11245
36656.141,10334,11245
36665.569,10335,11245
36673.766,10336,11245
36678.808,10337,11245
36678.881,10338,11245
36680.324,10339,11245
36703.201,10340,11245
36704.282,10341,11245
36725.387,10342,11245
36732.631,10343,11245
36734.765,10344,11245
36735.143,10345,11245
36768.394,10346,11245
36768.459,10347,11245
36771.958,10348,11245
36773.579,10349,11245
36800.115,10350,11245
36800.127,10351,11245
36800.418,10352,11247
36802.293,10353,11247
36804.191,10354,11247
36806.483,10355,11249
36820.944,10356,11250
36823.108,10357,11250
36835.265,10358,11250
36835.911,10359,11250
36843.481,10360,11250
36843.926,10361,11250
36854.095,10362,11250
36856.259,10363,11252
36856.353,10364,11252
36857.222,10365,11252
36858.496,10366,11252
36860.042,10367,11252
36872.991,10368,11252
36897.333,10369,11252
36922.356,10370,11252
36926.705,10371,11252
36932.64,10372,11252
36950.165,10373,11252
36952.388,10374,11252
36959.011,10375,11252
36959.845,10376,11252
36959.984,10377,11252
36967.594,10378,11252
36986.263,10379,11252
36986.543,10380,11252
36987.076,10381,11252
36987.633,10382,11252
36990.188,10383,11252
36992.95,10384,11252
36994.027,10385,11252
37020.371,10386,11252
37020.505,10387,11252
37021.873,10388,11252
37022.101,10389,11253
37023.962,10390,11254
37029.512,10391,11254
37062.116,10392,11254
37066.759,10393,11254
37066.799,10394,11254
37075.158,10395,11254
37116.209,10396,11254
37124.528,10397,11254
37124.602,10398,11254
37136.016,10399,11254
37138.634,10400,11254
37140.008,10401,11254
37141.419,10402,11254
37141.483,10403,11254
37141.985,10404,11254
37143.156,10405,11254
37147.461,10406,11254
37148.562,10407,11254
37152.555,10408,11254
37157.594,10409,11254
37165.374,10410,11254
37171.443,10411,11254
37219.378,10412,11254
37223.54,10413,11254
37225.494,10414,11254
37228.075,10415,11254
37232.743,10416,11254
37279.08,10417,11254
37281.533,10418,11256
37286.013,10419,11258
37295.901,10420,11258
37296.195,10421,11258
37296.243,10422,11258
37296.328,10423,11258
37297.203,10424,11258
37299.945,10425,11258
37307.277,10426,11258
37309.529,10427,11258
37310.472,10428,11258
37312.535,10429,11258
37325.953,10430,11258
37327.246,10431,11258
37336.272,10432,11258
37338.34,10433,11259
37345.721,10434,11259
37350.305,10435,11259
37351.959,10436,11259
37352.192,10437,11259
37352.663,10438,11259
37353.428,10439,11259
37357.361,10440,11259
37391.897,10441,11259
37391.957,10442,11259
37392.09,10443,11259
37392.138,10444,11259
37392.805,10445,11259
37393.443,10446,11259
37398.588,10447,11259
37406.279,10448,11259
37410.948,10449,11259
37425.998,10450,11259
37477.219,10451,11259
37478.114,10452,11259
37540.408,10453,11259
37546.474,10454,11259
37546.636,10455,11261
37583.827,10456,11261
37602.338,10457,11261
37612.159,10458,11261
37612.709,10459,11261
37613.676,10460,11262
37613.91,10461,11262
37703.145,10462,11262
37704.0,10463,11262
37704.179,10464,11262
37705.852,10465,11262
37715.489,10466,11262
37715.519,10467,11262
37715.762,10468,11262
37724.194,10469,11262
37775.839,10470,11262
37778.198,10471,11262
37778.336,10472,11262
37778.96,10473,11262
37779.674,10474,11262
37780.544,10475,11262
37781.097,10476,11262
37781.57,10477,11262
37783.34,10478,11262
37787.179,10479,11262
37787.349,10480,11262
37789.265,10481,11262
37799.586,10482,11262
37820.569,10483,11262
37823.128,10484,11263
37824.19,10485,11263
37850.057,10486,11264
37859.063,10487,11264
37873.193,10488,11264
37874.157,10489,11264
37876.582,10490,11264
37888.597,10491,11264
37922.463,10492,11264
37933.906,10493,11264
37955.81,10494,11264
37983.056,10495,11265
37983.354,10496,11265
37986.054,10497,11265
37988.145,10498,11265
37989.994,10499,11265
37990.32,10500,11266
38000.806,10501,11266
38007.255,10502,11266
38022.443,10503,11266
38022.587,10504,11266
38028.273,10505,11266
38030.268,10506,11266
38033.756,10507,11268
38035.191,10508,11268
38040.531,10509,11268
38040.802,10510,11268
38043.129,10511,11268
38051.184,10512,11268
38063.795,10513,11268
38097.048,10514,11268
38098.065,10515,11268
38114.842,10516,11268
38115.043,10517,11268
38120.066,10518,11268
38177.553,10519,11268
38177.599,10520,11268
38179.768,10521,11268
38193.158,10522,11268
38222.907,10523,11268
38228.737,10524,11268
38248.539,10525,11268
38249.859,10526,11268
38250.657,10527,11268
38274.309,10528,11268
38314.165,10529,11268
38325.964,10530,11268
38327.123,10531,11268
38328.707,10532,11268
38339.24,10533,11268
38347.828,10534,11268
38348.062,10535,11269
38349.631,10536,11271
38351.904,10537,11272
38353.225,10538,11272
38363.559,10539,11272
38368.879,10540,11273
38381.56,10541,11273
38385.67,10542,11274
38385.755,10543,11274
38385.945,10544,11275
38387.598,10545,11276
38387.716,10546,11277
38387.903,10547,11278
38388.301,10548,11279
38394.676,10549,11280
38400.201,10550,11281
38411.62,10551,11282
38415.975,10552,11283
38416.411,10553,11284
38416.651,10554,11285
38416.869,10555,11285
38417.223,10556,11286
38418.276,10557,11287
38418.318,10558,11288
38418.631,10559,11289
38419.663,10560,11289
38421.596,10561,11290
38422.196,10562,11291
38422.508,10563,11292
38427.004,10564,11293
38430.224,10565,11294
38432.034,10566,11294
38434.903,10567,11295
38440.899,10568,11295
38452.852,10569,11295
38453.204,10570,11295
38457.483,10571,11295
38459.832,10572,11295
38461.476,10573,11295
38467.008,10574,11295
38468.902,10575,11295
38469.751,10576,11295
38473.519,10577,11295
38475.898,10578,11295
38476.097,10579,11295
38480.326,10580,11295
38483.714,10581,11295
38495.396,10582,11295
38497.938,10583,11295
38499.176,10584,11295
38508.209,10585,11295
38509.033,10586,11295
38511.958,10587,11295
38515.028,10588,11295
38516.348,10589,11295
38516.791,10590,11295
38521.586,10591,11296
38522.159,10592,11296
38523.896,10593,11297
38545.401,10594,11297
38547.479,10595,11297
38548.716,10596,11297
38552.389,10597,11297
38556.195,10598,11297
38560.212,10599,11297
38560.809,10600,11297
38561.767,10601,11297
38577.057,10602,11297
38579.071,10603,11297
38579.634,10604,11297
38582.641,10605,11297
38587.081,10606,11297
38597.972,10607,11297
38608.477,10608,11297
38608.685,10609,11297
38614.82,10610,11297
38634.39,10611,11297
38634.943,10612,11297
38673.696,10613,11297
38680.587,10614,11297
38687.972,10615,11297
38714.473,10616,11297
38716.375,10617,11297
38717.833,10618,11297
38717.911,10619,11297
38726.534,10620,11297
38727.144,10621,11297
38738.115,10622,11297
38757.976,10623,11297
38760.392,10624,11297
38761.616,10625,11297
38761.911,10626,11297
38762.69,10627,11298
38790.176,10628,11298
38806.52,10629,11298
38808.687,10630,11298
38808.86,10631,11298
38825.227,10632,11298
38898.591,10633,11298
38902.286,10634,11299
38902.302,10635,11299
38913.963,10636,11299
38928.768,10637,11299
38932.182,10638,11299
38940.874,10639,11299
38941.733,10640,11299
38942.711,10641,11299
38947.526,10642,11299
38965.466,10643,11299
38966.368,10644,11299
38974.642,10645,11299
38983.667,10646,11299
38998.946,10647,11299
39000.641,10648,11299
39002.284,10649,11299
39020.75,10650,11300
39020.781,10651,11300
39021.145,10652,11300
39021.494,10653,11300
39022.363,10654,11300
39025.266,10655,11300
39030.028,10656,11300
39036.607,10657,11300
39040.808,10658,11300
39055.89,10659,11300
39075.553,10660,11300
39093.653,10661,11300
39094.471,10662,11300
39095.43,10663,11300
39102.516,10664,11300
39141.429,10665,11300
39143.44,10666,11300
39144.383,10667,11300
39146.615,10668,11300
39147.195,10669,11300
39151.221,10670,11300
39172.88,10671,11300
39180.005,10672,11300
39181.082,10673,11300
39185.437,10674,11300
39186.302,10675,11300
39192.238,10676,11300
39199.025,10677,11300
39208.61,10678,11300
39208.983,10679,11300
39212.19,10680,11300
39226.467,10681,11300
39261.523,10682,11300
39268.71,10683,11300
39278.153,10684,11300
39290.681,10685,11300
39293.555,10686,11300
39294.022,10687,11300
39313.806,10688,11301
39315.146,10689,11301
39320.899,10690,11301
39322.193,10691,11301
39331.029,10692,11301
39397.781,10693,11301
39399.953,10694,11301
39402.411,10695,11301
39425.293,10696,11301
39425.62,10697,11301
39427.951,10698,11301
39428.702,10699,11301
39429.89,10700,11301
39430.943,10701,11301
39431.158,10702,11301
39431.586,10703,11301
39431.75,10704,11301
39431.771,10705,11301
39433.215,10706,11301
39433.852,10707,11301
39434.102,10708,11301
39434.511,10709,11301
39435.993,10710,11301
39436.674,10711,11301
39436.908,10712,11301
39438.401,10713,11301
39440.949,10714,11301
39444.767,10715,11303
39445.806,10716,11303
39446.113,10717,11303
39450.073,10718,11303
39450.452,10719,11307
39462.138,10720,11307
39467.42,10721,11307
39468.96,10722,11307
39469.396,10723,11307
39478.423,10724,11307
39478.922,10725,11307
39480.056,10726,11307
39482.254,10727,11307
39489.937,10728,11307
39498.577,10729,11307
39519.166,10730,11308
39566.295,10731,11308
39573.576,10732,11309
39595.952,10733,11309
39606.623,10734,11309
39611.966,10735,11309
39615.529,10736,11309
39616.487,10737,11309
39616.854,10738,11314
39631.273,10739,11314
39632.414,10740,11314
39633.026,10741,11314
39634.506,10742,11314
39635.206,10743,11314
39635.321,10744,11314
39640.493,10745,11314
39644.322,10746,11314
39649.301,10747,11314
39675.233,10748,11314
39676.532,10749,11314
39678.029,10750,11314
39680.96,10751,11314
39699.555,10752,11314
39701.43,10753,11314
39703.629,10754,11314
39706.023,10755,11314
39716.203,10756,11314
39717.99,10757,11314
39719.361,10758,11314
39748.266,10759,11314
39754.48,10760,11314
39754.791,10761,11314
39755.694,10762,11314
39778.337,10763,11314
39808.368,10764,11314
39824.182,10765,11314
39824.434,10766,11314
39835.776,10767,11314
39841.18,10768,11314
39848.156,10769,11314
39848.455,10770,11314
39848.982,10771,11314
39853.747,10772,11314
39858.264,10773,11314
39865.509,10774,11314
39879.833,10775,11314
39886.99,10776,11314
39887.992,10777,11314
39891.381,10778,11314
39909.15,10779,11315
39910.783,10780,11315
39920.633,10781,11315
39929.128,10782,11315
39929.153,10783,11315
39929.18,10784,11315
39929.231,10785,11315
39929.4,10786,11315
39930.475,10787,11315
39949.166,10788,11315
39958.105,10789,11315
40007.719,10790,11315
40009.41,10791,11315
40009.624,10792,11315
40010.185,10793,11315
40010.823,10794,11315
40010.943,10795,11315
40011.861,10796,11315
40013.446,10797,11315
40015.826,10798,11315
40023.401,10799,11315
40027.057,10800,11315
40035.811,10801,11315
40045.844,10802,11315
40076.953,10803,11315
40088.485,10804,11315
40125.025,10805,11315
40139.91,10806,11315
40157.616,10807,11315
40169.416,10808,11315
40174.503,10809,11315
40191.874,10810,11315
40209.381,10811,11315
40222.217,10812,11315
40222.464,10813,11315
40224.738,10814,11315
40227.061,10815,11315
40232.191,10816,11315
40267.003,10817,11315
40273.304,10818,11315
40273.693,10819,11315
40274.046,10820,11315
40274.297,10821,11315
40277.661,10822,11315
40278.25,10823,11315
40292.392,10824,11315
40294.869,10825,11315
40302.52,10826,11315
40357.865,10827,11317
40368.296,10828,11317
40368.555,10829,11317
40368.736,10830,11317
40368.755,10831,11317
40373.015,10832,11317
40375.548,10833,11317
40381.976,10834,11317
40386.401,10835,11317
40387.76,10836,11317
40395.958,10837,11317
40456.959,10838,11317
40457.153,10839,11317
40458.345,10840,11317
40458.465,10841,11317
40458.522,10842,11317
40462.288,10843,11317
40470.09,10844,11317
40475.363,10845,11317
40475.427,10846,11317
40480.303,10847,11317
40482.446,10848,11317
40483.144,10849,11317
40490.914,10850,11317
40498.667,10851,11317
40508.307,10852,11317
40512.961,10853,11317
40518.745,10854,11317
40519.852,10855,11317
40527.58,10856,11317
40557.597,10857,11317
40557.972,10858,11317
40559.597,10859,11317
40560.371,10860,11317
40562.595,10861,11317
40589.703,10862,11317
40593.377,10863,11317
40594.153,10864,11317
40594.844,10865,11317
40597.859,10866,11317
40603.221,10867,11317
40610.371,10868,11317
40610.396,10869,11317
40613.496,10870,11317
40613.72,10871,11317
40623.083,10872,11317
40631.022,10873,11317
40637.539,10874,11317
40643.726,10875,11317
40643.779,10876,11317
40643.998,10877,11317
40664.454,10878,11317
40665.472,10879,11317
40665.535,10880,11317
40666.029,10881,11317
40666.442,10882,11317
40676.159,10883,11317
40678.228,10884,11319
40678.885,10885,11319
40681.559,10886,11319
40694.652,10887,11319
40696.323,10888,11319
40709.737,10889,11320
40716.812,10890,11320
40717.036,10891,11326
40719.331,10892,11326
40724.217,10893,11326
40725.62,10894,11326
40726.758,10895,11326
40726.91,10896,11326
40744.913,10897,11327
40767.286,10898,11329
40781.909,10899,11331
40801.407,10900,11331
40802.545,10901,11331
40803.804,10902,11331
40804.961,10903,11331
40809.483,10904,11331
40816.219,10905,11331
40830.115,10906,11331
40844.362,10907,11331
40872.933,10908,11331
40878.456,10909,11331
40879.786,10910,11331
40899.21,10911,11331
40902.43,10912,11331
40932.853,10913,11331
40932.894,10914,11331
40936.034,10915,11331
40941.825,10916,11331
40958.147,10917,11331
40971.437,10918,11331
40972.799,10919,11331
40976.427,10920,11331
40986.048,10921,11331
40988.817,10922,11331
40992.289,10923,11331
40993.706,10924,11331
41005.491,10925,11331
41036.375,10926,11331
41036.419,10927,11331
41036.891,10928,11331
41037.014,10929,11331
41037.376,10930,11331
41037.933,10931,11331
41038.505,10932,11331
41042.202,10933,11331
41056.708,10934,11331
41060.002,10935,11331
41123.905,10936,11331
41125.044,10937,11333
41131.238,10938,11333
41131.31,10939,11333
41132.882,10940,11333
41133.065,10941,11333
41148.929,10942,11333
41150.168,10943,11333
41151.174,10944,11333
41152.093,10945,11333
41164.607,10946,11333
41170.602,10947,11333
41172.207,10948,11333
41174.913,10949,11334
41175.766,10950,11334
41183.171,10951,11334
41189.791,10952,11334
41191.631,10953,11334
41192.501,10954,11334
41192.878,10955,11334
41197.728,10956,11334
41197.862,10957,11334
41199.843,10958,11334
41203.013,10959,11334
41234.344,10960,11334
41235.27,10961,11334
41236.808,10962,11334
41245.436,10963,11334
41251.363,10964,11334
41251.761,10965,11334
41253.73,10966,11334
41268.966,10967,11334
41269.813,10968,11334
41279.523,10969,11334
41282.171,10970,11334
41288.86,10971,11334
41290.824,10972,11334
41297.677,10973,11334
41298.72,10974,11334
41306.649,10975,11334
41334.988,10976,11334
41335.795,10977,11334
41337.756,10978,11335
41340.983,10979,11335
41371.126,10980,11336
41412.497,10981,11336
41413.228,10982,11336
41414.27,10983,11336
41416.066,10984,11336
41424.819,10985,11336
41460.003,10986,11336
41460.844,10987,11336
41464.588,10988,11336
41470.61,10989,11336
41472.653,10990,11336
41473.436,10991,11336
41474.675,10992,11336
41475.787,10993,11336
41477.431,10994,11336
41481.619,10995,11336
41482.168,10996,11336
41534.038,10997,11336
41548.009,10998,11336
41548.239,10999,11336
41557.006,11000,11336
41574.542,11001,11336
41597.259,11002,11336
41606.016,11003,11336
41608.285,11004,11336
41609.283,11005,11336
41612.122,11006,11336
41632.848,11007,11336
41698.72,11008,11336
41702.819,11009,11336
41704.226,11010,11336
41714.53,11011,11336
41716.731,11012,11336
41740.437,11013,11336
41746.891,11014,11336
41751.149,11015,11336
41751.565,11016,11336
41753.522,11017,11336
41756.272,11018,11336
41775.8,11019,11337
41807.717,11020,11337
41820.265,11021,11337
41859.983,11022,11337
41862.338,11023,11337
41878.017,11024,11337
41879.727,11025,11337
41908.733,11026,11338
41982.154,11027,11338
41983.068,11028,11338
41984.7,11029,11338
42011.311,11030,11338
42011.992,11031,11338
42012.214,11032,11338
42014.125,11033,11338
42017.249,11034,11338
42031.692,11035,11338
42035.147,11036,11338
42036.955,11037,11338
42046.794,11038,11338
42047.047,11039,11338
42048.767,11040,11338
42051.014,11041,11338
42057.381,11042,11338
42062.632,11043,11338
42075.058,11044,11338
42094.122,11045,11338
42095.911,11046,11338
42104.421,11047,11339
42115.944,11048,11340
42130.131,11049,11340
42151.303,11050,11340
42151.809,11051,11340
42187.443,11052,11340
42204.128,11053,11340
42204.286,11054,11340
42209.839,11055,11340
42210.926,11056,11340
42211.276,11057,11340
42211.585,11058,11340
42214.336,11059,11340
42218.776,11060,11340
42239.148,11061,11340
42243.041,11062,11340
42244.96,11063,11340
42246.623,11064,11340
42290.689,11065,11340
42291.514,11066,11340
42292.283,11067,11340
42298.129,11068,11340
42298.653,11069,11340
42301.843,11070,11340
42316.094,11071,11342
42316.487,11072,11342
42322.492,11073,11342
42333.2,11074,11342
42339.218,11075,11342
42339.488,11076,11342
42349.071,11077,11342
42349.675,11078,11342
42355.523,11079,11342
42372.792,11080,11342
42374.848,11081,11342
42408.424,11082,11342
42416.072,11083,11342
42427.054,11084,11342
42428.395,11085,11342
42429.096,11086,11342
42456.211,11087,11345
42460.167,11088,11345
42463.36,11089,11345
42463.431,11090,11346
42463.895,11091,11347
42472.443,11092,11347
42472.884,11093,11347
42473.863,11094,11347
42484.371,11095,11347
42485.236,11096,11347
42528.209,11097,11347
42529.88,11098,11347
42549.138,11099,11347
42559.081,11100,11348
42562.967,11101,11348
42570.284,11102,11348
42613.417,11103,11348
42613.508,11104,11348
42618.23,11105,11348
42630.379,11106,11348
42630.904,11107,11348
42636.183,11108,11348
42639.276,11109,11348
42639.55,11110,11348
42650.729,11111,11348
42650.849,11112,11348
42677.247,11113,11348
42703.093,11114,11350
42705.088,11115,11350
42707.227,11116,11350
42708.954,11117,11350
42719.796,11118,11350
42720.054,11119,11350
42747.838,11120,11351
42765.77,11121,11354
42766.703,11122,11355
42766.791,11123,11356
42778.72,11124,11357
42782.448,11125,11357
42804.798,11126,11357
42805.22,11127,11357
42820.845,11128,11357
42837.728,11129,11357
42842.246,11130,11357
42849.099,11131,11357
42854.624,11132,11357
42890.054,11133,11357
42890.526,11134,11357
42890.668,11135,11357
42890.937,11136,11357
42892.219,11137,11357
42896.954,11138,11357
42897.764,11139,11357
42898.338,11140,11357
42902.638,11141,11357
42903.924,11142,11357
42921.909,11143,11357
42949.882,11144,11357
42957.68,11145,11357
42959.235,11146,11357
42959.873,11147,11357
42973.969,11148,11357
42974.65,11149,11357
42974.827,11150,11357
42981.43,11151,11357
42986.812,11152,11357
43043.661,11153,11357
43046.18,11154,11357
43056.597,11155,11357
43057.215,11156,11357
43063.259,11157,11357
43069.928,11158,11357
43079.782,11159,11357
43087.031,11160,11357
43115.744,11161,11357
43117.846,11162,11357
43121.63,11163,11357
43122.402,11164,11358
43124.524,11165,11358
43129.699,11166,11358
43169.129,11167,11358
43177.84,11168,11358
43178.231,11169,11359
43183.071,11170,11359
43187.443,11171,11359
43193.629,11172,11359
43204.26,11173,11359
43204.576,11174,11359
43207.574,11175,11359
43222.067,11176,11360
43277.484,11177,11360
43283.775,11178,11360
43295.287,11179,11360
43297.433,11180,11360
43303.31,11181,11360
43318.377,11182,11360
43335.463,11183,11360
43353.677,11184,11360
43367.624,11185,11360
43369.535,11186,11360
43412.843,11187,11360
43423.433,11188,11360
43499.219,11189,11360
43522.523,11190,11360
43536.623,11191,11360
43536.812,11192,11360
43549.435,11193,11360
43555.596,11194,11360
43561.591,11195,11360
43562.229,11196,11360
43584.714,11197,11360
43585.597,11198,11360
43586.872,11199,11360
43611.584,11200,11360
43613.366,11201,11360
43613.7,11202,11360
43649.708,11203,11360
43654.363,11204,11360
43663.574,11205,11360
43663.596,11206,11360
43664.799,11207,11360
43666.076,11208,11360
43688.708,11209,11360
43713.952,11210,11360
43714.481,11211,11360
43714.533,11212,11360
43714.726,11213,11360
43714.772,11214,11360
43716.186,11215,11360
43725.5,11216,11360
43772.852,11217,11360
43812.034,11218,11360
43837.63,11219,11360
43839.594,11220,11362
43855.29,11221,11362
43870.997,11222,11362
43871.861,11223,11362
43879.276,11224,11362
43879.678,11225,11362
43887.001,11226,11362
43893.84,11227,11362
43894.782,11228,11362
43898.921,11229,11362
43898.933,11230,11362
43901.817,11231,11362
43903.506,11232,11368
43914.743,11233,11368
43928.576,11234,11368
43938.773,11235,11368
43941.14,11236,11373
43941.199,11237,11374
43942.31,11238,11377
43942.577,11239,11378
43942.991,11240,11379
43944.992,11241,11380
43952.376,11242,11382
43952.496,11243,11382
43954.843,11244,11384
43957.631,11245,11385
44000.975,11246,11385
44008.865,11247,11385
44024.592,11248,11385
44045.111,11249,11385
44045.176,11250,11385
44045.875,11251,11385
44053.014,11252,11387
44059.425,11253,11387
44073.439,11254,11387
44074.746,11255,11387
44079.464,11256,11387
44079.615,11257,11387
44079.824,11258,11387
44084.171,11259,11387
44084.527,11260,11387
44085.168,11261,11387
44090.748,11262,11387
44091.059,11263,11387
44101.818,11264,11387
44102.056,11265,11387
44108.109,11266,11387
44128.431,11267,11388
44128.889,11268,11388
44150.439,11269,11388
44154.984,11270,11389
44155.096,11271,11389
44156.712,11272,11389
44194.625,11273,11389
44203.092,11274,11389
44231.05,11275,11389
44234.408,11276,11389
44239.796,11277,11392
44258.94,11278,11392
44259.003,11279,11392
44270.259,11280,11392
44270.863,11281,11392
44271.05,11282,11392
44275.473,11283,11392
44275.943,11284,11392
44283.919,11285,11392
44284.33,11286,11392
44299.498,11287,11393
44321.685,11288,11393
44371.593,11289,11393
44386.008,11290,11393
44398.984,11291,11393
44399.529,11292,11393
44399.914,11293,11393
44402.094,11294,11393
44403.07,11295,11393
44436.982,11296,11393
44443.092,11297,11393
44462.137,11298,11393
44464.513,11299,11394
44485.646,11300,11394
44487.873,11301,11394
44500.657,11302,11394
44511.592,11303,11394
44512.141,11304,11394
44513.544,11305,11394
44514.377,11306,11394
44516.985,11307,11394
44526.581,11308,11395
44530.556,11309,11395
44538.879,11310,11395
44541.344,11311,11395
44617.891,11312,11395
44619.436,11313,11395
44626.454,11314,11395
44631.009,11315,11395
44631.509,11316,11395
44633.723,11317,11395
44634.428,11318,11395
44635.763,11319,11395
44636.794,11320,11395
44646.709,11321,11395
44653.754,11322,11395
44677.028,11323,11395
44688.826,11324,11395
44732.065,11325,11395
44732.089,11326,11395
44744.865,11327,11395
44795.741,11328,11395
44799.849,11329,11395
44801.72,11330,11395
44815.751,11331,11395
44834.215,11332,11395
44839.464,11333,11395
44840.437,11334,11395
44840.487,11335,11395
44859.537,11336,11395
44875.184,11337,11395
44893.587,11338,11395
44901.753,11339,11395
44906.757,11340,11395
44912.432,11341,11395
44955.454,11342,11395
44955.637,11343,11395
44968.07,11344,11395
44969.892,11345,11397
44973.423,11346,11405
44973.536,11347,11405
44973.568,11348,11405
44973.694,11349,11405
44973.843,11350,11405
44973.901,11351,11405
44975.647,11352,11405
44976.172,11353,11406
44976.266,11354,11406
44982.785,11355,11408
44985.002,11356,11408
44995.676,11357,11408
45013.834,11358,11408
45013.906,11359,11408
45015.227,11360,11408
45015.409,11361,11408
45018.172,11362,11408
45025.009,11363,11408
45027.251,11364,11410
45031.286,11365,11410
45047.259,11366,11410
45049.074,11367,11410
45056.208,11368,11410
45057.081,11369,11410
45065.968,11370,11414
45067.266,11371,11414
45067.559,11372,11414
45067.709,11373,11414
45068.43,11374,11414
45069.242,11375,11414
45079.174,11376,11416
45080.609,11377,11416
45082.352,11378,11416
45082.571,11379,11418
45100.015,11380,11418
45104.0,11381,11418
45125.018,11382,11418
45125.72,11383,11418
45126.467,11384,11418
45143.073,11385,11418
45170.871,11386,11418
45171.069,11387,11418
45172.898,11388,11418
45193.333,11389,11418
45201.182,11390,11418
45210.173,11391,11418
45214.2,11392,11419
45216.186,11393,11419
45231.134,11394,11419
45269.042,11395,11419
45269.737,11396,11419
45270.933,11397,11421
45271.085,11398,11421
45272.065,11399,11421
45272.166,11400,11421
45273.051,11401,11421
45273.142,11402,11421
45275.443,11403,11421
45277.993,11404,11421
45279.208,11405,11421
45298.241,11406,11421
45299.172,11407,11421
45304.032,11408,11421
45304.078,11409,11421
45304.857,11410,11421
45304.908,11411,11421
45305.592,11412,11422
45306.707,11413,11422
45308.354,11414,11422
45321.716,11415,11422
45323.586,11416,11422
45327.285,11417,11423
45330.173,11418,11423
45333.955,11419,11423
45342.19,11420,11423
45342.427,11421,11423
45342.806,11422,11423
45347.914,11423,11423
45347.994,11424,11423
45348.022,11425,11423
45354.898,11426,11423
45355.131,11427,11423
45355.692,11428,11423
45355.888,11429,11423
45367.922,11430,11423
45377.217,11431,11423
45388.938,11432,11425
45409.665,11433,11425
45409.818,11434,11425
45410.011,11435,11425
45415.317,11436,11425
45425.144,11437,11425
45425.663,11438,11425
45434.481,11439,11425
45439.584,11440,11425
45439.765,11441,11425
45444.432,11442,11425
45448.242,11443,11425
45450.653,11444,11425
45451.464,11445,11425
45452.364,11446,11425
45469.187,11447,11425
45480.298,11448,11425
45487.84,11449,11425
45487.89,11450,11425
45495.682,11451,11425
45518.656,11452,11426
45545.404,11453,11427
45585.136,11454,11427
45585.356,11455,11427
45595.219,11456,11427
45595.706,11457,11427
45597.033,11458,11427
45597.718,11459,11427
45603.44,11460,11427
45620.325,11461,11427
45624.061,11462,11427
45629.905,11463,11427
45632.297,11464,11427
45636.478,11465,11427
45665.143,11466,11427
45666.352,11467,11427
45716.155,11468,11427
45728.859,11469,11427
45734.394,11470,11427
45746.134,11471,11427
45746.261,11472,11427
45746.41,11473,11427
45768.549,11474,11427
45772.406,11475,11427
45784.578,11476,11427
45801.382,11477,11427
45807.019,11478,11427
45817.786,11479,11427
45817.858,11480,11427
45825.97,11481,11428
45835.64,11482,11428
45837.125,11483,11428
45851.093,11484,11428
45856.219,11485,11428
45876.325,11486,11428
45876.932,11487,11428
45878.722,11488,11428
45879.361,11489,11428
45883.316,11490,11428
45888.912,11491,11428
45910.964,11492,11428
45956.543,11493,11428
45959.596,11494,11428
45964.564,11495,11428
45974.125,11496,11428
45975.17,11497,11428
45980.629,11498,11428
45983.403,11499,11428
46009.536,11500,11428
46011.492,11501,11428
46014.021,11502,11428
46031.676,11503,11428
46037.199,11504,11428
46037.422,11505,11428
46057.764,11506,11428
46066.47,11507,11430
46066.683,11508,11430
46078.094,11509,11430
46079.1,11510,11430
46082.359,11511,11431
46083.401,11512,11431
46083.604,11513,11432
46083.838,11514,11432
46088.193,11515,11432
46106.395,11516,11432
46106.851,11517,11432
46125.347,11518,11531
46125.927,11519,11532
46125.94,11520,11536
46125.965,11521,11536
46125.978,11522,11542
46125.993,11523,11542
46126.012,11524,11545
46126.052,11525,11545
46126.068,11526,11556
46126.1,11527,11564
46126.119,11528,11564
46126.178,11529,11564
46126.222,11530,11569
46126.256,11531,11569
46126.295,11532,11571
46126.341,11533,11573
46126.379,11534,11573
46126.449,11535,11573
46126.765,11536,11574
46126.778,11537,11576
46126.905,11538,11576
46126.969,11539,11577
46127.026,11540,11577
46127.041,11541,11577
46127.421,11542,11578
46127.46,11543,11579
46127.5,11544,11581
46127.532,11545,11581
46127.843,11546,11581
46127.995,11547,11582
46128.327,11548,11582
46128.453,11549,11584
46128.59,11550,11587
46128.784,11551,11588
46129.562,11552,11588
46129.719,11553,11588
46129.809,11554,11591
46130.067,11555,11591
46130.65,11556,11592
46131.038,11557,11592
46131.14,11558,11592
46131.205,11559,11594
46131.273,11560,11594
46131.659,11561,11594
46131.683,11562,11597
46131.86,11563,11600
46132.167,11564,11600
46132.866,11565,11601
46133.178,11566,11602
46133.339,11567,11603
46134.599,11568,11604
46134.708,11569,11604
46134.905,11570,11613
46135.009,11571,11613
46135.119,11572,11613
46135.239,11573,11613
46135.252,11574,11613
46135.277,11575,11617
46135.293,11576,11618
46135.659,11577,11619
46135.863,11578,11619
46135.987,11579,11621
46136.751,11580,11621
46137.035,11581,11623
46137.495,11582,11627
46137.554,11583,11627
46137.637,11584,11627
46137.912,11585,11627
46138.266,11586,11628
46138.673,11587,11630
46138.879,11588,11634
46139.0,11589,11638
46139.363,11590,11638
46139.481,11591,11640
46139.813,11592,11640
46140.09,11593,11645
46141.247,11594,11645
46141.308,11595,11646
46141.573,11596,11646
46143.203,11597,11646
46143.236,11598,11647
46143.768,11599,11648
46144.812,11600,11648
46145.006,11601,11649
46145.142,11602,11649
46145.16,11603,11649
46145.258,11604,11650
46145.281,11605,11650
46145.82,11606,11652
46146.209,11607,11652
46147.209,11608,11652
46149.028,11609,11652
46149.396,11610,11652
46149.717,11611,11656
46151.1,11612,11661
46151.199,11613,11661
46152.297,11614,11661
46153.167,11615,11661
46153.834,11616,11663
46154.054,11617,11663
46154.357,11618,11663
46154.379,11619,11664
46154.729,11620,11664
46155.359,11621,11666
46156.465,11622,11668
46156.696,11623,11668
46164.369,11624,11668
46171.283,11625,11668
46171.778,11626,11668
46172.795,11627,11669
46173.431,11628,11669
46173.617,11629,11669
46173.839,11630,11669
46174.02,11631,11669
46174.383,11632,11669
46175.972,11633,11670
46176.331,11634,11670
46176.848,11635,11671
46177.199,11636,11677
46178.724,11637,11677
46179.794,11638,11677
46180.083,11639,11677
46180.35,11640,11677
46180.369,11641,11678
46182.049,11642,11678
46182.375,11643,11678
46182.45,11644,11678
46183.278,11645,11678
46184.431,11646,11678
46184.607,11647,11678
46184.968,11648,11678
46185.509,11649,11678
46185.598,11650,11678
46186.646,11651,11678
46188.577,11652,11678
46188.963,11653,11678
46189.557,11654,11678
46190.14,11655,11678
46192.282,11656,11678
46194.699,11657,11678
46200.14,11658,11679
46200.559,11659,11679
46200.618,11660,11683
46200.741,11661,11683
46200.845,11662,11686
46201.034,11663,11686
46201.47,11664,11686
46202.936,11665,11687
46203.592,11666,11688
46203.989,11667,11689
46204.357,11668,11689
46204.554,11669,11689
46204.759,11670,11689
46206.255,11671,11690
46206.333,11672,11690
46206.812,11673,11694
46208.699,11674,11695
46209.719,11675,11695
46210.457,11676,11695
46210.769,11677,11695
46212.329,11678,11696
46212.555,11679,11696
46216.069,11680,11696
46216.582,11681,11696
46216.752,11682,11696
46216.901,11683,11696
46217.188,11684,11696
46218.275,11685,11696
46218.996,11686,11699
46219.34,11687,11699
46220.579,11688,11700
46220.952,11689,11703
46223.16,11690,11703
46223.33,11691,11703
46229.57,11692,11703
46230.507,11693,11703
46230.75,11694,11703
46231.496,11695,11703
46232.217,11696,11703
46233.302,11697,11703
46233.372,11698,11703
46234.788,11699,11703
46235.545,11700,11706
46237.123,11701,11708
46237.829,11702,11708
46239.732,11703,11708
46239.951,11704,11708
46241.903,11705,11710
46242.184,11706,11710
46243.331,11707,11710
46243.451,11708,11710
46243.566,11709,11710
46243.688,11710,11710
46243.85,11711,11710
46245.452,11712,11710
46247.505,11713,11710
46249.804,11714,11710
46250.536,11715,11710
46250.787,11716,11710
46250.829,11717,11710
46251.868,11718,11711
46252.229,11719,11711
46255.881,11720,11711
46256.08,11721,11711
46257.435,11722,11711
46258.597,11723,11711
46258.7,11724,11711
46258.733,11725,11711
46258.903,11726,11711
46259.413,11727,11711
46259.478,11728,11712
46262.571,11729,11712
46264.741,11730,11712
46265.427,11731,11712
46265.776,11732,11712
46266.26,11733,11713
46266.765,11734,11713
46267.872,11735,11713
46268.253,11736,11713
46272.139,11737,11713
46274.16,11738,11713
46279.537,11739,11713
46292.453,11740,11713
46292.585,11741,11714
46293.88,11742,11714
46293.907,11743,11714
46294.507,11744,11714
46295.02,11745,11714
46296.5,11746,11714
46299.211,11747,11715
46300.993,11748,11718
46301.938,11749,11718
46303.081,11750,11718
46303.636,11751,11718
46310.573,11752,11718
46311.743,11753,11719
46313.651,11754,11719
46315.76,11755,11719
46315.92,11756,11719
46319.275,11757,11719
46319.463,11758,11719
46320.309,11759,11719
46320.811,11760,11719
46321.399,11761,11719
46321.577,11762,11719
46323.524,11763,11719
46324.237,11764,11719
46326.398,11765,11719
46326.713,11766,11719
46326.786,11767,11720
46327.109,11768,11720
46328.37,11769,11720
46328.423,11770,11720
46330.464,11771,11720
46330.579,11772,11720
46331.334,11773,11720
46331.733,11774,11720
46333.475,11775,11720
46334.647,11776,11723
46334.888,11777,11723
46335.468,11778,11723
46337.736,11779,11723
46337.76,11780,11725
46338.495,11781,11725
46346.639,11782,11725
46348.833,11783,11725
46349.112,11784,11725
46350.984,11785,11726
46352.588,11786,11730
46353.227,11787,11731
46354.348,11788,11733
46364.333,11789,11733
46364.543,11790,11733
46364.944,11791,11733
46365.049,11792,11733
46365.887,11793,11733
46366.939,11794,11734
46372.807,11795,11734
46375.388,11796,11734
46376.522,11797,11734
46378.236,11798,11734
46382.231,11799,11734
46384.368,11800,11734
46385.039,11801,11734
46394.493,11802,11735
46394.862,11803,11736
46400.824,11804,11736
46400.934,11805,11736
46418.596,11806,11736
46419.712,11807,11736
46421.823,11808,11736
46422.867,11809,11736
46424.006,11810,11736
46427.452,11811,11736
46427.564,11812,11736
46436.703,11813,11736
46440.813,11814,11736
46441.193,11815,11737
46442.115,11816,11737
46442.451,11817,11739
46442.554,11818,11739
46443.823,11819,11739
46450.234,11820,11739
46450.421,11821,11739
46461.524,11822,11739
46471.81,11823,11739
46473.385,11824,11740
46473.496,11825,11740
46473.88,11826,11741
46473.927,11827,11741
46474.316,11828,11742
46475.196,11829,11743
46475.261,11830,11743
46476.325,11831,11744
46477.232,11832,11744
46479.632,11833,11748
46480.929,11834,11749
46481.569,11835,11751
46481.966,11836,11752
46482.927,11837,11753
46485.791,11838,11753
46487.15,11839,11753
46492.877,11840,11755
46497.792,11841,11755
46504.492,11842,11755
46508.005,11843,11755
46509.584,11844,11755
46509.71,11845,11755
46513.196,11846,11756
46515.142,11847,11756
46516.472,11848,11761
46516.498,11849,11761
46518.075,11850,11761
46519.589,11851,11761
46521.971,11852,11763
46527.949,11853,11763
46531.277,11854,11763
46545.392,11855,11763
46545.526,11856,11763
46555.581,11857,11763
46558.921,11858,11763
46563.101,11859,11763
46571.312,11860,11763
46572.093,11861,11763
46572.989,11862,11763
46573.147,11863,11763
46575.542,11864,11763
46577.78,11865,11763
46579.956,11866,11763
46580.211,11867,11763
46589.515,11868,11764
46592.452,11869,11764
46599.447,11870,11764
46600.966,11871,11764
46615.173,11872,11764
46616.271,11873,11764
46621.533,11874,11765
46624.816,11875,11765
46628.793,11876,11765
46635.851,11877,11765
46636.486,11878,11765
46645.115,11879,11765
46645.247,11880,11765
46646.501,11881,11765
46661.867,11882,11765
46669.091,11883,11765
46669.366,11884,11765
46673.369,11885,11765
46673.394,11886,11765
46679.674,11887,11765
46681.51,11888,11765
46682.611,11889,11765
46684.101,11890,11765
46685.53,11891,11765
46689.788,11892,11767
46690.325,11893,11767
46691.819,11894,11767
46694.701,11895,11767
46697.439,11896,11767
46701.221,11897,11768
46710.352,11898,11768
46729.664,11899,11768
46730.107,11900,11768
46730.978,11901,11768
46731.001,11902,11768
46754.437,11903,11769
46755.696,11904,11769
46758.036,11905,11769
46763.049,11906,11769
46767.005,11907,11769
46769.559,11908,11769
46803.813,11909,11769
46805.833,11910,11769
46824.668,11911,11769
46824.776,11912,11769
46832.553,11913,11770
46833.208,11914,11770
46834.657,11915,11770
46840.14,11916,11771
46840.672,11917,11771
46843.007,11918,11771
46847.017,11919,11771
46849.141,11920,11771
46851.506,11921,11771
46857.081,11922,11772
46876.637,11923,11772
46878.156,11924,11773
46881.165,11925,11774
46883.14,11926,11774
46888.747,11927,11776
46890.035,11928,11776
46892.626,11929,11776
46901.827,11930,11777
46904.153,11931,11777
46913.364,11932,11779
46917.232,11933,11779
46917.248,11934,11779
46929.719,11935,11779
46939.967,11936,11779
46940.536,11937,11779
46950.014,11938,11779
46950.719,11939,11779
46959.067,11940,11780
46968.106,11941,11780
46968.165,11942,11780
46969.141,11943,11780
46983.594,11944,11780
47002.059,11945,11780
47003.623,11946,11780
47008.605,11947,11780
47023.984,11948,11780
47069.93,11949,11780
47073.945,11950,11780
47075.099,11951,11780
47076.321,11952,11780
47081.023,11953,11780
47081.953,11954,11780
47094.043,11955,11780
47096.106,11956,11781
47118.552,11957,11781
47124.318,11958,11781
47134.328,11959,11781
47144.645,11960,11781
47145.364,11961,11781
47147.773,11962,11781
47152.464,11963,11781
47153.712,11964,11781
47164.722,11965,11781
47166.828,11966,11781
47220.869,11967,11781
47238.734,11968,11781
47239.933,11969,11781
47241.917,11970,11781
47242.513,11971,11781
47243.706,11972,11781
47244.774,11973,11781
47270.938,11974,11781
47288.465,11975,11781
47305.474,11976,11781
47305.673,11977,11781
47314.08,11978,11781
47314.875,11979,11790
47317.179,11980,11792
47317.192,11981,11792
47317.215,11982,11792
47318.251,11983,11795
47344.727,11984,11796
47348.663,11985,11796
47379.292,11986,11796
47388.338,11987,11796
47389.582,11988,11796
47395.997,11989,11796
47396.066,11990,11797
47405.229,11991,11797
47408.838,11992,11797
47416.943,11993,11797
47416.962,11994,11797
47417.527,11995,11797
47418.853,11996,11797
47427.985,11997,11797
47474.846,11998,11797
47484.259,11999,11797
47534.046,12000,11797
47535.263,12001,11797
47535.796,12002,11797
47551.153,12003,11797
47562.148,12004,11797
47569.396,12005,11797
47578.996,12006,11797
47579.161,12007,11797
47588.383,12008,11797
47595.727,12009,11797
47596.039,12010,11797
47596.358,12011,11798
47600.403,12012,11798
47604.595,12013,11798
47604.988,12014,11800
47606.317,12015,11800
47606.699,12016,11801
47607.804,12017,11801
47621.029,12018,11801
47621.886,12019,11801
47622.711,12020,11801
47622.958,12021,11801
47623.228,12022,11801
47623.303,12023,11802
47623.502,12024,11802
47623.558,12025,11802
47623.817,12026,11802
47624.414,12027,11802
47630.277,12028,11802
47633.19,12029,11804
47643.574,12030,11804
47645.924,12031,11804
47656.89,12032,11805
47657.327,12033,11805
47657.585,12034,11805
47670.154,12035,11805
47677.076,12036,11805
47679.307,12037,11805
47686.875,12038,11805
47686.893,12039,11805
47686.914,12040,11805
47686.929,12041,11805
47686.949,12042,11806
47686.973,12043,11806
47686.999,12044,11806
47687.023,12045,11806
47687.038,12046,11806
47687.066,12047,11806
47687.092,12048,11806
47687.111,12049,11806
47687.161,12050,11806
47687.193,12051,11806
47687.236,12052,11806
47687.271,12053,11806
47687.318,12054,11806
47687.364,12055,11806
47687.412,12056,11806
47687.451,12057,11806
47687.483,12058,11806
47687.509,12059,11806
47687.544,12060,11806
47687.603,12061,11806
47687.642,12062,11806
47687.739,12063,11806
47687.776,12064,11806
47687.8,12065,11806
47687.822,12066,11806
47687.855,12067,11806
47687.9,12068,11806
47687.957,12069,11806
47688.393,12070,11806
47688.433,12071,11806
47688.468,12072,11806
47688.533,12073,11806
47688.61,12074,11806
47688.75,12075,11806
47688.958,12076,11806
47688.997,12077,11806
47689.149,12078,11806
47689.199,12079,11806
47689.226,12080,11806
47689.264,12081,11806
47689.321,12082,11806
47689.475,12083,11806
47689.625,12084,11806
47689.828,12085,11806
47689.867,12086,11806
47689.883,12087,11806
47689.936,12088,11806
47690.035,12089,11806
47690.072,12090,11806
47690.149,12091,11806
47690.175,12092,11806
47690.264,12093,11806
47690.431,12094,11806
47690.477,12095,11806
47690.647,12096,11806
47690.717,12097,11806
47690.822,12098,11806
47690.946,12099,11806
47690.991,12100,11806
47691.045,12101,11806
47691.097,12102,11806
47691.199,12103,11806
47691.223,12104,11806
47691.284,12105,11806
47691.313,12106,11806
47691.392,12107,11806
47691.418,12108,11806
47691.455,12109,11806
47691.499,12110,11806
47691.551,12111,11806
47691.588,12112,11806
47692.342,12113,11806
47692.571,12114,11806
47692.588,12115,11806
47692.694,12116,11806
47692.754,12117,11806
47692.781,12118,11806
47692.93,12119,11806
47692.973,12120,11806
47693.016,12121,11806
47693.099,12122,11806
47693.215,12123,11806
47693.264,12124,11806
47693.294,12125,11806
47693.309,12126,11806
47693.38,12127,11806
47693.502,12128,11806
47693.692,12129,11806
47693.717,12130,11806
47694.081,12131,11806
47694.516,12132,11806
47694.699,12133,11806
47694.919,12134,11806
47695.203,12135,11806
47695.321,12136,11806
47695.456,12137,11806
47695.533,12138,11806
47695.564,12139,11806
47695.611,12140,11806
47695.728,12141,11806
47695.759,12142,11806
47695.86,12143,11806
47695.936,12144,11806
47696.117,12145,11806
47696.167,12146,11806
47696.27,12147,11806
47696.305,12148,11806
47696.323,12149,11806
47696.426,12150,11806
47696.516,12151,11806
47696.66,12152,11806
47696.755,12153,11806
47696.844,12154,11806
47696.995,12155,11806
47697.066,12156,11806
47698.068,12157,11806
47698.578,12158,11806
47698.626,12159,11806
47698.97,12160,11806
47699.077,12161,11806
47699.272,12162,11806
47699.947,12163,11806
47699.965,12164,11806
47700.057,12165,11806
47700.286,12166,11806
47700.302,12167,11806
47700.373,12168,11806
47700.59,12169,11806
47700.999,12170,11806
47701.093,12171,11806
47701.207,12172,11806
47701.266,12173,11806
47701.585,12174,11806
47701.734,12175,11806
47701.775,12176,11806
47701.811,12177,11806
47702.207,12178,11806
47702.8,12179,11806
47703.164,12180,11806
47703.37,12181,11806
47703.391,12182,11806
47703.546,12183,11806
47704.024,12184,11806
47704.113,12185,11806
47704.131,12186,11806
47704.164,12187,11806
47704.362,12188,11806
47704.718,12189,11806
47704.821,12190,11806
47704.838,12191,11806
47704.862,12192,11806
47705.313,12193,11806
47705.463,12194,11806
47705.602,12195,11806
47705.638,12196,11806
47705.675,12197,11806
47705.747,12198,11806
47706.012,12199,11806
47706.305,12200,11806
47706.451,12201,11806
47706.833,12202,11806
47706.915,12203,11806
47706.989,12204,11806
47707.279,12205,11806
47707.582,12206,11806
47707.85,12207,11806
47708.091,12208,11806
47708.492,12209,11806
47709.003,12210,11806
47709.156,12211,11806
47709.367,12212,11806
47709.712,12213,11806
47710.015,12214,11806
47710.068,12215,11806
47710.084,12216,11806
47710.359,12217,11806
47710.63,12218,11806
47710.937,12219,11806
47711.101,12220,11806
47711.193,12221,11806
47711.283,12222,11806
47711.366,12223,11806
47711.625,12224,11806
47711.863,12225,11806
47711.901,12226,11806
47712.044,12227,11806
47712.147,12228,11806
47712.576,12229,11806
47712.707,12230,11806
47713.105,12231,11806
47713.121,12232,11806
47713.22,12233,11806
47713.413,12234,11806
47713.487,12235,11806
47713.67,12236,11806
47714.478,12237,11806
47714.877,12238,11806
47715.091,12239,11806
47715.352,12240,11806
47715.403,12241,11806
47715.648,12242,11806
47715.711,12243,11806
47715.89,12244,11806
47716.272,12245,11806
47716.307,12246,11806
47716.862,12247,11806
47717.12,12248,11806
47717.399,12249,11806
47717.597,12250,11806
47717.724,12251,11806
47717.9,12252,11806
47722.255,12253,11806
47726.785,12254,11806
47726.814,12255,11806
47727.038,12256,11806
47727.163,12257,11806
47727.332,12258,11806
47727.385,12259,11806
47727.691,12260,11806
47727.848,12261,11806
47728.11,12262,11806
47728.273,12263,11806
47728.559,12264,11806
47728.63,12265,11806
47728.787,12266,11806
47728.902,12267,11806
47728.979,12268,11806
47729.016,12269,11806
47729.076,12270,11806
47729.802,12271,11806
47729.886,12272,11806
47729.953,12273,11806
47730.078,12274,11806
47730.207,12275,11806
47730.281,12276,11806
47730.327,12277,11806
47730.496,12278,11806
47730.588,12279,11806
47730.664,12280,11806
47730.952,12281,11806
47731.069,12282,11806
47731.214,12283,11806
47731.238,12284,11806
47731.68,12285,11806
47731.726,12286,11806
47731.825,12287,11806
47731.891,12288,11806
47731.978,12289,11806
47731.994,12290,11806
47732.022,12291,11806
47732.049,12292,11806
47732.289,12293,11806
47732.664,12294,11806
47732.687,12295,11806
47732.917,12296,11806
47733.089,12297,11806
47733.294,12298,11806
47733.387,12299,11806
47733.456,12300,11806
47734.268,12301,11806
47734.308,12302,11806
47734.409,12303,11806
47734.449,12304,11806
47734.542,12305,11806
47734.73,12306,11806
47734.801,12307,11806
47735.148,12308,11806
47735.584,12309,11806
47735.651,12310,11806
47735.729,12311,11806
47735.771,12312,11806
47735.811,12313,11806
47735.893,12314,11806
47736.204,12315,11806
47736.425,12316,11806
47737.008,12317,11806
47737.061,12318,11806
47737.165,12319,11806
47737.196,12320,11806
47737.594,12321,11806
47737.901,12322,11806
47738.689,12323,11806
47738.747,12324,11806
47739.304,12325,11806
47739.918,12326,11806
47740.163,12327,11806
47740.384,12328,11806
47740.608,12329,11806
47741.054,12330,11806
47741.164,12331,11806
47741.56,12332,11806
47741.765,12333,11806
47741.81,12334,11806
47741.906,12335,11806
47742.07,12336,11806
47742.189,12337,11806
47742.209,12338,11806
47742.363,12339,11806
47742.58,12340,11806
47742.777,12341,11806
47742.866,12342,11806
47743.033,12343,11806
47743.241,12344,11806
47743.355,12345,11806
47743.673,12346,11806
47743.81,12347,11806
47743.843,12348,11806
47744.14,12349,11806
47744.183,12350,11806
47744.659,12351,11806
47744.951,12352,11806
47745.102,12353,11806
47745.261,12354,11806
47745.554,12355,11806
47745.701,12356,11806
47745.977,12357,11806
47746.118,12358,11806
47746.154,12359,11806
47746.306,12360,11806
47746.562,12361,11806
47746.772,12362,11806
47747.927,12363,11806
47748.042,12364,11806
47748.391,12365,11806
47748.718,12366,11806
47748.765,12367,11806
47749.395,12368,11806
47749.617,12369,11806
47749.676,12370,11806
47750.146,12371,11806
47750.165,12372,11806
47750.214,12373,11806
47750.402,12374,11806
47750.703,12375,11806
47750.795,12376,11806
47750.836,12377,11806
47752.11,12378,11806
47752.877,12379,11806
47752.997,12380,11806
47753.251,12381,11806
47753.35,12382,11806
47754.486,12383,11806
47754.96,12384,11806
47755.724,12385,11806
47755.85,12386,11806
47756.658,12387,11806
47756.859,12388,11806
47757.067,12389,11806
47757.501,12390,11806
47758.087,12391,11806
47758.166,12392,11806
47758.355,12393,11806
47758.449,12394,11806
47758.89,12395,11806
47759.121,12396,11806
47759.179,12397,11806
47760.061,12398,11806
47760.126,12399,11806
47760.769,12400,11806
47760.797,12401,11806
47761.338,12402,11806
47761.402,12403,11806
47761.834,12404,11806
47762.051,12405,11806
47762.744,12406,11806
47764.581,12407,11806
47768.095,12408,11806
47768.416,12409,11806
47768.464,12410,11806
47768.573,12411,11806
47768.916,12412,11806
47769.228,12413,11806
47769.254,12414,11806
47769.331,12415,11806
47769.89,12416,11806
47771.67,12417,11806
47772.47,12418,11806
47772.863,12419,11806
47773.222,12420,11806
47774.052,12421,11806
47774.457,12422,11806
47775.022,12423,11806
47775.036,12424,11806
47775.191,12425,11806
47775.239,12426,11806
47776.045,12427,11806
47777.124,12428,11806
47777.279,12429,11806
47778.042,12430,11806
47778.772,12431,11806
47779.21,12432,11806
47779.543,12433,11806
47779.893,12434,11806
47780.043,12435,11806
47780.2,12436,11806
47780.367,12437,11806
47780.74,12438,11806
47780.759,12439,11806
47782.238,12440,11806
47782.885,12441,11806
47784.251,12442,11806
47784.771,12443,11806
47785.292,12444,11806
47785.948,12445,11806
47786.197,12446,11806
47787.802,12447,11806
47788.136,12448,11806
47788.813,12449,11806
47789.973,12450,11806
47790.706,12451,11806
47791.054,12452,11806
47791.08,12453,11806
47791.951,12454,11806
47791.978,12455,11806
47794.556,12456,11806
47795.019,12457,11806
47795.358,12458,11806
47795.405,12459,11806
47796.945,12460,11806
47797.279,12461,11806
47798.377,12462,11806
47798.432,12463,11806
47805.841,12464,11806
47807.002,12465,11806
47807.609,12466,11806
47807.839,12467,11806
47808.389,12468,11806
47810.237,12469,11806
47810.939,12470,11806
47811.263,12471,11806
47811.991,12472,11806
47813.446,12473,11806
47813.661,12474,11806
47813.758,12475,11806
47814.473,12476,11806
47814.627,12477,11806
47814.908,12478,11806
47815.166,12479,11806
47816.871,12480,11806
47816.914,12481,11806
47817.11,12482,11806
47817.461,12483,11806
47817.989,12484,11806
47818.198,12485,11806
47818.734,12486,11806
47819.604,12487,11806
47821.062,12488,11806
47821.235,12489,11806
47821.865,12490,11806
47822.552,12491,11806
47822.567,12492,11806
47823.976,12493,11806
47824.273,12494,11806
47825.146,12495,11806
47825.531,12496,11806
47826.29,12497,11806
47826.483,12498,11806
47826.51,12499,11806
47827.029,12500,11806
47828.691,12501,11806
47828.809,12502,11806
47829.009,12503,11806
47829.943,12504,11806
47832.872,12505,11806
47836.224,12506,11806
47836.894,12507,11806
47840.499,12508,11806
47841.784,12509,11806
47842.119,12510,11806
47843.442,12511,11806
47844.92,12512,11806
47846.107,12513,11806
47846.145,12514,11806
47846.44,12515,11806
47848.025,12516,11806
47848.047,12517,11806
47848.154,12518,11806
47848.208,12519,11806
47848.365,12520,11806
47848.502,12521,11806
47848.617,12522,11806
47849.043,12523,11806
47849.197,12524,11806
47849.284,12525,11806
47849.406,12526,11806
47849.807,12527,11806
47849.857,12528,11806
47849.891,12529,11806
47850.054,12530,11806
47850.182,12531,11806
47850.615,12532,11806
47850.681,12533,11806
47851.195,12534,11806
47851.375,12535,11806
47852.167,12536,11806
47852.352,12537,11806
47852.454,12538,11806
47852.532,12539,11806
47852.682,12540,11806
47852.78,12541,11806
47852.918,12542,11806
47853.312,12543,11806
47853.53,12544,11806
47853.561,12545,11806
47853.679,12546,11806
47853.779,12547,11806
47854.486,12548,11806
47854.613,12549,11806
47854.654,12550,11806
47855.068,12551,11806
47855.226,12552,11806
47856.076,12553,11806
47856.207,12554,11806
47856.638,12555,11806
47856.769,12556,11806
47856.8,12557,11806
47857.888,12558,11806
47858.105,12559,11806
47858.368,12560,11806
47858.46,12561,11806
47859.48,12562,11806
47859.829,12563,11806
47861.413,12564,11806
47861.515,12565,11806
47861.718,12566,11806
47862.48,12567,11806
47862.513,12568,11806
47863.966,12569,11806
47865.72,12570,11806
47865.909,12571,11806
47866.435,12572,11806
47867.019,12573,11806
47867.064,12574,11806
47867.28,12575,11806
47867.733,12576,11806
47867.959,12577,11806
47868.189,12578,11806
47868.647,12579,11806
47868.979,12580,11806
47869.073,12581,11806
47869.141,12582,11806
47869.251,12583,11806
47869.303,12584,11806
47869.361,12585,11806
47869.662,12586,11806
47869.791,12587,11806
47869.842,12588,11806
47869.924,12589,11806
47870.49,12590,11806
47870.535,12591,11806
47870.912,12592,11806
47872.269,12593,11806
47872.636,12594,11806
47872.677,12595,11806
47873.106,12596,11806
47873.474,12597,11806
47874.376,12598,11806
47875.548,12599,11806
47876.046,12600,11806
47876.144,12601,11806
47876.356,12602,11806
47876.794,12603,11806
47878.635,12604,11806
47878.708,12605,11806
47879.561,12606,11806
47879.598,12607,11806
47880.945,12608,11806
47881.385,12609,11806
47882.186,12610,11806
47882.732,12611,11806
47882.781,12612,11806
47883.1,12613,11806
47883.605,12614,11806
47887.328,12615,11806
47888.873,12616,11806
47888.89,12617,11806
47889.434,12618,11806
47890.07,12619,11806
47892.203,12620,11806
47893.13,12621,11806
47893.976,12622,11806
47894.409,12623,11806
47895.022,12624,11806
47895.042,12625,11806
47895.747,12626,11806
47897.305,12627,11806
47898.422,12628,11806
47899.15,12629,11806
47900.396,12630,11806
47902.451,12631,11806
47904.37,12632,11806
47904.528,12633,11806
47906.496,12634,11806
47906.947,12635,11806
47908.809,12636,11806
47909.438,12637,11806
47909.784,12638,11806
47912.694,12639,11806
47916.858,12640,11806
47917.043,12641,11806
47917.259,12642,11806
47919.248,12643,11806
47921.299,12644,11806
47922.868,12645,11806
47926.129,12646,11806
47926.652,12647,11806
47926.816,12648,11806
47927.093,12649,11806
47927.217,12650,11806
47927.259,12651,11806
47927.342,12652,11806
47927.541,12653,11806
47928.479,12654,11806
47929.35,12655,11806
47930.798,12656,11806
47930.999,12657,11806
47931.839,12658,11806
47933.571,12659,11806
47933.715,12660,11806
47934.317,12661,11806
47934.709,12662,11806
47935.002,12663,11806
47935.556,12664,11806
47937.471,12665,11806
47937.918,12666,11806
47940.727,12667,11806
47941.917,12668,11806
47942.235,12669,11806
47943.067,12670,11806
47944.41,12671,11806
47944.981,12672,11806
47945.526,12673,11806
47947.078,12674,11806
47947.161,12675,11806
47947.657,12676,11806
47948.892,12677,11806
47951.504,12678,11806
47952.961,12679,11806
47955.605,12680,11806
47956.104,12681,11806
47957.025,12682,11806
47957.491,12683,11806
47960.232,12684,11806
47960.593,12685,11806
47960.904,12686,11806
47961.935,12687,11806
47963.182,12688,11806
47964.332,12689,11806
47965.61,12690,11806
47965.772,12691,11806
47965.841,12692,11806
47966.036,12693,11806
47966.174,12694,11806
47967.639,12695,11806
47969.772,12696,11806
47969.867,12697,11806
47970.079,12698,11806
47970.399,12699,11806
47971.207,12700,11806
47971.59,12701,11806
47973.15,12702,11806
47973.423,12703,11806
47973.589,12704,11806
47973.689,12705,11806
47973.956,12706,11806
47974.106,12707,11806
47974.635,12708,11806
47975.196,12709,11806
47975.936,12710,11806
47976.199,12711,11806
47976.449,12712,11806
47976.965,12713,11806
47977.629,12714,11806
47978.467,12715,11806
47978.702,12716,11806
47979.562,12717,11806
47979.721,12718,11806
47980.55,12719,11806
47981.284,12720,11806
47981.444,12721,11806
47984.648,12722,11806
47985.518,12723,11806
47988.104,12724,11806
47988.994,12725,11806
47991.054,12726,11806
47991.23,12727,11806
47991.363,12728,11806
47991.768,12729,11806
47994.066,12730,11806
47994.168,12731,11806
47995.266,12732,11806
47996.813,12733,11806
47996.849,12734,11806
47998.104,12735,11806
47998.195,12736,11806
47999.316,12737,11806
48000.074,12738,11806
48000.538,12739,11806
48001.19,12740,11806
48001.481,12741,11806
48001.721,12742,11806
48002.353,12743,11806
48003.321,12744,11806
48003.594,12745,11806
48004.769,12746,11806
48004.937,12747,11806
48005.081,12748,11806
48005.165,12749,11806
48005.546,12750,11806
48005.671,12751,11806
48005.988,12752,11806
48006.349,12753,11806
48007.242,12754,11806
48007.646,12755,11806
48007.784,12756,11806
48008.012,12757,11806
48008.308,12758,11806
48009.286,12759,11806
48009.65,12760,11806
48010.991,12761,11806
48013.388,12762,11806
48013.716,12763,11806
48015.05,12764,11806
48015.158,12765,11806
48015.669,12766,11806
48016.628,12767,11806
48017.44,12768,11806
48017.874,12769,11806
48019.864,12770,11806
48020.622,12771,11806
48021.06,12772,11806
48021.875,12773,11806
48022.902,12774,11806
48024.502,12775,11806
48024.72,12776,11806
48025.186,12777,11806
48025.691,12778,11806
48025.874,12779,11806
48026.166,12780,11806
48027.7,12781,11806
48028.008,12782,11806
48029.013,12783,11806
48029.091,12784,11806
48029.149,12785,11806
48031.537,12786,11806
48031.999,12787,11806
48033.859,12788,11806
48034.443,12789,11806
48036.1,12790,11806
48036.638,12791,11806
48037.232,12792,11806
48037.341,12793,11806
48039.537,12794,11806
48040.516,12795,11806
48042.771,12796,11806
48043.051,12797,11806
48045.322,12798,11806
48045.41,12799,11806
48045.747,12800,11806
48046.702,12801,11806
48047.579,12802,11806
48049.123,12803,11806
48052.127,12804,11806
48054.103,12805,11806
48054.345,12806,11806
48055.63,12807,11806
48056.505,12808,11806
48057.291,12809,11806
48057.818,12810,11806
48057.891,12811,11806
48060.663,12812,11806
48060.81,12813,11806
48062.084,12814,11806
48062.42,12815,11806
48064.614,12816,11806
48067.049,12817,11806
48067.516,12818,11806
48067.897,12819,11806
48068.566,12820,11806
48070.482,12821,11806
48071.034,12822,11806
48071.636,12823,11806
48072.113,12824,11806
48072.3,12825,11806
48074.099,12826,11806
48074.621,12827,11807
48075.66,12828,11807
48075.937,12829,11807
48077.213,12830,11807
48077.556,12831,11807
48077.976,12832,11807
48080.625,12833,11807
48081.485,12834,11807
48082.745,12835,11807
48086.569,12836,11807
48086.97,12837,11807
48087.47,12838,11807
48087.713,12839,11807
48088.301,12840,11807
48088.978,12841,11807
48089.558,12842,11807
48090.955,12843,11807
48091.423,12844,11807
48093.147,12845,11807
48093.905,12846,11807
48093.959,12847,11807
48094.48,12848,11807
48095.255,12849,11807
48096.012,12850,11807
48097.117,12851,11807
48100.431,12852,11807
48100.459,12853,11807
48101.337,12854,11807
48102.7,12855,11807
48103.361,12856,11807
48105.411,12857,11807
48106.492,12858,11807
48106.625,12859,11807
48106.648,12860,11807
48110.653,12861,11807
48111.174,12862,11807
48111.898,12863,11807
48111.97,12864,11807
48112.06,12865,11807
48112.324,12866,11807
48112.423,12867,11807
48112.968,12868,11807
48114.056,12869,11807
48114.953,12870,11807
48116.334,12871,11807
48118.103,12872,11807
48120.849,12873,11807
48121.257,12874,11807
48121.607,12875,11807
48124.433,12876,11807
48124.675,12877,11807
48124.765,12878,11807
48127.263,12879,11807
48127.382,12880,11807
48131.13,12881,11807
48131.853,12882,11807
48132.903,12883,11807
48135.385,12884,11807
48135.433,12885,11807
48135.451,12886,11807
48135.8,12887,11807
48135.872,12888,11807
48137.917,12889,11807
48138.177,12890,11807
48140.503,12891,11807
48140.83,12892,11807
48141.795,12893,11807
48146.06,12894,11807
48146.972,12895,11807
48147.879,12896,11807
48151.485,12897,11807
48153.502,12898,11807
48154.216,12899,11807
48154.495,12900,11807
48155.034,12901,11807
48155.131,12902,11807
48157.869,12903,11807
48161.917,12904,11807
48162.372,12905,11807
48163.09,12906,11807
48163.883,12907,11807
48164.636,12908,11807
48166.726,12909,11807
48167.353,12910,11807
48168.422,12911,11807
48168.869,12912,11807
48171.597,12913,11807
48171.764,12914,11807
48172.084,12915,11807
48173.124,12916,11807
48174.148,12917,11807
48175.129,12918,11807
48175.623,12919,11807
48175.86,12920,11807
48177.044,12921,11807
48179.118,12922,11807
48180.348,12923,11807
48181.35,12924,11807
48183.929,12925,11807
48186.56,12926,11807
48190.224,12927,11807
48191.436,12928,11807
48193.08,12929,11807
48194.792,12930,11807
48195.049,12931,11807
48202.928,12932,11807
48203.597,12933,11807
48203.68,12934,11807
48203.805,12935,11807
48203.882,12936,11807
48204.041,12937,11807
48204.502,12938,11807
48204.794,12939,11807
48207.976,12940,11808
48208.098,12941,11808
48208.589,12942,11808
48209.679,12943,11808
48210.741,12944,11808
48211.589,12945,11808
48212.433,12946,11809
48212.701,12947,11809
48213.395,12948,11809
48213.719,12949,11809
48213.913,12950,11809
48215.011,12951,11809
48215.106,12952,11809
48215.182,12953,11809
48216.061,12954,11809
48217.605,12955,11809
48218.843,12956,11809
48219.463,12957,11809
48220.752,12958,11809
48221.394,12959,11809
48221.464,12960,11809
48223.167,12961,11809
48225.635,12962,11809
48226.181,12963,11809
48226.347,12964,11809
48228.94,12965,11809
48230.471,12966,11809
48230.899,12967,11809
48231.463,12968,11809
48231.554,12969,11809
48233.191,12970,11809
48235.631,12971,11809
48236.002,12972,11809
48236.424,12973,11809
48236.615,12974,11809
48236.767,12975,11809
48237.807,12976,11809
48239.394,12977,11809
48239.501,12978,11809
48242.379,12979,11809
48243.237,12980,11809
48244.7,12981,11809
48244.738,12982,11809
48244.798,12983,11809
48245.025,12984,11809
48246.616,12985,11809
48247.695,12986,11809
48248.608,12987,11809
48251.344,12988,11809
48253.674,12989,11809
48255.622,12990,11809
48258.841,12991,11809
48259.803,12992,11809
48264.573,12993,11809
48269.077,12994,11809
48269.218,12995,11809
48269.686,12996,11809
48269.966,12997,11809
48270.389,12998,11809
48270.829,12999,11809
48272.713,13000,11809
48274.441,13001,11809
48276.571,13002,11809
48276.62,13003,11809
48277.191,13004,11809
48277.311,13005,11809
48277.347,13006,11809
48277.655,13007,11809
48278.073,13008,11809
48278.759,13009,11809
48278.779,13010,11809
48278.808,13011,11809
48280.815,13012,11809
48281.024,13013,11809
48281.68,13014,11809
48284.427,13015,11809
48285.538,13016,11809
48285.655,13017,11809
48286.203,13018,11810
48287.999,13019,11810
48288.64,13020,11810
48288.907,13021,11810
48289.215,13022,11810
48291.539,13023,11810
48292.578,13024,11810
48293.084,13025,11810
48293.733,13026,11810
48293.948,13027,11810
48295.391,13028,11810
48296.115,13029,11810
48296.604,13030,11810
48297.26,13031,11810
48300.308,13032,11810
48300.534,13033,11810
48300.572,13034,11810
48308.975,13035,11810
48310.766,13036,11810
48311.342,13037,11810
48311.453,13038,11810
48313.094,13039,11810
48313.129,13040,11810
48315.537,13041,11810
48319.21,13042,11810
48321.365,13043,11810
48321.46,13044,11810
48322.357,13045,11810
48322.748,13046,11810
48322.867,13047,11810
48322.898,13048,11810
48323.266,13049,11811
48324.4,13050,11811
48325.407,13051,11811
48328.485,13052,11811
48329.192,13053,11811
48329.318,13054,11811
48330.21,13055,11811
48332.019,13056,11811
48341.435,13057,11811
48342.573,13058,11811
48345.486,13059,11811
48346.422,13060,11811
48349.961,13061,11811
48350.164,13062,11811
48350.588,13063,11811
48350.924,13064,11811
48354.808,13065,11811
48360.32,13066,11811
48361.259,13067,11811
48361.641,13068,11811
48363.869,13069,11811
48365.336,13070,11811
48366.445,13071,11811
48367.97,13072,11811
48369.597,13073,11811
48370.962,13074,11811
48373.604,13075,11811
48373.951,13076,11811
48374.851,13077,11811
48379.622,13078,11811
48381.333,13079,11811
48383.783,13080,11811
48385.618,13081,11811
48385.714,13082,11811
48385.947,13083,11811
48386.165,13084,11811
48387.506,13085,11811
48387.969,13086,11811
48389.863,13087,11811
48391.918,13088,11811
48393.434,13089,11811
48396.273,13090,11811
48396.927,13091,11811
48398.612,13092,11811
48398.947,13093,11811
48407.445,13094,11811
48407.524,13095,11811
48407.685,13096,11811
48407.708,13097,11811
48410.418,13098,11811
48411.232,13099,11811
48412.324,13100,11811
48413.903,13101,11811
48416.162,13102,11811
48416.181,13103,11811
48420.982,13104,11811
48422.443,13105,11811
48425.567,13106,11811
48438.12,13107,11811
48440.245,13108,11811
48441.364,13109,11811
48441.823,13110,11811
48443.064,13111,11811
48443.482,13112,11811
48443.859,13113,11811
48451.126,13114,11811
48451.572,13115,11811
48452.511,13116,11811
48452.966,13117,11811
48454.025,13118,11811
48454.784,13119,11811
48456.418,13120,11811
48457.832,13121,11811
48458.32,13122,11811
48463.03,13123,11811
48464.572,13124,11811
48467.238,13125,11811
48467.288,13126,11811
48467.84,13127,11811
48468.585,13128,11811
48469.541,13129,11811
48469.593,13130,11811
48469.957,13131,11811
48471.294,13132,11811
48471.663,13133,11811
48471.752,13134,11811
48472.353,13135,11811
48474.602,13136,11811
48474.639,13137,11811
48475.263,13138,11811
48482.964,13139,11811
48484.256,13140,11811
48485.976,13141,11811
48487.579,13142,11811
48487.699,13143,11811
48488.317,13144,11811
48489.403,13145,11811
48491.537,13146,11811
48495.631,13147,11811
48497.878,13148,11811
48499.481,13149,11811
48506.081,13150,11811
48506.855,13151,11811
48510.784,13152,11811
48515.512,13153,11811
48515.833,13154,11811
48516.031,13155,11811
48519.608,13156,11811
48520.198,13157,11811
48521.423,13158,11811
48522.099,13159,11811
48522.787,13160,11811
48523.547,13161,11811
48525.521,13162,11811
48525.808,13163,11811
48525.851,13164,11811
48525.993,13165,11811
48526.304,13166,11811
48529.317,13167,11811
48532.129,13168,11811
48533.411,13169,11811
48540.536,13170,11811
48545.037,13171,11811
48545.639,13172,11811
48546.2,13173,11811
48546.312,13174,11811
48547.472,13175,11811
48551.723,13176,11811
48554.195,13177,11811
48554.707,13178,11811
48557.45,13179,11811
48557.474,13180,11811
48561.952,13181,11811
48563.714,13182,11811
48572.293,13183,11811
48577.031,13184,11811
48577.692,13185,11811
48578.155,13186,11811
48578.971,13187,11811
48582.807,13188,11811
48583.795,13189,11811
48592.55,13190,11811
48593.85,13191,11811
48594.861,13192,11811
48598.332,13193,11811
48599.538,13194,11811
48599.833,13195,11811
48601.573,13196,11811
48602.109,13197,11811
48603.28,13198,11811
48604.817,13199,11811
48612.667,13200,11811
48614.216,13201,11811
48617.855,13202,11811
48618.617,13203,11811
48620.038,13204,11811
48625.913,13205,11811
48627.953,13206,11811
48634.82,13207,11811
48636.284,13208,11811
48637.305,13209,11811
48639.772,13210,11811
48641.714,13211,11811
48643.164,13212,11811
48643.987,13213,11811
48644.277,13214,11811
48648.229,13215,11811
48648.586,13216,11811
48649.899,13217,11811
48660.503,13218,11811
48664.369,13219,11811
48679.941,13220,11811
48682.592,13221,11811
48683.394,13222,11811
48685.487,13223,11811
48687.192,13224,11811
48690.682,13225,11811
48690.883,13226,11811
48692.325,13227,11811
48694.077,13228,11811
48695.859,13229,11811
48696.864,13230,11811
48698.336,13231,11811
48698.971,13232,11811
48703.208,13233,11811
48707.507,13234,11811
48708.428,13235,11811
48717.43,13236,11811
48728.682,13237,11811
48735.493,13238,11811
48735.873,13239,11811
48738.879,13240,11811
48740.25,13241,11811
48740.373,13242,11811
48749.431,13243,11811
48749.524,13244,11811
48749.928,13245,11811
48753.78,13246,11811
48755.682,13247,11811
48756.297,13248,11811
48756.911,13249,11811
48757.653,13250,11811
48758.714,13251,11811
48763.905,13252,11811
48766.946,13253,11811
48768.431,13254,11811
48770.704,13255,11811
48771.217,13256,11816
48771.59,13257,11816
48774.94,13258,11816
48778.203,13259,11816
48778.394,13260,11816
48778.618,13261,11816
48780.251,13262,11816
48781.455,13263,11816
48781.851,13264,11816
48783.42,13265,11816
48792.616,13266,11816
48793.506,13267,11816
48794.986,13268,11816
48813.633,13269,11816
48817.581,13270,11816
48818.678,13271,11816
48820.071,13272,11816
48825.22,13273,11816
48825.83,13274,11816
48830.436,13275,11816
48831.788,13276,11816
48838.811,13277,11816
48838.956,13278,11816
48844.537,13279,11816
48845.088,13280,11816
48846.485,13281,11816
48850.027,13282,11816
48850.979,13283,11816
48853.978,13284,11816
48854.692,13285,11816
48858.246,13286,11816
48858.96,13287,11816
48862.042,13288,11816
48862.795,13289,11816
48863.576,13290,11816
48866.976,13291,11816
48867.353,13292,11816
48867.733,13293,11816
48869.155,13294,11816
48869.209,13295,11816
48871.521,13296,11816
48886.753,13297,11816
48889.902,13298,11816
48893.434,13299,11816
48895.398,13300,11816
48896.455,13301,11816
48897.056,13302,11816
48897.409,13303,11816
48897.618,13304,11816
48899.357,13305,11816
48900.674,13306,11817
48901.884,13307,11817
48905.683,13308,11817
48905.768,13309,11817
48908.862,13310,11817
48910.472,13311,11817
48911.583,13312,11817
48913.918,13313,11817
48914.697,13314,11817
48915.729,13315,11817
48916.876,13316,11817
48917.378,13317,11817
48920.627,13318,11817
48924.108,13319,11817
48925.518,13320,11817
48929.161,13321,11817
48929.28,13322,11817
48931.024,13323,11817
48931.047,13324,11817
48931.194,13325,11817
48934.298,13326,11817
48941.595,13327,11817
48941.891,13328,11817
48945.781,13329,11817
48945.882,13330,11817
48946.326,13331,11817
48951.306,13332,11817
48951.766,13333,11817
48953.227,13334,11817
48953.513,13335,11817
48957.397,13336,11817
48958.802,13337,11817
48960.981,13338,11817
48967.766,13339,11817
48970.816,13340,11817
48973.877,13341,11817
48976.635,13342,11817
48981.058,13343,11817
48981.974,13344,11817
48983.49,13345,11817
48983.754,13346,11817
48984.588,13347,11817
48984.64,13348,11817
48988.567,13349,11817
48990.048,13350,11817
49002.346,13351,11817
49003.55,13352,11817
49005.0,13353,11817
49005.231,13354,11817
49012.023,13355,11817
49012.061,13356,11817
49015.094,13357,11817
49015.577,13358,11817
49026.593,13359,11817
49041.409,13360,11817
49042.316,13361,11817
49042.593,13362,11817
49044.011,13363,11817
49045.107,13364,11817
49065.912,13365,11817
49067.469,13366,11817
49067.495,13367,11817
49067.537,13368,11817
49071.297,13369,11817
49078.795,13370,11817
49079.72,13371,11817
49082.215,13372,11817
49083.285,13373,11817
49085.596,13374,11817
49092.17,13375,11817
49096.427,13376,11817
49098.622,13377,11817
49102.237,13378,11817
49102.514,13379,11817
49106.162,13380,11817
49107.778,13381,11817
49110.042,13382,11817
49114.024,13383,11817
49115.616,13384,11817
49116.522,13385,11817
49116.56,13386,11817
49116.661,13387,11817
49117.199,13388,11817
49117.417,13389,11817
49117.935,13390,11817
49124.597,13391,11817
49137.372,13392,11818
49139.723,13393,11818
49154.885,13394,11818
49155.024,13395,11818
49160.38,13396,11818
49166.51,13397,11818
49167.139,13398,11818
49168.094,13399,11818
49169.22,13400,11818
49170.351,13401,11818
49170.907,13402,11818
49171.006,13403,11818
49171.164,13404,11818
49175.288,13405,11818
49201.612,13406,11818
49204.631,13407,11818
49207.231,13408,11818
49211.029,13409,11818
49211.609,13410,11818
49216.34,13411,11818
49217.625,13412,11818
49218.148,13413,11818
49218.616,13414,11818
49221.473,13415,11818
49229.573,13416,11818
49245.774,13417,11818
49252.11,13418,11818
49260.911,13419,11818
49263.813,13420,11818
49264.338,13421,11818
49265.657,13422,11818
49265.871,13423,11818
49267.189,13424,11818
49268.88,13425,11818
49270.853,13426,11819
49271.823,13427,11819
49273.203,13428,11819
49274.097,13429,11819
49274.145,13430,11819
49278.676,13431,11819
49279.655,13432,11819
49281.313,13433,11819
49282.341,13434,11819
49291.06,13435,11819
49295.777,13436,11819
49297.601,13437,11819
49300.606,13438,11819
49300.675,13439,11819
49300.705,13440,11819
49303.398,13441,11819
49303.841,13442,11819
49304.387,13443,11819
49305.205,13444,11819
49315.11,13445,11819
49318.426,13446,11819
49321.024,13447,11819
49322.95,13448,11819
49328.705,13449,11819
49331.795,13450,11819
49333.476,13451,11819
49333.629,13452,11819
49334.365,13453,11819
49335.026,13454,11819
49338.895,13455,11819
49338.932,13456,11819
49341.435,13457,11819
49343.027,13458,11819
49346.62,13459,11819
49347.694,13460,11819
49357.537,13461,11819
49363.127,13462,11819
49364.809,13463,11819
49375.188,13464,11821
49381.606,13465,11821
49381.999,13466,11821
49382.801,13467,11821
49383.783,13468,11821
49386.441,13469,11821
49386.9,13470,11821
49388.239,13471,11822
49409.877,13472,11822
49416.22,13473,11822
49417.288,13474,11822
49422.382,13475,11822
49422.478,13476,11822
49431.479,13477,11822
49431.643,13478,11822
49438.181,13479,11822
49441.731,13480,11822
49445.282,13481,11822
49446.596,13482,11822
49450.243,13483,11822
49465.18,13484,11822
49466.258,13485,11822
49466.386,13486,11822
49466.832,13487,11822
49476.73,13488,11822
49477.551,13489,11822
49477.723,13490,11822
49478.951,13491,11822
49486.778,13492,11822
49486.85,13493,11822
49491.492,13494,11822
49492.214,13495,11822
49493.454,13496,11822
49497.12,13497,11822
49498.194,13498,11822
49504.543,13499,11822
49513.168,13500,11822
49513.495,13501,11822
49513.536,13502,11822
49515.492,13503,11822
49521.756,13504,11822
49524.543,13505,11823
49535.029,13506,11823
49554.122,13507,11823
49557.632,13508,11823
49558.311,13509,11823
49560.497,13510,11823
49561.144,13511,11823
49572.429,13512,11823
49576.189,13513,11823
49576.593,13514,11823
49584.723,13515,11823
49598.669,13516,11823
49598.744,13517,11823
49599.485,13518,11823
49599.661,13519,11823
49603.0,13520,11823
49607.96,13521,11823
49612.958,13522,11823
49613.365,13523,11824
49616.804,13524,11824
49620.288,13525,11824
49624.777,13526,11824
49627.744,13527,11824
49628.007,13528,11824
49629.448,13529,11824
49629.704,13530,11824
49630.157,13531,11824
49640.452,13532,11824
49643.643,13533,11824
49645.338,13534,11824
49648.772,13535,11824
49650.484,13536,11824
49651.044,13537,11824
49651.442,13538,11824
49652.537,13539,11824
49653.345,13540,11824
49658.933,13541,11824
49661.097,13542,11824
49666.604,13543,11824
49666.654,13544,11824
49671.189,13545,11824
49671.67,13546,11824
49683.976,13547,11824
49684.062,13548,11824
49686.7,13549,11824
49693.496,13550,11824
49699.211,13551,11824
49707.529,13552,11824
49710.396,13553,11824
49724.225,13554,11824
49724.41,13555,11824
49724.436,13556,11824
49724.896,13557,11824
49729.935,13558,11824
49748.924,13559,11824
49749.992,13560,11824
49759.315,13561,11824
49761.254,13562,11824
49764.636,13563,11824
49769.011,13564,11824
49774.493,13565,11824
49776.074,13566,11824
49777.864,13567,11824
49777.886,13568,11824
49777.963,13569,11824
49779.32,13570,11824
49779.346,13571,11824
49779.687,13572,11824
49780.312,13573,11824
49780.637,13574,11824
49782.139,13575,11824
49782.888,13576,11824
49783.491,13577,11824
49784.609,13578,11824
49792.669,13579,11824
49793.723,13580,11824
49799.32,13581,11824
49805.451,13582,11824
49807.153,13583,11824
49814.052,13584,11824
49814.887,13585,11824
49815.191,13586,11824
49821.207,13587,11824
49826.324,13588,11824
49842.254,13589,11824
49848.211,13590,11824
49850.197,13591,11824
49852.312,13592,11824
49858.636,13593,11824
49859.406,13594,11824
49859.473,13595,11824
49859.834,13596,11824
49860.374,13597,11824
49861.047,13598,11824
49861.488,13599,11824
49863.492,13600,11824
49864.474,13601,11824
49866.282,13602,11824
49867.249,13603,11824
49872.926,13604,11824
49879.631,13605,11824
49879.708,13606,11824
49884.221,13607,11824
49894.514,13608,11824
49917.448,13609,11824
49920.337,13610,11824
49922.714,13611,11824
49922.851,13612,11824
49928.821,13613,11825
49929.521,13614,11825
49929.6,13615,11825
49929.672,13616,11825
49932.04,13617,11825
49943.793,13618,11825
49947.878,13619,11825
49951.781,13620,11825
49953.688,13621,11825
49953.848,13622,11825
49953.972,13623,11825
49965.51,13624,11825
49968.917,13625,11825
49972.076,13626,11825
50000.59,13627,11825
50002.778,13628,11825
50010.543,13629,11825
50022.665,13630,11825
50024.419,13631,11825
50024.728,13632,11825
50025.936,13633,11825
50026.445,13634,11825
50028.411,13635,11825
50030.372,13636,11825
50032.565,13637,11825
50040.891,13638,11825
50041.362,13639,11825
50041.692,13640,11825
50048.161,13641,11825
50048.587,13642,11825
50049.964,13643,11825
50052.839,13644,11825
50058.557,13645,11825
50062.412,13646,11825
50062.485,13647,11826
50063.749,13648,11826
50066.553,13649,11826
50066.753,13650,11826
50070.987,13651,11826
50081.149,13652,11826
50081.882,13653,11826
50085.544,13654,11826
50095.692,13655,11826
50095.761,13656,11826
50095.849,13657,11826
50095.901,13658,11826
50095.931,13659,11826
50095.995,13660,11826
50096.56,13661,11826
50096.952,13662,11826
50096.996,13663,11826
50097.488,13664,11826
50098.205,13665,11826
50099.377,13666,11826
50100.313,13667,11826
50102.053,13668,11826
50103.076,13669,11826
50105.187,13670,11826
50106.122,13671,11826
50106.245,13672,11826
50113.791,13673,11826
50115.047,13674,11826
50116.209,13675,11826
50118.8,13676,11826
50120.497,13677,11826
50122.113,13678,11826
50126.843,13679,11826
50130.213,13680,11826
50132.08,13681,11826
50135.123,13682,11826
50136.385,13683,11826
50140.168,13684,11826
50141.297,13685,11826
50142.702,13686,11826
50147.762,13687,11826
50153.293,13688,11826
50156.062,13689,11826
50160.667,13690,11826
50160.772,13691,11826
50190.78,13692,11826
50195.978,13693,11826
50204.453,13694,11826
50206.874,13695,11826
50207.489,13696,11826
50209.176,13697,11826
50210.036,13698,11826
50216.231,13699,11826
50216.463,13700,11826
50216.681,13701,11826
50222.032,13702,11826
50224.724,13703,11826
50228.107,13704,11827
50230.467,13705,11827
50234.322,13706,11827
50239.506,13707,11827
50239.685,13708,11827
50239.964,13709,11828
50240.224,13710,11828
50240.842,13711,11828
50241.74,13712,11828
50242.384,13713,11828
50242.764,13714,11828
50242.853,13715,11829
50243.262,13716,11829
50245.944,13717,11829
50247.1,13718,11829
50247.788,13719,11829
50249.129,13720,11829
50250.487,13721,11829
50251.525,13722,11829
50252.329,13723,11829
50253.111,13724,11829
50254.153,13725,11829
50255.18,13726,11829
50255.23,13727,11829
50262.444,13728,11829
50262.503,13729,11829
50265.758,13730,11829
50267.081,13731,11829
50268.917,13732,11829
50269.326,13733,11829
50273.848,13734,11829
50280.323,13735,11829
50288.471,13736,11829
50291.435,13737,11829
50291.911,13738,11829
50292.519,13739,11829
50293.741,13740,11829
50302.706,13741,11829
50321.733,13742,11829
50330.126,13743,11829
50330.304,13744,11829
50337.867,13745,11829
50341.429,13746,11829
50343.879,13747,11829
50348.365,13748,11829
50350.102,13749,11829
50351.03,13750,11829
50354.381,13751,11829
50356.419,13752,11829
50360.319,13753,11829
50363.029,13754,11829
50365.496,13755,11829
50380.753,13756,11829
50386.686,13757,11829
50391.205,13758,11829
50397.796,13759,11829
50403.224,13760,11829
50411.309,13761,11829
50412.211,13762,11829
50417.184,13763,11829
50417.205,13764,11829
50417.48,13765,11829
50417.524,13766,11829
50417.836,13767,11829
50419.305,13768,11829
50423.655,13769,11829
50424.284,13770,11829
50424.695,13771,11829
50424.998,13772,11829
50427.793,13773,11829
50431.637,13774,11829
50439.426,13775,11829
50441.344,13776,11829
50443.997,13777,11829
50447.022,13778,11829
50451.016,13779,11830
50451.523,13780,11830
50452.188,13781,11830
50452.203,13782,11830
50455.043,13783,11830
50457.891,13784,11831
50460.989,13785,11831
50473.713,13786,11831
50489.715,13787,11831
50493.236,13788,11831
50496.28,13789,11831
50501.939,13790,11831
50512.084,13791,11831
50513.357,13792,11831
50516.341,13793,11831
50516.634,13794,11831
50517.868,13795,11831
50518.92,13796,11831
50527.484,13797,11831
50545.901,13798,11831
50550.895,13799,11831
50553.103,13800,11831
50553.193,13801,11831
50553.35,13802,11831
50553.386,13803,11831
50553.414,13804,11831
50553.434,13805,11831
50553.731,13806,11831
50553.939,13807,11831
50553.977,13808,11831
50554.281,13809,11831
50554.698,13810,11831
50554.787,13811,11831
50555.221,13812,11831
50556.36,13813,11831
50556.935,13814,11831
50559.24,13815,11831
50559.442,13816,11831
50560.577,13817,11831
50561.705,13818,11831
50563.287,13819,11831
50565.798,13820,11831
50566.99,13821,11831
50571.684,13822,11831
50574.838,13823,11831
50574.932,13824,11831
50577.819,13825,11831
50578.533,13826,11831
50579.421,13827,11831
50579.439,13828,11831
50579.966,13829,11831
50582.572,13830,11831
50585.896,13831,11831
50586.045,13832,11831
50587.138,13833,11831
50590.407,13834,11831
50590.765,13835,11831
50592.563,13836,11831
50594.144,13837,11831
50595.253,13838,11831
50596.153,13839,11831
50597.719,13840,11831
50598.637,13841,11831
50599.021,13842,11831
50605.923,13843,11831
50617.896,13844,11831
50621.433,13845,11831
50624.996,13846,11831
50630.401,13847,11831
50630.418,13848,11831
50630.455,13849,11831
50630.496,13850,11831
50630.66,13851,11832
50630.678,13852,11832
50630.735,13853,11832
50630.984,13854,11833
50631.042,13855,11833
50631.119,13856,11834
50631.191,13857,11836
50631.227,13858,11836
50631.427,13859,11836
50632.863,13860,11836
50632.903,13861,11836
50633.007,13862,11836
50633.486,13863,11836
50634.033,13864,11836
50634.347,13865,11836
50635.002,13866,11836
50635.362,13867,11836
50635.464,13868,11836
50635.579,13869,11836
50635.664,13870,11836
50636.435,13871,11836
50637.689,13872,11836
50638.07,13873,11836
50638.467,13874,11836
50639.046,13875,11836
50639.9,13876,11836
50640.333,13877,11836
50641.059,13878,11836
50641.271,13879,11836
50641.676,13880,11836
50641.853,13881,11836
50642.365,13882,11836
50642.614,13883,11836
50642.753,13884,11836
50645.479,13885,11836
50645.968,13886,11836
50646.075,13887,11836
50646.351,13888,11836
50646.388,13889,11836
50646.962,13890,11836
50647.407,13891,11836
50648.978,13892,11836
50649.177,13893,11836
50650.164,13894,11836
50650.853,13895,11836
50651.566,13896,11836
50653.245,13897,11836
50653.275,13898,11836
50653.943,13899,11836
50653.995,13900,11836
50654.255,13901,11836
50654.863,13902,11836
50655.007,13903,11836
50657.079,13904,11836
50657.257,13905,11836
50659.467,13906,11836
50659.961,13907,11836
50661.248,13908,11836
50661.386,13909,11836
50662.728,13910,11836
50663.912,13911,11836
50664.291,13912,11836
50664.406,13913,11837
50665.797,13914,11837
50665.854,13915,11837
50667.414,13916,11837
50667.789,13917,11837
50668.222,13918,11837
50668.34,13919,11837
50669.504,13920,11837
50669.542,13921,11837
50672.348,13922,11837
50673.059,13923,11837
50676.519,13924,11837
50682.228,13925,11837
50706.471,13926,11837
50709.761,13927,11837
50710.025,13928,11837
50710.308,13929,11837
50710.593,13930,11837
50711.089,13931,11838
50711.986,13932,11838
50712.433,13933,11838
50713.069,13934,11838
50714.093,13935,11838
50714.734,13936,11838
50716.67,13937,11838
50716.869,13938,11838
50717.738,13939,11838
50718.453,13940,11838
50718.755,13941,11838
50719.339,13942,11838
50719.491,13943,11838
50719.879,13944,11838
50720.738,13945,11838
50721.977,13946,11838
50723.632,13947,11838
50724.612,13948,11838
50730.502,13949,11838
50731.975,13950,11839
50732.314,13951,11839
50732.391,13952,11839
50733.587,13953,11839
50733.877,13954,11839
50735.575,13955,11839
50738.276,13956,11839
50738.997,13957,11839
50739.319,13958,11839
50740.009,13959,11839
50746.892,13960,11839
50749.796,13961,11839
50750.328,13962,11839
50755.711,13963,11839
50757.124,13964,11839
50757.304,13965,11839
50760.504,13966,11839
50761.315,13967,11839
50762.244,13968,11839
50764.363,13969,11839
50765.202,13970,11839
50766.392,13971,11839
50773.769,13972,11839
50782.882,13973,11839
50789.06,13974,11839
50790.353,13975,11839
50798.956,13976,11839
50799.26,13977,11839
50801.714,13978,11839
50805.297,13979,11839
50806.455,13980,11840
50807.811,13981,11840
50813.286,13982,11841
50819.074,13983,11841
50830.704,13984,11841
50841.648,13985,11841
50847.05,13986,11841
50847.162,13987,11841
50848.629,13988,11841
50849.3,13989,11841
50850.917,13990,11841
50851.319,13991,11841
50854.045,13992,11841
50854.11,13993,11841
50856.286,13994,11841
50857.895,13995,11841
50860.134,13996,11841
50861.327,13997,11841
50861.368,13998,11841
50864.493,13999,11841
50870.546,14000,11841
50876.043,14001,11841
50876.947,14002,11841
50893.452,14003,11841
50893.778,14004,11841
50893.841,14005,11841
50894.48,14006,11841
50894.723,14007,11841
50894.859,14008,11841
50895.118,14009,11841
50896.096,14010,11841
50896.351,14011,11841
50896.534,14012,11841
50897.127,14013,11841
50898.211,14014,11841
50898.908,14015,11841
50899.552,14016,11841
50900.209,14017,11841
50900.335,14018,11841
50900.53,14019,11841
50901.096,14020,11841
50902.391,14021,11841
50904.535,14022,11841
50904.744,14023,11841
50906.874,14024,11841
50907.132,14025,11841
50909.041,14026,11841
50909.897,14027,11841
50910.55,14028,11841
50911.125,14029,11841
50911.278,14030,11841
50912.468,14031,11841
50913.03,14032,11841
50913.375,14033,11841
50914.112,14034,11841
50916.254,14035,11841
50918.116,14036,11841
50918.891,14037,11841
50919.251,14038,11841
50920.628,14039,11841
50920.934,14040,11841
50923.099,14041,11841
50923.133,14042,11841
50924.27,14043,11841
50931.801,14044,11841
50932.59,14045,11841
50933.749,14046,11841
50938.662,14047,11841
50946.602,14048,11841
50948.9,14049,11841
50955.939,14050,11841
50956.679,14051,11841
50956.882,14052,11841
50958.211,14053,11841
50960.555,14054,11841
50967.727,14055,11841
50969.828,14056,11841
50970.444,14057,11841
50971.475,14058,11841
50972.856,14059,11841
50976.523,14060,11841
50977.91,14061,11841
50985.92,14062,11841
50992.681,14063,11841
50993.163,14064,11841
50993.476,14065,11841
50993.633,14066,11841
50994.64,14067,11841
50994.737,14068,11841
50995.443,14069,11841
50995.814,14070,11841
51015.174,14071,11841
51028.897,14072,11841
51030.478,14073,11841
51033.706,14074,11841
51033.875,14075,11841
51034.39,14076,11841
51035.145,14077,11841
51035.271,14078,11841
51035.367,14079,11841
51035.691,14080,11841
51035.915,14081,11841
51036.438,14082,11841
51036.637,14083,11841
51037.136,14084,11841
51037.678,14085,11841
51037.77,14086,11841
51038.247,14087,11841
51038.586,14088,11841
51041.205,14089,11841
51042.421,14090,11841
51042.552,14091,11841
51042.715,14092,11841
51047.559,14093,11841
51048.231,14094,11841
51048.542,14095,11841
51049.172,14096,11841
51052.094,14097,11841
51052.711,14098,11841
51053.105,14099,11841
51053.433,14100,11841
51053.834,14101,11841
51054.184,14102,11841
51055.908,14103,11841
51056.124,14104,11841
51071.975,14105,11842
51072.137,14106,11842
51073.598,14107,11842
51074.202,14108,11842
51084.285,14109,11842
51087.433,14110,11842
51091.431,14111,11842
51095.081,14112,11842
51095.298,14113,11842
51103.777,14114,11842
51107.536,14115,11842
51111.138,14116,11842
51120.252,14117,11842
51120.349,14118,11842
51120.397,14119,11842
51121.396,14120,11842
51123.266,14121,11842
51127.177,14122,11842
51146.982,14123,11842
51157.926,14124,11842
51159.613,14125,11842
51160.267,14126,11842
51160.641,14127,11842
51160.748,14128,11842
51161.467,14129,11842
51163.655,14130,11842
51166.801,14131,11842
51166.936,14132,11842
51167.697,14133,11842
51168.73,14134,11842
51168.797,14135,11842
51169.931,14136,11842
51170.354,14137,11842
51171.148,14138,11842
51171.562,14139,11842
51177.059,14140,11842
51177.638,14141,11842
51177.715,14142,11842
51180.556,14143,11842
51181.23,14144,11842
51182.038,14145,11842
51184.064,14146,11842
51186.99,14147,11843
51187.267,14148,11843
51187.411,14149,11843
51188.868,14150,11843
51189.131,14151,11843
51190.342,14152,11843
51192.772,14153,11843
51194.263,14154,11843
51204.202,14155,11843
51205.209,14156,11843
51205.761,14157,11843
51213.455,14158,11843
51213.741,14159,11843
51214.385,14160,11843
51214.731,14161,11843
51215.258,14162,11843
51215.303,14163,11843
51215.389,14164,11843
51217.839,14165,11843
51221.561,14166,11843
51231.775,14167,11843
51232.393,14168,11843
51233.84,14169,11843
51238.661,14170,11843
51242.216,14171,11843
51249.391,14172,11843
51250.095,14173,11843
51262.891,14174,11843
51263.188,14175,11843
51275.542,14176,11843
51279.37,14177,11843
51295.875,14178,11843
51301.796,14179,11843
51302.346,14180,11843
51304.726,14181,11843
51305.139,14182,11843
51305.678,14183,11843
51306.167,14184,11843
51306.669,14185,11843
51308.83,14186,11843
51309.709,14187,11843
51311.031,14188,11843
51313.417,14189,11843
51313.929,14190,11843
51314.637,14191,11843
51315.008,14192,11843
51318.321,14193,11843
51319.931,14194,11843
51321.668,14195,11843
51321.813,14196,11843
51324.314,14197,11843
51325.07,14198,11843
51325.266,14199,11843
51325.811,14200,11843
51328.064,14201,11843
51328.327,14202,11843
51328.821,14203,11843
51330.349,14204,11843
51332.621,14205,11843
51332.8,14206,11843
51334.241,14207,11843
51335.387,14208,11843
51335.813,14209,11843
51336.94,14210,11843
51339.744,14211,11843
51354.863,14212,11843
51355.111,14213,11843
51355.174,14214,11843
51355.689,14215,11843
51357.39,14216,11843
51357.919,14217,11843
51358.195,14218,11843
51358.492,14219,11843
51358.758,14220,11843
51359.611,14221,11843
51360.232,14222,11843
51361.003,14223,11843
51361.092,14224,11843
51361.815,14225,11843
51362.386,14226,11843
51362.915,14227,11843
51363.881,14228,11843
51365.068,14229,11843
51365.1,14230,11843
51367.002,14231,11843
51367.843,14232,11843
51370.628,14233,11843
51370.708,14234,11843
51371.307,14235,11843
51373.591,14236,11843
51374.791,14237,11843
51375.364,14238,11843
51376.614,14239,11843
51376.636,14240,11843
51377.315,14241,11843
51377.949,14242,11843
51378.316,14243,11843
51378.348,14244,11843
51379.523,14245,11843
51382.528,14246,11843
51382.978,14247,11843
51383.804,14248,11843
51385.765,14249,11843
51386.692,14250,11843
51387.289,14251,11843
51389.676,14252,11843
51389.929,14253,11843
51390.071,14254,11843
51390.512,14255,11843
51394.268,14256,11843
51399.262,14257,11843
51399.284,14258,11843
51400.461,14259,11843
51401.656,14260,11843
51403.326,14261,11843
51403.883,14262,11843
51406.336,14263,11843
51408.814,14264,11843
51411.778,14265,11844
51414.287,14266,11844
51414.655,14267,11844
51416.143,14268,11844
51420.799,14269,11844
51423.752,14270,11844
51425.299,14271,11844
51425.794,14272,11844
51426.085,14273,11844
51426.936,14274,11844
51430.192,14275,11844
51431.608,14276,11844
51438.234,14277,11844
51438.619,14278,11844
51442.556,14279,11850
51453.908,14280,11850
51457.792,14281,11850
51463.937,14282,11850
51470.465,14283,11850
51470.839,14284,11850
51471.879,14285,11850
51471.916,14286,11850
51472.504,14287,11851
51472.605,14288,11851
51473.581,14289,11851
51475.641,14290,11851
51478.662,14291,11851
51481.283,14292,11851
51482.95,14293,11852
51483.674,14294,11852
51489.489,14295,11852
51519.578,14296,11852
51519.608,14297,11852
51520.691,14298,11852
51522.525,14299,11852
51523.662,14300,11852
51523.98,14301,11852
51524.618,14302,11852
51526.787,14303,11852
51533.229,14304,11852
51535.067,14305,11852
51541.258,14306,11852
51558.366,14307,11852
51560.604,14308,11852
51561.759,14309,11852
51562.161,14310,11852
51563.42,14311,11852
51567.113,14312,11852
51571.963,14313,11853
51572.767,14314,11854
51574.109,14315,11854
51575.865,14316,11854
51579.702,14317,11854
51592.743,14318,11854
51602.379,14319,11854
51604.487,14320,11854
51605.228,14321,11854
51605.377,14322,11854
51627.437,14323,11854
51627.691,14324,11854
51628.128,14325,11854
51628.791,14326,11854
51629.357,14327,11854
51629.469,14328,11854
51630.919,14329,11854
51631.291,14330,11854
51631.564,14331,11854
51636.828,14332,11854
51637.511,14333,11854
51637.746,14334,11854
51640.337,14335,11854
51643.453,14336,11854
51644.009,14337,11854
51648.252,14338,11854
51653.856,14339,11854
51654.904,14340,11854
51655.919,14341,11854
51656.72,14342,11854
51658.001,14343,11854
51660.924,14344,11854
51666.318,14345,11854
51666.362,14346,11854
51671.091,14347,11854
51671.508,14348,11854
51676.115,14349,11854
51676.863,14350,11854
51677.825,14351,11854
51678.669,14352,11854
51678.855,14353,11854
51680.663,14354,11854
51695.099,14355,11856
51700.438,14356,11856
51710.411,14357,11856
51712.819,14358,11856
51713.541,14359,11856
51713.723,14360,11856
51714.145,14361,11856
51714.483,14362,11856
51716.179,14363,11856
51718.836,14364,11856
51722.3,14365,11856
51722.837,14366,11856
51724.685,14367,11856
51724.75,14368,11856
51731.013,14369,11856
51736.666,14370,11856
51737.039,14371,11856
51737.91,14372,11856
51745.644,14373,11856
51749.439,14374,11856
51749.881,14375,11856
51752.338,14376,11856
51752.526,14377,11856
51755.409,14378,11856
51756.046,14379,11856
51759.592,14380,11856
51761.362,14381,11856
51761.758,14382,11856
51761.891,14383,11856
51762.528,14384,11856
51763.142,14385,11856
51764.056,14386,11856
51767.697,14387,11856
51770.972,14388,11856
51771.923,14389,11861
51774.399,14390,11862
51780.104,14391,11862
51782.36,14392,11862
51782.497,14393,11862
51782.6,14394,11862
51782.738,14395,11862
51782.934,14396,11862
51784.434,14397,11862
51785.331,14398,11862
51794.238,14399,11862
51795.95,14400,11863
51817.966,14401,11863
51818.659,14402,11863
51830.885,14403,11863
51834.0,14404,11863
51834.662,14405,11863
51834.98,14406,11863
51836.108,14407,11863
51836.68,14408,11863
51836.826,14409,11863
51842.367,14410,11863
51842.798,14411,11864
51849.983,14412,11864
51850.583,14413,11864
51853.78,14414,11864
51858.779,14415,11864
51862.426,14416,11864
51865.079,14417,11864
51865.35,14418,11864
51866.488,14419,11864
51868.53,14420,11864
51874.221,14421,11864
51878.281,14422,11864
51879.941,14423,11864
51879.989,14424,11864
51880.065,14425,11864
51880.098,14426,11864
51880.517,14427,11864
51880.954,14428,11864
51881.0,14429,11864
51881.072,14430,11864
51881.175,14431,11864
51881.741,14432,11864
51881.831,14433,11864
51882.275,14434,11864
51882.675,14435,11864
51883.247,14436,11864
51883.53,14437,11864
51883.682,14438,11864
51887.296,14439,11864
51888.628,14440,11864
51889.578,14441,11864
51889.771,14442,11864
51892.231,14443,11864
51892.784,14444,11864
51894.298,14445,11864
51895.328,14446,11864
51897.241,14447,11864
51897.296,14448,11864
51897.424,14449,11864
51899.898,14450,11864
51905.265,14451,11864
51905.592,14452,11864
51906.44,14453,11864
51910.925,14454,11864
51914.464,14455,11864
51923.688,14456,11864
51932.534,14457,11864
51940.109,14458,11864
51959.536,14459,11864
51975.574,14460,11864
51976.022,14461,11864
51979.055,14462,11864
51979.646,14463,11864
51986.313,14464,11864
51986.606,14465,11864
51990.337,14466,11864
51999.01,14467,11864
52025.341,14468,11864
52030.956,14469,11864
52031.46,14470,11864
52032.943,14471,11864
52032.961,14472,11864
52036.23,14473,11864
52039.885,14474,11864
52039.932,14475,11864
52041.905,14476,11864
52044.188,14477,11864
52044.912,14478,11864
52046.501,14479,11864
52050.247,14480,11864
52051.615,14481,11864
52052.687,14482,11864
52054.749,14483,11864
52058.016,14484,11864
52059.251,14485,11864
52060.685,14486,11864
52062.751,14487,11864
52064.423,14488,11864
52064.493,14489,11864
52064.519,14490,11864
52064.57,14491,11864
52064.666,14492,11864
52064.71,14493,11864
52064.758,14494,11864
52064.902,14495,11864
52066.772,14496,11864
52066.858,14497,11864
52067.533,14498,11864
52067.563,14499,11864
52067.598,14500,11864
52067.643,14501,11864
52067.667,14502,11864
52067.743,14503,11864
52067.825,14504,11864
52067.883,14505,11864
52068.334,14506,11864
52069.246,14507,11864
52069.574,14508,11864
52069.607,14509,11864
52070.407,14510,11864
52070.792,14511,11864
52071.462,14512,11864
52071.486,14513,11864
52072.386,14514,11864
52072.435,14515,11864
52072.586,14516,11864
52072.821,14517,11864
52072.872,14518,11864
52072.928,14519,11864
52073.179,14520,11864
52074.225,14521,11864
52074.363,14522,11864
52074.405,14523,11864
52074.637,14524,11864
52074.688,14525,11864
52074.8,14526,11864
52076.629,14527,11864
52076.679,14528,11864
52078.211,14529,11864
52078.844,14530,11864
52079.461,14531,11864
52079.518,14532,11864
52079.847,14533,11864
52080.563,14534,11864
52080.972,14535,11864
52081.214,14536,11864
52081.235,14537,11864
52081.713,14538,11864
52081.773,14539,11864
52082.957,14540,11864
52083.002,14541,11864
52083.191,14542,11864
52083.298,14543,11864
52083.347,14544,11864
52083.761,14545,11867
52083.917,14546,11867
52084.112,14547,11867
52084.903,14548,11867
52087.664,14549,11867
52088.381,14550,11867
52089.366,14551,11867
52090.142,14552,11867
52092.203,14553,11867
52092.77,14554,11867
52092.803,14555,11867
52093.332,14556,11867
52093.54,14557,11867
52094.398,14558,11867
52095.391,14559,11867
52095.447,14560,11867
52096.248,14561,11867
52098.162,14562,11867
52098.409,14563,11867
52098.931,14564,11867
52099.344,14565,11867
52101.533,14566,11867
52102.244,14567,11867
52102.676,14568,11867
52102.741,14569,11867
52103.541,14570,11867
52103.576,14571,11867
52103.91,14572,11867
52104.371,14573,11867
52104.643,14574,11867
52104.759,14575,11867
52105.568,14576,11867
52106.251,14577,11867
52108.463,14578,11867
52108.482,14579,11867
52108.545,14580,11867
52110.686,14581,11867
52111.538,14582,11867
52135.091,14583,11867
52135.426,14584,11868
52135.538,14585,11868
52136.85,14586,11868
52139.876,14587,11868
52140.013,14588,11868
52140.059,14589,11868
52140.173,14590,11868
52140.286,14591,11868
52140.414,14592,11868
52140.467,14593,11868
52140.489,14594,11868
52140.511,14595,11868
52140.919,14596,11868
52140.983,14597,11868
52141.187,14598,11868
52141.362,14599,11868
52141.446,14600,11868
52141.572,14601,11868
52141.744,14602,11868
52142.495,14603,11868
52142.515,14604,11868
52142.778,14605,11868
52143.032,14606,11869
52143.066,14607,11869
52143.123,14608,11869
52143.238,14609,11869
52143.614,14610,11869
52143.685,14611,11869
52143.755,14612,11869
52145.837,14613,11869
52146.15,14614,11869
52148.328,14615,11869
52148.532,14616,11869
52148.813,14617,11869
52149.809,14618,11869
52149.928,14619,11870
52149.968,14620,11870
52150.127,14621,11870
52150.351,14622,11870
52150.806,14623,11870
52151.505,14624,11870
52151.6,14625,11870
52152.795,14626,11870
52153.386,14627,11870
52153.453,14628,11870
52153.693,14629,11870
52154.164,14630,11870
52154.952,14631,11870
52155.068,14632,11870
52155.107,14633,11870
52155.282,14634,11870
52155.922,14635,11870
52156.022,14636,11870
52156.089,14637,11870
52156.805,14638,11870
52157.543,14639,11870
52157.616,14640,11870
52157.962,14641,11870
52158.106,14642,11870
52158.633,14643,11870
52158.825,14644,11870
52159.548,14645,11870
52161.158,14646,11870
52161.273,14647,11870
52161.418,14648,11870
52163.623,14649,11870
52163.839,14650,11870
52163.873,14651,11870
52164.693,14652,11870
52165.961,14653,11870
52166.279,14654,11870
52166.417,14655,11870
52166.682,14656,11870
52167.869,14657,11870
52167.984,14658,11870
52168.177,14659,11870
52168.835,14660,11870
52169.789,14661,11870
52170.059,14662,11870
52171.333,14663,11870
52171.471,14664,11870
52171.629,14665,11870
52173.276,14666,11870
52173.582,14667,11870
52175.021,14668,11870
52177.254,14669,11870
52177.477,14670,11870
52180.625,14671,11870
52180.888,14672,11870
52180.977,14673,11870
52184.018,14674,11871
52187.036,14675,11871
52188.837,14676,11871
52189.991,14677,11871
52195.944,14678,11871
52198.381,14679,11871
52203.352,14680,11871
52203.623,14681,11871
52207.292,14682,11871
52207.59,14683,11872
52207.797,14684,11872
52209.349,14685,11872
52211.914,14686,11872
52212.383,14687,11872
52213.626,14688,11872
52215.498,14689,11872
52222.621,14690,11872
52228.707,14691,11872
52248.231,14692,11872
52248.272,14693,11872
52250.346,14694,11872
52252.539,14695,11872
52253.923,14696,11872
52259.986,14697,11872
52260.803,14698,11872
52261.535,14699,11872
52265.802,14700,11872
52268.268,14701,11872
52270.17,14702,11872
52271.788,14703,11872
52274.108,14704,11872
52274.18,14705,11872
52274.834,14706,11872
52279.5,14707,11872
52282.431,14708,11872
52285.628,14709,11872
52291.963,14710,11872
52295.015,14711,11872
52299.088,14712,11872
52299.914,14713,11872
52304.105,14714,11872
52304.705,14715,11872
52304.941,14716,11872
52305.555,14717,11872
52305.861,14718,11872
52306.803,14719,11872
52308.624,14720,11872
52310.433,14721,11872
52313.313,14722,11872
52313.715,14723,11872
52318.871,14724,11872
52321.88,14725,11872
52326.285,14726,11872
52327.263,14727,11872
52328.273,14728,11872
52329.608,14729,11872
52347.254,14730,11872
52347.484,14731,11872
52347.977,14732,11872
52351.648,14733,11872
52352.345,14734,11872
52353.662,14735,11872
52354.158,14736,11872
52354.246,14737,11872
52357.13,14738,11872
52359.82,14739,11872
52360.982,14740,11872
52366.476,14741,11872
52368.444,14742,11872
52369.221,14743,11872
52370.218,14744,11872
52373.857,14745,11872
52376.185,14746,11872
52376.275,14747,11872
52380.348,14748,11872
52380.562,14749,11872
52383.934,14750,11872
52386.819,14751,11872
52387.69,14752,11872
52390.021,14753,11872
52391.335,14754,11872
52391.543,14755,11872
52394.084,14756,11872
52394.785,14757,11872
52399.652,14758,11872
52400.08,14759,11872
52404.548,14760,11872
52407.955,14761,11872
52414.759,14762,11872
52414.937,14763,11872
52415.629,14764,11872
52418.775,14765,11872
52418.924,14766,11872
52420.248,14767,11872
52426.069,14768,11876
52426.456,14769,11877
52426.71,14770,11877
52427.457,14771,11877
52427.94,14772,11877
52439.553,14773,11877
52444.004,14774,11877
52460.906,14775,11877
52461.218,14776,11877
52461.911,14777,11877
52461.953,14778,11877
52462.133,14779,11877
52462.775,14780,11877
52462.794,14781,11877
52463.35,14782,11877
52463.46,14783,11877
52463.559,14784,11877
52463.814,14785,11877
52464.172,14786,11877
52464.37,14787,11877
52464.49,14788,11877
52464.903,14789,11877
52465.071,14790,11877
52465.151,14791,11877
52465.399,14792,11877
52466.187,14793,11877
52466.641,14794,11877
52467.213,14795,11877
52469.279,14796,11877
52469.391,14797,11877
52469.712,14798,11877
52469.781,14799,11877
52470.294,14800,11877
52470.985,14801,11877
52472.319,14802,11877
52472.643,14803,11877
52473.366,14804,11877
52474.168,14805,11877
52474.495,14806,11877
52474.818,14807,11877
52474.981,14808,11877
52475.06,14809,11877
52475.647,14810,11877
52475.744,14811,11877
52475.965,14812,11877
52476.488,14813,11877
52476.971,14814,11877
52477.055,14815,11877
52477.371,14816,11877
52479.226,14817,11877
52479.543,14818,11877
52479.69,14819,11877
52481.078,14820,11877
52481.363,14821,11877
52482.348,14822,11877
52483.255,14823,11877
52484.898,14824,11877
52486.236,14825,11877
52486.257,14826,11877
52488.122,14827,11877
52488.474,14828,11877
52490.469,14829,11877
52491.908,14830,11877
52493.668,14831,11877
52493.887,14832,11877
52494.146,14833,11877
52494.73,14834,11877
52495.521,14835,11877
52495.618,14836,11877
52496.774,14837,11877
52497.599,14838,11877
52498.519,14839,11877
52498.924,14840,11877
52499.427,14841,11877
52500.723,14842,11877
52500.758,14843,11877
52501.745,14844,11877
52502.441,14845,11877
52502.992,14846,11877
52503.091,14847,11877
52503.57,14848,11877
52504.502,14849,11877
52505.809,14850,11877
52506.219,14851,11877
52506.624,14852,11877
52507.245,14853,11877
52508.422,14854,11877
52509.224,14855,11877
52509.258,14856,11877
52509.701,14857,11877
52509.918,14858,11877
52510.097,14859,11877
52512.325,14860,11877
52515.982,14861,11877
52516.606,14862,11877
52517.429,14863,11877
52517.67,14864,11877
52520.149,14865,11877
52521.388,14866,11877
52532.273,14867,11877
52536.554,14868,11877
52539.839,14869,11877
52541.349,14870,11877
52549.58,14871,11877
52550.338,14872,11877
52552.662,14873,11877
52553.158,14874,11877
52554.635,14875,11877
52561.729,14876,11877
52562.116,14877,11877
52562.288,14878,11877
52562.345,14879,11877
52564.689,14880,11877
52575.813,14881,11877
52576.356,14882,11877
52585.013,14883,11877
52585.733,14884,11877
52586.697,14885,11877
52594.458,14886,11877
52594.613,14887,11877
52595.899,14888,11877
52596.89,14889,11877
52596.938,14890,11877
52597.759,14891,11877
52598.343,14892,11877
52603.533,14893,11877
52604.013,14894,11877
52611.743,14895,11877
52616.092,14896,11877
52625.038,14897,11877
52626.696,14898,11877
52626.943,14899,11877
52631.179,14900,11877
52637.974,14901,11877
52638.929,14902,11877
52639.39,14903,11877
52640.515,14904,11877
52650.387,14905,11877
52650.935,14906,11877
52656.937,14907,11877
52662.784,14908,11877
52662.944,14909,11877
52663.001,14910,11877
52663.096,14911,11877
52663.347,14912,11877
52663.933,14913,11877
52664.248,14914,11877
52664.333,14915,11877
52664.408,14916,11877
52664.443,14917,11877
52664.67,14918,11877
52664.757,14919,11877
52664.915,14920,11877
52665.893,14921,11877
52667.076,14922,11877
52667.115,14923,11877
52667.194,14924,11877
52667.819,14925,11877
52668.518,14926,11877
52668.961,14927,11877
52669.288,14928,11877
52669.917,14929,11877
52670.178,14930,11877
52670.306,14931,11877
52671.237,14932,11877
52671.899,14933,11877
52673.528,14934,11877
52674.753,14935,11877
52675.709,14936,11877
52675.749,14937,11877
52676.64,14938,11877
52676.668,14939,11877
52676.7,14940,11877
52678.202,14941,11877
52678.55,14942,11877
52679.236,14943,11877
52679.707,14944,11877
52681.309,14945,11877
52681.904,14946,11877
52682.84,14947,11877
52683.773,14948,11877
52684.385,14949,11877
52684.976,14950,11877
52685.587,14951,11877
52687.813,14952,11877
52689.384,14953,11878
52689.713,14954,11878
52689.761,14955,11878
52690.385,14956,11878
52693.633,14957,11878
52693.93,14958,11878
52694.044,14959,11878
52696.183,14960,11878
52696.544,14961,11878
52698.214,14962,11878
52699.685,14963,11878
52700.174,14964,11878
52703.238,14965,11878
52703.261,14966,11878
52703.834,14967,11878
52703.929,14968,11878
52704.64,14969,11878
52707.427,14970,11878
52707.726,14971,11878
52708.154,14972,11878
52708.507,14973,11878
52708.699,14974,11878
52709.025,14975,11878
52709.057,14976,11878
52709.59,14977,11878
52709.652,14978,11878
52710.088,14979,11878
52710.362,14980,11878
52710.477,14981,11878
52710.777,14982,11878
52712.364,14983,11878
52712.522,14984,11878
52713.881,14985,11878
52714.446,14986,11878
52714.967,14987,11878
52716.751,14988,11878
52718.495,14989,11878
52718.692,14990,11878
52719.536,14991,11878
52720.002,14992,11878
52720.844,14993,11878
52721.017,14994,11878
52723.624,14995,11878
52724.454,14996,11878
52725.52,14997,11878
52727.871,14998,11878
52728.052,14999,11878
52730.129,15000,11878
52730.336,15001,11878
52731.745,15002,11879
52732.58,15003,11879
52733.28,15004,11879
52734.377,15005,11879
52735.093,15006,11879
52737.461,15007,11879
52737.842,15008,11879
52739.265,15009,11879
52739.405,15010,11879
52739.976,15011,11879
52740.091,15012,11879
52740.815,15013,11879
52740.936,15014,11879
52741.386,15015,11879
52743.273,15016,11879
52743.931,15017,11879
52748.565,15018,11879
52749.984,15019,11879
52750.644,15020,11879
52750.841,15021,11879
52751.91,15022,11879
52754.679,15023,11879
52758.377,15024,11879
52759.562,15025,11879
52759.686,15026,11879
52761.284,15027,11879
52770.132,15028,11879
52772.04,15029,11879
52773.812,15030,11879
52775.51,15031,11879
52782.642,15032,11879
52782.781,15033,11879
52784.385,15034,11879
52785.679,15035,11879
52790.723,15036,11879
52792.687,15037,11879
52792.708,15038,11879
52792.825,15039,11879
52793.095,15040,11879
52793.158,15041,11879
52793.191,15042,11879
52793.223,15043,11879
52794.326,15044,11879
52794.682,15045,11879
52797.101,15046,11879
52800.081,15047,11879
52801.44,15048,11879
52805.023,15049,11879
52805.856,15050,11879
52812.659,15051,11879
52815.129,15052,11879
52818.7,15053,11879
52818.817,15054,11879
52818.985,15055,11879
52819.211,15056,11879
52819.818,15057,11879
52820.768,15058,11879
52821.242,15059,11879
52823.101,15060,11879
52824.58,15061,11879
52827.751,15062,11888
52835.051,15063,11888
52841.289,15064,11888
52842.616,15065,11888
52842.788,15066,11888
52845.844,15067,11888
52848.245,15068,11888
52860.534,15069,11888
52861.339,15070,11888
52862.582,15071,11888
52863.856,15072,11888
52864.259,15073,11888
52867.636,15074,11888
52873.871,15075,11888
52874.285,15076,11888
52877.751,15077,11888
52879.683,15078,11888
52880.092,15079,11888
52884.031,15080,11888
52886.6,15081,11888
52889.184,15082,11888
52903.625,15083,11888
52904.173,15084,11888
52907.791,15085,11888
52908.33,15086,11888
52911.324,15087,11888
52913.681,15088,11888
52914.731,15089,11888
52915.159,15090,11888
52915.795,15091,11888
52917.076,15092,11888
52920.755,15093,11888
52923.172,15094,11888
52928.298,15095,11888
52928.333,15096,11888
52929.774,15097,11888
52932.185,15098,11888
52937.107,15099,11888
52944.161,15100,11888
52954.269,15101,11888
52954.517,15102,11888
52960.232,15103,11888
52960.665,15104,11888
52961.964,15105,11888
52965.62,15106,11888
52968.705,15107,11888
52968.978,15108,11888
52969.238,15109,11888
52969.639,15110,11888
52972.599,15111,11888
52973.578,15112,11888
52974.786,15113,11888
52976.303,15114,11888
52978.182,15115,11888
52978.218,15116,11888
52987.088,15117,11888
52987.83,15118,11888
52989.666,15119,11888
52990.212,15120,11888
52991.438,15121,11888
52993.811,15122,11888
52996.557,15123,11888
52997.154,15124,11888
53001.98,15125,11891
53002.144,15126,11891
53004.022,15127,11891
53004.157,15128,11891
53004.355,15129,11891
53004.395,15130,11891
53004.594,15131,11891
53006.763,15132,11891
53007.054,15133,11891
53007.179,15134,11891
53008.727,15135,11891
53009.45,15136,11891
53009.749,15137,11891
53011.143,15138,11891
53011.919,15139,11891
53012.208,15140,11891
53012.763,15141,11891
53012.818,15142,11891
53013.296,15143,11891
53014.002,15144,11891
53015.367,15145,11891
53015.574,15146,11891
53017.61,15147,11891
53019.296,15148,11891
53023.421,15149,11891
53024.751,15150,11891
53024.949,15151,11891
53026.37,15152,11891
53027.696,15153,11891
53031.559,15154,11891
53031.687,15155,11891
53032.529,15156,11891
53036.102,15157,11891
53041.327,15158,11891
53042.089,15159,11891
53043.486,15160,11891
53043.968,15161,11891
53044.149,15162,11891
53047.306,15163,11891
53047.894,15164,11891
53048.436,15165,11891
53052.455,15166,11891
53055.665,15167,11891
53055.75,15168,11891
53056.576,15169,11891
53056.982,15170,11891
53057.506,15171,11891
53060.738,15172,11891
53061.316,15173,11891
53066.586,15174,11891
53067.348,15175,11891
53067.454,15176,11891
53069.076,15177,11891
53069.167,15178,11891
53069.876,15179,11891
53069.959,15180,11891
53070.501,15181,11891
53077.073,15182,11891
53078.145,15183,11891
53081.219,15184,11891
53081.439,15185,11891
53082.347,15186,11891
53083.238,15187,11891
53084.437,15188,11891
53085.414,15189,11891
53085.705,15190,11891
53086.269,15191,11891
53087.669,15192,11891
53091.337,15193,11891
53092.364,15194,11891
53092.423,15195,11891
53092.47,15196,11891
53092.575,15197,11891
53092.752,15198,11891
53092.779,15199,11891
53093.429,15200,11891
53093.765,15201,11891
53094.19,15202,11891
53097.287,15203,11891
53098.993,15204,11891
53099.91,15205,11891
53100.114,15206,11891
53100.497,15207,11891
53100.691,15208,11891
53100.795,15209,11891
53101.487,15210,11891
53101.744,15211,11891
53104.952,15212,11891
53105.104,15213,11891
53105.976,15214,11891
53106.18,15215,11891
53106.318,15216,11891
53107.162,15217,11891
53108.124,15218,11891
53108.251,15219,11891
53109.544,15220,11891
53110.816,15221,11891
53114.259,15222,11891
53114.958,15223,11891
53115.612,15224,11891
53117.738,15225,11891
53118.551,15226,11891
53120.037,15227,11891
53123.673,15228,11891
53123.95,15229,11891
53124.616,15230,11891
53126.598,15231,11891
53127.242,15232,11891
53127.459,15233,11891
53130.006,15234,11891
53131.587,15235,11891
53133.651,15236,11891
53134.355,15237,11891
53134.759,15238,11891
53135.105,15239,11891
53135.325,15240,11891
53137.441,15241,11891
53137.846,15242,11891
53140.871,15243,11891
53156.213,15244,11891
53165.811,15245,11891
53176.873,15246,11891
53177.229,15247,11891
53178.685,15248,11891
53179.355,15249,11891
53179.543,15250,11891
53181.324,15251,11891
53181.481,15252,11891
53181.945,15253,11891
53182.392,15254,11891
53186.67,15255,11891
53187.574,15256,11891
53187.8,15257,11891
53187.972,15258,11891
53188.237,15259,11891
53188.916,15260,11891
53191.768,15261,11891
53191.88,15262,11891
53192.086,15263,11891
53193.06,15264,11891
53193.376,15265,11891
53195.165,15266,11891
53200.383,15267,11891
53201.235,15268,11891
53201.799,15269,11891
53201.851,15270,11891
53202.577,15271,11891
53205.25,15272,11891
53205.679,15273,11891
53206.622,15274,11891
53206.658,15275,11891
53208.125,15276,11891
53208.759,15277,11891
53212.043,15278,11891
53216.132,15279,11891
53217.121,15280,11891
53218.101,15281,11891
53224.304,15282,11891
53225.699,15283,11891
53226.075,15284,11891
53228.547,15285,11891
53230.214,15286,11891
53236.04,15287,11891
53237.728,15288,11891
53255.48,15289,11891
53258.573,15290,11891
53259.026,15291,11891
53259.88,15292,11891
53261.754,15293,11891
53262.328,15294,11891
53266.527,15295,11891
53268.488,15296,11891
53277.6,15297,11891
53287.398,15298,11895
53290.229,15299,11895
53296.856,15300,11895
53296.912,15301,11895
53297.021,15302,11896
53299.189,15303,11896
53299.76,15304,11896
53301.052,15305,11896
53302.754,15306,11896
53306.417,15307,11896
53306.586,15308,11896
53307.717,15309,11896
53307.953,15310,11896
53310.899,15311,11896
53313.349,15312,11897
53322.86,15313,11897
53332.131,15314,11897
53333.533,15315,11897
53334.562,15316,11897
53336.704,15317,11897
53336.826,15318,11897
53336.862,15319,11897
53350.168,15320,11897
53352.028,15321,11897
53357.717,15322,11897
53359.781,15323,11897
53360.387,15324,11897
53360.569,15325,11897
53366.783,15326,11897
53367.136,15327,11897
53373.091,15328,11897
53375.726,15329,11897
53385.674,15330,11897
53385.758,15331,11897
53386.241,15332,11897
53386.412,15333,11897
53386.857,15334,11897
53391.05,15335,11897
53391.794,15336,11897
53391.957,15337,11897
53394.712,15338,11897
53395.846,15339,11897
53400.336,15340,11897
53400.814,15341,11897
53400.967,15342,11897
53401.898,15343,11897
53402.192,15344,11897
53402.974,15345,11897
53406.281,15346,11897
53406.355,15347,11898
53406.383,15348,11898
53410.433,15349,11898
53411.076,15350,11898
53411.465,15351,11898
53422.461,15352,11898
53437.172,15353,11898
53439.518,15354,11898
53439.566,15355,11898
53439.706,15356,11898
53439.923,15357,11898
53440.16,15358,11898
53440.488,15359,11898
53441.182,15360,11898
53443.0,15361,11898
53443.061,15362,11898
53445.784,15363,11898
53449.888,15364,11898
53451.265,15365,11898
53451.466,15366,11898
53452.556,15367,11898
53452.653,15368,11898
53452.822,15369,11898
53453.071,15370,11898
53453.092,15371,11898
53453.153,15372,11898
53453.265,15373,11898
53453.663,15374,11898
53454.182,15375,11898
53454.984,15376,11898
53456.042,15377,11898
53456.971,15378,11898
53457.645,15379,11898
53458.852,15380,11898
53459.348,15381,11898
53459.662,15382,11898
53461.058,15383,11898
53464.991,15384,11898
53467.878,15385,11898
53468.575,15386,11898
53468.599,15387,11898
53468.832,15388,11898
53468.962,15389,11898
53469.052,15390,11898
53473.579,15391,11898
53480.833,15392,11898
53480.852,15393,11898
53482.098,15394,11898
53482.122,15395,11898
53485.115,15396,11898
53487.558,15397,11898
53487.836,15398,11898
53488.173,15399,11898
53488.32,15400,11898
53488.376,15401,11898
53489.24,15402,11898
53491.351,15403,11898
53492.96,15404,11898
53496.934,15405,11898
53498.834,15406,11898
53499.882,15407,11898
53506.729,15408,11898
53506.874,15409,11898
53514.506,15410,11898
53515.702,15411,11898
53516.455,15412,11898
53517.401,15413,11898
53517.512,15414,11898
53520.994,15415,11898
53527.154,15416,11898
53527.241,15417,11898
53529.458,15418,11898
53532.687,15419,11898
53533.894,15420,11898
53534.375,15421,11898
53546.345,15422,11898
53547.168,15423,11898
53550.526,15424,11898
53551.917,15425,11898
53556.218,15426,11898
53557.537,15427,11898
53567.452,15428,11898
53567.871,15429,11898
53568.452,15430,11898
53569.788,15431,11898
53588.883,15432,11898
53606.516,15433,11898
53609.01,15434,11898
53610.848,15435,11898
53614.708,15436,11898
53614.908,15437,11898
53615.271,15438,11898
53617.584,15439,11898
53617.636,15440,11898
53618.287,15441,11898
53618.896,15442,11898
53620.273,15443,11898
53620.294,15444,11898
53621.729,15445,11898
53631.133,15446,11898
53631.884,15447,11898
53633.181,15448,11898
53633.3,15449,11898
53637.49,15450,11898
53642.523,15451,11898
53643.647,15452,11898
53643.959,15453,11898
53644.874,15454,11898
53645.579,15455,11898
53645.889,15456,11898
53646.001,15457,11898
53646.666,15458,11898
53648.26,15459,11898
53650.391,15460,11898
53651.745,15461,11898
53654.487,15462,11898
53654.992,15463,11898
53656.321,15464,11898
53656.651,15465,11898
53656.678,15466,11898
53658.428,15467,11898
53659.919,15468,11898
53661.647,15469,11898
53672.872,15470,11898
53688.116,15471,11898
53688.193,15472,11898
53690.103,15473,11898
53690.142,15474,11898
53690.286,15475,11898
53690.665,15476,11898
53690.887,15477,11898
53693.724,15478,11898
53693.883,15479,11898
53695.243,15480,11898
53696.609,15481,11898
53696.759,15482,11898
53698.728,15483,11898
53699.132,15484,11898
53699.225,15485,11898
53699.539,15486,11898
53703.206,15487,11898
53707.013,15488,11898
53708.911,15489,11898
53709.937,15490,11898
53710.117,15491,11898
53714.874,15492,11898
53715.472,15493,11898
53715.898,15494,11898
53718.34,15495,11898
53719.032,15496,11898
53723.223,15497,11898
53723.962,15498,11898
53725.097,15499,11898
53728.132,15500,11898
53728.755,15501,11898
53731.554,15502,11898
53732.603,15503,11898
53735.26,15504,11898
53743.172,15505,11898
53743.587,15506,11898
53745.199,15507,11898
53746.166,15508,11898
53747.424,15509,11898
53751.514,15510,11898
53751.555,15511,11898
53753.56,15512,11898
53763.27,15513,11898
53765.956,15514,11898
53766.036,15515,11898
53768.578,15516,11898
53769.018,15517,11898
53774.941,15518,11898
53776.026,15519,11898
53776.762,15520,11898
53778.117,15521,11898
53780.559,15522,11898
53780.696,15523,11898
53783.707,15524,11898
53784.041,15525,11898
53784.165,15526,11898
53786.541,15527,11898
53786.838,15528,11898
53790.287,15529,11898
53792.233,15530,11898
53795.622,15531,11898
53797.779,15532,11898
53800.384,15533,11899
53800.789,15534,11899
53801.032,15535,11899
53801.17,15536,11899
53801.533,15537,11899
53801.865,15538,11899
53801.889,15539,11899
53801.914,15540,11899
53801.948,15541,11899
53802.452,15542,11899
53802.949,15543,11899
53803.528,15544,11900
53803.674,15545,11900
53803.807,15546,11900
53804.294,15547,11900
53804.669,15548,11901
53805.112,15549,11901
53809.101,15550,11901
53813.915,15551,11901
53814.07,15552,11901
53814.78,15553,11901
53816.858,15554,11902
53819.845,15555,11902
53821.462,15556,11903
53823.867,15557,11903
53824.817,15558,11903
53825.713,15559,11903
53828.075,15560,11903
53828.436,15561,11903
53836.141,15562,11903
53838.693,15563,11903
53840.854,15564,11903
53859.177,15565,11903
53871.352,15566,11903
53871.647,15567,11903
53874.009,15568,11903
53874.773,15569,11903
53874.863,15570,11903
53875.098,15571,11903
53875.245,15572,11903
53875.764,15573,11903
53876.376,15574,11903
53876.394,15575,11903
53876.635,15576,11903
53880.172,15577,11903
53887.574,15578,11903
53887.823,15579,11903
53887.856,15580,11903
53890.34,15581,11903
53893.175,15582,11903
53896.628,15583,11903
53898.854,15584,11903
53900.182,15585,11903
53912.582,15586,11903
53912.694,15587,11903
53914.236,15588,11903
53916.888,15589,11903
53921.605,15590,11903
53925.029,15591,11903
53925.546,15592,11903
53926.414,15593,11903
53926.509,15594,11903
53930.853,15595,11903
53931.768,15596,11903
53932.547,15597,11903
53947.111,15598,11903
53947.916,15599,11903
53950.995,15600,11903
53954.524,15601,11903
53958.988,15602,11903
53960.96,15603,11903
53964.53,15604,11903
53965.446,15605,11903
53968.169,15606,11903
53972.073,15607,11903
53974.922,15608,11903
53977.634,15609,11903
53978.669,15610,11903
53981.356,15611,11903
53981.486,15612,11903
53986.062,15613,11903
53989.061,15614,11903
53995.872,15615,11903
53996.505,15616,11904
53996.898,15617,11904
53997.842,15618,11904
54003.519,15619,11904
54004.876,15620,11904
54008.622,15621,11904
54010.106,15622,11904
54012.309,15623,11904
54013.337,15624,11904
54018.81,15625,11904
54019.972,15626,11904
54020.776,15627,11904
54021.621,15628,11904
54023.699,15629,11904
54029.283,15630,11904
54029.732,15631,11904
54032.435,15632,11904
54037.794,15633,11904
54040.483,15634,11904
54047.653,15635,11904
54059.41,15636,11904
54061.581,15637,11904
54063.507,15638,11904
54064.776,15639,11904
54067.533,15640,11904
54070.493,15641,11904
54071.524,15642,11904
54072.145,15643,11904
54075.336,15644,11904
54092.458,15645,11904
54099.75,15646,11904
54105.104,15647,11904
54131.3,15648,11904
54131.529,15649,11904
54134.543,15650,11904
54139.748,15651,11904
54142.175,15652,11904
54142.5,15653,11904
54143.531,15654,11904
54146.635,15655,11904
54147.403,15656,11904
54149.421,15657,11904
54150.277,15658,11904
54152.533,15659,11904
54161.165,15660,11904
54161.403,15661,11904
54161.574,15662,11904
54166.457,15663,11904
54176.297,15664,11904
54176.716,15665,11904
54177.863,15666,11904
54180.77,15667,11904
54181.316,15668,11904
54181.466,15669,11904
54183.178,15670,11904
54184.031,15671,11904
54188.437,15672,11904
54189.406,15673,11904
54192.192,15674,11904
54192.826,15675,11904
54193.933,15676,11904
54204.444,15677,11904
54205.344,15678,11904
54206.421,15679,11904
54208.406,15680,11904
54208.512,15681,11904
54208.595,15682,11904
54208.891,15683,11904
54211.195,15684,11904
54212.492,15685,11904
54215.106,15686,11904
54215.188,15687,11904
54216.622,15688,11904
54220.182,15689,11904
54220.433,15690,11904
54220.88,15691,11904
54222.387,15692,11904
54224.66,15693,11904
54227.236,15694,11904
54229.171,15695,11904
54248.213,15696,11904
54262.623,15697,11904
54268.141,15698,11904
54270.48,15699,11904
54270.884,15700,11904
54272.802,15701,11904
54272.974,15702,11904
54273.451,15703,11904
54273.703,15704,11904
54273.822,15705,11904
54275.011,15706,11904
54275.831,15707,11904
54283.338,15708,11904
54290.487,15709,11904
54293.435,15710,11904
54294.15,15711,11904
54294.328,15712,11904
54297.429,15713,11904
54297.679,15714,11904
54298.455,15715,11904
54299.059,15716,11904
54304.632,15717,11904
54305.76,15718,11904
54313.357,15719,11904
54313.774,15720,11904
54314.526,15721,11904
54317.699,15722,11904
54320.388,15723,11904
54322.997,15724,11904
54323.099,15725,11904
54329.199,15726,11904
54329.76,15727,11904
54332.214,15728,11904
54334.331,15729,11904
54342.862,15730,11904
54343.49,15731,11904
54353.201,15732,11904
54355.856,15733,11904
54380.136,15734,11904
54387.935,15735,11904
54388.576,15736,11904
54390.627,15737,11904
54390.651,15738,11904
54396.601,15739,11904
54410.867,15740,11904
54411.406,15741,11904
54413.331,15742,11904
54423.407,15743,11904
54428.909,15744,11904
54429.109,15745,11904
54431.188,15746,11904
54431.407,15747,11904
54431.842,15748,11904
54432.082,15749,11904
54436.558,15750,11904
54438.17,15751,11904
54438.214,15752,11904
54441.001,15753,11904
54447.763,15754,11904
54462.774,15755,11904
54464.878,15756,11904
54465.1,15757,11904
54476.651,15758,11904
54477.391,15759,11904
54485.339,15760,11904
54494.799,15761,11904
54495.719,15762,11904
54498.941,15763,11904
54500.484,15764,11904
54500.581,15765,11904
54503.081,15766,11904
54505.097,15767,11904
54505.561,15768,11904
54511.134,15769,11904
54511.358,15770,11904
54512.723,15771,11904
54514.353,15772,11904
54519.238,15773,11904
54519.889,15774,11904
54524.517,15775,11904
54531.072,15776,11904
54533.151,15777,11904
54541.208,15778,11904
54548.535,15779,11904
54549.214,15780,11904
54549.449,15781,11904
54549.741,15782,11904
54555.119,15783,11904
54556.099,15784,11904
54559.643,15785,11904
54564.738,15786,11904
54566.022,15787,11904
54568.646,15788,11904
54579.963,15789,11904
54581.885,15790,11904
54583.733,15791,11904
54589.061,15792,11904
54589.235,15793,11904
54592.598,15794,11904
54597.329,15795,11904
54603.922,15796,11904
54604.417,15797,11904
54604.491,15798,11904
54604.797,15799,11904
54605.894,15800,11904
54607.47,15801,11904
54608.441,15802,11904
54624.748,15803,11904
54643.739,15804,11904
54645.689,15805,11904
54646.687,15806,11904
54646.972,15807,11904
54647.641,15808,11904
54647.796,15809,11904
54648.025,15810,11904
54648.698,15811,11904
54648.869,15812,11904
54650.587,15813,11904
54651.472,15814,11904
54652.079,15815,11904
54652.874,15816,11904
54657.404,15817,11904
54670.139,15818,11904
54687.836,15819,11904
54689.568,15820,11904
54695.009,15821,11904
54695.036,15822,11904
54695.513,15823,11904
54695.85,15824,11904
54696.171,15825,11904
54697.971,15826,11904
54698.185,15827,11904
54698.55,15828,11904
54698.758,15829,11904
54699.846,15830,11904
54700.14,15831,11904
54700.175,15832,11904
54700.264,15833,11904
54702.831,15834,11904
54708.663,15835,11904
54709.574,15836,11904
54711.613,15837,11904
54714.556,15838,11904
54717.114,15839,11904
54720.519,15840,11904
54728.421,15841,11904
54733.588,15842,11904
54733.748,15843,11904
54738.657,15844,11904
54739.683,15845,11904
54744.127,15846,11904
54744.733,15847,11904
54744.86,15848,11904
54750.943,15849,11904
54756.419,15850,11904
54758.16,15851,11904
54774.523,15852,11904
54776.153,15853,11904
54776.531,15854,11904
54779.712,15855,11904
54780.625,15856,11904
54787.501,15857,11904
54798.122,15858,11904
54799.11,15859,11904
54804.554,15860,11904
54806.431,15861,11904
54813.017,15862,11904
54818.381,15863,11904
54821.035,15864,11904
54822.237,15865,11904
54824.493,15866,11904
54826.501,15867,11904
54829.429,15868,11904
54830.376,15869,11904
54833.155,15870,11904
54841.31,15871,11904
54855.128,15872,11904
54872.755,15873,11904
54878.836,15874,11904
54882.442,15875,11904
54890.579,15876,11904
54897.479,15877,11904
54900.519,15878,11904
54901.586,15879,11904
54901.86,15880,11904
54907.413,15881,11904
54909.181,15882,11904
54909.356,15883,11904
54910.833,15884,11904
54911.406,15885,11904
54921.361,15886,11904
54931.425,15887,11904
54932.116,15888,11904
54935.147,15889,11904
54941.297,15890,11904
54941.625,15891,11904
54941.672,15892,11904
54941.752,15893,11904
54941.769,15894,11904
54941.95,15895,11904
54942.195,15896,11904
54943.072,15897,11904
54943.112,15898,11904
54945.751,15899,11904
54947.453,15900,11904
54947.655,15901,11904
54950.604,15902,11904
54959.677,15903,11904
54972.129,15904,11904
54992.054,15905,11904
54992.264,15906,11904
54992.331,15907,11904
54993.528,15908,11904
55012.177,15909,11904
55014.351,15910,11904
55025.667,15911,11904
55028.976,15912,11904
55031.534,15913,11904
55051.179,15914,11904
55061.299,15915,11904
55064.324,15916,11904
55065.714,15917,11904
55067.441,15918,11904
55073.618,15919,11904
55080.32,15920,11904
55087.982,15921,11904
55089.123,15922,11904
55089.367,15923,11904
55096.317,15924,11904
55100.987,15925,11904
55107.959,15926,11904
55108.299,15927,11904
55113.109,15928,11904
55114.388,15929,11904
55116.533,15930,11904
55117.083,15931,11904
55120.044,15932,11904
55121.537,15933,11904
55126.714,15934,11904
55129.711,15935,11904
55130.445,15936,11904
55130.55,15937,11904
55145.222,15938,11904
55145.479,15939,11904
55146.342,15940,11904
55151.09,15941,11904
55156.703,15942,11904
55161.146,15943,11904
55172.389,15944,11904
55176.77,15945,11904
55177.71,15946,11904
55178.059,15947,11904
55178.379,15948,11904
55180.87,15949,11904
55183.998,15950,11904
55185.804,15951,11904
55186.157,15952,11904
55186.384,15953,11904
55187.134,15954,11904
55187.995,15955,11904
55188.606,15956,11904
55190.348,15957,11904
55197.803,15958,11904
55198.565,15959,11904
55205.338,15960,11904
55205.491,15961,11904
55211.999,15962,11904
55217.206,15963,11904
55219.568,15964,11904
55222.67,15965,11904
55236.566,15966,11904
55238.625,15967,11904
55242.128,15968,11904
55247.717,15969,11905
55248.024,15970,11905
55248.791,15971,11905
55251.644,15972,11905
55251.81,15973,11905
55252.355,15974,11905
55253.168,15975,11905
55253.195,15976,11905
55254.992,15977,11905
55255.877,15978,11905
55257.636,15979,11905
55258.264,15980,11905
55259.315,15981,11905
55261.12,15982,11905
55264.26,15983,11905
55264.93,15984,11906
55274.622,15985,11906
55275.052,15986,11906
55275.378,15987,11906
55275.85,15988,11906
55276.413,15989,11906
55276.634,15990,11906
55278.999,15991,11906
55282.429,15992,11906
55284.492,15993,11906
55294.288,15994,11906
55295.413,15995,11906
55296.057,15996,11906
55296.509,15997,11906
55297.107,15998,11906
55301.135,15999,11906
55302.145,16000,11906
55302.619,16001,11906
55315.34,16002,11906
55318.66,16003,11906
55324.332,16004,11906
55325.182,16005,11906
55327.725,16006,11906
55329.248,16007,11906
55329.957,16008,11906
55330.791,16009,11906
55333.463,16010,11906
55340.537,16011,11906
55343.955,16012,11906
55348.014,16013,11906
55348.394,16014,11906
55352.466,16015,11906
55352.735,16016,11906
55353.308,16017,11906
55354.445,16018,11906
55355.198,16019,11906
55356.067,16020,11906
55356.395,16021,11906
55358.33,16022,11906
55358.799,16023,11906
55359.287,16024,11906
55359.692,16025,11906
55361.213,16026,11906
55363.077,16027,11906
55371.849,16028,11906
55372.89,16029,11906
55380.991,16030,11906
55382.556,16031,11906
55383.845,16032,11906
55385.39,16033,11906
55392.476,16034,11906
55403.236,16035,11906
55403.482,16036,11906
55404.54,16037,11906
55416.413,16038,11906
55416.462,16039,11906
55417.274,16040,11906
55418.115,16041,11906
55420.102,16042,11906
55420.559,16043,11906
55420.604,16044,11906
55422.509,16045,11906
55423.223,16046,11906
55424.674,16047,11906
55431.767,16048,11906
55437.017,16049,11906
55437.319,16050,11906
55437.719,16051,11906
55448.097,16052,11906
55454.906,16053,11906
55455.193,16054,11906
55455.868,16055,11906
55459.087,16056,11906
55465.062,16057,11906
55466.222,16058,11906
55470.117,16059,11906
55480.175,16060,11906
55482.505,16061,11906
55506.608,16062,11906
55531.351,16063,11906
55537.369,16064,11906
55541.248,16065,11906
55542.142,16066,11906
55547.256,16067,11906
55549.392,16068,11906
55561.97,16069,11906
55562.225,16070,11906
55562.461,16071,11906
55565.652,16072,11906
55569.714,16073,11906
55574.638,16074,11906
55580.789,16075,11906
55580.851,16076,11906
55585.342,16077,11906
55586.218,16078,11906
55590.668,16079,11906
55600.127,16080,11906
55601.826,16081,11906
55601.901,16082,11906
55602.385,16083,11906
55602.961,16084,11906
55610.298,16085,11906
55614.208,16086,11906
55619.815,16087,11906
55627.103,16088,11906
55627.829,16089,11906
55633.238,16090,11906
55634.911,16091,11906
55636.024,16092,11906
55637.094,16093,11906
55637.307,16094,11906
55637.958,16095,11906
55640.776,16096,11906
55641.631,16097,11906
55642.224,16098,11906
55642.523,16099,11906
55644.223,16100,11906
55647.283,16101,11906
55655.28,16102,11906
55660.258,16103,11906
55669.251,16104,11906
55684.037,16105,11906
55684.257,16106,11906
55684.587,16107,11906
55692.462,16108,11906
55696.645,16109,11906
55706.173,16110,11906
55735.997,16111,11907
55741.947,16112,11907
55751.305,16113,11907
55752.463,16114,11907
55752.647,16115,11907
55753.433,16116,11907
55755.359,16117,11907
55755.691,16118,11907
55758.396,16119,11907
55758.864,16120,11907
55762.599,16121,11907
55764.933,16122,11907
55766.639,16123,11907
55771.362,16124,11907
55777.67,16125,11907
55777.698,16126,11907
55778.395,16127,11907
55779.454,16128,11907
55780.64,16129,11907
55785.186,16130,11907
55785.881,16131,11907
55788.961,16132,11907
55789.026,16133,11907
55789.05,16134,11907
55789.182,16135,11907
55789.299,16136,11907
55789.683,16137,11907
55789.85,16138,11907
55789.901,16139,11907
55790.514,16140,11907
55790.67,16141,11907
55790.757,16142,11907
55790.983,16143,11907
55793.04,16144,11907
55796.7,16145,11907
55797.085,16146,11907
55798.221,16147,11907
55804.457,16148,11907
55804.516,16149,11907
55804.895,16150,11907
55808.232,16151,11907
55810.499,16152,11907
55810.819,16153,11907
55817.47,16154,11907
55818.845,16155,11907
55820.734,16156,11907
55822.087,16157,11907
55823.685,16158,11907
55829.768,16159,11907
55830.21,16160,11907
55833.964,16161,11907
55834.157,16162,11907
55834.374,16163,11907
55843.879,16164,11907
55844.711,16165,11907
55844.994,16166,11907
55846.097,16167,11907
55846.377,16168,11907
55847.662,16169,11907
55850.123,16170,11907
55850.637,16171,11907
55851.012,16172,11907
55855.673,16173,11907
55859.984,16174,11907
55861.357,16175,11907
55865.044,16176,11907
55865.084,16177,11907
55869.042,16178,11907
55872.542,16179,11907
55872.839,16180,11907
55873.441,16181,11907
55875.162,16182,11907
55878.576,16183,11907
55879.01,16184,11907
55883.037,16185,11907
55887.55,16186,11907
55888.03,16187,11907
55889.957,16188,11907
55890.02,16189,11907
55890.077,16190,11907
55891.984,16191,11907
55892.966,16192,11907
55898.025,16193,11907
55899.559,16194,11907
55905.829,16195,11907
55907.995,16196,11907
55908.229,16197,11907
55913.175,16198,11907
55913.908,16199,11907
55914.09,16200,11907
55917.028,16201,11907
55923.143,16202,11907
55928.058,16203,11907
55929.425,16204,11907
55936.969,16205,11907
55937.952,16206,11907
55951.609,16207,11907
55981.799,16208,11907
55983.701,16209,11907
55986.364,16210,11907
56004.667,16211,11907
56006.15,16212,11907
56007.177,16213,11907
56010.595,16214,11907
56012.097,16215,11907
56014.847,16216,11907
56016.949,16217,11907
56023.302,16218,11907
56038.077,16219,11907
56039.522,16220,11907
56046.273,16221,11907
56047.511,16222,11907
56048.734,16223,11907
56049.574,16224,11907
56060.887,16225,11907
56063.214,16226,11907
56063.357,16227,11907
56063.669,16228,11907
56067.719,16229,11907
56071.337,16230,11907
56081.14,16231,11908
56084.941,16232,11908
56088.772,16233,11908
56094.494,16234,11908
56098.518,16235,11908
56109.027,16236,11908
56109.919,16237,11908
56119.213,16238,11908
56119.275,16239,11908
56128.472,16240,11908
56141.973,16241,11908
56142.404,16242,11908
56143.841,16243,11908
56144.671,16244,11908
56152.809,16245,11908
56155.341,16246,11908
56157.243,16247,11908
56157.998,16248,11908
56161.996,16249,11908
56163.928,16250,11908
56165.554,16251,11908
56180.483,16252,11908
56183.137,16253,11908
56184.835,16254,11908
56184.895,16255,11908
56202.684,16256,11908
56203.353,16257,11909
56203.483,16258,11909
56204.13,16259,11909
56204.312,16260,11909
56206.161,16261,11909
56208.946,16262,11909
56209.505,16263,11909
56213.82,16264,11909
56214.459,16265,11909
56215.564,16266,11909
56216.427,16267,11909
56216.855,16268,11909
56237.872,16269,11909
56243.432,16270,11909
56250.683,16271,11909
56252.467,16272,11909
56253.278,16273,11909
56257.54,16274,11909
56265.348,16275,11909
56266.711,16276,11909
56271.418,16277,11909
56271.813,16278,11909
56277.546,16279,11909
56279.126,16280,11909
56287.813,16281,11909
56297.974,16282,11909
56306.634,16283,11910
56307.467,16284,11910
56310.227,16285,11910
56310.486,16286,11910
56310.771,16287,11910
56312.933,16288,11910
56313.018,16289,11910
56316.372,16290,11910
56323.656,16291,11910
56329.607,16292,11910
56340.639,16293,11910
56354.897,16294,11910
56359.036,16295,11910
56360.514,16296,11910
56365.161,16297,11910
56366.263,16298,11910
56369.788,16299,11910
56373.353,16300,11910
56378.495,16301,11910
56378.891,16302,11910
56378.957,16303,11910
56379.415,16304,11910
56388.146,16305,11910
56391.498,16306,11910
56402.186,16307,11910
56402.612,16308,11910
56403.809,16309,11910
56408.693,16310,11910
56420.218,16311,11910
56425.277,16312,11910
56428.284,16313,11910
56435.416,16314,11910
56436.589,16315,11910
56444.963,16316,11910
56450.618,16317,11910
56450.691,16318,11910
56459.565,16319,11911
56467.681,16320,11911
56516.386,16321,11911
56516.855,16322,11913
56516.878,16323,11913
56517.236,16324,11913
56517.325,16325,11913
56518.934,16326,11913
56519.483,16327,11913
56519.84,16328,11913
56520.86,16329,11913
56523.97,16330,11913
56529.919,16331,11913
56562.596,16332,11913
56563.358,16333,11913
56576.276,16334,11913
56576.867,16335,11913
56577.716,16336,11913
56577.754,16337,11913
56578.464,16338,11913
56581.988,16339,11913
56582.109,16340,11913
56583.62,16341,11913
56584.674,16342,11913
56589.475,16343,11913
56591.522,16344,11913
56597.093,16345,11913
56597.711,16346,11914
56598.135,16347,11914
56598.429,16348,11914
56598.559,16349,11914
56606.445,16350,11914
56606.703,16351,11914
56608.593,16352,11914
56613.1,16353,11914
56618.356,16354,11914
56628.753,16355,11914
56629.286,16356,11914
56629.964,16357,11914
56649.292,16358,11914
56650.643,16359,11914
56655.127,16360,11914
56660.712,16361,11914
56667.721,16362,11914
56685.511,16363,11914
56692.218,16364,11914
56696.586,16365,11914
56700.233,16366,11914
56700.545,16367,11914
56700.57,16368,11914
56701.772,16369,11914
56702.054,16370,11914
56705.931,16371,11914
56711.132,16372,11914
56723.663,16373,11914
56731.202,16374,11914
56733.656,16375,11914
56733.808,16376,11914
56738.991,16377,11914
56742.404,16378,11914
56744.863,16379,11914
56749.994,16380,11914
56750.124,16381,11914
56750.226,16382,11914
56756.31,16383,11914
56757.206,16384,11914
56757.476,16385,11914
56761.366,16386,11914
56763.034,16387,11914
56763.068,16388,11914
56775.197,16389,11914
56778.11,16390,11914
56778.528,16391,11914
56782.044,16392,11914
56782.812,16393,11914
56792.513,16394,11914
56793.546,16395,11914
56794.571,16396,11914
56794.609,16397,11914
56795.28,16398,11914
56795.361,16399,11914
56795.397,16400,11914
56795.503,16401,11914
56796.79,16402,11914
56796.818,16403,11914
56796.989,16404,11914
56797.08,16405,11914
56797.151,16406,11914
56797.963,16407,11914
56798.944,16408,11914
56799.155,16409,11914
56799.421,16410,11914
56799.836,16411,11914
56800.174,16412,11914
56802.15,16413,11914
56802.209,16414,11914
56805.201,16415,11914
56805.582,16416,11914
56807.884,16417,11914
56808.585,16418,11914
56808.671,16419,11914
56811.776,16420,11914
56812.23,16421,11914
56813.59,16422,11914
56816.185,16423,11914
56820.622,16424,11914
56821.566,16425,11914
56824.274,16426,11914
56824.733,16427,11914
56825.172,16428,11914
56826.39,16429,11914
56826.683,16430,11914
56827.594,16431,11914
56827.637,16432,11914
56828.45,16433,11914
56840.018,16434,11914
56840.4,16435,11914
56840.636,16436,11914
56852.972,16437,11914
56853.864,16438,11914
56855.715,16439,11914
56863.993,16440,11914
56884.973,16441,11914
56889.475,16442,11914
56892.17,16443,11914
56892.284,16444,11914
56892.662,16445,11914
56899.088,16446,11914
56901.816,16447,11914
56903.051,16448,11914
56903.92,16449,11914
56905.309,16450,11914
56911.441,16451,11914
56912.395,16452,11914
56916.793,16453,11914
56917.245,16454,11914
56934.191,16455,11914
56947.73,16456,11914
56947.861,16457,11915
56951.701,16458,11915
56953.936,16459,11915
56954.496,16460,11915
56955.479,16461,11915
56960.208,16462,11915
56969.275,16463,11915
56971.145,16464,11915
56973.179,16465,11915
56974.148,16466,11915
56992.61,16467,11915
56993.87,16468,11915
56994.05,16469,11915
56994.42,16470,11915
56998.415,16471,11915
57008.379,16472,11917
57009.25,16473,11917
57012.868,16474,11917
57024.938,16475,11917
57031.618,16476,11917
57041.695,16477,11917
57056.769,16478,11917
57057.319,16479,11917
57057.359,16480,11917
57057.569,16481,11917
57059.652,16482,11917
57059.776,16483,11917
57060.424,16484,11917
57060.841,16485,11917
57062.558,16486,11917
57069.877,16487,11917
57073.485,16488,11917
57075.716,16489,11917
57084.587,16490,11917
57092.383,16491,11917
57096.131,16492,11917
57110.346,16493,11917
57111.593,16494,11918
57116.647,16495,11918
57118.395,16496,11919
57121.272,16497,11919
57121.809,16498,11919
57135.508,16499,11919
57137.887,16500,11919
57140.267,16501,11919
57161.373,16502,11919
57169.583,16503,11919
57171.177,16504,11919
57172.199,16505,11919
57177.471,16506,11919
57188.95,16507,11919
57194.797,16508,11919
57196.138,16509,11919
57204.774,16510,11919
57204.872,16511,11919
57207.587,16512,11919
57210.891,16513,11919
57211.079,16514,11919
57235.77,16515,11919
57264.615,16516,11919
57269.016,16517,11919
57273.172,16518,11919
57273.746,16519,11919
57273.963,16520,11919
57274.084,16521,11920
57274.243,16522,11920
57274.549,16523,11920
57276.151,16524,11920
57278.643,16525,11920
57283.463,16526,11920
57284.517,16527,11920
57285.905,16528,11920
57302.713,16529,11920
57323.24,16530,11920
57328.665,16531,11920
57329.13,16532,11920
57329.316,16533,11920
57332.131,16534,11920
57341.55,16535,11920
57341.627,16536,11920
57342.748,16537,11920
57343.412,16538,11920
57347.968,16539,11920
57349.672,16540,11920
57361.482,16541,11920
57370.497,16542,11920
57373.641,16543,11920
57375.523,16544,11920
57394.211,16545,11920
57404.074,16546,11920
57404.522,16547,11920
57414.595,16548,11920
57428.384,16549,11920
57450.355,16550,11920
57451.869,16551,11920
57456.048,16552,11920
57457.751,16553,11920
57463.46,16554,11920
57463.606,16555,11920
57476.419,16556,11921
57476.656,16557,11921
57476.95,16558,11921
57479.025,16559,11921
57479.457,16560,11921
57480.835,16561,11921
57481.637,16562,11921
57481.695,16563,11921
57489.015,16564,11921
57491.29,16565,11921
57495.969,16566,11921
57497.662,16567,11921
57498.252,16568,11921
57511.255,16569,11921
57516.496,16570,11921
57520.409,16571,11921
57522.353,16572,11921
57523.556,16573,11921
57541.518,16574,11921
57546.091,16575,11921
57551.592,16576,11921
57575.69,16577,11921
57579.922,16578,11921
57580.196,16579,11921
57580.626,16580,11921
57583.835,16581,11921
57584.699,16582,11921
57586.932,16583,11921
57587.419,16584,11921
57588.079,16585,11921
57588.195,16586,11922
57588.735,16587,11922
57588.844,16588,11922
57591.599,16589,11922
57591.648,16590,11922
57594.975,16591,11922
57595.566,16592,11922
57596.463,16593,11922
57596.814,16594,11922
57596.992,16595,11922
57599.978,16596,11922
57600.651,16597,11922
57631.809,16598,11922
57632.584,16599,11922
57656.977,16600,11922
57657.714,16601,11922
57660.844,16602,11922
57688.535,16603,11922
57688.653,16604,11922
57689.051,16605,11922
57689.584,16606,11922
57689.664,16607,11922
57691.909,16608,11922
57694.198,16609,11922
57696.616,16610,11922
57702.888,16611,11922
57705.009,16612,11922
57711.27,16613,11922
57714.92,16614,11922
57722.759,16615,11922
57723.793,16616,11922
57724.387,16617,11922
57725.237,16618,11922
57732.747,16619,11922
57744.427,16620,11922
57744.886,16621,11922
57746.114,16622,11922
57746.145,16623,11922
57747.596,16624,11922
57749.901,16625,11922
57752.634,16626,11922
57753.013,16627,11922
57755.1,16628,11922
57755.811,16629,11922
57756.115,16630,11922
57761.097,16631,11922
57763.899,16632,11922
57794.458,16633,11922
57794.859,16634,11922
57796.593,16635,11922
57797.305,16636,11922
57798.775,16637,11922
57798.926,16638,11922
57803.899,16639,11922
57810.152,16640,11922
57813.971,16641,11922
57827.236,16642,11922
57827.405,16643,11922
57828.018,16644,11922
57828.456,16645,11922
57828.738,16646,11922
57830.138,16647,11922
57830.576,16648,11922
57831.945,16649,11922
57834.555,16650,11922
57835.833,16651,11922
57836.358,16652,11922
57836.592,16653,11922
57839.289,16654,11922
57842.941,16655,11922
57843.903,16656,11922
57844.004,16657,11922
57845.255,16658,11922
57846.786,16659,11922
57847.759,16660,11922
57856.572,16661,11922
57858.933,16662,11922
57876.931,16663,11922
57886.015,16664,11922
57897.54,16665,11922
57907.777,16666,11922
57909.274,16667,11922
57909.296,16668,11922
57915.303,16669,11922
57921.496,16670,11922
57924.615,16671,11922
57924.735,16672,11922
57926.996,16673,11922
57928.639,16674,11922
57949.192,16675,11922
57949.244,16676,11922
57950.284,16677,11922
57952.165,16678,11922
57952.4,16679,11922
57953.601,16680,11922
57953.929,16681,11922
57962.388,16682,11922
57963.639,16683,11922
57969.532,16684,11922
57975.928,16685,11922
57985.897,16686,11922
57998.695,16687,11922
58000.566,16688,11922
58002.474,16689,11922
58005.588,16690,11922
58020.691,16691,11922
58025.847,16692,11922
58031.012,16693,11922
58031.169,16694,11922
58032.141,16695,11922
58033.555,16696,11922
58036.075,16697,11922
58041.598,16698,11922
58045.083,16699,11922
58048.529,16700,11922
58064.808,16701,11922
58067.192,16702,11922
58067.316,16703,11922
58103.427,16704,11922
58103.948,16705,11922
58104.16,16706,11922
58104.658,16707,11922
58105.124,16708,11922
58105.297,16709,11922
58105.711,16710,11922
58108.183,16711,11922
58110.776,16712,11923
58114.132,16713,11923
58114.47,16714,11923
58114.733,16715,11923
58114.824,16716,11923
58119.966,16717,11923
58120.434,16718,11923
58120.603,16719,11923
58120.624,16720,11923
58124.057,16721,11923
58124.1,16722,11923
58125.359,16723,11923
58127.993,16724,11923
58141.126,16725,11923
58180.428,16726,11923
58182.626,16727,11923
58182.715,16728,11923
58184.36,16729,11923
58185.932,16730,11923
58186.287,16731,11923
58190.473,16732,11923
58195.221,16733,11923
58200.117,16734,11923
58201.51,16735,11923
58204.853,16736,11923
58205.27,16737,11923
58205.845,16738,11923
58207.734,16739,11923
58208.534,16740,11923
58211.642,16741,11926
58213.616,16742,11926
58214.19,16743,11926
58218.323,16744,11926
58218.901,16745,11926
58220.879,16746,11926
58263.327,16747,11927
58270.519,16748,11927
58288.694,16749,11927
58289.601,16750,11927
58290.299,16751,11927
58290.752,16752,11927
58317.775,16753,11927
58319.244,16754,11927
58319.964,16755,11927
58321.337,16756,11927
58322.895,16757,11927
58324.538,16758,11927
58324.921,16759,11927
58325.769,16760,11927
58331.308,16761,11927
58336.89,16762,11927
58340.523,16763,11927
58340.677,16764,11927
58341.223,16765,11927
58342.816,16766,11927
58346.335,16767,11927
58347.115,16768,11927
58348.69,16769,11927
58353.218,16770,11927
58365.679,16771,11927
58395.799,16772,11927
58412.399,16773,11927
58444.447,16774,11927
58451.692,16775,11927
58497.85,16776,11927
58499.494,16777,11927
58500.693,16778,11927
58507.198,16779,11927
58516.642,16780,11927
58517.138,16781,11927
58518.542,16782,11927
58520.022,16783,11927
58524.291,16784,11927
58524.831,16785,11927
58528.529,16786,11927
58531.457,16787,11927
58553.6,16788,11927
58554.587,16789,11927
58586.586,16790,11927
58597.869,16791,11927
58614.248,16792,11927
58662.963,16793,11927
58664.098,16794,11927
58664.789,16795,11927
58668.138,16796,11927
58674.128,16797,11927
58677.303,16798,11927
58681.686,16799,11927
58682.528,16800,11927
58691.243,16801,11927
58707.463,16802,11927
58711.836,16803,11927
58713.348,16804,11927
58731.055,16805,11927
58754.526,16806,11927
58778.544,16807,11927
58779.282,16808,11927
58779.366,16809,11927
58780.427,16810,11927
58783.301,16811,11927
58783.796,16812,11927
58793.307,16813,11927
58804.185,16814,11927
58804.662,16815,11927
58805.1,16816,11927
58806.394,16817,11927
58810.202,16818,11927
58829.826,16819,11927
58830.845,16820,11927
58831.058,16821,11927
58831.357,16822,11927
58832.672,16823,11927
58836.671,16824,11927
58836.998,16825,11927
58837.725,16826,11927
58842.433,16827,11927
58859.141,16828,11927
58878.805,16829,11927
58892.401,16830,11927
58893.769,16831,11928
58897.405,16832,11928
58897.875,16833,11928
58924.612,16834,11928
58927.583,16835,11929
58939.314,16836,11929
58947.443,16837,11929
59012.973,16838,11929
59013.758,16839,11929
59014.706,16840,11929
59015.25,16841,11929
59015.531,16842,11929
59036.361,16843,11929
59043.399,16844,11929
59072.128,16845,11929
59078.783,16846,11929
59078.862,16847,11929
59082.167,16848,11929
59101.49,16849,11929
59109.63,16850,11931
59135.514,16851,11931
59145.318,16852,11931
59148.123,16853,11931
59150.187,16854,11931
59155.16,16855,11931
59156.564,16856,11931
59166.132,16857,11931
59191.215,16858,11931
59193.051,16859,11931
59203.685,16860,11958
59205.65,16861,11958
59205.842,16862,11959
59206.014,16863,11961
59206.041,16864,11961
59208.047,16865,11962
59208.332,16866,11962
59208.398,16867,11962
59209.218,16868,11962
59210.269,16869,11962
59212.317,16870,11963
59212.596,16871,11963
59212.784,16872,11964
59219.415,16873,11965
59221.183,16874,11966
59228.247,16875,11966
59233.401,16876,11966
59240.676,16877,11966
59245.103,16878,11966
59255.764,16879,11966
59275.788,16880,11966
59283.333,16881,11966
59287.589,16882,11966
59288.457,16883,11966
59290.829,16884,11966
59292.476,16885,11966
59295.603,16886,11966
59314.006,16887,11966
59315.359,16888,11966
59317.671,16889,11966
59327.827,16890,11966
59360.683,16891,11966
59361.807,16892,11966
59368.75,16893,11966
59369.361,16894,11966
59372.456,16895,11966
59377.84,16896,11966
59383.105,16897,11966
59383.201,16898,11966
59383.373,16899,11966
59385.914,16900,11966
59388.804,16901,11966
59392.49,16902,11966
59398.31,16903,11966
59400.537,16904,11966
59403.694,16905,11966
59408.412,16906,11966
59410.507,16907,11966
59414.707,16908,11966
59416.204,16909,11966
59417.654,16910,11966
59424.166,16911,11966
59431.362,16912,11966
59434.035,16913,11966
59434.059,16914,11966
59434.568,16915,11966
59438.558,16916,11966
59446.052,16917,11966
59454.747,16918,11966
59456.461,16919,11966
59464.866,16920,11966
59472.649,16921,11966
59479.579,16922,11966
59497.228,16923,11966
59498.217,16924,11966
59506.807,16925,11966
59506.832,16926,11966
59509.474,16927,11966
59513.201,16928,11966
59518.096,16929,11966
59535.348,16930,11966
59550.739,16931,11966
59562.446,16932,11966
59566.28,16933,11966
59573.331,16934,11966
59590.493,16935,11966
59610.128,16936,11966
59614.813,16937,11966
59615.256,16938,11966
59616.846,16939,11966
59620.682,16940,11966
59620.86,16941,11966
59628.032,16942,11966
59632.258,16943,11966
59637.049,16944,11966
59639.509,16945,11966
59651.85,16946,11966
59652.561,16947,11966
59652.844,16948,11966
59678.721,16949,11966
59688.225,16950,11966
59698.876,16951,11966
59699.301,16952,11966
59704.857,16953,11966
59705.017,16954,11966
59705.156,16955,11966
59714.858,16956,11966
59715.422,16957,11966
59717.101,16958,11966
59720.973,16959,11966
59738.332,16960,11966
59743.613,16961,11966
59750.999,16962,11966
59751.22,16963,11966
59799.691,16964,11966
59834.329,16965,11966
59848.467,16966,11966
59849.203,16967,11966
59874.665,16968,11966
59879.865,16969,11966
59889.246,16970,11966
59893.121,16971,11966
59893.233,16972,11966
59893.687,16973,11966
59894.171,16974,11966
59895.462,16975,11966
59896.691,16976,11966
59897.218,16977,11966
59910.447,16978,11966
59914.85,16979,11966
59932.831,16980,11966
59954.503,16981,11966
59973.468,16982,11966
59991.514,16983,11966
60001.495,16984,11966
60013.741,16985,11966
60028.461,16986,11966
60042.711,16987,11966
60047.115,16988,11966
60067.787,16989,11966
60083.343,16990,11966
60090.663,16991,11966
60102.959,16992,11966
60125.838,16993,11966
60131.759,16994,11966
60142.908,16995,11966
60146.046,16996,11966
60146.24,16997,11966
60154.901,16998,11966
60164.634,16999,11966
60188.945,17000,11966
60200.672,17001,11969
60209.854,17002,11969
60222.81,17003,11969
60224.468,17004,11970
60237.219,17005,11970
60243.412,17006,11970
60243.456,17007,11970
60260.738,17008,11970
60266.554,17009,11970
60275.191,17010,11970
60277.091,17011,11970
60290.524,17012,11970
60328.147,17013,11970
60330.197,17014,11971
60369.353,17015,11971
60391.477,17016,11972
60401.762,17017,11972
60402.003,17018,11972
60419.535,17019,11972
60420.087,17020,11972
60424.239,17021,11972
60426.259,17022,11972
60427.808,17023,11972
60441.965,17024,11972
60445.198,17025,11972
60454.031,17026,11972
60460.486,17027,11972
60528.064,17028,11972
60528.26,17029,11972
60531.689,17030,11972
60533.317,17031,11972
60551.912,17032,11972
60560.485,17033,11972
60573.74,17034,11972
60598.976,17035,11972
60599.714,17036,11972
60622.509,17037,11972
60623.017,17038,11972
60626.944,17039,11972
60627.298,17040,11973
60628.056,17041,11973
60628.098,17042,11973
60657.449,17043,11973
60658.349,17044,11973
60665.831,17045,11973
60668.589,17046,11973
60707.477,17047,11974
60712.688,17048,11975
60731.246,17049,11975
60758.276,17050,11975
60765.776,17051,11975
60779.567,17052,11975
60788.959,17053,11975
60808.286,17054,11975
60813.482,17055,11975
60813.711,17056,11975
60813.882,17057,11975
60818.599,17058,11975
60821.546,17059,11975
60828.687,17060,11976
60836.545,17061,11976
60836.614,17062,11976
60836.632,17063,11976
60836.814,17064,11977
60837.422,17065,11977
60837.61,17066,11977
60838.322,17067,11978
60838.967,17068,11979
60840.032,17069,11980
60840.251,17070,11981
60848.056,17071,11981
60848.203,17072,11981
60852.948,17073,11981
60858.084,17074,11981
60868.068,17075,11981
60898.404,17076,11981
60898.761,17077,11981
60900.081,17078,11981
60901.275,17079,11981
60921.704,17080,11981
60924.013,17081,11981
60928.001,17082,11981
60928.058,17083,11981
60928.867,17084,11981
60930.961,17085,11981
60939.837,17086,11981
60944.527,17087,11981
60949.883,17088,11981
60980.889,17089,11981
60981.316,17090,11981
61016.879,17091,11981
61030.81,17092,11981
61086.983,17093,11981
61087.682,17094,11981
61087.965,17095,11981
61097.771,17096,11981
61099.106,17097,11981
61100.976,17098,11981
61103.559,17099,11981
61109.714,17100,11981
61109.88,17101,11981
61110.178,17102,11981
61110.838,17103,11981
61111.149,17104,11981
61111.847,17105,11981
61113.747,17106,11981
61119.654,17107,11981
61123.978,17108,11981
61127.047,17109,11981
61129.355,17110,11981
61155.464,17111,11981
61156.0,17112,11981
61191.28,17113,11981
61201.608,17114,11981
61202.279,17115,11981
61204.252,17116,11981
61204.392,17117,11981
61204.489,17118,11981
61211.78,17119,11981
61215.163,17120,11981
61222.465,17121,11981
61233.344,17122,11981
61238.715,17123,11981
61240.932,17124,11981
61274.009,17125,11981
61277.529,17126,11981
61295.685,17127,11981
61304.592,17128,11981
61304.623,17129,11981
61313.886,17130,11981
61319.458,17131,11981
61344.517,17132,11981
61356.173,17133,11981
61402.346,17134,11982
61410.798,17135,11982
61425.473,17136,11984
61445.93,17137,11984
61459.394,17138,11984
61469.98,17139,11984
61475.786,17140,11984
61478.907,17141,11984
61523.365,17142,11984
61536.891,17143,11985
61539.173,17144,11985
61541.512,17145,11985
61549.358,17146,11985
61550.686,17147,11985
61551.169,17148,11985
61554.323,17149,11985
61554.902,17150,11985
61556.857,17151,11985
61565.22,17152,11985
61567.149,17153,11985
61568.435,17154,11985
61570.133,17155,11985
61570.43,17156,11985
61570.618,17157,11985
61570.646,17158,11985
61572.089,17159,11985
61576.859,17160,11985
61578.691,17161,11985
61592.715,17162,11985
61595.154,17163,11985
61595.44,17164,11985
61597.953,17165,11985
61599.151,17166,11985
61607.299,17167,11985
61607.967,17168,11985
61608.011,17169,11985
61608.128,17170,11985
61609.18,17171,11985
61609.207,17172,11985
61612.333,17173,11985
61612.636,17174,11985
61614.013,17175,11986
61620.076,17176,11986
61620.302,17177,11986
61641.519,17178,11986
61641.537,17179,11986
61646.628,17180,11986
61654.018,17181,11986
61660.074,17182,11986
61662.986,17183,11986
61664.004,17184,11986
61724.381,17185,11986
61745.952,17186,11987
61747.305,17187,11989
61747.949,17188,11989
61748.743,17189,11989
61749.364,17190,11989
61757.139,17191,11989
61781.728,17192,11989
61784.092,17193,11989
61784.538,17194,11989
61784.917,17195,11989
61785.168,17196,11989
61787.524,17197,11989
61789.819,17198,11989
61789.869,17199,11989
61790.019,17200,11989
61790.069,17201,11989
61790.382,17202,11989
61790.93,17203,11989
61791.981,17204,11989
61795.915,17205,11989
61796.397,17206,11989
61799.75,17207,11989
61804.848,17208,11989
61806.025,17209,11989
61807.064,17210,11989
61807.869,17211,11989
61808.619,17212,11989
61818.852,17213,11989
61819.509,17214,11989
61823.739,17215,11989
61824.314,17216,11989
61825.574,17217,11989
61829.367,17218,11989
61829.763,17219,11989
61831.145,17220,11989
61831.376,17221,11989
61833.963,17222,11989
61837.709,17223,11989
61839.329,17224,11989
61840.041,17225,11989
61840.859,17226,11989
61845.271,17227,11992
61846.256,17228,11992
61852.415,17229,11992
61856.144,17230,11992
61857.868,17231,11992
61860.634,17232,11992
61864.199,17233,11992
61884.81,17234,11992
61903.466,17235,11992
61904.596,17236,11992
61909.863,17237,11992
61913.503,17238,11992
61914.372,17239,11992
61915.646,17240,11992
61917.726,17241,11992
61925.863,17242,11993
61933.316,17243,11993
61933.81,17244,11993
61933.863,17245,11994
61933.92,17246,11994
61948.735,17247,11994
61949.293,17248,11994
61949.896,17249,11994
61950.992,17250,11994
61952.919,17251,11994
61959.592,17252,11994
61960.375,17253,11994
61963.769,17254,11994
61967.346,17255,11994
61969.845,17256,11994
61972.946,17257,11994
61973.427,17258,11994
61973.502,17259,11994
61974.003,17260,11994
61974.165,17261,11994
61975.346,17262,11994
61977.7,17263,11994
61980.952,17264,11994
61981.25,17265,11994
61993.902,17266,11994
61994.19,17267,11994
61994.275,17268,11994
61996.751,17269,11994
61997.976,17270,11994
62006.716,17271,11994
62016.556,17272,11994
62021.659,17273,11994
62028.67,17274,11994
62034.938,17275,11994
62035.24,17276,11994
62037.06,17277,11994
62041.87,17278,11994
62043.04,17279,11994
62048.036,17280,11994
62051.966,17281,11994
62057.513,17282,11994
62093.567,17283,11994
62120.063,17284,11994
62138.204,17285,11994
62142.801,17286,11994
62144.175,17287,11994
62151.476,17288,11994
62152.873,17289,11994
62154.268,17290,11994
62162.667,17291,11994
62183.813,17292,11994
62228.969,17293,11994
62236.782,17294,11994
62246.092,17295,11994
62275.343,17296,11994
62275.463,17297,11994
62276.939,17298,11994
62298.483,17299,11994
62303.19,17300,11995
62304.896,17301,11995
62305.14,17302,11995
62306.248,17303,11995
62307.01,17304,11995
62307.87,17305,11995
62307.927,17306,11995
62310.007,17307,11995
62310.975,17308,11995
62314.337,17309,11995
62314.897,17310,11995
62317.01,17311,11995
62324.461,17312,11995
62326.952,17313,11995
62327.084,17314,11995
62344.716,17315,11995
62373.443,17316,11995
62374.823,17317,11995
62377.726,17318,11995
62380.835,17319,11995
62380.96,17320,11995
62384.187,17321,11995
62385.465,17322,11995
62391.653,17323,11995
62397.616,17324,11995
62398.433,17325,11995
62426.358,17326,11995
62427.164,17327,11995
62428.24,17328,11995
62528.259,17329,11995
62531.721,17330,11995
62568.376,17331,11995
62578.813,17332,11995
62583.522,17333,11995
62583.561,17334,11995
62583.878,17335,11995
62584.33,17336,11995
62587.213,17337,11995
62587.98,17338,11995
62589.55,17339,11995
62595.423,17340,11995
62597.388,17341,11997
62598.032,17342,11997
62601.726,17343,11997
62605.04,17344,11997
62611.999,17345,11997
62614.371,17346,11997
62621.918,17347,11997
62622.127,17348,11998
62622.277,17349,11998
62622.461,17350,11999
62622.678,17351,11999
62622.96,17352,12001
62626.384,17353,12001
62627.214,17354,12001
62627.469,17355,12001
62632.08,17356,12001
62638.898,17357,12001
62641.783,17358,12001
62646.345,17359,12001
62647.421,17360,12001
62647.585,17361,12002
62650.065,17362,12002
62658.026,17363,12002
62661.959,17364,12002
62689.707,17365,12002
62691.148,17366,12002
62692.3,17367,12002
62692.43,17368,12002
62696.333,17369,12002
62699.272,17370,12002
62699.906,17371,12002
62701.069,17372,12002
62705.414,17373,12002
62708.25,17374,12002
62709.116,17375,12002
62717.805,17376,12002
62718.434,17377,12002
62721.483,17378,12002
62781.216,17379,12002
62785.302,17380,12002
62785.35,17381,12002
62785.521,17382,12002
62785.635,17383,12002
62786.462,17384,12002
62789.519,17385,12002
62805.742,17386,12002
62819.919,17387,12002
62821.669,17388,12002
62836.242,17389,12002
62858.62,17390,12002
62861.222,17391,12002
62880.606,17392,12002
62895.708,17393,12002
62895.761,17394,12002
62896.309,17395,12002
62898.052,17396,12002
62907.861,17397,12002
62912.795,17398,12002
62931.426,17399,12002
62934.769,17400,12002
62966.51,17401,12002
62969.65,17402,12002
62970.594,17403,12002
63013.538,17404,12002
63013.81,17405,12002
63023.985,17406,12002
63036.257,17407,12002
63049.896,17408,12002
63052.104,17409,12002
63052.261,17410,12002
63054.538,17411,12002
63066.895,17412,12002
63067.029,17413,12002
63067.099,17414,12002
63069.119,17415,12002
63071.747,17416,12002
63075.783,17417,12002
63091.362,17418,12002
63125.22,17419,12002
63126.735,17420,12002
63127.312,17421,12002
63168.41,17422,12002
63202.733,17423,12002
63202.892,17424,12002
63219.468,17425,12002
63220.533,17426,12002
63240.156,17427,12002
63262.448,17428,12002
63263.749,17429,12002
63335.258,17430,12002
63335.605,17431,12002
63339.934,17432,12002
63340.361,17433,12002
63342.765,17434,12005
63348.999,17435,12005
63355.105,17436,12005
63355.423,17437,12005
63358.87,17438,12005
63361.794,17439,12005
63364.708,17440,12006
63378.728,17441,12006
63381.541,17442,12006
63397.068,17443,12006
63410.414,17444,12007
63410.933,17445,12007
63430.105,17446,12007
63473.033,17447,12007
63483.671,17448,12007
63495.418,17449,12007
63525.714,17450,12007
63536.494,17451,12007
63537.048,17452,12007
63544.141,17453,12007
63564.385,17454,12007
63564.96,17455,12007
63566.052,17456,12007
63569.301,17457,12007
63571.277,17458,12007
63573.635,17459,12007
63588.768,17460,12007
63591.492,17461,12007
63622.14,17462,12007
63631.378,17463,12007
63654.824,17464,12017
63660.844,17465,12017
63666.387,17466,12017
63669.153,17467,12017
63677.908,17468,12017
63678.085,17469,12017
63680.469,17470,12017
63682.803,17471,12017
63685.016,17472,12017
63688.706,17473,12017
63692.271,17474,12017
63693.236,17475,12017
63698.655,17476,12017
63698.83,17477,12017
63699.844,17478,12017
63701.17,17479,12017
63708.548,17480,12017
63724.951,17481,12017
63725.279,17482,12017
63727.283,17483,12017
63730.296,17484,12017
63733.967,17485,12017
63734.755,17486,12017
63735.195,17487,12017
63737.825,17488,12017
63742.034,17489,12017
63755.757,17490,12017
63755.96,17491,12017
63756.081,17492,12017
63765.199,17493,12017
63821.276,17494,12017
63827.092,17495,12017
63857.769,17496,12017
63859.276,17497,12017
63881.572,17498,12017
63883.06,17499,12017
63904.058,17500,12017
63909.187,17501,12017
63910.304,17502,12017
63912.488,17503,12017
63916.75,17504,12017
63926.393,17505,12017
63926.727,17506,12017
63929.235,17507,12017
63931.341,17508,12017
63931.56,17509,12017
63944.196,17510,12017
63945.984,17511,12017
63946.784,17512,12017
63948.128,17513,12017
63950.716,17514,12017
63964.045,17515,12017
63964.259,17516,12017
63968.738,17517,12017
63971.063,17518,12017
63978.714,17519,12017
63979.628,17520,12017
63979.666,17521,12017
63981.971,17522,12017
63990.747,17523,12017
63991.301,17524,12017
64001.616,17525,12017
64018.326,17526,12017
64060.975,17527,12017
64061.142,17528,12017
64086.124,17529,12019
64090.324,17530,12019
64135.295,17531,12019
64135.582,17532,12019
64135.608,17533,12019
64138.167,17534,12019
64138.427,17535,12019
64139.431,17536,12019
64139.931,17537,12019
64140.101,17538,12019
64140.778,17539,12019
64158.284,17540,12020
64167.144,17541,12020
64172.274,17542,12020
64174.742,17543,12020
64175.05,17544,12020
64175.125,17545,12020
64176.385,17546,12020
64178.706,17547,12020
64186.828,17548,12020
64192.214,17549,12020
64196.74,17550,12020
64196.755,17551,12021
64231.861,17552,12021
64232.262,17553,12021
64232.908,17554,12021
64233.011,17555,12021
64234.025,17556,12021
64235.916,17557,12021
64237.337,17558,12021
64237.701,17559,12021
64237.811,17560,12021
64239.092,17561,12021
64241.841,17562,12021
64243.012,17563,12021
64245.361,17564,12021
64245.568,17565,12021
64249.044,17566,12021
64249.845,17567,12021
64250.287,17568,12021
64255.77,17569,12021
64256.532,17570,12021
64256.8,17571,12021
64262.098,17572,12021
64262.85,17573,12021
64263.466,17574,12021
64266.282,17575,12021
64268.714,17576,12021
64268.735,17577,12021
64283.774,17578,12021
64303.09,17579,12021
64305.27,17580,12021
64306.175,17581,12021
64307.673,17582,12021
64309.499,17583,12021
64313.534,17584,12021
64322.432,17585,12023
64327.533,17586,12023
64331.188,17587,12023
64331.92,17588,12023
64333.209,17589,12023
64333.884,17590,12023
64356.651,17591,12023
64356.945,17592,12023
64356.98,17593,12023
64363.466,17594,12023
64365.875,17595,12023
64368.735,17596,12023
64370.096,17597,12023
64397.842,17598,12023
64399.726,17599,12023
64422.015,17600,12025
64429.679,17601,12025
64506.266,17602,12025
64513.89,17603,12025
64514.654,17604,12025
64516.0,17605,12025
64516.059,17606,12025
64517.447,17607,12025
64518.853,17608,12025
64520.962,17609,12025
64522.979,17610,12025
64526.121,17611,12025
64569.914,17612,12025
64571.645,17613,12025
64573.546,17614,12025
64574.153,17615,12025
64578.289,17616,12025
64583.346,17617,12025
64599.942,17618,12025
64599.993,17619,12025
64600.038,17620,12025
64604.541,17621,12025
64609.278,17622,12025
64610.655,17623,12025
64657.24,17624,12025
64657.271,17625,12025
64659.253,17626,12025
64659.371,17627,12025
64660.796,17628,12025
64663.203,17629,12025
64666.369,17630,12025
64667.045,17631,12025
64674.344,17632,12025
64730.062,17633,12025
64737.017,17634,12025
64745.691,17635,12025
64793.744,17636,12025
64794.209,17637,12025
64827.988,17638,12025
64830.519,17639,12025
64840.116,17640,12025
64861.643,17641,12025
64900.208,17642,12026
64900.898,17643,12026
64901.197,17644,12027
64901.431,17645,12029
64902.466,17646,12029
64902.754,17647,12030
64948.897,17648,12030
64949.005,17649,12030
64949.329,17650,12030
64955.601,17651,12030
64966.489,17652,12030
64982.776,17653,12030
64982.845,17654,12030
64990.76,17655,12030
64995.96,17656,12030
65004.493,17657,12030
65050.802,17658,12030
65055.414,17659,12030
65055.506,17660,12030
65056.059,17661,12030
65068.207,17662,12030
65069.578,17663,12030
65071.126,17664,12030
65091.806,17665,12030
65098.393,17666,12030
65105.337,17667,12030
65107.239,17668,12030
65117.098,17669,12030
65124.536,17670,12031
65134.907,17671,12031
65166.39,17672,12031
65168.562,17673,12032
65202.512,17674,12032
65210.912,17675,12032
65239.821,17676,12032
65240.062,17677,12032
65248.547,17678,12032
65250.687,17679,12032
65261.303,17680,12032
65261.55,17681,12032
65266.016,17682,12032
65274.88,17683,12032
65288.42,17684,12032
65300.083,17685,12032
65306.91,17686,12032
65321.126,17687,12032
65377.333,17688,12032
65377.676,17689,12032
65396.688,17690,12032
65397.076,17691,12032
65397.406,17692,12032
65398.063,17693,12032
65399.275,17694,12032
65403.343,17695,12032
65410.755,17696,12032
65419.594,17697,12032
65420.094,17698,12032
65422.767,17699,12032
65426.686,17700,12032
65436.148,17701,12032
65442.125,17702,12032
65456.921,17703,12032
65465.539,17704,12032
65471.844,17705,12032
65482.663,17706,12032
65483.511,17707,12032
65484.966,17708,12032
65508.483,17709,12033
65508.534,17710,12034
65508.656,17711,12034
65509.629,17712,12035
65510.688,17713,12038
65511.101,17714,12038
65519.837,17715,12040
65524.833,17716,12041
65525.437,17717,12041
65542.019,17718,12041
65543.157,17719,12041
65550.812,17720,12041
65582.758,17721,12042
65583.539,17722,12043
65608.52,17723,12043
65632.579,17724,12043
65694.274,17725,12043
65695.152,17726,12043
65697.472,17727,12043
65701.314,17728,12043
65705.074,17729,12043
65706.985,17730,12043
65708.513,17731,12043
65715.381,17732,12043
65722.808,17733,12043
65728.281,17734,12043
65728.504,17735,12043
65751.319,17736,12043
65752.203,17737,12043
65756.072,17738,12043
65758.085,17739,12043
65758.237,17740,12043
65759.369,17741,12043
65760.153,17742,12043
65761.957,17743,12043
65765.295,17744,12043
65765.867,17745,12043
65767.063,17746,12043
65767.94,17747,12043
65770.859,17748,12043
65772.143,17749,12043
65775.235,17750,12043
65776.67,17751,12043
65777.647,17752,12043
65813.772,17753,12043
65822.477,17754,12043
65837.791,17755,12043
65855.749,17756,12043
65857.652,17757,12043
65859.069,17758,12043
65866.989,17759,12043
65878.775,17760,12043
65879.882,17761,12043
65911.3,17762,12043
65920.674,17763,12043
65924.715,17764,12043
65932.496,17765,12043
65939.644,17766,12043
65952.492,17767,12043
65955.629,17768,12043
65961.124,17769,12043
65963.06,17770,12043
65970.734,17771,12043
65975.909,17772,12043
65984.581,17773,12043
65992.559,17774,12043
66007.654,17775,12043
66016.359,17776,12043
66017.723,17777,12043
66019.202,17778,12043
66020.487,17779,12043
66035.115,17780,12043
66036.231,17781,12043
66036.412,17782,12043
66040.5,17783,12043
66041.241,17784,12043
66053.436,17785,12043
66055.26,17786,12043
66059.17,17787,12043
66067.627,17788,12043
66067.784,17789,12043
66094.968,17790,12043
66099.542,17791,12043
66119.672,17792,12043
66127.529,17793,12043
66127.601,17794,12043
66128.145,17795,12043
66136.872,17796,12043
66166.051,17797,12043
66188.136,17798,12045
66189.473,17799,12045
66202.488,17800,12045
66230.416,17801,12045
66230.548,17802,12045
66231.112,17803,12045
66231.224,17804,12045
66231.642,17805,12045
66235.757,17806,12045
66238.441,17807,12045
66240.3,17808,12045
66242.817,17809,12045
66254.821,17810,12045
66256.111,17811,12045
66257.908,17812,12048
66257.971,17813,12048
66258.826,17814,12048
66264.37,17815,12051
66269.976,17816,12051
66270.049,17817,12051
66274.287,17818,12051
66287.732,17819,12051
66324.533,17820,12051
66346.444,17821,12051
66346.991,17822,12051
66347.235,17823,12051
66348.378,17824,12051
66357.353,17825,12051
66357.414,17826,12051
66360.83,17827,12051
66364.414,17828,12051
66394.951,17829,12051
66400.764,17830,12051
66440.114,17831,12051
66440.819,17832,12051
66442.624,17833,12051
66486.187,17834,12051
66488.532,17835,12051
66510.298,17836,12051
66518.036,17837,12051
66518.807,17838,12051
66519.895,17839,12051
66520.365,17840,12051
66551.692,17841,12051
66552.797,17842,12051
66573.821,17843,12051
66574.283,17844,12051
66591.64,17845,12051
66592.077,17846,12051
66592.485,17847,12051
66592.628,17848,12051
66596.191,17849,12051
66597.656,17850,12051
66598.777,17851,12051
66599.706,17852,12054
66611.621,17853,12054
66655.932,17854,12054
66692.88,17855,12054
66711.688,17856,12054
66742.097,17857,12056
66767.651,17858,12056
66774.673,17859,12056
66793.66,17860,12056
66793.93,17861,12056
66830.579,17862,12056
66834.554,17863,12056
66855.068,17864,12056
66855.937,17865,12056
66858.69,17866,12056
66867.104,17867,12056
66879.01,17868,12056
66885.908,17869,12056
66896.556,17870,12056
66896.96,17871,12056
66897.668,17872,12056
66899.988,17873,12056
66912.825,17874,12056
66913.447,17875,12056
66913.885,17876,12056
66918.061,17877,12056
66932.667,17878,12056
66932.712,17879,12056
66935.098,17880,12056
66948.689,17881,12056
66949.316,17882,12056
66954.795,17883,12056
66997.949,17884,12056
67000.433,17885,12056
67032.839,17886,12056
67035.027,17887,12056
67045.807,17888,12056
67047.841,17889,12056
67057.365,17890,12056
67064.529,17891,12056
67073.006,17892,12056
67073.714,17893,12056
67117.029,17894,12056
67118.256,17895,12056
67126.785,17896,12056
67127.903,17897,12056
67127.95,17898,12056
67128.044,17899,12056
67128.826,17900,12056
67129.478,17901,12056
67130.562,17902,12056
67132.061,17903,12056
67137.682,17904,12056
67147.506,17905,12056
67148.595,17906,12056
67154.312,17907,12056
67154.519,17908,12056
67191.304,17909,12056
67197.673,17910,12056
67200.006,17911,12058
67233.043,17912,12058
67254.99,17913,12058
67263.969,17914,12058
67265.345,17915,12058
67266.842,17916,12058
67271.249,17917,12058
67296.159,17918,12058
67296.872,17919,12058
67299.987,17920,12058
67301.301,17921,12058
67310.371,17922,12058
67327.002,17923,12058
67333.911,17924,12058
67334.059,17925,12058
67385.764,17926,12058
67385.908,17927,12058
67391.342,17928,12059
67392.83,17929,12060
67465.645,17930,12060
67466.317,17931,12060
67468.247,17932,12060
67472.358,17933,12060
67475.004,17934,12060
67475.81,17935,12060
67479.739,17936,12060
67481.599,17937,12060
67482.252,17938,12060
67491.721,17939,12060
67493.903,17940,12060
67516.021,17941,12060
67517.493,17942,12060
67531.388,17943,12060
67533.611,17944,12060
67548.517,17945,12060
67548.659,17946,12060
67551.75,17947,12060
67557.896,17948,12061
67557.962,17949,12061
67563.761,17950,12061
67563.963,17951,12061
67566.991,17952,12061
67590.022,17953,12061
67596.328,17954,12061
67600.921,17955,12061
67614.008,17956,12061
67630.955,17957,12061
67652.412,17958,12061
67661.952,17959,12061
67662.188,17960,12061
67664.412,17961,12061
67666.271,17962,12061
67671.094,17963,12061
67674.4,17964,12061
67733.896,17965,12061
67740.723,17966,12061
67765.39,17967,12061
67766.176,17968,12061
67768.061,17969,12061
67769.859,17970,12061
67807.317,17971,12061
67809.06,17972,12061
67813.346,17973,12062
67813.771,17974,12062
67814.01,17975,12062
67814.566,17976,12062
67815.463,17977,12064
67816.614,17978,12064
67819.071,17979,12064
67819.978,17980,12064
67824.419,17981,12064
67824.809,17982,12065
67825.493,17983,12068
67826.367,17984,12069
67831.843,17985,12069
67841.836,17986,12069
67855.02,17987,12069
67868.554,17988,12069
67870.0,17989,12069
67890.629,17990,12069
67900.606,17991,12069
67900.69,17992,12069
67909.794,17993,12069
67910.012,17994,12069
67923.84,17995,12069
67925.128,17996,12069
67933.578,17997,12069
67947.172,17998,12069
67947.922,17999,12069
67962.688,18000,12070
67964.125,18001,12071
67982.998,18002,12071
68021.299,18003,12071
68028.321,18004,12071
68056.678,18005,12071
68077.96,18006,12072
68101.472,18007,12072
68129.539,18008,12072
68129.815,18009,12072
68141.127,18010,12072
68142.471,18011,12072
68142.673,18012,12072
68144.149,18013,12072
68144.462,18014,12074
68150.087,18015,12074
68150.43,18016,12074
68151.8,18017,12074
68154.019,18018,12074
68170.263,18019,12074
68171.165,18020,12074
68178.617,18021,12074
68179.181,18022,12074
68179.201,18023,12074
68186.921,18024,12074
68187.213,18025,12074
68245.537,18026,12074
68247.483,18027,12074
68247.524,18028,12074
68247.563,18029,12074
68248.526,18030,12074
68249.666,18031,12074
68250.926,18032,12074
68253.373,18033,12074
68256.197,18034,12074
68258.119,18035,12074
68259.049,18036,12074
68261.315,18037,12074
68267.112,18038,12074
68278.673,18039,12074
68279.237,18040,12074
68285.413,18041,12074
68288.04,18042,12074
68288.951,18043,12074
68289.026,18044,12074
68297.282,18045,12074
68328.025,18046,12074
68345.75,18047,12074
68353.666,18048,12074
68372.122,18049,12074
68375.094,18050,12074
68379.132,18051,12074
68379.473,18052,12074
68380.858,18053,12074
68381.261,18054,12074
68383.355,18055,12074
68404.623,18056,12074
68412.563,18057,12074
68441.232,18058,12074
68452.096,18059,12074
68452.54,18060,12074
68454.61,18061,12074
68456.173,18062,12074
68456.404,18063,12074
68463.327,18064,12074
68471.475,18065,12074
68472.542,18066,12074
68480.488,18067,12074
68518.561,18068,12074
68565.559,18069,12074
68574.108,18070,12074
68596.173,18071,12074
68605.187,18072,12074
68619.514,18073,12074
68644.35,18074,12074
68679.922,18075,12074
68684.405,18076,12074
68684.741,18077,12074
68685.904,18078,12074
68687.252,18079,12074
68689.989,18080,12074
68697.615,18081,12074
68701.477,18082,12074
68730.271,18083,12074
68759.744,18084,12074
68770.355,18085,12074
68773.171,18086,12074
68809.548,18087,12074
68851.104,18088,12074
68851.539,18089,12074
68887.06,18090,12074
68894.985,18091,12074
68931.866,18092,12074
68932.781,18093,12074
68947.048,18094,12074
68954.987,18095,12074
68959.911,18096,12074
68960.796,18097,12074
68962.46,18098,12074
69041.408,18099,12074
69057.583,18100,12074
69058.486,18101,12074
69060.927,18102,12074
69067.008,18103,12074
69075.923,18104,12074
69075.968,18105,12074
69076.377,18106,12074
69076.572,18107,12074
69077.263,18108,12074
69077.484,18109,12074
69079.382,18110,12075
69079.905,18111,12075
69087.892,18112,12075
69089.038,18113,12075
69090.306,18114,12075
69092.914,18115,12075
69105.4,18116,12075
69107.566,18117,12075
69109.177,18118,12075
69116.398,18119,12075
69121.509,18120,12075
69144.045,18121,12075
69154.489,18122,12075
69154.593,18123,12075
69154.857,18124,12075
69170.823,18125,12075
69173.232,18126,12075
69179.421,18127,12075
69185.647,18128,12075
69265.753,18129,12075
69272.997,18130,12075
69274.667,18131,12075
69306.326,18132,12075
69308.786,18133,12075
69311.521,18134,12075
69320.291,18135,12075
69320.614,18136,12075
69322.881,18137,12075
69326.386,18138,12075
69329.012,18139,12075
69340.575,18140,12075
69379.595,18141,12075
69379.816,18142,12075
69380.552,18143,12075
69380.617,18144,12075
69424.628,18145,12075
69425.819,18146,12075
69438.747,18147,12075
69438.778,18148,12075
69447.477,18149,12075
69448.28,18150,12075
69448.402,18151,12075
69465.051,18152,12075
69465.343,18153,12075
69466.796,18154,12076
69473.727,18155,12076
69490.064,18156,12076
69490.861,18157,12076
69526.617,18158,12076
69543.772,18159,12076
69564.019,18160,12076
69572.941,18161,12076
69577.877,18162,12076
69600.925,18163,12076
69601.269,18164,12076
69602.227,18165,12076
69602.433,18166,12076
69603.588,18167,12076
69611.07,18168,12076
69617.666,18169,12076
69628.787,18170,12076
69635.285,18171,12076
69663.149,18172,12076
69664.183,18173,12076
69690.532,18174,12076
69704.11,18175,12076
69704.856,18176,12076
69715.114,18177,12076
69715.771,18178,12076
69716.067,18179,12076
69716.329,18180,12076
69716.394,18181,12076
69722.508,18182,12076
69722.646,18183,12076
69722.934,18184,12076
69723.717,18185,12076
69727.637,18186,12076
69732.659,18187,12076
69754.739,18188,12076
69777.465,18189,12076
69781.188,18190,12076
69783.226,18191,12076
69838.156,18192,12076
69845.386,18193,12076
69848.87,18194,12076
69857.299,18195,12076
69904.735,18196,12076
69905.286,18197,12077
69928.477,18198,12077
69949.966,18199,12077
69957.198,18200,12077
69965.838,18201,12077
70000.831,18202,12077
70002.172,18203,12077
70061.299,18204,12077
70078.649,18205,12077
70078.798,18206,12077
70146.094,18207,12077
70146.357,18208,12077
70149.786,18209,12077
70152.207,18210,12077
70158.285,18211,12077
70160.751,18212,12077
70170.223,18213,12077
70182.68,18214,12077
70187.781,18215,12077
70195.559,18216,12077
70196.774,18217,12078
70198.622,18218,12078
70207.077,18219,12078
70207.838,18220,12078
70209.375,18221,12078
70211.429,18222,12078
70219.458,18223,12078
70225.189,18224,12078
70230.22,18225,12078
70230.403,18226,12078
70230.592,18227,12078
70230.641,18228,12078
70232.113,18229,12078
70235.7,18230,12078
70236.328,18231,12078
70236.45,18232,12078
70238.216,18233,12078
70239.826,18234,12078
70248.386,18235,12078
70249.807,18236,12078
70251.865,18237,12078
70255.859,18238,12078
70258.708,18239,12078
70264.526,18240,12078
70271.442,18241,12078
70272.234,18242,12078
70274.449,18243,12078
70274.687,18244,12078
70281.469,18245,12078
70284.067,18246,12081
70285.852,18247,12081
70289.951,18248,12081
70305.565,18249,12081
70320.422,18250,12081
70328.48,18251,12081
70328.507,18252,12081
70346.46,18253,12081
70351.393,18254,12081
70351.569,18255,12081
70353.473,18256,12081
70354.812,18257,12081
70394.723,18258,12081
70397.579,18259,12081
70397.624,18260,12081
70398.493,18261,12081
70402.558,18262,12081
70407.82,18263,12081
70416.634,18264,12081
70463.452,18265,12081
70465.804,18266,12083
70501.121,18267,12083
70507.26,18268,12083
70509.265,18269,12083
70539.19,18270,12083
70547.174,18271,12083
70547.656,18272,12083
70549.026,18273,12083
70557.162,18274,12083
70563.41,18275,12083
70591.969,18276,12083
70594.288,18277,12083
70611.885,18278,12083
70613.134,18279,12083
70613.36,18280,12083
70616.656,18281,12083
70619.974,18282,12083
70621.458,18283,12083
70626.296,18284,12083
70630.509,18285,12083
70643.205,18286,12083
70682.815,18287,12083
70697.163,18288,12083
70698.268,18289,12083
70711.844,18290,12083
70719.041,18291,12083
70720.746,18292,12083
70720.834,18293,12083
70720.878,18294,12083
70721.365,18295,12083
70723.469,18296,12083
70724.786,18297,12083
70731.181,18298,12083
70731.346,18299,12083
70738.099,18300,12083
70782.204,18301,12083
70805.578,18302,12083
70806.448,18303,12083
70807.92,18304,12083
70832.56,18305,12083
70833.266,18306,12083
70833.944,18307,12083
70839.76,18308,12083
70860.953,18309,12083
70899.096,18310,12083
70921.413,18311,12083
70926.415,18312,12083
70927.225,18313,12083
70940.967,18314,12083
70941.044,18315,12083
70941.521,18316,12083
70942.448,18317,12083
70945.511,18318,12083
70945.711,18319,12084
70945.882,18320,12084
70947.479,18321,12084
70950.314,18322,12084
70951.59,18323,12084
70952.818,18324,12084
70954.887,18325,12084
70955.961,18326,12084
70956.009,18327,12084
70957.322,18328,12084
70957.4,18329,12084
70961.446,18330,12084
70962.617,18331,12084
70964.733,18332,12084
70967.549,18333,12084
70972.661,18334,12084
70984.448,18335,12084
71004.047,18336,12084
71004.177,18337,12084
71004.554,18338,12084
71011.85,18339,12084
71012.677,18340,12084
71015.464,18341,12084
71015.838,18342,12084
71016.17,18343,12084
71023.061,18344,12084
71023.092,18345,12084
71024.445,18346,12084
71026.173,18347,12084
71056.689,18348,12084
71061.853,18349,12084
71066.299,18350,12084
71066.318,18351,12084
71070.026,18352,12084
71072.119,18353,12084
71076.982,18354,12084
71083.336,18355,12084
71098.195,18356,12084
71124.954,18357,12084
71132.305,18358,12084
71208.808,18359,12084
71221.725,18360,12084
71225.72,18361,12084
71252.592,18362,12084
71269.812,18363,12084
71288.255,18364,12084
71289.381,18365,12084
71317.476,18366,12084
71322.34,18367,12084
71322.799,18368,12084
71339.886,18369,12084
71376.049,18370,12084
71376.845,18371,12084
71410.394,18372,12084
71424.212,18373,12084
71431.753,18374,12084
71431.803,18375,12084
71432.586,18376,12084
71432.808,18377,12084
71447.451,18378,12084
71457.237,18379,12084
71465.638,18380,12084
71466.027,18381,12084
71482.28,18382,12085
71485.378,18383,12085
71505.38,18384,12086
71507.014,18385,12086
71507.049,18386,12086
71507.068,18387,12086
71507.766,18388,12086
71531.915,18389,12086
71534.336,18390,12086
71561.598,18391,12086
71574.271,18392,12086
71583.326,18393,12086
71585.43,18394,12086
71585.512,18395,12086
71607.71,18396,12086
71608.725,18397,12086
71611.659,18398,12086
71657.49,18399,12086
71675.734,18400,12086
71677.033,18401,12086
71687.694,18402,12086
71688.831,18403,12086
71690.025,18404,12086
71714.275,18405,12086
71714.941,18406,12086
71717.443,18407,12086
71722.018,18408,12086
71725.612,18409,12086
71736.259,18410,12086
71743.622,18411,12086
71743.738,18412,12086
71743.884,18413,12086
71746.257,18414,12086
71761.956,18415,12086
71767.142,18416,12086
71786.621,18417,12086
71788.118,18418,12086
71788.408,18419,12086
71807.659,18420,12086
71864.528,18421,12086
71873.004,18422,12086
71897.061,18423,12086
71897.136,18424,12086
71948.9,18425,12086
71953.331,18426,12086
71959.859,18427,12086
71960.469,18428,12086
71960.642,18429,12086
71963.024,18430,12086
71964.212,18431,12086
71965.792,18432,12086
71976.259,18433,12086
71979.422,18434,12086
71996.235,18435,12086
72007.438,18436,12086
72051.489,18437,12086
72073.532,18438,12086
72076.052,18439,12086
72079.512,18440,12086
72079.62,18441,12086
72080.061,18442,12086
72080.364,18443,12086
72080.75,18444,12087
72083.124,18445,12087
72084.46,18446,12087
72084.493,18447,12087
72084.565,18448,12087
72085.163,18449,12087
72086.12,18450,12087
72086.446,18451,12087
72086.532,18452,12087
72088.816,18453,12087
72089.115,18454,12087
72089.919,18455,12087
72090.837,18456,12088
72092.44,18457,12088
72092.652,18458,12088
72098.506,18459,12088
72106.376,18460,12088
72107.004,18461,12088
72110.916,18462,12088
72113.055,18463,12088
72125.761,18464,12088
72131.482,18465,12088
72134.496,18466,12088
72177.315,18467,12088
72183.857,18468,12088
72215.825,18469,12088
72218.301,18470,12088
72218.67,18471,12088
72232.532,18472,12088
72232.86,18473,12088
72242.072,18474,12088
72242.559,18475,12088
72242.625,18476,12088
72243.979,18477,12088
72244.261,18478,12088
72249.547,18479,12088
72252.909,18480,12088
72256.312,18481,12088
72256.431,18482,12088
72260.295,18483,12088
72261.09,18484,12088
72264.817,18485,12088
72265.504,18486,12088
72269.483,18487,12088
72270.745,18488,12088
72271.434,18489,12088
72272.452,18490,12088
72273.799,18491,12088
72290.037,18492,12088
72292.604,18493,12088
72301.3,18494,12088
72323.142,18495,12088
72323.287,18496,12088
72325.474,18497,12088
72336.486,18498,12088
72363.98,18499,12088
72390.147,18500,12088
72397.063,18501,12088
72397.714,18502,12088
72397.865,18503,12088
72401.138,18504,12088
72407.342,18505,12088
72426.516,18506,12088
72443.906,18507,12088
72452.848,18508,12088
72453.193,18509,12088
72453.573,18510,12088
72453.824,18511,12088
72455.558,18512,12088
72460.065,18513,12088
72464.204,18514,12088
72466.167,18515,12088
72469.515,18516,12088
72473.49,18517,12088
72492.795,18518,12088
72493.422,18519,12091
72493.919,18520,12091
72493.942,18521,12091
72494.384,18522,12091
72495.413,18523,12091
72497.949,18524,12092
72499.653,18525,12092
72502.036,18526,12093
72505.915,18527,12095
72509.486,18528,12095
72513.725,18529,12095
72516.095,18530,12095
72516.135,18531,12095
72516.874,18532,12095
72535.573,18533,12095
72546.62,18534,12095
72546.647,18535,12095
72547.799,18536,12095
72548.289,18537,12095
72550.039,18538,12095
72552.025,18539,12095
72554.089,18540,12095
72554.716,18541,12095
72554.803,18542,12095
72556.725,18543,12095
72557.093,18544,12095
72558.028,18545,12095
72567.511,18546,12095
72586.239,18547,12095
72604.912,18548,12095
72606.443,18549,12095
72632.658,18550,12095
72654.69,18551,12095
72673.218,18552,12095
72688.809,18553,12095
72689.242,18554,12095
72689.739,18555,12095
72689.936,18556,12095
72695.968,18557,12095
72697.373,18558,12095
72728.353,18559,12095
72730.299,18560,12095
72730.349,18561,12095
72731.648,18562,12095
72732.326,18563,12095
72732.933,18564,12095
72735.788,18565,12095
72748.3,18566,12095
72750.52,18567,12095
72750.662,18568,12095
72750.728,18569,12095
72751.441,18570,12095
72751.488,18571,12095
72753.362,18572,12095
72753.7,18573,12095
72755.441,18574,12095
72758.539,18575,12095
72759.684,18576,12095
72760.401,18577,12096
72761.47,18578,12096
72764.787,18579,12096
72766.811,18580,12096
72766.9,18581,12096
72772.341,18582,12096
72774.972,18583,12096
72775.279,18584,12096
72788.944,18585,12096
72791.187,18586,12096
72791.827,18587,12096
72792.201,18588,12096
72792.89,18589,12096
72795.553,18590,12096
72798.377,18591,12096
72799.647,18592,12096
72811.547,18593,12096
72811.717,18594,12096
72813.67,18595,12096
72813.948,18596,12096
72815.312,18597,12097
72816.249,18598,12097
72816.471,18599,12097
72817.475,18600,12097
72817.672,18601,12097
72822.333,18602,12097
72822.729,18603,12097
72826.159,18604,12097
72835.57,18605,12097
72836.392,18606,12097
72836.76,18607,12097
72838.849,18608,12097
72841.473,18609,12097
72843.781,18610,12097
72846.332,18611,12097
72849.51,18612,12097
72849.941,18613,12097
72850.091,18614,12097
72850.608,18615,12097
72860.497,18616,12097
72860.83,18617,12098
72862.573,18618,12098
72863.992,18619,12098
72869.86,18620,12098
72870.168,18621,12098
72872.798,18622,12098
72873.832,18623,12098
72881.031,18624,12098
72887.575,18625,12098
72892.578,18626,12098
72893.159,18627,12099
72894.041,18628,12099
72894.586,18629,12100
72895.04,18630,12100
72896.239,18631,12100
72896.478,18632,12101
72899.36,18633,12101
72901.254,18634,12101
72910.488,18635,12101
72918.41,18636,12101
72918.496,18637,12101
72918.668,18638,12102
72918.896,18639,12102
72931.38,18640,12102
72953.343,18641,12102
72953.363,18642,12102
72954.671,18643,12102
72956.808,18644,12102
72956.996,18645,12102
72958.941,18646,12102
72960.634,18647,12102
72962.868,18648,12102
72965.443,18649,12102
72966.13,18650,12102
72967.023,18651,12102
72970.968,18652,12102
72986.386,18653,12102
72986.441,18654,12102
72986.633,18655,12102
72986.797,18656,12102
72988.133,18657,12102
72988.813,18658,12102
72988.939,18659,12102
72991.114,18660,12102
72994.973,18661,12102
72995.73,18662,12102
72998.228,18663,12102
72999.584,18664,12102
73005.125,18665,12102
73011.812,18666,12102
73013.897,18667,12104
73014.081,18668,12104
73015.067,18669,12104
73015.38,18670,12104
73019.05,18671,12104
73019.613,18672,12104
73020.086,18673,12104
73022.5,18674,12104
73023.037,18675,12104
73028.339,18676,12104
73034.466,18677,12104
73036.389,18678,12105
73047.699,18679,12106
73060.448,18680,12106
73064.022,18681,12106
73067.928,18682,12106
73068.019,18683,12106
73068.685,18684,12106
73068.707,18685,12106
73068.799,18686,12106
73070.576,18687,12106
73070.743,18688,12106
73075.085,18689,12106
73087.984,18690,12106
73090.741,18691,12106
73094.44,18692,12106
73095.629,18693,12106
73096.678,18694,12106
73099.55,18695,12106
73107.465,18696,12106
73122.183,18697,12106
73123.676,18698,12106
73128.075,18699,12108
73128.134,18700,12110
73128.509,18701,12110
73130.603,18702,12110
73131.625,18703,12113
73134.3,18704,12115
73136.633,18705,12115
73137.259,18706,12115
73138.717,18707,12115
73150.21,18708,12115
73153.326,18709,12115
73153.609,18710,12115
73158.256,18711,12115
73158.3,18712,12115
73159.444,18713,12115
73172.506,18714,12115
73174.421,18715,12116
73175.556,18716,12116
73178.955,18717,12116
73197.191,18718,12116
73197.612,18719,12116
73198.749,18720,12116
73202.175,18721,12116
73206.162,18722,12117
73209.32,18723,12117
73221.323,18724,12118
73222.06,18725,12118
73223.274,18726,12119
73223.669,18727,12120
73229.247,18728,12121
73243.772,18729,12121
73249.287,18730,12124
73262.521,18731,12124
73277.565,18732,12124
73280.12,18733,12124
73280.173,18734,12124
73281.587,18735,12124
73281.807,18736,12124
73302.576,18737,12124
73323.252,18738,12124
73336.657,18739,12124
73337.972,18740,12124
73353.524,18741,12124
73354.253,18742,12124
73355.999,18743,12124
73358.553,18744,12124
73363.214,18745,12124
73366.266,18746,12124
73368.417,18747,12124
73371.23,18748,12124
73374.633,18749,12124
73381.099,18750,12124
73381.692,18751,12124
73383.37,18752,12124
73383.938,18753,12124
73385.69,18754,12124
73387.929,18755,12124
73395.064,18756,12124
73397.961,18757,12124
73406.151,18758,12124
73414.732,18759,12124
73416.646,18760,12124
73417.551,18761,12124
73418.725,18762,12124
73419.429,18763,12124
73431.166,18764,12124
73434.509,18765,12124
73438.147,18766,12124
73444.05,18767,12138
73454.979,18768,12138
73461.613,18769,12138
73475.141,18770,12138
73476.3,18771,12138
73476.968,18772,12138
73479.469,18773,12138
73487.751,18774,12138
73510.843,18775,12138
73524.714,18776,12138
73525.308,18777,12138
73544.224,18778,12138
73576.476,18779,12138
73591.225,18780,12138
73600.907,18781,12138
73621.917,18782,12138
73639.366,18783,12139
73639.379,18784,12140
73639.396,18785,12141
73639.599,18786,12141
73639.72,18787,12141
73642.147,18788,12141
73642.38,18789,12141
73642.625,18790,12141
73642.954,18791,12141
73643.956,18792,12141
73648.25,18793,12141
73650.869,18794,12141
73651.302,18795,12141
73653.081,18796,12142
73664.192,18797,12142
73666.828,18798,12143
73669.65,18799,12143
73672.414,18800,12143
73678.617,18801,12143
73698.955,18802,12143
73699.492,18803,12143
73701.346,18804,12143
73703.404,18805,12143
73709.086,18806,12143
73716.812,18807,12143
73719.783,18808,12143
73728.849,18809,12144
73770.427,18810,12145
73770.625,18811,12146
73772.697,18812,12147
73774.502,18813,12148
73825.423,18814,12148
73834.015,18815,12148
73837.039,18816,12148
73840.496,18817,12148
73853.303,18818,12148
73853.587,18819,12148
73854.863,18820,12148
73855.81,18821,12148
73862.823,18822,12148
73865.643,18823,12148
73869.678,18824,12148
73880.554,18825,12148
73884.279,18826,12148
73924.679,18827,12148
73927.105,18828,12148
73936.105,18829,12148
73955.419,18830,12148
73955.471,18831,12148
73958.865,18832,12148
73962.467,18833,12148
73962.533,18834,12148
73964.975,18835,12148
73965.709,18836,12148
73970.547,18837,12148
73976.295,18838,12148
73977.213,18839,12148
73983.034,18840,12149
73987.567,18841,12149
74000.695,18842,12149
74001.492,18843,12149
74001.655,18844,12149
74002.003,18845,12149
74006.028,18846,12149
74009.605,18847,12149
74015.328,18848,12149
74024.092,18849,12149
74024.926,18850,12149
74025.146,18851,12149
74026.461,18852,12149
74032.806,18853,12149
74035.962,18854,12149
74048.533,18855,12149
74059.802,18856,12149
74059.887,18857,12149
74062.43,18858,12149
74065.989,18859,12149
74066.51,18860,12149
74085.055,18861,12149
74107.118,18862,12149
74119.207,18863,12149
74134.486,18864,12149
74144.154,18865,12149
74145.581,18866,12149
74154.622,18867,12149
74158.375,18868,12149
74158.508,18869,12149
74159.624,18870,12149
74159.882,18871,12149
74160.144,18872,12149
74164.147,18873,12149
74166.588,18874,12149
74167.12,18875,12149
74180.859,18876,12149
74180.942,18877,12149
74181.24,18878,12149
74184.302,18879,12149
74184.641,18880,12149
74196.781,18881,12149
74206.058,18882,12149
74209.105,18883,12149
74214.419,18884,12149
74214.444,18885,12149
74221.83,18886,12149
74273.277,18887,12149
74276.368,18888,12149
74276.383,18889,12149
74281.501,18890,12149
74282.192,18891,12149
74283.158,18892,12149
74301.657,18893,12149
74303.352,18894,12149
74315.44,18895,12149
74316.582,18896,12149
74354.321,18897,12149
74355.738,18898,12149
74367.214,18899,12149
74378.961,18900,12149
74379.875,18901,12149
74423.004,18902,12149
74434.242,18903,12152
74435.567,18904,12152
74439.575,18905,12153
74460.64,18906,12153
74460.675,18907,12153
74461.323,18908,12153
74461.598,18909,12153
74463.422,18910,12153
74465.978,18911,12153
74467.832,18912,12153
74472.62,18913,12153
74475.407,18914,12153
74476.488,18915,12153
74479.156,18916,12153
74481.255,18917,12153
74483.191,18918,12153
74483.793,18919,12153
74491.128,18920,12153
74495.279,18921,12153
74525.617,18922,12153
74527.894,18923,12153
74566.892,18924,12153
74625.004,18925,12153
74627.616,18926,12153
74659.128,18927,12153
74664.104,18928,12153
74665.269,18929,12153
74674.513,18930,12155
74675.631,18931,12155
74691.243,18932,12155
74697.533,18933,12155
74740.393,18934,12155
74749.438,18935,12155
74767.152,18936,12155
74768.699,18937,12155
74769.03,18938,12155
74769.408,18939,12155
74770.632,18940,12155
74771.15,18941,12155
74788.573,18942,12155
74794.365,18943,12156
74795.814,18944,12156
74795.917,18945,12156
74814.116,18946,12156
74814.456,18947,12156
74832.871,18948,12156
74833.495,18949,12156
74833.593,18950,12156
74842.218,18951,12156
74846.997,18952,12156
74877.018,18953,12156
74878.628,18954,12156
74899.174,18955,12156
74905.02,18956,12157
74932.995,18957,12157
74937.819,18958,12157
74939.615,18959,12157
74960.525,18960,12157
74964.302,18961,12157
74979.073,18962,12157
75004.512,18963,12157
75013.836,18964,12157
75014.307,18965,12157
75022.634,18966,12157
75031.29,18967,12157
75034.611,18968,12157
75086.916,18969,12157
75090.322,18970,12157
75103.455,18971,12157
75104.325,18972,12157
75105.994,18973,12157
75107.248,18974,12157
75108.249,18975,12157
75111.562,18976,12157
75118.178,18977,12157
75220.262,18978,12158
75223.899,18979,12158
75228.917,18980,12158
75239.523,18981,12158
75240.855,18982,12158
75243.545,18983,12158
75245.809,18984,12158
75246.117,18985,12158
75250.567,18986,12158
75260.697,18987,12158
75262.95,18988,12158
75328.617,18989,12158
75329.041,18990,12158
75340.761,18991,12158
75357.278,18992,12158
75357.854,18993,12158
75375.784,18994,12158
75382.994,18995,12158
75403.261,18996,12158
75428.008,18997,12158
75442.24,18998,12158
75443.036,18999,12158
75444.734,19000,12158
75467.495,19001,12158
75485.031,19002,12159
75495.398,19003,12159
75505.356,19004,12159
75513.701,19005,12159
75517.894,19006,12159
75538.205,19007,12159
75565.341,19008,12159
75576.438,19009,12159
75590.189,19010,12159
75618.556,19011,12159
75618.786,19012,12160
75675.762,19013,12160
75676.562,19014,12160
75681.286,19015,12160
75697.476,19016,12160
75705.871,19017,12160
75713.804,19018,12160
75722.895,19019,12160
75773.229,19020,12161
75780.111,19021,12162
75791.819,19022,12162
75818.019,19023,12162
75819.671,19024,12162
75820.932,19025,12162
75822.911,19026,12162
75826.117,19027,12162
75833.798,19028,12162
75834.851,19029,12162
75838.597,19030,12162
75861.847,19031,12162
75863.026,19032,12162
75885.716,19033,12162
75912.006,19034,12162
75934.435,19035,12162
75936.603,19036,12162
75968.052,19037,12162
75986.554,19038,12162
75997.427,19039,12162
76006.073,19040,12162
76040.891,19041,12162
76042.03,19042,12162
76043.719,19043,12162
76052.011,19044,12162
76061.394,19045,12162
76061.917,19046,12162
76062.207,19047,12162
76065.566,19048,12162
76067.227,19049,12162
76074.872,19050,12162
76081.471,19051,12162
76081.536,19052,12162
76081.848,19053,12162
76081.879,19054,12162
76081.913,19055,12162
76082.124,19056,12162
76086.523,19057,12162
76093.388,19058,12162
76129.947,19059,12162
76140.329,19060,12162
76147.063,19061,12162
76181.15,19062,12162
76181.188,19063,12162
76183.114,19064,12162
76185.735,19065,12162
76187.711,19066,12162
76189.519,19067,12162
76230.442,19068,12162
76239.348,19069,12162
76240.131,19070,12162
76251.673,19071,12162
76302.499,19072,12162
76304.615,19073,12162
76307.164,19074,12162
76307.578,19075,12162
76315.074,19076,12162
76346.089,19077,12162
76346.664,19078,12162
76347.244,19079,12162
76404.431,19080,12162
76405.535,19081,12162
76419.347,19082,12164
76425.577,19083,12164
76425.841,19084,12164
76426.557,19085,12164
76430.618,19086,12164
76436.665,19087,12164
76468.395,19088,12164
76471.033,19089,12164
76479.056,19090,12164
76482.468,19091,12164
76506.483,19092,12164
76537.646,19093,12165
76549.931,19094,12167
76550.155,19095,12174
76629.99,19096,12174
76640.333,19097,12174
76650.305,19098,12174
76653.053,19099,12174
76699.191,19100,12174
76704.035,19101,12175
76713.883,19102,12177
76715.576,19103,12177
76801.183,19104,12177
76832.734,19105,12177
76862.054,19106,12177
76863.121,19107,12177
76866.779,19108,12177
76867.849,19109,12177
76868.805,19110,12177
76870.164,19111,12177
76872.034,19112,12177
76879.692,19113,12177
76900.185,19114,12177
76926.754,19115,12178
76941.041,19116,12178
76941.194,19117,12178
76941.301,19118,12178
76941.367,19119,12178
76942.222,19120,12178
76961.537,19121,12178
77005.1,19122,12178
77066.429,19123,12178
77086.424,19124,12178
77108.149,19125,12178
77109.184,19126,12178
77138.026,19127,12178
77138.43,19128,12178
77138.809,19129,12178
77138.929,19130,12178
77139.829,19131,12178
77139.86,19132,12178
77141.383,19133,12178
77142.725,19134,12178
77143.029,19135,12180
77144.078,19136,12180
77144.882,19137,12180
77146.464,19138,12180
77146.597,19139,12180
77155.932,19140,12180
77156.002,19141,12181
77156.889,19142,12181
77160.956,19143,12181
77162.401,19144,12181
77162.518,19145,12181
77203.905,19146,12181
77217.253,19147,12181
77221.888,19148,12181
77221.9,19149,12181
77259.579,19150,12181
77260.343,19151,12181
77261.548,19152,12181
77262.194,19153,12181
77263.247,19154,12181
77263.622,19155,12181
77266.658,19156,12181
77269.738,19157,12181
77272.444,19158,12181
77276.466,19159,12182
77276.789,19160,12182
77277.559,19161,12182
77279.42,19162,12182
77320.174,19163,12182
77320.925,19164,12182
77332.761,19165,12182
77332.909,19166,12182
77333.918,19167,12182
77339.883,19168,12182
77346.089,19169,12182
77346.345,19170,12182
77347.533,19171,12182
77349.035,19172,12182
77372.371,19173,12182
77392.49,19174,12182
77395.888,19175,12182
77395.901,19176,12182
77395.919,19177,12182
77396.835,19178,12182
77424.295,19179,12182
77426.671,19180,12182
77428.411,19181,12182
77478.706,19182,12182
77480.531,19183,12182
77480.556,19184,12182
77484.02,19185,12182
77490.73,19186,12182
77491.77,19187,12182
77492.957,19188,12182
77495.209,19189,12182
77529.051,19190,12182
77550.83,19191,12182
77564.685,19192,12182
77566.747,19193,12182
77597.183,19194,12182
77604.705,19195,12182
77685.963,19196,12182
77687.793,19197,12182
77695.949,19198,12183
77704.629,19199,12183
77725.845,19200,12183
77759.882,19201,12183
77767.674,19202,12183
77802.145,19203,12183
77810.342,19204,12183
77811.648,19205,12183
77819.326,19206,12183
77827.452,19207,12183
77827.64,19208,12183
77846.529,19209,12183
77848.569,19210,12183
77849.782,19211,12183
77857.069,19212,12183
77879.703,19213,12183
77880.261,19214,12183
77881.886,19215,12183
77882.261,19216,12183
77888.839,19217,12183
77914.837,19218,12183
77935.016,19219,12183
77939.2,19220,12183
77943.659,19221,12183
77957.468,19222,12184
77965.185,19223,12184
77967.255,19224,12184
77967.778,19225,12184
77997.631,19226,12184
78025.657,19227,12184
78026.074,19228,12184
78026.173,19229,12184
78042.457,19230,12184
78047.868,19231,12184
78055.017,19232,12184
78092.543,19233,12184
78093.682,19234,12184
78095.081,19235,12184
78102.884,19236,12184
78103.951,19237,12184
78116.002,19238,12184
78117.655,19239,12185
78117.747,19240,12185
78126.746,19241,12185
78137.395,19242,12185
78146.679,19243,12185
78161.484,19244,12185
78176.631,19245,12185
78178.625,19246,12185
78201.853,19247,12185
78221.872,19248,12185
78230.747,19249,12185
78230.803,19250,12185
78235.223,19251,12185
78238.937,19252,12185
78243.224,19253,12185
78270.398,19254,12185
78270.661,19255,12185
78271.144,19256,12185
78284.592,19257,12185
78289.546,19258,12185
78289.766,19259,12185
78304.657,19260,12186
78317.83,19261,12186
78320.028,19262,12186
78324.198,19263,12186
78326.748,19264,12186
78339.721,19265,12186
78339.769,19266,12186
78346.995,19267,12186
78348.227,19268,12186
78350.761,19269,12186
78361.535,19270,12186
78374.615,19271,12186
78374.744,19272,12186
78377.251,19273,12186
78387.122,19274,12186
78397.342,19275,12186
78398.211,19276,12186
78398.871,19277,12186
78404.762,19278,12186
78444.46,19279,12186
78477.977,19280,12186
78493.614,19281,12186
78494.982,19282,12186
78507.411,19283,12187
78532.684,19284,12187
78569.153,19285,12187
78569.345,19286,12187
78659.128,19287,12187
78670.035,19288,12187
78680.449,19289,12187
78684.241,19290,12187
78701.817,19291,12187
78729.299,19292,12187
78742.092,19293,12187
78748.131,19294,12187
78761.816,19295,12187
78768.624,19296,12187
78779.52,19297,12188
78787.581,19298,12188
78803.217,19299,12188
78821.312,19300,12188
78821.395,19301,12188
78839.303,19302,12188
78839.712,19303,12189
78842.292,19304,12189
78842.813,19305,12189
78852.485,19306,12189
78925.059,19307,12189
78926.384,19308,12189
78927.681,19309,12189
78961.645,19310,12189
78975.945,19311,12189
78986.72,19312,12189
79002.324,19313,12189
79003.019,19314,12190
79021.723,19315,12190
79056.566,19316,12190
79064.355,19317,12190
79064.766,19318,12190
79064.987,19319,12190
79069.602,19320,12190
79070.964,19321,12190
79074.714,19322,12190
79075.465,19323,12190
79087.642,19324,12190
79093.797,19325,12190
79093.829,19326,12190
79095.492,19327,12190
79108.402,19328,12190
79110.137,19329,12190
79133.342,19330,12190
79166.008,19331,12190
79174.741,19332,12190
79206.5,19333,12190
79235.259,19334,12190
79241.166,19335,12190
79263.407,19336,12190
79263.436,19337,12190
79295.449,19338,12190
79329.548,19339,12191
79336.281,19340,12191
79365.61,19341,12192
79396.612,19342,12192
79400.064,19343,12192
79420.916,19344,12192
79426.844,19345,12193
79427.354,19346,12193
79427.855,19347,12193
79428.54,19348,12193
79439.558,19349,12193
79492.058,19350,12193
79499.983,19351,12193
79500.016,19352,12193
79510.362,19353,12193
79526.682,19354,12193
79529.71,19355,12193
79570.274,19356,12193
79570.913,19357,12193
79573.484,19358,12193
79576.502,19359,12193
79582.08,19360,12194
79582.506,19361,12194
79589.75,19362,12194
79602.665,19363,12194
79603.002,19364,12194
79604.113,19365,12194
79604.579,19366,12194
79604.793,19367,12194
79605.718,19368,12194
79614.592,19369,12194
79620.446,19370,12194
79625.123,19371,12194
79649.904,19372,12194
79654.44,19373,12194
79654.467,19374,12194
79654.489,19375,12194
79654.528,19376,12194
79654.885,19377,12194
79657.613,19378,12194
79677.407,19379,12194
79677.824,19380,12194
79695.746,19381,12194
79695.876,19382,12195
79729.331,19383,12195
79752.857,19384,12195
79784.988,19385,12195
79790.541,19386,12195
79794.391,19387,12195
79813.162,19388,12195
79827.685,19389,12195
79828.237,19390,12195
79870.134,19391,12195
79877.196,19392,12195
79888.082,19393,12195
79904.611,19394,12195
79907.478,19395,12195
79912.754,19396,12195
79950.955,19397,12195
79953.934,19398,12195
79968.024,19399,12195
79978.797,19400,12195
79979.52,19401,12195
79984.477,19402,12195
79985.041,19403,12195
79989.758,19404,12195
80012.246,19405,12195
80012.408,19406,12195
80016.147,19407,12195
80036.217,19408,12200
80036.773,19409,12200
80045.318,19410,12200
80050.273,19411,12200
80051.971,19412,12200
80053.545,19413,12202
80059.012,19414,12202
80078.202,19415,12202
80078.217,19416,12202
80079.09,19417,12202
80080.068,19418,12202
80080.203,19419,12202
80081.616,19420,12202
80084.028,19421,12202
80107.23,19422,12202
80131.003,19423,12202
80141.556,19424,12202
80155.18,19425,12202
80191.459,19426,12202
80200.501,19427,12202
80205.777,19428,12202
80213.864,19429,12202
80220.146,19430,12202
80221.352,19431,12202
80229.075,19432,12202
80260.743,19433,12202
80260.913,19434,12202
80274.597,19435,12202
80285.144,19436,12202
80317.148,19437,12202
80328.326,19438,12202
80358.183,19439,12202
80359.361,19440,12202
80361.457,19441,12202
80393.221,19442,12202
80450.508,19443,12202
80453.642,19444,12202
80481.002,19445,12202
80481.366,19446,12202
80484.164,19447,12202
80485.322,19448,12202
80488.376,19449,12202
80493.467,19450,12202
80508.976,19451,12202
80528.239,19452,12202
80528.928,19453,12202
80532.25,19454,12202
80538.665,19455,12202
80563.875,19456,12202
80563.951,19457,12202
80568.332,19458,12202
80569.724,19459,12202
80572.386,19460,12202
80595.389,19461,12202
80596.432,19462,12202
80613.608,19463,12202
80626.316,19464,12202
80629.778,19465,12202
80634.385,19466,12202
80647.284,19467,12202
80648.577,19468,12202
80656.073,19469,12202
80657.693,19470,12202
80657.769,19471,12202
80671.864,19472,12202
80675.494,19473,12202
80675.718,19474,12202
80712.405,19475,12202
80715.23,19476,12202
80748.349,19477,12202
80748.908,19478,12202
80749.898,19479,12202
80800.501,19480,12202
80822.093,19481,12202
80847.389,19482,12202
80857.45,19483,12202
80861.597,19484,12202
80862.211,19485,12203
80863.948,19486,12203
80868.791,19487,12203
80871.565,19488,12203
80873.248,19489,12203
80904.708,19490,12203
80910.768,19491,12203
80935.033,19492,12203
80936.405,19493,12203
80944.388,19494,12203
80959.993,19495,12203
80963.649,19496,12203
80987.111,19497,12203
80998.494,19498,12203
81015.024,19499,12203
81018.416,19500,12203
81024.169,19501,12203
81034.721,19502,12203
81051.023,19503,12203
81053.76,19504,12203
81054.792,19505,12203
81068.928,19506,12203
81069.549,19507,12203
81071.332,19508,12203
81072.652,19509,12203
81076.227,19510,12203
81083.446,19511,12203
81085.461,19512,12203
81129.432,19513,12203
81132.373,19514,12203
81152.724,19515,12203
81184.53,19516,12203
81196.811,19517,12203
81196.898,19518,12203
81198.727,19519,12206
81201.705,19520,12206
81216.189,19521,12206
81234.007,19522,12206
81235.15,19523,12206
81240.332,19524,12212
81258.063,19525,12212
81258.077,19526,12212
81258.916,19527,12212
81258.958,19528,12212
81258.978,19529,12212
81259.051,19530,12212
81259.081,19531,12212
81259.136,19532,12212
81259.275,19533,12212
81259.608,19534,12212
81259.683,19535,12212
81259.846,19536,12212
81260.122,19537,12212
81260.785,19538,12212
81261.141,19539,12212
81261.862,19540,12212
81262.185,19541,12212
81263.805,19542,12212
81269.965,19543,12212
81272.019,19544,12213
81281.218,19545,12213
81317.786,19546,12213
81335.43,19547,12213
81337.934,19548,12213
81348.958,19549,12214
81364.177,19550,12214
81378.127,19551,12214
81402.508,19552,12214
81403.036,19553,12218
81405.222,19554,12218
81411.511,19555,12218
81412.025,19556,12218
81412.04,19557,12218
81412.066,19558,12218
81412.078,19559,12218
81412.09,19560,12218
81412.102,19561,12218
81412.135,19562,12218
81412.189,19563,12218
81412.255,19564,12218
81412.274,19565,12218
81412.305,19566,12218
81412.352,19567,12218
81412.378,19568,12218
81412.574,19569,12218
81412.973,19570,12218
81413.0,19571,12218
81413.57,19572,12218
81413.664,19573,12219
81415.738,19574,12219
81418.535,19575,12220
81421.508,19576,12220
81424.366,19577,12220
81424.392,19578,12220
81424.482,19579,12220
81425.436,19580,12220
81426.945,19581,12220
81428.333,19582,12220
81432.698,19583,12220
81444.713,19584,12220
81451.221,19585,12220
81452.892,19586,12220
81462.627,19587,12220
81464.366,19588,12220
81465.077,19589,12220
81465.204,19590,12220
81470.109,19591,12220
81470.598,19592,12220
81473.838,19593,12220
81478.042,19594,12220
81478.847,19595,12220
81479.436,19596,12220
81498.101,19597,12220
81498.53,19598,12220
81498.57,19599,12220
81518.994,19600,12220
81541.197,19601,12220
81544.144,19602,12220
81578.041,19603,12220
81597.977,19604,12220
81599.54,19605,12220
81600.456,19606,12220
81608.421,19607,12220
81611.967,19608,12220
81650.135,19609,12220
81704.562,19610,12220
81706.426,19611,12220
81706.981,19612,12220
81749.974,19613,12220
81751.012,19614,12220
81751.549,19615,12222
81751.717,19616,12223
81751.9,19617,12223
81752.182,19618,12223
81756.604,19619,12223
81756.697,19620,12223
81764.094,19621,12223
81790.78,19622,12223
81791.721,19623,12223
81793.554,19624,12223
81794.704,19625,12223
81795.659,19626,12223
81795.943,19627,12223
81802.557,19628,12223
81843.06,19629,12223
81854.336,19630,12223
81875.668,19631,12223
81875.74,19632,12223
81876.07,19633,12223
81877.432,19634,12223
81891.716,19635,12223
81899.194,19636,12224
81905.504,19637,12224
81909.093,19638,12224
81909.696,19639,12224
81931.273,19640,12224
81939.189,19641,12224
81955.422,19642,12224
81959.525,19643,12224
81960.045,19644,12224
81962.821,19645,12224
81964.205,19646,12224
81965.972,19647,12224
81970.842,19648,12224
81971.511,19649,12224
81973.403,19650,12224
81976.926,19651,12224
81981.549,19652,12224
81999.502,19653,12225
82001.57,19654,12225
82001.709,19655,12225
82002.088,19656,12225
82018.122,19657,12225
82024.137,19658,12225
82024.197,19659,12225
82024.441,19660,12225
82026.468,19661,12225
82038.759,19662,12225
82041.978,19663,12225
82047.519,19664,12225
82093.499,19665,12225
82095.497,19666,12225
82100.58,19667,12225
82100.784,19668,12225
82102.381,19669,12225
82103.908,19670,12225
82104.488,19671,12225
82104.624,19672,12225
82105.378,19673,12225
82109.804,19674,12225
82111.793,19675,12225
82118.267,19676,12225
82120.883,19677,12225
82133.665,19678,12225
82156.173,19679,12225
82156.388,19680,12225
82156.782,19681,12225
82159.314,19682,12225
82159.706,19683,12225
82160.196,19684,12225
82161.843,19685,12225
82168.62,19686,12225
82217.21,19687,12225
82217.284,19688,12225
82218.325,19689,12225
82219.035,19690,12225
82232.424,19691,12225
82294.695,19692,12226
82294.867,19693,12226
82338.072,19694,12226
82353.284,19695,12226
82370.782,19696,12226
82370.812,19697,12226
82388.606,19698,12226
82388.7,19699,12226
82409.983,19700,12226
82416.236,19701,12226
82416.316,19702,12226
82418.406,19703,12226
82427.387,19704,12226
82434.881,19705,12226
82446.306,19706,12226
82464.147,19707,12226
82467.089,19708,12226
82491.944,19709,12226
82507.972,19710,12226
82509.094,19711,12226
82526.839,19712,12226
82528.572,19713,12226
82540.968,19714,12226
82547.693,19715,12226
82550.592,19716,12226
82554.37,19717,12230
82555.501,19718,12233
82555.53,19719,12234
82555.657,19720,12234
82556.139,19721,12235
82556.181,19722,12235
82556.742,19723,12238
82557.726,19724,12238
82560.013,19725,12238
82562.176,19726,12238
82562.634,19727,12239
82563.845,19728,12239
82573.374,19729,12240
82574.82,19730,12240
82574.879,19731,12242
82590.228,19732,12242
82606.322,19733,12242
82606.832,19734,12242
82622.238,19735,12242
82635.328,19736,12242
82644.435,19737,12242
82662.999,19738,12242
82663.102,19739,12242
82664.366,19740,12242
82667.594,19741,12242
82674.711,19742,12242
82678.897,19743,12242
82681.564,19744,12242
82681.603,19745,12244
82698.968,19746,12244
82700.987,19747,12244
82717.372,19748,12244
82720.644,19749,12244
82726.779,19750,12244
82734.954,19751,12244
82754.767,19752,12244
82782.22,19753,12244
82787.934,19754,12244
82788.797,19755,12244
82790.194,19756,12244
82816.391,19757,12244
82818.484,19758,12244
82818.544,19759,12244
82843.168,19760,12244
82857.069,19761,12244
82858.538,19762,12244
82860.839,19763,12244
82868.615,19764,12244
82868.845,19765,12244
82870.327,19766,12244
82883.659,19767,12244
82916.35,19768,12244
82923.819,19769,12244
82925.981,19770,12244
82936.201,19771,12244
82943.171,19772,12244
82947.265,19773,12244
82962.194,19774,12245
82977.084,19775,12245
83018.136,19776,12245
83041.728,19777,12245
83042.966,19778,12246
83050.675,19779,12246
83051.255,19780,12246
83054.493,19781,12246
83059.407,19782,12246
83076.526,19783,12246
83118.946,19784,12246
83120.761,19785,12246
83121.139,19786,12246
83152.423,19787,12246
83152.742,19788,12246
83153.176,19789,12246
83153.947,19790,12246
83156.399,19791,12246
83157.881,19792,12246
83158.012,19793,12246
83161.492,19794,12246
83162.637,19795,12246
83164.355,19796,12246
83201.274,19797,12246
83211.42,19798,12246
83213.206,19799,12246
83252.469,19800,12246
83284.744,19801,12246
83285.601,19802,12246
83288.475,19803,12248
83288.823,19804,12248
83300.912,19805,12248
83308.711,19806,12251
83309.816,19807,12251
83323.245,19808,12251
83328.627,19809,12253
83359.746,19810,12253
83359.918,19811,12253
83361.411,19812,12253
83362.295,19813,12253
83363.171,19814,12253
83377.471,19815,12253
83381.243,19816,12253
83404.968,19817,12253
83407.481,19818,12253
83421.916,19819,12253
83427.594,19820,12253
83431.454,19821,12253
83450.455,19822,12253
83450.676,19823,12253
83461.287,19824,12253
83475.824,19825,12253
83505.397,19826,12253
83509.845,19827,12253
83513.346,19828,12253
83529.26,19829,12253
83535.223,19830,12253
83535.58,19831,12253
83542.745,19832,12253
83543.023,19833,12253
83543.037,19834,12253
83562.94,19835,12253
83593.77,19836,12253
83596.284,19837,12253
83622.523,19838,12253
83643.731,19839,12253
83666.2,19840,12255
83668.611,19841,12256
83672.245,19842,12256
83681.381,19843,12256
83681.426,19844,12256
83681.469,19845,12256
83685.047,19846,12256
83686.353,19847,12256
83688.098,19848,12256
83689.935,19849,12256
83701.344,19850,12256
83702.191,19851,12256
83707.233,19852,12256
83731.966,19853,12256
83732.736,19854,12256
83732.969,19855,12256
83733.539,19856,12256
83735.12,19857,12256
83746.582,19858,12256
83754.805,19859,12256
83790.779,19860,12256
83792.263,19861,12256
83816.758,19862,12256
83827.733,19863,12256
83886.031,19864,12256
83886.923,19865,12257
83887.096,19866,12257
83888.268,19867,12257
83905.167,19868,12257
83905.514,19869,12258
83905.695,19870,12258
83906.497,19871,12258
83934.869,19872,12258
83937.563,19873,12258
83966.769,19874,12258
83975.843,19875,12258
83980.702,19876,12258
83984.863,19877,12258
83986.051,19878,12258
83997.528,19879,12258
84000.796,19880,12258
84011.167,19881,12258
84017.072,19882,12258
84017.26,19883,12258
84039.686,19884,12258
84059.373,19885,12259
84059.831,19886,12259
84087.783,19887,12259
84089.713,19888,12259
84119.768,19889,12259
84120.147,19890,12259
84158.469,19891,12259
84175.813,19892,12259
84193.453,19893,12259
84199.1,19894,12259
84199.121,19895,12259
84199.528,19896,12259
84204.929,19897,12259
84214.491,19898,12259
84229.846,19899,12259
84235.865,19900,12259
84237.102,19901,12259
84238.055,19902,12259
84249.484,19903,12260
84264.321,19904,12260
84289.571,19905,12260
84291.486,19906,12260
84291.898,19907,12260
84293.895,19908,12260
84297.184,19909,12260
84297.484,19910,12260
84305.916,19911,12260
84309.21,19912,12260
84311.3,19913,12260
84333.121,19914,12260
84334.534,19915,12260
84351.434,19916,12260
84359.892,19917,12260
84375.189,19918,12260
84388.649,19919,12260
84423.403,19920,12260
84428.075,19921,12260
84428.934,19922,12260
84444.093,19923,12260
84444.443,19924,12260
84445.599,19925,12260
84461.264,19926,12260
84466.623,19927,12260
84468.622,19928,12260
84470.246,19929,12260
84471.812,19930,12260
84476.851,19931,12260
84486.716,19932,12260
84516.535,19933,12260
84542.253,19934,12260
84543.135,19935,12260
84557.23,19936,12261
84559.653,19937,12261
84580.238,19938,12261
84587.856,19939,12261
84588.815,19940,12262
84615.044,19941,12262
84615.927,19942,12262
84625.274,19943,12262
84630.993,19944,12262
84631.217,19945,12262
84634.373,19946,12262
84635.963,19947,12262
84636.468,19948,12264
84636.639,19949,12264
84640.149,19950,12264
84645.381,19951,12264
84652.511,19952,12264
84653.082,19953,12264
84678.297,19954,12264
84687.749,19955,12264
84688.358,19956,12264
84707.928,19957,12264
84720.994,19958,12264
84730.53,19959,12264
84738.031,19960,12264
84743.44,19961,12264
84753.982,19962,12264
84771.905,19963,12264
84792.113,19964,12264
84810.601,19965,12264
84811.834,19966,12264
84827.042,19967,12264
84881.977,19968,12264
84895.39,19969,12264
84895.498,19970,12264
84895.67,19971,12264
84895.882,19972,12264
84901.101,19973,12264
84901.212,19974,12264
84924.243,19975,12264
84925.106,19976,12264
84939.206,19977,12264
84939.584,19978,12264
84945.268,19979,12264
84948.17,19980,12264
84948.19,19981,12264
84948.436,19982,12264
84954.75,19983,12264
84958.397,19984,12264
84963.096,19985,12264
84964.137,19986,12264
84966.674,19987,12264
84970.167,19988,12264
84990.537,19989,12264
85016.917,19990,12264
85022.906,19991,12264
85032.885,19992,12264
85033.109,19993,12264
85036.13,19994,12264
85061.67,19995,12264
85072.558,19996,12264
85073.199,19997,12264
85075.837,19998,12264
85078.802,19999,12264
85079.587,20000,12264
85096.72,20001,12264
85105.447,20002,12264
85106.084,20003,12264
85106.16,20004,12264
85106.468,20005,12264
85141.697,20006,12264
85165.59,20007,12264
85166.545,20008,12264
85168.078,20009,12264
85168.202,20010,12264
85168.344,20011,12264
85171.835,20012,12264
85181.616,20013,12264
85187.852,20014,12264
85195.762,20015,12264
85207.406,20016,12264
85209.84,20017,12264
85211.053,20018,12264
85211.409,20019,12264
85214.898,20020,12264
85239.129,20021,12264
85242.732,20022,12264
85243.235,20023,12264
85243.373,20024,12264
85244.387,20025,12264
85245.494,20026,12264
85247.758,20027,12264
85258.017,20028,12264
85261.124,20029,12264
85339.433,20030,12264
85348.841,20031,12264
85401.859,20032,12264
85412.092,20033,12264
85436.083,20034,12264
85436.949,20035,12264
85460.223,20036,12264
85475.624,20037,12264
85477.503,20038,12264
85478.487,20039,12264
85497.58,20040,12264
85497.619,20041,12264
85498.109,20042,12264
85499.012,20043,12264
85504.054,20044,12264
85524.408,20045,12264
85537.955,20046,12264
85557.329,20047,12264
85581.011,20048,12264
85589.153,20049,12264
85608.629,20050,12264
85620.187,20051,12267
85640.687,20052,12267
85647.43,20053,12267
85658.941,20054,12267
85659.636,20055,12267
85660.677,20056,12267
85666.919,20057,12267
85668.208,20058,12267
85670.605,20059,12267
85689.997,20060,12267
85691.074,20061,12267
85704.661,20062,12267
85715.936,20063,12267
85740.286,20064,12267
85747.826,20065,12268
85770.417,20066,12268
85771.945,20067,12268
85772.888,20068,12268
85773.909,20069,12269
85777.734,20070,12269
85781.25,20071,12270
85783.811,20072,12270
85808.843,20073,12270
85811.936,20074,12270
85812.029,20075,12270
85818.711,20076,12271
85825.866,20077,12272
85832.659,20078,12272
85833.746,20079,12272
85833.791,20080,12272
85852.623,20081,12272
85889.754,20082,12272
85889.978,20083,12272
85926.699,20084,12272
85962.05,20085,12272
85973.661,20086,12272
85973.899,20087,12272
85974.28,20088,12272
85974.865,20089,12272
85975.772,20090,12272
85977.068,20091,12272
86003.226,20092,12276
86006.134,20093,12276
86017.859,20094,12276
86018.44,20095,12276
86050.761,20096,12276
86051.42,20097,12276
86051.533,20098,12276
86051.783,20099,12276
86061.511,20100,12276
86061.642,20101,12276
86068.189,20102,12276
86085.814,20103,12276
86109.576,20104,12276
86110.606,20105,12276
86112.724,20106,12276
86115.034,20107,12277
86118.979,20108,12277
86132.066,20109,12277
86134.194,20110,12277
86162.593,20111,12277
86164.421,20112,12277
86212.394,20113,12277
86230.868,20114,12277
86231.538,20115,12277
86235.167,20116,12277
86239.169,20117,12277
86251.648,20118,12277
86300.9,20119,12277
86367.298,20120,12277
86390.255,20121,12277
86393.618,20122,12277
