time_s,inputs,cumulative_edges
0.0,1,2325
0.0,2,2424
0.0,3,2443
0.0,4,2490
0.0,5,2591
0.0,6,2595
0.0,7,2904
0.0,8,2961
0.0,9,3364
0.0,10,3398
0.0,11,3400
0.0,12,3500
0.0,13,3502
0.0,14,3509
0.0,15,3527
0.0,16,3527
0.0,17,3528
0.0,18,3548
0.0,19,3721
0.0,20,3730
0.0,21,3732
0.0,22,3734
0.0,23,3743
0.0,24,3743
0.0,25,3744
0.0,26,3773
0.0,27,3773
0.0,28,3779
0.0,29,3795
0.0,30,3796
0.0,31,3802
0.0,32,3805
0.0,33,3825
0.0,34,3825
0.0,35,3833
0.0,36,3833
0.0,37,3847
0.0,38,3852
0.0,39,3855
0.0,40,3855
0.0,41,3871
0.0,42,3872
0.0,43,3910
0.0,44,3932
0.0,45,3967
0.0,46,3992
0.0,47,3997
0.0,48,4001
0.0,49,4037
0.0,50,4052
0.0,51,4052
0.0,52,4055
0.0,53,4055
0.0,54,4067
0.0,55,4144
0.0,56,4144
0.0,57,4150
0.0,58,4157
0.0,59,4161
0.0,60,4164
0.0,61,4174
0.0,62,4174
0.0,63,4194
0.0,64,4194
0.0,65,4194
0.0,66,4194
0.0,67,4194
0.0,68,4196
0.0,69,4200
0.0,70,4200
0.0,71,4206
0.0,72,4206
0.0,73,4206
0.0,74,4210
0.0,75,4211
0.0,76,4212
0.0,77,4212
0.0,78,4212
0.0,79,4212
0.0,80,4212
0.0,81,4245
0.0,82,4246
0.0,83,4248
0.0,84,4248
0.0,85,4248
0.0,86,4250
0.0,87,4256
0.0,88,4379
0.0,89,4447
0.0,90,4451
0.0,91,4454
0.0,92,4454
0.0,93,4458
0.0,94,4458
0.0,95,4458
0.0,96,4458
0.0,97,4487
0.0,98,4493
0.0,99,4504
0.0,100,4504
0.0,101,4517
0.0,102,4518
0.0,103,4518
0.0,104,4518
0.0,105,4518
0.0,106,4518
0.0,107,4520
0.0,108,4521
0.0,109,4523
0.0,110,4523
0.0,111,4523
0.0,112,4527
0.0,113,4527
0.0,114,4532
0.0,115,4534
0.0,116,4538
0.0,117,4539
0.0,118,4539
0.0,119,4539
0.0,120,4550
0.0,121,4550
0.0,122,4550
0.0,123,4550
0.0,124,4552
0.0,125,4552
0.0,126,4552
0.0,127,4563
0.0,128,4913
0.0,129,4914
0.0,130,4914
0.0,131,4914
0.0,132,4914
0.0,133,4914
0.0,134,4914
0.0,135,4915
0.0,136,4915
0.0,137,4915
0.0,138,4923
0.0,139,4923
0.0,140,4923
0.0,141,4924
0.0,142,4927
0.0,143,4927
0.0,144,4927
0.0,145,5011
0.0,146,5011
0.0,147,5016
0.0,148,5016
0.0,149,5016
0.0,150,5016
0.0,151,5023
0.0,152,5023
0.0,153,5029
0.0,154,5031
0.0,155,5031
0.0,156,5031
0.0,157,5031
0.0,158,5032
0.0,159,5113
0.0,160,5113
0.0,161,5113
0.0,162,5123
0.0,163,5124
0.0,164,5124
0.0,165,5124
0.0,166,5124
0.0,167,5125
0.0,168,5136
0.0,169,5140
0.0,170,5141
0.0,171,5141
0.0,172,5144
0.0,173,5170
0.0,174,5176
0.0,175,5176
0.0,176,5180
0.0,177,5182
0.0,178,5182
0.016,179,5182
0.03,180,5183
0.041,181,5184
0.052,182,5184
0.066,183,5184
0.088,184,5187
0.118,185,5187
0.145,186,5189
0.174,187,5189
0.185,188,5194
0.201,189,5195
0.212,190,5197
0.225,191,5198
0.288,192,5198
0.343,193,5199
0.383,194,5199
0.435,195,5200
0.504,196,5200
0.566,197,5201
0.789,198,5201
0.909,199,5202
0.967,200,5207
0.982,201,5208
0.996,202,5209
1.015,203,5210
1.034,204,5211
1.055,205,5212
1.074,206,5213
1.14,207,5214
1.16,208,5215
1.197,209,5216
1.212,210,5216
1.559,211,5216
1.928,212,5216
2.0,213,5217
2.012,214,5217
2.141,215,5218
2.163,216,5218
2.397,217,5220
2.451,218,5220
2.587,219,5220
2.62,220,5221
2.71,221,5221
2.74,222,5221
2.778,223,5221
2.794,224,5222
2.891,225,5223
2.907,226,5223
2.968,227,5223
3.02,228,5224
3.111,229,5225
3.262,230,5225
3.294,231,5225
3.346,232,5226
3.399,233,5226
3.527,234,5228
3.654,235,5230
3.682,236,5230
3.873,237,5230
3.966,238,5230
4.031,239,5230
4.153,240,5231
4.29,241,5232
4.325,242,5235
4.373,243,5237
4.404,244,5237
4.434,245,5237
4.538,246,5237
4.757,247,5237
4.774,248,5238
4.857,249,5240
5.065,250,5249
5.276,251,5249
5.424,252,5249
5.809,253,5249
5.845,254,5250
5.911,255,5251
5.933,256,5251
5.959,257,5251
6.127,258,5252
6.265,259,5253
6.853,260,5254
6.873,261,5255
6.889,262,5256
7.034,263,5256
7.139,264,5258
7.28,265,5259
7.318,266,5260
7.358,267,5260
7.783,268,5261
8.482,269,5263
8.707,270,5263
8.732,271,5263
8.864,272,5263
9.178,273,5264
9.276,274,5264
9.366,275,5264
9.449,276,5264
9.557,277,5264
9.972,278,5265
10.164,279,5266
10.234,280,5267
10.482,281,5269
11.021,282,5277
11.068,283,5278
11.491,284,5279
11.723,285,5281
11.811,286,5281
12.253,287,5282
12.698,288,5285
12.802,289,5285
13.617,290,5285
13.656,291,5286
13.817,292,5286
13.847,293,5287
13.962,294,5287
14.265,295,5287
14.751,296,5287
15.01,297,5288
15.036,298,5288
15.521,299,5288
15.533,300,5289
15.84,301,5291
16.473,302,5291
16.79,303,5293
16.825,304,5293
16.879,305,5293
17.01,306,5294
17.306,307,5295
18.405,308,5295
18.499,309,5295
18.546,310,5295
18.659,311,5297
18.723,312,5302
18.919,313,5303
19.005,314,5304
19.068,315,5304
19.286,316,5305
19.864,317,5305
19.885,318,5305
20.136,319,5306
20.542,320,5307
20.938,321,5307
21.566,322,5307
21.785,323,5307
21.879,324,5308
22.036,325,5308
22.123,326,5308
22.296,327,5309
22.645,328,5309
22.801,329,5310
23.072,330,5310
23.47,331,5311
23.487,332,5312
23.503,333,5312
23.668,334,5316
25.235,335,5316
25.734,336,5316
26.111,337,5316
26.612,338,5316
26.659,339,5317
26.95,340,5317
27.103,341,5319
27.82,342,5319
28.011,343,5319
28.077,344,5322
28.527,345,5323
28.574,346,5331
28.878,347,5332
29.077,348,5333
29.501,349,5337
29.677,350,5337
29.72,351,5337
30.238,352,5337
30.375,353,5338
31.194,354,5338
31.404,355,5338
31.545,356,5339
31.629,357,5340
32.491,358,5340
32.78,359,5340
33.898,360,5341
33.919,361,5342
34.01,362,5342
34.123,363,5343
35.49,364,5350
35.944,365,5350
36.109,366,5350
36.159,367,5351
36.697,368,5351
36.819,369,5351
37.468,370,5351
38.211,371,5352
38.466,372,5353
38.734,373,5354
39.55,374,5355
39.926,375,5356
39.989,376,5358
41.202,377,5362
41.637,378,5362
41.667,379,5362
41.812,380,5362
41.88,381,5362
41.955,382,5363
42.502,383,5366
42.718,384,5367
43.048,385,5367
44.071,386,5367
45.077,387,5368
45.806,388,5369
45.857,389,5370
46.228,390,5370
46.404,391,5378
47.975,392,5379
49.073,393,5380
49.541,394,5381
49.731,395,5381
50.484,396,5381
50.741,397,5381
51.468,398,5382
51.699,399,5382
51.938,400,5382
51.969,401,5383
52.574,402,5384
53.692,403,5384
54.011,404,5385
54.039,405,5386
54.576,406,5386
55.007,407,5387
56.619,408,5389
57.34,409,5389
57.466,410,5389
58.007,411,5390
58.157,412,5390
58.84,413,5391
58.957,414,5391
59.163,415,5391
59.329,416,5391
60.916,417,5392
61.346,418,5392
61.491,419,5394
61.541,420,5394
61.753,421,5394
62.184,422,5394
62.196,423,5394
64.288,424,5394
65.054,425,5394
65.748,426,5395
65.901,427,5396
66.002,428,5399
66.194,429,5399
66.249,430,5399
67.143,431,5399
68.097,432,5412
68.247,433,5414
68.355,434,5414
68.617,435,5415
68.699,436,5415
69.251,437,5415
69.319,438,5416
69.472,439,5416
70.231,440,5417
70.675,441,5417
70.738,442,5418
70.785,443,5418
70.86,444,5418
72.183,445,5418
73.753,446,5418
74.978,447,5418
75.806,448,5418
75.955,449,5419
78.816,450,5419
79.939,451,5419
81.267,452,5419
82.815,453,5420
82.988,454,5420
83.759,455,5421
84.177,456,5422
85.634,457,5425
85.794,458,5434
85.846,459,5446
86.83,460,5447
87.882,461,5447
88.056,462,5447
89.22,463,5447
89.474,464,5447
89.498,465,5447
89.767,466,5447
89.928,467,5447
90.262,468,5447
92.04,469,5447
92.499,470,5449
93.451,471,5450
95.884,472,5451
96.395,473,5452
96.79,474,5453
100.525,475,5453
100.874,476,5456
102.078,477,5456
104.022,478,5456
104.08,479,5457
108.213,480,5458
108.242,481,5460
108.733,482,5460
110.161,483,5461
110.339,484,5461
112.778,485,5461
112.815,486,5462
114.495,487,5463
116.948,488,5463
119.366,489,5463
119.701,490,5467
121.735,491,5468
122.662,492,5472
122.813,493,5473
123.753,494,5474
125.108,495,5474
126.138,496,5474
127.006,497,5474
127.095,498,5474
127.158,499,5474
127.394,500,5474
127.697,501,5475
127.905,502,5477
128.019,503,5477
128.313,504,5477
128.758,505,5477
128.907,506,5478
129.063,507,5478
129.451,508,5478
130.049,509,5479
130.241,510,5479
130.463,511,5481
130.748,512,5483
130.947,513,5484
131.175,514,5485
131.408,515,5486
132.198,516,5486
133.143,517,5486
133.237,518,5486
133.349,519,5486
133.79,520,5487
134.343,521,5488
134.659,522,5488
135.247,523,5489
135.708,524,5490
136.162,525,5490
137.207,526,5491
137.279,527,5491
137.835,528,5491
138.627,529,5492
140.386,530,5492
141.558,531,5492
143.052,532,5492
143.845,533,5498
144.583,534,5498
144.763,535,5498
146.368,536,5501
146.487,537,5502
146.67,538,5502
146.889,539,5503
146.987,540,5503
147.039,541,5503
148.582,542,5504
148.613,543,5504
149.588,544,5505
151.27,545,5505
151.452,546,5505
151.633,547,5506
154.74,548,5506
155.362,549,5507
156.019,550,5507
158.842,551,5509
160.477,552,5510
164.504,553,5511
165.319,554,5512
165.883,555,5512
165.928,556,5512
165.949,557,5513
166.143,558,5513
166.19,559,5513
166.227,560,5513
166.267,561,5514
166.356,562,5514
166.683,563,5514
166.752,564,5518
166.832,565,5518
166.875,566,5518
166.952,567,5518
167.051,568,5518
167.345,569,5525
167.411,570,5526
167.439,571,5526
167.794,572,5527
168.214,573,5528
168.326,574,5529
168.684,575,5529
168.864,576,5531
169.402,577,5531
169.646,578,5531
169.936,579,5532
170.67,580,5532
170.85,581,5532
170.997,582,5539
171.109,583,5541
171.534,584,5541
171.679,585,5541
171.887,586,5542
172.845,587,5543
172.988,588,5543
173.19,589,5543
173.504,590,5543
176.873,591,5544
177.161,592,5545
179.951,593,5546
180.275,594,5547
180.543,595,5547
180.631,596,5547
180.673,597,5548
181.027,598,5550
181.161,599,5550
181.562,600,5550
181.7,601,5550
182.301,602,5552
182.693,603,5553
184.468,604,5554
184.941,605,5555
185.005,606,5555
185.306,607,5556
185.883,608,5557
186.877,609,5567
187.832,610,5568
189.77,611,5568
189.82,612,5569
192.166,613,5572
192.734,614,5572
194.36,615,5574
194.494,616,5575
195.135,617,5575
198.71,618,5575
198.838,619,5576
198.875,620,5576
198.963,621,5576
199.653,622,5576
200.66,623,5576
200.976,624,5577
201.336,625,5577
201.992,626,5577
202.582,627,5578
203.494,628,5579
205.116,629,5579
205.246,630,5581
206.045,631,5582
207.838,632,5582
207.862,633,5582
207.901,634,5583
207.953,635,5586
208.06,636,5586
208.383,637,5586
208.584,638,5588
208.763,639,5589
208.807,640,5590
209.023,641,5590
209.181,642,5590
209.234,643,5591
209.256,644,5591
209.307,645,5597
210.171,646,5597
210.276,647,5598
210.408,648,5599
210.458,649,5600
210.653,650,5600
210.822,651,5600
211.075,652,5600
211.103,653,5601
211.146,654,5601
211.576,655,5601
211.684,656,5603
211.712,657,5603
211.801,658,5603
211.838,659,5611
211.985,660,5611
212.424,661,5611
212.804,662,5611
213.3,663,5613
213.42,664,5613
214.026,665,5613
214.291,666,5613
214.393,667,5613
216.252,668,5613
216.422,669,5614
217.416,670,5617
217.678,671,5618
217.813,672,5618
217.904,673,5619
218.047,674,5621
218.1,675,5621
218.552,676,5622
218.938,677,5622
218.967,678,5622
219.132,679,5622
220.064,680,5623
220.464,681,5623
221.103,682,5623
221.531,683,5625
222.019,684,5625
223.046,685,5626
223.282,686,5627
223.341,687,5630
223.519,688,5630
224.169,689,5630
224.384,690,5630
224.433,691,5630
224.765,692,5631
224.833,693,5632
224.901,694,5633
225.471,695,5641
225.618,696,5641
225.805,697,5642
226.245,698,5645
226.314,699,5645
227.331,700,5646
228.339,701,5646
228.656,702,5646
228.747,703,5646
229.106,704,5647
229.776,705,5647
230.285,706,5648
232.647,707,5648
233.323,708,5650
233.477,709,5651
234.307,710,5651
234.67,711,5651
235.512,712,5652
235.609,713,5652
237.363,714,5653
237.517,715,5654
237.641,716,5654
237.746,717,5655
237.951,718,5655
238.851,719,5655
240.118,720,5659
240.577,721,5659
241.496,722,5659
242.388,723,5660
243.769,724,5660
243.789,725,5660
243.861,726,5661
244.359,727,5661
244.687,728,5662
245.892,729,5664
246.096,730,5678
246.274,731,5678
247.352,732,5678
247.665,733,5678
247.836,734,5678
248.707,735,5678
249.634,736,5678
250.277,737,5678
250.722,738,5678
251.244,739,5679
252.048,740,5680
253.422,741,5680
253.717,742,5682
254.034,743,5683
254.726,744,5683
255.951,745,5683
256.256,746,5684
257.751,747,5685
258.065,748,5686
258.214,749,5686
258.26,750,5687
258.76,751,5687
259.19,752,5687
261.928,753,5687
262.373,754,5687
265.8,755,5687
266.503,756,5687
267.38,757,5687
268.374,758,5687
269.553,759,5690
269.68,760,5691
270.45,761,5691
272.526,762,5691
273.976,763,5691
274.541,764,5691
274.766,765,5691
276.025,766,5693
276.276,767,5693
277.061,768,5697
277.68,769,5697
278.04,770,5697
279.292,771,5697
283.434,772,5697
283.679,773,5697
284.125,774,5697
286.597,775,5697
286.805,776,5697
288.034,777,5697
288.247,778,5698
288.818,779,5699
290.357,780,5699
291.21,781,5700
291.346,782,5701
293.572,783,5701
294.937,784,5702
297.235,785,5702
298.184,786,5705
298.979,787,5705
300.467,788,5705
303.899,789,5705
305.074,790,5705
306.736,791,5705
308.869,792,5705
309.171,793,5705
309.526,794,5705
312.624,795,5707
314.399,796,5708
314.716,797,5709
315.403,798,5709
317.978,799,5709
318.849,800,5709
322.114,801,5710
323.821,802,5710
324.655,803,5711
324.986,804,5712
328.172,805,5713
328.33,806,5713
328.415,807,5713
328.657,808,5713
328.953,809,5713
331.656,810,5714
331.683,811,5714
333.484,812,5720
334.412,813,5720
336.687,814,5720
337.751,815,5720
337.85,816,5721
343.078,817,5722
344.646,818,5722
344.701,819,5722
344.913,820,5722
345.796,821,5722
345.892,822,5722
355.872,823,5725
355.962,824,5725
356.134,825,5728
356.157,826,5730
356.215,827,5731
356.453,828,5731
356.603,829,5732
356.786,830,5732
357.185,831,5732
357.75,832,5732
357.764,833,5732
357.783,834,5733
357.805,835,5734
357.821,836,5734
357.86,837,5734
357.889,838,5734
357.938,839,5734
357.959,840,5734
358.165,841,5734
358.207,842,5734
358.245,843,5734
358.301,844,5734
358.34,845,5734
358.45,846,5734
358.483,847,5734
358.509,848,5734
358.565,849,5735
358.674,850,5738
358.803,851,5739
358.896,852,5739
358.919,853,5739
358.947,854,5741
358.983,855,5741
359.215,856,5743
359.269,857,5743
359.369,858,5743
359.441,859,5744
359.463,860,5744
359.539,861,5744
359.739,862,5745
359.764,863,5745
359.779,864,5746
359.814,865,5746
359.837,866,5746
360.173,867,5746
360.52,868,5746
360.663,869,5747
360.774,870,5747
360.977,871,5747
361.041,872,5747
361.316,873,5747
361.574,874,5748
362.173,875,5748
362.249,876,5748
362.338,877,5749
362.469,878,5749
362.69,879,5749
363.204,880,5751
363.252,881,5752
363.647,882,5752
364.02,883,5753
364.143,884,5753
364.36,885,5754
364.441,886,5754
364.679,887,5754
364.948,888,5755
365.391,889,5755
365.477,890,5755
365.504,891,5757
365.794,892,5757
366.197,893,5757
366.595,894,5757
366.891,895,5757
366.956,896,5758
367.001,897,5794
367.343,898,5795
368.423,899,5795
368.694,900,5795
368.867,901,5795
369.668,902,5795
369.684,903,5796
369.826,904,5798
369.879,905,5798
369.97,906,5798
370.671,907,5799
370.727,908,5799
370.934,909,5800
371.352,910,5800
372.79,911,5802
373.08,912,5802
373.127,913,5802
373.542,914,5803
373.728,915,5803
373.902,916,5803
374.886,917,5803
375.461,918,5804
375.742,919,5804
376.167,920,5805
376.484,921,5805
376.537,922,5805
376.59,923,5806
376.746,924,5806
376.909,925,5806
377.191,926,5806
378.231,927,5806
378.367,928,5806
378.385,929,5813
379.116,930,5814
379.514,931,5816
379.647,932,5817
379.899,933,5817
380.284,934,5818
380.369,935,5819
380.553,936,5821
381.318,937,5822
382.374,938,5822
383.288,939,5822
383.334,940,5822
383.446,941,5822
383.959,942,5822
384.576,943,5823
385.163,944,5823
385.562,945,5824
386.09,946,5824
386.919,947,5824
387.281,948,5825
387.575,949,5825
388.416,950,5826
388.586,951,5827
389.904,952,5827
390.055,953,5828
390.848,954,5828
391.805,955,5828
393.016,956,5828
394.1,957,5840
394.698,958,5840
395.346,959,5840
397.35,960,5840
397.477,961,5840
397.497,962,5840
397.74,963,5844
398.129,964,5844
398.586,965,5845
404.636,966,5845
404.67,967,5845
405.188,968,5846
405.562,969,5848
405.674,970,5848
406.139,971,5848
406.273,972,5848
406.52,973,5848
406.575,974,5848
406.606,975,5848
406.62,976,5848
406.635,977,5848
406.657,978,5848
406.672,979,5848
406.7,980,5848
406.721,981,5848
406.737,982,5848
406.753,983,5848
406.776,984,5848
406.791,985,5848
406.805,986,5848
406.821,987,5848
406.838,988,5849
406.862,989,5849
406.888,990,5849
406.918,991,5849
406.94,992,5849
406.955,993,5850
406.979,994,5850
406.992,995,5850
407.007,996,5850
407.021,997,5850
407.037,998,5850
407.055,999,5850
407.069,1000,5850
407.088,1001,5850
407.102,1002,5850
407.141,1003,5850
407.169,1004,5850
407.209,1005,5850
407.234,1006,5850
407.252,1007,5851
407.276,1008,5851
407.313,1009,5851
407.332,1010,5851
407.368,1011,5851
407.386,1012,5851
407.411,1013,5851
407.462,1014,5851
407.483,1015,5851
407.503,1016,5851
407.544,1017,5851
407.557,1018,5851
407.58,1019,5851
407.595,1020,5851
407.618,1021,5851
407.638,1022,5851
407.657,1023,5851
407.692,1024,5851
407.717,1025,5851
407.741,1026,5851
407.762,1027,5851
407.809,1028,5851
407.847,1029,5851
407.932,1030,5852
407.957,1031,5852
408.103,1032,5852
408.147,1033,5852
408.166,1034,5852
408.215,1035,5852
408.26,1036,5852
408.287,1037,5852
408.345,1038,5852
408.38,1039,5852
408.422,1040,5853
408.444,1041,5854
408.531,1042,5854
408.552,1043,5854
408.568,1044,5854
408.592,1045,5854
408.613,1046,5854
408.667,1047,5854
408.681,1048,5854
408.709,1049,5854
408.758,1050,5854
408.773,1051,5854
408.791,1052,5854
408.813,1053,5854
408.872,1054,5854
408.897,1055,5854
408.919,1056,5854
408.96,1057,5854
408.978,1058,5854
409.028,1059,5854
409.045,1060,5854
409.101,1061,5854
409.123,1062,5854
409.165,1063,5854
409.201,1064,5854
409.291,1065,5854
409.312,1066,5854
409.429,1067,5855
409.589,1068,5855
409.801,1069,5855
409.83,1070,5855
409.869,1071,5856
409.962,1072,5856
410.067,1073,5856
410.106,1074,5857
410.156,1075,5860
410.174,1076,5860
410.279,1077,5861
410.475,1078,5862
410.734,1079,5863
410.852,1080,5863
410.928,1081,5863
411.004,1082,5863
411.068,1083,5863
411.216,1084,5863
411.393,1085,5864
411.41,1086,5866
411.491,1087,5866
411.586,1088,5866
411.626,1089,5866
411.664,1090,5866
411.807,1091,5866
411.826,1092,5866
411.929,1093,5866
412.022,1094,5866
412.26,1095,5866
412.441,1096,5868
412.79,1097,5868
413.008,1098,5868
413.186,1099,5869
413.231,1100,5869
413.276,1101,5869
413.316,1102,5870
413.352,1103,5870
413.478,1104,5870
413.681,1105,5870
413.704,1106,5870
414.012,1107,5871
414.455,1108,5871
414.579,1109,5871
414.757,1110,5871
414.832,1111,5871
414.917,1112,5872
414.977,1113,5873
414.993,1114,5873
415.152,1115,5873
415.199,1116,5873
415.437,1117,5873
415.549,1118,5875
415.577,1119,5876
415.717,1120,5877
415.808,1121,5877
415.872,1122,5877
416.029,1123,5880
416.11,1124,5882
416.437,1125,5883
416.464,1126,5883
416.548,1127,5883
416.728,1128,5883
416.812,1129,5883
417.01,1130,5883
417.193,1131,5883
417.391,1132,5884
417.634,1133,5884
417.673,1134,5884
417.695,1135,5884
417.746,1136,5885
417.833,1137,5887
417.86,1138,5887
418.157,1139,5887
418.435,1140,5887
418.452,1141,5887
418.936,1142,5887
419.066,1143,5887
419.082,1144,5888
419.461,1145,5888
419.614,1146,5888
419.668,1147,5889
419.965,1148,5889
420.205,1149,5889
420.332,1150,5889
420.555,1151,5889
420.669,1152,5890
420.755,1153,5890
420.855,1154,5890
421.275,1155,5890
421.751,1156,5890
421.817,1157,5890
421.981,1158,5890
422.025,1159,5890
422.078,1160,5890
422.109,1161,5890
422.27,1162,5891
422.311,1163,5891
422.407,1164,5891
422.453,1165,5891
422.497,1166,5891
422.734,1167,5891
422.804,1168,5891
422.834,1169,5892
423.56,1170,5892
424.011,1171,5892
424.351,1172,5892
424.588,1173,5893
424.751,1174,5893
425.235,1175,5893
425.488,1176,5893
425.742,1177,5893
425.847,1178,5894
425.909,1179,5894
426.085,1180,5894
426.38,1181,5894
426.505,1182,5894
426.556,1183,5894
426.611,1184,5894
426.755,1185,5894
426.866,1186,5894
426.924,1187,5895
426.949,1188,5895
427.339,1189,5898
427.377,1190,5898
427.946,1191,5898
428.332,1192,5898
429.105,1193,5898
429.341,1194,5898
429.74,1195,5898
429.968,1196,5898
430.136,1197,5898
430.692,1198,5898
430.922,1199,5898
431.19,1200,5899
431.379,1201,5900
433.084,1202,5901
434.186,1203,5901
435.464,1204,5908
435.558,1205,5908
435.735,1206,5908
435.883,1207,5908
436.017,1208,5908
437.566,1209,5908
438.204,1210,5908
438.263,1211,5908
438.591,1212,5908
438.783,1213,5908
438.801,1214,5908
439.461,1215,5908
439.918,1216,5908
440.749,1217,5908
441.048,1218,5908
441.286,1219,5908
441.899,1220,5908
442.002,1221,5908
442.777,1222,5908
443.257,1223,5908
445.043,1224,5908
445.254,1225,5908
445.65,1226,5910
446.239,1227,5911
446.645,1228,5911
446.694,1229,5912
447.71,1230,5912
448.111,1231,5912
448.147,1232,5912
451.444,1233,5912
452.926,1234,5912
453.147,1235,5912
454.879,1236,5912
454.916,1237,5916
455.539,1238,5917
456.72,1239,5917
457.511,1240,5917
457.699,1241,5917
459.18,1242,5917
461.447,1243,5918
462.013,1244,5918
462.753,1245,5918
465.58,1246,5918
465.687,1247,5918
466.133,1248,5918
466.965,1249,5919
468.979,1250,5919
471.605,1251,5919
474.463,1252,5919
474.828,1253,5919
476.91,1254,5919
478.179,1255,5919
478.419,1256,5924
478.613,1257,5925
478.95,1258,5925
479.278,1259,5925
480.86,1260,5926
483.777,1261,5927
484.766,1262,5928
489.12,1263,5929
491.336,1264,5930
492.59,1265,5932
498.105,1266,5934
500.058,1267,5934
500.663,1268,5936
501.093,1269,5936
502.933,1270,5936
503.952,1271,5937
504.491,1272,5937
510.086,1273,5938
512.854,1274,5939
516.514,1275,5939
516.781,1276,5940
519.425,1277,5940
519.689,1278,5941
522.895,1279,5941
527.243,1280,5941
532.301,1281,5941
532.483,1282,5941
535.244,1283,5941
536.538,1284,5941
538.006,1285,5941
547.089,1286,5942
547.222,1287,5943
547.668,1288,5943
550.253,1289,5943
550.934,1290,5944
553.922,1291,5944
554.196,1292,5944
555.06,1293,5944
555.344,1294,5944
557.475,1295,5944
558.306,1296,5944
560.675,1297,5945
561.358,1298,5946
567.164,1299,5947
569.932,1300,5947
573.651,1301,5947
575.109,1302,5948
576.507,1303,5948
586.274,1304,5948
586.3,1305,5948
586.318,1306,5948
605.941,1307,5948
606.333,1308,5948
606.424,1309,5948
607.133,1310,5948
608.096,1311,5948
608.219,1312,5952
608.355,1313,5952
608.594,1314,5952
608.806,1315,5952
613.667,1316,5982
615.055,1317,5989
617.299,1318,5989
617.531,1319,5989
617.793,1320,5989
619.767,1321,5989
621.096,1322,5989
621.767,1323,5990
623.066,1324,5990
623.186,1325,5991
624.465,1326,5992
629.177,1327,5993
629.509,1328,5995
632.363,1329,5995
632.405,1330,5995
632.426,1331,5995
634.232,1332,6018
634.47,1333,6020
635.028,1334,6067
640.856,1335,6067
643.29,1336,6067
646.649,1337,6067
661.366,1338,6067
661.575,1339,6068
662.815,1340,6068
663.716,1341,6075
668.464,1342,6080
670.074,1343,6082
671.353,1344,6082
671.412,1345,6083
671.435,1346,6085
674.12,1347,6085
674.546,1348,6085
674.589,1349,6086
677.137,1350,6091
677.38,1351,6092
678.412,1352,6092
679.127,1353,6093
683.862,1354,6094
691.688,1355,6094
691.835,1356,6094
692.231,1357,6094
693.496,1358,6095
693.717,1359,6096
696.565,1360,6096
696.784,1361,6096
696.881,1362,6096
697.341,1363,6096
698.895,1364,6096
700.162,1365,6096
701.504,1366,6096
702.037,1367,6096
702.251,1368,6096
703.343,1369,6101
704.376,1370,6101
705.55,1371,6102
705.945,1372,6105
707.27,1373,6107
707.706,1374,6108
707.867,1375,6111
708.04,1376,6111
708.612,1377,6111
709.226,1378,6111
709.906,1379,6111
710.512,1380,6112
711.998,1381,6137
717.018,1382,6137
717.556,1383,6138
719.473,1384,6141
720.896,1385,6154
721.705,1386,6154
723.088,1387,6155
723.777,1388,6155
724.3,1389,6155
725.801,1390,6156
726.117,1391,6156
727.293,1392,6156
728.578,1393,6162
729.766,1394,6163
730.301,1395,6163
730.655,1396,6163
731.871,1397,6164
733.022,1398,6164
736.642,1399,6164
736.912,1400,6164
737.91,1401,6164
738.177,1402,6165
739.293,1403,6175
739.939,1404,6176
740.853,1405,6176
744.926,1406,6215
744.973,1407,6215
751.608,1408,6215
752.386,1409,6215
752.74,1410,6217
753.658,1411,6217
755.25,1412,6219
756.671,1413,6227
758.084,1414,6227
759.221,1415,6228
760.062,1416,6228
761.163,1417,6229
762.238,1418,6237
767.351,1419,6237
774.789,1420,6255
776.299,1421,6268
777.172,1422,6268
777.217,1423,6268
778.261,1424,6269
783.231,1425,6269
786.624,1426,6269
788.097,1427,6270
789.035,1428,6270
790.117,1429,6271
790.934,1430,6271
794.025,1431,6272
796.28,1432,6273
799.012,1433,6273
801.674,1434,6273
803.712,1435,6274
805.398,1436,6274
809.428,1437,6274
810.214,1438,6275
816.876,1439,6275
818.996,1440,6281
823.149,1441,6282
828.655,1442,6283
829.215,1443,6283
831.524,1444,6283
831.585,1445,6283
831.75,1446,6283
831.779,1447,6283
831.882,1448,6283
831.972,1449,6283
832.02,1450,6283
832.155,1451,6283
832.305,1452,6283
832.443,1453,6283
832.551,1454,6283
832.597,1455,6283
833.092,1456,6284
833.122,1457,6284
833.227,1458,6284
833.24,1459,6284
833.254,1460,6284
833.276,1461,6284
833.362,1462,6285
833.472,1463,6285
833.516,1464,6286
833.617,1465,6286
833.746,1466,6287
833.76,1467,6288
833.794,1468,6288
833.807,1469,6288
833.897,1470,6289
833.941,1471,6289
834.196,1472,6290
834.601,1473,6290
834.66,1474,6290
834.733,1475,6290
834.762,1476,6291
834.937,1477,6291
835.595,1478,6293
836.957,1479,6293
837.085,1480,6293
837.549,1481,6293
837.581,1482,6293
837.804,1483,6294
837.819,1484,6295
838.259,1485,6295
838.736,1486,6295
839.269,1487,6295
841.168,1488,6295
843.829,1489,6296
845.285,1490,6297
848.312,1491,6298
848.874,1492,6298
848.928,1493,6299
851.411,1494,6300
851.745,1495,6300
852.673,1496,6300
854.288,1497,6300
856.299,1498,6300
856.396,1499,6301
858.86,1500,6301
859.894,1501,6301
864.079,1502,6302
864.559,1503,6303
867.183,1504,6304
881.279,1505,6304
881.313,1506,6304
881.336,1507,6304
893.732,1508,6304
895.041,1509,6304
895.072,1510,6304
895.212,1511,6304
895.36,1512,6304
895.385,1513,6304
900.933,1514,6304
901.044,1515,6304
916.847,1516,6304
930.734,1517,6304
931.494,1518,6304
934.714,1519,6310
934.847,1520,6311
934.945,1521,6316
935.144,1522,6316
935.409,1523,6320
935.552,1524,6320
935.703,1525,6320
935.84,1526,6320
935.955,1527,6320
935.983,1528,6320
936.101,1529,6320
936.235,1530,6320
936.384,1531,6320
946.364,1532,6320
946.391,1533,6320
946.424,1534,6320
946.447,1535,6320
946.493,1536,6320
946.548,1537,6320
946.593,1538,6320
950.265,1539,6320
953.286,1540,6320
953.354,1541,6320
979.251,1542,6320
980.826,1543,6320
987.741,1544,6320
990.136,1545,6320
1009.282,1546,6320
1009.382,1547,6320
1009.82,1548,6320
1009.973,1549,6320
1010.447,1550,6320
1010.818,1551,6320
1011.95,1552,6320
1012.939,1553,6321
1013.075,1554,6321
1013.772,1555,6321
1017.944,1556,6321
1021.069,1557,6321
1021.799,1558,6321
1022.609,1559,6322
1023.188,1560,6342
1025.16,1561,6342
1026.419,1562,6342
1026.733,1563,6342
1027.277,1564,6342
1028.349,1565,6344
1031.6,1566,6344
1031.886,1567,6345
1032.067,1568,6346
1032.122,1569,6348
1032.358,1570,6348
1035.586,1571,6348
1036.335,1572,6348
1040.017,1573,6348
1043.156,1574,6348
1047.712,1575,6348
1054.225,1576,6349
1057.027,1577,6349
1058.565,1578,6350
1061.598,1579,6351
1067.257,1580,6352
1075.045,1581,6353
1076.394,1582,6355
1079.986,1583,6355
1080.646,1584,6355
1092.01,1585,6355
1092.25,1586,6356
1092.563,1587,6356
1095.752,1588,6357
1097.163,1589,6358
1098.356,1590,6359
1105.502,1591,6359
1110.856,1592,6361
1113.811,1593,6363
1115.714,1594,6364
1124.662,1595,6364
1126.783,1596,6364
1135.178,1597,6365
1135.508,1598,6365
1146.476,1599,6365
1148.824,1600,6366
1155.043,1601,6366
1158.75,1602,6367
1164.989,1603,6368
1177.553,1604,6368
1181.428,1605,6368
1184.225,1606,6368
1191.156,1607,6368
1195.153,1608,6368
1195.681,1609,6368
1195.793,1610,6368
1196.362,1611,6368
1196.38,1612,6368
1196.67,1613,6368
1196.895,1614,6368
1201.989,1615,6374
1209.105,1616,6374
1209.233,1617,6374
1209.623,1618,6374
1209.64,1619,6374
1209.954,1620,6374
1211.039,1621,6374
1211.112,1622,6374
1211.129,1623,6375
1211.153,1624,6375
1211.204,1625,6375
1211.231,1626,6375
1211.26,1627,6375
1211.282,1628,6375
1211.315,1629,6375
1211.331,1630,6375
1211.403,1631,6375
1211.42,1632,6375
1211.499,1633,6375
1211.657,1634,6375
1211.823,1635,6375
1211.84,1636,6376
1211.885,1637,6376
1211.957,1638,6376
1212.224,1639,6376
1212.407,1640,6376
1212.462,1641,6376
1212.67,1642,6376
1212.777,1643,6376
1212.887,1644,6376
1213.035,1645,6376
1213.191,1646,6376
1213.308,1647,6376
1213.604,1648,6376
1213.638,1649,6376
1214.152,1650,6376
1215.449,1651,6376
1215.686,1652,6376
1215.866,1653,6377
1216.235,1654,6377
1216.361,1655,6377
1216.381,1656,6377
1216.458,1657,6377
1216.764,1658,6377
1217.22,1659,6377
1217.733,1660,6377
1218.074,1661,6377
1218.211,1662,6377
1218.3,1663,6377
1218.828,1664,6379
1220.228,1665,6379
1220.422,1666,6379
1220.985,1667,6379
1221.617,1668,6379
1221.963,1669,6379
1222.585,1670,6379
1223.706,1671,6380
1223.887,1672,6380
1223.986,1673,6380
1225.465,1674,6381
1226.203,1675,6381
1226.306,1676,6381
1226.608,1677,6381
1227.414,1678,6381
1227.623,1679,6381
1227.813,1680,6381
1227.874,1681,6381
1228.153,1682,6381
1228.592,1683,6381
1228.772,1684,6381
1229.075,1685,6381
1230.419,1686,6381
1230.549,1687,6382
1232.115,1688,6382
1233.188,1689,6382
1233.607,1690,6383
1235.037,1691,6385
1236.528,1692,6385
1237.505,1693,6386
1237.847,1694,6386
1238.24,1695,6389
1238.403,1696,6390
1238.426,1697,6391
1238.586,1698,6395
1238.612,1699,6395
1238.752,1700,6396
1239.016,1701,6396
1240.579,1702,6397
1240.649,1703,6398
1241.519,1704,6399
1241.872,1705,6399
1242.056,1706,6399
1242.907,1707,6399
1243.139,1708,6399
1254.946,1709,6399
1254.968,1710,6399
1272.865,1711,6400
1272.88,1712,6405
1272.91,1713,6406
1274.748,1714,6406
1275.005,1715,6406
1279.414,1716,6410
1279.447,1717,6410
1279.749,1718,6472
1279.797,1719,6488
1279.821,1720,6488
1279.895,1721,6488
1279.945,1722,6488
1280.383,1723,6488
1280.972,1724,6488
1281.052,1725,6488
1281.096,1726,6488
1281.116,1727,6488
1281.134,1728,6488
1281.152,1729,6488
1281.176,1730,6492
1281.197,1731,6494
1281.223,1732,6494
1281.246,1733,6499
1281.268,1734,6499
1281.297,1735,6499
1281.322,1736,6499
1281.342,1737,6499
1281.373,1738,6499
1281.409,1739,6499
1281.43,1740,6499
1281.455,1741,6499
1281.481,1742,6499
1281.502,1743,6503
1281.522,1744,6503
1281.551,1745,6503
1281.578,1746,6503
1281.935,1747,6504
1282.354,1748,6504
1282.906,1749,6504
1282.978,1750,6504
1283.095,1751,6508
1283.12,1752,6510
1283.192,1753,6510
1283.279,1754,6510
1283.31,1755,6510
1283.372,1756,6510
1283.479,1757,6510
1283.503,1758,6510
1283.829,1759,6511
1283.85,1760,6511
1283.874,1761,6511
1283.904,1762,6512
1284.197,1763,6513
1284.216,1764,6513
1284.472,1765,6514
1284.57,1766,6514
1284.598,1767,6514
1284.622,1768,6514
1284.674,1769,6514
1284.749,1770,6514
1284.772,1771,6514
1284.825,1772,6514
1284.845,1773,6514
1284.87,1774,6514
1284.959,1775,6516
1284.983,1776,6516
1285.074,1777,6516
1285.1,1778,6516
1285.209,1779,6520
1285.233,1780,6521
1285.262,1781,6521
1285.362,1782,6521
1285.39,1783,6521
1285.463,1784,6521
1285.52,1785,6521
1285.54,1786,6521
1285.565,1787,6521
1285.633,1788,6521
1285.661,1789,6522
1285.693,1790,6522
1285.723,1791,6522
1285.752,1792,6522
1285.793,1793,6522
1285.844,1794,6523
1285.891,1795,6527
1285.911,1796,6527
1285.936,1797,6527
1285.974,1798,6527
1286.102,1799,6527
1286.131,1800,6527
1286.258,1801,6527
1286.308,1802,6532
1286.36,1803,6533
1286.39,1804,6533
1286.411,1805,6534
1286.44,1806,6534
1286.459,1807,6534
1286.534,1808,6534
1286.566,1809,6535
1286.593,1810,6535
1286.654,1811,6535
1286.684,1812,6535
1286.74,1813,6535
1286.766,1814,6538
1286.804,1815,6538
1286.912,1816,6538
1287.042,1817,6539
1287.07,1818,6539
1287.215,1819,6539
1287.366,1820,6539
1287.5,1821,6539
1287.545,1822,6539
1287.881,1823,6539
1287.933,1824,6543
1287.954,1825,6543
1288.104,1826,6543
1288.129,1827,6543
1288.2,1828,6543
1288.236,1829,6543
1288.388,1830,6543
1288.427,1831,6550
1288.453,1832,6550
1288.482,1833,6550
1288.519,1834,6550
1288.557,1835,6550
1288.577,1836,6550
1288.718,1837,6550
1288.792,1838,6551
1288.887,1839,6551
1288.959,1840,6551
1289.094,1841,6552
1289.227,1842,6552
1289.406,1843,6587
1289.432,1844,6587
1289.527,1845,6588
1289.561,1846,6588
1289.679,1847,6588
1289.728,1848,6588
1289.758,1849,6613
1289.877,1850,6613
1289.974,1851,6617
1290.0,1852,6617
1290.04,1853,6618
1290.189,1854,6618
1290.224,1855,6618
1290.25,1856,6618
1290.307,1857,6618
1290.486,1858,6618
1290.642,1859,6618
1290.73,1860,6618
1290.756,1861,6618
1290.835,1862,6622
1290.855,1863,6622
1290.876,1864,6623
1290.994,1865,6624
1291.014,1866,6625
1291.034,1867,6626
1291.055,1868,6626
1291.112,1869,6626
1291.189,1870,6626
1291.339,1871,6626
1291.47,1872,6627
1291.503,1873,6627
1291.559,1874,6628
1291.618,1875,6628
1291.721,1876,6628
1291.766,1877,6629
1291.828,1878,6631
1291.854,1879,6631
1291.912,1880,6632
1291.961,1881,6632
1291.982,1882,6632
1292.01,1883,6632
1292.108,1884,6633
1292.138,1885,6633
1292.194,1886,6633
1292.274,1887,6633
1292.387,1888,6634
1292.408,1889,6635
1292.433,1890,6635
1292.862,1891,6635
1292.964,1892,6635
1292.994,1893,6635
1293.089,1894,6637
1293.115,1895,6637
1293.201,1896,6637
1293.233,1897,6637
1293.263,1898,6637
1293.376,1899,6637
1293.487,1900,6637
1293.513,1901,6637
1293.639,1902,6637
1293.659,1903,6638
1293.685,1904,6638
1293.832,1905,6638
1293.944,1906,6638
1294.049,1907,6638
1294.145,1908,6638
1294.171,1909,6638
1294.421,1910,6643
1294.479,1911,6643
1294.93,1912,6643
1294.95,1913,6643
1295.062,1914,6643
1295.127,1915,6643
1295.203,1916,6643
1295.324,1917,6643
1295.452,1918,6643
1295.57,1919,6643
1295.692,1920,6643
1295.813,1921,6643
1295.913,1922,6643
1295.955,1923,6643
1296.486,1924,6645
1296.531,1925,6645
1296.561,1926,6645
1296.686,1927,6645
1296.807,1928,6645
1296.925,1929,6645
1297.165,1930,6645
1297.281,1931,6646
1297.302,1932,6647
1297.444,1933,6647
1297.573,1934,6647
1297.697,1935,6647
1297.82,1936,6647
1297.942,1937,6648
1298.076,1938,6648
1298.107,1939,6648
1298.25,1940,6648
1298.301,1941,6650
1298.332,1942,6650
1298.689,1943,6650
1298.945,1944,6650
1299.222,1945,6650
1299.464,1946,6651
1299.516,1947,6651
1299.553,1948,6651
1299.592,1949,6651
1299.617,1950,6652
1300.253,1951,6652
1300.433,1952,6653
1300.456,1953,6654
1300.511,1954,6654
1300.532,1955,6654
1300.649,1956,6654
1300.856,1957,6654
1300.97,1958,6655
1300.989,1959,6655
1301.362,1960,6655
1301.782,1961,6655
1301.814,1962,6655
1301.877,1963,6655
1302.438,1964,6690
1302.483,1965,6695
1302.503,1966,6695
1302.524,1967,6695
1302.762,1968,6699
1302.868,1969,6699
1303.13,1970,6699
1303.166,1971,6709
1303.304,1972,6710
1303.402,1973,6721
1303.477,1974,6722
1303.583,1975,6723
1303.664,1976,6724
1303.728,1977,6725
1304.097,1978,6727
1304.117,1979,6728
1304.146,1980,6729
1304.244,1981,6730
1304.354,1982,6730
1304.489,1983,6731
1304.509,1984,6732
1304.614,1985,6733
1304.634,1986,6734
1304.679,1987,6735
1304.703,1988,6736
1304.875,1989,6737
1305.156,1990,6737
1305.3,1991,6737
1305.929,1992,6737
1305.993,1993,6737
1306.738,1994,6737
1306.877,1995,6738
1307.09,1996,6738
1307.123,1997,6742
1307.143,1998,6742
1307.186,1999,6742
1307.227,2000,6743
1307.492,2001,6743
1307.579,2002,6743
1307.608,2003,6744
1307.762,2004,6746
1307.84,2005,6746
1307.955,2006,6746
1309.071,2007,6746
1309.33,2008,6746
1309.35,2009,6746
1309.384,2010,6746
1309.405,2011,6747
1309.424,2012,6747
1309.502,2013,6755
1310.139,2014,6756
1310.329,2015,6756
1310.6,2016,6757
1311.057,2017,6758
1311.369,2018,6759
1311.477,2019,6760
1311.788,2020,6760
1312.098,2021,6764
1313.22,2022,6764
1313.357,2023,6764
1313.726,2024,6764
1314.137,2025,6768
1314.287,2026,6769
1314.89,2027,6776
1315.228,2028,6779
1315.267,2029,6782
1315.363,2030,6782
1315.553,2031,6782
1315.712,2032,6782
1315.84,2033,6784
1316.043,2034,6784
1316.111,2035,6784
1318.798,2036,6784
1319.016,2037,6784
1319.386,2038,6790
1319.406,2039,6791
1319.427,2040,6791
1319.496,2041,6791
1319.52,2042,6792
1320.904,2043,6792
1320.924,2044,6792
1320.944,2045,6792
1320.965,2046,6792
1321.665,2047,6792
1321.685,2048,6792
1321.709,2049,6793
1321.748,2050,6793
1322.028,2051,6793
1322.134,2052,6794
1322.768,2053,6794
1322.791,2054,6794
1323.673,2055,6794
1323.925,2056,6794
1323.966,2057,6797
1325.146,2058,6797
1325.456,2059,6797
1325.479,2060,6797
1325.571,2061,6797
1325.691,2062,6797
1325.734,2063,6797
1325.843,2064,6797
1326.074,2065,6798
1326.118,2066,6806
1326.943,2067,6806
1327.41,2068,6807
1328.168,2069,6807
1328.426,2070,6807
1328.494,2071,6811
1328.527,2072,6811
1328.635,2073,6811
1329.007,2074,6812
1329.307,2075,6812
1329.652,2076,6817
1329.676,2077,6817
1329.697,2078,6817
1329.721,2079,6817
1329.746,2080,6817
1330.834,2081,6817
1330.962,2082,6817
1331.019,2083,6817
1331.062,2084,6818
1331.094,2085,6818
1332.483,2086,6819
1334.328,2087,6826
1334.348,2088,6827
1336.743,2089,6828
1336.85,2090,6828
1336.938,2091,6829
1336.958,2092,6830
1337.061,2093,6830
1337.59,2094,6830
1338.964,2095,6830
1340.589,2096,6831
1340.612,2097,6831
1340.667,2098,6832
1340.821,2099,6833
1340.844,2100,6833
1340.88,2101,6834
1340.923,2102,6835
1341.286,2103,6835
1342.752,2104,6836
1342.775,2105,6836
1342.81,2106,6843
1342.837,2107,6848
1342.884,2108,6848
1343.441,2109,6849
1343.576,2110,6852
1345.376,2111,6853
1346.697,2112,6854
1348.384,2113,6855
1350.39,2114,6856
1351.121,2115,6856
1351.176,2116,6856
1351.677,2117,6856
1351.869,2118,6857
1352.128,2119,6857
1353.598,2120,6857
1357.393,2121,6857
1358.443,2122,6857
1361.779,2123,6859
1361.805,2124,6861
1364.672,2125,6861
1364.77,2126,6861
1364.966,2127,6861
1366.265,2128,6861
1370.701,2129,6861
1371.484,2130,6861
1371.524,2131,6861
1371.552,2132,6861
1371.621,2133,6861
1371.694,2134,6861
1371.949,2135,6861
1378.12,2136,6861
1385.853,2137,6861
1404.935,2138,6861
1405.222,2139,6862
1405.291,2140,6862
1417.726,2141,6862
1418.877,2142,6862
1419.002,2143,6862
1419.047,2144,6862
1419.121,2145,6862
1419.651,2146,6862
1419.715,2147,6864
1420.18,2148,6864
1420.346,2149,6864
1420.375,2150,6870
1420.862,2151,6870
1421.631,2152,6870
1421.763,2153,6870
1421.861,2154,6907
1421.902,2155,6909
1421.993,2156,6909
1422.458,2157,6909
1422.608,2158,6909
1422.826,2159,6909
1422.902,2160,6910
1423.169,2161,6911
1423.331,2162,6911
1423.514,2163,6912
1423.587,2164,6912
1424.229,2165,6912
1425.087,2166,6913
1425.54,2167,6913
1425.601,2168,6915
1425.701,2169,6915
1426.132,2170,6915
1426.273,2171,6916
1426.324,2172,6917
1426.523,2173,6918
1426.58,2174,6918
1426.87,2175,6918
1426.913,2176,6918
1427.687,2177,6918
1427.88,2178,6918
1428.622,2179,6918
1428.721,2180,6919
1430.144,2181,6919
1430.218,2182,6919
1430.274,2183,6920
1430.999,2184,6920
1431.182,2185,6920
1431.313,2186,6931
1431.473,2187,6934
1431.606,2188,6934
1432.085,2189,6934
1432.361,2190,6934
1432.442,2191,6934
1432.828,2192,6934
1433.301,2193,6934
1433.89,2194,6934
1434.409,2195,6934
1434.621,2196,6934
1434.804,2197,6935
1435.078,2198,6935
1435.985,2199,6935
1436.205,2200,6935
1436.73,2201,6936
1436.866,2202,6936
1437.477,2203,6936
1437.886,2204,6937
1438.061,2205,6941
1438.618,2206,6941
1439.508,2207,6941
1439.59,2208,6941
1439.717,2209,6942
1440.954,2210,6942
1441.223,2211,6942
1441.525,2212,6946
1441.664,2213,6946
1443.753,2214,6946
1443.783,2215,6947
1444.042,2216,6947
1445.236,2217,6958
1445.724,2218,6958
1446.305,2219,6958
1447.683,2220,6958
1448.46,2221,6963
1449.486,2222,6964
1450.198,2223,6968
1450.612,2224,6971
1450.677,2225,6971
1450.839,2226,6971
1451.183,2227,6971
1452.58,2228,6971
1453.415,2229,6971
1453.638,2230,6971
1454.228,2231,6972
1454.321,2232,6973
1455.083,2233,6974
1455.973,2234,6978
1456.184,2235,6978
1457.26,2236,6978
1458.513,2237,6978
1459.753,2238,6978
1460.839,2239,6978
1461.957,2240,6979
1462.351,2241,6979
1464.78,2242,6979
1464.903,2243,6979
1465.548,2244,6984
1466.735,2245,6984
1467.084,2246,6985
1467.339,2247,6985
1469.67,2248,6985
1469.826,2249,6985
1470.186,2250,6987
1470.266,2251,6991
1470.33,2252,6991
1470.786,2253,6991
1471.002,2254,6991
1471.304,2255,6991
1471.763,2256,6994
1472.402,2257,6994
1474.024,2258,6995
1474.121,2259,6995
1476.536,2260,6995
1478.519,2261,6996
1479.004,2262,6996
1479.571,2263,7001
1481.571,2264,7003
1482.746,2265,7043
1482.853,2266,7062
1483.306,2267,7063
1483.679,2268,7064
1484.373,2269,7064
1484.429,2270,7065
1484.665,2271,7065
1486.525,2272,7065
1486.75,2273,7065
1487.149,2274,7065
1487.622,2275,7069
1488.195,2276,7069
1488.731,2277,7069
1490.389,2278,7084
1492.881,2279,7084
1493.099,2280,7084
1493.282,2281,7085
1493.558,2282,7085
1496.363,2283,7086
1496.402,2284,7086
1498.252,2285,7086
1499.095,2286,7086
1499.727,2287,7086
1499.942,2288,7087
1500.863,2289,7087
1501.59,2290,7089
1504.134,2291,7090
1504.836,2292,7090
1506.347,2293,7090
1507.662,2294,7090
1509.038,2295,7090
1512.125,2296,7090
1513.069,2297,7090
1514.708,2298,7092
1515.748,2299,7092
1515.787,2300,7092
1516.317,2301,7092
1516.446,2302,7092
1516.743,2303,7092
1518.165,2304,7092
1520.855,2305,7092
1520.909,2306,7092
1521.055,2307,7092
1522.481,2308,7092
1523.99,2309,7092
1524.916,2310,7094
1527.11,2311,7094
1527.308,2312,7094
1527.552,2313,7094
1528.459,2314,7096
1528.523,2315,7108
1531.424,2316,7108
1533.636,2317,7108
1534.213,2318,7108
1534.258,2319,7108
1537.882,2320,7108
1538.832,2321,7108
1539.641,2322,7108
1540.339,2323,7108
1543.562,2324,7108
1544.128,2325,7108
1544.695,2326,7108
1545.172,2327,7108
1545.927,2328,7110
1546.533,2329,7110
1546.598,2330,7111
1560.101,2331,7111
1560.118,2332,7111
1560.239,2333,7111
1561.872,2334,7111
1562.179,2335,7111
1563.514,2336,7111
1564.109,2337,7111
1564.132,2338,7111
1564.978,2339,7111
1566.145,2340,7111
1568.259,2341,7111
1569.233,2342,7112
1572.334,2343,7113
1582.849,2344,7113
1594.426,2345,7113
1595.286,2346,7114
1607.44,2347,7114
1608.267,2348,7115
1617.359,2349,7115
1617.771,2350,7115
1618.711,2351,7115
1618.776,2352,7115
1618.88,2353,7115
1619.677,2354,7115
1619.98,2355,7115
1621.097,2356,7116
1622.36,2357,7116
1622.593,2358,7116
1624.282,2359,7116
1624.79,2360,7117
1625.919,2361,7117
1626.006,2362,7117
1626.201,2363,7117
1628.917,2364,7117
1629.048,2365,7117
1630.288,2366,7117
1630.912,2367,7117
1631.05,2368,7118
1634.126,2369,7118
1634.947,2370,7118
1635.866,2371,7119
1636.621,2372,7119
1637.529,2373,7119
1639.31,2374,7120
1639.372,2375,7120
1640.363,2376,7120
1641.346,2377,7120
1643.155,2378,7120
1644.877,2379,7120
1644.991,2380,7120
1651.127,2381,7120
1652.91,2382,7120
1655.803,2383,7121
1657.626,2384,7121
1660.12,2385,7121
1660.368,2386,7124
1671.175,2387,7124
1671.356,2388,7124
1671.558,2389,7124
1671.656,2390,7135
1671.763,2391,7135
1671.785,2392,7136
1672.033,2393,7136
1672.159,2394,7136
1672.301,2395,7137
1673.352,2396,7137
1673.699,2397,7138
1674.128,2398,7138
1674.614,2399,7138
1675.141,2400,7138
1675.277,2401,7142
1675.349,2402,7142
1675.487,2403,7142
1675.625,2404,7143
1676.092,2405,7143
1676.217,2406,7143
1676.617,2407,7144
1676.728,2408,7144
1677.743,2409,7144
1680.437,2410,7144
1681.284,2411,7144
1682.253,2412,7144
1685.076,2413,7144
1686.656,2414,7144
1687.719,2415,7144
1689.858,2416,7144
1691.986,2417,7145
1693.348,2418,7146
1695.703,2419,7146
1695.823,2420,7150
1700.887,2421,7150
1705.942,2422,7150
1711.524,2423,7151
1712.414,2424,7151
1714.305,2425,7152
1718.799,2426,7152
1719.072,2427,7153
1720.47,2428,7154
1722.739,2429,7154
1723.282,2430,7154
1723.378,2431,7155
1724.77,2432,7155
1725.548,2433,7156
1726.599,2434,7159
1726.992,2435,7159
1732.063,2436,7160
1732.383,2437,7161
1734.52,2438,7161
1739.319,2439,7162
1741.138,2440,7163
1741.431,2441,7164
1749.333,2442,7165
1751.35,2443,7166
1757.613,2444,7167
1761.002,2445,7167
1763.924,2446,7167
1765.176,2447,7168
1767.006,2448,7169
1773.837,2449,7171
1774.401,2450,7173
1774.798,2451,7173
1775.83,2452,7173
1777.313,2453,7174
1795.447,2454,7175
1796.631,2455,7176
1798.046,2456,7176
1798.799,2457,7177
1799.898,2458,7177
1804.813,2459,7177
1805.654,2460,7177
1811.995,2461,7177
1814.664,2462,7177
1822.057,2463,7177
1833.322,2464,7178
1834.25,2465,7179
1847.389,2466,7179
1848.42,2467,7180
1852.474,2468,7180
1854.274,2469,7181
1862.785,2470,7181
1863.375,2471,7181
1863.542,2472,7181
1864.701,2473,7181
1864.743,2474,7181
1864.766,2475,7181
1865.008,2476,7181
1865.085,2477,7181
1865.105,2478,7181
1865.289,2479,7181
1865.404,2480,7181
1865.736,2481,7182
1866.187,2482,7182
1866.274,2483,7182
1866.887,2484,7182
1867.354,2485,7182
1868.378,2486,7182
1869.674,2487,7182
1871.203,2488,7182
1873.167,2489,7182
1879.115,2490,7182
1879.458,2491,7182
1879.503,2492,7182
1879.756,2493,7182
1881.777,2494,7182
1883.563,2495,7183
1885.8,2496,7183
1885.927,2497,7183
1903.258,2498,7183
1906.777,2499,7183
1909.98,2500,7183
1918.013,2501,7183
1918.07,2502,7184
1918.12,2503,7184
1918.73,2504,7184
1919.197,2505,7184
1919.424,2506,7185
1919.446,2507,7187
1921.422,2508,7187
1923.524,2509,7187
1926.468,2510,7187
1926.616,2511,7187
1927.05,2512,7187
1927.977,2513,7187
1929.371,2514,7187
1930.719,2515,7187
1931.435,2516,7187
1931.458,2517,7187
1933.878,2518,7188
1934.537,2519,7188
1935.717,2520,7189
1937.551,2521,7189
1941.97,2522,7189
1942.53,2523,7190
1944.55,2524,7191
1952.951,2525,7191
1964.078,2526,7192
1964.485,2527,7192
1972.804,2528,7192
1972.912,2529,7192
1973.176,2530,7193
1973.317,2531,7195
1973.446,2532,7196
1973.554,2533,7196
1973.811,2534,7196
1973.934,2535,7217
1974.088,2536,7241
1974.462,2537,7241
1974.86,2538,7242
1975.516,2539,7242
1982.356,2540,7242
1982.704,2541,7242
1987.951,2542,7242
2021.143,2543,7249
2029.923,2544,7249
2029.975,2545,7255
2030.638,2546,7257
2043.303,2547,7257
2047.985,2548,7257
2074.228,2549,7262
2080.006,2550,7264
2080.022,2551,7268
2080.039,2552,7269
2080.07,2553,7269
2080.089,2554,7271
2082.639,2555,7271
2083.152,2556,7271
2083.804,2557,7272
2087.597,2558,7272
2087.833,2559,7272
2088.494,2560,7272
2088.955,2561,7273
2091.336,2562,7274
2094.715,2563,7274
2094.836,2564,7278
2095.912,2565,7279
2103.633,2566,7279
2104.761,2567,7279
2106.8,2568,7280
2108.187,2569,7280
2109.855,2570,7281
2113.716,2571,7282
2121.367,2572,7287
2125.084,2573,7287
2125.832,2574,7292
2136.638,2575,7292
2140.992,2576,7294
2143.25,2577,7294
2143.393,2578,7301
2143.487,2579,7301
2148.783,2580,7303
2157.195,2581,7303
2163.46,2582,7305
2164.991,2583,7306
2165.538,2584,7306
2176.745,2585,7307
2189.517,2586,7307
2202.714,2587,7308
2205.532,2588,7308
2216.463,2589,7309
2217.664,2590,7310
2220.008,2591,7310
2220.092,2592,7312
2234.362,2593,7312
2250.836,2594,7312
2250.883,2595,7312
2252.281,2596,7312
2252.541,2597,7312
2252.962,2598,7312
2253.098,2599,7312
2253.474,2600,7322
2253.614,2601,7322
2253.664,2602,7322
2255.366,2603,7322
2256.511,2604,7322
2256.712,2605,7322
2256.878,2606,7322
2257.266,2607,7322
2258.276,2608,7322
2260.296,2609,7322
2263.248,2610,7323
2263.466,2611,7323
2265.999,2612,7323
2267.473,2613,7324
2270.11,2614,7329
2272.885,2615,7329
2273.336,2616,7329
2275.95,2617,7329
2276.236,2618,7329
2277.175,2619,7329
2278.356,2620,7329
2279.608,2621,7329
2283.15,2622,7330
2285.261,2623,7332
2303.74,2624,7332
2304.505,2625,7332
2304.547,2626,7332
2304.589,2627,7332
2304.626,2628,7332
2304.649,2629,7332
2304.672,2630,7332
2304.779,2631,7333
2306.436,2632,7333
2306.768,2633,7333
2306.814,2634,7333
2319.763,2635,7334
2320.815,2636,7334
2321.409,2637,7334
2342.762,2638,7334
2342.915,2639,7334
2343.743,2640,7334
2343.761,2641,7334
2343.79,2642,7334
2343.836,2643,7334
2343.903,2644,7334
2343.951,2645,7335
2344.013,2646,7335
2346.141,2647,7335
2346.311,2648,7335
2347.012,2649,7335
2347.081,2650,7336
2348.494,2651,7336
2349.237,2652,7336
2350.321,2653,7336
2350.434,2654,7336
2350.455,2655,7336
2350.756,2656,7336
2351.222,2657,7336
2353.295,2658,7336
2353.402,2659,7336
2353.822,2660,7336
2353.953,2661,7336
2354.07,2662,7336
2354.367,2663,7336
2354.584,2664,7336
2354.704,2665,7336
2354.969,2666,7336
2355.424,2667,7336
2364.362,2668,7336
2366.031,2669,7336
2377.307,2670,7336
2378.962,2671,7336
2379.009,2672,7336
2379.038,2673,7336
2379.128,2674,7336
2379.165,2675,7336
2379.853,2676,7336
2380.087,2677,7336
2380.164,2678,7336
2380.619,2679,7336
2380.663,2680,7336
2380.827,2681,7336
2381.208,2682,7336
2381.519,2683,7336
2381.687,2684,7336
2382.307,2685,7336
2383.192,2686,7336
2384.388,2687,7336
2385.076,2688,7336
2385.261,2689,7336
2388.343,2690,7336
2388.404,2691,7336
2388.647,2692,7336
2389.114,2693,7336
2389.711,2694,7336
2390.597,2695,7336
2391.282,2696,7337
2392.809,2697,7337
2395.531,2698,7337
2396.851,2699,7337
2398.69,2700,7337
2399.402,2701,7337
2401.034,2702,7337
2402.986,2703,7337
2404.625,2704,7338
2404.943,2705,7338
2407.405,2706,7338
2407.91,2707,7338
2409.659,2708,7338
2417.56,2709,7338
2417.767,2710,7338
2418.338,2711,7338
2426.341,2712,7338
2429.21,2713,7338
2429.558,2714,7339
2431.505,2715,7339
2431.966,2716,7339
2432.153,2717,7339
2432.589,2718,7339
2436.244,2719,7343
2436.289,2720,7343
2438.784,2721,7343
2440.495,2722,7343
2441.03,2723,7343
2442.184,2724,7345
2442.951,2725,7345
2443.497,2726,7345
2444.374,2727,7350
2445.402,2728,7353
2445.586,2729,7353
2445.676,2730,7353
2446.351,2731,7354
2447.62,2732,7354
2448.22,2733,7354
2451.563,2734,7355
2452.985,2735,7355
2454.712,2736,7355
2458.52,2737,7355
2460.364,2738,7355
2464.453,2739,7355
2467.193,2740,7355
2467.415,2741,7355
2470.184,2742,7355
2471.168,2743,7355
2471.946,2744,7355
2472.974,2745,7355
2475.925,2746,7355
2481.378,2747,7355
2483.063,2748,7357
2485.426,2749,7357
2487.643,2750,7357
2488.16,2751,7357
2495.799,2752,7358
2496.455,2753,7358
2497.184,2754,7358
2502.115,2755,7362
2503.04,2756,7362
2504.365,2757,7363
2504.95,2758,7363
2507.913,2759,7363
2508.781,2760,7365
2510.818,2761,7366
2512.438,2762,7366
2513.483,2763,7373
2514.958,2764,7377
2520.364,2765,7378
2524.776,2766,7379
2527.225,2767,7379
2529.715,2768,7379
2529.823,2769,7379
2529.836,2770,7379
2530.824,2771,7379
2530.902,2772,7379
2531.045,2773,7379
2531.196,2774,7380
2531.212,2775,7381
2531.23,2776,7382
2531.246,2777,7397
2531.259,2778,7398
2531.384,2779,7403
2531.504,2780,7403
2531.559,2781,7412
2531.615,2782,7412
2531.64,2783,7412
2531.945,2784,7412
2532.035,2785,7412
2532.118,2786,7415
2532.403,2787,7416
2532.447,2788,7416
2532.478,2789,7416
2532.52,2790,7416
2532.546,2791,7421
2532.765,2792,7422
2533.454,2793,7422
2533.732,2794,7424
2534.291,2795,7424
2534.331,2796,7424
2534.997,2797,7425
2535.593,2798,7434
2535.728,2799,7439
2536.367,2800,7439
2536.885,2801,7439
2536.91,2802,7439
2537.252,2803,7439
2537.269,2804,7439
2538.341,2805,7439
2540.498,2806,7440
2543.438,2807,7440
2544.982,2808,7440
2545.007,2809,7440
2545.083,2810,7441
2545.832,2811,7441
2546.387,2812,7442
2547.029,2813,7466
2547.097,2814,7470
2547.122,2815,7473
2547.29,2816,7489
2547.448,2817,7490
2548.332,2818,7495
2549.573,2819,7496
2550.664,2820,7497
2550.978,2821,7497
2551.207,2822,7501
2554.457,2823,7502
2554.752,2824,7503
2556.115,2825,7503
2557.342,2826,7503
2559.267,2827,7504
2559.462,2828,7504
2560.512,2829,7504
2560.889,2830,7504
2562.387,2831,7507
2562.878,2832,7508
2562.965,2833,7508
2574.321,2834,7508
2574.345,2835,7508
2576.017,2836,7508
2576.038,2837,7508
2576.072,2838,7508
2576.096,2839,7508
2578.803,2840,7508
2580.903,2841,7508
2583.313,2842,7508
2583.946,2843,7508
2586.423,2844,7508
2586.974,2845,7508
2596.182,2846,7508
2606.022,2847,7508
2616.416,2848,7508
2618.939,2849,7508
2636.188,2850,7508
2661.208,2851,7508
2661.227,2852,7508
2661.256,2853,7512
2661.276,2854,7512
2671.588,2855,7513
2672.268,2856,7513
2675.879,2857,7515
2676.591,2858,7515
2676.717,2859,7515
2677.09,2860,7516
2677.459,2861,7516
2677.752,2862,7516
2717.954,2863,7517
2729.15,2864,7518
2731.129,2865,7519
2731.707,2866,7521
2731.778,2867,7522
2731.801,2868,7523
2737.436,2869,7523
2739.289,2870,7523
2751.051,2871,7523
2751.957,2872,7526
2761.566,2873,7526
2761.745,2874,7526
2761.851,2875,7526
2781.814,2876,7526
2782.0,2877,7526
2782.109,2878,7526
2783.403,2879,7527
2784.093,2880,7527
2785.151,2881,7529
2790.663,2882,7529
2792.147,2883,7529
2793.37,2884,7529
2796.611,2885,7530
2815.388,2886,7530
2817.072,2887,7531
2833.111,2888,7531
2852.916,2889,7531
2852.948,2890,7532
2853.541,2891,7533
2853.919,2892,7533
2854.078,2893,7533
2856.662,2894,7534
2866.353,2895,7534
2876.948,2896,7534
2887.882,2897,7534
2890.111,2898,7534
2890.626,2899,7534
2890.868,2900,7537
2913.783,2901,7537
2913.887,2902,7537
2914.182,2903,7538
2914.5,2904,7538
2917.415,2905,7539
2919.513,2906,7540
2919.528,2907,7540
2924.141,2908,7541
2925.806,2909,7541
2931.936,2910,7541
2935.191,2911,7542
2937.577,2912,7542
2944.403,2913,7542
2945.746,2914,7543
2946.066,2915,7543
2965.023,2916,7543
2965.064,2917,7543
2967.856,2918,7543
2969.077,2919,7543
2969.251,2920,7543
2969.57,2921,7543
3016.153,2922,7543
3016.207,2923,7543
3031.873,2924,7543
3046.872,2925,7543
3052.632,2926,7543
3061.92,2927,7544
3063.218,2928,7544
3063.642,2929,7545
3076.258,2930,7545
3083.984,2931,7545
3084.121,2932,7545
3084.172,2933,7545
3084.298,2934,7545
3084.819,2935,7545
3084.921,2936,7545
3085.332,2937,7546
3085.373,2938,7546
3085.661,2939,7546
3086.013,2940,7546
3086.045,2941,7546
3086.431,2942,7546
3086.584,2943,7546
3087.38,2944,7546
3087.541,2945,7546
3088.189,2946,7548
3092.626,2947,7549
3095.016,2948,7549
3096.252,2949,7549
3099.247,2950,7549
3100.457,2951,7549
3101.902,2952,7549
3103.236,2953,7549
3106.025,2954,7549
3110.99,2955,7550
3127.998,2956,7550
3146.746,2957,7550
3175.221,2958,7550
3176.782,2959,7550
3176.806,2960,7550
3177.095,2961,7550
3177.183,2962,7550
3177.297,2963,7550
3188.373,2964,7551
3188.501,2965,7551
3211.065,2966,7551
3212.566,2967,7551
3217.025,2968,7551
3217.746,2969,7551
3218.816,2970,7551
3225.299,2971,7551
3225.974,2972,7551
3237.027,2973,7551
3237.073,2974,7551
3237.168,2975,7551
3237.341,2976,7551
3237.397,2977,7551
3237.545,2978,7551
3237.572,2979,7551
3237.668,2980,7551
3237.811,2981,7551
3237.835,2982,7551
3238.239,2983,7551
3238.326,2984,7551
3242.112,2985,7551
3242.545,2986,7551
3242.631,2987,7551
3242.769,2988,7551
3243.072,2989,7551
3243.811,2990,7551
3249.91,2991,7551
3250.973,2992,7551
3257.361,2993,7551
3264.125,2994,7551
3267.433,2995,7554
3276.277,2996,7554
3285.982,2997,7554
3287.701,2998,7555
3321.855,2999,7555
3326.087,3000,7555
3326.165,3001,7555
3326.338,3002,7556
3326.621,3003,7556
3327.938,3004,7556
3328.693,3005,7557
3328.764,3006,7557
3329.702,3007,7557
3331.187,3008,7557
3332.72,3009,7558
3334.11,3010,7559
3335.03,3011,7560
3335.167,3012,7560
3337.601,3013,7562
3341.849,3014,7565
3342.282,3015,7565
3347.137,3016,7569
3349.183,3017,7570
3351.879,3018,7575
3355.243,3019,7578
3356.657,3020,7578
3364.833,3021,7578
3376.772,3022,7579
3377.019,3023,7580
3385.226,3024,7581
3385.269,3025,7588
3385.473,3026,7588
3386.019,3027,7588
3386.813,3028,7588
3388.139,3029,7588
3389.663,3030,7588
3389.843,3031,7588
3390.46,3032,7588
3391.294,3033,7588
3391.889,3034,7588
3392.081,3035,7588
3393.971,3036,7588
3394.172,3037,7588
3396.133,3038,7588
3397.115,3039,7588
3398.872,3040,7588
3399.322,3041,7588
3401.827,3042,7588
3402.387,3043,7588
3403.14,3044,7588
3404.125,3045,7588
3404.28,3046,7588
3404.978,3047,7588
3407.985,3048,7589
3408.078,3049,7590
3408.675,3050,7590
3409.512,3051,7602
3454.581,3052,7602
3460.351,3053,7607
3460.693,3054,7611
3460.731,3055,7611
3465.225,3056,7611
3465.338,3057,7611
3465.455,3058,7611
3465.518,3059,7611
3466.258,3060,7613
3466.595,3061,7615
3467.405,3062,7615
3468.365,3063,7615
3468.956,3064,7615
3469.624,3065,7615
3470.375,3066,7616
3471.163,3067,7616
3471.473,3068,7617
3471.67,3069,7617
3475.559,3070,7617
3476.421,3071,7617
3477.402,3072,7617
3482.351,3073,7617
3483.791,3074,7618
3484.098,3075,7618
3489.522,3076,7620
3503.511,3077,7620
3532.554,3078,7620
3540.573,3079,7620
3541.687,3080,7620
3548.999,3081,7620
3549.681,3082,7621
3555.189,3083,7621
3598.064,3084,7622
3608.115,3085,7622
3608.15,3086,7622
3613.485,3087,7623
3614.225,3088,7623
3614.59,3089,7623
3614.78,3090,7623
3614.813,3091,7623
3615.021,3092,7625
3615.146,3093,7626
3615.257,3094,7627
3615.674,3095,7627
3615.946,3096,7627
3616.21,3097,7627
3616.758,3098,7627
3618.201,3099,7627
3618.337,3100,7627
3618.352,3101,7627
3618.82,3102,7628
3619.579,3103,7628
3620.791,3104,7628
3621.79,3105,7636
3621.961,3106,7636
3622.355,3107,7636
3624.815,3108,7636
3625.46,3109,7636
3625.676,3110,7637
3626.092,3111,7638
3627.144,3112,7647
3627.873,3113,7647
3628.236,3114,7648
3632.047,3115,7648
3634.98,3116,7648
3635.131,3117,7649
3639.234,3118,7649
3643.342,3119,7650
3644.328,3120,7650
3644.504,3121,7650
3645.078,3122,7652
3648.45,3123,7652
3693.683,3124,7652
3695.247,3125,7652
3695.404,3126,7652
3695.59,3127,7652
3695.635,3128,7652
3695.689,3129,7652
3695.888,3130,7652
3695.921,3131,7652
3697.794,3132,7652
3698.695,3133,7653
3702.047,3134,7653
3710.401,3135,7653
3721.556,3136,7653
3725.209,3137,7656
3757.873,3138,7656
3767.99,3139,7658
3798.008,3140,7658
3798.237,3141,7658
3830.382,3142,7658
3861.19,3143,7658
3862.127,3144,7658
3862.562,3145,7658
3890.824,3146,7662
3940.708,3147,7662
3955.492,3148,7663
4003.429,3149,7663
4028.623,3150,7663
4053.623,3151,7663
4053.981,3152,7663
4093.613,3153,7663
4093.689,3154,7663
4099.96,3155,7665
4124.987,3156,7665
4148.205,3157,7665
4159.572,3158,7665
4160.098,3159,7667
4211.003,3160,7667
4255.832,3161,7667
4296.889,3162,7667
4297.196,3163,7667
4325.644,3164,7668
4347.507,3165,7668
4347.639,3166,7668
4347.665,3167,7668
4349.399,3168,7668
4372.943,3169,7668
4373.086,3170,7668
4373.153,3171,7668
4373.179,3172,7668
4373.881,3173,7668
4375.169,3174,7669
4383.083,3175,7669
4385.902,3176,7669
4396.817,3177,7669
4400.71,3178,7669
4401.116,3179,7669
4402.322,3180,7669
4404.024,3181,7669
4404.912,3182,7669
4423.281,3183,7669
4423.485,3184,7669
4426.403,3185,7669
4430.204,3186,7669
4457.811,3187,7669
4476.686,3188,7669
4502.344,3189,7669
4527.712,3190,7669
4535.587,3191,7669
4535.791,3192,7669
4537.093,3193,7669
4558.177,3194,7669
4565.659,3195,7674
4660.707,3196,7677
4818.791,3197,7677
4818.818,3198,7677
4822.454,3199,7678
4822.542,3200,7679
4848.22,3201,7679
4848.429,3202,7680
4856.486,3203,7681
4858.073,3204,7681
4905.911,3205,7681
4905.998,3206,7681
4906.059,3207,7681
4906.679,3208,7682
4906.949,3209,7682
4914.959,3210,7682
4915.459,3211,7683
4917.75,3212,7683
4918.584,3213,7684
4926.33,3214,7685
4927.31,3215,7685
4927.98,3216,7685
4933.323,3217,7685
4950.956,3218,7686
4964.113,3219,7686
4964.177,3220,7686
4964.387,3221,7686
4966.541,3222,7686
4972.975,3223,7686
4991.563,3224,7686
5004.811,3225,7686
5004.96,3226,7686
5005.455,3227,7686
5015.708,3228,7686
5028.685,3229,7686
5045.603,3230,7687
5046.115,3231,7687
5046.195,3232,7688
5046.581,3233,7688
5047.007,3234,7688
5050.167,3235,7688
5050.828,3236,7688
5058.261,3237,7688
5061.592,3238,7688
5062.641,3239,7693
5063.655,3240,7693
5065.756,3241,7693
5067.131,3242,7693
5069.028,3243,7693
5105.508,3244,7694
5136.037,3245,7694
5140.697,3246,7739
5140.715,3247,7745
5158.386,3248,7745
5166.46,3249,7745
5186.628,3250,7745
5186.661,3251,7745
5186.851,3252,7745
5186.885,3253,7745
5188.723,3254,7745
5208.789,3255,7745
5212.48,3256,7745
5222.537,3257,7746
5233.461,3258,7748
5250.228,3259,7750
5250.321,3260,7750
5271.409,3261,7750
5289.594,3262,7750
5303.779,3263,7750
5358.909,3264,7750
5364.667,3265,7750
5371.858,3266,7750
5372.212,3267,7750
5372.752,3268,7751
5372.872,3269,7753
5443.7,3270,7753
5508.962,3271,7753
5509.252,3272,7753
5510.165,3273,7753
5510.752,3274,7754
5510.799,3275,7754
5511.382,3276,7754
5512.047,3277,7754
5514.764,3278,7754
5519.874,3279,7754
5522.136,3280,7754
5525.102,3281,7754
5525.666,3282,7754
5527.421,3283,7754
5591.372,3284,7754
5596.004,3285,7754
5596.134,3286,7754
5596.214,3287,7754
5596.243,3288,7755
5596.312,3289,7755
5596.367,3290,7761
5596.452,3291,7764
5596.514,3292,7764
5596.72,3293,7767
5596.813,3294,7767
5597.286,3295,7774
5597.474,3296,7774
5597.517,3297,7774
5597.711,3298,7781
5597.846,3299,7788
5598.515,3300,7793
5599.108,3301,7812
5599.685,3302,7814
5600.38,3303,7815
5601.517,3304,7817
5602.341,3305,7817
5602.396,3306,7817
5605.37,3307,7818
5618.4,3308,7818
5621.737,3309,7826
5622.189,3310,7826
5622.838,3311,7826
5624.494,3312,7826
5630.862,3313,7826
5655.32,3314,7826
5655.355,3315,7826
5655.566,3316,7826
5655.71,3317,7826
5655.778,3318,7826
5655.865,3319,7828
5656.243,3320,7828
5656.912,3321,7829
5658.743,3322,7831
5659.869,3323,7831
5660.733,3324,7831
5661.237,3325,7831
5661.524,3326,7832
5662.742,3327,7833
5663.154,3328,7833
5663.677,3329,7834
5665.727,3330,7835
5671.394,3331,7835
5672.755,3332,7835
5673.687,3333,7836
5675.743,3334,7836
5677.244,3335,7836
5678.08,3336,7836
5712.6,3337,7836
5712.858,3338,7836
5733.839,3339,7836
5735.044,3340,7837
5739.979,3341,7837
5741.468,3342,7837
5745.487,3343,7838
5746.139,3344,7838
5758.263,3345,7838
5760.985,3346,7842
5761.306,3347,7843
5769.515,3348,7843
5775.319,3349,7844
5780.769,3350,7844
5788.781,3351,7844
5791.966,3352,7844
5797.788,3353,7844
5798.765,3354,7844
5799.271,3355,7844
5799.532,3356,7844
5801.687,3357,7844
5812.389,3358,7844
5814.467,3359,7844
5815.238,3360,7846
5831.108,3361,7846
5832.786,3362,7846
5834.052,3363,7846
5844.418,3364,7846
5850.777,3365,7846
5885.902,3366,7846
5885.972,3367,7846
5887.006,3368,7846
5887.424,3369,7846
5887.686,3370,7846
5888.137,3371,7846
5889.534,3372,7846
5894.873,3373,7846
5897.746,3374,7847
5898.994,3375,7847
5899.281,3376,7847
5899.503,3377,7847
5901.795,3378,7848
5908.586,3379,7848
5911.343,3380,7848
5912.561,3381,7848
5916.681,3382,7848
5917.102,3383,7848
5917.303,3384,7848
5918.555,3385,7849
5918.9,3386,7849
5921.161,3387,7849
5924.69,3388,7850
5925.153,3389,7851
5926.857,3390,7851
5938.423,3391,7851
5981.342,3392,7851
5981.431,3393,7851
5981.513,3394,7851
5985.949,3395,7852
6006.37,3396,7852
6031.875,3397,7852
6033.078,3398,7852
6033.167,3399,7852
6056.919,3400,7853
6058.977,3401,7854
6061.515,3402,7855
6063.187,3403,7855
6064.183,3404,7856
6065.216,3405,7857
6090.492,3406,7857
6197.364,3407,7857
6197.511,3408,7861
6197.965,3409,7861
6197.996,3410,7861
6198.755,3411,7861
6200.398,3412,7861
6201.036,3413,7861
6201.743,3414,7861
6202.689,3415,7861
6205.419,3416,7861
6207.539,3417,7863
6215.753,3418,7863
6224.922,3419,7871
6227.318,3420,7873
6270.943,3421,7873
6271.103,3422,7873
6272.57,3423,7873
6274.759,3424,7873
6276.299,3425,7873
6283.559,3426,7873
6325.739,3427,7873
6325.895,3428,7873
6333.586,3429,7873
6334.082,3430,7873
6347.323,3431,7876
6355.753,3432,7876
6356.529,3433,7876
6382.047,3434,7876
6397.148,3435,7876
6397.337,3436,7876
6409.361,3437,7876
6409.774,3438,7876
6410.234,3439,7876
6431.239,3440,7878
6440.744,3441,7878
6452.874,3442,7878
6453.748,3443,7878
6475.122,3444,7878
6510.208,3445,7878
6518.455,3446,7878
6519.202,3447,7878
6519.334,3448,7878
6544.889,3449,7878
6568.116,3450,7878
6585.301,3451,7878
6662.149,3452,7878
6673.635,3453,7881
6674.862,3454,7881
6693.39,3455,7886
6693.429,3456,7899
6693.706,3457,7899
6693.797,3458,7903
6694.272,3459,7905
6694.485,3460,7908
6694.648,3461,7909
6696.787,3462,7910
6698.475,3463,7911
6698.544,3464,7923
6699.571,3465,7923
6699.618,3466,7937
6699.891,3467,7939
6699.955,3468,7940
6702.397,3469,7940
6703.006,3470,7940
6703.833,3471,7948
6704.14,3472,7949
6708.904,3473,7949
6710.273,3474,7953
6714.377,3475,7955
6714.891,3476,7956
6716.11,3477,7956
6717.819,3478,7961
6719.846,3479,7962
6721.355,3480,7963
6721.676,3481,7963
6723.576,3482,7963
6731.565,3483,7963
6731.711,3484,7963
6732.008,3485,7963
6732.21,3486,7965
6732.962,3487,7989
6761.141,3488,7989
6769.539,3489,7989
6780.247,3490,7989
6780.463,3491,7989
6780.625,3492,7989
6782.973,3493,7991
6786.627,3494,7992
6787.912,3495,7992
6788.12,3496,7992
6792.482,3497,7992
6798.608,3498,7993
6798.697,3499,7993
6800.373,3500,7993
6801.081,3501,7994
6813.348,3502,7995
6824.873,3503,7995
6832.281,3504,7995
6838.377,3505,7995
6838.922,3506,8003
6838.969,3507,8006
6839.016,3508,8009
6839.049,3509,8012
6839.371,3510,8012
6839.418,3511,8014
6839.636,3512,8014
6840.301,3513,8017
6840.424,3514,8017
6840.584,3515,8018
6841.062,3516,8018
6844.61,3517,8019
6844.803,3518,8019
6845.197,3519,8020
6852.013,3520,8021
6852.45,3521,8024
6853.2,3522,8024
6860.511,3523,8025
6866.902,3524,8025
6879.015,3525,8025
6881.368,3526,8025
6881.644,3527,8027
6890.427,3528,8027
6892.323,3529,8037
6895.435,3530,8037
6908.078,3531,8037
6908.712,3532,8042
6908.778,3533,8042
6909.513,3534,8042
6914.384,3535,8042
6920.918,3536,8042
6924.605,3537,8042
6933.474,3538,8042
6933.835,3539,8042
6938.404,3540,8042
6939.39,3541,8042
6943.714,3542,8043
6944.995,3543,8044
6953.703,3544,8048
6954.042,3545,8048
6957.899,3546,8048
6959.486,3547,8049
6961.122,3548,8050
6967.155,3549,8050
6967.925,3550,8050
6987.774,3551,8051
6987.91,3552,8051
6988.675,3553,8052
7003.568,3554,8053
7003.712,3555,8057
7003.823,3556,8057
7003.98,3557,8063
7004.148,3558,8064
7004.693,3559,8065
7004.94,3560,8067
7005.534,3561,8067
7006.764,3562,8070
7007.042,3563,8071
7007.298,3564,8072
7010.661,3565,8088
7012.411,3566,8088
7013.119,3567,8088
7018.81,3568,8092
7029.862,3569,8092
7032.103,3570,8092
7032.734,3571,8102
7067.012,3572,8102
7067.528,3573,8102
7067.617,3574,8104
7068.158,3575,8104
7068.212,3576,8105
7068.629,3577,8107
7069.306,3578,8108
7070.433,3579,8110
7071.729,3580,8111
7073.331,3581,8114
7073.804,3582,8120
7075.261,3583,8121
7078.762,3584,8122
7081.742,3585,8127
7083.527,3586,8129
7083.955,3587,8132
7084.121,3588,8143
7086.208,3589,8144
7090.85,3590,8145
7093.636,3591,8145
7097.063,3592,8147
7097.593,3593,8148
7097.692,3594,8150
7102.12,3595,8150
7104.287,3596,8150
7105.025,3597,8151
7115.494,3598,8151
7116.477,3599,8152
7117.747,3600,8153
7118.2,3601,8153
7118.393,3602,8154
7118.636,3603,8157
7119.201,3604,8157
7119.284,3605,8158
7119.952,3606,8158
7120.9,3607,8159
7121.949,3608,8159
7122.231,3609,8161
7122.248,3610,8163
7124.644,3611,8164
7125.087,3612,8165
7125.775,3613,8167
7125.82,3614,8173
7127.388,3615,8179
7127.693,3616,8179
7130.303,3617,8180
7130.692,3618,8181
7134.04,3619,8183
7139.111,3620,8185
7139.17,3621,8192
7139.73,3622,8193
7141.556,3623,8193
7142.645,3624,8193
7144.034,3625,8194
7145.133,3626,8195
7145.242,3627,8195
7147.572,3628,8195
7147.613,3629,8196
7147.836,3630,8199
7148.332,3631,8199
7157.949,3632,8199
7167.096,3633,8200
7167.289,3634,8200
7167.306,3635,8201
7167.725,3636,8205
7174.086,3637,8206
7182.44,3638,8206
7183.64,3639,8206
7183.656,3640,8206
7198.607,3641,8206
7198.637,3642,8206
7198.66,3643,8206
7198.681,3644,8206
7198.77,3645,8206
7198.837,3646,8206
7198.887,3647,8206
7198.984,3648,8206
7199.048,3649,8206
7199.105,3650,8206
7199.144,3651,8206
7199.232,3652,8206
7199.355,3653,8206
7199.827,3654,8206
7200.098,3655,8206
7200.963,3656,8206
7213.374,3657,8206
7213.885,3658,8208
7214.237,3659,8208
7215.271,3660,8208
7216.07,3661,8209
7218.081,3662,8209
7222.021,3663,8209
7222.31,3664,8209
7225.447,3665,8209
7237.397,3666,8210
7254.891,3667,8211
7255.527,3668,8211
7255.604,3669,8220
7258.745,3670,8222
7259.215,3671,8222
7259.315,3672,8223
7259.637,3673,8223
7273.054,3674,8223
7274.039,3675,8224
7274.29,3676,8225
7275.798,3677,8226
7276.703,3678,8232
7276.811,3679,8233
7283.683,3680,8235
7283.826,3681,8235
7285.358,3682,8235
7285.607,3683,8246
7285.987,3684,8247
7286.964,3685,8248
7287.932,3686,8252
7291.187,3687,8253
7291.629,3688,8259
7293.628,3689,8260
7294.472,3690,8265
7294.604,3691,8268
7295.587,3692,8269
7295.893,3693,8270
7299.293,3694,8270
7299.534,3695,8271
7301.431,3696,8271
7307.803,3697,8271
7311.816,3698,8271
7312.075,3699,8273
7315.657,3700,8273
7321.747,3701,8273
7323.956,3702,8273
7328.697,3703,8274
7328.742,3704,8274
7328.847,3705,8275
7330.3,3706,8275
7330.365,3707,8275
7330.439,3708,8275
7330.535,3709,8275
7330.65,3710,8275
7332.397,3711,8275
7334.198,3712,8277
7340.763,3713,8277
7344.357,3714,8277
7344.726,3715,8278
7346.132,3716,8281
7349.424,3717,8285
7352.823,3718,8285
7353.543,3719,8285
7356.643,3720,8285
7360.174,3721,8285
7360.198,3722,8288
7379.31,3723,8288
7381.028,3724,8288
7381.143,3725,8301
7381.467,3726,8302
7381.619,3727,8324
7381.651,3728,8330
7381.944,3729,8331
7382.107,3730,8334
7382.355,3731,8336
7382.505,3732,8336
7382.868,3733,8336
7383.125,3734,8336
7383.295,3735,8344
7383.816,3736,8345
7383.838,3737,8346
7384.179,3738,8346
7384.6,3739,8346
7384.919,3740,8347
7384.981,3741,8348
7386.553,3742,8350
7387.967,3743,8351
7388.153,3744,8351
7388.227,3745,8355
7388.369,3746,8356
7388.438,3747,8356
7389.146,3748,8356
7389.795,3749,8359
7390.443,3750,8359
7390.584,3751,8359
7391.066,3752,8359
7391.457,3753,8359
7391.825,3754,8359
7392.721,3755,8359
7392.848,3756,8359
7393.647,3757,8361
7393.97,3758,8364
7394.889,3759,8365
7395.941,3760,8365
7396.567,3761,8365
7396.848,3762,8366
7401.267,3763,8366
7401.827,3764,8369
7402.945,3765,8369
7403.321,3766,8369
7403.853,3767,8372
7405.051,3768,8372
7405.304,3769,8373
7406.427,3770,8373
7406.737,3771,8373
7409.789,3772,8388
7419.328,3773,8391
7419.457,3774,8391
7420.095,3775,8391
7422.1,3776,8391
7424.199,3777,8396
7425.125,3778,8397
7427.299,3779,8398
7427.478,3780,8400
7427.54,3781,8400
7428.517,3782,8406
7431.728,3783,8406
7433.65,3784,8406
7434.26,3785,8406
7437.463,3786,8406
7438.265,3787,8406
7438.361,3788,8406
7439.049,3789,8409
7439.168,3790,8409
7455.606,3791,8411
7455.637,3792,8412
7456.08,3793,8415
7456.581,3794,8415
7456.785,3795,8415
7457.523,3796,8415
7457.794,3797,8415
7458.023,3798,8417
7459.357,3799,8417
7460.292,3800,8417
7463.613,3801,8417
7468.882,3802,8418
7469.903,3803,8418
7470.74,3804,8422
7472.572,3805,8423
7473.227,3806,8423
7476.091,3807,8423
7479.312,3808,8423
7480.733,3809,8426
7480.918,3810,8427
7481.511,3811,8435
7483.051,3812,8437
7485.182,3813,8437
7504.157,3814,8437
7515.33,3815,8437
7515.502,3816,8437
7515.898,3817,8437
7522.015,3818,8439
7522.333,3819,8439
7522.448,3820,8439
7522.8,3821,8440
7523.541,3822,8460
7523.714,3823,8461
7524.246,3824,8461
7528.323,3825,8462
7528.404,3826,8463
7535.892,3827,8463
7538.089,3828,8469
7539.275,3829,8471
7542.465,3830,8471
7545.989,3831,8471
7549.331,3832,8471
7554.989,3833,8473
7569.764,3834,8473
7569.926,3835,8473
7570.026,3836,8475
7570.102,3837,8476
7570.444,3838,8476
7572.576,3839,8476
7573.236,3840,8476
7573.7,3841,8476
7574.088,3842,8476
7574.361,3843,8476
7574.989,3844,8477
7576.513,3845,8480
7576.544,3846,8480
7576.557,3847,8480
7577.305,3848,8480
7577.974,3849,8480
7578.15,3850,8480
7583.515,3851,8480
7583.618,3852,8495
7585.47,3853,8495
7585.921,3854,8501
7588.645,3855,8501
7590.373,3856,8512
7591.324,3857,8512
7592.291,3858,8513
7593.322,3859,8513
7608.985,3860,8513
7609.081,3861,8513
7609.11,3862,8514
7609.229,3863,8514
7609.508,3864,8514
7609.598,3865,8514
7609.754,3866,8516
7609.998,3867,8517
7610.087,3868,8517
7610.234,3869,8519
7610.427,3870,8519
7610.632,3871,8522
7611.416,3872,8522
7613.125,3873,8522
7616.339,3874,8523
7616.951,3875,8523
7620.663,3876,8523
7622.89,3877,8524
7623.553,3878,8524
7624.947,3879,8525
7624.961,3880,8526
7629.779,3881,8528
7631.733,3882,8530
7635.479,3883,8530
7635.871,3884,8531
7638.762,3885,8532
7639.629,3886,8532
7661.215,3887,8533
7662.053,3888,8534
7662.097,3889,8535
7662.904,3890,8536
7670.731,3891,8536
7672.943,3892,8536
7674.72,3893,8537
7676.332,3894,8537
7677.067,3895,8538
7677.827,3896,8539
7678.414,3897,8539
7678.644,3898,8541
7678.996,3899,8541
7679.662,3900,8543
7679.896,3901,8543
7679.922,3902,8544
7680.435,3903,8545
7680.861,3904,8545
7681.386,3905,8548
7683.09,3906,8549
7684.507,3907,8550
7685.689,3908,8550
7686.128,3909,8551
7687.555,3910,8551
7689.702,3911,8552
7696.426,3912,8552
7704.602,3913,8552
7719.387,3914,8552
7719.487,3915,8558
7719.573,3916,8559
7719.618,3917,8560
7719.676,3918,8560
7719.948,3919,8560
7720.036,3920,8560
7720.656,3921,8563
7720.94,3922,8565
7721.268,3923,8565
7722.29,3924,8568
7722.907,3925,8568
7723.661,3926,8569
7724.496,3927,8570
7726.474,3928,8570
7731.352,3929,8571
7733.362,3930,8572
7737.034,3931,8573
7738.211,3932,8574
7743.25,3933,8575
7745.84,3934,8576
7747.534,3935,8579
7749.924,3936,8581
7754.515,3937,8582
7771.942,3938,8582
7772.19,3939,8584
7777.398,3940,8584
7793.128,3941,8584
7793.189,3942,8584
7837.577,3943,8584
7847.192,3944,8584
7858.149,3945,8584
7860.861,3946,8584
7861.924,3947,8591
7862.373,3948,8593
7862.618,3949,8594
7863.042,3950,8606
7863.576,3951,8607
7865.347,3952,8609
7866.43,3953,8609
7866.688,3954,8612
7869.002,3955,8614
7869.327,3956,8615
7869.358,3957,8616
7870.398,3958,8619
7871.424,3959,8619
7875.364,3960,8620
7875.618,3961,8621
7881.213,3962,8622
7882.165,3963,8623
7884.39,3964,8629
7894.283,3965,8629
7894.338,3966,8633
7895.246,3967,8634
7895.692,3968,8634
7895.885,3969,8635
7896.179,3970,8635
7896.337,3971,8635
7897.855,3972,8636
7899.179,3973,8636
7899.483,3974,8637
7899.708,3975,8638
7899.724,3976,8639
7900.261,3977,8639
7900.883,3978,8639
7900.97,3979,8639
7901.586,3980,8642
7903.217,3981,8646
7903.458,3982,8646
7903.517,3983,8646
7905.147,3984,8646
7905.341,3985,8649
7905.997,3986,8649
7906.255,3987,8649
7907.78,3988,8649
7908.502,3989,8650
7908.912,3990,8652
7908.955,3991,8652
7909.346,3992,8652
7909.763,3993,8652
7911.382,3994,8654
7911.583,3995,8654
7911.674,3996,8654
7914.031,3997,8655
7914.56,3998,8655
7915.044,3999,8655
7915.61,4000,8655
7918.683,4001,8656
7919.664,4002,8659
7921.16,4003,8659
7921.361,4004,8659
7921.396,4005,8659
7921.97,4006,8667
7923.627,4007,8670
7924.108,4008,8670
7926.786,4009,8672
7928.23,4010,8672
7930.831,4011,8673
7930.913,4012,8674
7931.081,4013,8674
7931.61,4014,8674
7932.053,4015,8676
7932.325,4016,8677
7932.37,4017,8678
7935.023,4018,8678
7935.162,4019,8678
7939.426,4020,8679
7944.56,4021,8680
7944.676,4022,8681
7947.695,4023,8681
7952.217,4024,8682
7952.933,4025,8689
7953.247,4026,8689
7954.06,4027,8689
7962.907,4028,8689
7963.526,4029,8689
7963.552,4030,8693
7964.0,4031,8693
7966.634,4032,8693
7966.989,4033,8694
7967.086,4034,8694
7969.216,4035,8696
7972.236,4036,8696
7972.296,4037,8698
7972.995,4038,8698
7973.153,4039,8698
7973.349,4040,8699
7981.363,4041,8700
7981.681,4042,8701
7981.73,4043,8701
7985.576,4044,8703
7985.708,4045,8705
7987.484,4046,8706
7988.542,4047,8706
7988.674,4048,8706
7988.826,4049,8706
7988.998,4050,8706
7989.114,4051,8706
7989.192,4052,8706
7989.3,4053,8706
7989.458,4054,8706
7989.549,4055,8706
7989.648,4056,8706
7990.012,4057,8706
7990.715,4058,8706
7992.456,4059,8706
7992.501,4060,8706
7995.51,4061,8706
7995.678,4062,8714
7995.789,4063,8714
7996.556,4064,8714
8002.249,4065,8714
8003.429,4066,8714
8004.537,4067,8714
8004.728,4068,8714
8006.042,4069,8714
8006.139,4070,8714
8007.042,4071,8716
8007.289,4072,8717
8010.002,4073,8717
8010.09,4074,8717
8012.277,4075,8719
8016.315,4076,8719
8017.98,4077,8719
8019.347,4078,8725
8020.603,4079,8728
8020.617,4080,8728
8047.866,4081,8729
8049.013,4082,8730
8049.916,4083,8730
8049.968,4084,8731
8050.238,4085,8733
8050.672,4086,8735
8051.504,4087,8737
8055.946,4088,8739
8064.584,4089,8752
8067.9,4090,8752
8069.58,4091,8752
8073.669,4092,8752
8079.332,4093,8753
8081.168,4094,8754
8082.045,4095,8754
8083.248,4096,8755
8083.929,4097,8756
8086.771,4098,8756
8087.646,4099,8757
8096.386,4100,8757
8096.654,4101,8757
8104.727,4102,8757
8105.339,4103,8757
8105.627,4104,8757
8106.172,4105,8757
8107.108,4106,8757
8110.981,4107,8757
8111.569,4108,8757
8111.916,4109,8757
8112.656,4110,8757
8116.408,4111,8758
8117.376,4112,8758
8123.895,4113,8758
8136.491,4114,8758
8145.028,4115,8759
8152.926,4116,8760
8153.043,4117,8760
8153.084,4118,8760
8153.137,4119,8761
8153.691,4120,8761
8155.958,4121,8761
8158.526,4122,8761
8170.543,4123,8761
8172.896,4124,8761
8177.295,4125,8763
8178.545,4126,8763
8179.017,4127,8764
8179.098,4128,8764
8181.409,4129,8764
8184.03,4130,8765
8184.865,4131,8766
8186.296,4132,8766
8193.844,4133,8767
8200.527,4134,8768
8209.045,4135,8768
8218.018,4136,8768
8219.996,4137,8768
8221.294,4138,8768
8228.267,4139,8768
8229.256,4140,8768
8229.587,4141,8769
8230.161,4142,8770
8230.634,4143,8770
8232.355,4144,8770
8232.54,4145,8772
8233.462,4146,8772
8233.736,4147,8774
8234.066,4148,8776
8234.985,4149,8776
8236.867,4150,8777
8238.577,4151,8777
8239.46,4152,8781
8245.524,4153,8781
8245.777,4154,8782
8252.68,4155,8782
8253.562,4156,8782
8255.382,4157,8782
8257.044,4158,8782
8260.643,4159,8785
8260.784,4160,8786
8260.991,4161,8787
8261.004,4162,8787
8261.019,4163,8788
8261.419,4164,8788
8262.086,4165,8790
8262.63,4166,8790
8262.7,4167,8791
8263.479,4168,8791
8263.649,4169,8791
8264.182,4170,8792
8264.859,4171,8792
8265.195,4172,8792
8265.262,4173,8792
8265.308,4174,8792
8265.745,4175,8792
8266.27,4176,8792
8266.539,4177,8792
8267.469,4178,8792
8267.539,4179,8792
8270.016,4180,8792
8273.388,4181,8792
8275.38,4182,8792
8276.942,4183,8792
8277.162,4184,8793
8279.482,4185,8793
8279.593,4186,8793
8280.136,4187,8793
8281.722,4188,8793
8282.407,4189,8793
8284.274,4190,8793
8285.372,4191,8793
8288.86,4192,8794
8290.634,4193,8794
8293.901,4194,8798
8294.482,4195,8805
8296.254,4196,8805
8300.232,4197,8805
8300.522,4198,8805
8301.034,4199,8805
8302.606,4200,8806
8304.211,4201,8809
8311.661,4202,8811
8313.781,4203,8811
8314.077,4204,8811
8314.426,4205,8811
8316.861,4206,8812
8319.963,4207,8813
8322.74,4208,8813
8329.998,4209,8814
8333.29,4210,8819
8333.6,4211,8819
8335.985,4212,8819
8337.759,4213,8819
8344.597,4214,8820
8344.831,4215,8820
8356.673,4216,8821
8359.054,4217,8821
8360.872,4218,8821
8361.341,4219,8824
8361.562,4220,8825
8362.199,4221,8826
8362.231,4222,8829
8375.123,4223,8830
8375.591,4224,8833
8383.895,4225,8833
8383.958,4226,8833
8385.444,4227,8833
8385.567,4228,8837
8388.158,4229,8837
8391.116,4230,8837
8391.954,4231,8837
8394.379,4232,8837
8394.48,4233,8838
8396.621,4234,8838
8400.313,4235,8838
8400.55,4236,8838
8401.441,4237,8838
8414.357,4238,8840
8414.835,4239,8841
8414.945,4240,8842
8414.989,4241,8842
8421.503,4242,8843
8430.215,4243,8843
8430.865,4244,8843
8432.232,4245,8844
8433.118,4246,8844
8433.596,4247,8844
8441.722,4248,8845
8441.795,4249,8846
8442.068,4250,8846
8442.151,4251,8847
8442.349,4252,8851
8442.612,4253,8852
8444.259,4254,8853
8447.921,4255,8853
8452.253,4256,8856
8454.575,4257,8856
8454.613,4258,8856
8457.738,4259,8857
8459.343,4260,8857
8466.583,4261,8857
8473.724,4262,8857
8474.001,4263,8857
8474.367,4264,8857
8474.752,4265,8857
8477.619,4266,8857
8479.183,4267,8857
8480.183,4268,8857
8484.309,4269,8857
8487.599,4270,8857
8487.992,4271,8857
8489.04,4272,8857
8490.537,4273,8857
8492.067,4274,8857
8496.122,4275,8857
8497.174,4276,8857
8498.489,4277,8857
8498.87,4278,8857
8499.803,4279,8858
8500.22,4280,8859
8500.245,4281,8860
8500.296,4282,8860
8500.706,4283,8860
8500.75,4284,8861
8501.123,4285,8862
8501.191,4286,8862
8501.531,4287,8863
8503.513,4288,8864
8506.706,4289,8865
8508.382,4290,8865
8508.801,4291,8866
8509.571,4292,8867
8511.091,4293,8867
8514.077,4294,8867
8514.873,4295,8875
8515.411,4296,8876
8515.821,4297,8876
8517.21,4298,8876
8524.61,4299,8879
8526.009,4300,8879
8529.25,4301,8879
8529.325,4302,8879
8530.351,4303,8879
8532.114,4304,8879
8533.536,4305,8879
8534.497,4306,8881
8534.808,4307,8881
8536.316,4308,8881
8536.898,4309,8881
8537.179,4310,8882
8537.224,4311,8882
8540.913,4312,8882
8542.602,4313,8883
8543.339,4314,8883
8544.824,4315,8883
8545.235,4316,8883
8545.431,4317,8883
8548.303,4318,8883
8552.64,4319,8883
8555.522,4320,8883
8559.469,4321,8883
8560.087,4322,8884
8560.973,4323,8887
8561.033,4324,8887
8561.133,4325,8887
8565.052,4326,8889
8566.882,4327,8889
8571.128,4328,8891
8573.381,4329,8892
8573.771,4330,8894
8575.076,4331,8895
8575.989,4332,8896
8577.181,4333,8897
8589.261,4334,8897
8589.619,4335,8898
8589.848,4336,8898
8590.232,4337,8898
8590.514,4338,8899
8602.949,4339,8900
8603.236,4340,8900
8604.72,4341,8900
8605.142,4342,8901
8605.269,4343,8901
8605.807,4344,8901
8609.678,4345,8901
8613.015,4346,8901
8617.09,4347,8901
8621.428,4348,8901
8625.036,4349,8902
8627.14,4350,8902
8627.169,4351,8902
8627.215,4352,8902
8627.354,4353,8902
8627.469,4354,8906
8627.562,4355,8906
8627.814,4356,8913
8627.873,4357,8913
8627.892,4358,8913
8628.306,4359,8913
8628.541,4360,8913
8628.586,4361,8913
8629.249,4362,8913
8629.266,4363,8913
8629.547,4364,8914
8629.66,4365,8914
8630.851,4366,8914
8631.972,4367,8914
8632.337,4368,8914
8632.88,4369,8914
8633.122,4370,8914
8636.767,4371,8914
8637.01,4372,8914
8643.278,4373,8915
8643.946,4374,8915
8648.768,4375,8915
8649.868,4376,8916
8668.403,4377,8917
8669.006,4378,8917
8669.104,4379,8918
8669.121,4380,8919
8669.297,4381,8919
8671.361,4382,8920
8671.41,4383,8920
8671.921,4384,8920
8672.785,4385,8920
8674.042,4386,8920
8674.47,4387,8921
8675.248,4388,8922
8675.517,4389,8924
8676.876,4390,8924
8676.986,4391,8927
8677.552,4392,8927
8677.82,4393,8928
8679.03,4394,8928
8682.121,4395,8928
8682.597,4396,8928
8683.047,4397,8928
8684.285,4398,8928
8685.606,4399,8929
8687.605,4400,8929
8688.309,4401,8930
8690.603,4402,8931
8691.005,4403,8931
8691.33,4404,8931
8691.853,4405,8931
8694.946,4406,8932
8697.096,4407,8932
8697.703,4408,8932
8699.342,4409,8932
8699.687,4410,8932
8699.784,4411,8932
8701.423,4412,8932
8707.684,4413,8932
8709.204,4414,8932
8709.331,4415,8932
8711.771,4416,8933
8712.49,4417,8933
8713.706,4418,8935
8714.573,4419,8935
8715.819,4420,8936
8719.005,4421,8936
8722.066,4422,8936
8723.22,4423,8937
8723.468,4424,8937
8725.743,4425,8937
8727.442,4426,8938
8727.5,4427,8940
8732.281,4428,8940
8739.019,4429,8941
8741.135,4430,8942
8741.883,4431,8943
8742.801,4432,8943
8747.511,4433,8945
8755.156,4434,8945
8757.228,4435,8945
8757.291,4436,8945
8757.491,4437,8945
8757.692,4438,8945
8757.9,4439,8945
8759.925,4440,8945
8761.596,4441,8945
8761.727,4442,8945
8765.653,4443,8945
8785.335,4444,8945
8786.514,4445,8945
8787.382,4446,8945
8787.449,4447,8946
8793.617,4448,8947
8793.871,4449,8948
8794.618,4450,8949
8794.799,4451,8950
8794.811,4452,8951
8794.907,4453,8953
8795.316,4454,8954
8796.073,4455,8955
8798.145,4456,8957
8798.411,4457,8958
8804.878,4458,8959
8805.199,4459,8961
8805.659,4460,8962
8806.778,4461,8962
8824.659,4462,8967
8827.178,4463,8967
8827.639,4464,8967
8828.113,4465,8967
8830.003,4466,8968
8830.097,4467,8968
8835.07,4468,8968
8835.582,4469,8968
8838.316,4470,8968
8838.48,4471,8968
8840.117,4472,8968
8842.836,4473,8968
8845.786,4474,8968
8852.267,4475,8968
8853.739,4476,8969
8854.854,4477,8971
8855.918,4478,8971
8857.755,4479,8971
8858.682,4480,8974
8859.731,4481,8975
8863.523,4482,8975
8867.262,4483,8975
8867.532,4484,8975
8874.255,4485,8975
8874.759,4486,8976
8876.146,4487,8976
8881.541,4488,8976
8881.851,4489,8976
8881.936,4490,8976
8888.071,4491,8976
8889.574,4492,8976
8892.259,4493,8976
8893.251,4494,8977
8894.397,4495,8978
8895.579,4496,8980
8897.702,4497,8992
8899.376,4498,8993
8901.643,4499,8993
8904.337,4500,8993
8911.444,4501,8993
8917.828,4502,8994
8918.202,4503,8996
8918.323,4504,8998
8918.863,4505,8999
8919.446,4506,9000
8922.425,4507,9001
8923.065,4508,9002
8930.212,4509,9002
8933.253,4510,9002
8936.807,4511,9004
8940.478,4512,9004
8940.626,4513,9005
8943.762,4514,9005
8950.876,4515,9005
8954.425,4516,9006
8955.024,4517,9006
8956.803,4518,9006
8968.633,4519,9007
8969.596,4520,9008
8971.838,4521,9009
8974.767,4522,9009
8976.628,4523,9009
8977.967,4524,9011
8978.993,4525,9011
8979.534,4526,9014
8988.835,4527,9014
8988.881,4528,9014
8989.715,4529,9014
8989.887,4530,9014
8990.344,4531,9014
8990.703,4532,9014
8991.687,4533,9014
8993.887,4534,9014
8994.358,4535,9014
8994.373,4536,9014
8996.977,4537,9014
8997.285,4538,9015
8997.458,4539,9015
8999.994,4540,9015
9000.33,4541,9015
9000.905,4542,9015
9001.535,4543,9015
9003.518,4544,9016
9006.128,4545,9016
9008.3,4546,9017
9024.182,4547,9017
9025.997,4548,9017
9026.904,4549,9017
9026.938,4550,9017
9027.302,4551,9019
9027.381,4552,9019
9027.47,4553,9019
9027.677,4554,9019
9027.753,4555,9019
9027.778,4556,9019
9027.929,4557,9019
9028.08,4558,9019
9028.351,4559,9019
9028.508,4560,9019
9028.611,4561,9019
9029.536,4562,9019
9030.758,4563,9019
9030.789,4564,9019
9031.125,4565,9021
9031.337,4566,9022
9033.001,4567,9022
9033.063,4568,9022
9033.456,4569,9022
9033.936,4570,9022
9034.0,4571,9022
9034.037,4572,9022
9034.325,4573,9022
9035.761,4574,9022
9036.652,4575,9022
9038.133,4576,9022
9039.067,4577,9022
9039.82,4578,9022
9040.542,4579,9022
9040.741,4580,9022
9041.73,4581,9025
9042.099,4582,9026
9043.737,4583,9026
9043.835,4584,9027
9044.094,4585,9027
9044.954,4586,9027
9045.264,4587,9027
9046.144,4588,9029
9051.45,4589,9029
9053.316,4590,9030
9055.284,4591,9030
9056.153,4592,9030
9057.264,4593,9030
9061.244,4594,9030
9063.364,4595,9030
9067.315,4596,9030
9069.468,4597,9030
9070.628,4598,9030
9070.842,4599,9030
9071.685,4600,9031
9082.931,4601,9031
9083.105,4602,9031
9083.172,4603,9031
9083.28,4604,9031
9085.974,4605,9031
9086.027,4606,9031
9086.106,4607,9031
9086.145,4608,9032
9086.206,4609,9032
9086.223,4610,9032
9086.251,4611,9032
9086.295,4612,9032
9086.465,4613,9032
9086.536,4614,9032
9086.579,4615,9032
9086.711,4616,9032
9086.812,4617,9032
9087.988,4618,9032
9088.222,4619,9032
9089.323,4620,9032
9089.39,4621,9033
9089.76,4622,9034
9089.799,4623,9035
9089.859,4624,9035
9090.811,4625,9035
9092.107,4626,9035
9093.391,4627,9035
9093.549,4628,9035
9093.748,4629,9036
9094.356,4630,9037
9094.553,4631,9037
9095.511,4632,9038
9097.662,4633,9038
9098.154,4634,9038
9098.256,4635,9038
9099.881,4636,9038
9100.858,4637,9038
9101.605,4638,9038
9102.497,4639,9038
9104.094,4640,9038
9104.31,4641,9040
9104.536,4642,9040
9105.0,4643,9042
9105.445,4644,9042
9105.635,4645,9043
9110.736,4646,9045
9111.063,4647,9045
9111.237,4648,9045
9111.794,4649,9046
9114.785,4650,9046
9115.128,4651,9047
9115.228,4652,9048
9116.356,4653,9048
9116.551,4654,9048
9117.968,4655,9048
9119.236,4656,9048
9122.421,4657,9048
9134.129,4658,9049
9137.826,4659,9050
9139.329,4660,9050
9139.341,4661,9050
9139.516,4662,9050
9140.937,4663,9051
9141.517,4664,9052
9145.238,4665,9052
9146.646,4666,9052
9152.849,4667,9053
9158.036,4668,9055
9162.211,4669,9060
9170.534,4670,9060
9177.481,4671,9060
9186.935,4672,9060
9189.299,4673,9060
9189.433,4674,9060
9192.357,4675,9061
9193.707,4676,9062
9194.354,4677,9063
9194.984,4678,9067
9202.215,4679,9071
9204.514,4680,9071
9207.015,4681,9071
9208.167,4682,9071
9211.368,4683,9071
9211.465,4684,9071
9212.75,4685,9071
9212.849,4686,9071
9215.312,4687,9071
9216.765,4688,9071
9228.728,4689,9071
9230.773,4690,9071
9236.424,4691,9072
9236.723,4692,9072
9238.066,4693,9073
9238.459,4694,9073
9239.082,4695,9073
9239.746,4696,9073
9240.051,4697,9077
9241.294,4698,9077
9247.883,4699,9077
9250.727,4700,9077
9252.081,4701,9077
9253.81,4702,9077
9258.745,4703,9077
9259.358,4704,9077
9275.894,4705,9078
9276.676,4706,9078
9278.294,4707,9078
9281.039,4708,9078
9281.21,4709,9081
9281.23,4710,9082
9281.25,4711,9082
9281.593,4712,9082
9281.654,4713,9082
9283.402,4714,9082
9285.485,4715,9082
9287.16,4716,9083
9287.696,4717,9083
9290.401,4718,9084
9291.325,4719,9084
9292.038,4720,9084
9297.733,4721,9085
9303.601,4722,9085
9305.265,4723,9085
9309.595,4724,9085
9315.946,4725,9085
9317.395,4726,9085
9317.85,4727,9085
9318.336,4728,9085
9321.182,4729,9085
9321.87,4730,9086
9326.52,4731,9087
9326.565,4732,9087
9333.606,4733,9088
9337.02,4734,9088
9346.885,4735,9088
9348.642,4736,9088
9348.886,4737,9088
9350.61,4738,9088
9359.269,4739,9088
9360.125,4740,9090
9366.839,4741,9091
9367.045,4742,9092
9373.681,4743,9092
9374.181,4744,9093
9376.733,4745,9094
9377.605,4746,9094
9377.771,4747,9096
9378.812,4748,9097
9379.534,4749,9102
9379.767,4750,9102
9387.402,4751,9103
9388.85,4752,9103
9393.666,4753,9103
9400.272,4754,9103
9401.264,4755,9103
9403.218,4756,9105
9404.567,4757,9111
9410.951,4758,9112
9412.216,4759,9113
9412.917,4760,9113
9414.761,4761,9113
9414.915,4762,9113
9416.244,4763,9113
9427.451,4764,9114
9428.791,4765,9116
9429.601,4766,9116
9465.607,4767,9117
9467.006,4768,9117
9468.612,4769,9117
9470.392,4770,9117
9470.735,4771,9117
9470.84,4772,9117
9472.45,4773,9117
9474.451,4774,9132
9479.201,4775,9132
9480.0,4776,9133
9488.827,4777,9133
9491.625,4778,9133
9506.946,4779,9133
9517.067,4780,9133
9518.136,4781,9133
9518.804,4782,9133
9522.27,4783,9133
9525.451,4784,9134
9525.771,4785,9134
9525.79,4786,9135
9525.914,4787,9135
9526.153,4788,9135
9526.509,4789,9135
9528.332,4790,9135
9533.465,4791,9136
9536.35,4792,9139
9537.617,4793,9139
9538.837,4794,9140
9539.335,4795,9140
9541.503,4796,9141
9542.782,4797,9141
9544.267,4798,9141
9546.686,4799,9142
9548.166,4800,9143
9549.937,4801,9143
9550.454,4802,9143
9550.888,4803,9143
9551.352,4804,9143
9554.154,4805,9146
9554.249,4806,9146
9555.611,4807,9146
9556.175,4808,9146
9558.901,4809,9146
9560.305,4810,9146
9560.447,4811,9146
9560.883,4812,9146
9570.762,4813,9146
9573.751,4814,9147
9573.905,4815,9148
9574.574,4816,9148
9576.19,4817,9149
9586.892,4818,9150
9599.692,4819,9150
9600.557,4820,9150
9600.897,4821,9150
9600.944,4822,9150
9601.594,4823,9150
9602.281,4824,9150
9617.119,4825,9150
9618.157,4826,9151
9623.675,4827,9151
9630.091,4828,9153
9630.567,4829,9153
9630.584,4830,9153
9631.231,4831,9153
9631.329,4832,9155
9631.342,4833,9155
9631.435,4834,9156
9631.604,4835,9156
9635.421,4836,9156
9635.459,4837,9156
9635.893,4838,9159
9638.928,4839,9159
9638.986,4840,9159
9640.21,4841,9159
9640.273,4842,9160
9642.552,4843,9160
9652.48,4844,9160
9655.9,4845,9160
9656.91,4846,9161
9661.34,4847,9161
9661.792,4848,9161
9662.554,4849,9161
9662.736,4850,9161
9663.793,4851,9163
9665.186,4852,9163
9665.302,4853,9163
9666.343,4854,9163
9667.111,4855,9163
9667.128,4856,9163
9667.656,4857,9163
9671.078,4858,9166
9676.919,4859,9168
9677.075,4860,9168
9679.639,4861,9168
9685.854,4862,9168
9687.156,4863,9168
9687.213,4864,9168
9687.345,4865,9171
9687.359,4866,9171
9689.281,4867,9171
9689.589,4868,9171
9690.14,4869,9171
9692.245,4870,9171
9692.953,4871,9172
9694.876,4872,9172
9698.033,4873,9172
9703.031,4874,9172
9706.491,4875,9172
9708.138,4876,9172
9709.686,4877,9172
9713.085,4878,9172
9713.716,4879,9172
9714.28,4880,9173
9714.581,4881,9175
9722.366,4882,9176
9728.755,4883,9179
9733.502,4884,9180
9736.933,4885,9180
9739.891,4886,9180
9741.985,4887,9181
9742.066,4888,9183
9746.781,4889,9183
9749.494,4890,9183
9749.551,4891,9183
9749.638,4892,9183
9750.725,4893,9183
9775.286,4894,9183
9775.93,4895,9183
9776.551,4896,9183
9777.219,4897,9183
9777.459,4898,9183
9778.831,4899,9183
9779.104,4900,9183
9782.302,4901,9183
9782.964,4902,9183
9783.911,4903,9183
9783.985,4904,9183
9784.615,4905,9183
9787.156,4906,9185
9788.145,4907,9186
9788.473,4908,9186
9790.3,4909,9186
9792.654,4910,9186
9793.423,4911,9187
9802.29,4912,9187
9803.978,4913,9187
9804.061,4914,9187
9804.121,4915,9187
9804.28,4916,9187
9804.482,4917,9187
9805.138,4918,9187
9814.367,4919,9187
9821.925,4920,9197
9823.1,4921,9198
9827.011,4922,9198
9827.629,4923,9199
9830.104,4924,9199
9830.154,4925,9199
9830.213,4926,9199
9830.479,4927,9199
9833.298,4928,9199
9834.771,4929,9199
9834.809,4930,9199
9835.835,4931,9199
9838.256,4932,9199
9844.419,4933,9199
9848.15,4934,9199
9848.79,4935,9199
9850.707,4936,9200
9851.313,4937,9200
9853.166,4938,9200
9853.876,4939,9200
9856.436,4940,9201
9859.015,4941,9203
9860.337,4942,9203
9861.029,4943,9204
9861.753,4944,9206
9862.687,4945,9207
9863.625,4946,9207
9864.376,4947,9208
9869.4,4948,9209
9916.923,4949,9209
9917.507,4950,9209
9920.226,4951,9209
9920.386,4952,9209
9920.892,4953,9209
9923.033,4954,9209
9927.193,4955,9209
9928.18,4956,9209
9935.805,4957,9209
9937.816,4958,9209
9938.013,4959,9209
9940.802,4960,9209
9944.699,4961,9209
9949.506,4962,9209
9950.73,4963,9209
9951.276,4964,9209
9951.401,4965,9209
9951.913,4966,9209
9955.546,4967,9209
9956.003,4968,9209
9958.253,4969,9209
9961.988,4970,9209
9962.258,4971,9209
9964.553,4972,9209
9967.027,4973,9211
9967.076,4974,9211
9969.986,4975,9211
9970.094,4976,9211
9970.367,4977,9211
9970.382,4978,9211
9970.698,4979,9211
9971.026,4980,9211
9971.359,4981,9211
9971.775,4982,9211
9973.036,4983,9211
9975.432,4984,9211
9975.793,4985,9211
9976.905,4986,9211
9977.533,4987,9211
9977.713,4988,9215
9979.342,4989,9215
9980.591,4990,9215
9981.944,4991,9215
9987.152,4992,9215
9990.805,4993,9215
9991.345,4994,9215
9993.351,4995,9215
9994.927,4996,9215
10007.214,4997,9216
10008.18,4998,9216
10009.524,4999,9216
10013.015,5000,9216
10015.949,5001,9216
10019.206,5002,9216
10019.226,5003,9216
10019.592,5004,9216
10024.69,5005,9216
10027.085,5006,9216
10031.023,5007,9216
10034.817,5008,9216
10043.697,5009,9216
10053.154,5010,9216
10054.305,5011,9216
10054.581,5012,9217
10055.467,5013,9217
10055.955,5014,9218
10056.4,5015,9219
10057.2,5016,9219
10061.422,5017,9220
10072.005,5018,9220
10073.178,5019,9220
10074.444,5020,9220
10078.103,5021,9222
10078.633,5022,9238
10078.824,5023,9239
10084.182,5024,9239
10084.253,5025,9239
10084.556,5026,9239
10088.008,5027,9239
10089.794,5028,9239
10106.88,5029,9239
10112.142,5030,9239
10113.28,5031,9239
10114.53,5032,9239
10116.901,5033,9239
10120.065,5034,9239
10120.361,5035,9239
10120.553,5036,9239
10121.311,5037,9239
10122.098,5038,9239
10122.252,5039,9239
10123.873,5040,9240
10125.037,5041,9240
10125.828,5042,9240
10126.078,5043,9240
10131.862,5044,9257
10132.792,5045,9257
10138.649,5046,9257
10148.122,5047,9257
10150.638,5048,9263
10153.719,5049,9263
10163.154,5050,9263
10180.277,5051,9264
10180.296,5052,9264
10180.535,5053,9265
10180.71,5054,9265
10181.316,5055,9265
10184.649,5056,9266
10185.156,5057,9266
10185.429,5058,9266
10186.718,5059,9266
10186.952,5060,9267
10187.647,5061,9268
10189.118,5062,9269
10193.772,5063,9270
10197.889,5064,9270
10200.217,5065,9270
10200.656,5066,9272
10202.964,5067,9272
10204.666,5068,9273
10206.101,5069,9273
10206.213,5070,9273
10208.718,5071,9298
10209.027,5072,9298
10210.779,5073,9298
10211.484,5074,9298
10213.703,5075,9303
10216.929,5076,9310
10218.037,5077,9310
10226.658,5078,9310
10230.48,5079,9310
10231.539,5080,9310
10231.963,5081,9310
10233.861,5082,9310
10238.25,5083,9310
10239.307,5084,9310
10239.815,5085,9310
10243.223,5086,9310
10245.925,5087,9312
10246.319,5088,9312
10246.912,5089,9312
10247.772,5090,9313
10250.894,5091,9315
10251.801,5092,9316
10255.69,5093,9317
10273.278,5094,9317
10276.423,5095,9319
10277.829,5096,9320
10278.235,5097,9321
10278.436,5098,9321
10278.454,5099,9326
10278.653,5100,9327
10278.791,5101,9327
10279.01,5102,9328
10280.693,5103,9329
10282.264,5104,9329
10283.207,5105,9329
10284.756,5106,9329
10285.796,5107,9337
10286.293,5108,9337
10288.529,5109,9337
10291.798,5110,9339
10292.827,5111,9339
10297.619,5112,9339
10299.692,5113,9339
10309.915,5114,9340
10310.083,5115,9341
10313.17,5116,9341
10313.324,5117,9341
10316.695,5118,9341
10324.4,5119,9341
10324.424,5120,9341
10324.815,5121,9341
10326.383,5122,9341
10335.381,5123,9341
10335.416,5124,9341
10335.572,5125,9341
10335.804,5126,9341
10345.629,5127,9342
10355.786,5128,9342
10362.696,5129,9343
10372.755,5130,9343
10375.922,5131,9344
10379.012,5132,9345
10388.709,5133,9346
10391.829,5134,9349
10391.867,5135,9349
10392.119,5136,9349
10394.045,5137,9351
10395.062,5138,9352
10395.475,5139,9352
10399.213,5140,9352
10399.278,5141,9352
10400.937,5142,9352
10402.706,5143,9352
10413.506,5144,9352
10413.617,5145,9352
10418.066,5146,9352
10421.072,5147,9352
10421.294,5148,9352
10424.499,5149,9352
10424.828,5150,9352
10425.559,5151,9352
10426.502,5152,9355
10427.295,5153,9355
10427.492,5154,9355
10428.351,5155,9355
10428.589,5156,9356
10435.183,5157,9356
10441.444,5158,9356
10441.859,5159,9357
10449.444,5160,9357
10450.361,5161,9357
10452.402,5162,9359
10452.777,5163,9360
10453.897,5164,9361
10457.051,5165,9361
10463.558,5166,9362
10465.016,5167,9362
10465.227,5168,9363
10469.306,5169,9364
10470.479,5170,9366
10472.092,5171,9367
10472.915,5172,9368
10473.378,5173,9369
10473.706,5174,9370
10473.721,5175,9370
10477.167,5176,9370
10494.548,5177,9371
10495.84,5178,9371
10497.292,5179,9371
10498.503,5180,9372
10499.076,5181,9372
10500.247,5182,9372
10500.908,5183,9372
10501.314,5184,9374
10502.916,5185,9375
10503.881,5186,9375
10514.113,5187,9375
10516.139,5188,9375
10521.953,5189,9375
10525.518,5190,9376
10532.039,5191,9376
10542.805,5192,9376
10542.956,5193,9376
10542.981,5194,9376
10542.993,5195,9376
10543.17,5196,9376
10543.236,5197,9376
10543.262,5198,9376
10543.4,5199,9376
10543.442,5200,9376
10543.458,5201,9376
10543.692,5202,9376
10544.483,5203,9384
10544.507,5204,9385
10544.544,5205,9385
10544.589,5206,9385
10545.053,5207,9386
10545.701,5208,9386
10545.715,5209,9386
10546.017,5210,9386
10546.045,5211,9386
10546.224,5212,9386
10547.195,5213,9386
10547.431,5214,9386
10547.729,5215,9387
10548.253,5216,9387
10548.849,5217,9387
10549.261,5218,9390
10550.262,5219,9390
10550.98,5220,9390
10553.029,5221,9390
10553.24,5222,9390
10553.824,5223,9390
10559.504,5224,9392
10559.85,5225,9392
10564.144,5226,9392
10572.48,5227,9392
10572.661,5228,9392
10573.112,5229,9392
10573.245,5230,9392
10575.489,5231,9392
10575.762,5232,9392
10576.719,5233,9392
10581.038,5234,9392
10591.816,5235,9392
10598.354,5236,9392
10629.159,5237,9393
10637.076,5238,9393
10637.352,5239,9393
10637.399,5240,9393
10637.444,5241,9393
10637.501,5242,9393
10637.653,5243,9393
10637.746,5244,9393
10638.146,5245,9393
10639.735,5246,9393
10641.491,5247,9393
10642.47,5248,9393
10642.536,5249,9393
10643.726,5250,9393
10646.272,5251,9393
10646.401,5252,9393
10647.436,5253,9393
10649.649,5254,9400
10649.862,5255,9400
10649.881,5256,9400
10655.86,5257,9400
10656.394,5258,9402
10659.786,5259,9402
10663.339,5260,9402
10664.523,5261,9402
10664.806,5262,9402
10665.346,5263,9406
10666.021,5264,9406
10666.658,5265,9406
10667.738,5266,9409
10670.725,5267,9410
10672.646,5268,9410
10673.929,5269,9410
10678.769,5270,9410
10684.527,5271,9411
10685.9,5272,9411
10694.216,5273,9411
10695.25,5274,9411
10695.89,5275,9411
10698.781,5276,9416
10701.04,5277,9416
10702.463,5278,9416
10703.157,5279,9417
10704.024,5280,9417
10705.249,5281,9421
10709.443,5282,9424
10712.321,5283,9425
10728.495,5284,9425
10734.176,5285,9425
10734.608,5286,9425
10734.718,5287,9425
10735.161,5288,9426
10735.822,5289,9426
10738.03,5290,9426
10742.829,5291,9426
10745.413,5292,9427
10745.461,5293,9429
10746.069,5294,9429
10750.353,5295,9429
10769.259,5296,9429
10770.722,5297,9430
10771.438,5298,9430
10772.919,5299,9430
10773.184,5300,9430
10774.594,5301,9431
10775.045,5302,9431
10776.46,5303,9431
10784.604,5304,9431
10788.018,5305,9432
10788.385,5306,9433
10793.747,5307,9433
10796.254,5308,9433
10796.688,5309,9433
10800.935,5310,9433
10803.074,5311,9434
10803.324,5312,9435
10814.564,5313,9435
10815.571,5314,9435
10816.607,5315,9435
10821.091,5316,9435
10821.227,5317,9435
10821.33,5318,9437
10825.024,5319,9437
10825.176,5320,9437
10825.209,5321,9438
10825.5,5322,9440
10827.717,5323,9440
10829.217,5324,9440
10837.678,5325,9441
10842.175,5326,9441
10842.683,5327,9442
10843.356,5328,9442
10845.663,5329,9443
10860.509,5330,9443
10860.905,5331,9443
10873.05,5332,9444
10874.48,5333,9444
10875.069,5334,9445
10878.455,5335,9445
10881.666,5336,9445
10883.769,5337,9445
10888.794,5338,9445
10889.347,5339,9445
10892.788,5340,9445
10894.99,5341,9445
10908.547,5342,9447
10909.469,5343,9447
10911.486,5344,9449
10913.756,5345,9449
10914.823,5346,9449
10915.406,5347,9450
10915.921,5348,9450
10916.602,5349,9451
10917.881,5350,9452
10923.586,5351,9453
10937.556,5352,9455
10937.731,5353,9456
10951.43,5354,9456
10951.491,5355,9456
10951.533,5356,9456
10952.138,5357,9456
10952.614,5358,9456
10957.906,5359,9456
10961.87,5360,9456
10962.751,5361,9456
10963.844,5362,9456
10964.15,5363,9456
10965.058,5364,9456
10969.034,5365,9456
10970.856,5366,9456
10972.124,5367,9456
10972.29,5368,9456
10974.485,5369,9456
10974.781,5370,9456
10975.371,5371,9456
10975.672,5372,9456
10977.376,5373,9457
10980.572,5374,9457
10981.603,5375,9457
10984.38,5376,9457
10985.609,5377,9457
10994.906,5378,9458
10995.114,5379,9459
10995.93,5380,9459
11000.665,5381,9460
11007.319,5382,9460
11007.341,5383,9460
11007.418,5384,9460
11012.154,5385,9460
11016.098,5386,9460
11016.372,5387,9461
11016.745,5388,9461
11024.7,5389,9461
11030.072,5390,9461
11031.115,5391,9461
11031.836,5392,9461
11034.006,5393,9461
11034.062,5394,9461
11041.989,5395,9462
11045.598,5396,9463
11045.727,5397,9464
11046.016,5398,9464
11047.178,5399,9464
11047.325,5400,9464
11050.769,5401,9466
11051.39,5402,9468
11051.529,5403,9469
11071.382,5404,9469
11074.545,5405,9470
11085.278,5406,9471
11087.832,5407,9472
11089.066,5408,9472
11089.125,5409,9472
11089.901,5410,9472
11090.109,5411,9472
11091.845,5412,9472
11094.687,5413,9472
11108.992,5414,9472
11115.601,5415,9472
11135.595,5416,9473
11135.626,5417,9473
11136.197,5418,9473
11138.491,5419,9474
11138.832,5420,9474
11142.383,5421,9475
11144.129,5422,9476
11144.755,5423,9477
11146.423,5424,9477
11148.476,5425,9478
11148.776,5426,9478
11149.151,5427,9478
11150.601,5428,9478
11153.21,5429,9479
11154.747,5430,9480
11184.734,5431,9480
11186.032,5432,9480
11187.71,5433,9480
11187.723,5434,9480
11189.287,5435,9482
11189.979,5436,9482
11192.272,5437,9482
11193.512,5438,9482
11196.432,5439,9483
11204.046,5440,9483
11210.191,5441,9483
11211.158,5442,9483
11212.635,5443,9483
11213.71,5444,9483
11214.635,5445,9483
11215.231,5446,9483
11216.038,5447,9483
11217.266,5448,9483
11228.936,5449,9483
11232.628,5450,9483
11243.188,5451,9484
11243.721,5452,9484
11245.427,5453,9484
11248.183,5454,9484
11250.907,5455,9484
11252.223,5456,9484
11273.391,5457,9484
11274.063,5458,9484
11278.566,5459,9485
11279.666,5460,9485
11280.636,5461,9487
11283.156,5462,9489
11285.077,5463,9489
11286.809,5464,9491
11287.93,5465,9491
11289.748,5466,9492
11293.291,5467,9492
11296.232,5468,9493
11301.492,5469,9494
11302.411,5470,9495
11305.45,5471,9495
11306.484,5472,9495
11307.094,5473,9495
11308.138,5474,9495
11309.675,5475,9495
11310.21,5476,9495
11310.898,5477,9495
11316.185,5478,9495
11323.476,5479,9495
11326.872,5480,9495
11331.513,5481,9495
11333.42,5482,9495
11334.673,5483,9495
11336.287,5484,9495
11338.924,5485,9495
11346.321,5486,9495
11347.217,5487,9495
11348.888,5488,9497
11349.005,5489,9498
11349.043,5490,9499
11350.09,5491,9499
11354.648,5492,9500
11355.44,5493,9500
11358.461,5494,9501
11359.55,5495,9502
11362.055,5496,9503
11368.191,5497,9503
11368.213,5498,9503
11378.775,5499,9504
11380.924,5500,9505
11381.848,5501,9506
11383.213,5502,9506
11383.345,5503,9506
11383.515,5504,9506
11389.307,5505,9509
11389.863,5506,9510
11390.699,5507,9511
11392.459,5508,9512
11399.803,5509,9512
11401.019,5510,9515
11402.037,5511,9516
11408.556,5512,9516
11412.578,5513,9516
11433.928,5514,9517
11434.316,5515,9517
11434.556,5516,9518
11434.7,5517,9518
11437.101,5518,9519
11437.477,5519,9520
11439.333,5520,9520
11441.226,5521,9520
11443.627,5522,9522
11449.175,5523,9522
11452.774,5524,9524
11459.44,5525,9524
11459.812,5526,9526
11461.732,5527,9529
11461.751,5528,9531
11461.827,5529,9531
11461.868,5530,9531
11461.885,5531,9531
11461.909,5532,9535
11461.935,5533,9537
11462.04,5534,9538
11462.089,5535,9540
11462.18,5536,9543
11462.916,5537,9545
11463.254,5538,9546
11464.586,5539,9546
11468.621,5540,9546
11471.596,5541,9546
11473.825,5542,9546
11474.131,5543,9547
11476.121,5544,9549
11479.469,5545,9550
11488.827,5546,9551
11489.132,5547,9551
11499.288,5548,9551
11500.362,5549,9551
11502.89,5550,9551
11503.207,5551,9551
11503.832,5552,9559
11506.173,5553,9560
11508.56,5554,9560
11515.754,5555,9562
11517.411,5556,9564
11517.585,5557,9564
11523.148,5558,9564
11532.277,5559,9570
11534.101,5560,9570
11534.348,5561,9570
11534.897,5562,9570
11539.922,5563,9570
11541.587,5564,9570
11542.928,5565,9571
11544.509,5566,9571
11545.263,5567,9571
11547.47,5568,9573
11551.65,5569,9573
11564.953,5570,9573
11569.324,5571,9573
11569.385,5572,9573
11569.452,5573,9574
11569.813,5574,9574
11570.095,5575,9575
11570.126,5576,9576
11570.147,5577,9576
11570.244,5578,9577
11571.127,5579,9577
11571.194,5580,9577
11571.338,5581,9577
11572.82,5582,9578
11574.44,5583,9578
11576.518,5584,9579
11577.174,5585,9580
11577.643,5586,9581
11579.309,5587,9582
11583.44,5588,9583
11583.923,5589,9584
11585.665,5590,9584
11585.871,5591,9585
11588.439,5592,9586
11588.877,5593,9586
11589.429,5594,9586
11594.135,5595,9587
11595.755,5596,9588
11596.382,5597,9588
11599.686,5598,9588
11602.874,5599,9589
11603.343,5600,9589
11605.972,5601,9589
11606.448,5602,9589
11606.811,5603,9589
11610.048,5604,9589
11611.14,5605,9589
11612.743,5606,9589
11618.687,5607,9589
11620.634,5608,9589
11629.972,5609,9590
11630.607,5610,9590
11630.985,5611,9590
11637.545,5612,9590
11641.108,5613,9590
11647.017,5614,9593
11672.762,5615,9594
11672.825,5616,9595
11677.336,5617,9596
11680.168,5618,9596
11680.426,5619,9597
11691.039,5620,9597
11693.646,5621,9598
11694.299,5622,9598
11697.106,5623,9598
11697.422,5624,9598
11698.339,5625,9598
11738.042,5626,9598
11738.251,5627,9598
11739.082,5628,9598
11740.42,5629,9598
11740.782,5630,9598
11741.966,5631,9598
11742.168,5632,9598
11752.923,5633,9598
11753.708,5634,9598
11758.044,5635,9598
11762.894,5636,9598
11767.817,5637,9598
11768.13,5638,9599
11768.396,5639,9599
11768.591,5640,9601
11768.773,5641,9601
11771.289,5642,9602
11771.391,5643,9602
11773.747,5644,9602
11780.413,5645,9602
11781.169,5646,9604
11792.729,5647,9604
11793.156,5648,9604
11793.985,5649,9605
11794.124,5650,9605
11794.655,5651,9605
11796.223,5652,9605
11796.456,5653,9606
11811.683,5654,9607
11816.128,5655,9607
11816.518,5656,9607
11816.673,5657,9607
11817.667,5658,9608
11818.184,5659,9608
11820.229,5660,9608
11833.811,5661,9608
11834.805,5662,9608
11840.496,5663,9608
11842.558,5664,9608
11843.389,5665,9608
11851.211,5666,9608
11851.358,5667,9612
11851.79,5668,9613
11853.032,5669,9613
11853.417,5670,9613
11855.18,5671,9614
11856.713,5672,9614
11859.18,5673,9615
11863.958,5674,9615
11865.251,5675,9616
11867.837,5676,9616
11871.662,5677,9616
11873.806,5678,9616
11873.873,5679,9616
11874.081,5680,9616
11874.4,5681,9616
11879.255,5682,9616
11880.114,5683,9616
11883.855,5684,9616
11889.577,5685,9617
11897.274,5686,9617
11899.658,5687,9617
11901.005,5688,9617
11903.474,5689,9617
11904.507,5690,9617
11908.768,5691,9617
11911.81,5692,9617
11912.973,5693,9618
11916.558,5694,9620
11924.681,5695,9620
11924.697,5696,9620
11928.335,5697,9620
11928.388,5698,9620
11928.475,5699,9620
11928.948,5700,9620
11932.121,5701,9620
11946.571,5702,9620
11949.781,5703,9620
11958.801,5704,9621
11958.845,5705,9621
11959.421,5706,9621
11978.951,5707,9622
11979.522,5708,9622
11979.988,5709,9623
11988.72,5710,9623
11989.293,5711,9623
11990.452,5712,9623
11990.728,5713,9623
11999.525,5714,9636
12003.743,5715,9637
12004.641,5716,9637
12008.549,5717,9637
12015.802,5718,9637
12016.312,5719,9637
12020.672,5720,9637
12021.318,5721,9637
12025.837,5722,9637
12043.504,5723,9637
12046.017,5724,9638
12053.628,5725,9638
12054.751,5726,9639
12054.965,5727,9640
12068.798,5728,9640
12071.232,5729,9640
12079.401,5730,9640
12089.387,5731,9640
12091.127,5732,9640
12092.81,5733,9640
12094.945,5734,9642
12095.12,5735,9642
12095.197,5736,9642
12095.612,5737,9642
12095.672,5738,9642
12095.738,5739,9642
12096.49,5740,9642
12098.835,5741,9642
12099.298,5742,9642
12115.37,5743,9642
12117.817,5744,9642
12118.088,5745,9643
12118.868,5746,9643
12119.946,5747,9643
12136.501,5748,9643
12136.898,5749,9643
12137.944,5750,9643
12150.692,5751,9643
12152.079,5752,9643
12152.134,5753,9643
12152.734,5754,9643
12152.937,5755,9644
12158.673,5756,9644
12164.29,5757,9644
12171.053,5758,9644
12180.761,5759,9645
12181.022,5760,9646
12181.262,5761,9646
12193.13,5762,9647
12193.647,5763,9647
12203.985,5764,9647
12204.253,5765,9647
12204.573,5766,9648
12207.752,5767,9648
12208.988,5768,9648
12209.938,5769,9648
12212.383,5770,9648
12213.374,5771,9648
12214.102,5772,9648
12214.337,5773,9648
12223.003,5774,9648
12226.218,5775,9648
12229.824,5776,9648
12230.483,5777,9648
12230.641,5778,9648
12240.573,5779,9648
12241.029,5780,9649
12241.32,5781,9674
12241.747,5782,9678
12242.092,5783,9680
12242.767,5784,9681
12243.112,5785,9683
12243.316,5786,9683
12243.416,5787,9683
12244.156,5788,9684
12250.563,5789,9684
12254.496,5790,9684
12255.276,5791,9684
12255.544,5792,9684
12255.868,5793,9684
12257.912,5794,9684
12258.619,5795,9684
12270.462,5796,9685
12270.496,5797,9685
12270.747,5798,9685
12271.404,5799,9685
12273.106,5800,9685
12275.379,5801,9685
12275.414,5802,9685
12276.254,5803,9685
12277.655,5804,9685
12279.493,5805,9685
12280.913,5806,9685
12283.546,5807,9685
12284.856,5808,9685
12285.201,5809,9685
12292.07,5810,9685
12293.27,5811,9685
12295.343,5812,9685
12302.395,5813,9685
12305.235,5814,9686
12306.54,5815,9686
12310.342,5816,9686
12310.492,5817,9686
12317.087,5818,9686
12322.317,5819,9686
12323.84,5820,9687
12330.513,5821,9689
12330.561,5822,9690
12330.786,5823,9691
12331.424,5824,9692
12335.127,5825,9692
12336.453,5826,9692
12348.899,5827,9692
12354.328,5828,9692
12356.079,5829,9692
12357.362,5830,9692
12359.615,5831,9692
12360.043,5832,9692
12370.131,5833,9693
12372.787,5834,9693
12383.859,5835,9693
12384.654,5836,9693
12386.553,5837,9696
12387.864,5838,9697
12388.743,5839,9698
12390.821,5840,9703
12392.273,5841,9704
12393.772,5842,9704
12396.112,5843,9704
12396.225,5844,9704
12397.081,5845,9705
12397.494,5846,9705
12399.107,5847,9705
12399.183,5848,9705
12400.387,5849,9707
12404.975,5850,9707
12405.064,5851,9708
12413.848,5852,9710
12417.328,5853,9710
12417.419,5854,9710
12428.173,5855,9710
12428.709,5856,9710
12431.905,5857,9710
12434.244,5858,9711
12435.609,5859,9711
12443.979,5860,9711
12447.468,5861,9711
12453.765,5862,9711
12455.127,5863,9711
12458.003,5864,9711
12459.202,5865,9711
12461.275,5866,9711
12468.64,5867,9711
12470.543,5868,9712
12471.351,5869,9712
12475.489,5870,9713
12476.63,5871,9714
12476.782,5872,9714
12477.233,5873,9715
12479.93,5874,9716
12482.18,5875,9719
12482.914,5876,9720
12487.755,5877,9720
12490.896,5878,9720
12502.161,5879,9720
12502.918,5880,9722
12504.559,5881,9724
12505.603,5882,9724
12517.446,5883,9724
12519.421,5884,9724
12527.778,5885,9724
12527.848,5886,9724
12541.308,5887,9724
12543.033,5888,9724
12544.928,5889,9724
12545.812,5890,9724
12546.026,5891,9724
12547.175,5892,9724
12547.445,5893,9724
12548.888,5894,9724
12557.126,5895,9724
12558.81,5896,9724
12568.34,5897,9725
12569.98,5898,9725
12585.457,5899,9725
12587.614,5900,9726
12589.234,5901,9727
12589.347,5902,9727
12589.456,5903,9728
12590.793,5904,9729
12591.197,5905,9730
12599.568,5906,9730
12599.861,5907,9732
12612.18,5908,9733
12619.535,5909,9733
12619.962,5910,9733
12626.465,5911,9733
12626.479,5912,9734
12639.585,5913,9734
12651.784,5914,9734
12653.862,5915,9734
12656.669,5916,9734
12667.13,5917,9734
12670.383,5918,9735
12670.421,5919,9735
12671.464,5920,9735
12671.562,5921,9736
12677.051,5922,9736
12680.803,5923,9736
12684.836,5924,9736
12688.8,5925,9736
12696.232,5926,9736
12700.426,5927,9736
12700.713,5928,9737
12700.874,5929,9737
12700.969,5930,9737
12701.34,5931,9738
12704.681,5932,9739
12710.889,5933,9740
12720.861,5934,9740
12724.336,5935,9740
12724.986,5936,9740
12726.426,5937,9741
12727.459,5938,9741
12729.823,5939,9741
12730.062,5940,9741
12731.016,5941,9741
12732.32,5942,9741
12747.331,5943,9741
12748.034,5944,9741
12752.221,5945,9741
12754.042,5946,9741
12758.372,5947,9741
12758.77,5948,9741
12764.704,5949,9741
12765.007,5950,9742
12770.607,5951,9742
12780.343,5952,9743
12780.945,5953,9745
12782.068,5954,9746
12783.045,5955,9747
12783.198,5956,9748
12790.585,5957,9749
12796.686,5958,9750
12797.598,5959,9751
12810.305,5960,9752
12829.607,5961,9752
12831.079,5962,9752
12834.595,5963,9753
12838.267,5964,9753
12839.125,5965,9753
12840.858,5966,9755
12846.023,5967,9757
12846.062,5968,9757
12846.4,5969,9758
12846.492,5970,9761
12847.346,5971,9762
12847.919,5972,9762
12848.329,5973,9762
12848.573,5974,9764
12848.759,5975,9765
12848.825,5976,9768
12849.694,5977,9768
12852.267,5978,9768
12852.589,5979,9769
12852.819,5980,9769
12852.909,5981,9770
12855.088,5982,9770
12855.203,5983,9770
12856.764,5984,9772
12859.133,5985,9773
12859.674,5986,9774
12864.319,5987,9774
12864.791,5988,9774
12864.906,5989,9774
12865.264,5990,9774
12868.74,5991,9775
12869.485,5992,9777
12870.333,5993,9777
12872.851,5994,9777
12875.697,5995,9777
12877.869,5996,9778
12877.911,5997,9779
12878.689,5998,9780
12881.928,5999,9781
12882.319,6000,9782
12883.953,6001,9784
12888.062,6002,9787
12889.54,6003,9788
12891.99,6004,9789
12896.347,6005,9790
12906.019,6006,9791
12921.041,6007,9791
12921.062,6008,9791
12923.942,6009,9791
12924.586,6010,9792
12928.04,6011,9792
12961.302,6012,9792
12962.324,6013,9792
12965.785,6014,9792
12966.281,6015,9792
12966.666,6016,9792
12972.125,6017,9792
12975.953,6018,9792
12984.684,6019,9792
12994.369,6020,9792
12996.172,6021,9793
12997.973,6022,9793
12999.382,6023,9793
13003.018,6024,9794
13003.265,6025,9794
13003.865,6026,9795
13004.404,6027,9797
13004.505,6028,9798
13006.878,6029,9798
13033.702,6030,9798
13043.737,6031,9798
13045.396,6032,9799
13055.07,6033,9799
13064.411,6034,9799
13065.02,6035,9799
13072.503,6036,9799
13080.53,6037,9799
13091.849,6038,9799
13099.629,6039,9801
13101.052,6040,9801
13111.43,6041,9801
13113.144,6042,9802
13115.673,6043,9802
13116.961,6044,9802
13118.222,6045,9802
13121.363,6046,9803
13122.836,6047,9803
13123.274,6048,9803
13123.587,6049,9803
13124.203,6050,9803
13125.014,6051,9803
13125.059,6052,9804
13128.507,6053,9804
13134.156,6054,9804
13146.34,6055,9804
13147.735,6056,9804
13147.792,6057,9804
13147.929,6058,9804
13148.372,6059,9804
13148.656,6060,9804
13149.163,6061,9804
13179.632,6062,9804
13182.347,6063,9804
13184.455,6064,9804
13185.178,6065,9804
13185.649,6066,9804
13187.127,6067,9804
13193.388,6068,9804
13197.15,6069,9805
13203.368,6070,9805
13209.677,6071,9805
13210.498,6072,9805
13230.492,6073,9805
13231.221,6074,9805
13236.813,6075,9805
13238.476,6076,9806
13238.729,6077,9806
13239.097,6078,9806
13240.644,6079,9806
13240.756,6080,9806
13240.967,6081,9806
13241.124,6082,9806
13242.084,6083,9806
13243.336,6084,9806
13245.357,6085,9806
13246.478,6086,9806
13247.91,6087,9806
13248.368,6088,9806
13248.489,6089,9806
13249.323,6090,9806
13252.005,6091,9806
13255.802,6092,9806
13265.941,6093,9809
13268.127,6094,9810
13271.458,6095,9810
13272.388,6096,9815
13277.839,6097,9815
13284.694,6098,9815
13284.823,6099,9815
13284.947,6100,9815
13285.244,6101,9815
13285.591,6102,9815
13286.669,6103,9815
13286.859,6104,9819
13287.13,6105,9819
13288.37,6106,9819
13289.678,6107,9819
13289.724,6108,9819
13290.694,6109,9819
13292.939,6110,9819
13294.216,6111,9819
13298.009,6112,9819
13298.578,6113,9819
13299.054,6114,9819
13302.823,6115,9819
13303.303,6116,9819
13306.559,6117,9819
13313.045,6118,9819
13314.147,6119,9819
13316.073,6120,9820
13317.731,6121,9820
13317.784,6122,9820
13338.628,6123,9820
13341.558,6124,9820
13341.591,6125,9820
13341.718,6126,9820
13346.548,6127,9820
13350.258,6128,9820
13362.966,6129,9820
13382.244,6130,9821
13382.688,6131,9822
13382.759,6132,9823
13383.468,6133,9824
13383.56,6134,9825
13383.614,6135,9826
13384.597,6136,9827
13415.959,6137,9827
13416.709,6138,9827
13419.244,6139,9827
13423.244,6140,9827
13425.278,6141,9827
13429.072,6142,9827
13437.252,6143,9827
13438.851,6144,9827
13441.499,6145,9827
13443.485,6146,9827
13444.749,6147,9827
13452.726,6148,9827
13453.278,6149,9830
13453.901,6150,9830
13454.497,6151,9830
13454.848,6152,9830
13458.051,6153,9830
13460.426,6154,9830
13462.363,6155,9830
13473.843,6156,9830
13475.905,6157,9830
13479.344,6158,9830
13486.127,6159,9830
13486.151,6160,9830
13486.853,6161,9831
13490.296,6162,9831
13496.873,6163,9832
13498.06,6164,9832
13502.07,6165,9832
13509.235,6166,9833
13538.676,6167,9833
13539.71,6168,9833
13539.967,6169,9833
13540.279,6170,9833
13544.933,6171,9833
13555.872,6172,9833
13558.683,6173,9833
13559.902,6174,9833
13560.7,6175,9833
13563.996,6176,9833
13566.31,6177,9833
13570.416,6178,9833
13583.866,6179,9833
13584.196,6180,9834
13584.375,6181,9834
13584.85,6182,9836
13588.005,6183,9836
13588.426,6184,9836
13589.353,6185,9836
13589.37,6186,9836
13590.693,6187,9836
13609.168,6188,9842
13614.255,6189,9842
13620.316,6190,9842
13631.319,6191,9842
13638.249,6192,9843
13639.285,6193,9844
13640.413,6194,9844
13663.696,6195,9844
13672.908,6196,9844
13708.166,6197,9845
13708.477,6198,9845
13708.671,6199,9845
13710.077,6200,9845
13716.588,6201,9845
13716.851,6202,9845
13718.832,6203,9845
13718.934,6204,9845
13718.953,6205,9845
13720.19,6206,9845
13722.765,6207,9845
13723.013,6208,9845
13723.046,6209,9845
13723.982,6210,9845
13726.561,6211,9845
13736.313,6212,9845
13737.471,6213,9845
13742.385,6214,9845
13742.503,6215,9845
13745.704,6216,9845
13746.013,6217,9845
13755.084,6218,9845
13757.772,6219,9895
13757.805,6220,9895
13758.349,6221,9896
13758.634,6222,9896
13758.676,6223,9896
13758.723,6224,9896
13759.385,6225,9896
13759.781,6226,9897
13762.168,6227,9898
13763.7,6228,9898
13764.224,6229,9898
13775.305,6230,9898
13795.494,6231,9898
13797.57,6232,9898
13800.324,6233,9898
13801.022,6234,9898
13801.813,6235,9898
13804.727,6236,9898
13809.335,6237,9898
13809.378,6238,9898
13818.436,6239,9899
13825.963,6240,9899
13826.691,6241,9899
13826.973,6242,9899
13831.868,6243,9899
13832.501,6244,9899
13832.765,6245,9899
13842.686,6246,9900
13843.738,6247,9900
13846.479,6248,9900
13848.762,6249,9900
13850.032,6250,9901
13854.23,6251,9901
13854.572,6252,9901
13856.26,6253,9901
13857.487,6254,9901
13861.186,6255,9901
13861.471,6256,9901
13862.948,6257,9901
13864.253,6258,9901
13865.72,6259,9903
13867.986,6260,9903
13872.576,6261,9903
13884.893,6262,9905
13895.696,6263,9905
13915.054,6264,9905
13916.376,6265,9905
13920.65,6266,9905
13921.694,6267,9905
13936.117,6268,9905
13936.883,6269,9905
13940.382,6270,9906
13947.119,6271,9906
13949.88,6272,9906
13966.9,6273,9906
13987.856,6274,9906
13987.973,6275,9906
13988.069,6276,9906
13988.776,6277,9906
13992.02,6278,9906
13994.113,6279,9913
13997.401,6280,9913
13997.908,6281,9914
13998.872,6282,9914
14020.052,6283,9914
14029.167,6284,9914
14045.613,6285,9914
14045.634,6286,9914
14045.648,6287,9914
14045.665,6288,9914
14045.686,6289,9914
14045.701,6290,9914
14045.718,6291,9914
14045.746,6292,9914
14045.771,6293,9914
14045.791,6294,9914
14047.557,6295,9914
14047.585,6296,9914
14048.428,6297,9914
14048.457,6298,9914
14050.732,6299,9914
14051.665,6300,9914
14051.754,6301,9914
14051.778,6302,9914
14053.172,6303,9914
14056.719,6304,9914
14057.058,6305,9914
14057.546,6306,9914
14058.779,6307,9914
14062.647,6308,9915
14074.966,6309,9916
14077.082,6310,9916
14082.056,6311,9916
14083.768,6312,9916
14087.962,6313,9916
14088.625,6314,9916
14105.48,6315,9916
14107.859,6316,9917
14118.971,6317,9918
14126.705,6318,9918
14126.912,6319,9918
14127.183,6320,9918
14128.807,6321,9918
14129.884,6322,9918
14130.248,6323,9920
14131.915,6324,9920
14133.746,6325,9920
14135.37,6326,9920
14149.916,6327,9920
14156.715,6328,9920
14157.834,6329,9920
14173.537,6330,9920
14173.916,6331,9920
14221.896,6332,9920
14222.254,6333,9921
14225.753,6334,9921
14234.912,6335,9921
14236.671,6336,9921
14251.524,6337,9921
14298.544,6338,9921
14299.063,6339,9921
14312.315,6340,9922
14329.725,6341,9922
14334.742,6342,9922
14339.772,6343,9922
14341.925,6344,9924
14342.309,6345,9924
14342.814,6346,9925
14343.143,6347,9925
14345.035,6348,9925
14345.508,6349,9926
14346.709,6350,9926
14347.348,6351,9926
14349.581,6352,9926
14350.451,6353,9927
14350.964,6354,9927
14352.008,6355,9927
14355.638,6356,9927
14356.919,6357,9928
14357.725,6358,9928
14358.941,6359,9931
14360.775,6360,9935
14363.388,6361,9935
14369.205,6362,9935
14374.803,6363,9935
14381.856,6364,9935
14398.702,6365,9936
14421.867,6366,9936
14421.924,6367,9936
14422.369,6368,9937
14431.902,6369,9937
14460.107,6370,9937
14463.384,6371,9937
14477.681,6372,9937
14481.556,6373,9937
14484.183,6374,9937
14503.843,6375,9937
14527.563,6376,9938
14528.149,6377,9938
14532.735,6378,9938
14534.582,6379,9940
14535.312,6380,9940
14539.513,6381,9940
14540.036,6382,9940
14542.743,6383,9941
14544.367,6384,9942
14547.667,6385,9943
14551.538,6386,9943
14553.266,6387,9945
14554.946,6388,9945
14592.529,6389,9945
14595.034,6390,9945
14604.314,6391,9946
14605.735,6392,9948
14620.547,6393,9949
14627.216,6394,9949
14643.613,6395,9949
14647.784,6396,9949
14647.969,6397,9949
14663.395,6398,9949
14702.606,6399,9951
14716.71,6400,9951
14731.391,6401,9951
14737.94,6402,9951
14739.195,6403,9954
14740.072,6404,9954
14763.227,6405,9954
14774.066,6406,9954
14814.892,6407,9954
14844.777,6408,9954
14880.138,6409,9956
14893.72,6410,9956
14897.559,6411,9956
14904.905,6412,9956
14906.115,6413,9956
14918.234,6414,9956
14920.098,6415,9957
14997.36,6416,9957
15013.654,6417,9957
15013.681,6418,9957
15013.878,6419,9957
15013.958,6420,9957
15013.991,6421,9957
15014.276,6422,9957
15014.402,6423,9957
15014.513,6424,9957
15014.741,6425,9957
15014.789,6426,9957
15014.818,6427,9957
15015.039,6428,9957
15021.189,6429,9957
15021.366,6430,9957
15021.453,6431,9957
15022.237,6432,9958
15022.549,6433,9958
15022.821,6434,9958
15063.692,6435,9958
15064.411,6436,9958
15066.373,6437,9958
15067.969,6438,9958
15100.521,6439,9960
15101.417,6440,9960
15101.446,6441,9961
15102.217,6442,9961
15102.601,6443,9961
15104.266,6444,9961
15105.067,6445,9961
15111.779,6446,9961
15133.698,6447,9961
15160.498,6448,9961
15173.907,6449,9963
15179.139,6450,9964
15179.274,6451,9964
15191.94,6452,9964
15192.035,6453,9977
15222.37,6454,9977
15260.233,6455,9979
15261.188,6456,9979
15267.618,6457,9979
15268.985,6458,9979
15269.072,6459,9979
15269.387,6460,9979
15269.65,6461,9979
15269.742,6462,9979
15271.199,6463,9979
15277.37,6464,9979
15279.535,6465,9979
15283.6,6466,9979
15292.331,6467,9979
15303.307,6468,9979
15307.585,6469,9979
15373.375,6470,9979
15374.146,6471,9979
15374.226,6472,9979
15376.419,6473,9979
15379.697,6474,9979
15383.366,6475,9979
15415.089,6476,9979
15416.982,6477,9979
15423.497,6478,9979
15423.733,6479,9979
15424.012,6480,9979
15433.953,6481,9979
15433.996,6482,9979
15439.539,6483,9979
15440.94,6484,9979
15440.964,6485,9979
15441.28,6486,9979
15447.268,6487,9979
15463.154,6488,9979
15469.315,6489,9979
15473.53,6490,9982
15475.268,6491,9982
15483.692,6492,9982
15511.534,6493,9982
15519.075,6494,9982
15519.181,6495,9983
15533.085,6496,9985
15547.157,6497,9985
15548.29,6498,9985
15552.078,6499,9985
15554.4,6500,9986
15555.336,6501,9987
15555.543,6502,9987
15555.873,6503,9988
15557.601,6504,9989
15557.804,6505,9989
15558.4,6506,9989
15575.866,6507,9990
15647.334,6508,9990
15661.924,6509,9990
15662.998,6510,9991
15681.817,6511,9992
15682.489,6512,9992
15683.55,6513,9992
15683.904,6514,9992
15684.457,6515,9992
15692.938,6516,9992
15696.559,6517,9993
15719.381,6518,9993
15732.808,6519,9996
15764.522,6520,9996
15765.682,6521,9996
15768.54,6522,9996
15777.599,6523,9996
15790.5,6524,9996
15790.531,6525,9996
15790.729,6526,9996
15802.046,6527,9997
15808.867,6528,9997
15809.015,6529,9997
15811.818,6530,9997
15812.801,6531,9997
15822.372,6532,9997
15829.071,6533,9997
15837.09,6534,9997
15837.178,6535,9997
15866.736,6536,9997
15866.999,6537,9997
15874.585,6538,9997
15874.619,6539,9997
15874.702,6540,9997
15891.028,6541,9997
15892.424,6542,9998
15910.064,6543,9998
15915.338,6544,9999
15917.214,6545,9999
15935.528,6546,9999
15948.438,6547,9999
15957.392,6548,10004
15972.233,6549,10004
16001.561,6550,10004
16034.609,6551,10004
16098.951,6552,10020
16099.635,6553,10020
16101.293,6554,10020
16101.54,6555,10020
16102.82,6556,10020
16106.34,6557,10020
16112.736,6558,10020
16120.04,6559,10020
16160.057,6560,10021
16160.208,6561,10021
16161.221,6562,10022
16162.829,6563,10023
16164.995,6564,10024
16165.724,6565,10024
16166.53,6566,10041
16168.822,6567,10041
16169.947,6568,10043
16173.469,6569,10043
16173.585,6570,10044
16174.887,6571,10045
16175.156,6572,10045
16177.53,6573,10055
16183.139,6574,10056
16185.339,6575,10057
16194.64,6576,10061
16197.194,6577,10061
16209.618,6578,10061
16222.565,6579,10061
16222.963,6580,10066
16223.388,6581,10066
16223.798,6582,10066
16223.822,6583,10066
16224.31,6584,10066
16226.965,6585,10067
16231.674,6586,10069
16235.552,6587,10069
16236.813,6588,10069
16237.789,6589,10069
16241.649,6590,10069
16242.527,6591,10069
16243.529,6592,10069
16247.017,6593,10069
16250.521,6594,10069
16256.836,6595,10069
16257.16,6596,10069
16257.214,6597,10069
16257.354,6598,10070
16257.48,6599,10070
16257.605,6600,10070
16262.139,6601,10070
16267.934,6602,10070
16268.268,6603,10070
16276.56,6604,10070
16281.781,6605,10070
16330.176,6606,10070
16330.306,6607,10072
16332.085,6608,10073
16332.457,6609,10074
16333.06,6610,10075
16335.493,6611,10080
16336.445,6612,10080
16337.926,6613,10082
16338.131,6614,10089
16338.939,6615,10092
16341.909,6616,10092
16342.087,6617,10093
16347.047,6618,10093
16348.553,6619,10094
16349.38,6620,10094
16349.462,6621,10094
16360.515,6622,10094
16361.855,6623,10094
16377.75,6624,10094
16377.891,6625,10095
16403.64,6626,10095
16404.771,6627,10095
16406.289,6628,10098
16410.573,6629,10098
16411.82,6630,10098
16415.304,6631,10098
16419.953,6632,10098
16427.874,6633,10098
16430.029,6634,10098
16437.897,6635,10100
16448.167,6636,10100
16448.767,6637,10102
16449.471,6638,10103
16452.881,6639,10106
16466.746,6640,10107
16467.854,6641,10107
16467.867,6642,10107
16468.551,6643,10108
16470.554,6644,10108
16498.858,6645,10109
16499.153,6646,10109
16503.209,6647,10109
16503.274,6648,10113
16503.429,6649,10113
16507.98,6650,10117
16511.081,6651,10117
16512.192,6652,10117
16523.634,6653,10117
16524.963,6654,10118
16529.513,6655,10118
16554.56,6656,10118
16555.395,6657,10118
16558.441,6658,10118
16558.865,6659,10118
16559.998,6660,10118
16560.018,6661,10118
16560.14,6662,10118
16563.182,6663,10118
16563.636,6664,10118
16564.602,6665,10118
16567.638,6666,10120
16568.4,6667,10121
16569.287,6668,10121
16573.121,6669,10121
16584.933,6670,10121
16587.894,6671,10121
16588.785,6672,10121
16589.141,6673,10121
16589.324,6674,10121
16589.52,6675,10121
16590.173,6676,10121
16595.184,6677,10121
16598.79,6678,10121
16607.671,6679,10121
16615.471,6680,10121
16627.571,6681,10121
16654.428,6682,10121
16672.868,6683,10121
16673.03,6684,10121
16691.974,6685,10121
16703.958,6686,10121
16711.093,6687,10122
16744.882,6688,10122
16748.764,6689,10122
16748.888,6690,10122
16776.31,6691,10123
16778.729,6692,10123
16779.696,6693,10123
16791.655,6694,10123
16792.335,6695,10123
16799.927,6696,10123
16800.171,6697,10123
16800.843,6698,10123
16810.235,6699,10123
16811.296,6700,10123
16812.813,6701,10123
16853.105,6702,10123
16862.369,6703,10123
16863.765,6704,10123
16871.242,6705,10123
16894.516,6706,10124
16894.925,6707,10126
16901.43,6708,10126
16902.898,6709,10126
16903.799,6710,10126
16904.417,6711,10126
16904.437,6712,10126
16912.628,6713,10126
16921.023,6714,10126
16988.671,6715,10126
17009.609,6716,10127
17009.943,6717,10127
17013.416,6718,10127
17040.112,6719,10127
17078.183,6720,10127
17078.548,6721,10127
17082.192,6722,10127
17106.803,6723,10129
17107.351,6724,10129
17111.43,6725,10129
17111.674,6726,10129
17112.19,6727,10130
17123.179,6728,10130
17125.323,6729,10131
17132.791,6730,10132
17139.391,6731,10132
17157.725,6732,10132
17159.334,6733,10132
17161.107,6734,10132
17178.847,6735,10132
17199.121,6736,10132
17205.677,6737,10132
17205.706,6738,10132
17211.671,6739,10132
17222.906,6740,10133
17225.536,6741,10134
17232.32,6742,10134
17259.844,6743,10134
17279.995,6744,10134
17283.128,6745,10134
17284.465,6746,10136
17304.063,6747,10136
17304.108,6748,10136
17304.583,6749,10136
17317.805,6750,10136
17331.882,6751,10136
17332.039,6752,10136
17332.855,6753,10136
17337.344,6754,10136
17350.317,6755,10136
17352.937,6756,10137
17355.981,6757,10137
17357.728,6758,10137
17379.528,6759,10137
17385.574,6760,10137
17389.985,6761,10138
17394.293,6762,10144
17420.104,6763,10144
17422.722,6764,10144
17424.487,6765,10144
17424.509,6766,10144
17425.58,6767,10145
17426.422,6768,10145
17426.972,6769,10145
17427.9,6770,10145
17437.132,6771,10145
17437.48,6772,10145
17439.346,6773,10145
17440.01,6774,10145
17441.24,6775,10146
17444.31,6776,10146
17444.573,6777,10146
17453.993,6778,10146
17471.172,6779,10146
17482.012,6780,10147
17495.203,6781,10147
17508.614,6782,10147
17538.962,6783,10147
17559.051,6784,10147
17579.974,6785,10147
17583.321,6786,10147
17593.9,6787,10148
17594.217,6788,10148
17594.361,6789,10148
17594.82,6790,10148
17606.548,6791,10150
17608.022,6792,10151
17608.093,6793,10152
17614.223,6794,10152
17614.517,6795,10152
17664.411,6796,10152
17678.949,6797,10152
17737.346,6798,10152
17765.56,6799,10152
17770.889,6800,10152
17774.491,6801,10152
17775.337,6802,10152
17788.514,6803,10152
17788.548,6804,10152
17789.062,6805,10152
17790.552,6806,10152
17796.691,6807,10165
17801.76,6808,10165
17802.691,6809,10168
17809.099,6810,10168
17812.347,6811,10168
17813.576,6812,10169
17833.773,6813,10169
17834.405,6814,10169
17839.918,6815,10169
17840.309,6816,10169
17843.893,6817,10170
17846.916,6818,10170
17910.777,6819,10170
17955.268,6820,10170
17955.293,6821,10170
17960.615,6822,10170
17965.587,6823,10170
17975.533,6824,10170
17979.049,6825,10171
17983.462,6826,10171
18000.016,6827,10171
18019.627,6828,10171
18020.456,6829,10171
18035.936,6830,10171
18126.796,6831,10171
18141.216,6832,10171
18154.847,6833,10171
18206.028,6834,10171
18220.038,6835,10172
18223.312,6836,10172
18236.946,6837,10172
18237.147,6838,10172
18238.586,6839,10172
18253.336,6840,10172
18253.555,6841,10172
18254.706,6842,10172
18264.503,6843,10172
18264.525,6844,10172
18308.104,6845,10172
18308.288,6846,10172
18311.799,6847,10172
18312.041,6848,10173
18312.096,6849,10176
18313.336,6850,10176
18315.953,6851,10177
18318.341,6852,10177
18318.941,6853,10177
18327.332,6854,10177
18333.553,6855,10178
18350.271,6856,10178
18443.263,6857,10178
18448.274,6858,10184
18449.976,6859,10185
18450.032,6860,10185
18451.758,6861,10185
18452.333,6862,10186
18453.935,6863,10187
18459.49,6864,10187
18481.217,6865,10187
18484.718,6866,10195
18486.065,6867,10195
18486.823,6868,10195
18487.773,6869,10195
18490.357,6870,10195
18494.954,6871,10195
18495.811,6872,10195
18498.058,6873,10196
18499.633,6874,10200
18499.896,6875,10200
18507.507,6876,10200
18510.094,6877,10200
18512.646,6878,10200
18516.553,6879,10200
18521.017,6880,10200
18533.261,6881,10200
18534.65,6882,10200
18534.88,6883,10200
18537.488,6884,10200
18540.83,6885,10200
18541.513,6886,10200
18557.957,6887,10200
18565.152,6888,10200
18565.198,6889,10200
18567.076,6890,10200
18568.057,6891,10200
18568.491,6892,10201
18569.594,6893,10201
18572.053,6894,10201
18572.556,6895,10201
18574.638,6896,10201
18576.108,6897,10201
18580.371,6898,10201
18582.261,6899,10201
18587.899,6900,10202
18589.872,6901,10202
18592.923,6902,10204
18598.821,6903,10204
18631.023,6904,10204
18631.199,6905,10204
18631.562,6906,10205
18631.58,6907,10206
18634.035,6908,10208
18634.119,6909,10208
18635.382,6910,10209
18636.294,6911,10210
18639.393,6912,10211
18640.32,6913,10212
18652.319,6914,10212
18652.907,6915,10213
18671.841,6916,10213
18673.089,6917,10213
18673.816,6918,10213
18673.89,6919,10213
18676.703,6920,10213
18688.2,6921,10213
18694.642,6922,10214
18695.31,6923,10215
18695.75,6924,10215
18705.893,6925,10215
18710.07,6926,10215
18721.544,6927,10215
18750.602,6928,10215
18807.211,6929,10215
18815.78,6930,10215
18816.776,6931,10215
18816.961,6932,10215
18817.777,6933,10215
18818.515,6934,10215
18822.053,6935,10215
18838.194,6936,10215
18895.665,6937,10215
18920.73,6938,10215
18928.352,6939,10215
18963.849,6940,10215
19008.687,6941,10215
19016.809,6942,10215
19019.977,6943,10215
19042.864,6944,10215
19046.208,6945,10215
19046.261,6946,10215
19046.318,6947,10215
19049.732,6948,10215
19052.94,6949,10215
19055.341,6950,10215
19055.697,6951,10215
19065.374,6952,10215
19083.937,6953,10215
19188.017,6954,10216
19225.333,6955,10216
19239.096,6956,10217
19240.825,6957,10218
19245.459,6958,10218
19259.713,6959,10218
19266.539,6960,10218
19292.295,6961,10218
19297.544,6962,10218
19312.834,6963,10218
19333.254,6964,10218
19333.304,6965,10218
19333.379,6966,10218
19340.679,6967,10218
19356.448,6968,10218
19386.295,6969,10218
19386.404,6970,10218
19388.795,6971,10218
19399.741,6972,10218
19400.868,6973,10218
19405.415,6974,10218
19431.22,6975,10222
19435.489,6976,10222
19436.589,6977,10224
19478.485,6978,10224
19479.885,6979,10224
19487.698,6980,10224
19502.124,6981,10224
19541.417,6982,10225
19601.916,6983,10225
19603.206,6984,10225
19614.083,6985,10225
19616.074,6986,10225
19643.899,6987,10225
19644.07,6988,10225
19645.621,6989,10225
19646.159,6990,10225
19649.087,6991,10225
19657.584,6992,10225
19671.5,6993,10225
19675.133,6994,10226
19700.561,6995,10226
19719.984,6996,10226
19734.854,6997,10227
19744.19,6998,10227
19749.781,6999,10228
19759.167,7000,10228
19765.052,7001,10228
19787.177,7002,10229
19796.67,7003,10256
19817.08,7004,10257
19830.632,7005,10259
19830.7,7006,10260
19871.152,7007,10260
19873.997,7008,10260
19882.955,7009,10264
19892.688,7010,10264
19909.137,7011,10264
19909.165,7012,10264
19909.311,7013,10264
19911.03,7014,10264
19911.274,7015,10264
19914.224,7016,10264
19917.651,7017,10264
19919.524,7018,10264
19920.69,7019,10264
19927.57,7020,10264
19931.143,7021,10264
19935.772,7022,10264
19940.889,7023,10264
19942.616,7024,10264
19943.689,7025,10264
19957.23,7026,10264
19958.829,7027,10264
19959.561,7028,10264
19962.254,7029,10264
19972.153,7030,10264
19978.868,7031,10264
20011.458,7032,10265
20011.7,7033,10265
20023.451,7034,10265
20026.202,7035,10265
20055.397,7036,10265
20075.324,7037,10265
20078.23,7038,10265
20153.659,7039,10265
20156.725,7040,10265
20164.743,7041,10266
20176.392,7042,10266
20177.178,7043,10266
20177.214,7044,10266
20177.448,7045,10266
20177.558,7046,10266
20178.338,7047,10266
20181.628,7048,10266
20181.983,7049,10266
20182.121,7050,10266
20187.542,7051,10266
20193.098,7052,10266
20196.596,7053,10266
20202.596,7054,10266
20202.749,7055,10266
20260.297,7056,10266
20271.949,7057,10266
20307.131,7058,10266
20313.819,7059,10266
20329.55,7060,10266
20345.039,7061,10266
20345.295,7062,10266
20362.661,7063,10267
20363.042,7064,10267
20364.534,7065,10267
20365.197,7066,10267
20366.093,7067,10267
20381.541,7068,10267
20382.912,7069,10267
20420.246,7070,10273
20421.716,7071,10274
20423.856,7072,10275
20428.22,7073,10275
20433.611,7074,10275
20436.865,7075,10275
20437.731,7076,10275
20440.512,7077,10275
20442.423,7078,10276
20448.942,7079,10282
20449.818,7080,10283
20486.135,7081,10284
20487.58,7082,10285
20499.07,7083,10285
20519.005,7084,10285
20519.09,7085,10285
20529.308,7086,10285
20531.427,7087,10285
20531.45,7088,10285
20531.809,7089,10285
20537.264,7090,10285
20542.028,7091,10285
20543.829,7092,10285
20551.593,7093,10285
20557.848,7094,10287
20559.091,7095,10287
20592.762,7096,10288
20631.931,7097,10288
20632.103,7098,10288
20636.79,7099,10288
20648.978,7100,10288
20685.907,7101,10288
20688.521,7102,10288
20692.025,7103,10288
20696.036,7104,10288
20696.128,7105,10288
20696.936,7106,10288
20718.223,7107,10288
20745.128,7108,10320
20747.089,7109,10321
20747.199,7110,10321
20747.433,7111,10322
20747.789,7112,10322
20747.921,7113,10322
20749.416,7114,10329
20749.833,7115,10329
20751.837,7116,10329
20754.233,7117,10330
20755.857,7118,10330
20756.289,7119,10330
20756.351,7120,10330
20756.401,7121,10330
20761.583,7122,10330
20761.756,7123,10330
20762.97,7124,10330
20769.064,7125,10336
20771.607,7126,10336
20773.976,7127,10336
20777.215,7128,10336
20797.133,7129,10336
20828.31,7130,10336
20829.016,7131,10336
20829.939,7132,10336
20830.044,7133,10336
20836.451,7134,10336
20837.488,7135,10336
20840.498,7136,10336
20842.218,7137,10336
20842.641,7138,10336
20845.612,7139,10336
20850.072,7140,10336
20857.253,7141,10336
20875.503,7142,10338
20885.038,7143,10339
20885.154,7144,10339
20908.08,7145,10339
20939.504,7146,10339
20945.943,7147,10339
20979.122,7148,10339
20983.736,7149,10339
20989.238,7150,10339
20991.062,7151,10339
20996.125,7152,10339
21012.754,7153,10339
21027.562,7154,10341
21028.063,7155,10341
21028.465,7156,10343
21029.322,7157,10346
21035.217,7158,10349
21035.607,7159,10350
21036.809,7160,10352
21036.986,7161,10352
21045.452,7162,10353
21067.425,7163,10353
21068.657,7164,10353
21077.638,7165,10356
21078.361,7166,10356
21087.968,7167,10356
21089.537,7168,10356
21109.798,7169,10356
21125.474,7170,10356
21126.401,7171,10356
21171.615,7172,10356
21181.514,7173,10357
21182.157,7174,10357
21183.548,7175,10358
21187.928,7176,10358
21187.99,7177,10358
21194.555,7178,10359
21198.711,7179,10360
21232.376,7180,10360
21240.885,7181,10363
21256.353,7182,10363
21269.289,7183,10363
21280.865,7184,10363
21291.707,7185,10363
21295.534,7186,10363
21299.595,7187,10363
21337.441,7188,10368
21338.879,7189,10368
21358.464,7190,10368
21373.33,7191,10368
21377.561,7192,10369
21404.45,7193,10369
21405.295,7194,10369
21407.0,7195,10369
21407.399,7196,10369
21408.982,7197,10369
21416.998,7198,10369
21418.262,7199,10369
21419.136,7200,10369
21420.64,7201,10369
21426.775,7202,10369
21438.357,7203,10369
21441.144,7204,10370
21451.885,7205,10370
21453.336,7206,10370
21453.361,7207,10370
21479.154,7208,10370
21479.213,7209,10370
21480.271,7210,10370
21481.571,7211,10370
21483.53,7212,10370
21486.522,7213,10370
21486.826,7214,10370
21492.574,7215,10370
21497.687,7216,10370
21498.802,7217,10370
21512.16,7218,10370
21587.803,7219,10371
21587.825,7220,10371
21590.992,7221,10371
21595.529,7222,10371
21595.626,7223,10371
21595.981,7224,10371
21618.941,7225,10371
21620.512,7226,10371
21620.562,7227,10371
21620.595,7228,10371
21621.016,7229,10371
21621.375,7230,10371
21637.069,7231,10371
21650.094,7232,10371
21665.599,7233,10371
21666.4,7234,10371
21669.21,7235,10371
21686.111,7236,10371
21686.95,7237,10371
21703.403,7238,10371
21715.319,7239,10371
21752.096,7240,10371
21802.2,7241,10371
21879.315,7242,10371
21900.895,7243,10371
21916.425,7244,10371
21918.104,7245,10371
21919.61,7246,10371
21920.229,7247,10371
21943.471,7248,10371
21971.934,7249,10372
21972.011,7250,10372
22030.402,7251,10372
22031.399,7252,10372
22031.756,7253,10372
22038.138,7254,10372
22058.225,7255,10372
22058.921,7256,10372
22058.945,7257,10372
22059.722,7258,10372
22062.679,7259,10372
22093.995,7260,10372
22094.514,7261,10372
22163.609,7262,10372
22164.639,7263,10373
22167.556,7264,10373
22174.479,7265,10373
22177.005,7266,10373
22184.825,7267,10373
22185.189,7268,10373
22187.321,7269,10373
22213.846,7270,10373
22224.065,7271,10373
22274.031,7272,10373
22338.361,7273,10374
22344.695,7274,10375
22377.349,7275,10375
22377.914,7276,10375
22402.628,7277,10375
22429.377,7278,10375
22429.628,7279,10375
22430.125,7280,10375
22465.284,7281,10376
22470.291,7282,10381
22502.583,7283,10381
22540.913,7284,10381
22551.558,7285,10381
22552.909,7286,10381
22588.034,7287,10381
22597.342,7288,10381
22616.33,7289,10381
22634.278,7290,10381
22634.406,7291,10381
22660.654,7292,10381
22675.105,7293,10382
22704.863,7294,10382
22720.778,7295,10382
22744.901,7296,10382
22747.344,7297,10382
22747.674,7298,10382
22748.588,7299,10382
22786.976,7300,10382
22788.377,7301,10383
22802.493,7302,10383
22806.034,7303,10384
22821.996,7304,10384
22822.546,7305,10384
22828.633,7306,10384
22884.785,7307,10384
22904.019,7308,10384
22917.318,7309,10384
22935.671,7310,10384
22935.938,7311,10384
22936.219,7312,10384
22937.372,7313,10384
22940.236,7314,10384
22942.358,7315,10384
22954.366,7316,10384
22959.162,7317,10384
22970.797,7318,10384
22972.107,7319,10384
22972.982,7320,10384
22993.33,7321,10385
22995.851,7322,10385
23009.46,7323,10385
23014.935,7324,10385
23050.43,7325,10385
23098.413,7326,10385
23118.27,7327,10385
23142.156,7328,10385
23142.189,7329,10385
23142.255,7330,10385
23143.907,7331,10385
23156.939,7332,10385
23163.904,7333,10385
23165.872,7334,10385
23178.121,7335,10385
23234.574,7336,10385
23256.799,7337,10385
23262.702,7338,10385
23266.544,7339,10385
23282.797,7340,10385
23304.75,7341,10385
23310.055,7342,10385
23321.066,7343,10385
23321.947,7344,10385
23326.043,7345,10385
23326.063,7346,10385
23326.108,7347,10385
23326.973,7348,10385
23327.428,7349,10385
23331.184,7350,10385
23331.355,7351,10385
23339.97,7352,10385
23345.329,7353,10386
23374.111,7354,10386
23400.832,7355,10386
23402.533,7356,10386
23404.031,7357,10386
23407.14,7358,10388
23441.202,7359,10388
23470.355,7360,10390
23480.59,7361,10390
23480.766,7362,10391
23490.064,7363,10391
23490.674,7364,10391
23492.088,7365,10391
23492.674,7366,10391
23502.083,7367,10391
23530.835,7368,10391
23539.182,7369,10391
23539.361,7370,10391
23539.907,7371,10391
23540.653,7372,10391
23541.225,7373,10391
23546.307,7374,10391
23584.433,7375,10391
23584.459,7376,10391
23587.924,7377,10392
23601.098,7378,10392
23662.043,7379,10393
23663.51,7380,10393
23679.124,7381,10394
23693.983,7382,10394
23699.542,7383,10394
23747.488,7384,10394
23750.813,7385,10394
23760.188,7386,10394
23761.01,7387,10394
23787.325,7388,10394
23797.543,7389,10394
23800.746,7390,10394
23801.11,7391,10394
23802.365,7392,10394
23810.209,7393,10394
23811.823,7394,10394
23813.801,7395,10394
23813.834,7396,10394
23817.141,7397,10394
23817.662,7398,10394
23817.674,7399,10394
23817.996,7400,10394
23819.771,7401,10394
23820.585,7402,10394
23822.176,7403,10394
23823.267,7404,10395
23824.274,7405,10395
23824.448,7406,10395
23824.481,7407,10395
23826.239,7408,10395
23826.861,7409,10395
23827.009,7410,10395
23827.258,7411,10395
23834.657,7412,10395
23835.533,7413,10395
23839.654,7414,10395
23842.596,7415,10395
23854.974,7416,10395
23855.251,7417,10395
23855.391,7418,10395
23863.93,7419,10395
23869.294,7420,10397
23869.737,7421,10397
23870.655,7422,10397
23871.74,7423,10397
23873.485,7424,10397
23874.959,7425,10397
23877.005,7426,10397
23884.64,7427,10397
23886.279,7428,10397
23916.988,7429,10397
23917.337,7430,10397
23918.56,7431,10397
23918.593,7432,10397
23918.797,7433,10397
23921.678,7434,10397
23924.372,7435,10397
23927.304,7436,10397
23933.03,7437,10397
23947.379,7438,10397
23959.814,7439,10397
23965.708,7440,10398
23971.359,7441,10398
23971.43,7442,10398
23971.96,7443,10398
23973.589,7444,10398
23979.288,7445,10398
23984.577,7446,10398
23986.088,7447,10406
23991.094,7448,10406
23993.887,7449,10406
23995.332,7450,10406
23999.867,7451,10406
24001.092,7452,10406
24013.305,7453,10406
24021.256,7454,10406
24022.919,7455,10406
24025.094,7456,10406
24025.404,7457,10406
24026.766,7458,10406
24027.627,7459,10406
24027.928,7460,10406
24056.956,7461,10406
24062.91,7462,10406
24069.347,7463,10406
24093.526,7464,10406
24120.015,7465,10406
24126.659,7466,10406
24127.028,7467,10406
24145.53,7468,10406
24146.001,7469,10406
24148.041,7470,10406
24148.697,7471,10406
24150.322,7472,10406
24152.477,7473,10406
24154.93,7474,10406
24156.302,7475,10406
24157.451,7476,10406
24160.645,7477,10409
24161.537,7478,10409
24162.446,7479,10409
24162.634,7480,10409
24163.793,7481,10409
24179.101,7482,10409
24179.847,7483,10409
24189.264,7484,10409
24192.209,7485,10409
24226.861,7486,10409
24232.22,7487,10409
24250.816,7488,10409
24282.275,7489,10409
24301.439,7490,10409
24301.879,7491,10409
24311.387,7492,10409
24311.479,7493,10409
24311.74,7494,10410
24312.221,7495,10410
24314.505,7496,10411
24317.909,7497,10411
24319.387,7498,10411
24331.015,7499,10411
24333.705,7500,10411
24345.352,7501,10411
24345.823,7502,10411
24347.066,7503,10411
24347.49,7504,10411
24348.452,7505,10411
24348.472,7506,10411
24356.897,7507,10411
24369.17,7508,10411
24386.904,7509,10411
24388.723,7510,10411
24398.617,7511,10411
24398.927,7512,10411
24399.101,7513,10411
24399.327,7514,10411
24400.106,7515,10411
24416.006,7516,10411
24431.897,7517,10411
24432.217,7518,10411
24432.423,7519,10411
24432.453,7520,10411
24440.157,7521,10411
24442.964,7522,10411
24444.669,7523,10411
24471.108,7524,10411
24473.949,7525,10411
24474.283,7526,10411
24499.092,7527,10411
24499.25,7528,10411
24499.41,7529,10411
24502.885,7530,10411
24511.67,7531,10411
24530.953,7532,10411
24536.931,7533,10411
24587.174,7534,10411
24588.986,7535,10411
24589.238,7536,10411
24591.725,7537,10411
24623.426,7538,10411
24636.392,7539,10411
24637.88,7540,10411
24639.557,7541,10411
24641.313,7542,10411
24654.134,7543,10411
24656.179,7544,10411
24661.597,7545,10412
24666.546,7546,10413
24666.639,7547,10413
24674.319,7548,10413
24675.859,7549,10413
24678.53,7550,10413
24691.481,7551,10413
24707.578,7552,10413
24708.991,7553,10413
24710.032,7554,10413
24711.635,7555,10413
24713.991,7556,10413
24714.317,7557,10413
24737.283,7558,10413
24745.377,7559,10415
24745.852,7560,10416
24747.746,7561,10416
24749.121,7562,10416
24751.663,7563,10417
24754.779,7564,10417
24771.524,7565,10417
24776.85,7566,10417
24786.322,7567,10417
24787.259,7568,10417
24788.157,7569,10417
24791.929,7570,10417
24802.47,7571,10417
24824.088,7572,10417
24825.664,7573,10417
24826.471,7574,10417
24851.373,7575,10417
24870.938,7576,10417
24876.752,7577,10418
24879.976,7578,10418
24880.656,7579,10418
24890.489,7580,10418
24890.811,7581,10418
24891.312,7582,10418
24892.682,7583,10418
24893.146,7584,10418
24894.265,7585,10419
24896.294,7586,10419
24896.473,7587,10419
24897.203,7588,10419
24897.842,7589,10419
24901.444,7590,10419
24909.928,7591,10419
24912.413,7592,10419
24913.718,7593,10419
24922.138,7594,10419
24926.051,7595,10419
24926.239,7596,10419
24930.656,7597,10419
24932.504,7598,10419
24936.025,7599,10419
24936.539,7600,10419
24936.662,7601,10419
24937.625,7602,10419
24938.735,7603,10419
24939.459,7604,10419
24944.953,7605,10419
24949.939,7606,10419
24957.345,7607,10419
24980.05,7608,10419
24981.22,7609,10419
24984.321,7610,10419
24986.37,7611,10419
25010.674,7612,10419
25011.067,7613,10419
25014.097,7614,10419
25015.228,7615,10419
25022.087,7616,10419
25023.605,7617,10419
25029.383,7618,10419
25036.702,7619,10419
25037.564,7620,10419
25038.177,7621,10419
25039.6,7622,10419
25042.02,7623,10419
25049.623,7624,10419
25049.873,7625,10419
25050.803,7626,10420
25051.365,7627,10420
25056.85,7628,10420
25061.373,7629,10420
25063.732,7630,10420
25066.505,7631,10420
25072.155,7632,10420
25072.17,7633,10420
25072.192,7634,10420
25074.27,7635,10420
25074.458,7636,10420
25074.58,7637,10420
25074.685,7638,10420
25079.061,7639,10420
25079.118,7640,10420
25091.253,7641,10420
25093.726,7642,10420
25094.708,7643,10420
25097.272,7644,10420
25099.149,7645,10420
25100.43,7646,10420
25120.125,7647,10420
25120.943,7648,10420
25121.006,7649,10420
25121.893,7650,10422
25124.296,7651,10422
25125.389,7652,10422
25126.011,7653,10422
25140.403,7654,10422
25147.067,7655,10422
25149.174,7656,10422
25152.143,7657,10422
25162.936,7658,10422
25162.956,7659,10422
25166.838,7660,10422
25167.006,7661,10422
25167.086,7662,10422
25167.31,7663,10422
25167.926,7664,10422
25181.425,7665,10422
25183.177,7666,10422
25184.057,7667,10422
25192.892,7668,10422
25193.306,7669,10422
25195.088,7670,10422
25195.179,7671,10422
25196.473,7672,10422
25210.907,7673,10422
25212.029,7674,10422
25213.055,7675,10422
25214.022,7676,10422
25218.068,7677,10422
25219.212,7678,10422
25225.541,7679,10422
25233.34,7680,10422
25238.934,7681,10422
25241.625,7682,10422
25241.954,7683,10422
25242.474,7684,10422
25243.167,7685,10422
25244.085,7686,10422
25244.188,7687,10422
25244.512,7688,10422
25247.481,7689,10422
25248.259,7690,10422
25248.323,7691,10422
25249.887,7692,10422
25252.837,7693,10422
25268.909,7694,10423
25272.39,7695,10428
25272.568,7696,10428
25282.25,7697,10428
25282.476,7698,10428
25294.198,7699,10428
25295.223,7700,10428
25297.764,7701,10428
25297.779,7702,10429
25297.812,7703,10429
25298.025,7704,10429
25298.084,7705,10429
25298.436,7706,10429
25298.46,7707,10429
25298.495,7708,10429
25298.834,7709,10429
25299.076,7710,10429
25299.14,7711,10429
25299.168,7712,10429
25299.279,7713,10429
25299.348,7714,10429
25299.492,7715,10429
25299.75,7716,10429
25300.109,7717,10429
25300.253,7718,10429
25300.368,7719,10429
25301.323,7720,10429
25301.444,7721,10429
25301.878,7722,10429
25302.461,7723,10429
25305.893,7724,10429
25305.968,7725,10429
25307.466,7726,10429
25307.709,7727,10430
25307.765,7728,10430
25309.678,7729,10430
25312.914,7730,10430
25313.047,7731,10430
25314.191,7732,10430
25316.041,7733,10431
25316.528,7734,10431
25317.369,7735,10431
25317.901,7736,10431
25318.709,7737,10431
25319.846,7738,10431
25326.238,7739,10431
25330.753,7740,10431
25330.853,7741,10431
25331.112,7742,10431
25331.736,7743,10431
25332.399,7744,10431
25332.67,7745,10431
25332.757,7746,10431
25333.102,7747,10431
25333.257,7748,10431
25334.055,7749,10431
25334.217,7750,10431
25334.919,7751,10431
25335.832,7752,10431
25336.437,7753,10431
25336.752,7754,10432
25337.692,7755,10432
25337.715,7756,10432
25341.071,7757,10432
25341.389,7758,10432
25342.131,7759,10432
25342.157,7760,10432
25346.031,7761,10432
25346.348,7762,10432
25347.952,7763,10432
25350.506,7764,10432
25351.09,7765,10432
25353.356,7766,10432
25354.08,7767,10432
25354.545,7768,10432
25355.106,7769,10432
25359.211,7770,10432
25360.141,7771,10432
25360.437,7772,10432
25369.334,7773,10432
25369.843,7774,10432
25370.603,7775,10432
25372.356,7776,10432
25372.595,7777,10432
25373.397,7778,10432
25374.986,7779,10432
25376.993,7780,10432
25383.494,7781,10432
25386.173,7782,10432
25391.857,7783,10432
25393.577,7784,10432
25401.02,7785,10432
25403.4,7786,10432
25407.164,7787,10432
25409.015,7788,10432
25411.329,7789,10432
25414.518,7790,10432
25414.807,7791,10432
25417.879,7792,10432
25419.389,7793,10432
25421.223,7794,10432
25433.631,7795,10432
25457.01,7796,10432
25459.648,7797,10432
25459.922,7798,10432
25464.277,7799,10432
25474.619,7800,10432
25486.044,7801,10432
25491.43,7802,10432
25492.212,7803,10432
25495.397,7804,10432
25495.412,7805,10432
25496.568,7806,10432
25496.759,7807,10432
25497.068,7808,10432
25497.764,7809,10432
25498.1,7810,10432
25498.556,7811,10432
25498.736,7812,10432
25499.572,7813,10432
25499.818,7814,10432
25500.791,7815,10432
25503.302,7816,10432
25506.183,7817,10432
25507.083,7818,10432
25508.549,7819,10432
25509.253,7820,10432
25512.142,7821,10432
25514.145,7822,10432
25514.44,7823,10432
25515.052,7824,10432
25515.391,7825,10432
25520.942,7826,10432
25521.852,7827,10432
25527.106,7828,10432
25529.295,7829,10432
25530.457,7830,10432
25533.597,7831,10432
25533.779,7832,10432
25541.994,7833,10432
25543.908,7834,10432
25545.473,7835,10432
25546.556,7836,10432
25548.75,7837,10432
25550.348,7838,10434
25552.569,7839,10434
25557.103,7840,10434
25565.002,7841,10434
25570.938,7842,10434
25575.365,7843,10434
25575.427,7844,10434
25576.504,7845,10434
25576.909,7846,10434
25576.924,7847,10434
25576.938,7848,10434
25580.214,7849,10434
25590.374,7850,10434
25590.413,7851,10434
25590.857,7852,10434
25591.194,7853,10434
25593.504,7854,10434
25597.906,7855,10434
25604.295,7856,10434
25609.826,7857,10434
25610.593,7858,10434
25621.628,7859,10434
25652.769,7860,10434
25672.51,7861,10434
25675.61,7862,10434
25675.688,7863,10434
25679.091,7864,10434
25712.388,7865,10434
25713.417,7866,10434
25720.627,7867,10434
25732.856,7868,10434
25775.419,7869,10434
25776.037,7870,10434
25776.056,7871,10434
25776.261,7872,10434
25776.304,7873,10434
25776.341,7874,10434
25776.621,7875,10434
25776.824,7876,10434
25777.696,7877,10434
25778.165,7878,10434
25778.369,7879,10434
25778.935,7880,10434
25778.985,7881,10434
25779.569,7882,10434
25779.989,7883,10434
25780.517,7884,10434
25780.873,7885,10434
25784.981,7886,10434
25785.668,7887,10434
25786.494,7888,10434
25788.156,7889,10434
25789.821,7890,10434
25790.296,7891,10434
25791.516,7892,10434
25791.769,7893,10434
25792.592,7894,10434
25795.646,7895,10434
25796.787,7896,10434
25808.094,7897,10434
25830.515,7898,10434
25831.972,7899,10434
25849.636,7900,10435
25851.862,7901,10435
25863.062,7902,10435
25863.987,7903,10435
25864.534,7904,10435
25865.406,7905,10435
25865.694,7906,10435
25871.118,7907,10435
25907.924,7908,10435
25978.8,7909,10435
26009.108,7910,10435
26011.644,7911,10435
26051.681,7912,10435
26051.845,7913,10435
26053.702,7914,10435
26054.432,7915,10435
26054.931,7916,10436
26061.559,7917,10436
26061.954,7918,10436
26071.881,7919,10436
26073.742,7920,10436
26087.834,7921,10437
26090.387,7922,10437
26103.794,7923,10437
26119.123,7924,10437
26123.306,7925,10437
26132.884,7926,10437
26135.888,7927,10437
26137.41,7928,10437
26141.746,7929,10437
26141.999,7930,10437
26142.514,7931,10437
26145.012,7932,10437
26147.786,7933,10437
26148.028,7934,10437
26149.941,7935,10437
26150.704,7936,10437
26169.276,7937,10437
26171.611,7938,10437
26173.52,7939,10437
26191.818,7940,10437
26192.454,7941,10437
26193.128,7942,10437
26202.198,7943,10437
26216.322,7944,10437
26216.681,7945,10438
26232.171,7946,10438
26236.451,7947,10438
26246.681,7948,10439
26250.023,7949,10440
26254.017,7950,10440
26256.48,7951,10440
26261.577,7952,10440
26276.459,7953,10440
26276.548,7954,10440
26277.921,7955,10440
26282.157,7956,10440
26298.199,7957,10440
26298.734,7958,10440
26298.795,7959,10440
26300.015,7960,10440
26300.6,7961,10440
26306.147,7962,10440
26308.817,7963,10440
26313.684,7964,10440
26315.833,7965,10440
26319.872,7966,10440
26320.6,7967,10440
26320.852,7968,10440
26340.908,7969,10440
26351.867,7970,10440
26352.6,7971,10440
26408.278,7972,10440
26408.692,7973,10440
26411.005,7974,10440
26441.226,7975,10440
26468.164,7976,10440
26477.044,7977,10440
26490.448,7978,10440
26503.471,7979,10440
26508.516,7980,10440
26508.638,7981,10440
26523.921,7982,10440
26524.908,7983,10440
26527.634,7984,10440
26552.361,7985,10440
26559.351,7986,10440
26563.346,7987,10440
26571.504,7988,10440
26572.607,7989,10440
26574.392,7990,10440
26579.344,7991,10440
26579.916,7992,10440
26585.125,7993,10440
26607.697,7994,10440
26618.177,7995,10440
26620.291,7996,10440
26620.36,7997,10440
26621.199,7998,10440
26621.493,7999,10440
26641.699,8000,10440
26641.764,8001,10440
26643.531,8002,10440
26647.548,8003,10440
26667.874,8004,10440
26676.305,8005,10440
26677.655,8006,10440
26677.762,8007,10440
26714.381,8008,10440
26715.869,8009,10440
26718.626,8010,10440
26729.799,8011,10440
26729.818,8012,10441
26748.274,8013,10441
26764.297,8014,10441
26785.346,8015,10441
26785.949,8016,10441
26787.95,8017,10441
26793.981,8018,10441
26812.59,8019,10441
26818.933,8020,10441
26826.74,8021,10441
26830.969,8022,10441
26838.33,8023,10441
26839.061,8024,10445
26841.33,8025,10445
26841.342,8026,10462
26841.707,8027,10462
26841.719,8028,10462
26841.745,8029,10464
26841.76,8030,10464
26841.793,8031,10464
26841.817,8032,10466
26841.878,8033,10469
26842.032,8034,10470
26842.143,8035,10471
26842.185,8036,10497
26842.209,8037,10499
26842.313,8038,10503
26842.388,8039,10504
26842.422,8040,10506
26842.512,8041,10507
26842.715,8042,10507
26842.734,8043,10514
26842.911,8044,10515
26842.969,8045,10515
26843.05,8046,10520
26843.126,8047,10521
26843.16,8048,10521
26843.212,8049,10521
26843.289,8050,10522
26843.614,8051,10523
26843.657,8052,10524
26843.701,8053,10525
26843.859,8054,10532
26843.919,8055,10534
26844.135,8056,10535
26844.185,8057,10536
26844.246,8058,10538
26844.374,8059,10541
26844.401,8060,10542
26844.523,8061,10546
26844.608,8062,10548
26844.659,8063,10554
26844.984,8064,10555
26845.062,8065,10555
26845.214,8066,10558
26845.45,8067,10560
26845.606,8068,10561
26845.85,8069,10561
26845.925,8070,10564
26846.162,8071,10565
26846.199,8072,10566
26846.219,8073,10566
26846.26,8074,10568
26846.404,8075,10568
26846.825,8076,10568
26847.838,8077,10568
26847.865,8078,10568
26847.914,8079,10568
26848.321,8080,10568
26848.497,8081,10569
26848.663,8082,10570
26848.707,8083,10570
26849.008,8084,10572
26849.028,8085,10572
26849.751,8086,10572
26850.687,8087,10573
26851.043,8088,10574
26851.504,8089,10574
26852.435,8090,10575
26852.45,8091,10577
26853.718,8092,10578
26853.973,8093,10578
26854.329,8094,10580
26854.595,8095,10580
26857.096,8096,10580
26857.661,8097,10580
26858.495,8098,10580
26858.988,8099,10582
26859.784,8100,10582
26860.092,8101,10582
26862.065,8102,10582
26862.738,8103,10583
26862.767,8104,10583
26863.481,8105,10584
26864.108,8106,10584
26865.809,8107,10584
26869.192,8108,10585
26869.231,8109,10585
26871.85,8110,10585
26872.661,8111,10585
26874.775,8112,10585
26888.866,8113,10585
26888.895,8114,10585
26889.798,8115,10585
26890.386,8116,10585
26890.408,8117,10586
26892.363,8118,10587
26892.776,8119,10588
26893.494,8120,10593
26895.552,8121,10594
26896.501,8122,10598
26897.237,8123,10601
26897.497,8124,10602
26903.194,8125,10603
26912.803,8126,10603
26917.122,8127,10604
26917.252,8128,10605
26917.466,8129,10605
26923.069,8130,10605
26924.951,8131,10605
26926.675,8132,10606
26929.094,8133,10606
26929.32,8134,10607
26934.07,8135,10608
26936.701,8136,10609
26938.396,8137,10609
26938.582,8138,10612
26941.503,8139,10612
26943.084,8140,10612
26943.959,8141,10612
26945.251,8142,10612
26947.951,8143,10612
26948.579,8144,10619
26951.179,8145,10619
26956.38,8146,10619
26957.732,8147,10620
26958.126,8148,10620
26960.006,8149,10621
26960.49,8150,10621
26962.319,8151,10622
26963.092,8152,10623
26972.084,8153,10626
26978.386,8154,10626
26987.007,8155,10629
26987.843,8156,10630
26993.553,8157,10630
26995.998,8158,10631
27006.199,8159,10631
27009.577,8160,10632
27010.036,8161,10633
27010.168,8162,10643
27010.62,8163,10644
27010.888,8164,10646
27011.204,8165,10648
27013.456,8166,10649
27013.66,8167,10649
27014.311,8168,10649
27016.007,8169,10649
27019.757,8170,10649
27020.568,8171,10649
27021.79,8172,10649
27026.049,8173,10649
27026.986,8174,10649
27030.003,8175,10649
27045.748,8176,10650
27048.452,8177,10651
27048.88,8178,10652
27051.298,8179,10652
27054.23,8180,10659
27060.751,8181,10659
27063.637,8182,10660
27070.27,8183,10660
27076.98,8184,10661
27086.879,8185,10662
27087.969,8186,10662
27096.432,8187,10662
27096.97,8188,10662
27104.797,8189,10662
27108.114,8190,10663
27109.226,8191,10664
27109.611,8192,10665
27113.306,8193,10668
27129.001,8194,10669
27129.358,8195,10671
27135.392,8196,10671
27137.423,8197,10671
27141.222,8198,10672
27142.224,8199,10672
27153.907,8200,10672
27157.818,8201,10673
27160.729,8202,10673
27163.062,8203,10675
27172.204,8204,10676
27175.36,8205,10676
27175.518,8206,10677
27176.454,8207,10678
27177.074,8208,10678
27179.873,8209,10679
27180.944,8210,10681
27182.912,8211,10681
27211.52,8212,10681
27212.263,8213,10681
27212.488,8214,10683
27212.988,8215,10683
27213.222,8216,10683
27214.061,8217,10683
27216.838,8218,10683
27219.559,8219,10684
27220.107,8220,10684
27224.853,8221,10684
27226.98,8222,10684
27233.926,8223,10685
27235.27,8224,10685
27235.355,8225,10685
27241.524,8226,10685
27254.383,8227,10685
27261.106,8228,10686
27261.123,8229,10687
27266.828,8230,10687
27267.331,8231,10687
27273.134,8232,10687
27276.899,8233,10687
27282.088,8234,10688
27282.819,8235,10690
27283.824,8236,10691
27288.402,8237,10692
27291.148,8238,10692
27307.358,8239,10698
27313.12,8240,10698
27313.272,8241,10698
27319.905,8242,10699
27319.999,8243,10699
27320.36,8244,10701
27331.716,8245,10701
27332.56,8246,10701
27332.978,8247,10701
27336.843,8248,10702
27341.435,8249,10703
27350.15,8250,10703
27367.957,8251,10703
27368.186,8252,10703
27368.929,8253,10703
27370.265,8254,10703
27384.746,8255,10703
27391.111,8256,10704
27394.728,8257,10704
27398.366,8258,10704
27401.326,8259,10704
27407.767,8260,10704
27408.639,8261,10704
27408.772,8262,10704
27410.622,8263,10704
27430.311,8264,10704
27435.589,8265,10705
27452.073,8266,10705
27471.221,8267,10705
27471.519,8268,10705
27480.445,8269,10705
27480.775,8270,10705
27480.908,8271,10705
27482.303,8272,10705
27487.733,8273,10710
27548.031,8274,10711
27548.108,8275,10712
27549.711,8276,10712
27550.377,8277,10715
27554.903,8278,10715
27555.018,8279,10715
27579.491,8280,10715
27580.163,8281,10715
27583.09,8282,10716
27584.56,8283,10716
27588.562,8284,10716
27607.442,8285,10716
27607.623,8286,10716
27608.567,8287,10716
27613.06,8288,10716
27614.884,8289,10716
27619.484,8290,10716
27620.731,8291,10716
27627.905,8292,10716
27628.078,8293,10717
27628.731,8294,10717
27682.063,8295,10717
27705.108,8296,10717
27705.354,8297,10717
27706.374,8298,10717
27707.137,8299,10717
27708.668,8300,10717
27712.72,8301,10717
27731.768,8302,10717
27754.968,8303,10717
27756.309,8304,10720
27756.568,8305,10720
27756.998,8306,10720
27760.223,8307,10720
27770.05,8308,10720
27770.892,8309,10720
27775.953,8310,10721
27778.382,8311,10721
27778.809,8312,10721
27779.234,8313,10721
27779.704,8314,10721
27784.245,8315,10722
27784.511,8316,10722
27786.05,8317,10722
27787.249,8318,10723
27788.78,8319,10723
27799.236,8320,10723
27800.395,8321,10723
27820.315,8322,10724
27820.946,8323,10724
27824.315,8324,10724
27824.72,8325,10724
27824.813,8326,10724
27827.028,8327,10726
27828.788,8328,10726
27834.711,8329,10726
27837.936,8330,10728
27845.205,8331,10728
27845.771,8332,10728
27856.105,8333,10728
27856.892,8334,10728
27866.753,8335,10728
27866.78,8336,10728
27869.988,8337,10729
27871.183,8338,10729
27875.459,8339,10729
27876.123,8340,10729
27883.16,8341,10737
27884.337,8342,10737
27885.652,8343,10737
27890.983,8344,10737
27898.247,8345,10737
27921.817,8346,10737
27921.967,8347,10738
27953.285,8348,10738
27954.716,8349,10738
27960.146,8350,10738
27976.707,8351,10738
27983.77,8352,10738
27998.535,8353,10738
28012.08,8354,10738
28017.857,8355,10739
28027.211,8356,10739
28034.871,8357,10739
28049.145,8358,10739
28075.4,8359,10779
28078.095,8360,10779
28080.36,8361,10780
28081.293,8362,10781
28088.239,8363,10781
28113.271,8364,10781
28114.197,8365,10781
28114.312,8366,10781
28118.572,8367,10781
28121.328,8368,10781
28121.898,8369,10781
28131.992,8370,10783
28143.062,8371,10783
28143.274,8372,10783
28158.622,8373,10783
28185.847,8374,10783
28244.912,8375,10783
28245.09,8376,10783
28245.125,8377,10784
28258.19,8378,10785
28258.249,8379,10785
28258.472,8380,10787
28258.515,8381,10788
28258.832,8382,10789
28266.992,8383,10789
28267.528,8384,10789
28304.468,8385,10789
28305.215,8386,10791
28347.198,8387,10791
28347.666,8388,10791
28349.207,8389,10791
28376.515,8390,10791
28395.355,8391,10791
28412.97,8392,10791
28413.051,8393,10791
28416.653,8394,10791
28427.744,8395,10792
28450.438,8396,10792
28450.765,8397,10792
28510.491,8398,10792
28511.758,8399,10792
28512.678,8400,10792
28513.017,8401,10792
28537.846,8402,10792
28552.35,8403,10792
28581.24,8404,10792
28582.58,8405,10792
28582.763,8406,10792
28585.562,8407,10792
28586.667,8408,10792
28588.861,8409,10792
28589.33,8410,10792
28590.81,8411,10792
28592.24,8412,10792
28595.013,8413,10792
28596.564,8414,10792
28599.23,8415,10792
28604.949,8416,10792
28605.371,8417,10792
28629.071,8418,10792
28644.585,8419,10793
28647.094,8420,10793
28648.705,8421,10793
28650.938,8422,10793
28666.276,8423,10793
28671.103,8424,10793
28671.361,8425,10793
28671.609,8426,10793
28672.702,8427,10793
28676.779,8428,10793
28684.659,8429,10793
28690.143,8430,10793
28690.314,8431,10793
28696.959,8432,10793
28706.173,8433,10793
28707.401,8434,10793
28713.445,8435,10793
28738.52,8436,10793
28738.75,8437,10793
28746.427,8438,10793
28748.899,8439,10793
28761.841,8440,10793
28762.013,8441,10799
28763.255,8442,10800
28778.986,8443,10800
28783.112,8444,10800
28794.162,8445,10800
28794.181,8446,10800
28794.319,8447,10800
28794.643,8448,10800
28795.381,8449,10800
28795.461,8450,10800
28796.073,8451,10800
28796.228,8452,10800
28797.933,8453,10800
28798.192,8454,10800
28798.555,8455,10800
28798.816,8456,10800
28802.89,8457,10800
28810.332,8458,10800
28810.388,8459,10800
28818.145,8460,10800
28843.355,8461,10800
28847.282,8462,10800
28847.804,8463,10806
28855.367,8464,10806
28884.269,8465,10806
28884.768,8466,10806
28897.502,8467,10806
28908.843,8468,10806
28923.309,8469,10806
28924.354,8470,10806
28926.267,8471,10806
28931.561,8472,10806
28946.554,8473,10808
28948.997,8474,10808
28964.399,8475,10808
28964.449,8476,10808
28967.495,8477,10808
28967.604,8478,10808
28967.932,8479,10808
28968.131,8480,10812
28974.516,8481,10817
28978.878,8482,10818
28990.639,8483,10819
29006.278,8484,10819
29007.377,8485,10819
29009.137,8486,10819
29048.215,8487,10819
29051.708,8488,10819
29051.751,8489,10819
29052.541,8490,10819
29054.274,8491,10819
29056.094,8492,10819
29061.348,8493,10819
29068.997,8494,10819
29083.959,8495,10819
29084.003,8496,10819
29084.037,8497,10819
29084.094,8498,10819
29084.809,8499,10819
29084.867,8500,10819
29084.907,8501,10819
29086.303,8502,10819
29092.887,8503,10819
29094.907,8504,10819
29096.459,8505,10819
29097.08,8506,10819
29104.357,8507,10820
29110.499,8508,10820
29113.02,8509,10820
29137.14,8510,10820
29147.919,8511,10820
29166.035,8512,10820
29167.119,8513,10820
29169.974,8514,10820
29171.878,8515,10821
29172.694,8516,10821
29185.707,8517,10821
29194.008,8518,10821
29196.767,8519,10821
29197.023,8520,10821
29197.176,8521,10821
29199.022,8522,10821
29220.199,8523,10821
29224.184,8524,10821
29233.892,8525,10821
29234.286,8526,10821
29234.486,8527,10821
29236.747,8528,10821
29238.484,8529,10821
29238.831,8530,10821
29241.12,8531,10821
29242.761,8532,10821
29253.165,8533,10821
29254.06,8534,10821
29254.078,8535,10821
29254.31,8536,10821
29255.636,8537,10821
29258.676,8538,10821
29260.131,8539,10821
29261.152,8540,10821
29273.299,8541,10821
29276.524,8542,10821
29293.859,8543,10821
29294.294,8544,10821
29294.8,8545,10821
29299.657,8546,10821
29305.71,8547,10821
29307.233,8548,10821
29307.454,8549,10821
29307.782,8550,10821
29339.911,8551,10821
29404.837,8552,10821
29407.47,8553,10821
29444.792,8554,10821
29462.188,8555,10821
29463.442,8556,10822
29468.767,8557,10822
29470.442,8558,10822
29474.754,8559,10822
29475.848,8560,10822
29477.58,8561,10822
29478.422,8562,10822
29478.805,8563,10822
29479.316,8564,10822
29481.901,8565,10822
29491.528,8566,10822
29495.079,8567,10822
29499.039,8568,10822
29504.053,8569,10822
29523.598,8570,10824
29545.066,8571,10824
29546.192,8572,10824
29546.603,8573,10824
29547.743,8574,10824
29558.67,8575,10824
29571.007,8576,10824
29591.575,8577,10824
29591.915,8578,10824
29592.08,8579,10824
29593.145,8580,10824
29593.161,8581,10824
29597.72,8582,10824
29599.189,8583,10824
29601.615,8584,10824
29603.86,8585,10824
29604.409,8586,10824
29607.559,8587,10824
29611.065,8588,10824
29613.574,8589,10824
29633.525,8590,10825
29633.83,8591,10825
29638.774,8592,10825
29639.297,8593,10826
29640.187,8594,10826
29641.657,8595,10826
29663.14,8596,10826
29664.254,8597,10826
29667.346,8598,10826
29669.392,8599,10826
29675.631,8600,10826
29675.672,8601,10826
29675.789,8602,10826
29676.049,8603,10826
29677.471,8604,10826
29677.492,8605,10826
29689.176,8606,10826
29691.937,8607,10826
29692.839,8608,10826
29726.542,8609,10826
29736.423,8610,10826
29798.282,8611,10826
29799.24,8612,10829
29808.594,8613,10829
29808.743,8614,10829
29850.634,8615,10829
29882.926,8616,10829
29892.642,8617,10829
29893.684,8618,10829
29893.759,8619,10829
29893.96,8620,10829
29894.667,8621,10829
29894.732,8622,10829
29910.256,8623,10829
29911.869,8624,10829
29913.171,8625,10829
29922.779,8626,10829
29923.236,8627,10829
29926.019,8628,10829
29942.07,8629,10829
29945.725,8630,10829
29945.894,8631,10829
29956.998,8632,10829
29957.222,8633,10829
29957.41,8634,10829
29957.588,8635,10829
29957.73,8636,10829
29964.728,8637,10830
29968.035,8638,10830
29969.654,8639,10830
29979.116,8640,10830
30007.574,8641,10830
30022.415,8642,10830
30022.918,8643,10830
30037.598,8644,10830
30044.53,8645,10830
30045.943,8646,10830
30051.952,8647,10830
30081.54,8648,10830
30081.81,8649,10830
30083.408,8650,10833
30084.602,8651,10833
30126.209,8652,10833
30127.71,8653,10833
30143.271,8654,10833
30161.588,8655,10833
30204.781,8656,10833
30229.547,8657,10833
30284.846,8658,10833
30292.115,8659,10833
30302.629,8660,10833
30306.36,8661,10833
30306.529,8662,10833
30307.455,8663,10833
30313.085,8664,10833
30372.674,8665,10833
30396.772,8666,10833
30397.199,8667,10833
30399.392,8668,10833
30399.702,8669,10833
30400.646,8670,10833
30401.545,8671,10833
30401.865,8672,10833
30403.598,8673,10833
30404.355,8674,10833
30405.542,8675,10833
30410.712,8676,10833
30411.028,8677,10833
30412.74,8678,10833
30413.298,8679,10833
30425.224,8680,10833
30425.418,8681,10833
30426.869,8682,10833
30428.193,8683,10833
30428.448,8684,10833
30441.844,8685,10833
30470.623,8686,10834
30478.466,8687,10834
30481.65,8688,10834
30496.405,8689,10834
30496.992,8690,10834
30505.041,8691,10834
30511.543,8692,10834
30512.622,8693,10834
30516.264,8694,10834
30520.541,8695,10834
30579.277,8696,10834
30604.372,8697,10834
30610.995,8698,10834
30611.68,8699,10834
30611.697,8700,10834
30612.773,8701,10834
30622.538,8702,10834
30627.067,8703,10834
30638.782,8704,10834
30662.165,8705,10834
30675.066,8706,10834
30688.604,8707,10834
30689.875,8708,10834
30691.606,8709,10834
30720.075,8710,10834
30720.116,8711,10834
30720.375,8712,10834
30720.423,8713,10834
30721.865,8714,10834
30723.499,8715,10834
30725.412,8716,10834
30753.119,8717,10834
30756.826,8718,10834
30756.883,8719,10834
30756.896,8720,10834
30759.564,8721,10836
30761.498,8722,10836
30775.51,8723,10836
30780.401,8724,10837
30790.963,8725,10837
30828.096,8726,10837
30855.803,8727,10837
30856.401,8728,10837
30871.911,8729,10837
30884.708,8730,10837
30885.02,8731,10837
30899.226,8732,10837
30922.722,8733,10837
30950.384,8734,10837
30961.051,8735,10838
30961.635,8736,10838
30961.922,8737,10838
30966.265,8738,10838
30970.728,8739,10840
30984.227,8740,10840
30986.791,8741,10840
30992.125,8742,10840
30992.947,8743,10840
31019.018,8744,10840
31021.0,8745,10840
31022.158,8746,10840
31028.207,8747,10840
31040.781,8748,10840
31043.788,8749,10840
31046.036,8750,10841
31058.527,8751,10841
31058.645,8752,10841
31059.356,8753,10841
31059.705,8754,10841
31062.865,8755,10841
31069.674,8756,10841
31077.846,8757,10841
31079.347,8758,10841
31081.673,8759,10841
31101.439,8760,10841
31102.11,8761,10841
31121.18,8762,10841
31127.102,8763,10841
31135.197,8764,10841
31141.305,8765,10841
31142.894,8766,10841
31157.148,8767,10841
31157.904,8768,10841
31172.471,8769,10841
31173.363,8770,10842
31177.37,8771,10842
31182.844,8772,10842
31188.55,8773,10842
31188.685,8774,10842
31189.682,8775,10842
31190.157,8776,10842
31190.924,8777,10842
31212.833,8778,10842
31212.864,8779,10842
31242.221,8780,10843
31244.695,8781,10843
31248.463,8782,10843
31249.254,8783,10844
31249.378,8784,10844
31265.341,8785,10844
31269.652,8786,10845
31287.995,8787,10845
31294.266,8788,10845
31295.245,8789,10845
31296.333,8790,10845
31296.486,8791,10845
31299.364,8792,10845
31333.81,8793,10845
31345.881,8794,10845
31365.112,8795,10845
31365.324,8796,10845
31376.589,8797,10845
31378.562,8798,10845
31389.292,8799,10846
31402.602,8800,10846
31405.273,8801,10846
31408.017,8802,10846
31411.495,8803,10846
31412.375,8804,10846
31422.058,8805,10847
31424.097,8806,10847
31427.05,8807,10852
31471.542,8808,10852
31474.045,8809,10852
31480.307,8810,10852
31494.625,8811,10852
31502.555,8812,10853
31505.954,8813,10855
31532.044,8814,10855
31555.205,8815,10855
31561.201,8816,10855
31561.478,8817,10855
31579.448,8818,10855
31580.327,8819,10855
31605.017,8820,10855
31605.313,8821,10855
31606.047,8822,10855
31610.108,8823,10855
31624.726,8824,10855
31625.875,8825,10855
31628.745,8826,10855
31629.271,8827,10855
31655.528,8828,10855
31659.814,8829,10855
31661.661,8830,10855
31670.572,8831,10855
31718.084,8832,10855
31736.035,8833,10855
31739.832,8834,10855
31780.117,8835,10855
31794.22,8836,10855
31821.084,8837,10855
31847.023,8838,10855
31850.967,8839,10855
31858.353,8840,10855
31859.186,8841,10855
31860.759,8842,10855
31861.202,8843,10855
31861.475,8844,10855
31861.606,8845,10855
31862.934,8846,10855
31863.206,8847,10855
31863.767,8848,10855
31864.172,8849,10855
31869.671,8850,10855
31874.063,8851,10855
31874.352,8852,10855
31874.986,8853,10855
31878.654,8854,10855
31881.424,8855,10855
31883.726,8856,10855
31889.713,8857,10855
31890.964,8858,10855
31893.072,8859,10855
31903.433,8860,10855
31903.561,8861,10855
31917.663,8862,10856
31917.978,8863,10856
31918.033,8864,10856
31943.003,8865,10856
31943.998,8866,10856
31944.117,8867,10856
31984.866,8868,10856
31988.067,8869,10856
31989.149,8870,10856
31994.91,8871,10856
31994.972,8872,10856
31996.703,8873,10856
31997.65,8874,10856
31999.504,8875,10856
32001.04,8876,10856
32008.152,8877,10856
32009.219,8878,10856
32023.097,8879,10856
32031.581,8880,10856
32053.176,8881,10856
32090.128,8882,10856
32090.252,8883,10856
32107.46,8884,10856
32107.483,8885,10856
32107.612,8886,10856
32112.836,8887,10856
32116.306,8888,10856
32117.596,8889,10856
32123.387,8890,10856
32127.721,8891,10856
32129.032,8892,10856
32132.416,8893,10856
32139.125,8894,10856
32144.209,8895,10856
32153.605,8896,10856
32158.204,8897,10856
32176.37,8898,10856
32178.68,8899,10856
32178.982,8900,10856
32179.726,8901,10856
32189.248,8902,10856
32195.631,8903,10856
32200.338,8904,10856
32200.374,8905,10856
32200.42,8906,10856
32200.483,8907,10856
32200.581,8908,10856
32201.117,8909,10856
32201.603,8910,10856
32202.82,8911,10856
32204.825,8912,10856
32205.869,8913,10856
32210.127,8914,10856
32214.397,8915,10861
32232.122,8916,10861
32254.631,8917,10861
32255.29,8918,10861
32255.32,8919,10861
32255.407,8920,10861
32255.464,8921,10861
32256.042,8922,10861
32256.255,8923,10861
32256.981,8924,10861
32257.521,8925,10861
32258.461,8926,10861
32258.699,8927,10861
32258.953,8928,10861
32259.662,8929,10861
32262.931,8930,10861
32264.265,8931,10861
32264.469,8932,10861
32264.577,8933,10861
32270.248,8934,10861
32273.224,8935,10861
32281.976,8936,10861
32311.386,8937,10861
32331.667,8938,10861
32333.556,8939,10861
32333.763,8940,10861
32353.189,8941,10861
32365.287,8942,10861
32366.319,8943,10861
32381.039,8944,10861
32397.52,8945,10861
32404.074,8946,10861
32415.893,8947,10861
32415.908,8948,10861
32417.379,8949,10861
32418.598,8950,10861
32419.367,8951,10861
32425.912,8952,10866
32426.255,8953,10866
32428.693,8954,10866
32435.341,8955,10866
32442.573,8956,10866
32467.755,8957,10867
32467.885,8958,10867
32468.048,8959,10867
32476.672,8960,10867
32477.025,8961,10867
32480.387,8962,10867
32493.701,8963,10867
32497.255,8964,10867
32507.888,8965,10867
32508.304,8966,10867
32508.718,8967,10870
32530.413,8968,10870
32536.436,8969,10870
32539.607,8970,10871
32562.394,8971,10871
32563.221,8972,10871
32564.465,8973,10871
32584.526,8974,10871
32585.848,8975,10871
32590.749,8976,10871
32592.274,8977,10871
32593.386,8978,10871
32600.882,8979,10872
32607.191,8980,10878
32609.3,8981,10878
32609.376,8982,10878
32609.562,8983,10879
32674.007,8984,10879
32683.48,8985,10879
32753.791,8986,10879
32754.299,8987,10879
32769.656,8988,10880
32778.35,8989,10880
32806.617,8990,10880
32819.997,8991,10880
32847.331,8992,10880
32852.321,8993,10880
32896.334,8994,10880
32896.559,8995,10880
32897.888,8996,10880
32897.92,8997,10880
32898.739,8998,10880
32901.039,8999,10884
32902.815,9000,10884
32903.608,9001,10884
32905.215,9002,10884
32909.045,9003,10884
32911.058,9004,10884
32914.399,9005,10884
32918.31,9006,10884
32918.525,9007,10884
32918.746,9008,10884
32920.362,9009,10885
32956.083,9010,10885
32956.85,9011,10885
32956.9,9012,10885
32957.062,9013,10885
32964.292,9014,10885
32982.661,9015,10885
33003.979,9016,10885
33004.481,9017,10885
33004.835,9018,10885
33008.742,9019,10885
33009.451,9020,10885
33010.076,9021,10885
33011.974,9022,10885
33050.561,9023,10885
33050.867,9024,10885
33068.716,9025,10885
33068.811,9026,10885
33068.975,9027,10885
33069.06,9028,10885
33103.8,9029,10885
33103.854,9030,10885
33104.53,9031,10885
33106.101,9032,10885
33106.696,9033,10885
33109.202,9034,10885
33120.621,9035,10885
33130.258,9036,10885
33142.609,9037,10885
33186.076,9038,10885
33221.946,9039,10885
33224.162,9040,10885
33225.928,9041,10885
33227.088,9042,10885
33228.11,9043,10885
33230.792,9044,10886
33240.656,9045,10886
33249.07,9046,10886
33252.135,9047,10886
33281.858,9048,10886
33283.045,9049,10887
33286.093,9050,10888
33286.946,9051,10890
33289.369,9052,10890
33289.618,9053,10890
33295.641,9054,10890
33298.829,9055,10890
33306.158,9056,10890
33308.908,9057,10891
33353.588,9058,10891
33355.859,9059,10891
33357.584,9060,10891
33381.75,9061,10891
33400.556,9062,10891
33406.714,9063,10891
33438.757,9064,10891
33442.001,9065,10891
33443.83,9066,10891
33444.421,9067,10891
33452.951,9068,10891
33458.668,9069,10891
33460.967,9070,10891
33465.078,9071,10891
33474.62,9072,10891
33477.242,9073,10891
33478.028,9074,10891
33478.634,9075,10891
33481.078,9076,10891
33482.565,9077,10891
33482.987,9078,10891
33483.796,9079,10891
33525.891,9080,10891
33536.212,9081,10891
33538.913,9082,10891
33538.937,9083,10891
33542.529,9084,10891
33546.562,9085,10891
33549.58,9086,10893
33555.857,9087,10893
33558.838,9088,10893
33582.352,9089,10893
33584.996,9090,10894
33597.243,9091,10894
33599.401,9092,10895
33599.881,9093,10895
33600.293,9094,10895
33600.582,9095,10895
33600.728,9096,10895
33614.236,9097,10895
33615.88,9098,10895
33635.424,9099,10895
33665.575,9100,10895
33667.184,9101,10895
33667.216,9102,10895
33668.045,9103,10895
33670.116,9104,10895
33680.955,9105,10895
33689.007,9106,10895
33689.133,9107,10895
33691.149,9108,10895
33705.631,9109,10895
33711.178,9110,10895
33719.838,9111,10895
33720.633,9112,10895
33740.734,9113,10896
33746.206,9114,10896
33746.219,9115,10896
33747.125,9116,10896
33749.347,9117,10896
33753.42,9118,10896
33763.371,9119,10896
33778.199,9120,10896
33818.271,9121,10896
33866.069,9122,10896
33866.334,9123,10896
33866.78,9124,10896
33868.443,9125,10896
33869.98,9126,10896
33870.16,9127,10896
33871.602,9128,10896
33872.366,9129,10896
33872.708,9130,10896
33872.754,9131,10896
33873.921,9132,10896
33873.944,9133,10896
33874.173,9134,10896
33874.556,9135,10896
33875.731,9136,10896
33876.862,9137,10896
33877.623,9138,10896
33878.884,9139,10896
33879.727,9140,10896
33879.924,9141,10896
33881.488,9142,10896
33883.355,9143,10896
33883.902,9144,10896
33884.035,9145,10896
33884.116,9146,10896
33884.298,9147,10896
33884.354,9148,10896
33888.371,9149,10896
33889.769,9150,10896
33889.929,9151,10896
33889.954,9152,10896
33894.04,9153,10896
33894.92,9154,10896
33912.768,9155,10896
33914.891,9156,10897
33915.735,9157,10897
33915.828,9158,10901
33916.676,9159,10903
33918.589,9160,10903
33945.712,9161,10905
33946.64,9162,10905
33946.913,9163,10906
33956.303,9164,10907
33957.123,9165,10907
33961.541,9166,10907
33992.938,9167,10907
33994.952,9168,10907
33996.964,9169,10907
33997.785,9170,10907
33998.391,9171,10907
34012.987,9172,10907
34031.293,9173,10907
34043.718,9174,10908
34045.772,9175,10908
34048.35,9176,10908
34056.057,9177,10908
34057.476,9178,10908
34057.752,9179,10908
34064.584,9180,10911
34066.1,9181,10911
34066.945,9182,10911
34072.092,9183,10911
34078.394,9184,10911
34118.689,9185,10911
34119.356,9186,10911
34123.339,9187,10911
34127.091,9188,10911
34140.287,9189,10911
34142.929,9190,10911
34160.914,9191,10911
34194.15,9192,10911
34201.584,9193,10911
34202.178,9194,10911
34261.046,9195,10911
34261.091,9196,10912
34262.254,9197,10912
34262.642,9198,10912
34262.763,9199,10912
34267.848,9200,10912
34268.128,9201,10912
34277.283,9202,10912
34291.782,9203,10912
34292.114,9204,10912
34303.748,9205,10912
34305.621,9206,10912
34322.71,9207,10912
34322.764,9208,10912
34377.793,9209,10912
34390.885,9210,10912
34419.605,9211,10912
34430.981,9212,10912
34432.179,9213,10912
34435.641,9214,10912
34435.734,9215,10912
34438.979,9216,10912
34446.491,9217,10912
34508.749,9218,10912
34510.214,9219,10914
34513.113,9220,10914
34524.088,9221,10914
34552.407,9222,10915
34552.659,9223,10992
34556.038,9224,11018
34556.05,9225,11021
34556.063,9226,11022
34556.076,9227,11025
34556.11,9228,11026
34556.127,9229,11027
34556.142,9230,11027
34556.162,9231,11028
34556.177,9232,11029
34556.201,9233,11029
34556.231,9234,11033
34556.308,9235,11035
34556.402,9236,11037
34556.474,9237,11038
34556.486,9238,11039
34556.506,9239,11042
34556.635,9240,11042
34556.767,9241,11044
34557.012,9242,11044
34557.414,9243,11044
34557.462,9244,11044
34558.463,9245,11044
34559.062,9246,11044
34559.454,9247,11047
34560.041,9248,11047
34560.125,9249,11048
34560.647,9250,11049
34561.075,9251,11050
34561.16,9252,11051
34561.822,9253,11051
34562.122,9254,11051
34562.253,9255,11051
34562.273,9256,11053
34562.307,9257,11054
34562.357,9258,11057
34562.952,9259,11060
34563.002,9260,11062
34563.321,9261,11066
34563.399,9262,11068
34563.862,9263,11073
34563.929,9264,11074
34565.11,9265,11075
34565.178,9266,11075
34565.435,9267,11076
34566.114,9268,11076
34566.336,9269,11077
34566.577,9270,11077
34567.285,9271,11077
34567.592,9272,11078
34567.883,9273,11078
34569.188,9274,11078
34569.889,9275,11078
34571.101,9276,11082
34571.308,9277,11084
34571.908,9278,11084
34572.292,9279,11084
34572.462,9280,11098
34573.072,9281,11098
34573.345,9282,11098
34575.128,9283,11098
34576.028,9284,11098
34576.244,9285,11100
34576.485,9286,11101
34576.828,9287,11101
34578.007,9288,11102
34579.041,9289,11102
34579.165,9290,11102
34579.791,9291,11102
34581.81,9292,11102
34582.235,9293,11110
34582.857,9294,11111
34583.369,9295,11111
34583.749,9296,11112
34587.171,9297,11117
34589.432,9298,11117
34589.452,9299,11117
34590.633,9300,11118
34590.649,9301,11119
34590.768,9302,11119
34590.915,9303,11119
34590.938,9304,11119
34591.031,9305,11121
34591.215,9306,11121
34591.332,9307,11121
34591.345,9308,11122
34591.387,9309,11122
34591.989,9310,11122
34592.05,9311,11122
34592.102,9312,11123
34592.198,9313,11124
34592.338,9314,11124
34593.028,9315,11128
34593.081,9316,11129
34593.375,9317,11130
34593.398,9318,11130
34593.413,9319,11131
34593.859,9320,11132
34594.185,9321,11132
34594.601,9322,11132
34594.66,9323,11134
34594.719,9324,11135
34594.756,9325,11136
34594.874,9326,11137
34595.027,9327,11137
34595.589,9328,11142
34596.101,9329,11142
34596.168,9330,11142
34596.256,9331,11144
34596.345,9332,11146
34597.57,9333,11146
34597.826,9334,11146
34598.188,9335,11147
34598.243,9336,11148
34598.305,9337,11148
34598.797,9338,11148
34599.069,9339,11148
34599.288,9340,11148
34599.463,9341,11151
34599.938,9342,11152
34600.46,9343,11152
34600.545,9344,11152
34600.839,9345,11152
34601.149,9346,11152
34601.38,9347,11152
34601.483,9348,11155
34601.544,9349,11155
34601.925,9350,11155
34602.379,9351,11155
34602.754,9352,11155
34602.985,9353,11157
34603.687,9354,11158
34604.109,9355,11158
34604.79,9356,11159
34605.016,9357,11159
34607.091,9358,11160
34608.117,9359,11161
34608.512,9360,11161
34608.584,9361,11161
34608.84,9362,11161
34609.028,9363,11161
34609.418,9364,11161
34610.399,9365,11161
34611.053,9366,11161
34611.48,9367,11162
34611.863,9368,11163
34612.326,9369,11164
34613.224,9370,11164
34613.311,9371,11165
34613.507,9372,11165
34614.68,9373,11171
34615.734,9374,11171
34615.898,9375,11171
34616.447,9376,11171
34617.74,9377,11171
34618.19,9378,11171
34618.26,9379,11171
34618.336,9380,11172
34618.831,9381,11173
34619.737,9382,11173
34619.896,9383,11173
34620.035,9384,11175
34621.258,9385,11176
34623.461,9386,11176
34624.749,9387,11178
34625.646,9388,11178
34629.108,9389,11178
34629.243,9390,11178
34631.765,9391,11178
34638.255,9392,11178
34640.774,9393,11178
34641.193,9394,11178
34645.309,9395,11178
34648.494,9396,11178
34651.265,9397,11179
34655.039,9398,11179
34655.491,9399,11179
34656.202,9400,11179
34657.387,9401,11179
34663.92,9402,11179
34664.777,9403,11181
34666.504,9404,11183
34668.961,9405,11183
34670.97,9406,11183
34677.698,9407,11186
34678.273,9408,11186
34681.757,9409,11186
34683.134,9410,11186
34683.889,9411,11186
34685.392,9412,11186
34686.257,9413,11186
34688.813,9414,11186
34695.117,9415,11186
34695.57,9416,11187
34702.285,9417,11187
34707.397,9418,11187
34727.511,9419,11187
34728.974,9420,11190
34729.345,9421,11190
34729.558,9422,11190
34729.805,9423,11190
34730.177,9424,11190
34730.847,9425,11190
34731.015,9426,11190
34731.314,9427,11190
34731.992,9428,11195
34732.77,9429,11195
34733.186,9430,11195
34733.304,9431,11195
34734.501,9432,11195
34734.856,9433,11195
34735.282,9434,11195
34735.317,9435,11195
34735.592,9436,11196
34738.19,9437,11196
34738.935,9438,11197
34738.99,9439,11197
34739.19,9440,11197
34739.983,9441,11198
34741.317,9442,11198
34742.426,9443,11198
34742.683,9444,11198
34748.324,9445,11198
34748.458,9446,11198
34748.565,9447,11198
34753.191,9448,11198
34755.079,9449,11202
34757.586,9450,11202
34758.629,9451,11202
34758.668,9452,11203
34759.579,9453,11203
34759.614,9454,11203
34760.372,9455,11203
34760.928,9456,11203
34761.208,9457,11203
34761.389,9458,11203
34768.86,9459,11203
34771.551,9460,11203
34795.271,9461,11203
34795.368,9462,11205
34796.215,9463,11205
34796.963,9464,11205
34797.093,9465,11207
34798.28,9466,11208
34798.465,9467,11209
34801.896,9468,11209
34803.435,9469,11210
34809.544,9470,11210
34810.78,9471,11210
34811.898,9472,11210
34813.012,9473,11210
34813.325,9474,11210
34818.158,9475,11210
34821.527,9476,11210
34822.738,9477,11210
34825.326,9478,11211
34826.144,9479,11216
34827.072,9480,11216
34836.488,9481,11216
34841.716,9482,11216
34849.097,9483,11216
34849.316,9484,11216
34851.218,9485,11216
34853.159,9486,11216
34858.823,9487,11216
34867.192,9488,11216
34873.1,9489,11216
34881.42,9490,11216
34882.161,9491,11216
34883.391,9492,11216
34884.114,9493,11216
34884.654,9494,11216
34888.725,9495,11216
34904.912,9496,11216
34906.089,9497,11216
34908.118,9498,11218
34908.871,9499,11220
34910.747,9500,11220
34910.976,9501,11220
34915.288,9502,11220
34921.996,9503,11220
34923.635,9504,11222
34925.063,9505,11222
34927.381,9506,11222
34939.272,9507,11222
34943.215,9508,11222
34968.302,9509,11222
34972.866,9510,11224
34985.773,9511,11224
34985.789,9512,11224
34990.148,9513,11226
34990.292,9514,11226
34990.33,9515,11226
34991.549,9516,11229
34993.164,9517,11229
34993.729,9518,11229
34993.938,9519,11229
34994.085,9520,11231
34998.422,9521,11232
35001.06,9522,11233
35003.798,9523,11233
35010.986,9524,11233
35011.102,9525,11233
35016.984,9526,11233
35022.734,9527,11233
35025.219,9528,11233
35026.055,9529,11233
35028.437,9530,11233
35030.917,9531,11233
35032.046,9532,11233
35035.927,9533,11233
35036.749,9534,11233
35042.893,9535,11233
35043.664,9536,11233
35044.531,9537,11233
35049.664,9538,11233
35057.301,9539,11234
35065.808,9540,11234
35067.169,9541,11234
35069.186,9542,11234
35069.804,9543,11234
35080.731,9544,11234
35083.169,9545,11234
35112.349,9546,11234
35112.5,9547,11234
35113.388,9548,11234
35114.647,9549,11234
35117.788,9550,11234
35122.616,9551,11234
35127.966,9552,11234
35136.871,9553,11234
35142.516,9554,11234
35156.298,9555,11234
35156.477,9556,11234
35156.625,9557,11234
35156.692,9558,11234
35156.933,9559,11234
35157.317,9560,11235
35158.383,9561,11236
35158.531,9562,11239
35159.486,9563,11239
35170.703,9564,11239
35173.235,9565,11240
35175.639,9566,11240
35177.097,9567,11240
35179.565,9568,11240
35191.39,9569,11240
35199.518,9570,11240
35213.08,9571,11240
35213.421,9572,11240
35214.908,9573,11240
35215.423,9574,11240
35224.715,9575,11240
35227.646,9576,11240
35240.048,9577,11240
35246.961,9578,11240
35249.754,9579,11240
35250.253,9580,11240
35253.087,9581,11240
35255.921,9582,11240
35256.256,9583,11240
35256.284,9584,11240
35256.388,9585,11240
35256.596,9586,11240
35257.901,9587,11245
35260.245,9588,11245
35261.943,9589,11245
35263.913,9590,11245
35266.285,9591,11247
35267.441,9592,11247
35270.382,9593,11247
35270.677,9594,11247
35273.535,9595,11247
35278.962,9596,11249
35281.444,9597,11249
35313.504,9598,11250
35313.635,9599,11251
35314.078,9600,11251
35317.791,9601,11251
35321.015,9602,11256
35332.191,9603,11256
35339.518,9604,11256
35365.165,9605,11258
35366.31,9606,11258
35366.928,9607,11258
35367.279,9608,11258
35371.562,9609,11258
35371.614,9610,11258
35371.97,9611,11258
35372.066,9612,11259
35373.133,9613,11259
35373.769,9614,11259
35374.389,9615,11261
35374.577,9616,11261
35375.378,9617,11261
35382.343,9618,11261
35383.767,9619,11261
35388.839,9620,11261
35394.238,9621,11261
35400.877,9622,11261
35404.863,9623,11261
35405.673,9624,11261
35410.113,9625,11261
35410.561,9626,11261
35411.755,9627,11261
35422.625,9628,11261
35438.534,9629,11262
35438.622,9630,11262
35440.751,9631,11262
35444.578,9632,11264
35445.713,9633,11264
35446.335,9634,11264
35447.224,9635,11266
35451.02,9636,11266
35452.839,9637,11266
35463.741,9638,11266
35465.54,9639,11267
35473.508,9640,11267
35473.979,9641,11267
35477.092,9642,11267
35483.257,9643,11267
35493.953,9644,11267
35496.051,9645,11267
35503.641,9646,11267
35505.679,9647,11267
35519.81,9648,11267
35522.745,9649,11267
35532.127,9650,11267
35533.01,9651,11267
35533.965,9652,11267
35534.748,9653,11268
35535.426,9654,11268
35552.136,9655,11268
35553.069,9656,11268
35555.664,9657,11268
35555.864,9658,11268
35561.883,9659,11268
35576.4,9660,11268
35577.273,9661,11268
35579.986,9662,11268
35582.177,9663,11268
35584.64,9664,11268
35591.28,9665,11268
35600.88,9666,11271
35601.277,9667,11271
35607.301,9668,11271
35609.543,9669,11271
35609.587,9670,11271
35609.622,9671,11273
35609.737,9672,11273
35609.757,9673,11273
35609.833,9674,11273
35609.911,9675,11273
35610.496,9676,11273
35611.534,9677,11273
35611.557,9678,11273
35616.793,9679,11273
35621.034,9680,11273
35622.487,9681,11274
35629.289,9682,11274
35630.966,9683,11275
35638.745,9684,11275
35641.896,9685,11275
35643.637,9686,11275
35643.675,9687,11275
35643.883,9688,11275
35644.328,9689,11275
35648.82,9690,11279
35651.25,9691,11279
35666.896,9692,11279
35684.956,9693,11279
35694.805,9694,11279
35708.029,9695,11279
35712.181,9696,11279
35729.635,9697,11279
35731.252,9698,11279
35731.81,9699,11279
35733.007,9700,11279
35741.566,9701,11279
35748.709,9702,11279
35752.007,9703,11279
35753.457,9704,11279
35756.253,9705,11279
35765.291,9706,11279
35768.731,9707,11279
35802.059,9708,11279
35802.161,9709,11279
35805.024,9710,11279
35806.352,9711,11279
35807.89,9712,11279
35810.674,9713,11280
35824.467,9714,11280
35836.773,9715,11281
35836.786,9716,11282
35837.216,9717,11282
35837.262,9718,11284
35837.366,9719,11285
35837.532,9720,11285
35837.972,9721,11285
35837.997,9722,11287
35839.523,9723,11287
35841.984,9724,11287
35854.329,9725,11287
35856.073,9726,11288
35856.758,9727,11288
35868.474,9728,11289
35870.68,9729,11289
35870.916,9730,11289
35872.933,9731,11289
35876.763,9732,11289
35876.854,9733,11289
35877.132,9734,11289
35877.815,9735,11289
35878.096,9736,11289
35878.136,9737,11289
35884.644,9738,11289
35892.682,9739,11289
35900.775,9740,11289
35900.99,9741,11289
35901.357,9742,11289
35908.251,9743,11289
35911.023,9744,11289
35911.292,9745,11289
35918.141,9746,11289
35930.37,9747,11289
35932.35,9748,11289
35933.451,9749,11289
35933.48,9750,11289
35934.102,9751,11289
35939.72,9752,11289
35957.102,9753,11289
35957.625,9754,11289
35957.66,9755,11289
35957.762,9756,11289
35967.262,9757,11291
35967.603,9758,11291
35968.004,9759,11291
35968.395,9760,11292
35972.596,9761,11292
35977.334,9762,11292
35978.801,9763,11292
35994.218,9764,11292
36000.518,9765,11292
36007.738,9766,11292
36010.679,9767,11292
36017.564,9768,11292
36020.717,9769,11292
36028.327,9770,11292
36028.789,9771,11292
36029.179,9772,11292
36033.428,9773,11292
36040.59,9774,11292
36040.622,9775,11292
36049.769,9776,11292
36057.313,9777,11292
36057.472,9778,11292
36060.5,9779,11292
36091.848,9780,11292
36112.877,9781,11293
36126.45,9782,11294
36134.46,9783,11294
36134.659,9784,11294
36134.686,9785,11294
36135.427,9786,11294
36138.565,9787,11294
36138.882,9788,11295
36144.903,9789,11295
36157.979,9790,11296
36159.46,9791,11296
36159.935,9792,11296
36170.272,9793,11296
36178.195,9794,11296
36191.888,9795,11296
36194.258,9796,11296
36204.202,9797,11296
36206.579,9798,11296
36208.242,9799,11296
36208.771,9800,11296
36210.757,9801,11298
36225.108,9802,11298
36227.426,9803,11298
36228.352,9804,11298
36228.669,9805,11298
36246.385,9806,11298
36268.26,9807,11298
36270.257,9808,11298
36277.935,9809,11299
36278.418,9810,11300
36281.689,9811,11303
36283.912,9812,11303
36290.914,9813,11303
36293.166,9814,11303
36293.625,9815,11303
36294.009,9816,11303
36296.702,9817,11303
36320.723,9818,11303
36321.892,9819,11303
36355.489,9820,11303
36355.605,9821,11303
36355.632,9822,11303
36356.312,9823,11303
36356.738,9824,11303
36361.77,9825,11303
36400.311,9826,11303
36408.44,9827,11303
36411.7,9828,11306
36413.283,9829,11306
36413.297,9830,11306
36422.244,9831,11306
36422.378,9832,11306
36423.806,9833,11306
36423.849,9834,11306
36425.761,9835,11306
36427.536,9836,11306
36429.153,9837,11306
36430.474,9838,11306
36431.691,9839,11306
36432.299,9840,11306
36432.527,9841,11306
36433.574,9842,11306
36436.717,9843,11306
36439.025,9844,11306
36440.42,9845,11306
36442.391,9846,11306
36447.769,9847,11306
36459.434,9848,11306
36459.607,9849,11306
36460.601,9850,11306
36461.688,9851,11306
36463.386,9852,11306
36476.122,9853,11306
36491.684,9854,11306
36547.422,9855,11306
36552.476,9856,11306
36608.768,9857,11306
36630.531,9858,11306
36632.351,9859,11306
36646.28,9860,11306
36650.838,9861,11306
36679.28,9862,11306
36679.305,9863,11306
36688.29,9864,11306
36696.596,9865,11306
36719.15,9866,11306
36722.33,9867,11306
36726.301,9868,11306
36762.508,9869,11306
36767.378,9870,11306
36768.266,9871,11307
36769.2,9872,11307
36771.143,9873,11310
36772.444,9874,11311
36774.576,9875,11311
36778.323,9876,11311
36785.97,9877,11311
36791.318,9878,11311
36797.203,9879,11311
36802.402,9880,11311
36807.949,9881,11311
36828.956,9882,11311
36873.632,9883,11311
36873.806,9884,11311
36877.825,9885,11311
36886.215,9886,11311
36890.118,9887,11311
36890.551,9888,11311
36902.433,9889,11311
36903.261,9890,11311
36912.082,9891,11311
36912.558,9892,11311
36913.192,9893,11311
36913.501,9894,11311
36915.65,9895,11311
36917.001,9896,11311
36919.751,9897,11311
36922.121,9898,11312
36929.656,9899,11313
36934.687,9900,11315
36944.824,9901,11315
36950.651,9902,11315
36960.587,9903,11315
36960.689,9904,11315
36964.682,9905,11315
36965.638,9906,11315
36965.843,9907,11315
36973.295,9908,11315
36990.936,9909,11315
37011.279,9910,11315
37012.581,9911,11315
37014.036,9912,11315
37014.947,9913,11315
37017.591,9914,11315
37019.033,9915,11315
37022.662,9916,11315
37042.191,9917,11315
37060.25,9918,11315
37096.788,9919,11315
37104.529,9920,11315
37107.645,9921,11315
37108.165,9922,11315
37121.935,9923,11315
37122.789,9924,11315
37123.921,9925,11315
37136.321,9926,11315
37139.018,9927,11315
37164.126,9928,11315
37168.053,9929,11315
37171.839,9930,11315
37172.912,9931,11315
37220.121,9932,11315
37242.572,9933,11315
37243.995,9934,11315
37250.389,9935,11315
37257.915,9936,11315
37259.205,9937,11315
37261.454,9938,11315
37268.733,9939,11315
37268.77,9940,11315
37298.012,9941,11315
37303.341,9942,11315
37314.922,9943,11315
37315.694,9944,11315
37323.851,9945,11315
37324.728,9946,11315
37330.645,9947,11315
37339.876,9948,11315
37345.113,9949,11315
37345.377,9950,11315
37345.501,9951,11315
37345.678,9952,11315
37347.071,9953,11315
37355.73,9954,11315
37356.695,9955,11315
37367.651,9956,11315
37408.298,9957,11315
37420.104,9958,11315
37420.364,9959,11315
37420.537,9960,11315
37432.116,9961,11315
37434.388,9962,11315
37434.452,9963,11315
37440.457,9964,11315
37442.622,9965,11315
37442.905,9966,11315
37445.042,9967,11315
37453.38,9968,11315
37455.871,9969,11315
37472.361,9970,11315
37476.629,9971,11315
37479.383,9972,11315
37519.123,9973,11315
37523.135,9974,11315
37543.308,9975,11315
37554.643,9976,11315
37572.294,9977,11315
37572.828,9978,11316
37573.236,9979,11316
37575.711,9980,11317
37580.012,9981,11318
37580.133,9982,11318
37580.177,9983,11318
37605.67,9984,11318
37606.453,9985,11318
37609.67,9986,11318
37609.849,9987,11318
37617.126,9988,11318
37649.684,9989,11318
37694.427,9990,11318
37697.941,9991,11318
37707.312,9992,11318
37711.284,9993,11318
37723.382,9994,11318
37725.493,9995,11318
37739.045,9996,11318
37740.419,9997,11318
37747.42,9998,11318
37751.298,9999,11318
37767.238,10000,11319
37768.732,10001,11319
37768.914,10002,11319
37770.912,10003,11319
37788.384,10004,11319
37806.526,10005,11319
37808.78,10006,11319
37809.896,10007,11319
37811.899,10008,11319
37837.892,10009,11319
37851.835,10010,11319
37857.039,10011,11319
37862.168,10012,11319
37862.477,10013,11319
37862.546,10014,11319
37863.147,10015,11319
37871.457,10016,11319
37880.483,10017,11319
37902.652,10018,11319
37904.577,10019,11319
37904.89,10020,11319
37906.751,10021,11319
37907.324,10022,11319
37909.031,10023,11319
37909.809,10024,11319
37910.341,10025,11319
37914.027,10026,11319
37915.09,10027,11319
37917.092,10028,11319
37923.316,10029,11319
37930.488,10030,11319
37930.573,10031,11319
37938.328,10032,11320
37940.63,10033,11330
37946.854,10034,11330
37947.298,10035,11330
37965.189,10036,11330
37965.813,10037,11330
37966.079,10038,11330
37968.266,10039,11330
37969.952,10040,11330
37973.114,10041,11330
38011.193,10042,11331
38011.31,10043,11332
38012.46,10044,11332
38014.27,10045,11332
38015.082,10046,11333
38017.743,10047,11334
38020.547,10048,11334
38026.263,10049,11334
38043.247,10050,11352
38043.443,10051,11352
38043.49,10052,11352
38043.556,10053,11353
38044.155,10054,11353
38045.002,10055,11353
38045.873,10056,11353
38046.036,10057,11353
38048.742,10058,11353
38048.78,10059,11353
38059.967,10060,11353
38071.468,10061,11354
38093.211,10062,11354
38099.974,10063,11354
38114.366,10064,11354
38139.475,10065,11354
38139.551,10066,11354
38140.146,10067,11354
38140.572,10068,11354
38141.981,10069,11354
38142.716,10070,11354
38142.796,10071,11354
38143.629,10072,11354
38145.235,10073,11354
38150.765,10074,11354
38162.626,10075,11354
38173.053,10076,11354
38174.307,10077,11354
38195.348,10078,11366
38195.427,10079,11376
38196.265,10080,11377
38198.596,10081,11377
38212.39,10082,11377
38212.587,10083,11381
38216.702,10084,11382
38218.051,10085,11382
38218.759,10086,11382
38218.851,10087,11384
38218.887,10088,11384
38219.158,10089,11384
38220.052,10090,11384
38221.953,10091,11384
38222.665,10092,11384
38225.919,10093,11384
38226.957,10094,11386
38232.519,10095,11386
38234.537,10096,11386
38243.319,10097,11386
38246.717,10098,11386
38251.847,10099,11386
38272.033,10100,11386
38272.357,10101,11386
38275.486,10102,11386
38292.814,10103,11386
38313.785,10104,11386
38322.148,10105,11386
38323.385,10106,11386
38324.512,10107,11386
38325.205,10108,11386
38326.87,10109,11386
38339.286,10110,11387
38353.447,10111,11387
38356.382,10112,11388
38356.409,10113,11388
38402.463,10114,11388
38403.967,10115,11388
38409.846,10116,11388
38417.705,10117,11388
38435.176,10118,11388
38471.291,10119,11388
38474.755,10120,11388
38488.678,10121,11388
38502.212,10122,11388
38502.467,10123,11388
38503.314,10124,11388
38503.361,10125,11388
38503.479,10126,11388
38503.71,10127,11388
38505.981,10128,11388
38508.01,10129,11388
38511.548,10130,11388
38512.055,10131,11388
38513.072,10132,11388
38513.38,10133,11388
38513.565,10134,11388
38514.202,10135,11388
38514.726,10136,11388
38521.63,10137,11388
38522.095,10138,11388
38525.339,10139,11388
38531.361,10140,11388
38533.862,10141,11388
38551.077,10142,11388
38563.978,10143,11388
38564.784,10144,11388
38564.879,10145,11388
38567.142,10146,11388
38577.935,10147,11388
38578.864,10148,11388
38585.525,10149,11389
38590.687,10150,11389
38629.168,10151,11389
38647.22,10152,11389
38650.615,10153,11389
38657.239,10154,11389
38675.528,10155,11389
38676.774,10156,11389
38691.328,10157,11389
38691.733,10158,11389
38692.326,10159,11389
38694.541,10160,11389
38712.87,10161,11389
38727.413,10162,11389
38731.61,10163,11389
38732.054,10164,11389
38732.633,10165,11389
38750.116,10166,11389
38752.197,10167,11389
38759.507,10168,11389
38781.651,10169,11389
38781.694,10170,11389
38784.601,10171,11389
38786.542,10172,11389
38787.571,10173,11389
38792.29,10174,11389
38793.426,10175,11389
38798.639,10176,11389
38809.779,10177,11389
38822.362,10178,11389
38824.095,10179,11389
38827.043,10180,11389
38831.871,10181,11389
38845.192,10182,11389
38847.384,10183,11389
38856.459,10184,11389
38870.968,10185,11390
38874.284,10186,11390
38875.115,10187,11390
38884.113,10188,11390
38885.1,10189,11390
38896.775,10190,11390
38900.409,10191,11390
38908.694,10192,11390
38917.32,10193,11391
38920.18,10194,11391
38937.096,10195,11391
38949.731,10196,11391
38967.638,10197,11391
38967.678,10198,11391
38980.845,10199,11391
38981.39,10200,11391
38981.474,10201,11391
38982.126,10202,11391
38982.244,10203,11391
38991.246,10204,11391
38992.562,10205,11391
38993.751,10206,11391
38995.424,10207,11391
39001.71,10208,11391
39003.047,10209,11391
39003.951,10210,11391
39005.862,10211,11395
39006.363,10212,11395
39007.385,10213,11395
39014.932,10214,11395
39016.166,10215,11395
39026.654,10216,11395
39026.802,10217,11395
39026.954,10218,11396
39026.995,10219,11396
39027.131,10220,11396
39036.04,10221,11396
39036.364,10222,11396
39037.765,10223,11396
39038.611,10224,11396
39047.983,10225,11396
39048.59,10226,11396
39052.423,10227,11397
39053.74,10228,11397
39072.936,10229,11397
39073.594,10230,11397
39073.754,10231,11397
39073.789,10232,11397
39080.378,10233,11397
39081.875,10234,11397
39109.236,10235,11397
39109.354,10236,11397
39148.88,10237,11397
39150.744,10238,11397
39155.236,10239,11397
39167.587,10240,11397
39168.128,10241,11397
39171.362,10242,11397
39172.278,10243,11397
39199.19,10244,11397
39200.602,10245,11397
39225.842,10246,11397
39238.383,10247,11397
39238.875,10248,11397
39281.554,10249,11397
39283.529,10250,11397
39285.339,10251,11397
39285.362,10252,11397
39285.58,10253,11397
39289.661,10254,11397
39293.405,10255,11397
39293.517,10256,11397
39296.921,10257,11397
39297.632,10258,11398
39300.667,10259,11398
39315.559,10260,11398
39342.447,10261,11398
39350.639,10262,11398
39353.677,10263,11398
39355.842,10264,11398
39376.375,10265,11398
39376.805,10266,11398
39379.334,10267,11398
39404.233,10268,11398
39406.51,10269,11398
39407.985,10270,11398
39410.627,10271,11398
39429.979,10272,11398
39439.607,10273,11398
39470.292,10274,11398
39487.706,10275,11398
39488.31,10276,11398
39493.645,10277,11398
39498.209,10278,11398
39498.404,10279,11400
39505.764,10280,11402
39508.487,10281,11402
39520.494,10282,11402
39535.838,10283,11402
39535.873,10284,11402
39536.156,10285,11402
39550.108,10286,11402
39554.035,10287,11402
39556.587,10288,11402
39562.391,10289,11402
39571.572,10290,11402
39596.616,10291,11402
39626.725,10292,11402
39628.423,10293,11402
39628.773,10294,11402
39646.232,10295,11402
39649.008,10296,11402
39650.099,10297,11402
39658.007,10298,11402
39663.714,10299,11402
39663.765,10300,11402
39668.886,10301,11402
39684.192,10302,11402
39697.078,10303,11402
39734.42,10304,11402
39736.895,10305,11402
39738.537,10306,11403
39764.213,10307,11403
39780.341,10308,11403
39781.145,10309,11403
39784.654,10310,11403
39793.196,10311,11403
39796.005,10312,11403
39807.7,10313,11403
39810.281,10314,11403
39810.301,10315,11403
39810.325,10316,11403
39810.352,10317,11403
39810.547,10318,11403
39812.615,10319,11404
39813.274,10320,11405
39813.499,10321,11405
39816.071,10322,11405
39819.374,10323,11405
39821.635,10324,11407
39838.794,10325,11407
39843.362,10326,11408
39859.145,10327,11408
39861.938,10328,11408
39862.333,10329,11408
39879.04,10330,11408
39879.17,10331,11408
39880.532,10332,11408
39882.206,10333,11408
39893.637,10334,11408
39916.092,10335,11408
39926.159,10336,11410
39927.209,10337,11410
39957.823,10338,11410
39957.853,10339,11410
39958.74,10340,11410
39959.396,10341,11410
39960.665,10342,11410
39996.128,10343,11412
39996.971,10344,11412
39999.738,10345,11412
40001.007,10346,11413
40034.528,10347,11413
40037.463,10348,11413
40054.049,10349,11413
40127.514,10350,11413
40128.885,10351,11413
40134.731,10352,11413
40134.909,10353,11413
40135.449,10354,11413
40135.979,10355,11413
40138.012,10356,11413
40139.136,10357,11413
40171.096,10358,11413
40175.554,10359,11418
40211.454,10360,11418
40224.746,10361,11418
40239.319,10362,11419
40248.612,10363,11419
40251.502,10364,11419
40258.627,10365,11419
40262.13,10366,11419
40265.928,10367,11419
40266.354,10368,11419
40281.397,10369,11419
40281.989,10370,11419
40295.009,10371,11419
40295.269,10372,11419
40312.731,10373,11419
40319.984,10374,11419
40321.209,10375,11419
40340.525,10376,11420
40364.994,10377,11420
40374.782,10378,11420
40385.659,10379,11420
40388.661,10380,11420
40389.812,10381,11420
40392.394,10382,11439
40392.774,10383,11439
40395.441,10384,11439
40396.733,10385,11439
40409.861,10386,11439
40411.566,10387,11439
40414.838,10388,11440
40419.013,10389,11440
40421.998,10390,11440
40439.113,10391,11442
40446.927,10392,11442
40448.243,10393,11442
40454.752,10394,11442
40462.682,10395,11442
40463.747,10396,11442
40464.379,10397,11442
40465.11,10398,11442
40465.412,10399,11442
40476.083,10400,11442
40483.211,10401,11442
40492.805,10402,11443
40496.98,10403,11443
40498.855,10404,11443
40503.665,10405,11443
40581.896,10406,11443
40585.443,10407,11443
40585.494,10408,11443
40585.707,10409,11443
40586.324,10410,11443
40586.516,10411,11443
40586.988,10412,11443
40591.004,10413,11443
40597.433,10414,11443
40605.189,10415,11443
40626.662,10416,11443
40626.734,10417,11443
40672.486,10418,11443
40673.943,10419,11443
40675.084,10420,11443
40695.307,10421,11443
40696.23,10422,11443
40696.641,10423,11443
40716.371,10424,11443
40724.635,10425,11443
40731.898,10426,11443
40735.698,10427,11443
40742.76,10428,11443
40743.173,10429,11443
40746.992,10430,11443
40747.264,10431,11443
40792.02,10432,11443
40835.104,10433,11444
40835.466,10434,11444
40848.108,10435,11444
40887.981,10436,11444
40906.033,10437,11444
40919.847,10438,11444
40920.746,10439,11444
40921.379,10440,11444
40933.695,10441,11444
40936.813,10442,11444
40942.523,10443,11444
40942.781,10444,11444
40952.224,10445,11444
40953.951,10446,11444
40960.503,10447,11444
40961.424,10448,11444
40977.856,10449,11444
40978.205,10450,11444
40993.487,10451,11444
40998.117,10452,11444
41000.942,10453,11444
41003.324,10454,11444
41017.301,10455,11444
41018.372,10456,11444
41025.073,10457,11444
41029.706,10458,11444
41033.89,10459,11444
41040.184,10460,11444
41040.513,10461,11444
41044.736,10462,11444
41091.05,10463,11444
41100.93,10464,11444
41118.427,10465,11444
41128.006,10466,11444
41129.239,10467,11444
41130.262,10468,11444
41130.752,10469,11444
41131.392,10470,11444
41135.404,10471,11444
41136.832,10472,11444
41137.644,10473,11444
41139.978,10474,11444
41140.882,10475,11444
41141.584,10476,11444
41143.19,10477,11444
41145.186,10478,11444
41145.413,10479,11444
41147.679,10480,11444
41147.722,10481,11444
41148.142,10482,11444
41151.902,10483,11444
41156.156,10484,11444
41157.34,10485,11444
41165.401,10486,11445
41177.549,10487,11445
41196.678,10488,11446
41196.723,10489,11446
41209.218,10490,11446
41210.379,10491,11446
41222.823,10492,11446
41225.579,10493,11446
41226.039,10494,11446
41227.991,10495,11446
41229.601,10496,11446
41237.975,10497,11446
41241.471,10498,11446
41243.062,10499,11446
41250.346,10500,11446
41251.823,10501,11446
41260.96,10502,11446
41260.974,10503,11446
41262.991,10504,11446
41271.865,10505,11446
41283.052,10506,11446
41283.238,10507,11446
41283.479,10508,11446
41287.093,10509,11446
41295.994,10510,11446
41297.576,10511,11446
41299.4,10512,11446
41308.919,10513,11446
41309.036,10514,11446
41313.947,10515,11446
41320.301,10516,11446
41343.623,10517,11446
41345.613,10518,11446
41347.162,10519,11446
41363.744,10520,11446
41364.439,10521,11446
41369.0,10522,11446
41370.038,10523,11446
41383.079,10524,11446
41391.167,10525,11446
41396.068,10526,11446
41396.155,10527,11446
41396.217,10528,11446
41422.56,10529,11446
41423.93,10530,11446
41426.405,10531,11449
41428.945,10532,11449
41430.227,10533,11449
41432.411,10534,11449
41437.958,10535,11449
41438.566,10536,11449
41447.841,10537,11450
41449.773,10538,11450
41463.095,10539,11450
41463.813,10540,11450
41477.668,10541,11450
41478.952,10542,11450
41481.066,10543,11450
41489.085,10544,11450
41490.116,10545,11450
41495.039,10546,11450
41496.051,10547,11450
41497.153,10548,11451
41497.841,10549,11451
41500.204,10550,11451
41500.585,10551,11451
41503.294,10552,11452
41518.387,10553,11452
41519.595,10554,11452
41531.106,10555,11452
41531.316,10556,11452
41550.104,10557,11452
41550.546,10558,11452
41567.502,10559,11452
41571.555,10560,11452
41597.413,10561,11452
41598.407,10562,11452
41599.303,10563,11452
41600.124,10564,11453
41607.356,10565,11453
41615.195,10566,11453
41621.188,10567,11455
41623.903,10568,11455
41628.255,10569,11456
41629.53,10570,11457
41648.276,10571,11457
41654.346,10572,11457
41659.426,10573,11457
41664.841,10574,11458
41669.852,10575,11458
41683.667,10576,11460
41691.834,10577,11460
41692.669,10578,11460
41692.747,10579,11460
41695.966,10580,11460
41706.797,10581,11460
41728.946,10582,11460
41729.642,10583,11460
41733.988,10584,11460
41734.349,10585,11460
41736.599,10586,11460
41738.094,10587,11460
41738.237,10588,11460
41739.34,10589,11460
41739.415,10590,11460
41739.463,10591,11466
41740.31,10592,11466
41742.976,10593,11466
41744.007,10594,11466
41760.682,10595,11468
41781.489,10596,11468
41781.793,10597,11469
41782.922,10598,11469
41783.405,10599,11469
41794.053,10600,11479
41796.157,10601,11479
41801.101,10602,11479
41825.873,10603,11479
41828.639,10604,11479
41830.939,10605,11481
41836.293,10606,11481
41840.557,10607,11481
41869.983,10608,11481
41870.368,10609,11481
41875.395,10610,11481
41877.233,10611,11481
41878.141,10612,11481
41891.828,10613,11482
41899.603,10614,11482
41908.739,10615,11482
41919.969,10616,11482
41921.773,10617,11482
41923.728,10618,11482
41924.996,10619,11482
41927.274,10620,11482
41928.753,10621,11482
41931.164,10622,11482
41941.461,10623,11482
41947.754,10624,11482
41949.393,10625,11482
41954.771,10626,11482
41960.136,10627,11482
41963.183,10628,11482
41967.443,10629,11483
41974.863,10630,11483
41978.867,10631,11483
41988.849,10632,11483
41992.372,10633,11483
42018.919,10634,11483
42043.77,10635,11483
42043.942,10636,11483
42045.902,10637,11484
42068.616,10638,11484
42072.416,10639,11486
42077.925,10640,11486
42091.844,10641,11486
42094.801,10642,11486
42119.134,10643,11486
42130.571,10644,11486
42149.608,10645,11486
42151.23,10646,11486
42162.444,10647,11486
42231.673,10648,11486
42233.852,10649,11487
42234.624,10650,11487
42235.191,10651,11489
42239.168,10652,11489
42260.972,10653,11489
42271.705,10654,11489
42276.686,10655,11489
42295.991,10656,11489
42340.699,10657,11489
42340.925,10658,11489
42346.719,10659,11489
42347.414,10660,11489
42352.171,10661,11489
42352.72,10662,11489
42353.488,10663,11489
42355.064,10664,11489
42388.577,10665,11489
42389.628,10666,11489
42396.725,10667,11489
42396.836,10668,11494
42399.162,10669,11494
42400.432,10670,11494
42401.58,10671,11494
42404.047,10672,11494
42410.848,10673,11495
42411.15,10674,11495
42415.256,10675,11495
42422.346,10676,11495
42424.771,10677,11495
42428.741,10678,11497
42429.45,10679,11497
42431.178,10680,11498
42433.493,10681,11498
42441.814,10682,11498
42449.964,10683,11498
42454.964,10684,11498
42455.126,10685,11498
42455.306,10686,11499
42455.347,10687,11499
42456.151,10688,11499
42456.406,10689,11499
42459.099,10690,11503
42460.988,10691,11503
42462.042,10692,11503
42462.384,10693,11503
42463.789,10694,11505
42470.818,10695,11506
42471.76,10696,11506
42478.441,10697,11506
42485.146,10698,11507
42497.25,10699,11507
42497.37,10700,11507
42497.636,10701,11507
42502.019,10702,11507
42506.086,10703,11507
42518.214,10704,11507
42547.927,10705,11507
42548.169,10706,11507
42569.842,10707,11507
42587.119,10708,11507
42596.706,10709,11507
42598.209,10710,11507
42603.219,10711,11507
42603.613,10712,11507
42605.524,10713,11507
42616.551,10714,11507
42619.165,10715,11507
42667.057,10716,11507
42668.231,10717,11507
42669.31,10718,11507
42689.169,10719,11507
42693.222,10720,11507
42695.507,10721,11507
42696.247,10722,11507
42699.712,10723,11507
42699.742,10724,11507
42703.52,10725,11507
42720.126,10726,11507
42731.257,10727,11507
42745.517,10728,11507
42758.28,10729,11507
42761.416,10730,11507
42763.07,10731,11507
42763.234,10732,11507
42767.387,10733,11508
42774.848,10734,11508
42795.373,10735,11510
42795.498,10736,11510
42796.204,10737,11510
42846.765,10738,11510
42851.212,10739,11510
42856.291,10740,11510
42857.944,10741,11510
42859.469,10742,11510
42861.55,10743,11510
42867.295,10744,11510
42872.242,10745,11510
42872.955,10746,11510
42881.066,10747,11510
42885.123,10748,11510
42958.017,10749,11510
42967.636,10750,11510
42969.742,10751,11511
42970.957,10752,11511
42971.613,10753,11511
42981.748,10754,11511
42984.346,10755,11511
42984.604,10756,11511
42985.946,10757,11511
42986.034,10758,11511
42986.057,10759,11511
42986.299,10760,11511
42986.704,10761,11511
42987.307,10762,11512
42988.268,10763,11512
42988.663,10764,11512
42989.524,10765,11512
42989.673,10766,11512
42989.759,10767,11512
42989.834,10768,11512
42999.848,10769,11512
43004.145,10770,11512
43005.316,10771,11512
43013.094,10772,11512
43042.025,10773,11512
43042.179,10774,11512
43052.406,10775,11512
43054.906,10776,11512
43056.21,10777,11512
43061.587,10778,11512
43061.659,10779,11512
43061.683,10780,11512
43061.724,10781,11512
43061.751,10782,11512
43061.941,10783,11512
43062.039,10784,11512
43062.073,10785,11512
43062.144,10786,11512
43062.368,10787,11512
43062.583,10788,11512
43063.964,10789,11512
43065.132,10790,11512
43076.989,10791,11512
43086.443,10792,11512
43086.475,10793,11512
43086.87,10794,11512
43086.97,10795,11512
43087.167,10796,11512
43088.982,10797,11512
43090.779,10798,11512
43145.538,10799,11512
43165.364,10800,11512
43182.418,10801,11512
43183.304,10802,11512
43201.97,10803,11512
43225.55,10804,11512
43225.577,10805,11512
43230.088,10806,11512
43244.78,10807,11512
43252.856,10808,11512
43253.053,10809,11512
43253.418,10810,11512
43255.171,10811,11512
43270.849,10812,11512
43270.934,10813,11512
43271.429,10814,11512
43274.296,10815,11513
43277.738,10816,11513
43323.555,10817,11513
43345.395,10818,11514
43352.773,10819,11514
43355.482,10820,11514
43394.71,10821,11514
43395.122,10822,11514
43398.165,10823,11514
43425.893,10824,11514
43452.837,10825,11514
43461.423,10826,11516
43464.492,10827,11517
43479.233,10828,11517
43482.804,10829,11517
43490.913,10830,11517
43493.321,10831,11517
43510.933,10832,11517
43517.724,10833,11517
43527.546,10834,11517
43540.655,10835,11517
43540.851,10836,11517
43540.983,10837,11517
43541.845,10838,11517
43542.269,10839,11517
43543.462,10840,11517
43549.235,10841,11517
43554.258,10842,11517
43566.149,10843,11518
43604.395,10844,11518
43621.694,10845,11518
43621.912,10846,11518
43622.421,10847,11518
43626.362,10848,11518
43654.015,10849,11518
43654.056,10850,11518
43654.194,10851,11518
43655.021,10852,11518
43688.457,10853,11519
43707.082,10854,11519
43731.973,10855,11519
43776.874,10856,11519
43781.433,10857,11519
43790.712,10858,11519
43790.765,10859,11519
43791.269,10860,11519
43795.39,10861,11519
43796.898,10862,11519
43797.457,10863,11519
43798.239,10864,11519
43799.941,10865,11519
43801.975,10866,11519
43845.022,10867,11519
43854.002,10868,11519
43863.549,10869,11519
43915.19,10870,11519
43915.371,10871,11519
43915.425,10872,11519
43916.195,10873,11519
43917.385,10874,11519
43962.838,10875,11519
43968.341,10876,11519
43970.286,10877,11520
43977.351,10878,11520
43981.837,10879,11520
43982.194,10880,11520
43984.863,10881,11520
43990.777,10882,11520
43994.07,10883,11520
43998.234,10884,11520
44010.67,10885,11520
44014.599,10886,11520
44024.143,10887,11520
44026.742,10888,11520
44046.996,10889,11520
44047.191,10890,11520
44047.906,10891,11520
44049.791,10892,11520
44052.58,10893,11520
44075.204,10894,11521
44099.96,10895,11521
44116.44,10896,11521
44146.732,10897,11521
44147.771,10898,11521
44149.251,10899,11521
44162.338,10900,11521
44163.5,10901,11521
44178.925,10902,11521
44192.566,10903,11522
44199.569,10904,11522
44221.743,10905,11522
44223.605,10906,11522
44240.071,10907,11522
44292.836,10908,11522
44321.931,10909,11522
44380.95,10910,11522
44384.493,10911,11524
44391.439,10912,11524
44394.648,10913,11524
44399.21,10914,11524
44401.559,10915,11524
44406.417,10916,11524
44421.556,10917,11524
44421.622,10918,11524
44421.872,10919,11524
44425.511,10920,11524
44425.812,10921,11524
44447.181,10922,11524
44457.942,10923,11524
44474.556,10924,11524
44487.457,10925,11524
44489.63,10926,11524
44493.538,10927,11524
44493.871,10928,11524
44494.251,10929,11524
44500.126,10930,11524
44512.598,10931,11524
44541.574,10932,11524
44555.642,10933,11524
44562.804,10934,11524
44595.334,10935,11524
44607.9,10936,11524
44610.085,10937,11524
44622.966,10938,11525
44623.222,10939,11525
44639.368,10940,11525
44672.439,10941,11525
44699.357,10942,11527
44700.438,10943,11527
44702.931,10944,11527
44704.706,10945,11527
44704.766,10946,11527
44705.06,10947,11527
44708.115,10948,11527
44708.224,10949,11527
44709.156,10950,11527
44709.395,10951,11527
44710.757,10952,11527
44712.447,10953,11527
44713.062,10954,11527
44718.112,10955,11527
44725.988,10956,11527
44730.71,10957,11527
44732.761,10958,11527
44733.392,10959,11527
44739.823,10960,11527
44750.872,10961,11527
44769.342,10962,11527
44794.832,10963,11527
44799.334,10964,11527
44806.989,10965,11529
44809.18,10966,11529
44829.712,10967,11529
44843.81,10968,11529
44847.524,10969,11529
44856.192,10970,11529
44861.913,10971,11529
44862.437,10972,11529
44864.866,10973,11529
44865.6,10974,11529
44865.614,10975,11529
44870.22,10976,11529
44892.586,10977,11529
44892.781,10978,11529
44893.46,10979,11529
44895.428,10980,11529
44896.788,10981,11529
44898.589,10982,11529
44900.563,10983,11529
44901.601,10984,11529
44903.788,10985,11529
44905.36,10986,11529
44905.653,10987,11530
44905.79,10988,11530
44908.838,10989,11530
44913.405,10990,11530
44914.555,10991,11530
44931.264,10992,11530
44933.388,10993,11530
44934.106,10994,11530
44958.456,10995,11530
44962.633,10996,11530
45003.443,10997,11530
45007.191,10998,11531
45025.953,10999,11531
45038.739,11000,11531
45042.687,11001,11531
45055.448,11002,11531
45076.64,11003,11531
45112.097,11004,11532
45125.928,11005,11532
45134.354,11006,11532
45134.945,11007,11532
45137.934,11008,11532
45163.426,11009,11532
45174.024,11010,11532
45174.532,11011,11532
45182.624,11012,11532
45190.815,11013,11532
45193.391,11014,11532
45195.394,11015,11554
45201.664,11016,11554
45205.734,11017,11554
45213.68,11018,11554
45216.35,11019,11554
45216.621,11020,11554
45236.515,11021,11554
45242.168,11022,11554
45243.492,11023,11554
45257.384,11024,11554
45261.267,11025,11554
45261.464,11026,11554
45264.361,11027,11554
45268.169,11028,11554
45270.298,11029,11556
45280.483,11030,11556
45288.236,11031,11556
45290.434,11032,11556
45294.611,11033,11556
45295.654,11034,11556
45299.5,11035,11556
45321.183,11036,11556
45336.09,11037,11556
45338.683,11038,11556
45350.141,11039,11556
45350.859,11040,11556
45351.885,11041,11556
45356.505,11042,11556
45367.853,11043,11556
45377.053,11044,11556
45411.012,11045,11556
45411.903,11046,11557
45414.286,11047,11558
45418.484,11048,11558
45425.131,11049,11558
45450.063,11050,11558
45455.569,11051,11558
45464.459,11052,11558
45469.832,11053,11558
45514.43,11054,11558
45552.813,11055,11558
45559.961,11056,11558
45561.173,11057,11558
45562.569,11058,11558
45574.277,11059,11558
45574.682,11060,11558
45575.141,11061,11558
45581.385,11062,11558
45592.358,11063,11558
45625.497,11064,11558
45625.638,11065,11558
45627.675,11066,11558
45627.795,11067,11558
45628.176,11068,11558
45628.41,11069,11558
45628.586,11070,11558
45628.61,11071,11558
45629.354,11072,11558
45630.118,11073,11558
45634.569,11074,11558
45637.053,11075,11558
45639.469,11076,11558
45644.972,11077,11558
45650.323,11078,11558
45652.312,11079,11558
45653.041,11080,11558
45654.1,11081,11558
45654.666,11082,11560
45655.58,11083,11561
45656.454,11084,11561
45657.325,11085,11561
45657.768,11086,11561
45659.21,11087,11561
45661.035,11088,11561
45663.084,11089,11561
45663.895,11090,11561
45665.629,11091,11561
45687.574,11092,11561
45693.473,11093,11561
45694.722,11094,11561
45704.62,11095,11561
45713.352,11096,11561
45722.891,11097,11561
45724.408,11098,11561
45726.515,11099,11561
45751.642,11100,11561
45763.304,11101,11561
45792.241,11102,11561
45792.875,11103,11561
45794.442,11104,11561
45794.796,11105,11561
45798.013,11106,11561
45798.309,11107,11561
45802.634,11108,11561
45808.757,11109,11561
45812.856,11110,11561
45827.676,11111,11561
45832.944,11112,11561
45859.421,11113,11561
45880.777,11114,11561
45886.663,11115,11561
45896.421,11116,11561
45908.338,11117,11561
45909.991,11118,11561
45912.451,11119,11561
45923.877,11120,11562
45953.553,11121,11562
45955.664,11122,11562
45961.252,11123,11562
45963.154,11124,11562
45963.186,11125,11562
45965.656,11126,11562
45966.35,11127,11562
45967.973,11128,11562
45968.53,11129,11562
45971.93,11130,11562
45974.136,11131,11562
45985.819,11132,11562
45989.952,11133,11562
45992.38,11134,11562
45992.417,11135,11562
46020.194,11136,11562
46029.382,11137,11562
46043.378,11138,11562
46045.862,11139,11562
46057.464,11140,11562
46070.495,11141,11562
46070.934,11142,11562
46072.697,11143,11563
46073.663,11144,11563
46073.789,11145,11563
46074.032,11146,11563
46074.282,11147,11563
46079.198,11148,11563
46103.567,11149,11564
46121.431,11150,11564
46127.865,11151,11565
46152.329,11152,11565
46167.934,11153,11565
46174.629,11154,11565
46215.277,11155,11565
46228.65,11156,11565
46229.026,11157,11565
46241.235,11158,11565
46241.339,11159,11565
46242.716,11160,11565
46243.119,11161,11565
46252.201,11162,11565
46280.874,11163,11565
46282.246,11164,11565
46290.76,11165,11565
46301.162,11166,11565
46304.409,11167,11565
46304.733,11168,11565
46312.386,11169,11565
46313.055,11170,11565
46318.041,11171,11565
46321.633,11172,11565
46364.408,11173,11565
46365.232,11174,11565
46367.173,11175,11565
46384.253,11176,11565
46388.846,11177,11565
46418.293,11178,11565
46435.4,11179,11565
46458.382,11180,11565
46467.087,11181,11565
46481.395,11182,11565
46491.756,11183,11565
46497.236,11184,11565
46527.138,11185,11565
46530.568,11186,11565
46534.771,11187,11565
46544.023,11188,11566
46544.139,11189,11566
46545.403,11190,11566
46570.138,11191,11566
46585.42,11192,11566
46588.86,11193,11566
46595.195,11194,11566
46595.31,11195,11566
46596.656,11196,11566
46603.501,11197,11566
46604.848,11198,11566
46606.706,11199,11567
46611.288,11200,11568
46616.995,11201,11569
46617.855,11202,11569
46625.1,11203,11569
46647.859,11204,11569
46665.189,11205,11569
46667.362,11206,11569
46691.515,11207,11569
46708.316,11208,11570
46791.249,11209,11570
46844.219,11210,11570
46848.744,11211,11570
46848.821,11212,11570
46849.195,11213,11570
46849.515,11214,11570
46859.679,11215,11570
46864.064,11216,11571
46871.561,11217,11571
46881.49,11218,11572
46912.298,11219,11574
46915.544,11220,11574
46919.274,11221,11574
46938.265,11222,11574
46960.128,11223,11574
46962.053,11224,11574
46962.748,11225,11574
46981.201,11226,11574
46983.426,11227,11574
46992.779,11228,11574
47004.786,11229,11574
47004.825,11230,11575
47006.585,11231,11576
47006.684,11232,11577
47006.972,11233,11578
47007.467,11234,11579
47007.619,11235,11579
47009.307,11236,11580
47013.11,11237,11580
47015.976,11238,11580
47016.295,11239,11581
47024.671,11240,11581
47046.82,11241,11581
47047.648,11242,11581
47065.531,11243,11581
47086.434,11244,11581
47086.551,11245,11581
47087.714,11246,11581
47104.406,11247,11581
47111.533,11248,11582
47116.661,11249,11582
47117.147,11250,11582
47119.945,11251,11582
47125.386,11252,11582
47134.122,11253,11584
47147.823,11254,11584
47168.403,11255,11584
47168.432,11256,11586
47168.777,11257,11586
47170.865,11258,11589
47176.316,11259,11589
47178.033,11260,11589
47178.118,11261,11589
47179.813,11262,11589
47183.762,11263,11589
47185.423,11264,11589
47186.096,11265,11589
47188.942,11266,11590
47192.897,11267,11590
47217.568,11268,11590
47227.693,11269,11590
47232.045,11270,11590
47233.292,11271,11590
47255.372,11272,11590
47257.284,11273,11590
47276.711,11274,11590
47278.534,11275,11590
47279.748,11276,11590
47297.246,11277,11590
47297.311,11278,11590
47298.125,11279,11590
47299.283,11280,11590
47299.399,11281,11590
47299.477,11282,11590
47300.023,11283,11590
47300.465,11284,11590
47302.98,11285,11590
47312.198,11286,11590
47320.173,11287,11590
47327.211,11288,11590
47345.882,11289,11590
47346.186,11290,11590
47346.379,11291,11592
47349.861,11292,11592
47351.308,11293,11592
47351.369,11294,11592
47361.491,11295,11592
47368.128,11296,11592
47383.271,11297,11593
47386.096,11298,11594
47386.307,11299,11594
47386.48,11300,11595
47395.758,11301,11596
47397.625,11302,11596
47404.096,11303,11596
47404.649,11304,11596
47404.755,11305,11597
47404.819,11306,11597
47418.774,11307,11597
47425.1,11308,11597
47428.611,11309,11597
47428.841,11310,11597
47438.466,11311,11598
47475.761,11312,11598
47487.416,11313,11598
47553.601,11314,11602
47554.013,11315,11602
47554.585,11316,11602
47611.09,11317,11602
47620.661,11318,11602
47626.343,11319,11602
47626.925,11320,11602
47650.053,11321,11602
47670.455,11322,11602
47698.253,11323,11602
47698.676,11324,11602
47706.732,11325,11602
47719.896,11326,11602
47733.635,11327,11602
47748.948,11328,11602
47752.963,11329,11602
47770.705,11330,11602
47788.603,11331,11602
47841.72,11332,11602
47853.887,11333,11602
47854.844,11334,11602
47866.419,11335,11602
47877.903,11336,11602
47877.959,11337,11602
47879.146,11338,11602
47884.684,11339,11602
47886.107,11340,11609
47887.244,11341,11609
47914.022,11342,11609
47924.121,11343,11609
47940.496,11344,11609
47944.732,11345,11609
47968.087,11346,11609
47972.158,11347,11609
47982.268,11348,11609
47987.23,11349,11609
47987.373,11350,11609
47998.163,11351,11609
48000.049,11352,11609
48004.054,11353,11609
48011.033,11354,11609
48011.453,11355,11609
48012.041,11356,11609
48024.132,11357,11610
48034.023,11358,11610
48051.164,11359,11610
48051.207,11360,11610
48064.283,11361,11611
48064.408,11362,11611
48094.274,11363,11611
48108.819,11364,11615
48110.231,11365,11615
48115.468,11366,11615
48132.248,11367,11616
48138.957,11368,11618
48152.942,11369,11618
48172.544,11370,11618
48211.121,11371,11618
48211.238,11372,11618
48239.627,11373,11618
48257.385,11374,11618
48257.457,11375,11618
48259.717,11376,11618
48270.353,11377,11618
48298.049,11378,11618
48343.442,11379,11618
48400.666,11380,11618
48409.127,11381,11618
48418.101,11382,11619
48420.783,11383,11619
48421.058,11384,11619
48422.798,11385,11620
48423.288,11386,11620
48424.467,11387,11621
48432.09,11388,11621
48445.446,11389,11621
48446.547,11390,11621
48452.001,11391,11621
48471.515,11392,11621
48471.615,11393,11621
48473.606,11394,11621
48479.885,11395,11621
48479.927,11396,11621
48482.962,11397,11621
48483.186,11398,11621
48485.912,11399,11621
48505.54,11400,11621
48513.841,11401,11621
48514.521,11402,11621
48524.69,11403,11622
48532.728,11404,11622
48543.128,11405,11622
48545.613,11406,11622
48552.631,11407,11622
48579.275,11408,11622
48581.296,11409,11622
48611.537,11410,11622
48643.855,11411,11622
48644.551,11412,11622
48653.925,11413,11622
48655.443,11414,11622
48678.43,11415,11622
48787.736,11416,11622
48811.324,11417,11622
48823.17,11418,11622
48824.64,11419,11622
48839.199,11420,11622
48849.118,11421,11622
48852.304,11422,11622
48857.525,11423,11622
48862.613,11424,11622
48879.216,11425,11622
48885.313,11426,11622
48921.848,11427,11623
48931.896,11428,11623
48934.88,11429,11623
48935.14,11430,11623
48940.438,11431,11623
48947.475,11432,11623
48957.708,11433,11625
48994.543,11434,11626
48995.018,11435,11626
49008.509,11436,11626
49020.167,11437,11626
49026.326,11438,11626
49026.728,11439,11626
49026.744,11440,11626
49027.011,11441,11626
49031.106,11442,11626
49084.24,11443,11626
49084.694,11444,11626
49099.743,11445,11626
49100.257,11446,11626
49114.688,11447,11626
49135.336,11448,11626
49135.896,11449,11626
49157.046,11450,11626
49167.327,11451,11626
49198.271,11452,11626
49198.439,11453,11626
49198.465,11454,11626
49201.824,11455,11626
49202.802,11456,11626
49203.08,11457,11626
49204.034,11458,11626
49204.389,11459,11626
49206.789,11460,11626
49208.605,11461,11626
49216.442,11462,11626
49220.52,11463,11626
49221.058,11464,11626
49222.435,11465,11626
49259.846,11466,11626
49260.14,11467,11626
49265.626,11468,11626
49266.05,11469,11626
49279.646,11470,11627
49287.081,11471,11627
49297.492,11472,11627
49298.617,11473,11627
49298.844,11474,11627
49303.969,11475,11627
49305.813,11476,11627
49321.039,11477,11627
49341.458,11478,11627
49356.635,11479,11627
49373.915,11480,11627
49420.468,11481,11628
49424.081,11482,11628
49427.528,11483,11629
49442.254,11484,11629
49444.273,11485,11629
49445.561,11486,11629
49458.365,11487,11629
49496.065,11488,11629
49501.809,11489,11629
49536.738,11490,11629
49536.965,11491,11629
49537.915,11492,11629
49540.149,11493,11629
49542.413,11494,11629
49545.352,11495,11629
49547.302,11496,11629
49569.323,11497,11629
49580.692,11498,11629
49582.093,11499,11629
49588.378,11500,11629
49597.645,11501,11629
49603.585,11502,11629
49610.858,11503,11629
49612.1,11504,11629
49633.359,11505,11629
49633.375,11506,11629
49634.071,11507,11629
49653.815,11508,11629
49671.289,11509,11629
49698.871,11510,11629
49701.485,11511,11629
49706.354,11512,11629
49710.35,11513,11629
49710.894,11514,11629
49729.386,11515,11629
49735.65,11516,11629
49737.332,11517,11629
49781.672,11518,11629
49823.89,11519,11629
49827.903,11520,11629
49832.944,11521,11630
49837.987,11522,11632
49839.648,11523,11632
49865.517,11524,11632
49865.597,11525,11632
49885.803,11526,11632
49946.419,11527,11632
49974.444,11528,11632
49975.964,11529,11632
49985.666,11530,11632
50001.376,11531,11632
50017.723,11532,11632
50025.513,11533,11632
50025.643,11534,11632
50025.996,11535,11632
50026.368,11536,11632
50026.635,11537,11632
50030.066,11538,11632
50046.972,11539,11633
50053.159,11540,11633
50055.189,11541,11633
50061.533,11542,11634
50068.365,11543,11634
50117.338,11544,11635
50139.084,11545,11635
50151.496,11546,11635
50153.138,11547,11635
50165.779,11548,11635
50177.695,11549,11635
50186.252,11550,11635
50188.368,11551,11635
50192.697,11552,11635
50192.77,11553,11635
50200.49,11554,11635
50205.672,11555,11635
50215.157,11556,11635
50232.876,11557,11635
50245.062,11558,11635
50263.036,11559,11636
50293.467,11560,11636
50303.461,11561,11636
50304.631,11562,11636
50304.951,11563,11636
50313.573,11564,11636
50314.839,11565,11636
50315.116,11566,11636
50318.663,11567,11636
50323.093,11568,11638
50326.829,11569,11638
50330.021,11570,11638
50335.187,11571,11638
50338.485,11572,11640
50346.897,11573,11641
50367.141,11574,11641
50394.763,11575,11641
50395.896,11576,11641
50397.995,11577,11641
50412.03,11578,11641
50418.733,11579,11641
50432.481,11580,11641
50443.791,11581,11641
50457.734,11582,11641
50459.247,11583,11641
50466.748,11584,11641
50478.465,11585,11641
50483.242,11586,11641
50491.566,11587,11641
50491.717,11588,11641
50492.038,11589,11641
50492.767,11590,11641
50493.166,11591,11641
50497.839,11592,11641
50510.373,11593,11641
50525.725,11594,11641
50556.413,11595,11641
50567.601,11596,11641
50593.36,11597,11641
50601.847,11598,11641
50601.879,11599,11641
50602.106,11600,11641
50605.862,11601,11641
50639.642,11602,11641
50639.733,11603,11641
50647.249,11604,11641
50657.105,11605,11641
50672.359,11606,11641
50677.177,11607,11641
50685.627,11608,11641
50688.871,11609,11641
50689.302,11610,11641
50700.128,11611,11641
50701.45,11612,11641
50702.029,11613,11641
50715.31,11614,11641
50719.4,11615,11641
50787.321,11616,11641
50800.495,11617,11641
50817.346,11618,11641
50817.884,11619,11641
50844.9,11620,11641
50860.864,11621,11641
50861.415,11622,11641
50892.06,11623,11641
50894.506,11624,11641
50897.095,11625,11644
50956.54,11626,11644
50969.936,11627,11644
51019.029,11628,11644
51036.189,11629,11644
51039.475,11630,11644
51039.653,11631,11644
51051.938,11632,11644
51068.007,11633,11644
51070.074,11634,11644
51070.233,11635,11644
51077.619,11636,11644
51088.043,11637,11644
51089.41,11638,11644
51089.943,11639,11644
51091.462,11640,11644
51092.075,11641,11644
51094.107,11642,11644
51108.915,11643,11645
51141.261,11644,11645
51141.826,11645,11645
51154.763,11646,11645
51169.232,11647,11645
51192.73,11648,11645
51197.835,11649,11645
51222.313,11650,11645
51235.079,11651,11645
51235.394,11652,11645
51235.674,11653,11645
51236.318,11654,11645
51241.126,11655,11645
51276.632,11656,11645
51283.675,11657,11645
51284.132,11658,11645
51284.662,11659,11645
51284.919,11660,11645
51286.085,11661,11645
51287.094,11662,11645
51313.535,11663,11645
51316.94,11664,11645
51337.907,11665,11645
51340.214,11666,11645
51345.757,11667,11645
51350.898,11668,11646
51351.384,11669,11647
51352.065,11670,11648
51352.901,11671,11649
51356.551,11672,11650
51365.603,11673,11650
51370.905,11674,11650
51382.405,11675,11650
51385.85,11676,11651
51389.342,11677,11652
51391.607,11678,11653
51396.231,11679,11653
51420.968,11680,11653
51434.163,11681,11653
51434.319,11682,11653
51468.039,11683,11653
51469.141,11684,11653
51499.452,11685,11653
51525.709,11686,11653
51537.765,11687,11653
51601.137,11688,11653
51668.108,11689,11653
51674.327,11690,11653
51674.365,11691,11653
51675.323,11692,11653
51685.593,11693,11653
51695.542,11694,11653
51715.257,11695,11653
51719.394,11696,11653
51733.728,11697,11653
51734.472,11698,11653
51735.456,11699,11653
51736.434,11700,11653
51736.987,11701,11653
51738.434,11702,11653
51739.52,11703,11653
51742.332,11704,11653
51742.893,11705,11653
51742.947,11706,11653
51754.876,11707,11653
51778.936,11708,11653
51782.359,11709,11653
51782.835,11710,11653
51808.781,11711,11653
51819.897,11712,11653
51820.094,11713,11653
51821.445,11714,11653
51827.139,11715,11653
51831.676,11716,11653
51863.849,11717,11653
51865.727,11718,11653
51865.783,11719,11653
51866.537,11720,11653
51896.049,11721,11653
51896.441,11722,11653
51897.182,11723,11653
51898.733,11724,11653
51899.023,11725,11653
51900.319,11726,11653
51905.378,11727,11653
51908.194,11728,11653
51912.996,11729,11653
51948.376,11730,11653
51948.493,11731,11653
51956.146,11732,11653
51956.497,11733,11653
51993.014,11734,11653
52011.337,11735,11653
52018.916,11736,11653
52019.325,11737,11653
52021.354,11738,11653
52026.011,11739,11653
52030.581,11740,11653
52034.445,11741,11653
52043.504,11742,11653
52047.652,11743,11653
52051.825,11744,11653
52069.134,11745,11653
52072.534,11746,11654
52073.167,11747,11654
52082.504,11748,11654
52082.613,11749,11655
52095.903,11750,11655
52097.286,11751,11656
52103.366,11752,11656
52119.542,11753,11656
52127.395,11754,11656
52129.664,11755,11656
52167.192,11756,11656
52186.674,11757,11656
52194.204,11758,11656
52201.952,11759,11657
52205.182,11760,11658
52234.043,11761,11658
52235.616,11762,11658
52246.828,11763,11658
52254.86,11764,11658
52257.943,11765,11658
52266.844,11766,11658
52275.399,11767,11658
52291.941,11768,11658
52308.779,11769,11658
52310.133,11770,11658
52311.628,11771,11658
52333.779,11772,11658
52339.063,11773,11658
52341.19,11774,11658
52341.23,11775,11658
52341.33,11776,11658
52351.013,11777,11658
52353.466,11778,11658
52366.218,11779,11658
52371.347,11780,11658
52372.981,11781,11658
52373.303,11782,11658
52373.606,11783,11658
52375.185,11784,11658
52375.306,11785,11658
52375.472,11786,11658
52378.231,11787,11658
52378.729,11788,11658
52381.385,11789,11658
52381.595,11790,11658
52383.942,11791,11658
52398.804,11792,11658
52405.896,11793,11659
52419.337,11794,11659
52419.582,11795,11659
52421.904,11796,11659
52425.034,11797,11659
52425.777,11798,11659
52426.782,11799,11659
52438.031,11800,11659
52448.961,11801,11659
52451.274,11802,11659
52451.901,11803,11659
52454.688,11804,11659
52454.758,11805,11659
52455.702,11806,11659
52456.072,11807,11659
52456.289,11808,11659
52456.878,11809,11659
52460.22,11810,11659
52460.27,11811,11659
52463.367,11812,11659
52468.433,11813,11659
52473.73,11814,11659
52477.942,11815,11659
52481.633,11816,11659
52486.139,11817,11659
52501.739,11818,11659
52504.221,11819,11659
52505.042,11820,11659
52513.538,11821,11659
52513.647,11822,11659
52520.216,11823,11659
52520.734,11824,11659
52522.836,11825,11659
52525.674,11826,11659
52540.088,11827,11659
52542.232,11828,11659
52542.584,11829,11659
52549.978,11830,11659
52550.086,11831,11659
52550.442,11832,11659
52550.988,11833,11659
52551.013,11834,11659
52551.505,11835,11659
52555.292,11836,11660
52559.079,11837,11660
52562.23,11838,11660
52574.05,11839,11660
52576.998,11840,11660
52581.538,11841,11660
52593.978,11842,11660
52596.065,11843,11660
52622.923,11844,11660
52623.371,11845,11660
52630.299,11846,11660
52630.669,11847,11660
52631.765,11848,11660
52631.892,11849,11660
52641.22,11850,11660
52658.515,11851,11660
52658.65,11852,11660
52663.491,11853,11660
52666.857,11854,11660
52670.154,11855,11660
52676.578,11856,11660
52680.337,11857,11660
52696.607,11858,11660
52708.963,11859,11660
52753.042,11860,11660
52769.401,11861,11660
52786.932,11862,11660
52787.578,11863,11660
52788.504,11864,11660
52800.46,11865,11660
52800.853,11866,11660
52823.104,11867,11660
52825.583,11868,11660
52831.593,11869,11660
52840.507,11870,11662
52845.296,11871,11662
52845.677,11872,11662
52845.897,11873,11662
52851.898,11874,11662
52852.319,11875,11662
52852.635,11876,11662
52853.9,11877,11662
52860.88,11878,11662
52861.035,11879,11662
52863.655,11880,11662
52866.247,11881,11662
52869.616,11882,11662
52870.094,11883,11662
52870.461,11884,11662
52873.94,11885,11662
52875.677,11886,11662
52878.242,11887,11662
52886.829,11888,11668
52887.221,11889,11668
52887.34,11890,11668
52887.577,11891,11668
52887.745,11892,11668
52888.285,11893,11668
52888.509,11894,11668
52888.947,11895,11668
52889.128,11896,11668
52891.047,11897,11668
52891.252,11898,11668
52894.051,11899,11668
52894.446,11900,11668
52895.256,11901,11668
52896.061,11902,11668
52896.086,11903,11668
52897.028,11904,11668
52897.065,11905,11668
52897.078,11906,11668
52897.366,11907,11668
52897.863,11908,11668
52898.414,11909,11668
52898.581,11910,11668
52898.81,11911,11668
52900.726,11912,11668
52900.837,11913,11668
52901.414,11914,11668
52901.704,11915,11668
52903.0,11916,11668
52904.026,11917,11668
52905.973,11918,11668
52907.313,11919,11668
52909.465,11920,11668
52910.354,11921,11668
52911.304,11922,11668
52911.389,11923,11668
52913.099,11924,11668
52913.979,11925,11668
52914.431,11926,11668
52915.137,11927,11668
52916.02,11928,11668
52916.955,11929,11668
52963.99,11930,11668
52972.72,11931,11669
52973.409,11932,11669
52974.233,11933,11669
52974.931,11934,11669
52975.261,11935,11669
52976.792,11936,11669
52977.139,11937,11669
52977.753,11938,11669
52980.081,11939,11669
52987.14,11940,11669
52987.596,11941,11669
52992.317,11942,11669
53004.736,11943,11669
53015.194,11944,11669
53017.139,11945,11669
53017.236,11946,11669
53017.319,11947,11669
53017.606,11948,11669
53023.335,11949,11669
53028.557,11950,11669
53035.542,11951,11669
53039.229,11952,11669
53041.356,11953,11669
53043.502,11954,11669
53052.136,11955,11669
53057.505,11956,11669
53102.634,11957,11669
53113.245,11958,11669
53113.28,11959,11669
53117.511,11960,11669
53128.458,11961,11669
53128.894,11962,11669
53129.648,11963,11669
53130.975,11964,11669
53149.752,11965,11669
53157.633,11966,11669
53167.526,11967,11669
53170.44,11968,11669
53171.651,11969,11669
53187.83,11970,11669
53189.755,11971,11669
53190.247,11972,11669
53191.487,11973,11669
53192.112,11974,11669
53208.591,11975,11669
53210.978,11976,11669
53227.24,11977,11669
53243.11,11978,11669
53255.511,11979,11669
53272.568,11980,11669
53273.133,11981,11670
53274.567,11982,11671
53284.943,11983,11671
53290.988,11984,11671
53306.745,11985,11671
53307.797,11986,11671
53309.442,11987,11671
53312.977,11988,11671
53315.382,11989,11671
53319.804,11990,11671
53331.185,11991,11671
53331.215,11992,11671
53333.273,11993,11671
53335.375,11994,11671
53344.473,11995,11671
53349.049,11996,11671
53352.318,11997,11671
53356.93,11998,11671
53358.133,11999,11671
53359.337,12000,11677
53363.325,12001,11677
53371.407,12002,11677
53382.396,12003,11677
53396.149,12004,11677
53402.176,12005,11677
53402.742,12006,11677
53406.528,12007,11677
53423.491,12008,11677
53423.595,12009,11677
53423.948,12010,11677
53424.051,12011,11677
53424.125,12012,11677
53424.232,12013,11677
53426.233,12014,11677
53428.916,12015,11677
53433.578,12016,11677
53441.97,12017,11677
53445.626,12018,11677
53474.054,12019,11677
53507.609,12020,11677
53514.271,12021,11677
53515.159,12022,11677
53516.357,12023,11677
53516.709,12024,11677
53545.032,12025,11677
53545.358,12026,11677
53545.659,12027,11677
53545.863,12028,11677
53546.088,12029,11677
53549.004,12030,11678
53550.304,12031,11678
53551.68,12032,11678
53565.552,12033,11678
53581.773,12034,11678
53592.699,12035,11678
53592.789,12036,11678
53592.94,12037,11678
53593.5,12038,11678
53593.72,12039,11678
53595.069,12040,11678
53596.719,12041,11678
53598.813,12042,11678
53599.012,12043,11678
53609.955,12044,11678
53633.69,12045,11678
53638.243,12046,11678
53638.371,12047,11678
53652.688,12048,11678
53659.668,12049,11678
53661.154,12050,11678
53687.715,12051,11678
53688.606,12052,11679
53702.507,12053,11679
53711.408,12054,11679
53713.363,12055,11679
53716.865,12056,11679
53717.057,12057,11679
53718.124,12058,11679
53736.273,12059,11679
53736.445,12060,11679
53743.655,12061,11679
53743.986,12062,11679
53774.134,12063,11679
53778.889,12064,11679
53795.549,12065,11679
53799.069,12066,11679
53800.883,12067,11681
53812.632,12068,11681
53813.142,12069,11681
53824.148,12070,11681
53824.725,12071,11681
53829.103,12072,11681
53835.76,12073,11681
53839.311,12074,11681
53841.621,12075,11681
53841.799,12076,11681
53862.354,12077,11681
53877.072,12078,11681
53879.529,12079,11681
53883.192,12080,11681
53888.396,12081,11681
53898.497,12082,11681
53902.354,12083,11681
53903.315,12084,11681
53907.709,12085,11681
53909.057,12086,11681
53911.682,12087,11681
53912.41,12088,11681
53912.523,12089,11681
53936.356,12090,11681
53937.05,12091,11681
53937.841,12092,11681
53938.98,12093,11681
53960.509,12094,11681
53960.954,12095,11681
53975.722,12096,11681
53977.874,12097,11681
53982.599,12098,11681
53988.754,12099,11681
54022.037,12100,11681
54032.342,12101,11681
54033.017,12102,11681
54042.026,12103,11681
54042.312,12104,11681
54042.391,12105,11681
54045.633,12106,11681
54049.692,12107,11681
54065.448,12108,11681
54072.857,12109,11681
54078.34,12110,11681
54078.924,12111,11681
54078.98,12112,11681
54079.289,12113,11681
54079.646,12114,11681
54084.058,12115,11681
54088.169,12116,11681
54095.648,12117,11681
54096.245,12118,11681
54097.371,12119,11681
54100.397,12120,11681
54110.2,12121,11682
54114.55,12122,11682
54114.569,12123,11682
54142.98,12124,11682
54143.814,12125,11682
54147.998,12126,11682
54150.548,12127,11682
54169.69,12128,11682
54170.214,12129,11682
54175.066,12130,11682
54177.16,12131,11682
54180.856,12132,11689
54185.761,12133,11689
54186.027,12134,11689
54197.028,12135,11689
54198.79,12136,11689
54201.321,12137,11689
54207.038,12138,11689
54207.5,12139,11689
54207.729,12140,11689
54208.679,12141,11689
54218.491,12142,11689
54229.502,12143,11689
54251.64,12144,11689
54253.736,12145,11689
54254.14,12146,11689
54254.654,12147,11689
54271.192,12148,11689
54292.326,12149,11691
54309.621,12150,11691
54315.223,12151,11691
54325.241,12152,11691
54329.457,12153,11691
54331.427,12154,11691
54331.725,12155,11691
54335.981,12156,11691
54336.188,12157,11691
54336.983,12158,11691
54362.864,12159,11691
54364.963,12160,11691
54365.117,12161,11691
54365.285,12162,11691
54376.417,12163,11691
54376.622,12164,11691
54398.942,12165,11691
54402.74,12166,11691
54402.769,12167,11691
54403.088,12168,11691
54404.289,12169,11691
54405.11,12170,11691
54405.948,12171,11691
54408.36,12172,11692
54411.127,12173,11692
54413.867,12174,11692
54426.418,12175,11692
54441.271,12176,11692
54448.965,12177,11692
54449.316,12178,11692
54455.194,12179,11692
54455.233,12180,11692
54466.94,12181,11692
54467.889,12182,11692
54472.477,12183,11692
54472.491,12184,11692
54487.412,12185,11692
54489.597,12186,11692
54489.822,12187,11692
54503.674,12188,11692
54505.296,12189,11692
54505.404,12190,11692
54506.423,12191,11692
54506.722,12192,11692
54509.095,12193,11693
54512.433,12194,11693
54513.303,12195,11693
54524.478,12196,11693
54527.974,12197,11693
54538.215,12198,11693
54562.528,12199,11693
54573.625,12200,11693
54581.95,12201,11693
54593.219,12202,11693
54623.423,12203,11693
54644.196,12204,11693
54672.842,12205,11693
54695.079,12206,11694
54702.14,12207,11694
54703.267,12208,11694
54706.544,12209,11694
54721.528,12210,11694
54723.657,12211,11694
54723.786,12212,11694
54724.977,12213,11694
54727.594,12214,11694
54744.346,12215,11694
54765.596,12216,11694
54765.676,12217,11694
54774.527,12218,11694
54781.821,12219,11694
54797.59,12220,11694
54828.365,12221,11694
54838.694,12222,11694
54839.435,12223,11694
54846.065,12224,11694
54885.047,12225,11694
54893.552,12226,11694
54897.051,12227,11694
54897.169,12228,11694
54897.66,12229,11694
54899.407,12230,11694
54901.828,12231,11694
54902.494,12232,11694
54908.665,12233,11694
54912.276,12234,11695
54920.163,12235,11695
54923.26,12236,11695
54949.148,12237,11695
54962.023,12238,11695
54962.158,12239,11695
54962.45,12240,11695
54962.472,12241,11695
54963.306,12242,11695
54965.69,12243,11695
54965.823,12244,11695
54967.075,12245,11695
54969.446,12246,11695
54973.539,12247,11695
54974.733,12248,11695
55007.061,12249,11695
55007.761,12250,11696
55008.084,12251,11696
55009.015,12252,11696
55010.268,12253,11696
55031.564,12254,11696
55032.835,12255,11696
55032.875,12256,11696
55033.594,12257,11696
55033.674,12258,11696
55034.386,12259,11696
55034.684,12260,11696
55034.744,12261,11696
55035.193,12262,11696
55036.541,12263,11696
55036.867,12264,11696
55036.892,12265,11696
55037.96,12266,11696
55038.383,12267,11696
55038.946,12268,11696
55040.003,12269,11696
55040.331,12270,11696
55041.075,12271,11696
55041.991,12272,11696
55042.645,12273,11697
55043.636,12274,11697
55045.362,12275,11697
55045.811,12276,11697
55046.93,12277,11697
55048.398,12278,11697
55048.657,12279,11697
55049.394,12280,11697
55049.583,12281,11697
55050.774,12282,11697
55051.297,12283,11697
55052.502,12284,11697
55054.235,12285,11699
55056.471,12286,11699
55057.253,12287,11700
55059.289,12288,11700
55059.498,12289,11700
55060.301,12290,11700
55067.422,12291,11700
55068.812,12292,11700
55069.625,12293,11700
55069.678,12294,11700
55070.178,12295,11700
55070.507,12296,11700
55071.192,12297,11700
55092.784,12298,11700
55096.699,12299,11700
55097.325,12300,11700
55139.444,12301,11700
55144.653,12302,11700
55146.499,12303,11700
55147.154,12304,11700
55151.667,12305,11700
55161.134,12306,11700
55192.745,12307,11700
55194.097,12308,11700
55204.653,12309,11700
55204.693,12310,11700
55204.925,12311,11700
55205.108,12312,11700
55205.384,12313,11700
55205.546,12314,11700
55206.534,12315,11700
55207.462,12316,11700
55212.488,12317,11700
55212.998,12318,11700
55219.455,12319,11701
55220.114,12320,11701
55254.326,12321,11701
55273.172,12322,11701
55298.381,12323,11701
55306.626,12324,11701
55306.706,12325,11701
55308.828,12326,11701
55311.318,12327,11701
55312.117,12328,11701
55317.078,12329,11701
55330.971,12330,11701
55331.139,12331,11701
55333.694,12332,11701
55335.616,12333,11701
55336.151,12334,11701
55344.894,12335,11701
55368.683,12336,11701
55369.13,12337,11701
55380.204,12338,11701
55381.423,12339,11701
55399.101,12340,11701
55401.244,12341,11701
55405.248,12342,11701
55405.286,12343,11701
55405.659,12344,11701
55405.869,12345,11701
55407.059,12346,11701
55407.406,12347,11701
55407.767,12348,11701
55408.156,12349,11701
55414.603,12350,11701
55425.064,12351,11701
55448.439,12352,11701
55448.457,12353,11701
55448.631,12354,11701
55449.253,12355,11701
55456.567,12356,11701
55456.654,12357,11701
55461.359,12358,11701
55462.171,12359,11701
55486.982,12360,11701
55501.341,12361,11701
55501.991,12362,11701
55504.716,12363,11701
55514.094,12364,11701
55514.173,12365,11701
55515.304,12366,11701
55519.37,12367,11701
55519.7,12368,11701
55528.66,12369,11701
55540.254,12370,11701
55545.072,12371,11701
55545.565,12372,11701
55578.63,12373,11701
55578.902,12374,11701
55608.69,12375,11701
55626.326,12376,11701
55632.665,12377,11701
55641.441,12378,11701
55641.603,12379,11701
55646.057,12380,11701
55646.862,12381,11701
55647.454,12382,11701
55649.37,12383,11701
55657.696,12384,11701
55661.064,12385,11701
55661.835,12386,11701
55671.845,12387,11701
55673.383,12388,11701
55680.657,12389,11701
55680.678,12390,11701
55680.975,12391,11701
55683.09,12392,11701
55684.333,12393,11701
55710.346,12394,11701
55722.925,12395,11701
55723.458,12396,11701
55728.931,12397,11701
55729.405,12398,11701
55729.535,12399,11701
55730.738,12400,11701
55738.337,12401,11701
55745.956,12402,11701
55750.81,12403,11701
55783.42,12404,11701
55790.408,12405,11701
55808.692,12406,11701
55813.283,12407,11701
55813.341,12408,11701
55841.778,12409,11701
55846.772,12410,11701
55847.065,12411,11701
55847.463,12412,11701
55847.986,12413,11701
55849.365,12414,11701
55853.858,12415,11701
55877.255,12416,11701
55878.238,12417,11701
55883.765,12418,11701
55885.904,12419,11701
55887.422,12420,11701
55893.056,12421,11701
55913.219,12422,11701
55915.118,12423,11701
55936.948,12424,11701
55937.001,12425,11701
55937.103,12426,11701
55939.276,12427,11701
55943.632,12428,11701
55951.006,12429,11701
55976.286,12430,11701
55983.973,12431,11701
55991.433,12432,11702
56003.632,12433,11702
56004.195,12434,11702
56004.468,12435,11702
56021.079,12436,11702
56036.168,12437,11702
56041.003,12438,11702
56053.013,12439,11702
56057.7,12440,11702
56064.868,12441,11702
56103.258,12442,11702
56104.378,12443,11702
56116.477,12444,11702
56116.566,12445,11702
56119.598,12446,11702
56128.046,12447,11702
56143.314,12448,11702
56159.961,12449,11702
56163.168,12450,11702
56165.041,12451,11702
56165.053,12452,11702
56167.124,12453,11702
56167.583,12454,11702
56181.06,12455,11702
56193.158,12456,11702
56198.673,12457,11702
56198.701,12458,11702
56198.721,12459,11702
56198.963,12460,11702
56199.59,12461,11702
56211.278,12462,11702
56218.694,12463,11702
56238.06,12464,11702
56258.974,12465,11702
56259.009,12466,11702
56274.026,12467,11702
56274.16,12468,11702
56274.294,12469,11702
56274.594,12470,11702
56274.687,12471,11702
56275.701,12472,11702
56276.242,12473,11702
56277.683,12474,11702
56278.616,12475,11702
56278.634,12476,11702
56285.821,12477,11702
56286.801,12478,11702
56294.149,12479,11702
56297.966,12480,11702
56302.204,12481,11706
56307.687,12482,11708
56324.292,12483,11708
56324.815,12484,11708
56325.042,12485,11708
56325.109,12486,11708
56325.915,12487,11708
56327.126,12488,11708
56330.891,12489,11708
56334.357,12490,11708
56360.071,12491,11708
56363.092,12492,11708
56370.507,12493,11708
56402.563,12494,11708
56404.255,12495,11708
56406.748,12496,11708
56408.915,12497,11708
56410.481,12498,11708
56410.672,12499,11708
56411.63,12500,11708
56414.375,12501,11708
56429.095,12502,11708
56435.64,12503,11711
56464.398,12504,11711
56464.475,12505,11711
56482.107,12506,11711
56487.96,12507,11711
56488.527,12508,11711
56494.072,12509,11711
56531.441,12510,11711
56568.463,12511,11711
56568.532,12512,11711
56569.606,12513,11711
56577.622,12514,11711
56578.901,12515,11711
56579.578,12516,11711
56580.13,12517,11711
56582.333,12518,11711
56588.945,12519,11711
56593.736,12520,11711
56603.584,12521,11711
56603.727,12522,11711
56605.518,12523,11711
56630.755,12524,11711
56636.785,12525,11711
56641.296,12526,11711
56648.72,12527,11711
56649.672,12528,11711
56651.517,12529,11711
56651.786,12530,11712
56653.194,12531,11712
56653.394,12532,11712
56653.827,12533,11712
56658.107,12534,11712
56661.487,12535,11712
56661.698,12536,11712
56665.161,12537,11712
56679.752,12538,11712
56679.839,12539,11712
56680.61,12540,11712
56683.311,12541,11712
56687.052,12542,11712
56689.263,12543,11712
56705.079,12544,11713
56705.377,12545,11714
56705.534,12546,11715
56711.668,12547,11716
56727.626,12548,11716
56728.618,12549,11716
56732.754,12550,11716
56738.109,12551,11718
56738.758,12552,11718
56740.785,12553,11718
56740.894,12554,11718
56794.212,12555,11718
56795.132,12556,11718
56806.035,12557,11718
56812.856,12558,11718
56812.879,12559,11718
56816.692,12560,11718
56817.031,12561,11718
56820.706,12562,11718
56822.907,12563,11718
56831.413,12564,11718
56834.837,12565,11718
56842.261,12566,11718
56843.117,12567,11718
56852.473,12568,11718
56853.787,12569,11718
56853.819,12570,11718
56853.899,12571,11718
56854.141,12572,11718
56854.167,12573,11718
56856.418,12574,11718
56857.859,12575,11718
56859.391,12576,11718
56860.161,12577,11723
56862.328,12578,11723
56870.064,12579,11723
56887.136,12580,11724
56889.41,12581,11724
56890.722,12582,11724
56894.369,12583,11724
56895.389,12584,11724
56895.497,12585,11724
56911.96,12586,11726
56912.264,12587,11726
56912.447,12588,11726
56912.498,12589,11726
56912.765,12590,11726
56912.787,12591,11727
56914.994,12592,11728
56915.356,12593,11728
56916.75,12594,11728
56921.421,12595,11728
56921.9,12596,11728
56922.356,12597,11728
56927.362,12598,11728
56932.932,12599,11728
56933.211,12600,11728
56933.756,12601,11728
56934.297,12602,11728
56936.848,12603,11728
56937.363,12604,11728
56938.225,12605,11729
56941.281,12606,11730
56950.623,12607,11730
56951.308,12608,11730
56956.939,12609,11730
56957.461,12610,11730
56958.171,12611,11730
56966.712,12612,11730
56966.743,12613,11730
56966.766,12614,11730
56967.007,12615,11730
56988.668,12616,11730
56992.237,12617,11730
56992.267,12618,11730
57034.806,12619,11730
57034.831,12620,11730
57037.484,12621,11730
57038.855,12622,11730
57072.615,12623,11730
57072.669,12624,11730
57083.997,12625,11730
57097.022,12626,11731
57108.915,12627,11731
57108.979,12628,11731
57109.045,12629,11731
57116.346,12630,11731
57135.177,12631,11731
57135.561,12632,11731
57161.964,12633,11731
57163.538,12634,11731
57166.656,12635,11731
57166.689,12636,11731
57216.316,12637,11731
57216.763,12638,11731
57218.107,12639,11731
57218.663,12640,11731
57226.252,12641,11731
57243.858,12642,11731
57261.826,12643,11731
57264.181,12644,11731
57286.959,12645,11731
57288.477,12646,11731
57295.245,12647,11731
57297.425,12648,11732
57307.247,12649,11732
57312.851,12650,11732
57316.085,12651,11732
57334.598,12652,11737
57335.434,12653,11737
57337.195,12654,11737
57337.52,12655,11752
57344.682,12656,11752
57359.531,12657,11757
57365.272,12658,11757
57365.525,12659,11757
57383.436,12660,11758
57409.74,12661,11758
57421.553,12662,11759
57456.455,12663,11759
57456.594,12664,11759
57456.712,12665,11759
57456.741,12666,11759
57457.234,12667,11759
57467.2,12668,11759
57471.574,12669,11759
57473.039,12670,11759
57479.59,12671,11759
57481.51,12672,11759
57482.58,12673,11761
57503.482,12674,11761
57503.705,12675,11761
57503.747,12676,11761
57503.883,12677,11761
57510.986,12678,11761
57515.356,12679,11761
57526.447,12680,11761
57532.0,12681,11761
57532.469,12682,11761
57546.456,12683,11762
57547.333,12684,11762
57592.425,12685,11762
57592.858,12686,11762
57594.587,12687,11762
57595.455,12688,11762
57596.186,12689,11762
57597.788,12690,11762
57598.14,12691,11762
57605.606,12692,11762
57611.178,12693,11762
57611.562,12694,11762
57638.301,12695,11762
57641.334,12696,11762
57647.307,12697,11763
57655.335,12698,11763
57655.874,12699,11763
57656.576,12700,11763
57672.436,12701,11763
57687.728,12702,11763
57689.605,12703,11763
57695.756,12704,11763
57717.784,12705,11763
57729.602,12706,11763
57733.717,12707,11763
57735.137,12708,11763
57736.002,12709,11763
57736.842,12710,11763
57748.142,12711,11763
57774.675,12712,11763
57779.245,12713,11763
57780.135,12714,11763
57792.75,12715,11763
57794.306,12716,11763
57806.143,12717,11763
57807.235,12718,11763
57815.711,12719,11763
57816.333,12720,11763
57816.846,12721,11763
57817.57,12722,11763
57836.716,12723,11763
57836.886,12724,11763
57837.484,12725,11763
57875.093,12726,11763
57911.036,12727,11763
57918.756,12728,11763
57918.837,12729,11763
57919.477,12730,11763
57920.063,12731,11763
57922.612,12732,11763
57929.14,12733,11763
57933.87,12734,11763
57950.235,12735,11763
58045.087,12736,11763
58045.131,12737,11763
58045.22,12738,11763
58048.609,12739,11763
58050.328,12740,11763
58052.461,12741,11763
58059.076,12742,11763
58080.142,12743,11763
58081.127,12744,11763
58091.152,12745,11763
58097.44,12746,11763
58098.114,12747,11763
58099.298,12748,11763
58112.816,12749,11763
58113.81,12750,11763
58116.549,12751,11763
58126.049,12752,11763
58130.488,12753,11763
58154.417,12754,11763
58171.596,12755,11763
58202.671,12756,11763
58228.453,12757,11763
58251.75,12758,11763
58251.81,12759,11763
58269.623,12760,11763
58299.328,12761,11763
58299.356,12762,11763
58301.559,12763,11763
58305.747,12764,11763
58309.406,12765,11763
58322.525,12766,11763
58323.142,12767,11763
58329.942,12768,11763
58334.279,12769,11763
58341.687,12770,11763
58346.688,12771,11763
58350.095,12772,11763
58351.014,12773,11763
58366.407,12774,11765
58369.822,12775,11765
58380.765,12776,11765
58392.632,12777,11765
58406.84,12778,11765
58407.272,12779,11765
58426.037,12780,11765
58426.455,12781,11765
58442.531,12782,11765
58442.973,12783,11765
58445.698,12784,11765
58448.614,12785,11765
58451.323,12786,11765
58460.579,12787,11765
58462.397,12788,11765
58473.753,12789,11765
58518.577,12790,11765
58519.617,12791,11765
58524.532,12792,11765
58528.115,12793,11765
58531.536,12794,11765
58561.724,12795,11765
58563.265,12796,11765
58565.495,12797,11767
58608.986,12798,11767
58629.644,12799,11767
58632.814,12800,11767
58633.937,12801,11767
58633.954,12802,11767
58634.013,12803,11767
58650.962,12804,11767
58653.484,12805,11767
58663.672,12806,11767
58683.26,12807,11767
58693.197,12808,11767
58693.493,12809,11767
58693.963,12810,11767
58707.992,12811,11767
58708.773,12812,11767
58709.184,12813,11767
58714.791,12814,11767
58739.923,12815,11767
58746.144,12816,11767
58746.543,12817,11767
58747.401,12818,11767
58754.341,12819,11767
58764.852,12820,11767
58764.955,12821,11767
58765.296,12822,11767
58791.278,12823,11767
58804.625,12824,11768
58814.913,12825,11768
58819.341,12826,11768
58820.144,12827,11768
58826.967,12828,11768
58827.111,12829,11768
58827.218,12830,11768
58848.319,12831,11768
58853.965,12832,11768
58888.704,12833,11768
58912.301,12834,11768
58912.322,12835,11768
58912.403,12836,11768
58926.551,12837,11768
58959.721,12838,11768
58978.528,12839,11768
58978.577,12840,11768
58979.001,12841,11768
58979.615,12842,11769
58990.993,12843,11769
58993.022,12844,11769
59017.883,12845,11769
59019.237,12846,11769
59035.545,12847,11769
59036.8,12848,11769
59038.938,12849,11769
59039.815,12850,11769
59046.765,12851,11769
59048.123,12852,11769
59065.451,12853,11769
59073.798,12854,11769
59073.972,12855,11769
59097.003,12856,11769
59099.73,12857,11769
59106.86,12858,11769
59109.456,12859,11769
59112.41,12860,11769
59116.19,12861,11769
59118.43,12862,11769
59134.136,12863,11769
59156.442,12864,11769
59163.799,12865,11769
59171.414,12866,11769
59171.515,12867,11769
59174.157,12868,11769
59198.872,12869,11769
59199.097,12870,11769
59199.166,12871,11769
59214.573,12872,11769
59235.284,12873,11769
59280.758,12874,11769
59289.572,12875,11769
59325.763,12876,11769
59331.798,12877,11769
59342.956,12878,11769
59357.861,12879,11769
59358.54,12880,11769
59376.545,12881,11769
59376.839,12882,11769
59377.155,12883,11769
59419.481,12884,11769
59425.553,12885,11769
59426.179,12886,11769
59431.073,12887,11769
59442.042,12888,11769
59442.186,12889,11769
59464.479,12890,11769
59466.512,12891,11769
59484.344,12892,11769
59487.51,12893,11769
59488.54,12894,11769
59492.159,12895,11769
59512.911,12896,11769
59512.993,12897,11769
59525.558,12898,11769
59526.266,12899,11769
59527.167,12900,11769
59530.055,12901,11769
59531.635,12902,11769
59532.497,12903,11769
59536.813,12904,11769
59546.717,12905,11769
59549.902,12906,11769
59552.888,12907,11769
59562.69,12908,11769
59562.756,12909,11769
59563.41,12910,11769
59564.226,12911,11769
59566.83,12912,11769
59570.744,12913,11769
59588.787,12914,11769
59590.111,12915,11769
59601.067,12916,11769
59631.939,12917,11769
59632.461,12918,11769
59677.201,12919,11769
59682.136,12920,11769
59683.191,12921,11769
59688.906,12922,11769
59698.889,12923,11769
59698.918,12924,11769
59706.707,12925,11769
59706.852,12926,11769
59719.718,12927,11769
59728.078,12928,11769
59729.14,12929,11769
59732.799,12930,11769
59733.538,12931,11769
59768.649,12932,11769
59769.597,12933,11769
59827.842,12934,11769
59827.916,12935,11769
59829.987,12936,11769
59830.69,12937,11769
59847.652,12938,11769
59866.759,12939,11769
59879.387,12940,11769
59880.594,12941,11769
59893.42,12942,11769
59893.572,12943,11769
59900.427,12944,11769
59901.97,12945,11769
59916.319,12946,11769
59941.489,12947,11769
59959.559,12948,11769
59975.965,12949,11769
59978.075,12950,11769
59978.305,12951,11769
60023.823,12952,11769
60048.335,12953,11769
60053.885,12954,11769
60055.968,12955,11769
60057.349,12956,11769
60074.82,12957,11769
60078.05,12958,11769
60078.103,12959,11769
60078.188,12960,11769
60078.547,12961,11769
60078.575,12962,11769
60078.724,12963,11769
60078.931,12964,11769
60079.986,12965,11769
60080.291,12966,11769
60081.446,12967,11769
60082.229,12968,11769
60089.828,12969,11769
60093.285,12970,11769
60106.177,12971,11769
60128.381,12972,11769
60132.813,12973,11769
60141.351,12974,11769
60141.483,12975,11769
60141.943,12976,11769
60144.184,12977,11769
60145.27,12978,11769
60148.5,12979,11769
60156.731,12980,11769
60159.186,12981,11769
60160.817,12982,11769
60160.949,12983,11769
60162.091,12984,11769
60168.558,12985,11769
60170.602,12986,11769
60178.804,12987,11769
60181.131,12988,11769
60192.572,12989,11769
60192.783,12990,11769
60227.199,12991,11769
60231.065,12992,11769
60246.306,12993,11769
60246.371,12994,11769
60246.817,12995,11769
60253.897,12996,11769
60267.83,12997,11769
60268.434,12998,11769
60270.507,12999,11769
60272.64,13000,11769
60274.302,13001,11769
60309.826,13002,11769
60317.972,13003,11770
60329.13,13004,11770
60336.324,13005,11770
60337.897,13006,11771
60350.178,13007,11771
60354.959,13008,11771
60363.984,13009,11771
60369.533,13010,11771
60372.603,13011,11771
60387.7,13012,11771
60399.481,13013,11771
60428.843,13014,11771
60434.784,13015,11771
60439.211,13016,11771
60439.235,13017,11771
60451.362,13018,11771
60454.351,13019,11771
60459.313,13020,11771
60467.169,13021,11771
60492.424,13022,11771
60495.49,13023,11771
60500.707,13024,11771
60522.727,13025,11771
60522.956,13026,11771
60523.329,13027,11771
60538.911,13028,11771
60550.204,13029,11771
60563.925,13030,11771
60565.161,13031,11771
60565.568,13032,11771
60565.62,13033,11771
60566.363,13034,11772
60569.09,13035,11776
60569.592,13036,11776
60570.306,13037,11776
60573.336,13038,11776
60575.437,13039,11776
60580.474,13040,11776
60585.51,13041,11776
60589.318,13042,11778
60589.681,13043,11778
60589.795,13044,11778
60589.975,13045,11778
60590.535,13046,11778
60590.935,13047,11778
60591.632,13048,11778
60591.79,13049,11778
60593.968,13050,11778
60594.919,13051,11778
60595.744,13052,11778
60596.22,13053,11778
60596.681,13054,11778
60597.332,13055,11778
60600.59,13056,11778
60600.828,13057,11778
60600.954,13058,11778
60602.075,13059,11778
60604.147,13060,11778
60605.415,13061,11778
60607.616,13062,11778
60608.324,13063,11778
60613.664,13064,11778
60617.754,13065,11778
60618.15,13066,11778
60620.464,13067,11778
60622.173,13068,11778
60643.378,13069,11778
60660.864,13070,11778
60661.165,13071,11778
60668.319,13072,11778
60668.544,13073,11778
60678.983,13074,11778
60693.68,13075,11778
60707.902,13076,11778
60725.689,13077,11778
60725.909,13078,11778
60726.174,13079,11778
60726.227,13080,11778
60729.042,13081,11779
60730.935,13082,11779
60737.341,13083,11779
60740.167,13084,11779
60741.567,13085,11779
60741.873,13086,11779
60755.988,13087,11779
60771.374,13088,11779
60773.867,13089,11779
60774.38,13090,11779
60784.126,13091,11780
60796.917,13092,11780
60797.335,13093,11780
60826.135,13094,11780
60831.228,13095,11780
60875.309,13096,11780
60897.213,13097,11780
60899.257,13098,11780
60899.321,13099,11780
60906.286,13100,11780
60931.756,13101,11780
60939.198,13102,11780
60939.245,13103,11780
60943.741,13104,11781
60951.914,13105,11782
60963.639,13106,11782
60975.254,13107,11782
60978.557,13108,11782
60983.507,13109,11783
60985.163,13110,11783
60992.07,13111,11783
61010.536,13112,11783
61013.018,13113,11783
61013.33,13114,11783
61013.527,13115,11783
61013.96,13116,11783
61014.603,13117,11783
61028.626,13118,11783
61031.257,13119,11783
61046.316,13120,11783
61049.528,13121,11783
61061.167,13122,11783
61062.617,13123,11783
61065.535,13124,11783
61074.369,13125,11783
61110.726,13126,11783
61112.129,13127,11783
61113.154,13128,11783
61121.709,13129,11783
61122.803,13130,11783
61154.308,13131,11783
61178.31,13132,11783
61183.609,13133,11783
61183.824,13134,11783
61183.998,13135,11783
61184.106,13136,11783
61184.349,13137,11783
61184.476,13138,11783
61184.757,13139,11783
61188.204,13140,11783
61191.012,13141,11783
61191.807,13142,11783
61192.336,13143,11783
61192.574,13144,11783
61194.178,13145,11783
61195.29,13146,11783
61196.403,13147,11783
61200.75,13148,11783
61201.579,13149,11783
61204.339,13150,11783
61206.662,13151,11783
61247.15,13152,11783
61258.712,13153,11783
61273.345,13154,11783
61279.739,13155,11783
61286.473,13156,11783
61289.464,13157,11783
61313.427,13158,11783
61330.76,13159,11783
61333.616,13160,11783
61343.191,13161,11783
61344.126,13162,11783
61358.716,13163,11783
61378.55,13164,11783
61391.22,13165,11783
61419.043,13166,11783
61431.653,13167,11783
61436.717,13168,11783
61440.328,13169,11784
61476.771,13170,11785
61488.759,13171,11785
61510.892,13172,11785
61513.364,13173,11785
61557.289,13174,11785
61560.688,13175,11785
61590.294,13176,11785
61593.501,13177,11785
61619.796,13178,11785
61620.005,13179,11785
61644.303,13180,11785
61646.266,13181,11785
61662.908,13182,11785
61663.012,13183,11785
61685.997,13184,11785
61711.345,13185,11785
61711.722,13186,11785
61712.251,13187,11785
61732.83,13188,11785
61734.736,13189,11785
61745.538,13190,11785
61765.892,13191,11785
61765.946,13192,11785
61766.346,13193,11785
61816.396,13194,11785
61818.525,13195,11785
61820.52,13196,11785
61822.601,13197,11785
61822.838,13198,11785
61823.25,13199,11785
61826.659,13200,11785
61829.481,13201,11785
61830.156,13202,11785
61831.056,13203,11785
61833.641,13204,11785
61837.162,13205,11785
61838.758,13206,11785
61839.658,13207,11785
61840.132,13208,11785
61842.555,13209,11785
61858.034,13210,11785
61864.455,13211,11785
62003.334,13212,11785
62058.487,13213,11785
62058.509,13214,11785
62058.985,13215,11785
62063.221,13216,11785
62065.663,13217,11785
62065.881,13218,11785
62066.957,13219,11785
62075.746,13220,11785
62108.306,13221,11785
62108.676,13222,11785
62145.151,13223,11785
62163.779,13224,11785
62166.054,13225,11785
62179.033,13226,11785
62181.943,13227,11785
62190.358,13228,11785
62195.029,13229,11785
62195.105,13230,11785
62195.136,13231,11785
62195.538,13232,11785
62215.968,13233,11785
62234.581,13234,11785
62276.598,13235,11785
62278.074,13236,11785
62279.288,13237,11785
62281.312,13238,11785
62281.453,13239,11785
62284.194,13240,11785
62298.784,13241,11785
62307.9,13242,11785
62324.556,13243,11785
62341.262,13244,11785
62342.24,13245,11785
62380.214,13246,11785
62382.184,13247,11785
62385.115,13248,11785
62385.287,13249,11785
62388.721,13250,11785
62403.488,13251,11785
62403.582,13252,11785
62461.692,13253,11785
62461.984,13254,11785
62473.112,13255,11786
62473.269,13256,11786
62473.338,13257,11787
62474.825,13258,11787
62476.018,13259,11793
62481.819,13260,11794
62491.707,13261,11794
62500.281,13262,11795
62519.843,13263,11800
62521.575,13264,11800
62523.689,13265,11800
62529.957,13266,11800
62531.502,13267,11800
62533.061,13268,11800
62553.708,13269,11800
62559.145,13270,11800
62571.344,13271,11800
62571.525,13272,11800
62593.867,13273,11800
62593.885,13274,11801
62593.908,13275,11801
62593.928,13276,11802
62594.057,13277,11802
62594.144,13278,11802
62594.46,13279,11802
62594.712,13280,11802
62595.083,13281,11802
62595.354,13282,11802
62596.949,13283,11802
62597.476,13284,11802
62597.984,13285,11802
62598.267,13286,11802
62598.62,13287,11802
62602.286,13288,11802
62602.923,13289,11802
62607.965,13290,11802
62639.391,13291,11802
62642.679,13292,11802
62650.624,13293,11802
62662.951,13294,11802
62663.469,13295,11802
62671.454,13296,11802
62688.774,13297,11802
62689.407,13298,11802
62689.441,13299,11804
62689.64,13300,11804
62694.513,13301,11804
62703.529,13302,11804
62779.035,13303,11804
62792.418,13304,11804
62794.936,13305,11804
62795.135,13306,11804
62806.606,13307,11804
62820.666,13308,11804
62881.933,13309,11804
62890.989,13310,11804
62891.203,13311,11804
62891.701,13312,11804
62940.683,13313,11804
62974.942,13314,11804
62994.006,13315,11804
63029.062,13316,11804
63029.245,13317,11804
63029.386,13318,11804
63033.854,13319,11804
63040.613,13320,11804
63051.903,13321,11804
63068.692,13322,11804
63068.734,13323,11804
63070.551,13324,11804
63072.615,13325,11804
63099.492,13326,11804
63101.182,13327,11804
63116.473,13328,11804
63116.647,13329,11804
63117.67,13330,11804
63120.727,13331,11804
63120.817,13332,11804
63122.534,13333,11804
63128.04,13334,11804
63130.042,13335,11804
63157.121,13336,11804
63186.267,13337,11804
63188.244,13338,11804
63188.476,13339,11804
63195.159,13340,11804
63220.374,13341,11804
63228.633,13342,11804
63229.581,13343,11804
63253.368,13344,11804
63271.458,13345,11804
63277.533,13346,11804
63278.366,13347,11804
63279.401,13348,11804
63279.517,13349,11804
63285.796,13350,11804
63290.498,13351,11804
63291.176,13352,11804
63301.575,13353,11804
63333.518,13354,11804
63336.94,13355,11804
63363.382,13356,11804
63369.505,13357,11804
63371.81,13358,11804
63371.861,13359,11804
63380.615,13360,11804
63398.906,13361,11804
63399.106,13362,11804
63429.057,13363,11804
63429.718,13364,11804
63442.141,13365,11818
63457.812,13366,11818
63465.937,13367,11829
63468.164,13368,11830
63468.607,13369,11833
63468.839,13370,11833
63468.992,13371,11833
63471.006,13372,11834
63471.239,13373,11834
63473.481,13374,11834
63473.927,13375,11835
63474.25,13376,11835
63477.325,13377,11835
63487.354,13378,11835
63504.146,13379,11835
63506.116,13380,11835
63506.888,13381,11835
63507.041,13382,11835
63510.313,13383,11835
63521.454,13384,11835
63527.131,13385,11835
63541.191,13386,11835
63543.773,13387,11835
63580.107,13388,11835
63623.053,13389,11835
63649.748,13390,11835
63650.182,13391,11835
63692.565,13392,11835
63693.482,13393,11835
63696.585,13394,11835
63697.832,13395,11835
63722.116,13396,11835
63736.903,13397,11835
63743.954,13398,11835
63744.014,13399,11835
63744.617,13400,11835
63747.037,13401,11835
63747.674,13402,11835
63772.216,13403,11835
63774.178,13404,11835
63774.228,13405,11835
63774.464,13406,11835
63783.284,13407,11835
63787.941,13408,11835
63789.542,13409,11835
63790.34,13410,11835
63792.904,13411,11835
63796.001,13412,11835
63796.544,13413,11835
63799.315,13414,11835
63843.717,13415,11835
63854.647,13416,11835
63854.735,13417,11835
63855.67,13418,11835
63856.503,13419,11835
63857.383,13420,11835
63866.433,13421,11835
63872.086,13422,11835
63895.952,13423,11835
63896.369,13424,11835
63898.688,13425,11835
63900.105,13426,11835
63907.187,13427,11835
63911.547,13428,11835
63912.933,13429,11835
63915.269,13430,11835
63922.317,13431,11835
63927.396,13432,11835
63927.966,13433,11835
63929.448,13434,11835
63931.548,13435,11835
63931.614,13436,11835
63931.634,13437,11835
63931.783,13438,11835
63931.838,13439,11835
63931.927,13440,11835
63932.039,13441,11835
63932.226,13442,11835
63960.817,13443,11835
63970.743,13444,11835
63971.603,13445,11835
63972.061,13446,11835
63974.572,13447,11835
63983.571,13448,11835
63996.882,13449,11835
63997.629,13450,11835
63997.948,13451,11835
64000.544,13452,11836
64004.596,13453,11836
64010.533,13454,11836
64011.341,13455,11836
64025.833,13456,11836
64046.39,13457,11836
64046.516,13458,11836
64052.496,13459,11836
64064.336,13460,11836
64064.603,13461,11836
64089.576,13462,11836
64092.436,13463,11836
64100.858,13464,11836
64122.193,13465,11836
64123.34,13466,11836
64127.508,13467,11836
64175.651,13468,11845
64178.873,13469,11846
64182.408,13470,11846
64184.691,13471,11846
64190.239,13472,11846
64194.849,13473,11846
64196.735,13474,11846
64197.19,13475,11847
64199.768,13476,11848
64246.101,13477,11848
64274.264,13478,11848
64278.962,13479,11848
64316.097,13480,11848
64321.12,13481,11849
64350.47,13482,11850
64351.309,13483,11850
64352.622,13484,11850
64356.01,13485,11850
64358.527,13486,11851
64361.218,13487,11851
64371.625,13488,11851
64371.959,13489,11851
64387.541,13490,11851
64387.566,13491,11851
64387.64,13492,11851
64387.661,13493,11851
64388.539,13494,11851
64388.885,13495,11851
64390.676,13496,11851
64394.393,13497,11851
64397.858,13498,11852
64402.429,13499,11852
64432.945,13500,11852
64454.694,13501,11852
64480.498,13502,11852
64483.416,13503,11852
64486.349,13504,11852
64491.715,13505,11852
64492.013,13506,11852
64513.105,13507,11852
64513.209,13508,11852
64520.324,13509,11852
64547.689,13510,11852
64561.341,13511,11852
64583.742,13512,11852
64583.918,13513,11852
64585.423,13514,11852
64591.116,13515,11852
64595.555,13516,11852
64595.869,13517,11852
64633.35,13518,11852
64633.466,13519,11852
64644.167,13520,11852
64662.281,13521,11852
64677.616,13522,11852
64706.056,13523,11852
64710.245,13524,11852
64717.637,13525,11852
64741.066,13526,11852
64747.15,13527,11852
64791.472,13528,11852
64799.723,13529,11852
64844.959,13530,11852
64858.644,13531,11852
64866.256,13532,11852
64867.168,13533,11852
64871.856,13534,11852
64885.246,13535,11852
64927.546,13536,11852
64957.57,13537,11852
64964.881,13538,11852
64965.007,13539,11852
65002.205,13540,11852
65014.751,13541,11852
65017.079,13542,11852
65030.485,13543,11852
65061.79,13544,11852
65067.089,13545,11852
65080.159,13546,11852
65096.446,13547,11852
65139.092,13548,11852
65173.022,13549,11852
65173.406,13550,11852
65173.951,13551,11852
65179.326,13552,11852
65186.24,13553,11852
65195.928,13554,11852
65219.693,13555,11852
65243.749,13556,11852
65260.523,13557,11852
65307.118,13558,11852
65348.403,13559,11852
65349.98,13560,11852
65366.682,13561,11852
65389.887,13562,11852
65391.986,13563,11852
65397.226,13564,11852
65402.331,13565,11852
65403.089,13566,11852
65404.692,13567,11852
65404.79,13568,11852
65406.27,13569,11852
65407.326,13570,11852
65411.145,13571,11852
65412.58,13572,11852
65414.237,13573,11852
65429.796,13574,11852
65435.852,13575,11852
65446.975,13576,11852
65455.063,13577,11852
65455.121,13578,11852
65455.21,13579,11852
65461.856,13580,11852
65462.035,13581,11852
65475.496,13582,11852
65476.229,13583,11852
65478.233,13584,11852
65490.125,13585,11852
65490.179,13586,11852
65492.862,13587,11852
65493.032,13588,11852
65495.805,13589,11852
65495.839,13590,11852
65497.563,13591,11852
65501.99,13592,11852
65521.068,13593,11852
65528.199,13594,11852
65528.385,13595,11852
65528.422,13596,11852
65532.254,13597,11852
65553.773,13598,11852
65553.865,13599,11852
65554.343,13600,11852
65558.169,13601,11852
65575.727,13602,11852
65576.138,13603,11852
65579.294,13604,11852
65613.562,13605,11852
65613.828,13606,11852
65638.931,13607,11852
65660.147,13608,11852
65661.761,13609,11852
65665.24,13610,11852
65737.619,13611,11852
65759.317,13612,11852
65784.2,13613,11852
65813.333,13614,11852
65813.384,13615,11852
65827.652,13616,11852
65836.211,13617,11852
65836.247,13618,11852
65875.205,13619,11852
65886.55,13620,11852
65909.629,13621,11852
65926.022,13622,11852
65941.009,13623,11852
65955.601,13624,11852
65959.622,13625,11852
65970.076,13626,11852
65970.207,13627,11852
65970.49,13628,11852
65984.498,13629,11852
65998.455,13630,11852
66012.729,13631,11852
66030.175,13632,11852
66085.582,13633,11852
66086.722,13634,11852
66124.047,13635,11852
66147.818,13636,11852
66178.197,13637,11852
66199.648,13638,11852
66200.475,13639,11852
66232.652,13640,11852
66233.194,13641,11852
66240.821,13642,11853
66245.192,13643,11853
66249.088,13644,11853
66251.956,13645,11853
66263.672,13646,11853
66289.385,13647,11853
66289.435,13648,11853
66301.777,13649,11853
66308.382,13650,11853
66333.931,13651,11853
66343.884,13652,11853
66344.534,13653,11853
66385.268,13654,11853
66390.472,13655,11853
66390.537,13656,11854
66404.783,13657,11854
66415.907,13658,11854
66428.679,13659,11854
66432.132,13660,11854
66470.829,13661,11854
66474.8,13662,11854
66476.686,13663,11854
66505.552,13664,11854
66507.619,13665,11854
66527.187,13666,11854
66542.106,13667,11854
66552.867,13668,11854
66565.301,13669,11855
66570.714,13670,11855
66595.141,13671,11855
66617.255,13672,11855
66653.609,13673,11855
66658.663,13674,11855
66692.76,13675,11855
66703.976,13676,11855
66704.922,13677,11855
66705.738,13678,11855
66706.145,13679,11856
66706.244,13680,11856
66708.148,13681,11856
66715.749,13682,11856
66725.072,13683,11856
66735.8,13684,11856
66747.055,13685,11856
66753.364,13686,11857
66760.491,13687,11857
66760.825,13688,11857
66761.519,13689,11857
66761.837,13690,11857
66763.69,13691,11857
66766.068,13692,11860
66769.338,13693,11860
66772.558,13694,11860
66781.661,13695,11860
66791.211,13696,11860
66796.962,13697,11860
66839.16,13698,11860
66854.169,13699,11860
66867.97,13700,11860
66878.232,13701,11860
66889.073,13702,11862
66914.933,13703,11862
66923.859,13704,11863
66931.453,13705,11863
66949.463,13706,11863
66954.149,13707,11863
66997.72,13708,11863
67010.025,13709,11863
67010.263,13710,11863
67020.055,13711,11863
67021.004,13712,11863
67029.143,13713,11863
67029.614,13714,11863
67032.953,13715,11863
67033.084,13716,11863
67058.797,13717,11863
67058.826,13718,11863
67061.719,13719,11863
67061.936,13720,11863
67063.454,13721,11863
67077.474,13722,11863
67102.923,13723,11863
67104.724,13724,11863
67106.109,13725,11863
67114.096,13726,11863
67119.743,13727,11863
67121.183,13728,11863
67121.25,13729,11863
67121.36,13730,11863
67137.942,13731,11863
67144.121,13732,11863
67145.702,13733,11863
67146.03,13734,11863
67149.931,13735,11863
67162.595,13736,11863
67166.5,13737,11863
67167.417,13738,11864
67167.926,13739,11864
67177.645,13740,11864
67217.814,13741,11864
67226.701,13742,11864
67256.653,13743,11864
67268.237,13744,11864
67284.956,13745,11864
67287.62,13746,11864
67297.436,13747,11864
67314.69,13748,11864
67332.773,13749,11864
67336.733,13750,11865
67347.041,13751,11865
67383.22,13752,11865
67384.353,13753,11865
67391.919,13754,11865
67398.083,13755,11865
67398.909,13756,11865
67427.252,13757,11865
67443.649,13758,11865
67463.389,13759,11865
67503.022,13760,11866
67506.118,13761,11866
67529.119,13762,11866
67534.753,13763,11866
67545.99,13764,11866
67546.325,13765,11866
67548.375,13766,11866
67561.432,13767,11866
67579.885,13768,11866
67580.433,13769,11866
67581.477,13770,11866
67582.177,13771,11866
67616.747,13772,11866
67640.059,13773,11866
67640.095,13774,11866
67640.226,13775,11866
67641.315,13776,11866
67676.41,13777,11866
67714.567,13778,11866
67739.993,13779,11866
67752.791,13780,11866
67764.094,13781,11866
67767.47,13782,11866
67788.089,13783,11866
67846.869,13784,11866
67866.085,13785,11866
67880.68,13786,11867
67886.916,13787,11867
67888.122,13788,11867
67890.964,13789,11867
67892.947,13790,11867
67896.673,13791,11867
67905.139,13792,11867
67912.087,13793,11868
67912.126,13794,11868
67912.152,13795,11868
67913.15,13796,11869
67923.711,13797,11869
67961.985,13798,11869
67962.061,13799,11869
67963.709,13800,11869
67976.506,13801,11869
67977.28,13802,11869
67978.715,13803,11869
67984.551,13804,11869
68026.752,13805,11870
68036.645,13806,11870
68042.585,13807,11870
68043.031,13808,11870
68043.498,13809,11870
68043.637,13810,11870
68057.301,13811,11870
68077.244,13812,11870
68125.027,13813,11870
68125.197,13814,11870
68126.827,13815,11870
68147.173,13816,11870
68170.342,13817,11870
68207.887,13818,11872
68211.802,13819,11872
68215.313,13820,11872
68216.075,13821,11872
68240.86,13822,11872
68253.667,13823,11873
68276.241,13824,11873
68305.726,13825,11873
68305.803,13826,11873
68306.127,13827,11873
68334.136,13828,11873
68334.59,13829,11873
68335.705,13830,11873
68335.915,13831,11873
68337.12,13832,11873
68358.849,13833,11873
68364.02,13834,11873
68391.267,13835,11873
68391.355,13836,11873
68392.096,13837,11873
68392.248,13838,11873
68396.229,13839,11873
68413.027,13840,11874
68461.062,13841,11874
68461.336,13842,11874
68463.678,13843,11874
68468.147,13844,11874
68488.026,13845,11874
68491.67,13846,11874
68523.55,13847,11874
68529.676,13848,11874
68533.228,13849,11874
68537.152,13850,11874
68538.803,13851,11874
68554.875,13852,11874
68567.712,13853,11874
68586.529,13854,11874
68611.247,13855,11874
68616.578,13856,11874
68678.221,13857,11874
68700.635,13858,11875
68706.484,13859,11875
68731.717,13860,11875
68732.078,13861,11875
68738.603,13862,11875
68740.179,13863,11875
68754.093,13864,11875
68755.122,13865,11875
68763.194,13866,11875
68766.816,13867,11875
68777.401,13868,11875
68784.406,13869,11875
68785.001,13870,11875
68786.706,13871,11875
68820.407,13872,11875
68835.552,13873,11875
68845.05,13874,11875
68849.525,13875,11875
68853.732,13876,11875
68856.275,13877,11875
68859.54,13878,11875
68861.738,13879,11875
68863.905,13880,11875
68870.07,13881,11876
68878.669,13882,11876
68878.987,13883,11876
68879.13,13884,11876
68879.21,13885,11876
68879.253,13886,11876
68879.28,13887,11876
68914.785,13888,11876
68948.317,13889,11876
68955.145,13890,11876
68959.878,13891,11876
68961.373,13892,11876
68967.511,13893,11876
68972.715,13894,11876
68972.783,13895,11876
68978.25,13896,11876
68988.641,13897,11876
68988.728,13898,11876
68989.443,13899,11876
68990.242,13900,11876
68992.436,13901,11876
68994.126,13902,11876
68995.174,13903,11876
69019.332,13904,11876
69033.416,13905,11876
69041.921,13906,11876
69095.836,13907,11876
69095.919,13908,11876
69096.069,13909,11876
69097.734,13910,11876
69099.124,13911,11876
69130.086,13912,11876
69130.414,13913,11876
69131.421,13914,11876
69132.695,13915,11876
69133.223,13916,11876
69174.73,13917,11876
69186.686,13918,11876
69193.023,13919,11876
69212.534,13920,11876
69265.998,13921,11876
69287.592,13922,11876
69314.578,13923,11876
69329.496,13924,11876
69330.062,13925,11877
69346.788,13926,11877
69347.377,13927,11877
69347.615,13928,11877
69348.087,13929,11877
69349.039,13930,11877
69350.621,13931,11877
69352.171,13932,11877
69369.209,13933,11877
69376.027,13934,11877
69402.399,13935,11877
69405.671,13936,11877
69457.751,13937,11877
69470.245,13938,11877
69504.588,13939,11877
69516.591,13940,11877
69548.99,13941,11877
69567.613,13942,11877
69575.789,13943,11877
69576.866,13944,11877
69578.923,13945,11877
69600.865,13946,11877
69603.666,13947,11877
69614.836,13948,11877
69615.081,13949,11877
69615.23,13950,11877
69624.659,13951,11877
69627.741,13952,11877
69627.769,13953,11877
69643.143,13954,11877
69652.415,13955,11877
69660.025,13956,11877
69660.531,13957,11877
69663.282,13958,11877
69670.21,13959,11877
69682.68,13960,11877
69686.352,13961,11877
69688.512,13962,11877
69706.283,13963,11877
69721.953,13964,11877
69726.871,13965,11877
69729.825,13966,11878
69732.136,13967,11878
69732.229,13968,11878
69745.585,13969,11878
69764.354,13970,11878
69765.209,13971,11878
69767.764,13972,11878
69792.653,13973,11878
69795.7,13974,11878
69795.945,13975,11878
69797.924,13976,11878
69798.127,13977,11878
69799.663,13978,11878
69801.435,13979,11878
69815.626,13980,11878
69820.988,13981,11878
69850.835,13982,11878
69868.339,13983,11878
69894.787,13984,11878
69941.777,13985,11879
69949.579,13986,11879
69988.373,13987,11879
69997.217,13988,11879
70007.369,13989,11879
70010.433,13990,11879
70015.331,13991,11879
70036.69,13992,11879
70075.182,13993,11879
70080.891,13994,11879
70084.146,13995,11879
70104.77,13996,11879
70105.388,13997,11879
70119.32,13998,11879
70153.231,13999,11879
70155.574,14000,11879
70155.748,14001,11879
70156.454,14002,11879
70162.926,14003,11879
70170.686,14004,11879
70184.257,14005,11880
70196.186,14006,11880
70232.005,14007,11880
70293.001,14008,11880
70311.536,14009,11880
70342.41,14010,11880
70359.358,14011,11881
70368.877,14012,11881
70368.953,14013,11881
70369.527,14014,11881
70370.885,14015,11881
70394.474,14016,11882
70413.987,14017,11882
70450.727,14018,11882
70458.536,14019,11882
70459.015,14020,11882
70459.724,14021,11882
70462.928,14022,11882
70463.262,14023,11882
70463.441,14024,11882
70466.308,14025,11882
70474.817,14026,11884
70475.712,14027,11884
70481.512,14028,11884
70517.084,14029,11884
70518.178,14030,11884
70519.382,14031,11884
70541.223,14032,11884
70555.072,14033,11884
70584.488,14034,11884
70595.368,14035,11884
70612.586,14036,11884
70615.045,14037,11884
70620.731,14038,11884
70622.231,14039,11884
70622.621,14040,11884
70627.716,14041,11884
70628.218,14042,11884
70636.029,14043,11884
70674.977,14044,11884
70689.502,14045,11884
70695.704,14046,11884
70780.086,14047,11886
70785.528,14048,11886
70785.579,14049,11886
70788.16,14050,11886
70805.393,14051,11886
70805.412,14052,11886
70805.847,14053,11886
70806.95,14054,11886
70807.27,14055,11886
70809.921,14056,11886
70813.721,14057,11886
70817.996,14058,11887
70854.819,14059,11887
70856.032,14060,11887
70858.239,14061,11888
70866.331,14062,11888
70900.327,14063,11890
70911.45,14064,11890
70943.47,14065,11890
70945.056,14066,11890
70980.043,14067,11890
70980.359,14068,11890
70981.413,14069,11890
70984.771,14070,11890
70989.719,14071,11890
70993.11,14072,11890
71015.197,14073,11891
71061.247,14074,11891
71073.014,14075,11891
71096.659,14076,11891
71102.09,14077,11892
71123.143,14078,11892
71130.568,14079,11892
71130.643,14080,11892
71132.763,14081,11892
71138.267,14082,11892
71140.75,14083,11892
71143.407,14084,11892
71143.899,14085,11892
71151.559,14086,11892
71166.158,14087,11892
71209.735,14088,11892
71248.895,14089,11892
71267.992,14090,11892
71284.911,14091,11892
71306.405,14092,11892
71318.62,14093,11892
71368.547,14094,11892
71369.006,14095,11892
71371.0,14096,11892
71373.111,14097,11892
71411.588,14098,11892
71419.426,14099,11892
71444.381,14100,11892
71445.222,14101,11892
71454.211,14102,11892
71467.266,14103,11892
71478.899,14104,11892
71491.443,14105,11892
71511.907,14106,11892
71513.689,14107,11894
71514.419,14108,11894
71522.741,14109,11894
71548.228,14110,11894
71583.243,14111,11894
71611.439,14112,11894
71616.274,14113,11894
71622.556,14114,11895
71637.251,14115,11895
71660.464,14116,11895
71660.6,14117,11895
71661.377,14118,11895
71720.261,14119,11895
71732.025,14120,11895
71732.727,14121,11895
71733.296,14122,11895
71737.268,14123,11895
71747.16,14124,11895
71764.249,14125,11895
71786.361,14126,11895
71787.741,14127,11895
71838.264,14128,11895
71846.805,14129,11895
71871.492,14130,11895
71872.855,14131,11895
71873.19,14132,11895
71887.248,14133,11895
71888.141,14134,11895
71890.689,14135,11895
71924.658,14136,11895
71926.604,14137,11895
71932.089,14138,11895
71933.052,14139,11895
71938.648,14140,11895
71953.303,14141,11895
71953.327,14142,11895
71953.394,14143,11895
71953.414,14144,11895
71953.713,14145,11895
71956.316,14146,11895
71966.227,14147,11895
72001.268,14148,11895
72027.512,14149,11895
72044.638,14150,11895
72046.931,14151,11895
72051.776,14152,11895
72064.657,14153,11895
72078.02,14154,11895
72091.288,14155,11895
72091.309,14156,11895
72091.335,14157,11895
72091.35,14158,11895
72091.397,14159,11895
72091.412,14160,11895
72091.634,14161,11895
72093.13,14162,11895
72093.68,14163,11895
72095.25,14164,11895
72098.88,14165,11895
72099.964,14166,11895
72102.01,14167,11895
72108.108,14168,11895
72113.115,14169,11897
72128.838,14170,11897
72128.975,14171,11897
72129.036,14172,11897
72131.606,14173,11898
72141.702,14174,11900
72164.631,14175,11900
72193.476,14176,11900
72193.599,14177,11900
72195.853,14178,11900
72196.71,14179,11900
72213.295,14180,11900
72231.12,14181,11900
72234.965,14182,11900
72235.394,14183,11900
72253.878,14184,11900
72269.816,14185,11900
72285.903,14186,11900
72293.573,14187,11900
72317.326,14188,11900
72349.975,14189,11900
72427.979,14190,11900
72428.359,14191,11900
72428.513,14192,11900
72428.714,14193,11900
72432.016,14194,11900
72439.863,14195,11900
72449.285,14196,11900
72482.336,14197,11900
72491.594,14198,11900
72494.445,14199,11900
72494.731,14200,11900
72507.292,14201,11900
72522.671,14202,11901
72548.537,14203,11901
72572.157,14204,11901
72591.938,14205,11901
72593.035,14206,11901
72614.118,14207,11901
72614.891,14208,11901
72634.35,14209,11901
72635.565,14210,11901
72666.614,14211,11901
72666.817,14212,11901
72666.878,14213,11901
72673.256,14214,11901
72675.417,14215,11901
72716.724,14216,11901
72761.429,14217,11901
72776.706,14218,11901
72777.463,14219,11901
72777.495,14220,11901
72777.605,14221,11901
72780.231,14222,11901
72782.56,14223,11901
72783.46,14224,11901
72787.262,14225,11903
72795.618,14226,11903
72803.179,14227,11903
72815.109,14228,11903
72839.936,14229,11903
72853.383,14230,11903
72870.994,14231,11903
72871.673,14232,11903
72872.552,14233,11903
72875.455,14234,11903
72876.936,14235,11903
72881.461,14236,11903
72888.091,14237,11903
72889.08,14238,11903
72904.464,14239,11903
72950.653,14240,11903
72958.477,14241,11903
72985.888,14242,11903
73010.225,14243,11903
73011.39,14244,11903
73011.647,14245,11903
73110.578,14246,11903
73120.148,14247,11903
73120.239,14248,11903
73120.313,14249,11903
73121.876,14250,11903
73158.884,14251,11903
73208.288,14252,11903
73208.571,14253,11903
73234.737,14254,11903
73267.204,14255,11903
73268.047,14256,11903
73273.146,14257,11903
73287.939,14258,11903
73291.992,14259,11903
73297.188,14260,11903
73297.252,14261,11903
73301.206,14262,11903
73346.443,14263,11903
73357.395,14264,11903
73363.07,14265,11903
73369.552,14266,11903
73370.281,14267,11903
73371.79,14268,11903
73373.209,14269,11903
73419.213,14270,11903
73421.636,14271,11903
73454.636,14272,11903
73480.759,14273,11903
73495.884,14274,11903
73510.329,14275,11903
73561.717,14276,11903
73561.755,14277,11903
73561.958,14278,11903
73562.421,14279,11903
73577.746,14280,11903
73583.024,14281,11903
73609.171,14282,11903
73612.222,14283,11903
73612.398,14284,11903
73662.504,14285,11903
73662.869,14286,11903
73668.687,14287,11903
73678.05,14288,11903
73692.277,14289,11903
73704.183,14290,11903
73749.38,14291,11903
73774.955,14292,11906
73785.658,14293,11906
73788.166,14294,11906
73820.065,14295,11906
73820.217,14296,11906
73828.68,14297,11906
73867.353,14298,11906
73880.366,14299,11906
73880.447,14300,11906
73881.133,14301,11906
73883.808,14302,11906
73886.258,14303,11906
73926.159,14304,11906
73932.673,14305,11906
73939.57,14306,11906
73939.889,14307,11907
73940.238,14308,11907
73941.488,14309,11907
73941.612,14310,11907
73943.901,14311,11907
73948.923,14312,11907
73949.124,14313,11907
73949.23,14314,11907
73951.232,14315,11907
73957.18,14316,11907
73961.784,14317,11907
73965.13,14318,11907
73984.228,14319,11907
73989.25,14320,11907
74006.823,14321,11907
74008.176,14322,11907
74050.235,14323,11907
74050.557,14324,11907
74052.44,14325,11907
74053.454,14326,11907
74055.542,14327,11907
74056.062,14328,11907
74058.738,14329,11907
74058.949,14330,11907
74059.138,14331,11907
74059.263,14332,11907
74067.364,14333,11907
74068.996,14334,11907
74069.934,14335,11907
74071.007,14336,11907
74073.71,14337,11907
74074.991,14338,11907
74082.543,14339,11907
74113.484,14340,11907
74114.253,14341,11907
74127.274,14342,11908
74134.41,14343,11908
74157.552,14344,11908
74157.575,14345,11908
74157.872,14346,11908
74183.345,14347,11908
74191.824,14348,11908
74199.41,14349,11908
74200.061,14350,11908
74202.974,14351,11908
74203.337,14352,11908
74204.379,14353,11908
74207.008,14354,11908
74208.906,14355,11908
74253.526,14356,11910
74258.352,14357,11912
74258.447,14358,11913
74258.52,14359,11913
74258.706,14360,11914
74259.289,14361,11914
74263.234,14362,11914
74265.231,14363,11915
74265.427,14364,11915
74270.904,14365,11916
74311.942,14366,11916
74319.545,14367,11916
74321.113,14368,11916
74338.342,14369,11916
74341.304,14370,11917
74388.618,14371,11917
74405.637,14372,11917
74406.272,14373,11917
74413.595,14374,11917
74416.257,14375,11917
74419.126,14376,11917
74420.616,14377,11917
74423.004,14378,11917
74475.393,14379,11917
74480.457,14380,11917
74488.829,14381,11917
74490.596,14382,11917
74497.333,14383,11917
74497.684,14384,11917
74498.362,14385,11917
74523.48,14386,11917
74525.631,14387,11917
74549.275,14388,11917
74551.542,14389,11917
74558.395,14390,11917
74560.891,14391,11917
74567.929,14392,11917
74575.224,14393,11917
74596.437,14394,11917
74609.962,14395,11917
74619.299,14396,11917
74620.119,14397,11917
74623.176,14398,11917
74624.635,14399,11917
74626.883,14400,11917
74635.089,14401,11917
74637.226,14402,11917
74638.354,14403,11917
74638.816,14404,11917
74641.587,14405,11917
74648.171,14406,11917
74656.497,14407,11917
74657.025,14408,11917
74657.098,14409,11917
74657.12,14410,11917
74657.15,14411,11917
74658.025,14412,11917
74659.727,14413,11917
74660.294,14414,11917
74677.008,14415,11917
74678.289,14416,11917
74679.684,14417,11917
74681.023,14418,11917
74681.825,14419,11917
74689.015,14420,11917
74690.139,14421,11917
74712.345,14422,11918
74720.623,14423,11918
74721.04,14424,11918
74735.437,14425,11918
74735.482,14426,11918
74753.329,14427,11918
74882.087,14428,11918
74902.6,14429,11918
74931.956,14430,11918
74932.608,14431,11918
74938.56,14432,11918
74939.566,14433,11918
74940.496,14434,11918
74960.819,14435,11918
74974.095,14436,11918
74986.841,14437,11918
74996.287,14438,11918
75017.766,14439,11918
75029.63,14440,11918
75060.59,14441,11918
75060.642,14442,11918
75098.194,14443,11918
75112.834,14444,11918
75139.272,14445,11918
75182.657,14446,11918
75182.862,14447,11918
75205.68,14448,11918
75208.957,14449,11918
75250.607,14450,11918
75251.132,14451,11918
75287.175,14452,11918
75295.031,14453,11918
75330.78,14454,11918
75331.175,14455,11918
75366.06,14456,11918
75366.277,14457,11918
75366.318,14458,11918
75368.401,14459,11918
75369.395,14460,11918
75373.044,14461,11918
75375.021,14462,11918
75379.014,14463,11918
75380.312,14464,11919
75381.845,14465,11919
75392.868,14466,11919
75419.359,14467,11919
75424.708,14468,11919
75444.062,14469,11919
75450.284,14470,11919
75454.655,14471,11919
75475.137,14472,11919
75476.154,14473,11919
75477.019,14474,11919
75477.232,14475,11919
75479.241,14476,11919
75483.795,14477,11920
75495.518,14478,11920
75512.59,14479,11920
75524.319,14480,11920
75530.652,14481,11920
75532.481,14482,11920
75536.247,14483,11920
75552.047,14484,11920
75584.387,14485,11920
75592.494,14486,11920
75594.719,14487,11920
75639.531,14488,11920
75666.896,14489,11920
75687.856,14490,11920
75739.539,14491,11920
75740.194,14492,11920
75744.326,14493,11920
75748.856,14494,11920
75769.664,14495,11920
75780.874,14496,11920
75781.282,14497,11920
75800.627,14498,11920
75804.551,14499,11920
75842.835,14500,11920
75871.023,14501,11920
75871.585,14502,11921
75942.445,14503,11921
75968.785,14504,11921
75969.234,14505,11921
75976.539,14506,11921
76013.819,14507,11921
76024.889,14508,11921
76024.926,14509,11921
76025.686,14510,11921
76025.957,14511,11921
76027.356,14512,11921
76041.622,14513,11921
76049.205,14514,11921
76049.955,14515,11921
76059.012,14516,11921
76098.089,14517,11921
76123.555,14518,11921
76127.379,14519,11921
76127.988,14520,11921
76149.799,14521,11923
76166.919,14522,11923
76168.49,14523,11923
76185.235,14524,11923
76185.931,14525,11923
76190.788,14526,11923
76192.422,14527,11923
76195.464,14528,11923
76216.488,14529,11923
76229.056,14530,11923
76229.307,14531,11923
76237.625,14532,11923
76253.242,14533,11923
76278.049,14534,11923
76297.014,14535,11923
76297.623,14536,11923
76299.505,14537,11923
76299.841,14538,11923
76358.97,14539,11923
76378.362,14540,11923
76381.583,14541,11923
76382.098,14542,11923
76386.348,14543,11923
76394.44,14544,11923
76397.076,14545,11923
76399.076,14546,11923
76410.003,14547,11923
76414.727,14548,11923
76446.137,14549,11923
76448.193,14550,11923
76493.952,14551,11923
76502.215,14552,11923
76519.061,14553,11923
76527.025,14554,11937
76536.827,14555,11937
76536.863,14556,11937
76541.132,14557,11938
76541.256,14558,11938
76541.284,14559,11939
76541.307,14560,11939
76542.831,14561,11939
76543.641,14562,11939
76543.815,14563,11941
76543.924,14564,11941
76544.422,14565,11941
76544.499,14566,11941
76544.628,14567,11941
76544.692,14568,11941
76545.314,14569,11944
76545.698,14570,11944
76546.003,14571,11944
76548.882,14572,11944
76548.972,14573,11944
76549.536,14574,11944
76551.479,14575,11944
76551.665,14576,11944
76552.076,14577,11945
76553.221,14578,11946
76554.117,14579,11946
76555.305,14580,11946
76555.381,14581,11948
76556.569,14582,11949
76557.87,14583,11949
76560.347,14584,11949
76560.552,14585,11949
76564.425,14586,11950
76566.458,14587,11950
76567.654,14588,11950
76569.561,14589,11950
76569.644,14590,11953
76572.348,14591,11953
76574.147,14592,11955
76577.293,14593,11957
76603.932,14594,11957
76604.652,14595,11959
76604.816,14596,11959
76605.718,14597,11959
76605.89,14598,11960
76608.915,14599,11960
76611.971,14600,11961
76616.334,14601,11962
76617.625,14602,11963
76618.959,14603,11963
76619.551,14604,11963
76623.75,14605,11963
76626.072,14606,11963
76632.887,14607,11963
76643.969,14608,11963
76646.616,14609,11963
76646.97,14610,11963
76656.49,14611,11963
76662.443,14612,11963
76702.016,14613,11963
76710.333,14614,11963
76716.079,14615,11963
76725.497,14616,11963
76731.956,14617,11963
76732.41,14618,11963
76793.756,14619,11963
76804.433,14620,11964
76804.619,14621,11964
76805.071,14622,11964
76842.228,14623,11964
76848.13,14624,11964
76861.357,14625,11965
76862.182,14626,11965
76862.751,14627,11965
76865.905,14628,11965
76884.51,14629,11965
76886.381,14630,11969
76887.355,14631,11969
76897.589,14632,11969
76898.067,14633,11969
76898.672,14634,11969
76902.212,14635,11969
76906.579,14636,11969
76908.79,14637,11970
76909.368,14638,11970
76910.153,14639,11971
76910.66,14640,11971
76914.341,14641,11971
76915.53,14642,11972
76916.351,14643,11973
76917.481,14644,11974
76919.502,14645,11974
76989.559,14646,11975
76991.975,14647,11975
77030.959,14648,11975
77040.017,14649,11975
77040.808,14650,11975
77053.928,14651,11975
77054.065,14652,11975
77087.489,14653,11976
77102.393,14654,11977
77103.203,14655,11977
77117.595,14656,11977
77132.918,14657,11977
77137.096,14658,11977
77145.637,14659,11978
77152.983,14660,11978
77157.263,14661,11978
77157.778,14662,11978
77160.766,14663,11978
77178.753,14664,11978
77191.391,14665,11978
77217.722,14666,11978
77219.905,14667,11978
77225.724,14668,11978
77235.075,14669,11978
77237.118,14670,11978
77237.193,14671,11978
77239.405,14672,11978
77254.743,14673,11978
77255.348,14674,11978
77331.275,14675,11978
77332.411,14676,11978
77333.875,14677,11978
77340.504,14678,11978
77343.164,14679,11978
77357.055,14680,11978
77357.407,14681,11978
77395.485,14682,11978
77400.33,14683,11978
77400.735,14684,11979
77414.246,14685,11979
77448.946,14686,11979
77457.405,14687,11979
77481.636,14688,11979
77486.25,14689,11979
77486.712,14690,11979
77487.453,14691,11979
77530.536,14692,11979
77530.597,14693,11979
77530.627,14694,11979
77533.908,14695,11979
77543.508,14696,11979
77596.939,14697,11979
77601.608,14698,11979
77601.927,14699,11979
77650.22,14700,11979
77707.95,14701,11979
77710.017,14702,11979
77718.766,14703,11979
77736.568,14704,11979
77768.874,14705,11979
77769.262,14706,11979
77771.213,14707,11979
77777.35,14708,11979
77780.114,14709,11979
77794.143,14710,11979
77831.979,14711,11979
77832.048,14712,11979
77834.117,14713,11979
77903.352,14714,11979
77914.685,14715,11979
77915.852,14716,11979
77920.033,14717,11979
77954.862,14718,11979
77979.441,14719,11979
77979.976,14720,11979
77983.216,14721,11979
78003.134,14722,11979
78003.925,14723,11979
78025.156,14724,11979
78047.552,14725,11979
78058.541,14726,11979
78066.143,14727,11979
78075.835,14728,11979
78119.809,14729,11979
78151.202,14730,11979
78163.524,14731,11979
78177.696,14732,11979
78181.895,14733,11979
78191.921,14734,11979
78199.179,14735,11979
78261.05,14736,11979
78261.072,14737,11979
78261.181,14738,11979
78261.249,14739,11979
78264.998,14740,11979
78274.307,14741,11979
78278.468,14742,11979
78281.351,14743,11979
78284.621,14744,11979
78308.53,14745,11979
78308.58,14746,11979
78309.116,14747,11979
78362.042,14748,11979
78362.334,14749,11979
78363.347,14750,11979
78420.058,14751,11979
78444.612,14752,11979
78497.087,14753,11979
78512.258,14754,11980
78513.004,14755,11980
78525.576,14756,11980
78527.174,14757,11981
78542.307,14758,11981
78550.784,14759,12007
78569.638,14760,12007
78569.985,14761,12007
78601.984,14762,12008
78605.657,14763,12008
78614.795,14764,12008
78622.332,14765,12008
78623.979,14766,12009
78625.996,14767,12009
78642.78,14768,12009
78645.583,14769,12009
78669.953,14770,12009
78682.12,14771,12011
78715.881,14772,12011
78743.236,14773,12011
78746.065,14774,12012
78756.439,14775,12012
78756.621,14776,12012
78759.219,14777,12013
78769.285,14778,12013
78778.447,14779,12013
78783.324,14780,12013
78784.25,14781,12013
78784.74,14782,12013
78840.753,14783,12013
78870.119,14784,12013
78872.202,14785,12013
78980.217,14786,12013
78980.973,14787,12013
78987.166,14788,12013
79028.068,14789,12013
79028.112,14790,12013
79030.266,14791,12013
79051.467,14792,12013
79071.786,14793,12013
79072.87,14794,12013
79073.962,14795,12013
79088.716,14796,12013
79095.379,14797,12013
79096.843,14798,12013
79196.655,14799,12013
79207.027,14800,12013
79221.153,14801,12013
79223.006,14802,12013
79234.785,14803,12013
79235.011,14804,12013
79235.671,14805,12013
79236.389,14806,12014
79252.378,14807,12014
79263.553,14808,12014
79290.398,14809,12014
79290.512,14810,12014
79305.171,14811,12014
79310.385,14812,12014
79313.591,14813,12014
79324.387,14814,12014
79404.668,14815,12014
79420.832,14816,12014
79426.896,14817,12014
79441.181,14818,12014
79485.277,14819,12014
79485.35,14820,12014
79486.167,14821,12014
79522.405,14822,12014
79557.024,14823,12014
79560.467,14824,12014
79610.57,14825,12014
79610.767,14826,12014
79610.922,14827,12014
79612.723,14828,12014
79621.148,14829,12014
79622.812,14830,12014
79627.575,14831,12014
79690.368,14832,12014
79778.986,14833,12014
79831.515,14834,12014
79833.05,14835,12014
79867.362,14836,12014
79895.718,14837,12014
79896.573,14838,12014
79896.913,14839,12014
79940.294,14840,12016
80001.294,14841,12016
80001.323,14842,12016
80016.157,14843,12016
80016.455,14844,12016
80044.494,14845,12016
80102.449,14846,12017
80108.236,14847,12017
80113.618,14848,12017
80113.663,14849,12017
80152.441,14850,12017
80174.675,14851,12017
80175.067,14852,12018
80209.822,14853,12018
80256.103,14854,12018
80275.239,14855,12018
80291.983,14856,12018
80312.219,14857,12018
80312.481,14858,12018
80312.639,14859,12018
80313.354,14860,12018
80317.275,14861,12018
80321.912,14862,12020
80352.871,14863,12020
80364.893,14864,12020
80372.772,14865,12020
80392.12,14866,12020
80417.794,14867,12021
80472.338,14868,12021
80496.285,14869,12021
80536.28,14870,12021
80564.719,14871,12021
80587.67,14872,12021
80595.52,14873,12021
80608.773,14874,12021
80609.088,14875,12021
80613.797,14876,12022
80624.682,14877,12022
80660.472,14878,12022
80666.974,14879,12022
80667.201,14880,12022
80694.18,14881,12022
80714.539,14882,12022
80716.599,14883,12022
80722.211,14884,12022
80722.437,14885,12022
80788.27,14886,12022
80792.113,14887,12022
80808.766,14888,12022
80816.083,14889,12022
80833.028,14890,12022
80894.884,14891,12022
80902.876,14892,12022
80913.176,14893,12022
80921.192,14894,12022
80934.873,14895,12022
81001.057,14896,12022
81018.063,14897,12022
81045.514,14898,12022
81052.789,14899,12022
81059.573,14900,12022
81060.311,14901,12022
81116.165,14902,12022
81117.5,14903,12022
81141.174,14904,12022
81141.489,14905,12022
81145.693,14906,12022
81170.594,14907,12022
81170.683,14908,12022
81171.502,14909,12022
81171.588,14910,12022
81175.324,14911,12022
81176.598,14912,12022
81183.024,14913,12022
81194.518,14914,12022
81214.36,14915,12022
81255.202,14916,12022
81255.816,14917,12022
81290.495,14918,12022
81303.93,14919,12029
81305.147,14920,12029
81308.018,14921,12029
81320.12,14922,12029
81325.953,14923,12029
81326.016,14924,12029
81326.201,14925,12029
81332.607,14926,12029
81355.326,14927,12029
81397.713,14928,12029
81412.043,14929,12030
81419.261,14930,12030
81432.224,14931,12030
81433.068,14932,12030
81433.409,14933,12030
81436.083,14934,12030
81449.668,14935,12031
81457.111,14936,12031
81474.122,14937,12031
81479.225,14938,12031
81479.342,14939,12031
81482.448,14940,12031
81504.538,14941,12031
81505.899,14942,12032
81506.929,14943,12032
81508.832,14944,12032
81513.473,14945,12032
81517.965,14946,12032
81522.129,14947,12032
81546.042,14948,12033
81548.04,14949,12033
81548.409,14950,12033
81552.295,14951,12033
81562.696,14952,12033
81563.303,14953,12034
81572.491,14954,12034
81578.618,14955,12034
81613.085,14956,12034
81619.246,14957,12034
81650.35,14958,12034
81666.991,14959,12034
81716.34,14960,12034
81831.175,14961,12034
81831.778,14962,12034
81875.246,14963,12034
81923.396,14964,12034
81939.742,14965,12034
81941.469,14966,12034
81949.588,14967,12034
81962.646,14968,12034
82001.692,14969,12034
82007.745,14970,12034
82049.515,14971,12034
82049.628,14972,12034
82049.978,14973,12034
82072.182,14974,12034
82160.347,14975,12034
82167.083,14976,12034
82167.719,14977,12034
82235.176,14978,12034
82236.095,14979,12034
82251.32,14980,12034
82269.389,14981,12034
82277.508,14982,12034
82277.589,14983,12034
82290.562,14984,12034
82299.711,14985,12034
82303.427,14986,12034
82320.976,14987,12034
82322.114,14988,12034
82329.866,14989,12034
82353.564,14990,12034
82363.536,14991,12034
82375.814,14992,12034
82391.424,14993,12034
82479.574,14994,12034
82480.108,14995,12034
82480.534,14996,12034
82487.673,14997,12034
82504.514,14998,12034
82506.183,14999,12034
82506.417,15000,12034
82524.439,15001,12034
82537.836,15002,12034
82561.532,15003,12034
82608.396,15004,12034
82608.527,15005,12034
82608.561,15006,12034
82616.773,15007,12034
82627.867,15008,12034
82627.897,15009,12034
82630.115,15010,12034
82646.482,15011,12034
82655.859,15012,12034
82669.997,15013,12034
82670.498,15014,12034
82671.38,15015,12034
82671.604,15016,12034
82674.943,15017,12034
82679.632,15018,12034
82686.376,15019,12034
82733.074,15020,12034
82736.64,15021,12034
82738.097,15022,12034
82758.776,15023,12034
82782.172,15024,12035
82823.983,15025,12035
82835.06,15026,12035
82842.824,15027,12035
82852.608,15028,12035
82853.96,15029,12035
82858.75,15030,12035
82886.379,15031,12035
82920.988,15032,12035
82926.757,15033,12035
82970.814,15034,12035
82983.746,15035,12035
83008.013,15036,12035
83026.702,15037,12035
83041.352,15038,12035
83050.049,15039,12035
83072.736,15040,12035
83098.961,15041,12035
83107.402,15042,12035
83112.282,15043,12035
83122.727,15044,12035
83134.625,15045,12035
83136.223,15046,12035
83178.454,15047,12035
83180.153,15048,12035
83189.254,15049,12035
83237.85,15050,12036
83241.152,15051,12036
83241.485,15052,12036
83243.436,15053,12036
83244.706,15054,12036
83244.774,15055,12036
83297.485,15056,12036
83297.836,15057,12037
83299.254,15058,12037
83302.353,15059,12037
83346.826,15060,12038
83347.951,15061,12040
83387.933,15062,12040
83387.977,15063,12040
83410.52,15064,12040
83425.7,15065,12041
83426.876,15066,12042
83429.408,15067,12042
83429.461,15068,12042
83429.99,15069,12042
83431.023,15070,12043
83436.85,15071,12043
83457.21,15072,12043
83457.615,15073,12043
83459.894,15074,12043
83483.037,15075,12043
83483.291,15076,12043
83496.752,15077,12044
83507.243,15078,12044
83518.0,15079,12044
83518.451,15080,12044
83518.969,15081,12044
83519.149,15082,12044
83519.316,15083,12044
83538.894,15084,12044
83545.746,15085,12044
83561.852,15086,12044
83578.777,15087,12044
83597.583,15088,12044
83599.725,15089,12044
83612.636,15090,12044
83612.653,15091,12044
83614.279,15092,12044
83615.705,15093,12044
83615.937,15094,12044
83619.517,15095,12044
83667.308,15096,12044
83705.377,15097,12044
83714.056,15098,12044
83733.529,15099,12044
83734.23,15100,12044
83740.693,15101,12045
83779.139,15102,12045
83781.815,15103,12045
83799.124,15104,12045
83810.229,15105,12047
83811.259,15106,12048
83821.835,15107,12050
83841.771,15108,12050
83847.044,15109,12050
83847.5,15110,12050
83873.979,15111,12050
83879.884,15112,12050
83950.353,15113,12050
83970.045,15114,12050
83983.147,15115,12050
83999.892,15116,12050
84000.074,15117,12050
84012.607,15118,12050
84100.838,15119,12050
84109.62,15120,12053
84111.721,15121,12053
84131.716,15122,12053
84149.85,15123,12053
84168.83,15124,12053
84188.52,15125,12053
84204.645,15126,12053
84227.329,15127,12053
84228.695,15128,12053
84232.567,15129,12053
84242.838,15130,12053
84253.436,15131,12053
84290.502,15132,12053
84295.293,15133,12053
84323.221,15134,12053
84328.286,15135,12053
84328.839,15136,12053
84329.616,15137,12053
84357.385,15138,12053
84399.694,15139,12053
84402.26,15140,12053
84420.112,15141,12053
84439.882,15142,12053
84440.184,15143,12053
84440.703,15144,12053
84441.214,15145,12053
84453.569,15146,12053
84500.231,15147,12053
84500.968,15148,12053
84503.102,15149,12053
84506.198,15150,12053
84531.714,15151,12054
84597.425,15152,12054
84611.018,15153,12054
84631.393,15154,12054
84632.328,15155,12054
84654.093,15156,12054
84664.224,15157,12054
84670.676,15158,12054
84680.015,15159,12054
84741.541,15160,12054
84741.935,15161,12054
84743.79,15162,12054
84764.621,15163,12054
84790.918,15164,12054
84791.27,15165,12054
84798.005,15166,12054
84798.152,15167,12054
84798.896,15168,12054
84814.228,15169,12054
84814.263,15170,12054
84817.742,15171,12054
84832.583,15172,12054
84851.894,15173,12054
84871.248,15174,12054
84901.347,15175,12054
84901.779,15176,12054
84914.705,15177,12054
84940.718,15178,12054
84950.893,15179,12055
84966.818,15180,12055
84988.848,15181,12055
85035.011,15182,12055
85050.636,15183,12055
85117.752,15184,12055
85140.359,15185,12055
85149.276,15186,12055
85149.823,15187,12055
85208.579,15188,12055
85308.171,15189,12055
85312.267,15190,12055
85316.288,15191,12055
85318.114,15192,12056
85360.199,15193,12056
85360.253,15194,12056
85360.378,15195,12056
85360.868,15196,12056
85379.577,15197,12056
85395.586,15198,12056
85401.023,15199,12056
85401.971,15200,12056
85416.672,15201,12056
85447.26,15202,12056
85448.807,15203,12056
85457.581,15204,12056
85486.021,15205,12056
85501.887,15206,12056
85514.92,15207,12056
85515.006,15208,12056
85530.464,15209,12057
85532.768,15210,12059
85558.491,15211,12059
85559.48,15212,12059
85568.275,15213,12059
85568.401,15214,12059
85622.586,15215,12059
85657.321,15216,12059
85657.439,15217,12059
85689.938,15218,12059
85691.234,15219,12059
85697.5,15220,12059
85700.005,15221,12059
85707.657,15222,12059
85720.66,15223,12059
85721.457,15224,12059
85766.063,15225,12059
85886.875,15226,12059
85888.06,15227,12059
85910.061,15228,12059
85910.744,15229,12059
85911.309,15230,12059
85921.096,15231,12059
85947.918,15232,12060
85954.964,15233,12060
85956.874,15234,12060
85999.264,15235,12060
85999.84,15236,12060
86016.026,15237,12060
86128.495,15238,12062
86196.223,15239,12062
86215.009,15240,12062
86233.82,15241,12063
86235.46,15242,12063
86252.105,15243,12063
86318.47,15244,12064
86319.058,15245,12067
86323.126,15246,12068
86323.499,15247,12069
86325.39,15248,12070
86334.04,15249,12070
86335.981,15250,12070
86351.446,15251,12070
86354.19,15252,12070
86384.045,15253,12070
86385.541,15254,12070
