time_s,inputs,cumulative_edges
0.0,1,2325
0.0,2,2424
0.0,3,2443
0.0,4,2490
0.0,5,2591
0.0,6,2595
0.0,7,2904
0.0,8,2961
0.0,9,3364
0.0,10,3398
0.0,11,3400
0.0,12,3500
0.0,13,3502
0.0,14,3509
0.0,15,3527
0.0,16,3527
0.0,17,3528
0.0,18,3548
0.0,19,3721
0.0,20,3730
0.0,21,3732
0.0,22,3734
0.0,23,3743
0.0,24,3743
0.0,25,3744
0.0,26,3773
0.0,27,3773
0.0,28,3779
0.0,29,3795
0.0,30,3796
0.0,31,3802
0.0,32,3805
0.0,33,3825
0.0,34,3825
0.0,35,3833
0.0,36,3833
0.0,37,3847
0.0,38,3852
0.0,39,3855
0.0,40,3855
0.0,41,3871
0.0,42,3872
0.0,43,3910
0.0,44,3932
0.0,45,3967
0.0,46,3992
0.0,47,3997
0.0,48,4001
0.0,49,4037
0.0,50,4052
0.0,51,4052
0.0,52,4055
0.0,53,4055
0.0,54,4067
0.0,55,4144
0.0,56,4144
0.0,57,4150
0.0,58,4157
0.0,59,4161
0.0,60,4164
0.0,61,4174
0.0,62,4174
0.0,63,4194
0.0,64,4194
0.0,65,4194
0.0,66,4194
0.0,67,4194
0.0,68,4196
0.0,69,4200
0.0,70,4200
0.0,71,4206
0.0,72,4206
0.0,73,4206
0.0,74,4210
0.0,75,4211
0.0,76,4212
0.0,77,4212
0.0,78,4212
0.0,79,4212
0.0,80,4212
0.0,81,4245
0.0,82,4246
0.0,83,4248
0.0,84,4248
0.0,85,4248
0.0,86,4250
0.0,87,4256
0.0,88,4379
0.0,89,4447
0.0,90,4451
0.0,91,4454
0.0,92,4454
0.0,93,4458
0.0,94,4458
0.0,95,4458
0.0,96,4458
0.0,97,4487
0.0,98,4493
0.0,99,4504
0.0,100,4504
0.0,101,4517
0.0,102,4518
0.0,103,4518
0.0,104,4518
0.0,105,4518
0.0,106,4518
0.0,107,4520
0.0,108,4521
0.0,109,4523
0.0,110,4523
0.0,111,4523
0.0,112,4527
0.0,113,4527
0.0,114,4532
0.0,115,4534
0.0,116,4538
0.0,117,4539
0.0,118,4539
0.0,119,4539
0.0,120,4550
0.0,121,4550
0.0,122,4550
0.0,123,4550
0.0,124,4552
0.0,125,4552
0.0,126,4552
0.0,127,4563
0.0,128,4913
0.0,129,4914
0.0,130,4914
0.0,131,4914
0.0,132,4914
0.0,133,4914
0.0,134,4914
0.0,135,4915
0.0,136,4915
0.0,137,4915
0.0,138,4923
0.0,139,4923
0.0,140,4923
0.0,141,4924
0.0,142,4927
0.0,143,4927
0.0,144,4927
0.0,145,5011
0.0,146,5011
0.0,147,5016
0.0,148,5016
0.0,149,5016
0.0,150,5016
0.0,151,5023
0.0,152,5023
0.0,153,5029
0.0,154,5031
0.0,155,5031
0.0,156,5031
0.0,157,5031
0.0,158,5032
0.0,159,5113
0.0,160,5113
0.0,161,5113
0.0,162,5123
0.0,163,5124
0.0,164,5124
0.0,165,5124
0.0,166,5124
0.0,167,5125
0.0,168,5136
0.0,169,5140
0.0,170,5141
0.0,171,5141
0.0,172,5144
0.0,173,5170
0.0,174,5176
0.0,175,5176
0.0,176,5180
0.0,177,5182
0.0,178,5182
0.016,179,5182
0.03,180,5183
0.041,181,5185
0.057,182,5185
0.079,183,5188
0.106,184,5188
0.135,185,5188
0.146,186,5193
0.162,187,5194
0.173,188,5196
0.208,189,5196
0.242,190,5197
0.284,191,5197
0.315,192,5198
0.37,193,5198
0.384,194,5198
0.441,195,5199
0.457,196,5200
0.659,197,5201
0.718,198,5206
0.731,199,5207
0.745,200,5208
0.762,201,5209
0.781,202,5210
0.802,203,5211
0.821,204,5212
0.91,205,5213
0.924,206,5213
0.998,207,5214
1.255,208,5214
1.505,209,5214
1.517,210,5215
1.541,211,5215
1.555,212,5216
1.575,213,5217
1.587,214,5218
1.612,215,5218
1.633,216,5229
1.669,217,5231
1.697,218,5231
1.717,219,5232
1.771,220,5233
1.786,221,5233
1.803,222,5233
1.822,223,5233
1.843,224,5233
1.86,225,5234
1.879,226,5238
1.943,227,5238
1.981,228,5245
2.008,229,5247
2.034,230,5248
2.124,231,5248
2.137,232,5248
2.149,233,5248
2.165,234,5250
2.187,235,5251
2.199,236,5252
2.225,237,5252
2.237,238,5252
2.289,239,5252
2.348,240,5253
2.409,241,5253
2.438,242,5254
2.474,243,5254
2.488,244,5254
2.532,245,5255
2.616,246,5256
2.682,247,5258
2.847,248,5258
2.862,249,5259
2.878,250,5260
2.899,251,5260
2.941,252,5260
3.031,253,5260
3.045,254,5260
3.107,255,5261
3.118,256,5262
3.142,257,5263
3.165,258,5264
3.193,259,5264
3.219,260,5264
3.282,261,5267
3.299,262,5269
3.318,263,5269
3.333,264,5270
3.35,265,5270
3.504,266,5270
3.587,267,5271
3.622,268,5277
3.634,269,5278
3.66,270,5279
3.769,271,5280
3.851,272,5281
3.946,273,5282
3.964,274,5283
4.044,275,5285
4.089,276,5288
4.106,277,5289
4.118,278,5289
4.141,279,5289
4.158,280,5293
4.181,281,5293
4.275,282,5297
4.299,283,5298
4.32,284,5298
4.351,285,5299
4.461,286,5300
4.487,287,5300
4.513,288,5300
4.536,289,5308
4.55,290,5308
4.565,291,5308
4.577,292,5309
4.591,293,5312
4.629,294,5314
4.699,295,5314
4.762,296,5315
4.844,297,5315
4.863,298,5315
4.882,299,5316
4.99,300,5318
5.175,301,5318
5.206,302,5318
5.218,303,5318
5.258,304,5318
5.276,305,5318
5.5,306,5318
5.566,307,5318
5.661,308,5318
5.699,309,5318
5.795,310,5318
5.807,311,5318
5.83,312,5320
5.929,313,5320
5.971,314,5320
6.033,315,5320
6.051,316,5321
6.107,317,5321
6.175,318,5323
6.237,319,5323
6.312,320,5323
6.333,321,5323
6.358,322,5324
6.397,323,5324
6.49,324,5324
6.614,325,5324
6.759,326,5324
6.787,327,5324
6.836,328,5324
6.921,329,5324
6.955,330,5324
7.018,331,5325
7.144,332,5325
7.196,333,5325
7.309,334,5326
7.344,335,5326
7.459,336,5329
7.483,337,5331
7.511,338,5331
7.583,339,5332
7.736,340,5335
7.9,341,5335
8.03,342,5335
8.103,343,5336
8.192,344,5336
8.286,345,5336
8.373,346,5336
8.436,347,5336
8.486,348,5337
8.568,349,5337
8.618,350,5337
8.648,351,5337
8.663,352,5337
8.68,353,5338
8.769,354,5339
8.837,355,5339
8.899,356,5340
9.002,357,5340
9.047,358,5340
9.183,359,5340
9.335,360,5340
9.4,361,5340
9.641,362,5341
9.658,363,5341
9.686,364,5341
9.763,365,5342
9.85,366,5342
9.913,367,5343
9.995,368,5343
10.04,369,5343
10.078,370,5344
10.118,371,5344
10.148,372,5344
10.237,373,5346
10.408,374,5347
10.595,375,5347
10.621,376,5354
10.717,377,5354
10.753,378,5354
10.837,379,5354
10.897,380,5355
10.991,381,5355
11.012,382,5355
11.05,383,5356
11.093,384,5357
11.138,385,5357
11.334,386,5357
11.395,387,5358
11.492,388,5358
11.644,389,5360
11.811,390,5360
11.837,391,5364
12.151,392,5364
12.37,393,5364
12.43,394,5365
12.445,395,5365
12.564,396,5365
12.593,397,5367
12.605,398,5368
12.64,399,5369
12.682,400,5369
12.799,401,5370
12.855,402,5370
12.872,403,5372
12.889,404,5372
12.989,405,5373
13.171,406,5373
13.235,407,5373
13.345,408,5373
13.633,409,5373
13.677,410,5373
13.778,411,5374
13.828,412,5374
13.842,413,5374
13.968,414,5374
14.181,415,5374
14.231,416,5375
14.314,417,5376
14.403,418,5376
14.78,419,5377
15.011,420,5377
15.04,421,5377
15.191,422,5378
15.212,423,5378
15.269,424,5378
15.482,425,5379
15.496,426,5379
15.534,427,5379
15.557,428,5380
15.588,429,5380
15.638,430,5380
15.702,431,5380
15.772,432,5380
15.794,433,5381
15.961,434,5381
15.993,435,5382
16.26,436,5383
16.423,437,5384
16.554,438,5384
16.583,439,5385
16.751,440,5386
16.849,441,5386
16.903,442,5386
17.024,443,5392
17.119,444,5392
17.301,445,5392
17.325,446,5392
17.339,447,5393
17.562,448,5393
17.623,449,5394
17.805,450,5395
17.84,451,5395
17.887,452,5395
18.094,453,5396
18.134,454,5397
18.246,455,5397
18.364,456,5397
18.453,457,5397
18.562,458,5398
18.63,459,5398
18.979,460,5399
19.332,461,5400
19.407,462,5400
19.874,463,5400
20.71,464,5404
20.79,465,5404
21.196,466,5405
21.305,467,5406
21.423,468,5406
21.817,469,5406
21.96,470,5408
22.172,471,5408
22.198,472,5408
22.214,473,5409
22.264,474,5409
22.322,475,5410
22.425,476,5410
22.479,477,5411
22.514,478,5412
22.528,479,5412
22.955,480,5412
23.149,481,5412
23.367,482,5412
23.407,483,5413
23.428,484,5413
23.561,485,5413
23.979,486,5414
24.385,487,5414
24.459,488,5414
24.766,489,5414
25.269,490,5414
25.327,491,5414
25.626,492,5414
26.07,493,5416
26.258,494,5416
26.438,495,5416
26.504,496,5418
26.535,497,5419
26.601,498,5423
26.716,499,5424
26.955,500,5424
27.035,501,5424
27.061,502,5424
27.077,503,5424
27.141,504,5426
27.312,505,5426
27.375,506,5427
27.391,507,5427
27.571,508,5428
27.612,509,5431
27.92,510,5432
27.949,511,5433
28.077,512,5445
28.126,513,5445
28.404,514,5446
28.519,515,5446
28.585,516,5446
28.677,517,5446
29.525,518,5446
29.571,519,5446
30.093,520,5446
30.341,521,5449
30.609,522,5450
30.766,523,5451
30.792,524,5452
30.831,525,5454
30.859,526,5462
31.277,527,5463
31.554,528,5463
31.641,529,5465
31.954,530,5465
32.123,531,5465
32.181,532,5466
32.25,533,5466
32.274,534,5475
32.695,535,5476
32.808,536,5477
32.827,537,5477
32.899,538,5477
33.063,539,5477
33.165,540,5478
33.24,541,5481
33.36,542,5483
34.03,543,5483
34.337,544,5484
34.405,545,5485
34.538,546,5486
34.859,547,5489
35.288,548,5492
36.089,549,5492
36.174,550,5492
36.38,551,5492
36.669,552,5492
36.75,553,5492
36.988,554,5492
37.084,555,5494
37.257,556,5495
37.332,557,5495
37.364,558,5495
37.781,559,5496
37.882,560,5497
37.98,561,5497
38.136,562,5498
38.539,563,5498
38.565,564,5502
39.405,565,5502
40.129,566,5502
40.402,567,5505
40.719,568,5505
40.789,569,5506
40.848,570,5508
41.028,571,5509
41.45,572,5509
41.475,573,5510
41.626,574,5511
41.727,575,5511
42.023,576,5511
42.096,577,5511
42.595,578,5513
43.455,579,5515
43.472,580,5517
43.979,581,5517
44.693,582,5517
44.866,583,5517
45.4,584,5518
45.623,585,5519
45.664,586,5519
45.68,587,5523
46.09,588,5523
47.36,589,5523
47.477,590,5524
47.865,591,5524
48.058,592,5524
48.069,593,5524
48.197,594,5524
48.437,595,5524
49.148,596,5524
49.186,597,5530
49.549,598,5530
49.596,599,5530
50.388,600,5531
50.596,601,5532
51.309,602,5533
52.119,603,5534
52.315,604,5534
52.359,605,5535
53.339,606,5535
53.552,607,5539
54.222,608,5539
54.248,609,5539
54.277,610,5539
54.35,611,5540
55.074,612,5541
55.151,613,5541
55.214,614,5541
55.389,615,5541
55.79,616,5541
56.008,617,5542
56.192,618,5544
57.312,619,5547
57.336,620,5548
57.732,621,5574
58.188,622,5575
59.583,623,5576
60.056,624,5576
61.156,625,5576
61.237,626,5576
61.286,627,5577
61.621,628,5577
61.741,629,5577
61.794,630,5578
62.02,631,5578
62.364,632,5579
62.544,633,5580
62.643,634,5580
62.747,635,5581
63.095,636,5582
63.504,637,5582
64.053,638,5586
64.551,639,5586
64.735,640,5595
65.661,641,5597
65.769,642,5597
66.189,643,5597
66.263,644,5599
66.374,645,5599
66.662,646,5599
67.095,647,5601
67.545,648,5602
67.775,649,5605
67.939,650,5607
68.209,651,5607
68.307,652,5607
68.38,653,5607
68.903,654,5607
69.184,655,5607
69.569,656,5608
69.691,657,5609
70.229,658,5609
70.754,659,5609
70.838,660,5609
70.943,661,5609
71.014,662,5610
71.348,663,5610
71.628,664,5612
72.041,665,5612
72.102,666,5613
72.633,667,5615
72.694,668,5616
72.81,669,5616
73.462,670,5616
74.699,671,5616
74.835,672,5623
75.005,673,5623
75.878,674,5623
76.174,675,5625
76.377,676,5626
76.462,677,5626
77.133,678,5626
77.369,679,5626
79.262,680,5626
79.277,681,5628
80.34,682,5628
80.383,683,5628
80.584,684,5628
81.374,685,5629
81.435,686,5630
82.588,687,5631
84.179,688,5631
84.28,689,5631
84.562,690,5631
84.967,691,5632
85.179,692,5632
85.295,693,5632
85.535,694,5633
85.656,695,5635
85.762,696,5635
86.361,697,5637
87.738,698,5638
88.138,699,5639
88.152,700,5640
89.198,701,5640
89.551,702,5641
89.607,703,5641
90.304,704,5642
90.769,705,5642
90.846,706,5642
91.783,707,5642
91.91,708,5659
91.943,709,5659
92.533,710,5661
92.841,711,5662
92.902,712,5662
92.942,713,5664
93.175,714,5664
93.81,715,5664
94.541,716,5664
94.797,717,5665
95.08,718,5666
95.096,719,5666
95.175,720,5666
95.5,721,5666
95.636,722,5666
95.866,723,5668
96.052,724,5669
96.765,725,5669
96.826,726,5669
97.228,727,5669
97.323,728,5670
97.524,729,5670
98.064,730,5671
98.12,731,5671
98.398,732,5672
99.326,733,5674
99.599,734,5674
100.68,735,5675
100.933,736,5676
101.024,737,5677
101.27,738,5677
101.427,739,5677
101.741,740,5679
102.452,741,5679
102.693,742,5679
102.829,743,5679
104.004,744,5679
104.743,745,5681
106.224,746,5681
106.829,747,5681
107.826,748,5681
108.777,749,5681
109.083,750,5681
109.759,751,5681
110.805,752,5681
110.92,753,5681
111.018,754,5682
112.023,755,5683
112.378,756,5684
112.951,757,5684
113.952,758,5684
113.988,759,5684
114.002,760,5685
114.112,761,5685
114.258,762,5686
114.507,763,5687
114.556,764,5688
114.716,765,5691
115.028,766,5691
115.48,767,5691
115.951,768,5691
116.794,769,5691
119.732,770,5692
120.095,771,5692
120.272,772,5692
120.352,773,5692
121.25,774,5692
121.6,775,5692
122.741,776,5693
123.537,777,5693
123.856,778,5694
124.045,779,5694
124.078,780,5694
124.453,781,5695
125.169,782,5696
127.447,783,5697
127.485,784,5697
128.002,785,5697
129.592,786,5699
130.572,787,5700
135.408,788,5701
135.561,789,5702
135.849,790,5703
136.038,791,5703
136.265,792,5704
136.361,793,5705
136.531,794,5705
136.656,795,5705
137.031,796,5706
137.192,797,5706
137.283,798,5706
137.405,799,5706
137.88,800,5706
139.692,801,5707
139.906,802,5707
140.013,803,5707
140.433,804,5708
142.458,805,5708
142.607,806,5709
142.778,807,5709
143.426,808,5710
144.92,809,5710
145.275,810,5711
145.999,811,5711
146.795,812,5712
148.207,813,5713
149.986,814,5714
150.506,815,5714
151.398,816,5714
151.589,817,5714
152.858,818,5714
153.793,819,5714
154.647,820,5714
154.952,821,5714
157.074,822,5714
159.447,823,5714
161.368,824,5714
161.56,825,5714
161.579,826,5714
164.057,827,5717
164.992,828,5729
167.56,829,5730
168.372,830,5731
175.747,831,5731
175.963,832,5732
176.099,833,5733
176.114,834,5736
176.133,835,5740
176.244,836,5740
176.311,837,5740
176.928,838,5740
177.449,839,5741
177.554,840,5741
177.678,841,5744
177.713,842,5744
177.735,843,5744
177.763,844,5744
177.79,845,5744
177.854,846,5745
177.899,847,5745
177.976,848,5745
177.997,849,5745
178.061,850,5745
178.11,851,5746
178.154,852,5747
178.17,853,5747
178.205,854,5748
178.301,855,5748
178.333,856,5749
178.376,857,5749
178.447,858,5749
178.473,859,5749
178.53,860,5749
178.561,861,5749
178.575,862,5749
178.595,863,5749
178.664,864,5749
178.826,865,5749
178.878,866,5749
178.907,867,5749
178.93,868,5749
178.951,869,5749
178.965,870,5749
179.01,871,5749
179.034,872,5749
179.099,873,5749
179.186,874,5750
179.477,875,5750
179.519,876,5750
179.652,877,5751
180.158,878,5751
180.246,879,5751
180.506,880,5751
180.605,881,5751
180.936,882,5751
181.627,883,5751
181.691,884,5751
181.853,885,5751
182.364,886,5751
182.421,887,5751
182.701,888,5751
182.762,889,5751
182.841,890,5751
182.884,891,5751
183.144,892,5751
183.367,893,5752
183.852,894,5753
183.97,895,5753
184.37,896,5754
185.634,897,5754
185.738,898,5755
186.079,899,5755
186.945,900,5755
187.128,901,5755
187.838,902,5755
187.913,903,5756
188.016,904,5757
188.268,905,5757
188.346,906,5758
188.439,907,5759
188.521,908,5760
189.866,909,5760
189.968,910,5760
191.005,911,5761
191.243,912,5761
191.371,913,5761
191.601,914,5761
191.751,915,5761
191.934,916,5761
192.259,917,5761
192.518,918,5761
192.973,919,5761
194.019,920,5761
194.493,921,5761
194.902,922,5761
195.426,923,5761
195.716,924,5761
196.354,925,5761
197.641,926,5761
198.057,927,5765
198.114,928,5765
198.257,929,5765
199.366,930,5765
199.547,931,5766
200.614,932,5766
200.878,933,5766
200.974,934,5766
203.269,935,5766
203.289,936,5767
204.436,937,5768
206.01,938,5769
206.21,939,5769
207.308,940,5770
207.484,941,5770
208.204,942,5777
211.631,943,5777
212.594,944,5777
213.326,945,5777
213.412,946,5777
213.547,947,5777
214.511,948,5777
214.911,949,5778
215.178,950,5778
215.426,951,5779
221.459,952,5779
222.367,953,5779
223.685,954,5779
223.711,955,5782
227.289,956,5801
227.763,957,5801
229.23,958,5801
229.39,959,5802
229.846,960,5802
230.159,961,5804
230.384,962,5805
230.459,963,5805
230.766,964,5805
231.046,965,5805
231.474,966,5807
231.491,967,5808
231.928,968,5810
231.95,969,5810
232.644,970,5811
232.724,971,5811
233.708,972,5812
233.768,973,5812
234.105,974,5812
235.039,975,5813
235.193,976,5813
235.85,977,5814
235.967,978,5814
235.98,979,5815
236.122,980,5816
236.297,981,5819
236.655,982,5819
237.374,983,5819
237.719,984,5820
237.9,985,5821
238.245,986,5823
238.456,987,5824
238.895,988,5824
239.577,989,5824
239.844,990,5825
240.757,991,5826
242.103,992,5826
242.444,993,5826
242.477,994,5826
242.929,995,5827
244.686,996,5829
244.818,997,5832
245.063,998,5832
245.547,999,5832
245.731,1000,5832
246.232,1001,5832
246.26,1002,5832
246.483,1003,5833
247.372,1004,5833
248.169,1005,5833
249.216,1006,5834
250.119,1007,5834
250.165,1008,5834
251.999,1009,5834
252.263,1010,5834
253.353,1011,5834
254.634,1012,5834
254.709,1013,5834
255.084,1014,5834
255.383,1015,5835
255.669,1016,5835
255.885,1017,5842
255.915,1018,5842
257.072,1019,5843
258.054,1020,5843
258.737,1021,5843
259.019,1022,5844
261.297,1023,5844
264.091,1024,5844
264.121,1025,5844
265.042,1026,5849
266.009,1027,5849
266.159,1028,5849
268.091,1029,5850
269.737,1030,5851
271.053,1031,5851
274.168,1032,5851
276.841,1033,5851
276.984,1034,5853
277.805,1035,5853
278.338,1036,5854
281.579,1037,5855
282.343,1038,5855
283.427,1039,5856
284.345,1040,5857
284.779,1041,5857
289.153,1042,5857
289.229,1043,5857
291.504,1044,5857
292.378,1045,5857
293.467,1046,5857
295.415,1047,5857
296.433,1048,5857
297.453,1049,5865
298.319,1050,5865
300.93,1051,5865
301.075,1052,5865
301.722,1053,5866
301.774,1054,5867
302.798,1055,5867
304.237,1056,5867
305.888,1057,5867
306.81,1058,5868
307.216,1059,5868
307.437,1060,5871
307.452,1061,5871
308.288,1062,5871
311.278,1063,5871
313.082,1064,5871
313.568,1065,5871
316.194,1066,5871
321.466,1067,5872
323.707,1068,5872
327.485,1069,5872
327.862,1070,5872
328.548,1071,5872
329.063,1072,5872
331.755,1073,5872
336.59,1074,5872
337.427,1075,5872
338.938,1076,5872
341.009,1077,5872
350.223,1078,5890
352.621,1079,5890
353.382,1080,5891
354.18,1081,5891
355.312,1082,5892
356.274,1083,5892
358.819,1084,5893
368.194,1085,5896
368.216,1086,5898
368.275,1087,5902
368.512,1088,5902
368.661,1089,5902
369.227,1090,5902
369.81,1091,5902
369.903,1092,5908
370.008,1093,5908
370.18,1094,5908
370.264,1095,5908
370.325,1096,5908
370.411,1097,5908
370.451,1098,5908
370.587,1099,5908
370.633,1100,5908
370.711,1101,5908
371.336,1102,5908
371.559,1103,5908
371.693,1104,5908
371.748,1105,5908
371.939,1106,5908
372.507,1107,5908
372.767,1108,5914
373.817,1109,5915
374.854,1110,5915
375.032,1111,5915
375.561,1112,5915
375.622,1113,5916
375.855,1114,5916
376.07,1115,5917
377.3,1116,5918
377.526,1117,5919
377.887,1118,5919
378.898,1119,5919
379.011,1120,5920
379.08,1121,5920
379.146,1122,5920
380.075,1123,5920
380.244,1124,5921
380.904,1125,5922
381.272,1126,5922
381.742,1127,5922
381.925,1128,5922
383.29,1129,5922
384.829,1130,5922
387.776,1131,5922
388.562,1132,5922
390.419,1133,5958
390.52,1134,5960
391.855,1135,5960
392.078,1136,5960
393.426,1137,5961
394.842,1138,5961
395.473,1139,5961
395.848,1140,5961
395.889,1141,5962
397.407,1142,5962
397.56,1143,5962
398.729,1144,5963
398.952,1145,5964
399.706,1146,5968
400.309,1147,5968
401.146,1148,5969
402.268,1149,5970
402.499,1150,5970
403.82,1151,5971
405.253,1152,5971
405.443,1153,5972
405.802,1154,5972
406.172,1155,5982
406.501,1156,5982
411.35,1157,5983
417.234,1158,5983
417.267,1159,5983
417.783,1160,5984
418.156,1161,5986
418.268,1162,5986
418.731,1163,5986
418.865,1164,5986
419.11,1165,5986
419.171,1166,5986
419.188,1167,5986
419.207,1168,5986
419.229,1169,5986
419.252,1170,5986
419.294,1171,5986
419.318,1172,5986
419.352,1173,5986
419.379,1174,5986
419.433,1175,5986
419.461,1176,5986
419.479,1177,5986
419.505,1178,5986
419.553,1179,5986
419.585,1180,5987
419.632,1181,5987
419.702,1182,5987
419.74,1183,5987
419.769,1184,5987
419.833,1185,5987
419.898,1186,5987
419.975,1187,5987
420.033,1188,5987
420.055,1189,5987
420.084,1190,5987
420.137,1191,5987
420.26,1192,5987
420.302,1193,5987
420.316,1194,5987
420.469,1195,5987
420.5,1196,5987
420.555,1197,5987
420.586,1198,5987
420.607,1199,5987
420.682,1200,5987
420.753,1201,5987
420.778,1202,5987
420.805,1203,5987
420.838,1204,5987
421.013,1205,5987
421.083,1206,5987
421.103,1207,5987
421.243,1208,5987
421.272,1209,5987
421.297,1210,5987
421.365,1211,5987
421.381,1212,5987
421.583,1213,5987
421.603,1214,5987
421.622,1215,5987
421.683,1216,5988
421.759,1217,5988
421.809,1218,5988
421.866,1219,5988
421.961,1220,5988
422.065,1221,5988
422.135,1222,5988
422.164,1223,5992
422.264,1224,5992
422.298,1225,5992
422.375,1226,5992
422.467,1227,5992
422.519,1228,5992
422.853,1229,5992
422.987,1230,5992
423.016,1231,5992
423.118,1232,5992
423.244,1233,5992
423.304,1234,5992
423.385,1235,5992
423.563,1236,5992
423.588,1237,5992
423.648,1238,5992
423.703,1239,5993
424.196,1240,5994
424.238,1241,5994
424.477,1242,5994
424.505,1243,5994
424.716,1244,5994
424.744,1245,5994
425.269,1246,5994
425.322,1247,5995
425.349,1248,5995
425.543,1249,5995
425.597,1250,5995
425.658,1251,5995
426.354,1252,5995
426.388,1253,5996
426.799,1254,5996
426.906,1255,5996
427.113,1256,5996
427.212,1257,5996
428.303,1258,5996
428.368,1259,5996
428.389,1260,5996
428.663,1261,5997
428.812,1262,5997
429.392,1263,5998
429.75,1264,5998
429.861,1265,5998
430.03,1266,5998
430.092,1267,5998
430.631,1268,5999
430.736,1269,5999
430.991,1270,5999
431.593,1271,5999
431.768,1272,5999
431.804,1273,5999
431.96,1274,5999
432.177,1275,5999
433.755,1276,5999
433.806,1277,5999
433.83,1278,5999
433.916,1279,5999
434.478,1280,5999
434.57,1281,5999
435.189,1282,5999
435.497,1283,5999
435.894,1284,6000
436.072,1285,6000
436.415,1286,6000
436.66,1287,6001
436.752,1288,6001
438.219,1289,6002
438.266,1290,6002
438.35,1291,6003
439.968,1292,6003
440.063,1293,6003
440.334,1294,6005
440.439,1295,6005
440.456,1296,6005
440.64,1297,6005
440.843,1298,6005
440.865,1299,6005
440.941,1300,6005
441.005,1301,6005
441.236,1302,6005
443.461,1303,6005
444.522,1304,6005
444.685,1305,6005
446.792,1306,6006
447.429,1307,6007
447.615,1308,6007
448.13,1309,6007
448.148,1310,6008
448.625,1311,6008
448.844,1312,6009
449.558,1313,6009
450.332,1314,6009
450.786,1315,6009
450.871,1316,6010
451.09,1317,6011
451.543,1318,6011
452.279,1319,6011
452.703,1320,6011
452.796,1321,6011
452.886,1322,6011
454.017,1323,6011
454.234,1324,6011
455.28,1325,6011
455.356,1326,6011
456.255,1327,6011
456.478,1328,6011
456.939,1329,6011
458.62,1330,6011
458.646,1331,6011
458.821,1332,6011
459.539,1333,6011
460.617,1334,6011
460.652,1335,6012
461.403,1336,6012
462.609,1337,6012
462.76,1338,6012
463.595,1339,6014
463.709,1340,6014
478.51,1341,6014
478.538,1342,6014
483.411,1343,6014
483.446,1344,6014
484.606,1345,6015
486.432,1346,6015
486.537,1347,6015
486.57,1348,6019
486.919,1349,6020
487.107,1350,6022
487.45,1351,6044
487.499,1352,6044
487.567,1353,6044
487.717,1354,6045
488.174,1355,6047
489.424,1356,6047
489.674,1357,6047
489.975,1358,6097
490.96,1359,6106
493.375,1360,6106
496.0,1361,6107
496.529,1362,6108
497.507,1363,6108
497.758,1364,6115
498.113,1365,6118
498.184,1366,6119
498.253,1367,6122
498.513,1368,6124
498.601,1369,6124
499.547,1370,6127
499.949,1371,6127
500.205,1372,6127
500.282,1373,6128
502.793,1374,6128
503.217,1375,6128
507.68,1376,6130
508.768,1377,6130
509.4,1378,6131
509.568,1379,6134
510.403,1380,6135
510.824,1381,6147
512.42,1382,6149
514.835,1383,6150
516.128,1384,6151
524.428,1385,6152
524.483,1386,6152
524.905,1387,6152
524.995,1388,6152
526.426,1389,6152
526.454,1390,6152
526.51,1391,6152
526.529,1392,6154
526.551,1393,6154
526.635,1394,6154
526.732,1395,6154
526.801,1396,6154
526.948,1397,6154
527.096,1398,6154
527.939,1399,6154
528.338,1400,6154
528.582,1401,6154
528.616,1402,6154
528.853,1403,6154
529.051,1404,6154
529.457,1405,6154
529.514,1406,6154
529.67,1407,6154
530.029,1408,6155
530.363,1409,6187
531.539,1410,6187
531.942,1411,6188
533.179,1412,6188
534.279,1413,6188
535.758,1414,6189
536.293,1415,6189
538.0,1416,6189
538.185,1417,6190
538.778,1418,6190
539.248,1419,6191
539.922,1420,6192
540.831,1421,6194
540.997,1422,6206
542.934,1423,6206
544.751,1424,6208
545.146,1425,6208
545.439,1426,6244
545.834,1427,6244
546.28,1428,6267
550.027,1429,6267
550.643,1430,6267
550.805,1431,6267
550.881,1432,6272
551.512,1433,6272
552.125,1434,6272
552.314,1435,6272
552.442,1436,6272
552.645,1437,6272
552.743,1438,6279
553.445,1439,6281
554.998,1440,6287
555.222,1441,6290
555.97,1442,6322
556.081,1443,6322
556.402,1444,6323
558.195,1445,6323
560.397,1446,6323
560.458,1447,6323
560.623,1448,6323
560.651,1449,6323
560.754,1450,6323
560.877,1451,6323
560.925,1452,6323
561.022,1453,6323
561.07,1454,6323
561.219,1455,6323
561.357,1456,6323
561.464,1457,6323
561.51,1458,6323
562.003,1459,6324
562.033,1460,6324
562.069,1461,6324
562.138,1462,6324
562.166,1463,6324
562.191,1464,6324
562.215,1465,6324
562.331,1466,6325
562.36,1467,6326
562.538,1468,6327
562.636,1469,6327
562.987,1470,6327
563.273,1471,6328
563.614,1472,6328
563.659,1473,6329
563.783,1474,6329
563.874,1475,6329
564.01,1476,6329
564.95,1477,6330
565.871,1478,6331
566.426,1479,6331
567.508,1480,6331
568.345,1481,6331
568.98,1482,6331
571.621,1483,6333
571.656,1484,6333
573.268,1485,6334
573.292,1486,6334
574.238,1487,6334
574.631,1488,6335
576.473,1489,6336
578.041,1490,6337
578.913,1491,6338
579.02,1492,6338
581.095,1493,6338
581.122,1494,6338
583.852,1495,6338
586.979,1496,6338
601.954,1497,6338
602.241,1498,6338
604.178,1499,6359
606.456,1500,6362
607.417,1501,6362
607.441,1502,6362
609.395,1503,6362
609.578,1504,6362
611.481,1505,6362
617.809,1506,6362
624.803,1507,6363
625.034,1508,6363
626.023,1509,6364
628.309,1510,6383
628.86,1511,6384
629.055,1512,6388
631.068,1513,6388
631.733,1514,6411
633.477,1515,6411
634.077,1516,6411
644.644,1517,6464
645.015,1518,6473
648.583,1519,6474
648.851,1520,6474
648.894,1521,6475
649.605,1522,6477
662.833,1523,6477
664.552,1524,6494
666.122,1525,6495
666.885,1526,6496
667.011,1527,6496
667.482,1528,6497
667.864,1529,6498
668.864,1530,6499
669.436,1531,6499
670.484,1532,6500
671.005,1533,6500
673.339,1534,6500
674.726,1535,6500
676.242,1536,6501
679.146,1537,6501
679.794,1538,6511
683.772,1539,6511
684.71,1540,6512
685.888,1541,6512
686.882,1542,6513
689.024,1543,6513
693.202,1544,6554
695.333,1545,6558
700.741,1546,6558
703.677,1547,6559
704.318,1548,6560
707.185,1549,6560
707.248,1550,6560
711.305,1551,6563
711.758,1552,6563
713.26,1553,6564
717.378,1554,6564
718.506,1555,6565
723.358,1556,6566
747.656,1557,6569
748.635,1558,6569
754.676,1559,6569
756.642,1560,6570
759.121,1561,6571
761.385,1562,6571
767.829,1563,6575
780.525,1564,6580
780.743,1565,6580
783.246,1566,6581
784.579,1567,6583
789.558,1568,6583
805.237,1569,6584
806.002,1570,6584
806.289,1571,6585
806.304,1572,6585
806.928,1573,6585
806.982,1574,6585
807.288,1575,6585
807.926,1576,6588
808.68,1577,6588
809.381,1578,6588
810.01,1579,6588
810.036,1580,6588
812.746,1581,6590
813.11,1582,6590
813.448,1583,6590
814.627,1584,6590
815.147,1585,6591
815.417,1586,6591
816.064,1587,6592
816.099,1588,6592
816.252,1589,6592
818.563,1590,6592
818.836,1591,6593
819.208,1592,6594
820.591,1593,6594
821.212,1594,6594
821.862,1595,6595
821.901,1596,6596
825.992,1597,6596
826.567,1598,6596
827.113,1599,6597
827.627,1600,6598
830.008,1601,6598
835.467,1602,6599
836.276,1603,6599
838.318,1604,6599
839.238,1605,6599
843.11,1606,6599
846.97,1607,6600
847.676,1608,6600
848.965,1609,6600
851.063,1610,6600
853.369,1611,6600
857.052,1612,6601
857.611,1613,6601
857.754,1614,6601
859.216,1615,6602
860.55,1616,6605
860.616,1617,6606
860.777,1618,6606
860.812,1619,6606
861.02,1620,6606
862.514,1621,6607
870.588,1622,6607
872.988,1623,6608
873.905,1624,6619
877.131,1625,6619
880.794,1626,6620
887.657,1627,6620
892.96,1628,6620
902.438,1629,6620
904.07,1630,6620
911.018,1631,6620
912.504,1632,6621
915.739,1633,6621
918.94,1634,6621
929.139,1635,6621
934.164,1636,6621
934.647,1637,6621
935.898,1638,6622
960.18,1639,6622
966.863,1640,6623
971.505,1641,6623
974.577,1642,6623
982.978,1643,6623
984.984,1644,6623
986.125,1645,6623
986.389,1646,6624
987.156,1647,6625
987.488,1648,6625
988.523,1649,6625
990.284,1650,6625
991.43,1651,6625
993.423,1652,6625
993.452,1653,6625
993.678,1654,6625
994.587,1655,6625
995.364,1656,6636
995.646,1657,6636
996.199,1658,6636
996.333,1659,6636
996.361,1660,6637
996.431,1661,6637
997.829,1662,6637
998.21,1663,6638
998.389,1664,6639
1000.266,1665,6639
1001.284,1666,6640
1001.46,1667,6640
1001.534,1668,6640
1002.023,1669,6640
1002.665,1670,6640
1003.808,1671,6640
1004.948,1672,6640
1005.504,1673,6641
1005.567,1674,6641
1005.645,1675,6641
1005.685,1676,6641
1006.454,1677,6641
1007.059,1678,6641
1007.726,1679,6641
1007.787,1680,6641
1010.798,1681,6642
1013.626,1682,6642
1013.811,1683,6642
1015.712,1684,6642
1018.477,1685,6642
1018.979,1686,6642
1021.333,1687,6642
1025.615,1688,6643
1027.06,1689,6643
1027.435,1690,6643
1027.63,1691,6643
1027.696,1692,6643
1031.226,1693,6643
1032.512,1694,6643
1033.549,1695,6643
1037.443,1696,6643
1038.014,1697,6643
1040.878,1698,6643
1041.196,1699,6644
1047.856,1700,6644
1048.764,1701,6644
1049.802,1702,6644
1051.384,1703,6644
1053.586,1704,6644
1053.983,1705,6644
1071.223,1706,6644
1074.684,1707,6644
1075.081,1708,6644
1079.562,1709,6645
1081.514,1710,6645
1089.584,1711,6645
1110.161,1712,6645
1127.302,1713,6647
1127.378,1714,6647
1129.843,1715,6647
1137.964,1716,6647
1138.937,1717,6647
1139.361,1718,6647
1142.463,1719,6647
1147.137,1720,6647
1164.208,1721,6647
1164.539,1722,6647
1164.942,1723,6647
1170.02,1724,6647
1180.627,1725,6647
1180.733,1726,6647
1180.847,1727,6647
1187.226,1728,6648
1188.647,1729,6648
1190.006,1730,6649
1190.609,1731,6649
1190.905,1732,6650
1192.636,1733,6650
1194.981,1734,6650
1195.009,1735,6650
1208.194,1736,6650
1208.773,1737,6650
1227.395,1738,6650
1245.559,1739,6656
1245.691,1740,6657
1245.788,1741,6657
1245.933,1742,6657
1246.069,1743,6657
1246.191,1744,6661
1246.219,1745,6661
1246.483,1746,6661
1246.724,1747,6661
1246.752,1748,6661
1246.992,1749,6661
1247.141,1750,6661
1247.583,1751,6662
1254.199,1752,6663
1254.251,1753,6668
1254.278,1754,6669
1254.373,1755,6677
1254.418,1756,6680
1254.533,1757,6681
1269.147,1758,6681
1272.289,1759,6681
1277.905,1760,6681
1287.219,1761,6681
1289.655,1762,6681
1290.283,1763,6681
1291.137,1764,6681
1291.362,1765,6681
1291.728,1766,6681
1296.682,1767,6683
1304.135,1768,6683
1304.663,1769,6683
1304.976,1770,6683
1306.051,1771,6683
1306.139,1772,6683
1306.161,1773,6683
1306.192,1774,6683
1306.236,1775,6683
1306.268,1776,6683
1306.288,1777,6683
1306.326,1778,6683
1306.377,1779,6683
1306.399,1780,6683
1306.435,1781,6683
1306.529,1782,6683
1306.556,1783,6683
1306.579,1784,6683
1306.606,1785,6683
1306.674,1786,6683
1306.745,1787,6683
1306.806,1788,6683
1306.823,1789,6683
1307.107,1790,6683
1307.183,1791,6683
1307.253,1792,6683
1307.421,1793,6683
1307.626,1794,6683
1307.926,1795,6683
1308.143,1796,6683
1308.239,1797,6683
1309.343,1798,6683
1309.83,1799,6683
1309.978,1800,6683
1310.567,1801,6683
1310.691,1802,6683
1310.765,1803,6683
1311.487,1804,6683
1311.878,1805,6683
1311.997,1806,6683
1312.439,1807,6683
1312.672,1808,6683
1312.811,1809,6683
1312.951,1810,6684
1313.404,1811,6684
1313.73,1812,6685
1313.766,1813,6685
1314.593,1814,6686
1315.239,1815,6686
1315.378,1816,6686
1317.87,1817,6687
1317.963,1818,6687
1318.042,1819,6687
1318.091,1820,6687
1319.108,1821,6687
1319.433,1822,6687
1319.595,1823,6687
1319.669,1824,6687
1320.294,1825,6687
1320.426,1826,6687
1320.474,1827,6687
1320.857,1828,6687
1321.295,1829,6687
1321.582,1830,6687
1324.669,1831,6687
1326.116,1832,6687
1326.674,1833,6687
1326.955,1834,6687
1328.974,1835,6687
1329.909,1836,6688
1330.93,1837,6690
1331.129,1838,6690
1331.947,1839,6692
1332.059,1840,6696
1332.944,1841,6696
1334.298,1842,6696
1334.794,1843,6696
1337.55,1844,6697
1349.899,1845,6697
1349.914,1846,6697
1349.933,1847,6697
1350.185,1848,6697
1353.133,1849,6698
1354.06,1850,6698
1372.465,1851,6698
1379.217,1852,6698
1379.242,1853,6698
1385.874,1854,6698
1447.021,1855,6698
1447.047,1856,6698
1447.282,1857,6698
1458.108,1858,6698
1461.592,1859,6699
1461.607,1860,6704
1461.637,1861,6706
1467.288,1862,6714
1467.321,1863,6714
1467.63,1864,6776
1467.677,1865,6792
1467.701,1866,6792
1467.774,1867,6792
1467.825,1868,6792
1468.9,1869,6792
1468.961,1870,6792
1468.981,1871,6792
1469.0,1872,6792
1469.018,1873,6792
1469.041,1874,6796
1469.062,1875,6798
1469.089,1876,6798
1469.111,1877,6803
1469.149,1878,6803
1469.174,1879,6803
1469.194,1880,6803
1469.224,1881,6803
1469.27,1882,6803
1469.294,1883,6803
1469.32,1884,6803
1469.34,1885,6807
1469.361,1886,6807
1469.39,1887,6807
1469.804,1888,6807
1469.84,1889,6807
1470.758,1890,6807
1470.809,1891,6808
1470.833,1892,6808
1470.932,1893,6808
1470.99,1894,6808
1471.027,1895,6808
1471.047,1896,6808
1471.138,1897,6808
1471.162,1898,6808
1471.231,1899,6808
1471.654,1900,6810
1471.696,1901,6811
1471.778,1902,6811
1471.798,1903,6811
1472.027,1904,6813
1472.269,1905,6817
1472.34,1906,6818
1472.393,1907,6818
1472.417,1908,6818
1472.438,1909,6818
1472.499,1910,6818
1472.591,1911,6818
1472.625,1912,6820
1472.648,1913,6820
1472.668,1914,6820
1472.693,1915,6820
1472.78,1916,6822
1472.804,1917,6822
1472.895,1918,6822
1472.923,1919,6822
1472.977,1920,6822
1473.068,1921,6822
1473.131,1922,6823
1473.189,1923,6823
1473.221,1924,6823
1473.286,1925,6823
1473.344,1926,6824
1473.365,1927,6824
1473.39,1928,6824
1473.461,1929,6824
1473.504,1930,6824
1473.538,1931,6824
1473.566,1932,6824
1473.612,1933,6824
1473.657,1934,6825
1473.695,1935,6827
1473.719,1936,6831
1473.748,1937,6831
1473.794,1938,6831
1473.876,1939,6831
1473.905,1940,6831
1474.042,1941,6832
1474.086,1942,6832
1474.17,1943,6833
1474.296,1944,6833
1474.339,1945,6834
1474.413,1946,6834
1474.499,1947,6834
1474.534,1948,6835
1474.616,1949,6835
1474.646,1950,6836
1474.778,1951,6836
1474.912,1952,6836
1474.94,1953,6836
1475.065,1954,6836
1475.349,1955,6837
1475.382,1956,6838
1475.421,1957,6839
1475.483,1958,6839
1475.591,1959,6841
1475.687,1960,6845
1475.711,1961,6845
1475.857,1962,6845
1475.882,1963,6845
1475.94,1964,6845
1475.999,1965,6845
1476.163,1966,6845
1476.247,1967,6853
1476.308,1968,6857
1476.387,1969,6857
1476.42,1970,6857
1476.666,1971,6863
1476.98,1972,6864
1477.646,1973,6865
1477.853,1974,6865
1477.878,1975,6865
1478.081,1976,6865
1478.113,1977,6865
1478.211,1978,6865
1478.358,1979,6865
1478.447,1980,6869
1478.468,1981,6870
1478.488,1982,6871
1478.508,1983,6871
1478.616,1984,6872
1478.654,1985,6872
1478.702,1986,6872
1478.79,1987,6872
1478.817,1988,6873
1478.943,1989,6874
1479.104,1990,6874
1479.157,1991,6875
1479.216,1992,6875
1479.318,1993,6875
1479.425,1994,6875
1479.477,1995,6876
1479.54,1996,6876
1479.583,1997,6879
1479.638,1998,6879
1479.69,1999,6879
1479.807,2000,6879
1479.928,2001,6879
1480.117,2002,6880
1480.304,2003,6880
1480.334,2004,6880
1480.428,2005,6881
1480.453,2006,6881
1480.554,2007,6881
1480.584,2008,6881
1480.685,2009,6881
1480.714,2010,6881
1480.863,2011,6881
1480.883,2012,6882
1480.915,2013,6882
1481.033,2014,6882
1481.191,2015,6882
1481.391,2016,6882
1481.487,2017,6883
1481.514,2018,6883
1481.605,2019,6883
1481.902,2020,6883
1482.265,2021,6883
1482.38,2022,6883
1482.443,2023,6883
1482.514,2024,6883
1482.638,2025,6883
1482.868,2026,6883
1483.095,2027,6883
1483.25,2028,6884
1483.345,2029,6884
1483.474,2030,6884
1483.59,2031,6884
1483.62,2032,6884
1483.729,2033,6886
1483.762,2034,6886
1483.872,2035,6887
1483.898,2036,6887
1483.95,2037,6887
1484.031,2038,6887
1484.913,2039,6887
1485.034,2040,6887
1485.162,2041,6887
1485.285,2042,6887
1485.533,2043,6887
1485.641,2044,6887
1485.941,2045,6889
1486.331,2046,6889
1486.411,2047,6891
1486.574,2048,6892
1486.641,2049,6892
1486.828,2050,6892
1486.93,2051,6893
1487.03,2052,6893
1487.053,2053,6893
1487.24,2054,6893
1487.269,2055,6904
1487.289,2056,6904
1487.415,2057,6904
1487.44,2058,6906
1487.651,2059,6908
1487.678,2060,6908
1487.698,2061,6908
1487.722,2062,6908
1487.83,2063,6908
1487.894,2064,6909
1488.024,2065,6910
1488.449,2066,6910
1488.616,2067,6910
1488.676,2068,6911
1488.732,2069,6912
1489.149,2070,6913
1489.51,2071,6913
1489.592,2072,6937
1489.668,2073,6937
1489.837,2074,6946
1489.862,2075,6947
1489.963,2076,6948
1490.043,2077,6949
1490.12,2078,6950
1490.164,2079,6951
1490.196,2080,6951
1490.233,2081,6951
1490.499,2082,6952
1490.873,2083,6952
1490.897,2084,6954
1490.917,2085,6955
1490.938,2086,6956
1490.962,2087,6956
1491.023,2088,6957
1491.105,2089,6958
1491.125,2090,6959
1491.202,2091,6959
1491.503,2092,6959
1491.581,2093,6960
1491.629,2094,6961
1491.967,2095,6962
1492.424,2096,6963
1492.461,2097,6965
1492.558,2098,6966
1492.649,2099,6966
1492.99,2100,6966
1493.022,2101,6966
1493.043,2102,6967
1493.142,2103,6968
1493.162,2104,6968
1493.399,2105,6973
1493.45,2106,6973
1493.549,2107,6974
1493.569,2108,6975
1493.689,2109,6976
1493.779,2110,6976
1493.808,2111,6976
1493.921,2112,6976
1494.264,2113,6981
1495.414,2114,6981
1495.451,2115,6987
1495.605,2116,6993
1495.703,2117,6993
1495.979,2118,6994
1496.209,2119,6994
1496.744,2120,6995
1496.933,2121,6995
1497.093,2122,6996
1497.649,2123,6996
1497.984,2124,6999
1498.968,2125,7000
1499.088,2126,7004
1499.155,2127,7004
1499.25,2128,7005
1499.381,2129,7005
1499.572,2130,7012
1500.485,2131,7015
1500.956,2132,7016
1502.762,2133,7016
1503.197,2134,7017
1503.273,2135,7018
1503.337,2136,7018
1503.358,2137,7018
1503.378,2138,7026
1504.343,2139,7026
1504.363,2140,7026
1504.383,2141,7026
1504.404,2142,7026
1504.971,2143,7027
1504.991,2144,7027
1505.012,2145,7027
1505.664,2146,7027
1505.769,2147,7027
1506.358,2148,7027
1506.381,2149,7027
1508.146,2150,7027
1508.21,2151,7027
1508.235,2152,7027
1508.345,2153,7027
1508.368,2154,7027
1508.798,2155,7027
1509.026,2156,7028
1509.46,2157,7028
1511.135,2158,7028
1511.444,2159,7032
1511.477,2160,7032
1511.585,2161,7032
1512.049,2162,7033
1512.334,2163,7033
1512.395,2164,7033
1512.439,2165,7034
1512.763,2166,7035
1512.797,2167,7044
1513.577,2168,7044
1513.792,2169,7045
1513.92,2170,7045
1514.003,2171,7046
1514.035,2172,7046
1515.218,2173,7047
1515.279,2174,7053
1515.338,2175,7053
1515.668,2176,7053
1516.248,2177,7055
1516.287,2178,7056
1520.894,2179,7056
1521.525,2180,7056
1521.966,2181,7057
1522.022,2182,7057
1522.09,2183,7057
1522.403,2184,7057
1522.429,2185,7058
1522.453,2186,7058
1522.497,2187,7060
1522.88,2188,7061
1522.904,2189,7061
1522.924,2190,7067
1522.944,2191,7067
1522.975,2192,7068
1523.017,2193,7069
1524.096,2194,7070
1527.945,2195,7071
1528.812,2196,7071
1530.346,2197,7071
1534.536,2198,7071
1534.625,2199,7072
1534.794,2200,7073
1540.124,2201,7073
1540.223,2202,7073
1540.63,2203,7073
1543.23,2204,7073
1571.023,2205,7074
1571.092,2206,7074
1571.31,2207,7074
1581.935,2208,7074
1582.488,2209,7074
1582.715,2210,7074
1583.244,2211,7074
1584.489,2212,7076
1585.08,2213,7076
1585.407,2214,7076
1586.283,2215,7077
1586.309,2216,7077
1586.737,2217,7077
1587.864,2218,7078
1589.719,2219,7078
1590.087,2220,7078
1590.475,2221,7078
1591.845,2222,7079
1593.235,2223,7079
1594.559,2224,7079
1594.848,2225,7079
1595.102,2226,7079
1595.599,2227,7079
1597.743,2228,7079
1597.82,2229,7079
1598.762,2230,7081
1602.503,2231,7081
1603.725,2232,7081
1603.834,2233,7081
1603.994,2234,7085
1604.523,2235,7085
1605.011,2236,7085
1608.22,2237,7085
1608.559,2238,7087
1608.641,2239,7087
1609.285,2240,7088
1611.832,2241,7088
1614.275,2242,7088
1615.688,2243,7088
1616.094,2244,7088
1622.476,2245,7089
1624.517,2246,7091
1624.647,2247,7091
1625.754,2248,7091
1627.205,2249,7091
1628.676,2250,7102
1629.297,2251,7102
1629.477,2252,7103
1631.003,2253,7103
1631.276,2254,7103
1631.621,2255,7103
1635.038,2256,7103
1635.565,2257,7104
1636.171,2258,7105
1637.747,2259,7106
1637.793,2260,7106
1638.531,2261,7107
1638.788,2262,7107
1639.159,2263,7107
1645.374,2264,7107
1646.384,2265,7112
1650.295,2266,7112
1651.94,2267,7113
1652.263,2268,7113
1652.619,2269,7114
1653.633,2270,7114
1655.924,2271,7114
1656.599,2272,7114
1657.024,2273,7115
1657.777,2274,7115
1659.428,2275,7117
1659.587,2276,7117
1660.942,2277,7119
1661.029,2278,7119
1663.077,2279,7119
1666.021,2280,7120
1670.242,2281,7124
1671.148,2282,7124
1672.444,2283,7124
1672.623,2284,7124
1683.869,2285,7131
1683.969,2286,7131
1685.532,2287,7131
1686.297,2288,7132
1703.687,2289,7133
1714.828,2290,7134
1723.78,2291,7134
1724.19,2292,7134
1735.834,2293,7137
1736.038,2294,7138
1736.121,2295,7139
1736.353,2296,7139
1741.145,2297,7139
1741.417,2298,7140
1741.432,2299,7140
1747.427,2300,7140
1748.046,2301,7140
1748.212,2302,7140
1749.334,2303,7140
1749.445,2304,7140
1749.489,2305,7140
1749.504,2306,7140
1750.313,2307,7140
1750.381,2308,7140
1753.703,2309,7140
1753.969,2310,7140
1755.471,2311,7141
1756.835,2312,7141
1757.042,2313,7141
1758.124,2314,7142
1758.975,2315,7142
1759.222,2316,7142
1760.529,2317,7142
1762.806,2318,7142
1765.023,2319,7143
1765.139,2320,7144
1765.498,2321,7145
1766.51,2322,7145
1769.982,2323,7145
1770.3,2324,7145
1774.555,2325,7146
1777.844,2326,7146
1778.076,2327,7146
1780.492,2328,7146
1782.819,2329,7147
1784.116,2330,7147
1787.278,2331,7147
1787.561,2332,7147
1795.75,2333,7148
1796.193,2334,7148
1796.579,2335,7148
1797.123,2336,7148
1797.448,2337,7148
1797.672,2338,7148
1798.136,2339,7148
1799.666,2340,7148
1800.393,2341,7148
1800.674,2342,7148
1802.418,2343,7148
1809.219,2344,7148
1818.2,2345,7149
1823.385,2346,7150
1843.272,2347,7150
1844.085,2348,7151
1844.305,2349,7152
1844.371,2350,7153
1844.579,2351,7153
1844.669,2352,7170
1844.823,2353,7194
1845.165,2354,7196
1845.515,2355,7196
1845.535,2356,7196
1848.339,2357,7197
1848.422,2358,7200
1848.942,2359,7201
1849.785,2360,7201
1852.23,2361,7203
1852.605,2362,7226
1853.703,2363,7227
1854.291,2364,7231
1855.168,2365,7232
1857.897,2366,7235
1860.78,2367,7235
1868.749,2368,7235
1869.496,2369,7239
1869.931,2370,7241
1870.322,2371,7242
1874.675,2372,7242
1876.635,2373,7243
1879.323,2374,7243
1881.024,2375,7244
1882.269,2376,7244
1886.804,2377,7244
1888.444,2378,7245
1894.712,2379,7245
1894.827,2380,7245
1894.929,2381,7245
1921.598,2382,7246
1922.021,2383,7246
1922.518,2384,7246
1922.814,2385,7246
1923.547,2386,7246
1925.51,2387,7247
1926.408,2388,7247
1928.775,2389,7248
1953.459,2390,7248
1957.329,2391,7250
1959.197,2392,7256
1975.104,2393,7256
1975.146,2394,7256
1975.224,2395,7256
1975.27,2396,7256
1999.632,2397,7258
1999.649,2398,7262
1999.665,2399,7263
1999.696,2400,7263
1999.716,2401,7267
1999.798,2402,7267
2000.041,2403,7267
2011.878,2404,7267
2012.009,2405,7267
2012.311,2406,7267
2012.448,2407,7267
2012.769,2408,7267
2012.866,2409,7267
2012.93,2410,7267
2012.959,2411,7267
2013.027,2412,7267
2013.264,2413,7267
2013.287,2414,7268
2013.339,2415,7268
2013.402,2416,7268
2013.426,2417,7268
2013.454,2418,7268
2013.474,2419,7268
2013.523,2420,7268
2013.551,2421,7268
2013.622,2422,7268
2013.683,2423,7268
2013.765,2424,7268
2013.793,2425,7268
2013.901,2426,7268
2013.95,2427,7270
2023.293,2428,7270
2023.404,2429,7270
2023.44,2430,7270
2023.53,2431,7270
2024.514,2432,7270
2024.634,2433,7270
2025.055,2434,7270
2025.341,2435,7270
2025.699,2436,7270
2026.161,2437,7270
2026.493,2438,7270
2026.833,2439,7270
2026.905,2440,7310
2026.997,2441,7310
2027.173,2442,7311
2027.255,2443,7312
2027.473,2444,7312
2027.614,2445,7337
2028.648,2446,7337
2029.472,2447,7337
2029.787,2448,7337
2035.807,2449,7337
2037.37,2450,7337
2037.477,2451,7340
2038.523,2452,7340
2038.731,2453,7341
2039.737,2454,7343
2040.839,2455,7348
2041.241,2456,7348
2041.809,2457,7348
2043.979,2458,7351
2044.819,2459,7351
2047.801,2460,7351
2047.858,2461,7351
2048.105,2462,7351
2048.886,2463,7351
2049.298,2464,7351
2052.406,2465,7352
2054.111,2466,7352
2055.749,2467,7352
2055.768,2468,7352
2056.184,2469,7352
2056.467,2470,7352
2057.709,2471,7352
2058.428,2472,7354
2059.088,2473,7354
2059.384,2474,7354
2067.479,2475,7355
2068.537,2476,7355
2068.702,2477,7355
2092.343,2478,7355
2093.821,2479,7356
2094.937,2480,7357
2094.989,2481,7358
2095.737,2482,7360
2096.354,2483,7361
2096.369,2484,7362
2096.393,2485,7377
2096.406,2486,7378
2113.006,2487,7378
2113.431,2488,7378
2113.452,2489,7378
2113.472,2490,7378
2113.519,2491,7378
2115.595,2492,7378
2116.328,2493,7378
2116.925,2494,7378
2127.998,2495,7379
2135.716,2496,7379
2140.394,2497,7379
2145.868,2498,7379
2148.797,2499,7379
2151.095,2500,7379
2173.595,2501,7379
2178.698,2502,7379
2180.863,2503,7380
2196.968,2504,7380
2197.135,2505,7380
2198.301,2506,7380
2198.405,2507,7380
2200.895,2508,7381
2202.319,2509,7383
2202.913,2510,7383
2207.533,2511,7383
2210.346,2512,7383
2210.397,2513,7383
2211.935,2514,7383
2212.188,2515,7383
2212.455,2516,7388
2213.207,2517,7388
2213.701,2518,7388
2214.106,2519,7389
2214.989,2520,7398
2215.217,2521,7398
2215.368,2522,7398
2217.007,2523,7399
2217.681,2524,7400
2219.284,2525,7400
2219.433,2526,7402
2219.659,2527,7404
2220.261,2528,7404
2220.856,2529,7413
2221.787,2530,7413
2223.548,2531,7416
2223.806,2532,7416
2224.01,2533,7417
2225.16,2534,7419
2226.11,2535,7419
2226.497,2536,7420
2226.996,2537,7421
2227.977,2538,7422
2228.063,2539,7423
2229.214,2540,7425
2229.364,2541,7426
2230.43,2542,7428
2230.506,2543,7430
2231.587,2544,7432
2237.42,2545,7432
2239.264,2546,7432
2240.665,2547,7432
2243.132,2548,7432
2252.647,2549,7432
2265.086,2550,7432
2265.133,2551,7432
2287.827,2552,7433
2292.569,2553,7433
2297.509,2554,7434
2301.98,2555,7434
2304.979,2556,7434
2348.217,2557,7436
2349.017,2558,7437
2367.07,2559,7438
2369.042,2560,7438
2369.151,2561,7438
2369.483,2562,7438
2369.626,2563,7438
2370.261,2564,7438
2370.458,2565,7438
2370.541,2566,7438
2370.65,2567,7438
2370.806,2568,7438
2371.264,2569,7438
2371.858,2570,7439
2372.877,2571,7439
2374.007,2572,7439
2376.738,2573,7439
2379.825,2574,7439
2381.491,2575,7440
2383.432,2576,7440
2389.253,2577,7440
2389.354,2578,7440
2389.616,2579,7440
2389.974,2580,7440
2399.017,2581,7440
2417.306,2582,7440
2419.748,2583,7440
2423.917,2584,7440
2425.023,2585,7440
2425.196,2586,7440
2436.44,2587,7440
2438.084,2588,7441
2439.17,2589,7442
2440.348,2590,7442
2440.949,2591,7442
2447.523,2592,7442
2447.585,2593,7443
2451.951,2594,7443
2452.382,2595,7443
2452.458,2596,7444
2453.182,2597,7445
2462.96,2598,7445
2476.056,2599,7445
2476.92,2600,7448
2478.06,2601,7448
2478.984,2602,7449
2494.199,2603,7449
2494.507,2604,7450
2512.128,2605,7450
2512.97,2606,7450
2513.269,2607,7450
2521.805,2608,7457
2522.883,2609,7457
2523.488,2610,7457
2523.754,2611,7458
2523.846,2612,7458
2525.218,2613,7458
2526.042,2614,7458
2526.89,2615,7459
2526.907,2616,7459
2528.191,2617,7461
2528.614,2618,7462
2528.95,2619,7462
2529.202,2620,7465
2529.701,2621,7465
2529.799,2622,7465
2530.06,2623,7465
2530.716,2624,7465
2530.766,2625,7465
2531.742,2626,7465
2532.479,2627,7466
2533.086,2628,7466
2533.389,2629,7467
2533.583,2630,7467
2533.709,2631,7467
2534.319,2632,7467
2535.005,2633,7468
2535.464,2634,7468
2536.371,2635,7468
2538.335,2636,7468
2538.563,2637,7469
2538.599,2638,7470
2542.92,2639,7486
2543.119,2640,7486
2543.515,2641,7486
2543.658,2642,7486
2544.845,2643,7488
2545.56,2644,7488
2547.754,2645,7488
2548.71,2646,7490
2548.78,2647,7490
2548.943,2648,7503
2548.964,2649,7503
2550.022,2650,7503
2550.417,2651,7505
2550.518,2652,7505
2551.172,2653,7506
2553.237,2654,7508
2553.748,2655,7508
2554.137,2656,7508
2554.594,2657,7508
2555.147,2658,7512
2557.754,2659,7512
2558.426,2660,7513
2558.57,2661,7513
2558.873,2662,7513
2560.394,2663,7514
2569.233,2664,7514
2583.408,2665,7514
2584.717,2666,7514
2590.393,2667,7514
2591.569,2668,7514
2591.679,2669,7515
2592.278,2670,7515
2613.65,2671,7515
2613.702,2672,7515
2613.89,2673,7515
2613.93,2674,7515
2613.995,2675,7515
2614.183,2676,7515
2614.298,2677,7515
2614.334,2678,7515
2614.36,2679,7515
2614.839,2680,7516
2614.91,2681,7516
2615.071,2682,7516
2615.123,2683,7516
2615.999,2684,7516
2616.06,2685,7516
2616.114,2686,7516
2616.956,2687,7517
2617.018,2688,7517
2617.127,2689,7517
2617.369,2690,7517
2617.399,2691,7517
2617.508,2692,7517
2619.441,2693,7517
2619.614,2694,7518
2619.713,2695,7519
2620.852,2696,7519
2622.297,2697,7519
2623.965,2698,7520
2624.02,2699,7520
2624.18,2700,7520
2625.254,2701,7520
2626.024,2702,7520
2626.16,2703,7521
2626.221,2704,7521
2627.321,2705,7523
2628.773,2706,7523
2629.054,2707,7523
2629.547,2708,7523
2630.858,2709,7523
2633.401,2710,7523
2634.572,2711,7531
2635.15,2712,7531
2635.355,2713,7532
2635.415,2714,7532
2636.854,2715,7532
2637.002,2716,7532
2637.762,2717,7532
2640.669,2718,7532
2642.109,2719,7532
2647.382,2720,7532
2647.571,2721,7532
2647.981,2722,7533
2653.48,2723,7533
2654.247,2724,7533
2662.116,2725,7533
2681.022,2726,7534
2683.027,2727,7534
2683.535,2728,7534
2683.721,2729,7535
2683.987,2730,7535
2684.964,2731,7536
2685.236,2732,7550
2685.864,2733,7551
2687.308,2734,7552
2687.641,2735,7552
2689.722,2736,7553
2691.171,2737,7553
2691.473,2738,7553
2693.717,2739,7553
2705.663,2740,7553
2710.364,2741,7554
2712.695,2742,7555
2723.864,2743,7555
2723.986,2744,7555
2724.027,2745,7555
2724.127,2746,7555
2725.304,2747,7555
2725.402,2748,7555
2725.479,2749,7555
2725.585,2750,7555
2725.61,2751,7555
2725.643,2752,7555
2725.674,2753,7555
2725.73,2754,7555
2725.774,2755,7555
2726.078,2756,7555
2726.136,2757,7556
2726.205,2758,7556
2726.383,2759,7556
2726.704,2760,7556
2727.617,2761,7556
2728.185,2762,7556
2728.731,2763,7556
2729.214,2764,7556
2730.139,2765,7556
2730.211,2766,7556
2730.448,2767,7567
2730.497,2768,7567
2733.336,2769,7568
2733.47,2770,7568
2733.577,2771,7569
2733.733,2772,7569
2734.738,2773,7569
2738.131,2774,7569
2739.133,2775,7569
2740.034,2776,7569
2740.075,2777,7569
2741.067,2778,7569
2741.091,2779,7569
2741.245,2780,7569
2741.648,2781,7569
2743.16,2782,7571
2743.465,2783,7571
2743.93,2784,7571
2744.109,2785,7571
2744.215,2786,7571
2745.612,2787,7571
2746.078,2788,7571
2749.644,2789,7571
2750.663,2790,7572
2751.023,2791,7572
2752.034,2792,7572
2753.916,2793,7572
2754.28,2794,7572
2789.172,2795,7572
2793.099,2796,7572
2808.495,2797,7572
2809.705,2798,7572
2814.403,2799,7572
2815.146,2800,7572
2820.47,2801,7572
2821.856,2802,7572
2822.071,2803,7572
2825.803,2804,7572
2825.852,2805,7572
2826.936,2806,7574
2826.954,2807,7574
2826.983,2808,7574
2827.0,2809,7574
2827.132,2810,7574
2827.458,2811,7574
2827.495,2812,7574
2827.615,2813,7575
2827.754,2814,7575
2827.808,2815,7576
2827.863,2816,7577
2828.595,2817,7577
2828.682,2818,7577
2829.943,2819,7578
2831.873,2820,7579
2832.359,2821,7585
2832.749,2822,7586
2834.147,2823,7588
2834.698,2824,7599
2836.633,2825,7599
2842.273,2826,7599
2846.169,2827,7599
2848.2,2828,7606
2848.373,2829,7606
2849.522,2830,7607
2850.913,2831,7608
2854.886,2832,7608
2855.557,2833,7609
2856.953,2834,7611
2857.428,2835,7615
2857.73,2836,7615
2860.917,2837,7616
2883.509,2838,7616
2883.975,2839,7616
2884.718,2840,7616
2885.569,2841,7616
2895.957,2842,7623
2928.4,2843,7623
2936.452,2844,7636
2936.53,2845,7636
2936.573,2846,7638
2936.799,2847,7638
2937.392,2848,7641
2937.638,2849,7642
2940.753,2850,7657
2941.577,2851,7658
2943.437,2852,7659
2945.898,2853,7660
2946.467,2854,7661
2947.333,2855,7661
2948.163,2856,7661
2948.264,2857,7662
2950.723,2858,7662
2952.159,2859,7662
2957.519,2860,7663
2957.609,2861,7669
2958.913,2862,7669
2962.498,2863,7672
2964.109,2864,7672
2986.529,2865,7672
2986.555,2866,7672
2987.702,2867,7672
2988.022,2868,7672
3013.364,2869,7672
3013.381,2870,7672
3013.612,2871,7673
3016.797,2872,7673
3018.149,2873,7673
3018.205,2874,7674
3018.259,2875,7676
3018.33,2876,7676
3018.491,2877,7691
3018.51,2878,7695
3018.534,2879,7696
3018.578,2880,7696
3020.495,2881,7696
3028.03,2882,7696
3032.549,2883,7696
3032.573,2884,7696
3032.925,2885,7696
3039.974,2886,7696
3040.478,2887,7696
3040.539,2888,7696
3040.562,2889,7696
3040.699,2890,7696
3042.667,2891,7697
3043.227,2892,7697
3044.175,2893,7698
3044.325,2894,7698
3044.771,2895,7698
3045.148,2896,7698
3045.531,2897,7698
3045.796,2898,7698
3047.846,2899,7698
3047.865,2900,7700
3048.811,2901,7700
3049.379,2902,7701
3049.517,2903,7701
3049.627,2904,7701
3051.232,2905,7704
3051.323,2906,7704
3052.181,2907,7704
3053.65,2908,7704
3053.691,2909,7704
3054.381,2910,7706
3056.43,2911,7706
3057.895,2912,7707
3058.703,2913,7707
3059.476,2914,7707
3060.433,2915,7709
3060.937,2916,7710
3061.005,2917,7710
3061.568,2918,7710
3065.122,2919,7710
3065.971,2920,7710
3066.179,2921,7710
3068.033,2922,7710
3069.654,2923,7710
3079.27,2924,7716
3088.253,2925,7717
3090.184,2926,7719
3090.757,2927,7723
3091.449,2928,7724
3093.906,2929,7724
3094.759,2930,7724
3095.08,2931,7724
3095.255,2932,7724
3095.669,2933,7724
3098.487,2934,7724
3101.077,2935,7724
3103.572,2936,7725
3106.712,2937,7725
3108.08,2938,7725
3110.945,2939,7725
3116.887,2940,7725
3120.905,2941,7725
3121.77,2942,7725
3123.708,2943,7726
3124.78,2944,7727
3126.032,2945,7727
3127.651,2946,7727
3128.614,2947,7727
3129.151,2948,7727
3131.161,2949,7727
3134.214,2950,7727
3136.138,2951,7727
3139.66,2952,7728
3140.286,2953,7730
3146.744,2954,7730
3146.883,2955,7730
3150.447,2956,7730
3151.827,2957,7730
3153.946,2958,7730
3155.148,2959,7731
3155.913,2960,7731
3156.591,2961,7731
3162.976,2962,7733
3165.717,2963,7733
3167.006,2964,7733
3168.934,2965,7733
3172.6,2966,7734
3174.477,2967,7739
3175.032,2968,7739
3180.842,2969,7739
3180.942,2970,7739
3186.434,2971,7740
3187.227,2972,7740
3191.495,2973,7740
3192.079,2974,7741
3193.272,2975,7749
3202.156,2976,7749
3215.473,2977,7750
3216.227,2978,7753
3217.497,2979,7753
3217.768,2980,7754
3222.458,2981,7754
3223.362,2982,7754
3243.241,2983,7757
3272.682,2984,7760
3272.702,2985,7764
3272.753,2986,7768
3272.778,2987,7768
3272.816,2988,7768
3278.373,2989,7768
3279.556,2990,7768
3279.576,2991,7772
3279.605,2992,7772
3279.634,2993,7772
3279.676,2994,7773
3279.698,2995,7773
3279.722,2996,7773
3279.745,2997,7773
3279.771,2998,7773
3279.8,2999,7773
3279.829,3000,7773
3279.958,3001,7774
3279.997,3002,7777
3280.023,3003,7779
3280.358,3004,7779
3281.022,3005,7781
3281.056,3006,7781
3282.951,3007,7783
3282.991,3008,7783
3283.386,3009,7783
3286.305,3010,7783
3308.283,3011,7784
3308.608,3012,7784
3308.734,3013,7784
3308.755,3014,7784
3308.772,3015,7784
3309.168,3016,7784
3309.237,3017,7784
3309.396,3018,7784
3310.208,3019,7784
3310.542,3020,7784
3311.72,3021,7784
3315.508,3022,7784
3317.793,3023,7784
3320.354,3024,7784
3324.591,3025,7784
3326.93,3026,7784
3326.968,3027,7784
3327.732,3028,7784
3327.93,3029,7784
3328.892,3030,7785
3329.813,3031,7786
3338.559,3032,7786
3348.831,3033,7787
3349.817,3034,7787
3354.557,3035,7787
3364.115,3036,7794
3375.137,3037,7794
3376.882,3038,7794
3380.91,3039,7794
3385.517,3040,7794
3393.461,3041,7794
3413.38,3042,7794
3419.998,3043,7794
3447.877,3044,7794
3483.083,3045,7794
3505.803,3046,7794
3567.608,3047,7794
3600.53,3048,7797
3604.687,3049,7797
3604.861,3050,7797
3613.663,3051,7798
3649.012,3052,7798
3649.099,3053,7798
3669.228,3054,7798
3669.962,3055,7798
3671.544,3056,7805
3672.129,3057,7805
3672.192,3058,7806
3672.373,3059,7806
3673.725,3060,7806
3674.371,3061,7806
3674.402,3062,7809
3674.674,3063,7809
3676.947,3064,7809
3678.757,3065,7809
3680.139,3066,7809
3683.823,3067,7809
3685.191,3068,7810
3686.47,3069,7810
3686.641,3070,7810
3688.051,3071,7810
3689.234,3072,7810
3689.525,3073,7810
3690.55,3074,7810
3690.898,3075,7810
3691.821,3076,7810
3692.731,3077,7813
3695.118,3078,7813
3696.709,3079,7813
3701.302,3080,7813
3707.538,3081,7813
3708.826,3082,7815
3710.239,3083,7816
3712.537,3084,7818
3712.951,3085,7818
3715.551,3086,7818
3718.402,3087,7818
3721.517,3088,7818
3722.403,3089,7818
3724.379,3090,7818
3724.964,3091,7818
3725.94,3092,7820
3726.636,3093,7821
3730.384,3094,7827
3733.303,3095,7828
3743.998,3096,7828
3747.969,3097,7831
3749.014,3098,7833
3749.343,3099,7840
3751.299,3100,7840
3752.069,3101,7840
3752.709,3102,7840
3757.183,3103,7840
3758.139,3104,7840
3758.997,3105,7840
3759.488,3106,7840
3759.746,3107,7841
3762.006,3108,7842
3762.111,3109,7842
3762.943,3110,7843
3765.657,3111,7843
3766.488,3112,7843
3767.203,3113,7845
3770.042,3114,7845
3771.793,3115,7845
3775.726,3116,7845
3778.662,3117,7845
3779.106,3118,7845
3779.127,3119,7845
3785.354,3120,7848
3799.635,3121,7848
3803.334,3122,7851
3805.332,3123,7851
3806.906,3124,7852
3809.72,3125,7852
3847.492,3126,7852
3861.246,3127,7852
3861.895,3128,7852
3862.018,3129,7852
3862.14,3130,7852
3863.622,3131,7852
3863.752,3132,7852
3870.723,3133,7852
3876.347,3134,7852
3877.139,3135,7852
3877.224,3136,7852
3908.067,3137,7852
3935.621,3138,7852
3935.919,3139,7852
3936.357,3140,7852
3942.644,3141,7852
3942.682,3142,7852
3943.293,3143,7852
3944.745,3144,7852
3945.814,3145,7852
3947.804,3146,7852
3947.915,3147,7852
3948.102,3148,7853
3948.272,3149,7853
3950.765,3150,7854
3951.271,3151,7855
3967.406,3152,7855
3971.839,3153,7855
3979.748,3154,7855
3982.644,3155,7856
4002.466,3156,7857
4002.669,3157,7865
4003.216,3158,7865
4004.047,3159,7866
4004.312,3160,7866
4004.67,3161,7870
4005.445,3162,7873
4005.469,3163,7874
4005.825,3164,7880
4005.917,3165,7880
4006.627,3166,7880
4007.108,3167,7886
4011.541,3168,7886
4012.026,3169,7888
4012.062,3170,7890
4012.392,3171,7890
4013.087,3172,7891
4013.874,3173,7892
4014.167,3174,7894
4016.028,3175,7895
4019.748,3176,7895
4020.477,3177,7898
4022.469,3178,7900
4025.655,3179,7906
4029.059,3180,7906
4029.905,3181,7911
4031.069,3182,7912
4038.552,3183,7912
4043.104,3184,7913
4043.613,3185,7918
4044.513,3186,7919
4044.648,3187,7920
4044.809,3188,7921
4044.865,3189,7922
4047.833,3190,7922
4050.428,3191,7923
4054.228,3192,7923
4054.513,3193,7923
4068.025,3194,7923
4080.716,3195,7923
4080.751,3196,7926
4086.025,3197,7927
4087.818,3198,7927
4087.941,3199,7927
4095.15,3200,7927
4100.708,3201,7927
4100.838,3202,7927
4100.933,3203,7927
4101.148,3204,7927
4101.507,3205,7927
4101.839,3206,7927
4101.886,3207,7927
4102.152,3208,7927
4102.178,3209,7927
4102.256,3210,7927
4103.333,3211,7927
4103.903,3212,7927
4105.55,3213,7927
4106.009,3214,7931
4106.134,3215,7931
4106.153,3216,7931
4107.132,3217,7950
4108.671,3218,7950
4110.004,3219,7950
4110.168,3220,7950
4110.268,3221,7950
4110.839,3222,7950
4111.137,3223,7954
4111.661,3224,7954
4112.706,3225,7955
4114.855,3226,7955
4116.014,3227,7955
4116.216,3228,7955
4116.46,3229,7955
4117.362,3230,7955
4118.621,3231,7956
4121.772,3232,7956
4123.218,3233,7956
4123.525,3234,7956
4124.566,3235,7960
4127.696,3236,7960
4128.389,3237,7960
4129.473,3238,7960
4130.305,3239,7960
4130.696,3240,7960
4138.77,3241,7960
4138.882,3242,7961
4139.007,3243,7961
4139.914,3244,7996
4141.557,3245,7996
4143.843,3246,7996
4144.133,3247,7996
4144.272,3248,7996
4147.064,3249,7996
4148.848,3250,7996
4157.103,3251,7996
4160.71,3252,8002
4161.945,3253,8002
4166.075,3254,8003
4166.392,3255,8004
4167.488,3256,8004
4171.027,3257,8009
4174.155,3258,8010
4174.897,3259,8013
4176.377,3260,8016
4186.691,3261,8016
4279.231,3262,8019
4294.593,3263,8020
4297.864,3264,8021
4313.37,3265,8022
4315.465,3266,8025
4315.514,3267,8027
4316.496,3268,8031
4316.942,3269,8035
4317.611,3270,8037
4317.709,3271,8037
4325.814,3272,8038
4326.422,3273,8038
4328.23,3274,8038
4328.682,3275,8038
4330.609,3276,8039
4334.072,3277,8040
4340.339,3278,8041
4341.066,3279,8041
4341.326,3280,8042
4342.996,3281,8042
4344.873,3282,8042
4369.492,3283,8043
4369.514,3284,8052
4390.595,3285,8056
4419.866,3286,8056
4420.451,3287,8056
4420.816,3288,8056
4422.012,3289,8056
4423.394,3290,8056
4424.042,3291,8056
4425.523,3292,8056
4426.515,3293,8056
4428.23,3294,8058
4431.995,3295,8058
4435.292,3296,8058
4435.883,3297,8059
4439.621,3298,8061
4440.13,3299,8061
4440.326,3300,8061
4444.241,3301,8061
4447.327,3302,8064
4447.995,3303,8065
4449.194,3304,8065
4450.468,3305,8066
4450.543,3306,8066
4464.056,3307,8066
4468.726,3308,8067
4471.189,3309,8067
4499.119,3310,8067
4499.14,3311,8067
4499.345,3312,8067
4499.553,3313,8067
4499.733,3314,8069
4515.763,3315,8070
4515.873,3316,8070
4516.784,3317,8070
4516.89,3318,8070
4520.12,3319,8070
4531.896,3320,8070
4599.386,3321,8070
4604.573,3322,8070
4616.77,3323,8070
4616.869,3324,8070
4617.079,3325,8070
4677.972,3326,8070
4686.416,3327,8070
4686.564,3328,8071
4686.631,3329,8071
4687.957,3330,8072
4711.977,3331,8072
4712.322,3332,8072
4724.754,3333,8072
4735.818,3334,8072
4748.718,3335,8072
4748.75,3336,8072
4748.766,3337,8072
4748.781,3338,8072
4748.879,3339,8072
4748.903,3340,8072
4748.943,3341,8072
4748.963,3342,8072
4749.002,3343,8072
4749.048,3344,8072
4749.1,3345,8072
4749.151,3346,8072
4749.171,3347,8072
4749.202,3348,8072
4749.235,3349,8072
4749.29,3350,8072
4749.428,3351,8072
4749.704,3352,8072
4749.866,3353,8073
4749.904,3354,8073
4750.647,3355,8073
4750.71,3356,8073
4750.848,3357,8073
4751.442,3358,8073
4751.721,3359,8074
4753.179,3360,8074
4753.226,3361,8075
4755.081,3362,8075
4763.228,3363,8075
4763.497,3364,8076
4768.612,3365,8081
4772.393,3366,8081
4773.544,3367,8081
4777.208,3368,8083
4781.418,3369,8083
4813.422,3370,8083
4813.533,3371,8084
4813.708,3372,8084
4815.134,3373,8085
4856.164,3374,8085
4856.187,3375,8085
4856.209,3376,8085
4856.317,3377,8085
4856.486,3378,8085
4856.62,3379,8085
4856.723,3380,8085
4856.824,3381,8085
4858.179,3382,8085
4859.094,3383,8085
4862.208,3384,8085
4862.314,3385,8086
4864.294,3386,8086
4867.174,3387,8086
4868.938,3388,8087
4880.587,3389,8087
4892.265,3390,8087
4897.038,3391,8087
4899.569,3392,8087
4915.037,3393,8087
4970.228,3394,8091
4970.321,3395,8094
5007.429,3396,8094
5007.706,3397,8094
5031.517,3398,8094
5032.091,3399,8101
5032.952,3400,8101
5033.16,3401,8103
5052.164,3402,8103
5052.255,3403,8103
5066.491,3404,8103
5072.68,3405,8103
5094.491,3406,8103
5112.756,3407,8103
5112.842,3408,8103
5113.005,3409,8103
5113.942,3410,8103
5113.966,3411,8103
5115.118,3412,8103
5117.003,3413,8103
5117.335,3414,8103
5117.389,3415,8103
5121.666,3416,8103
5126.03,3417,8103
5132.121,3418,8103
5132.598,3419,8103
5133.106,3420,8106
5137.675,3421,8106
5139.664,3422,8106
5141.331,3423,8106
5142.59,3424,8106
5148.985,3425,8106
5156.829,3426,8107
5166.924,3427,8109
5192.766,3428,8109
5192.914,3429,8110
5193.017,3430,8111
5193.313,3431,8111
5194.575,3432,8111
5197.758,3433,8111
5197.868,3434,8111
5201.569,3435,8111
5201.706,3436,8111
5202.193,3437,8111
5202.507,3438,8111
5208.848,3439,8112
5212.091,3440,8112
5223.617,3441,8112
5228.694,3442,8113
5228.764,3443,8113
5230.41,3444,8113
5231.106,3445,8113
5256.619,3446,8114
5276.574,3447,8114
5285.525,3448,8121
5306.77,3449,8126
5306.848,3450,8127
5306.867,3451,8128
5307.273,3452,8128
5307.285,3453,8129
5307.47,3454,8129
5307.547,3455,8132
5309.86,3456,8132
5309.94,3457,8140
5309.995,3458,8144
5310.353,3459,8144
5310.454,3460,8145
5314.509,3461,8145
5316.158,3462,8147
5316.641,3463,8147
5317.075,3464,8147
5321.271,3465,8147
5322.864,3466,8148
5324.677,3467,8148
5336.003,3468,8149
5336.917,3469,8149
5366.114,3470,8149
5366.13,3471,8149
5366.151,3472,8149
5366.167,3473,8149
5366.205,3474,8149
5366.29,3475,8149
5367.352,3476,8149
5368.603,3477,8149
5369.611,3478,8149
5377.544,3479,8149
5377.761,3480,8149
5378.431,3481,8168
5379.193,3482,8169
5381.274,3483,8169
5384.082,3484,8170
5384.898,3485,8172
5385.001,3486,8172
5390.351,3487,8174
5391.871,3488,8174
5392.212,3489,8175
5402.673,3490,8175
5425.292,3491,8175
5425.738,3492,8175
5431.93,3493,8176
5446.105,3494,8176
5446.213,3495,8176
5446.761,3496,8177
5457.322,3497,8177
5459.013,3498,8178
5463.883,3499,8178
5463.902,3500,8178
5463.922,3501,8178
5463.989,3502,8178
5464.026,3503,8178
5470.226,3504,8178
5470.373,3505,8178
5470.41,3506,8178
5473.168,3507,8178
5476.012,3508,8178
5477.682,3509,8178
5488.364,3510,8178
5516.725,3511,8179
5518.797,3512,8180
5587.724,3513,8180
5608.734,3514,8180
5614.341,3515,8183
5619.711,3516,8183
5619.752,3517,8183
5648.236,3518,8184
5675.398,3519,8184
5692.67,3520,8184
5692.934,3521,8185
5694.272,3522,8185
5694.59,3523,8185
5695.079,3524,8185
5696.543,3525,8186
5704.241,3526,8187
5704.345,3527,8187
5705.062,3528,8187
5716.684,3529,8188
5716.719,3530,8188
5716.862,3531,8189
5717.112,3532,8189
5718.788,3533,8191
5720.414,3534,8191
5722.701,3535,8196
5722.938,3536,8196
5724.471,3537,8196
5724.977,3538,8196
5731.024,3539,8200
5732.935,3540,8202
5735.359,3541,8202
5735.402,3542,8203
5735.572,3543,8203
5740.229,3544,8203
5746.54,3545,8207
5754.019,3546,8207
5755.31,3547,8207
5755.56,3548,8207
5760.699,3549,8207
5760.779,3550,8209
5761.453,3551,8209
5762.153,3552,8209
5763.203,3553,8209
5763.281,3554,8209
5767.614,3555,8210
5768.393,3556,8211
5770.311,3557,8218
5778.415,3558,8218
5779.532,3559,8219
5779.686,3560,8219
5780.842,3561,8219
5781.922,3562,8223
5786.332,3563,8223
5793.61,3564,8224
5798.559,3565,8224
5806.533,3566,8225
5821.735,3567,8225
5821.763,3568,8225
5825.382,3569,8225
5848.719,3570,8226
5862.686,3571,8226
5863.388,3572,8227
5863.774,3573,8227
5895.302,3574,8227
5898.231,3575,8227
5904.762,3576,8227
5942.804,3577,8227
5943.867,3578,8227
5945.983,3579,8230
5946.057,3580,8235
5946.562,3581,8244
5946.605,3582,8253
5946.633,3583,8253
5946.711,3584,8273
5946.746,3585,8273
5947.838,3586,8285
5949.517,3587,8285
5949.86,3588,8285
5950.046,3589,8285
5951.219,3590,8295
5951.576,3591,8297
5952.261,3592,8298
5952.803,3593,8300
5958.563,3594,8338
5960.434,3595,8338
5962.532,3596,8338
5963.022,3597,8344
5963.333,3598,8345
5964.307,3599,8346
5964.734,3600,8350
5964.792,3601,8350
5965.657,3602,8350
5971.782,3603,8351
5973.838,3604,8351
5975.279,3605,8351
5975.632,3606,8352
5977.049,3607,8353
5977.214,3608,8354
5985.114,3609,8355
5989.633,3610,8356
5989.703,3611,8360
5993.768,3612,8361
5994.852,3613,8362
5996.949,3614,8362
5999.582,3615,8363
6000.783,3616,8365
6003.817,3617,8368
6004.726,3618,8372
6004.849,3619,8372
6005.169,3620,8382
6006.374,3621,8388
6008.062,3622,8389
6008.178,3623,8389
6011.58,3624,8391
6013.24,3625,8391
6020.308,3626,8391
6020.622,3627,8392
6023.85,3628,8394
6027.139,3629,8394
6027.544,3630,8395
6027.696,3631,8395
6028.315,3632,8395
6028.982,3633,8395
6031.743,3634,8395
6032.986,3635,8395
6034.677,3636,8395
6039.293,3637,8395
6041.025,3638,8396
6041.706,3639,8397
6042.548,3640,8397
6043.151,3641,8397
6049.846,3642,8397
6051.961,3643,8398
6053.426,3644,8406
6054.699,3645,8407
6055.094,3646,8408
6056.306,3647,8409
6056.714,3648,8409
6063.176,3649,8411
6079.27,3650,8411
6081.602,3651,8423
6081.639,3652,8423
6081.721,3653,8424
6093.571,3654,8424
6110.365,3655,8424
6125.007,3656,8424
6127.433,3657,8424
6128.349,3658,8424
6128.469,3659,8424
6129.486,3660,8424
6130.124,3661,8424
6133.76,3662,8424
6136.575,3663,8424
6145.833,3664,8424
6148.973,3665,8424
6153.995,3666,8424
6156.645,3667,8425
6157.291,3668,8425
6160.027,3669,8428
6160.845,3670,8428
6162.508,3671,8428
6162.528,3672,8428
6163.421,3673,8429
6163.574,3674,8429
6168.877,3675,8429
6170.31,3676,8429
6170.593,3677,8429
6170.624,3678,8429
6171.246,3679,8429
6171.612,3680,8429
6174.331,3681,8429
6174.828,3682,8429
6176.446,3683,8430
6176.466,3684,8430
6176.999,3685,8430
6177.066,3686,8430
6177.525,3687,8430
6177.916,3688,8430
6181.64,3689,8430
6184.85,3690,8430
6185.703,3691,8430
6188.143,3692,8432
6188.334,3693,8432
6190.748,3694,8432
6191.847,3695,8432
6193.332,3696,8432
6198.216,3697,8432
6198.514,3698,8432
6199.442,3699,8433
6200.636,3700,8433
6215.978,3701,8433
6218.249,3702,8433
6218.528,3703,8433
6218.781,3704,8433
6219.169,3705,8434
6219.383,3706,8434
6226.061,3707,8434
6242.376,3708,8434
6245.204,3709,8434
6245.917,3710,8435
6246.015,3711,8436
6251.782,3712,8437
6252.302,3713,8437
6252.8,3714,8438
6252.833,3715,8439
6253.001,3716,8440
6253.236,3717,8440
6257.23,3718,8442
6259.666,3719,8443
6260.609,3720,8444
6261.362,3721,8444
6261.633,3722,8444
6266.803,3723,8444
6267.81,3724,8444
6281.966,3725,8446
6307.73,3726,8446
6307.839,3727,8446
6308.647,3728,8447
6311.542,3729,8449
6315.215,3730,8449
6322.328,3731,8449
6332.159,3732,8449
6336.57,3733,8451
6343.318,3734,8452
6343.952,3735,8452
6344.979,3736,8458
6347.001,3737,8459
6348.845,3738,8464
6349.294,3739,8464
6356.192,3740,8465
6357.29,3741,8466
6358.165,3742,8467
6359.403,3743,8470
6359.872,3744,8470
6361.983,3745,8473
6362.236,3746,8473
6366.409,3747,8473
6368.324,3748,8479
6369.398,3749,8479
6370.983,3750,8480
6371.304,3751,8482
6371.397,3752,8483
6371.608,3753,8483
6373.615,3754,8484
6393.724,3755,8484
6395.839,3756,8484
6395.915,3757,8484
6395.945,3758,8484
6396.519,3759,8485
6396.64,3760,8485
6396.684,3761,8485
6401.664,3762,8485
6401.948,3763,8486
6403.282,3764,8487
6407.158,3765,8517
6407.567,3766,8517
6407.687,3767,8518
6407.871,3768,8521
6407.928,3769,8521
6408.218,3770,8523
6408.354,3771,8525
6408.664,3772,8527
6408.676,3773,8528
6409.148,3774,8529
6409.273,3775,8530
6409.809,3776,8531
6410.047,3777,8532
6410.212,3778,8533
6411.191,3779,8534
6411.467,3780,8534
6411.692,3781,8536
6411.857,3782,8537
6412.042,3783,8546
6412.077,3784,8546
6412.329,3785,8547
6412.381,3786,8548
6412.456,3787,8565
6412.529,3788,8567
6412.617,3789,8567
6412.741,3790,8569
6412.762,3791,8571
6412.936,3792,8571
6413.247,3793,8571
6413.518,3794,8574
6413.835,3795,8576
6413.85,3796,8579
6413.996,3797,8583
6414.017,3798,8583
6414.123,3799,8583
6414.43,3800,8584
6414.691,3801,8585
6414.881,3802,8590
6415.104,3803,8593
6415.279,3804,8593
6416.167,3805,8593
6416.32,3806,8594
6417.421,3807,8594
6418.105,3808,8601
6418.518,3809,8601
6419.11,3810,8609
6419.594,3811,8614
6419.753,3812,8615
6420.508,3813,8628
6421.076,3814,8628
6421.964,3815,8629
6422.114,3816,8630
6422.78,3817,8633
6423.446,3818,8635
6423.592,3819,8635
6424.303,3820,8635
6426.355,3821,8636
6427.384,3822,8638
6427.617,3823,8641
6427.762,3824,8641
6428.035,3825,8641
6429.169,3826,8642
6429.391,3827,8642
6430.049,3828,8643
6430.416,3829,8645
6434.962,3830,8645
6435.732,3831,8646
6437.034,3832,8646
6437.433,3833,8653
6443.13,3834,8656
6443.193,3835,8657
6443.553,3836,8659
6443.976,3837,8663
6444.159,3838,8665
6444.176,3839,8668
6444.222,3840,8669
6444.268,3841,8670
6444.42,3842,8671
6444.469,3843,8672
6444.692,3844,8674
6445.299,3845,8676
6445.836,3846,8677
6446.122,3847,8677
6446.716,3848,8677
6446.801,3849,8681
6447.633,3850,8681
6449.083,3851,8681
6450.142,3852,8682
6450.672,3853,8684
6451.141,3854,8685
6452.039,3855,8685
6453.357,3856,8688
6454.732,3857,8690
6455.149,3858,8691
6456.75,3859,8692
6456.781,3860,8694
6459.286,3861,8695
6460.322,3862,8699
6460.827,3863,8699
6461.463,3864,8700
6462.238,3865,8701
6462.69,3866,8701
6465.051,3867,8701
6466.394,3868,8702
6468.064,3869,8703
6471.19,3870,8703
6471.438,3871,8703
6482.677,3872,8703
6489.159,3873,8703
6497.419,3874,8703
6536.926,3875,8703
6542.086,3876,8710
6542.314,3877,8712
6554.532,3878,8712
6555.261,3879,8712
6555.889,3880,8715
6556.37,3881,8716
6558.692,3882,8717
6562.713,3883,8717
6567.324,3884,8717
6570.678,3885,8717
6571.93,3886,8718
6574.683,3887,8718
6577.055,3888,8726
6580.813,3889,8727
6581.002,3890,8728
6583.802,3891,8728
6584.576,3892,8730
6655.626,3893,8730
6662.246,3894,8731
6662.263,3895,8731
6663.11,3896,8733
6663.662,3897,8733
6663.88,3898,8733
6664.299,3899,8734
6664.941,3900,8735
6665.894,3901,8735
6667.57,3902,8737
6668.284,3903,8738
6668.865,3904,8739
6669.23,3905,8740
6670.484,3906,8740
6672.581,3907,8740
6672.935,3908,8743
6673.24,3909,8743
6679.673,3910,8743
6684.601,3911,8744
6684.945,3912,8745
6691.417,3913,8745
6701.029,3914,8745
6701.08,3915,8745
6702.376,3916,8745
6702.506,3917,8745
6702.772,3918,8745
6721.617,3919,8745
6728.015,3920,8745
6728.28,3921,8745
6729.089,3922,8745
6730.187,3923,8745
6730.302,3924,8745
6730.486,3925,8745
6730.949,3926,8745
6733.358,3927,8745
6733.786,3928,8745
6734.401,3929,8745
6735.016,3930,8748
6737.029,3931,8748
6737.464,3932,8748
6738.271,3933,8748
6740.071,3934,8748
6745.699,3935,8748
6746.05,3936,8748
6746.744,3937,8748
6747.499,3938,8748
6748.776,3939,8748
6751.687,3940,8748
6756.312,3941,8748
6759.09,3942,8752
6759.868,3943,8752
6760.126,3944,8752
6760.162,3945,8752
6812.412,3946,8754
6817.214,3947,8754
6817.732,3948,8754
6829.257,3949,8755
6830.529,3950,8755
6834.471,3951,8755
6834.647,3952,8756
6834.672,3953,8756
6835.417,3954,8756
6851.491,3955,8756
6862.432,3956,8762
6862.703,3957,8765
6862.782,3958,8765
6863.531,3959,8768
6863.991,3960,8768
6864.238,3961,8770
6864.556,3962,8772
6864.618,3963,8774
6864.741,3964,8774
6864.76,3965,8775
6865.21,3966,8775
6866.681,3967,8778
6866.813,3968,8779
6867.28,3969,8779
6867.449,3970,8783
6867.905,3971,8784
6868.563,3972,8784
6870.017,3973,8785
6870.946,3974,8788
6871.869,3975,8788
6874.499,3976,8788
6876.249,3977,8788
6876.33,3978,8788
6879.649,3979,8788
6879.954,3980,8788
6880.646,3981,8790
6881.193,3982,8790
6881.775,3983,8791
6883.333,3984,8793
6885.584,3985,8800
6890.945,3986,8800
6891.231,3987,8809
6891.369,3988,8811
6892.324,3989,8811
6892.874,3990,8812
6894.36,3991,8812
6894.805,3992,8812
6902.271,3993,8812
6902.362,3994,8812
6904.382,3995,8813
6906.167,3996,8813
6906.336,3997,8813
6921.296,3998,8815
6922.348,3999,8815
6922.923,4000,8816
6923.868,4001,8817
6923.954,4002,8817
6924.261,4003,8817
6925.514,4004,8817
6926.404,4005,8818
6926.463,4006,8819
6927.473,4007,8821
6928.048,4008,8823
6928.668,4009,8824
6930.107,4010,8825
6930.14,4011,8825
6930.385,4012,8826
6931.491,4013,8826
6933.701,4014,8826
6935.525,4015,8827
6938.678,4016,8827
6941.985,4017,8828
6944.065,4018,8829
6944.298,4019,8829
6944.861,4020,8830
6948.354,4021,8831
6950.978,4022,8835
6955.294,4023,8835
6956.225,4024,8835
6956.335,4025,8835
6959.117,4026,8836
6960.443,4027,8838
6982.008,4028,8840
6983.402,4029,8840
6984.091,4030,8841
6984.584,4031,8841
6985.159,4032,8841
6985.217,4033,8841
6985.818,4034,8841
6986.158,4035,8841
6986.223,4036,8841
6986.556,4037,8841
6988.256,4038,8841
6990.466,4039,8843
6994.995,4040,8843
6997.987,4041,8843
7000.84,4042,8848
7001.569,4043,8848
7005.233,4044,8848
7005.804,4045,8848
7006.286,4046,8850
7007.558,4047,8850
7008.527,4048,8851
7011.234,4049,8858
7012.212,4050,8858
7013.115,4051,8858
7013.618,4052,8858
7013.794,4053,8858
7014.924,4054,8858
7014.982,4055,8858
7015.048,4056,8858
7015.97,4057,8858
7016.465,4058,8858
7017.361,4059,8858
7022.387,4060,8858
7024.091,4061,8858
7026.751,4062,8859
7029.01,4063,8861
7030.067,4064,8863
7030.449,4065,8863
7031.696,4066,8865
7035.611,4067,8865
7042.345,4068,8865
7042.397,4069,8866
7043.959,4070,8866
7044.053,4071,8866
7044.192,4072,8867
7044.316,4073,8867
7044.342,4074,8870
7044.976,4075,8870
7045.227,4076,8870
7045.398,4077,8874
7046.118,4078,8880
7046.223,4079,8881
7046.265,4080,8881
7046.456,4081,8881
7046.942,4082,8881
7047.064,4083,8882
7047.297,4084,8883
7047.595,4085,8883
7047.904,4086,8884
7048.013,4087,8899
7048.596,4088,8899
7048.62,4089,8900
7049.009,4090,8900
7049.586,4091,8900
7050.268,4092,8901
7050.414,4093,8901
7050.484,4094,8901
7050.678,4095,8901
7053.521,4096,8901
7054.012,4097,8901
7054.972,4098,8903
7062.735,4099,8903
7062.828,4100,8906
7064.784,4101,8906
7065.156,4102,8906
7065.671,4103,8907
7065.951,4104,8907
7068.192,4105,8907
7069.843,4106,8917
7071.157,4107,8917
7071.778,4108,8920
7071.963,4109,8920
7072.276,4110,8923
7072.39,4111,8924
7073.335,4112,8924
7073.841,4113,8924
7074.636,4114,8924
7082.717,4115,8925
7082.806,4116,8925
7083.445,4117,8925
7084.724,4118,8925
7089.249,4119,8925
7091.587,4120,8925
7095.596,4121,8925
7097.502,4122,8925
7104.085,4123,8925
7106.562,4124,8925
7125.629,4125,8925
7130.014,4126,8925
7131.112,4127,8925
7131.392,4128,8926
7131.757,4129,8929
7131.779,4130,8929
7135.432,4131,8929
7137.631,4132,8930
7138.441,4133,8931
7140.918,4134,8931
7150.323,4135,8931
7151.356,4136,8934
7159.435,4137,8935
7163.298,4138,8935
7164.385,4139,8935
7170.521,4140,8935
7184.867,4141,8936
7184.918,4142,8936
7185.047,4143,8936
7185.36,4144,8936
7185.668,4145,8936
7188.063,4146,8936
7193.888,4147,8936
7195.346,4148,8936
7201.658,4149,8936
7207.003,4150,8936
7211.078,4151,8936
7224.166,4152,8937
7234.319,4153,8939
7234.46,4154,8939
7235.258,4155,8940
7239.187,4156,8940
7239.876,4157,8940
7252.416,4158,8943
7274.95,4159,8943
7275.041,4160,8943
7276.516,4161,8943
7281.124,4162,8944
7281.544,4163,8944
7281.575,4164,8944
7281.659,4165,8948
7282.164,4166,8948
7283.085,4167,8948
7283.391,4168,8949
7284.531,4169,8949
7285.162,4170,8950
7286.014,4171,8952
7287.931,4172,8953
7288.187,4173,8953
7289.24,4174,8954
7290.615,4175,8955
7290.921,4176,8955
7291.999,4177,8956
7293.25,4178,8956
7296.066,4179,8956
7296.522,4180,8956
7298.534,4181,8959
7299.919,4182,8960
7300.297,4183,8963
7300.548,4184,8964
7301.777,4185,8964
7303.108,4186,8967
7303.284,4187,8968
7307.782,4188,8971
7308.475,4189,8972
7309.469,4190,8973
7317.197,4191,8974
7317.249,4192,8975
7318.152,4193,8975
7319.82,4194,8976
7322.998,4195,8977
7323.125,4196,8980
7325.748,4197,8981
7326.176,4198,8981
7327.703,4199,8985
7332.46,4200,8985
7333.263,4201,8987
7335.402,4202,8991
7336.205,4203,8993
7344.091,4204,8993
7354.659,4205,8993
7355.038,4206,8993
7365.51,4207,8993
7365.764,4208,8993
7365.903,4209,8993
7392.617,4210,8993
7393.132,4211,8994
7393.478,4212,8994
7395.188,4213,8994
7395.88,4214,8994
7396.393,4215,8994
7399.293,4216,8994
7399.728,4217,8994
7407.479,4218,9001
7412.932,4219,9001
7419.174,4220,9001
7428.291,4221,9002
7451.9,4222,9003
7454.316,4223,9003
7454.438,4224,9003
7455.63,4225,9004
7456.072,4226,9004
7457.688,4227,9004
7457.708,4228,9004
7468.468,4229,9005
7471.534,4230,9005
7478.098,4231,9007
7482.628,4232,9008
7482.951,4233,9009
7485.36,4234,9009
7485.622,4235,9020
7485.636,4236,9021
7485.695,4237,9022
7486.019,4238,9022
7486.719,4239,9023
7492.27,4240,9027
7494.043,4241,9029
7501.957,4242,9029
7511.287,4243,9029
7511.64,4244,9035
7516.365,4245,9035
7516.39,4246,9035
7516.925,4247,9036
7517.033,4248,9037
7517.162,4249,9037
7517.483,4250,9037
7517.789,4251,9037
7518.32,4252,9037
7518.38,4253,9037
7518.467,4254,9039
7519.642,4255,9039
7520.339,4256,9041
7520.592,4257,9041
7522.487,4258,9046
7522.583,4259,9047
7522.858,4260,9047
7523.259,4261,9048
7524.88,4262,9048
7524.986,4263,9048
7525.746,4264,9048
7526.151,4265,9048
7526.242,4266,9048
7528.164,4267,9048
7530.023,4268,9048
7531.146,4269,9049
7536.89,4270,9049
7538.917,4271,9050
7544.427,4272,9052
7547.926,4273,9056
7548.006,4274,9058
7548.361,4275,9060
7548.696,4276,9061
7548.814,4277,9062
7549.799,4278,9063
7549.98,4279,9075
7550.867,4280,9075
7551.478,4281,9075
7553.675,4282,9076
7554.093,4283,9076
7554.312,4284,9077
7554.474,4285,9078
7554.502,4286,9079
7556.612,4287,9080
7559.841,4288,9080
7563.075,4289,9081
7569.382,4290,9083
7569.543,4291,9084
7570.172,4292,9086
7574.838,4293,9086
7578.743,4294,9086
7580.967,4295,9087
7582.002,4296,9087
7582.651,4297,9088
7583.861,4298,9091
7584.964,4299,9091
7588.025,4300,9092
7588.771,4301,9092
7592.26,4302,9093
7593.884,4303,9094
7602.031,4304,9094
7606.239,4305,9094
7610.407,4306,9094
7610.956,4307,9096
7629.513,4308,9096
7630.307,4309,9096
7631.608,4310,9099
7633.436,4311,9099
7633.855,4312,9099
7640.088,4313,9099
7650.66,4314,9099
7685.789,4315,9099
7688.18,4316,9100
7688.465,4317,9102
7688.51,4318,9103
7688.623,4319,9103
7688.637,4320,9103
7688.652,4321,9106
7689.361,4322,9108
7689.698,4323,9108
7690.125,4324,9108
7690.313,4325,9109
7693.747,4326,9109
7693.879,4327,9112
7694.043,4328,9113
7695.016,4329,9114
7696.513,4330,9115
7698.617,4331,9116
7700.164,4332,9118
7705.049,4333,9122
7706.465,4334,9123
7708.323,4335,9123
7710.551,4336,9124
7717.59,4337,9126
7721.302,4338,9126
7722.705,4339,9127
7723.498,4340,9127
7724.873,4341,9135
7725.324,4342,9135
7725.376,4343,9136
7725.509,4344,9136
7725.839,4345,9136
7726.204,4346,9136
7726.219,4347,9137
7726.778,4348,9137
7727.33,4349,9137
7727.377,4350,9137
7727.498,4351,9138
7727.599,4352,9138
7728.251,4353,9138
7730.699,4354,9138
7730.783,4355,9139
7732.519,4356,9139
7737.447,4357,9139
7738.442,4358,9139
7743.996,4359,9139
7748.669,4360,9139
7752.359,4361,9139
7754.618,4362,9139
7760.767,4363,9139
7762.387,4364,9139
7762.562,4365,9139
7763.207,4366,9139
7769.147,4367,9139
7772.879,4368,9139
7775.253,4369,9140
7775.32,4370,9140
7776.101,4371,9140
7779.892,4372,9141
7783.257,4373,9142
7783.372,4374,9142
7783.745,4375,9145
7784.331,4376,9146
7784.513,4377,9147
7784.861,4378,9148
7786.889,4379,9148
7790.557,4380,9148
7791.07,4381,9148
7791.519,4382,9148
7793.991,4383,9149
7796.982,4384,9149
7801.953,4385,9149
7804.929,4386,9151
7812.565,4387,9152
7817.461,4388,9152
7824.493,4389,9152
7830.404,4390,9152
7837.875,4391,9152
7839.778,4392,9152
7839.914,4393,9153
7841.338,4394,9153
7844.741,4395,9153
7845.519,4396,9154
7852.217,4397,9154
7856.198,4398,9154
7856.574,4399,9154
7856.603,4400,9154
7858.397,4401,9155
7863.959,4402,9155
7871.373,4403,9157
7871.671,4404,9159
7873.343,4405,9160
7873.39,4406,9161
7875.708,4407,9161
7878.763,4408,9161
7881.127,4409,9161
7885.187,4410,9162
7888.902,4411,9162
7893.34,4412,9162
7894.539,4413,9162
7895.319,4414,9162
7915.553,4415,9162
7916.18,4416,9162
7916.289,4417,9163
7917.583,4418,9163
7918.113,4419,9163
7918.545,4420,9163
7918.647,4421,9163
7934.723,4422,9163
7952.572,4423,9163
7952.812,4424,9163
7953.621,4425,9163
7953.667,4426,9163
7956.633,4427,9163
7959.271,4428,9163
7959.435,4429,9163
7959.875,4430,9163
7961.003,4431,9163
7961.865,4432,9163
7963.916,4433,9164
7971.037,4434,9164
7973.136,4435,9165
7974.36,4436,9166
7975.132,4437,9166
7976.291,4438,9166
7978.121,4439,9166
7979.807,4440,9166
7981.783,4441,9166
7998.073,4442,9167
7999.133,4443,9167
7999.562,4444,9167
8000.375,4445,9167
8002.111,4446,9168
8002.289,4447,9168
8004.319,4448,9169
8006.349,4449,9169
8006.82,4450,9169
8011.217,4451,9169
8016.9,4452,9169
8018.076,4453,9169
8022.879,4454,9175
8026.894,4455,9175
8029.467,4456,9176
8030.584,4457,9176
8032.302,4458,9181
8071.456,4459,9181
8072.747,4460,9181
8073.589,4461,9181
8084.092,4462,9181
8085.96,4463,9181
8087.636,4464,9181
8088.593,4465,9182
8090.368,4466,9184
8090.427,4467,9184
8097.406,4468,9185
8097.484,4469,9185
8097.738,4470,9185
8099.222,4471,9186
8099.606,4472,9186
8100.311,4473,9187
8102.086,4474,9187
8104.592,4475,9188
8106.79,4476,9189
8107.236,4477,9189
8108.738,4478,9190
8115.122,4479,9191
8134.159,4480,9191
8134.575,4481,9192
8137.396,4482,9192
8138.305,4483,9192
8138.542,4484,9192
8139.186,4485,9193
8148.322,4486,9193
8162.857,4487,9202
8164.745,4488,9202
8164.806,4489,9202
8165.029,4490,9203
8167.569,4491,9204
8168.798,4492,9204
8170.418,4493,9205
8179.207,4494,9205
8186.199,4495,9205
8186.47,4496,9208
8190.415,4497,9208
8190.772,4498,9209
8192.418,4499,9209
8192.759,4500,9209
8194.586,4501,9209
8195.927,4502,9210
8196.49,4503,9211
8198.992,4504,9211
8199.359,4505,9211
8199.449,4506,9211
8199.902,4507,9213
8203.76,4508,9214
8204.767,4509,9214
8210.079,4510,9214
8211.08,4511,9214
8217.486,4512,9214
8218.877,4513,9214
8222.008,4514,9214
8231.416,4515,9215
8232.146,4516,9218
8232.708,4517,9218
8232.801,4518,9219
8232.974,4519,9220
8233.184,4520,9221
8237.839,4521,9222
8240.589,4522,9222
8242.432,4523,9226
8244.52,4524,9227
8244.698,4525,9228
8256.391,4526,9232
8258.54,4527,9232
8260.113,4528,9233
8268.033,4529,9235
8268.716,4530,9236
8270.103,4531,9236
8270.147,4532,9236
8270.195,4533,9236
8270.251,4534,9236
8270.53,4535,9236
8273.017,4536,9236
8273.124,4537,9238
8274.107,4538,9238
8274.748,4539,9243
8275.715,4540,9243
8280.032,4541,9243
8282.722,4542,9243
8287.697,4543,9243
8287.781,4544,9243
8291.364,4545,9243
8293.105,4546,9243
8297.048,4547,9243
8298.828,4548,9243
8300.197,4549,9243
8309.926,4550,9243
8310.014,4551,9243
8310.027,4552,9243
8310.659,4553,9243
8313.407,4554,9246
8313.859,4555,9248
8315.17,4556,9248
8315.603,4557,9250
8315.648,4558,9257
8315.731,4559,9257
8316.402,4560,9257
8316.508,4561,9257
8316.672,4562,9258
8317.373,4563,9258
8318.112,4564,9259
8320.333,4565,9260
8323.772,4566,9260
8330.185,4567,9262
8346.845,4568,9262
8347.244,4569,9262
8347.573,4570,9262
8351.109,4571,9263
8351.518,4572,9264
8354.445,4573,9265
8354.532,4574,9266
8354.662,4575,9266
8355.488,4576,9266
8357.277,4577,9266
8365.951,4578,9266
8366.843,4579,9266
8367.871,4580,9266
8378.423,4581,9266
8379.363,4582,9266
8380.018,4583,9267
8380.331,4584,9267
8385.561,4585,9267
8385.709,4586,9267
8386.23,4587,9270
8386.471,4588,9270
8386.491,4589,9270
8387.067,4590,9270
8387.093,4591,9271
8387.314,4592,9283
8387.364,4593,9283
8387.437,4594,9283
8387.466,4595,9285
8387.869,4596,9286
8388.393,4597,9286
8390.548,4598,9287
8390.787,4599,9308
8392.913,4600,9308
8394.483,4601,9309
8394.568,4602,9309
8395.34,4603,9310
8397.309,4604,9312
8397.712,4605,9313
8399.049,4606,9320
8399.98,4607,9320
8402.893,4608,9320
8404.539,4609,9320
8405.365,4610,9320
8406.278,4611,9325
8416.289,4612,9325
8422.319,4613,9325
8424.497,4614,9325
8425.945,4615,9325
8426.03,4616,9325
8427.361,4617,9325
8427.654,4618,9325
8427.932,4619,9325
8430.207,4620,9326
8430.379,4621,9326
8431.028,4622,9327
8431.134,4623,9327
8431.662,4624,9327
8434.716,4625,9327
8435.431,4626,9328
8436.016,4627,9329
8436.568,4628,9329
8441.491,4629,9329
8442.973,4630,9329
8446.035,4631,9333
8451.874,4632,9334
8452.396,4633,9334
8453.643,4634,9337
8457.287,4635,9338
8458.527,4636,9339
8458.874,4637,9339
8459.818,4638,9340
8460.337,4639,9341
8463.279,4640,9342
8466.389,4641,9342
8467.334,4642,9343
8497.063,4643,9343
8497.087,4644,9343
8497.2,4645,9343
8497.384,4646,9343
8497.641,4647,9344
8497.728,4648,9344
8497.913,4649,9344
8497.961,4650,9345
8498.216,4651,9345
8499.822,4652,9350
8500.072,4653,9351
8500.652,4654,9351
8501.261,4655,9351
8501.577,4656,9351
8501.733,4657,9353
8502.576,4658,9353
8502.753,4659,9353
8503.035,4660,9354
8503.328,4661,9368
8503.396,4662,9368
8504.774,4663,9369
8504.939,4664,9369
8505.34,4665,9369
8507.775,4666,9372
8508.05,4667,9373
8508.234,4668,9373
8508.435,4669,9373
8508.966,4670,9373
8509.858,4671,9373
8510.416,4672,9373
8510.514,4673,9381
8511.559,4674,9381
8512.35,4675,9381
8513.606,4676,9381
8514.25,4677,9382
8514.509,4678,9382
8516.028,4679,9383
8516.794,4680,9383
8516.836,4681,9383
8519.688,4682,9383
8519.859,4683,9383
8520.299,4684,9385
8520.478,4685,9385
8522.487,4686,9385
8524.404,4687,9386
8532.325,4688,9387
8534.898,4689,9391
8536.74,4690,9391
8550.443,4691,9391
8558.333,4692,9391
8558.382,4693,9391
8558.401,4694,9391
8558.614,4695,9391
8558.991,4696,9392
8559.318,4697,9392
8560.816,4698,9393
8561.94,4699,9393
8562.038,4700,9393
8562.506,4701,9395
8562.578,4702,9396
8565.167,4703,9399
8565.399,4704,9399
8565.816,4705,9399
8566.653,4706,9399
8567.744,4707,9399
8571.87,4708,9400
8572.752,4709,9401
8578.077,4710,9401
8578.804,4711,9402
8579.516,4712,9403
8580.159,4713,9403
8586.868,4714,9403
8587.706,4715,9403
8602.472,4716,9405
8602.813,4717,9405
8609.258,4718,9405
8611.086,4719,9406
8613.0,4720,9406
8613.038,4721,9406
8613.181,4722,9407
8613.401,4723,9407
8613.943,4724,9408
8615.245,4725,9408
8616.182,4726,9408
8616.968,4727,9408
8617.545,4728,9408
8618.423,4729,9409
8619.591,4730,9409
8620.442,4731,9409
8620.661,4732,9411
8621.462,4733,9412
8628.964,4734,9413
8630.805,4735,9413
8630.999,4736,9413
8633.002,4737,9413
8633.039,4738,9413
8633.408,4739,9413
8641.636,4740,9419
8642.597,4741,9425
8652.521,4742,9425
8652.562,4743,9425
8652.616,4744,9426
8653.811,4745,9426
8655.773,4746,9427
8655.954,4747,9428
8656.655,4748,9429
8657.713,4749,9430
8658.621,4750,9431
8658.664,4751,9431
8659.409,4752,9433
8660.435,4753,9434
8660.798,4754,9434
8666.676,4755,9435
8668.648,4756,9437
8669.205,4757,9438
8671.984,4758,9439
8672.916,4759,9440
8675.382,4760,9440
8675.44,4761,9440
8677.048,4762,9440
8680.527,4763,9440
8693.362,4764,9441
8693.493,4765,9441
8693.616,4766,9442
8694.131,4767,9442
8694.857,4768,9444
8694.952,4769,9445
8695.531,4770,9447
8697.0,4771,9447
8699.408,4772,9448
8702.245,4773,9448
8703.006,4774,9450
8704.981,4775,9450
8705.045,4776,9450
8709.716,4777,9461
8709.969,4778,9461
8711.224,4779,9461
8714.527,4780,9461
8714.949,4781,9461
8720.185,4782,9461
8726.44,4783,9461
8727.41,4784,9463
8729.299,4785,9463
8736.798,4786,9463
8737.717,4787,9463
8737.775,4788,9463
8737.814,4789,9463
8738.984,4790,9463
8745.044,4791,9463
8745.865,4792,9463
8748.428,4793,9463
8748.979,4794,9463
8749.278,4795,9463
8752.149,4796,9463
8770.3,4797,9463
8770.445,4798,9465
8770.46,4799,9466
8772.727,4800,9466
8772.887,4801,9467
8773.747,4802,9467
8779.459,4803,9473
8781.78,4804,9474
8783.542,4805,9475
8786.409,4806,9475
8787.13,4807,9475
8788.074,4808,9476
8798.746,4809,9476
8799.462,4810,9477
8800.943,4811,9477
8803.192,4812,9477
8804.282,4813,9480
8804.613,4814,9482
8816.817,4815,9487
8823.764,4816,9487
8823.843,4817,9487
8824.412,4818,9488
8824.58,4819,9488
8824.63,4820,9489
8825.677,4821,9490
8826.887,4822,9493
8827.995,4823,9494
8828.126,4824,9495
8828.913,4825,9496
8830.253,4826,9496
8834.599,4827,9497
8834.686,4828,9499
8835.196,4829,9499
8835.508,4830,9499
8836.855,4831,9500
8837.296,4832,9500
8839.225,4833,9500
8840.352,4834,9500
8847.123,4835,9500
8847.377,4836,9500
8849.319,4837,9508
8850.427,4838,9508
8852.61,4839,9510
8852.669,4840,9511
8855.698,4841,9512
8855.936,4842,9512
8856.148,4843,9512
8856.688,4844,9517
8856.842,4845,9518
8858.719,4846,9520
8860.283,4847,9521
8861.903,4848,9521
8862.409,4849,9521
8866.058,4850,9521
8880.843,4851,9524
8882.346,4852,9524
8886.029,4853,9524
8886.486,4854,9524
8894.34,4855,9524
8895.812,4856,9524
8904.953,4857,9524
8905.333,4858,9524
8905.618,4859,9525
8906.614,4860,9526
8907.059,4861,9528
8908.12,4862,9528
8911.501,4863,9529
8911.548,4864,9529
8915.859,4865,9530
8916.525,4866,9532
8918.593,4867,9532
8922.809,4868,9533
8926.381,4869,9535
8932.567,4870,9535
8935.837,4871,9537
8936.058,4872,9539
8936.263,4873,9539
8937.77,4874,9539
8937.799,4875,9539
8938.594,4876,9540
8939.159,4877,9540
8941.219,4878,9541
8944.796,4879,9544
8945.555,4880,9544
8948.352,4881,9545
8949.27,4882,9547
8952.433,4883,9547
8953.091,4884,9547
8955.265,4885,9548
8958.314,4886,9549
8962.295,4887,9558
8965.481,4888,9558
8968.022,4889,9558
8968.552,4890,9560
8968.756,4891,9560
8969.054,4892,9560
8971.929,4893,9560
8972.065,4894,9560
8972.124,4895,9560
8972.169,4896,9563
8974.747,4897,9564
8975.16,4898,9564
8975.614,4899,9565
8982.053,4900,9565
8983.437,4901,9566
8983.983,4902,9566
8985.693,4903,9566
8988.816,4904,9567
8989.008,4905,9567
8991.745,4906,9568
8998.46,4907,9568
8999.361,4908,9568
9001.647,4909,9570
9001.982,4910,9570
9002.007,4911,9571
9002.521,4912,9572
9009.47,4913,9572
9016.398,4914,9572
9016.565,4915,9574
9017.633,4916,9574
9018.365,4917,9574
9019.839,4918,9574
9020.485,4919,9574
9024.907,4920,9574
9025.725,4921,9577
9025.982,4922,9577
9029.28,4923,9577
9034.726,4924,9578
9043.04,4925,9578
9047.095,4926,9579
9052.154,4927,9580
9054.114,4928,9580
9055.127,4929,9581
9059.682,4930,9581
9060.547,4931,9581
9062.087,4932,9581
9062.39,4933,9581
9070.321,4934,9581
9070.372,4935,9581
9071.737,4936,9581
9080.065,4937,9582
9083.274,4938,9582
9083.64,4939,9582
9083.685,4940,9582
9083.787,4941,9584
9083.894,4942,9584
9084.004,4943,9588
9084.254,4944,9588
9084.736,4945,9588
9086.094,4946,9589
9086.769,4947,9589
9087.357,4948,9590
9087.899,4949,9591
9088.121,4950,9591
9088.151,4951,9591
9088.399,4952,9591
9089.94,4953,9592
9090.058,4954,9592
9090.202,4955,9592
9091.626,4956,9593
9091.99,4957,9594
9092.264,4958,9594
9095.579,4959,9594
9097.769,4960,9594
9100.736,4961,9594
9101.782,4962,9594
9105.236,4963,9594
9108.081,4964,9594
9111.243,4965,9595
9111.795,4966,9597
9114.082,4967,9597
9117.461,4968,9598
9117.764,4969,9600
9122.626,4970,9600
9122.883,4971,9600
9123.281,4972,9600
9124.415,4973,9600
9124.523,4974,9600
9125.942,4975,9600
9127.252,4976,9612
9131.03,4977,9616
9135.676,4978,9616
9137.552,4979,9616
9145.786,4980,9616
9147.655,4981,9620
9150.036,4982,9620
9159.123,4983,9620
9161.059,4984,9620
9161.246,4985,9627
9161.259,4986,9629
9161.488,4987,9630
9162.67,4988,9631
9162.819,4989,9631
9167.901,4990,9631
9168.492,4991,9631
9178.009,4992,9632
9180.635,4993,9637
9187.247,4994,9637
9189.122,4995,9640
9191.576,4996,9640
9191.69,4997,9640
9203.085,4998,9656
9206.511,4999,9657
9207.301,5000,9657
9208.143,5001,9658
9210.336,5002,9662
9210.686,5003,9662
9211.826,5004,9662
9213.089,5005,9663
9216.062,5006,9663
9217.529,5007,9665
9218.011,5008,9665
9220.226,5009,9665
9225.803,5010,9665
9229.717,5011,9665
9232.804,5012,9665
9234.816,5013,9668
9239.919,5014,9669
9247.107,5015,9669
9255.847,5016,9669
9259.138,5017,9672
9269.24,5018,9672
9272.662,5019,9672
9279.708,5020,9672
9284.512,5021,9672
9295.101,5022,9673
9298.231,5023,9673
9304.464,5024,9673
9305.663,5025,9680
9312.636,5026,9680
9321.83,5027,9681
9327.69,5028,9681
9328.495,5029,9681
9337.807,5030,9681
9338.179,5031,9682
9344.596,5032,9682
9344.831,5033,9682
9348.787,5034,9682
9349.536,5035,9682
9350.496,5036,9682
9351.023,5037,9695
9353.982,5038,9695
9355.265,5039,9695
9355.858,5040,9695
9356.17,5041,9695
9356.467,5042,9696
9358.223,5043,9696
9366.253,5044,9696
9368.619,5045,9696
9370.338,5046,9696
9370.406,5047,9696
9374.228,5048,9699
9379.595,5049,9699
9389.831,5050,9700
9389.886,5051,9701
9390.311,5052,9702
9390.424,5053,9702
9393.881,5054,9705
9396.158,5055,9705
9404.08,5056,9706
9411.34,5057,9706
9425.926,5058,9706
9426.265,5059,9706
9427.888,5060,9706
9429.155,5061,9707
9430.031,5062,9707
9431.012,5063,9707
9432.248,5064,9708
9436.781,5065,9708
9437.03,5066,9708
9438.342,5067,9708
9444.766,5068,9708
9449.493,5069,9708
9451.13,5070,9709
9462.859,5071,9710
9462.904,5072,9710
9463.035,5073,9710
9463.079,5074,9711
9463.45,5075,9711
9463.579,5076,9711
9463.641,5077,9711
9463.684,5078,9711
9463.817,5079,9711
9464.078,5080,9711
9464.349,5081,9711
9464.405,5082,9711
9464.943,5083,9712
9465.456,5084,9712
9465.705,5085,9712
9465.79,5086,9715
9465.987,5087,9716
9466.8,5088,9718
9467.131,5089,9719
9467.597,5090,9719
9467.635,5091,9719
9471.608,5092,9719
9471.978,5093,9719
9472.033,5094,9720
9472.498,5095,9720
9474.698,5096,9720
9482.156,5097,9720
9483.443,5098,9720
9483.849,5099,9720
9484.7,5100,9720
9484.834,5101,9722
9486.733,5102,9723
9489.42,5103,9723
9489.47,5104,9724
9490.484,5105,9724
9491.056,5106,9724
9492.308,5107,9724
9492.744,5108,9725
9495.217,5109,9725
9503.161,5110,9725
9506.396,5111,9726
9508.224,5112,9731
9521.683,5113,9731
9524.064,5114,9732
9524.296,5115,9732
9524.72,5116,9735
9528.959,5117,9735
9531.018,5118,9735
9541.271,5119,9735
9541.636,5120,9736
9542.935,5121,9737
9543.184,5122,9738
9544.743,5123,9739
9545.201,5124,9739
9546.027,5125,9740
9552.872,5126,9740
9584.18,5127,9740
9584.333,5128,9740
9584.522,5129,9740
9585.465,5130,9740
9585.535,5131,9740
9585.552,5132,9742
9586.701,5133,9742
9587.933,5134,9742
9588.037,5135,9745
9588.567,5136,9745
9589.477,5137,9745
9591.182,5138,9745
9594.188,5139,9745
9597.379,5140,9745
9600.721,5141,9745
9601.66,5142,9745
9606.303,5143,9745
9607.664,5144,9745
9609.502,5145,9745
9614.937,5146,9745
9615.109,5147,9745
9615.122,5148,9745
9615.669,5149,9746
9616.473,5150,9746
9616.509,5151,9746
9617.704,5152,9748
9618.222,5153,9749
9624.883,5154,9749
9625.366,5155,9749
9625.723,5156,9749
9625.861,5157,9750
9626.836,5158,9750
9627.477,5159,9750
9627.67,5160,9750
9627.819,5161,9751
9627.947,5162,9751
9630.872,5163,9756
9632.468,5164,9756
9632.644,5165,9756
9636.53,5166,9756
9638.226,5167,9756
9638.88,5168,9756
9639.984,5169,9758
9648.414,5170,9758
9650.589,5171,9759
9650.645,5172,9760
9650.662,5173,9761
9650.742,5174,9762
9650.955,5175,9763
9652.482,5176,9763
9652.963,5177,9763
9653.111,5178,9763
9657.674,5179,9763
9658.074,5180,9763
9665.176,5181,9764
9682.204,5182,9764
9686.882,5183,9766
9689.075,5184,9766
9689.325,5185,9766
9689.408,5186,9766
9689.713,5187,9766
9691.597,5188,9766
9693.511,5189,9767
9693.658,5190,9767
9694.378,5191,9768
9694.473,5192,9768
9696.627,5193,9768
9699.462,5194,9769
9711.619,5195,9769
9714.359,5196,9769
9723.124,5197,9770
9723.32,5198,9775
9723.334,5199,9775
9723.358,5200,9775
9723.614,5201,9775
9723.949,5202,9776
9724.304,5203,9776
9724.457,5204,9776
9725.399,5205,9776
9726.877,5206,9777
9729.698,5207,9778
9731.843,5208,9778
9734.101,5209,9778
9743.603,5210,9779
9745.874,5211,9780
9746.495,5212,9780
9752.502,5213,9884
9754.649,5214,9885
9756.447,5215,9886
9756.6,5216,9886
9756.98,5217,9887
9760.595,5218,9887
9760.891,5219,9887
9766.804,5220,9887
9768.686,5221,9888
9769.768,5222,9888
9770.022,5223,9888
9771.166,5224,9888
9773.004,5225,9889
9777.039,5226,9889
9780.341,5227,9889
9781.063,5228,9889
9781.743,5229,9893
9783.777,5230,9895
9788.857,5231,9896
9789.882,5232,9897
9792.253,5233,9897
9806.242,5234,9897
9815.724,5235,9899
9815.887,5236,9901
9817.093,5237,9901
9817.421,5238,9902
9818.27,5239,9902
9819.192,5240,9902
9822.726,5241,9903
9823.047,5242,9903
9824.525,5243,9904
9827.71,5244,9904
9828.109,5245,9907
9836.377,5246,9907
9842.088,5247,9907
9845.702,5248,9907
9848.798,5249,9907
9849.102,5250,9907
9849.313,5251,9907
9850.718,5252,9907
9850.924,5253,9907
9852.554,5254,9907
9852.662,5255,9907
9853.079,5256,9907
9856.083,5257,9907
9856.19,5258,9907
9856.343,5259,9907
9860.667,5260,9907
9860.757,5261,9907
9862.504,5262,9907
9863.741,5263,9908
9864.185,5264,9909
9865.097,5265,9909
9870.007,5266,9909
9876.054,5267,9910
9878.869,5268,9910
9879.573,5269,9912
9885.063,5270,9913
9885.731,5271,9913
9887.556,5272,9915
9888.364,5273,9915
9889.246,5274,9915
9891.404,5275,9915
9927.649,5276,9918
9929.42,5277,9918
9929.462,5278,9918
9930.519,5279,9918
9931.609,5280,9918
9935.003,5281,9918
9935.797,5282,9918
9938.958,5283,9918
9939.08,5284,9919
9954.193,5285,9920
9959.49,5286,9920
9960.01,5287,9920
9966.37,5288,9920
9969.946,5289,9920
9984.348,5290,9922
9986.231,5291,9922
9986.998,5292,9922
9987.297,5293,9922
9989.905,5294,9923
9992.789,5295,9923
9993.082,5296,9923
9993.365,5297,9923
10003.686,5298,9924
10009.66,5299,9924
10010.15,5300,9927
10010.291,5301,9928
10012.846,5302,9928
10018.935,5303,9929
10026.558,5304,9929
10027.41,5305,9929
10028.961,5306,9932
10037.75,5307,9932
10037.909,5308,9933
10038.979,5309,9934
10040.739,5310,9934
10040.922,5311,9934
10041.479,5312,9934
10043.921,5313,9939
10047.224,5314,9939
10065.028,5315,9939
10065.152,5316,9939
10066.932,5317,9939
10068.536,5318,9939
10069.374,5319,9940
10069.69,5320,9942
10069.762,5321,9943
10073.75,5322,9958
10074.715,5323,9959
10075.385,5324,9960
10088.134,5325,9961
10088.232,5326,9963
10088.936,5327,9963
10099.677,5328,9963
10114.458,5329,9963
10129.562,5330,9967
10130.47,5331,9967
10130.868,5332,9967
10131.885,5333,9967
10132.607,5334,9968
10133.575,5335,9968
10143.368,5336,9969
10143.431,5337,9969
10143.856,5338,9969
10149.715,5339,9969
10151.783,5340,9971
10153.827,5341,9971
10160.172,5342,9971
10160.916,5343,9971
10164.046,5344,9971
10164.897,5345,9971
10168.574,5346,9972
10168.637,5347,9972
10169.936,5348,9972
10170.888,5349,9973
10171.883,5350,9973
10173.165,5351,9974
10182.1,5352,9977
10183.328,5353,9977
10187.692,5354,9977
10189.01,5355,9977
10189.236,5356,9978
10199.138,5357,9983
10199.493,5358,9983
10204.207,5359,9983
10210.176,5360,9984
10212.653,5361,9984
10212.853,5362,9984
10212.884,5363,9984
10213.011,5364,9987
10213.404,5365,9987
10214.379,5366,9987
10222.219,5367,9987
10224.413,5368,9987
10227.68,5369,9987
10237.797,5370,9989
10242.956,5371,9989
10243.044,5372,9989
10246.609,5373,9989
10246.785,5374,9990
10246.951,5375,9990
10257.672,5376,9990
10257.759,5377,9990
10259.54,5378,9990
10260.071,5379,9992
10286.08,5380,9992
10286.203,5381,9992
10290.586,5382,9992
10295.361,5383,9994
10295.934,5384,9994
10296.689,5385,9994
10297.843,5386,9995
10299.085,5387,9998
10299.492,5388,9999
10300.58,5389,10001
10300.683,5390,10002
10301.453,5391,10003
10301.973,5392,10003
10303.201,5393,10004
10305.971,5394,10005
10307.58,5395,10006
10309.009,5396,10007
10315.002,5397,10007
10315.453,5398,10008
10317.072,5399,10010
10317.784,5400,10010
10318.784,5401,10010
10321.644,5402,10010
10321.686,5403,10010
10324.132,5404,10010
10325.806,5405,10010
10331.136,5406,10010
10331.242,5407,10011
10332.112,5408,10011
10334.45,5409,10013
10335.936,5410,10014
10337.686,5411,10015
10339.283,5412,10015
10339.795,5413,10015
10340.847,5414,10015
10342.127,5415,10017
10342.766,5416,10018
10346.525,5417,10019
10347.104,5418,10019
10347.395,5419,10020
10347.532,5420,10020
10352.323,5421,10020
10353.609,5422,10020
10356.229,5423,10021
10362.621,5424,10022
10362.961,5425,10022
10364.277,5426,10026
10382.011,5427,10026
10382.032,5428,10026
10382.407,5429,10026
10387.005,5430,10026
10387.069,5431,10027
10387.088,5432,10027
10387.483,5433,10027
10387.495,5434,10028
10387.807,5435,10029
10388.018,5436,10030
10388.432,5437,10031
10388.467,5438,10032
10388.521,5439,10032
10388.765,5440,10033
10388.779,5441,10033
10388.838,5442,10034
10389.378,5443,10035
10389.671,5444,10035
10390.614,5445,10036
10392.412,5446,10037
10392.954,5447,10038
10392.992,5448,10038
10393.789,5449,10038
10401.31,5450,10039
10402.221,5451,10040
10403.087,5452,10041
10404.135,5453,10042
10404.466,5454,10042
10405.167,5455,10042
10405.57,5456,10042
10409.18,5457,10042
10414.164,5458,10042
10417.943,5459,10042
10418.278,5460,10042
10430.582,5461,10042
10430.961,5462,10042
10431.263,5463,10042
10433.859,5464,10043
10436.338,5465,10043
10439.605,5466,10044
10453.73,5467,10044
10458.273,5468,10044
10459.157,5469,10044
10461.24,5470,10044
10463.275,5471,10044
10463.336,5472,10045
10463.479,5473,10046
10463.499,5474,10046
10463.586,5475,10046
10467.363,5476,10047
10472.693,5477,10048
10484.02,5478,10050
10502.016,5479,10050
10502.711,5480,10050
10502.745,5481,10050
10502.881,5482,10050
10503.856,5483,10050
10503.873,5484,10050
10504.9,5485,10050
10504.992,5486,10050
10505.609,5487,10050
10505.712,5488,10051
10506.474,5489,10051
10506.502,5490,10051
10506.868,5491,10051
10507.29,5492,10051
10508.797,5493,10051
10512.467,5494,10052
10513.879,5495,10052
10517.922,5496,10052
10520.985,5497,10052
10521.792,5498,10052
10521.811,5499,10052
10526.281,5500,10053
10526.869,5501,10054
10526.972,5502,10055
10527.12,5503,10055
10529.505,5504,10056
10540.381,5505,10057
10542.245,5506,10057
10547.613,5507,10060
10557.194,5508,10061
10594.544,5509,10061
10603.11,5510,10061
10606.492,5511,10061
10606.621,5512,10061
10610.032,5513,10061
10619.64,5514,10061
10619.824,5515,10061
10622.313,5516,10061
10622.913,5517,10061
10623.062,5518,10064
10632.725,5519,10064
10632.849,5520,10064
10638.74,5521,10064
10640.733,5522,10064
10641.374,5523,10064
10646.174,5524,10064
10646.976,5525,10064
10646.996,5526,10064
10647.313,5527,10066
10647.879,5528,10066
10647.999,5529,10066
10648.482,5530,10066
10648.713,5531,10067
10648.77,5532,10069
10648.862,5533,10069
10649.45,5534,10069
10650.155,5535,10069
10653.458,5536,10069
10653.822,5537,10069
10656.729,5538,10069
10658.49,5539,10069
10658.629,5540,10069
10659.328,5541,10069
10662.541,5542,10070
10663.813,5543,10070
10665.689,5544,10070
10667.376,5545,10071
10667.719,5546,10071
10673.229,5547,10071
10673.594,5548,10071
10673.743,5549,10071
10673.935,5550,10071
10674.113,5551,10071
10674.777,5552,10071
10677.575,5553,10071
10679.211,5554,10071
10683.939,5555,10073
10684.162,5556,10073
10688.126,5557,10074
10688.37,5558,10074
10708.577,5559,10075
10708.752,5560,10077
10709.271,5561,10077
10710.058,5562,10077
10712.14,5563,10077
10712.998,5564,10077
10713.854,5565,10077
10714.585,5566,10077
10716.493,5567,10079
10717.3,5568,10079
10718.06,5569,10079
10718.279,5570,10079
10720.443,5571,10079
10722.382,5572,10081
10724.957,5573,10082
10727.749,5574,10083
10736.357,5575,10084
10740.106,5576,10084
10741.988,5577,10084
10742.087,5578,10085
10742.179,5579,10086
10742.254,5580,10086
10742.73,5581,10086
10743.09,5582,10089
10744.424,5583,10090
10745.412,5584,10091
10746.897,5585,10091
10747.561,5586,10092
10750.213,5587,10099
10750.698,5588,10099
10759.554,5589,10100
10761.678,5590,10100
10769.779,5591,10101
10772.452,5592,10101
10772.933,5593,10101
10773.256,5594,10101
10774.969,5595,10101
10778.352,5596,10101
10781.071,5597,10101
10783.426,5598,10101
10785.055,5599,10101
10785.606,5600,10101
10789.215,5601,10101
10789.729,5602,10101
10791.601,5603,10101
10791.75,5604,10101
10794.569,5605,10101
10812.414,5606,10101
10812.534,5607,10101
10817.213,5608,10101
10817.642,5609,10101
10822.892,5610,10102
10823.021,5611,10103
10823.372,5612,10104
10823.925,5613,10105
10825.012,5614,10106
10831.68,5615,10107
10853.172,5616,10108
10854.751,5617,10110
10856.834,5618,10111
10858.475,5619,10111
10859.141,5620,10111
10859.376,5621,10111
10859.394,5622,10111
10862.773,5623,10112
10864.221,5624,10112
10868.951,5625,10112
10870.779,5626,10112
10877.935,5627,10112
10884.865,5628,10112
10887.115,5629,10112
10889.365,5630,10112
10898.675,5631,10112
10899.828,5632,10112
10900.136,5633,10112
10901.357,5634,10112
10902.284,5635,10113
10904.394,5636,10114
10923.239,5637,10114
10923.474,5638,10115
10926.496,5639,10116
10926.647,5640,10116
10928.742,5641,10116
10930.247,5642,10116
10936.274,5643,10116
10938.596,5644,10116
10939.182,5645,10116
10969.6,5646,10116
10969.943,5647,10116
10970.25,5648,10116
10970.262,5649,10116
10971.633,5650,10116
10978.071,5651,10117
10984.026,5652,10118
10993.364,5653,10118
10995.104,5654,10118
11001.119,5655,10119
11005.141,5656,10119
11006.661,5657,10119
11006.758,5658,10119
11008.92,5659,10119
11010.567,5660,10119
11010.85,5661,10119
11014.102,5662,10121
11014.617,5663,10121
11017.356,5664,10121
11020.273,5665,10121
11020.452,5666,10121
11020.771,5667,10121
11022.051,5668,10121
11022.656,5669,10121
11022.843,5670,10121
11023.516,5671,10121
11024.563,5672,10121
11024.576,5673,10121
11024.706,5674,10121
11025.867,5675,10121
11026.051,5676,10121
11026.887,5677,10121
11027.089,5678,10121
11027.209,5679,10121
11027.34,5680,10121
11028.568,5681,10121
11029.983,5682,10121
11033.112,5683,10121
11038.117,5684,10121
11040.974,5685,10121
11042.603,5686,10121
11053.18,5687,10121
11054.478,5688,10122
11054.856,5689,10122
11055.441,5690,10122
11056.286,5691,10123
11059.226,5692,10123
11060.103,5693,10123
11061.128,5694,10124
11064.353,5695,10125
11065.239,5696,10126
11069.203,5697,10126
11069.639,5698,10127
11087.856,5699,10127
11089.638,5700,10127
11089.977,5701,10128
11090.847,5702,10128
11093.416,5703,10128
11093.766,5704,10129
11100.871,5705,10129
11101.332,5706,10129
11101.37,5707,10129
11101.594,5708,10129
11101.814,5709,10129
11101.975,5710,10129
11103.136,5711,10129
11103.872,5712,10129
11112.654,5713,10129
11115.395,5714,10129
11119.457,5715,10129
11123.984,5716,10129
11124.794,5717,10129
11124.813,5718,10130
11124.954,5719,10131
11125.654,5720,10132
11128.811,5721,10133
11130.907,5722,10134
11131.408,5723,10134
11133.655,5724,10134
11138.767,5725,10134
11139.992,5726,10134
11143.154,5727,10135
11159.259,5728,10135
11159.993,5729,10136
11160.009,5730,10136
11161.083,5731,10137
11161.176,5732,10138
11164.262,5733,10138
11165.53,5734,10138
11167.218,5735,10138
11170.099,5736,10138
11172.199,5737,10139
11175.101,5738,10139
11191.296,5739,10139
11191.758,5740,10139
11201.187,5741,10139
11203.318,5742,10139
11211.215,5743,10139
11219.066,5744,10139
11220.876,5745,10139
11221.425,5746,10139
11222.263,5747,10139
11223.808,5748,10140
11224.965,5749,10140
11225.108,5750,10140
11226.762,5751,10140
11227.878,5752,10140
11233.217,5753,10140
11233.818,5754,10140
11233.893,5755,10140
11235.432,5756,10140
11236.895,5757,10140
11238.306,5758,10140
11244.957,5759,10141
11246.476,5760,10141
11259.506,5761,10141
11259.518,5762,10141
11260.414,5763,10141
11260.794,5764,10141
11263.338,5765,10141
11269.064,5766,10141
11270.258,5767,10141
11275.173,5768,10141
11276.247,5769,10141
11280.954,5770,10141
11312.402,5771,10142
11312.697,5772,10142
11316.798,5773,10142
11317.707,5774,10143
11318.154,5775,10143
11320.191,5776,10143
11320.411,5777,10144
11323.808,5778,10144
11325.098,5779,10144
11329.21,5780,10146
11348.863,5781,10146
11354.794,5782,10146
11354.962,5783,10146
11354.983,5784,10148
11355.088,5785,10148
11356.504,5786,10148
11356.772,5787,10148
11357.028,5788,10148
11357.112,5789,10148
11357.31,5790,10148
11357.447,5791,10148
11357.804,5792,10148
11358.593,5793,10148
11359.815,5794,10148
11360.721,5795,10148
11361.983,5796,10150
11364.957,5797,10150
11367.33,5798,10150
11370.518,5799,10150
11370.634,5800,10150
11370.715,5801,10150
11376.495,5802,10150
11377.006,5803,10150
11378.324,5804,10150
11390.133,5805,10150
11391.836,5806,10150
11394.783,5807,10150
11394.814,5808,10150
11399.748,5809,10150
11399.774,5810,10150
11399.877,5811,10150
11399.903,5812,10150
11399.978,5813,10150
11400.343,5814,10150
11400.388,5815,10150
11400.506,5816,10150
11400.739,5817,10150
11401.079,5818,10150
11402.574,5819,10150
11406.481,5820,10150
11416.279,5821,10150
11417.446,5822,10150
11427.079,5823,10150
11435.029,5824,10150
11435.547,5825,10150
11443.427,5826,10150
11461.379,5827,10150
11464.667,5828,10150
11478.603,5829,10150
11485.434,5830,10151
11485.657,5831,10152
11485.839,5832,10153
11489.687,5833,10153
11490.296,5834,10155
11491.435,5835,10155
11497.209,5836,10156
11497.746,5837,10156
11498.943,5838,10156
11498.956,5839,10156
11506.611,5840,10156
11508.107,5841,10157
11514.724,5842,10157
11516.984,5843,10157
11521.003,5844,10157
11526.1,5845,10157
11535.121,5846,10157
11541.351,5847,10157
11554.515,5848,10157
11556.101,5849,10157
11558.537,5850,10159
11559.455,5851,10159
11560.691,5852,10159
11566.203,5853,10159
11568.082,5854,10160
11569.769,5855,10160
11585.409,5856,10160
11588.163,5857,10160
11588.497,5858,10160
11590.856,5859,10160
11591.201,5860,10160
11601.415,5861,10163
11603.407,5862,10163
11604.307,5863,10165
11604.319,5864,10166
11604.335,5865,10168
11604.359,5866,10168
11604.549,5867,10168
11604.65,5868,10174
11604.722,5869,10177
11605.186,5870,10177
11605.313,5871,10178
11605.72,5872,10179
11605.782,5873,10181
11606.026,5874,10182
11606.1,5875,10185
11606.391,5876,10195
11606.728,5877,10195
11607.193,5878,10195
11607.393,5879,10195
11608.573,5880,10195
11608.677,5881,10196
11608.898,5882,10197
11609.958,5883,10199
11610.209,5884,10201
11611.887,5885,10202
11612.09,5886,10203
11612.357,5887,10203
11613.065,5888,10203
11613.304,5889,10204
11613.336,5890,10205
11613.784,5891,10205
11613.839,5892,10205
11614.671,5893,10206
11615.116,5894,10208
11615.865,5895,10211
11617.12,5896,10213
11618.379,5897,10214
11618.551,5898,10215
11619.993,5899,10215
11623.26,5900,10221
11625.835,5901,10222
11627.0,5902,10234
11628.389,5903,10235
11628.857,5904,10236
11632.822,5905,10239
11633.82,5906,10239
11633.856,5907,10240
11644.283,5908,10240
11644.824,5909,10240
11645.918,5910,10240
11647.519,5911,10241
11651.612,5912,10241
11655.849,5913,10241
11657.295,5914,10241
11674.774,5915,10241
11675.026,5916,10241
11676.753,5917,10241
11677.311,5918,10241
11677.501,5919,10242
11678.235,5920,10242
11679.019,5921,10243
11679.248,5922,10243
11680.113,5923,10243
11680.407,5924,10243
11680.64,5925,10243
11681.441,5926,10243
11681.935,5927,10243
11683.34,5928,10243
11683.404,5929,10243
11683.58,5930,10243
11683.658,5931,10244
11684.872,5932,10248
11685.65,5933,10248
11685.937,5934,10248
11686.195,5935,10248
11686.761,5936,10250
11687.166,5937,10250
11687.757,5938,10250
11688.692,5939,10252
11688.849,5940,10252
11689.99,5941,10253
11690.759,5942,10254
11692.36,5943,10255
11693.852,5944,10255
11695.168,5945,10256
11695.428,5946,10257
11695.533,5947,10259
11697.17,5948,10259
11699.22,5949,10261
11701.051,5950,10263
11721.031,5951,10263
11722.073,5952,10263
11722.103,5953,10263
11722.399,5954,10264
11722.515,5955,10266
11722.95,5956,10266
11723.308,5957,10266
11723.52,5958,10266
11723.542,5959,10266
11723.581,5960,10266
11724.801,5961,10266
11725.168,5962,10266
11726.114,5963,10266
11727.879,5964,10266
11728.028,5965,10266
11728.238,5966,10270
11730.213,5967,10270
11733.901,5968,10271
11736.978,5969,10272
11737.046,5970,10273
11737.227,5971,10273
11738.98,5972,10273
11739.009,5973,10274
11739.83,5974,10274
11743.675,5975,10274
11743.933,5976,10274
11744.101,5977,10274
11753.953,5978,10276
11753.969,5979,10276
11757.564,5980,10276
11758.448,5981,10276
11758.624,5982,10276
11763.728,5983,10279
11763.99,5984,10280
11767.521,5985,10280
11769.443,5986,10280
11790.063,5987,10280
11790.785,5988,10280
11791.184,5989,10280
11795.998,5990,10280
11797.482,5991,10280
11798.233,5992,10280
11798.748,5993,10280
11799.668,5994,10281
11801.646,5995,10282
11811.446,5996,10284
11815.73,5997,10285
11820.783,5998,10285
11821.138,5999,10285
11821.426,6000,10285
11826.254,6001,10288
11826.597,6002,10289
11826.868,6003,10289
11827.231,6004,10289
11827.657,6005,10290
11827.922,6006,10291
11828.521,6007,10291
11831.665,6008,10292
11831.967,6009,10292
11832.591,6010,10292
11833.895,6011,10294
11834.14,6012,10294
11834.253,6013,10294
11836.1,6014,10295
11837.661,6015,10295
11838.105,6016,10295
11839.092,6017,10295
11840.441,6018,10295
11841.169,6019,10296
11841.193,6020,10298
11842.908,6021,10298
11844.039,6022,10298
11846.022,6023,10298
11853.608,6024,10298
11853.711,6025,10298
11853.827,6026,10298
11854.06,6027,10298
11854.079,6028,10298
11854.105,6029,10298
11854.155,6030,10298
11854.169,6031,10298
11854.198,6032,10298
11854.26,6033,10298
11854.527,6034,10298
11854.811,6035,10298
11854.885,6036,10298
11855.225,6037,10299
11855.242,6038,10299
11856.129,6039,10299
11856.285,6040,10299
11857.986,6041,10299
11858.19,6042,10299
11860.385,6043,10299
11866.83,6044,10299
11878.316,6045,10299
11879.934,6046,10300
11880.537,6047,10301
11880.645,6048,10302
11881.871,6049,10303
11881.983,6050,10303
11883.042,6051,10304
11883.601,6052,10305
11885.141,6053,10306
11885.196,6054,10307
11886.934,6055,10309
11887.18,6056,10310
11893.156,6057,10311
11893.494,6058,10312
11897.151,6059,10314
11900.46,6060,10315
11906.432,6061,10315
11912.581,6062,10315
11912.608,6063,10315
11912.769,6064,10315
11913.06,6065,10315
11913.073,6066,10315
11913.799,6067,10315
11914.479,6068,10315
11915.245,6069,10315
11919.767,6070,10315
11921.27,6071,10315
11923.508,6072,10315
11926.403,6073,10315
11929.666,6074,10315
11931.922,6075,10315
11932.175,6076,10315
11933.794,6077,10315
11934.983,6078,10315
11936.24,6079,10315
11943.731,6080,10315
11944.438,6081,10315
11944.959,6082,10315
11946.012,6083,10316
11955.778,6084,10316
11955.797,6085,10322
11957.011,6086,10322
11962.266,6087,10322
11962.358,6088,10322
11964.004,6089,10322
11964.658,6090,10322
11966.442,6091,10322
11968.107,6092,10324
11968.278,6093,10324
11970.247,6094,10324
11970.556,6095,10324
11971.638,6096,10324
11972.645,6097,10325
11987.722,6098,10325
11997.061,6099,10325
11997.964,6100,10325
11999.432,6101,10326
12002.542,6102,10327
12002.902,6103,10327
12007.066,6104,10327
12013.152,6105,10327
12018.231,6106,10327
12018.877,6107,10327
12022.906,6108,10327
12024.206,6109,10327
12024.345,6110,10327
12025.254,6111,10327
12026.067,6112,10327
12026.74,6113,10327
12028.943,6114,10327
12032.909,6115,10327
12055.429,6116,10328
12055.449,6117,10328
12055.756,6118,10328
12056.985,6119,10328
12057.6,6120,10335
12059.53,6121,10335
12061.807,6122,10335
12069.779,6123,10335
12069.899,6124,10335
12069.951,6125,10335
12070.757,6126,10336
12072.531,6127,10336
12073.541,6128,10337
12075.734,6129,10337
12076.003,6130,10337
12077.262,6131,10338
12078.672,6132,10338
12081.656,6133,10338
12081.898,6134,10338
12085.055,6135,10338
12086.752,6136,10338
12088.167,6137,10338
12088.434,6138,10338
12088.739,6139,10338
12089.358,6140,10341
12095.128,6141,10341
12098.002,6142,10341
12098.197,6143,10341
12098.287,6144,10341
12098.796,6145,10341
12100.748,6146,10341
12104.471,6147,10341
12120.057,6148,10341
12121.577,6149,10342
12125.267,6150,10342
12126.377,6151,10342
12130.546,6152,10342
12130.639,6153,10342
12133.221,6154,10342
12134.416,6155,10342
12137.143,6156,10343
12137.334,6157,10343
12138.242,6158,10343
12140.99,6159,10343
12143.6,6160,10343
12165.905,6161,10343
12167.434,6162,10343
12167.645,6163,10343
12167.725,6164,10343
12167.886,6165,10343
12168.046,6166,10343
12168.208,6167,10344
12181.451,6168,10344
12188.024,6169,10344
12188.44,6170,10345
12190.945,6171,10347
12198.381,6172,10347
12202.997,6173,10349
12206.259,6174,10349
12207.004,6175,10349
12208.022,6176,10350
12209.811,6177,10350
12218.414,6178,10350
12220.778,6179,10350
12221.812,6180,10350
12222.587,6181,10350
12222.921,6182,10350
12224.578,6183,10351
12224.8,6184,10351
12229.073,6185,10351
12233.206,6186,10351
12233.447,6187,10351
12234.789,6188,10352
12242.605,6189,10352
12254.206,6190,10352
12256.724,6191,10352
12257.686,6192,10352
12275.022,6193,10352
12276.56,6194,10352
12284.481,6195,10352
12287.059,6196,10352
12287.548,6197,10353
12289.215,6198,10353
12289.987,6199,10353
12292.881,6200,10354
12295.632,6201,10354
12302.269,6202,10358
12303.226,6203,10358
12304.195,6204,10361
12305.609,6205,10362
12307.164,6206,10368
12308.844,6207,10368
12310.781,6208,10368
12310.949,6209,10368
12311.364,6210,10368
12311.927,6211,10368
12314.318,6212,10368
12315.527,6213,10368
12315.794,6214,10368
12317.445,6215,10370
12319.472,6216,10370
12319.657,6217,10370
12322.263,6218,10370
12327.902,6219,10370
12330.138,6220,10370
12343.482,6221,10370
12343.634,6222,10370
12344.943,6223,10370
12346.384,6224,10370
12350.013,6225,10370
12362.182,6226,10370
12379.217,6227,10371
12381.057,6228,10371
12381.241,6229,10371
12381.464,6230,10371
12388.804,6231,10371
12388.973,6232,10371
12389.528,6233,10371
12390.005,6234,10371
12394.242,6235,10371
12396.798,6236,10371
12400.247,6237,10372
12412.328,6238,10372
12415.895,6239,10372
12417.71,6240,10373
12418.182,6241,10373
12418.483,6242,10373
12419.474,6243,10373
12421.162,6244,10373
12422.195,6245,10373
12424.443,6246,10373
12427.294,6247,10373
12427.819,6248,10373
12430.688,6249,10373
12434.694,6250,10373
12448.176,6251,10374
12448.225,6252,10375
12451.92,6253,10376
12452.716,6254,10378
12455.159,6255,10378
12456.77,6256,10378
12457.899,6257,10378
12458.261,6258,10378
12460.651,6259,10378
12461.24,6260,10378
12466.801,6261,10378
12466.975,6262,10378
12475.362,6263,10380
12475.526,6264,10380
12475.738,6265,10380
12476.074,6266,10380
12479.049,6267,10380
12482.868,6268,10380
12483.983,6269,10380
12484.789,6270,10380
12485.056,6271,10380
12485.131,6272,10380
12488.142,6273,10380
12492.991,6274,10380
12493.295,6275,10380
12494.002,6276,10380
12499.355,6277,10381
12506.535,6278,10381
12507.441,6279,10381
12508.053,6280,10381
12508.894,6281,10381
12509.019,6282,10381
12511.069,6283,10381
12511.24,6284,10381
12511.459,6285,10381
12511.822,6286,10381
12512.695,6287,10381
12513.927,6288,10381
12521.503,6289,10381
12528.229,6290,10381
12529.098,6291,10381
12533.504,6292,10381
12542.615,6293,10381
12545.235,6294,10381
12545.499,6295,10381
12547.763,6296,10381
12548.228,6297,10381
12548.968,6298,10381
12550.722,6299,10381
12551.676,6300,10381
12552.198,6301,10381
12552.228,6302,10381
12553.405,6303,10381
12555.532,6304,10381
12557.069,6305,10382
12560.027,6306,10382
12562.439,6307,10382
12564.086,6308,10382
12565.437,6309,10382
12565.908,6310,10382
12568.77,6311,10382
12569.827,6312,10382
12578.986,6313,10382
12579.472,6314,10382
12581.717,6315,10382
12581.994,6316,10382
12585.081,6317,10383
12585.266,6318,10385
12585.7,6319,10385
12586.043,6320,10385
12589.721,6321,10392
12592.517,6322,10394
12594.109,6323,10394
12595.876,6324,10395
12596.007,6325,10396
12596.845,6326,10397
12600.397,6327,10397
12600.585,6328,10397
12616.729,6329,10398
12622.171,6330,10398
12622.205,6331,10398
12625.166,6332,10398
12629.317,6333,10398
12630.299,6334,10398
12643.95,6335,10398
12646.973,6336,10398
12648.672,6337,10399
12650.129,6338,10399
12651.235,6339,10399
12652.365,6340,10399
12663.591,6341,10399
12663.636,6342,10399
12663.676,6343,10399
12664.18,6344,10399
12665.569,6345,10399
12665.728,6346,10399
12665.877,6347,10399
12665.991,6348,10399
12666.741,6349,10399
12667.011,6350,10399
12670.346,6351,10399
12672.303,6352,10399
12672.769,6353,10399
12676.801,6354,10399
12677.124,6355,10399
12688.271,6356,10399
12688.554,6357,10399
12689.473,6358,10400
12689.765,6359,10400
12689.98,6360,10400
12690.063,6361,10406
12691.774,6362,10406
12693.192,6363,10406
12693.761,6364,10406
12700.639,6365,10407
12703.447,6366,10407
12711.079,6367,10407
12711.657,6368,10408
12712.018,6369,10408
12714.702,6370,10408
12715.658,6371,10408
12738.851,6372,10408
12747.783,6373,10408
12749.599,6374,10408
12752.229,6375,10408
12752.858,6376,10408
12753.082,6377,10408
12757.314,6378,10409
12757.361,6379,10409
12758.822,6380,10409
12771.724,6381,10414
12776.135,6382,10415
12778.137,6383,10415
12779.022,6384,10421
12779.117,6385,10421
12780.564,6386,10421
12782.103,6387,10422
12792.791,6388,10423
12800.721,6389,10423
12802.043,6390,10423
12802.922,6391,10423
12805.743,6392,10424
12805.766,6393,10426
12808.448,6394,10426
12810.592,6395,10429
12819.625,6396,10429
12835.042,6397,10429
12836.851,6398,10429
12837.123,6399,10429
12841.661,6400,10430
12841.879,6401,10432
12842.422,6402,10432
12843.413,6403,10432
12843.961,6404,10436
12844.215,6405,10436
12845.183,6406,10438
12846.098,6407,10438
12846.178,6408,10438
12846.253,6409,10439
12848.625,6410,10439
12849.882,6411,10439
12854.983,6412,10439
12866.547,6413,10439
12869.891,6414,10439
12871.351,6415,10444
12872.622,6416,10444
12874.755,6417,10444
12877.265,6418,10445
12877.283,6419,10445
12877.637,6420,10447
12877.655,6421,10447
12878.153,6422,10447
12878.355,6423,10447
12878.908,6424,10447
12878.966,6425,10447
12880.114,6426,10447
12881.314,6427,10448
12885.269,6428,10448
12887.049,6429,10448
12888.89,6430,10448
12891.829,6431,10448
12902.849,6432,10448
12903.036,6433,10448
12903.055,6434,10448
12903.663,6435,10448
12904.132,6436,10448
12928.513,6437,10448
12930.102,6438,10448
12931.94,6439,10448
12934.606,6440,10448
12936.719,6441,10448
12937.649,6442,10450
12938.953,6443,10450
12943.777,6444,10450
12944.72,6445,10450
12947.073,6446,10450
12947.558,6447,10450
12955.35,6448,10450
12962.561,6449,10450
12972.062,6450,10450
12972.591,6451,10451
12975.784,6452,10454
12977.875,6453,10454
12978.944,6454,10455
12979.666,6455,10455
12981.215,6456,10455
12982.597,6457,10457
12982.663,6458,10457
12987.777,6459,10457
12988.12,6460,10458
12999.159,6461,10458
13002.317,6462,10458
13003.686,6463,10458
13006.361,6464,10458
13007.617,6465,10458
13008.978,6466,10459
13009.153,6467,10459
13009.342,6468,10460
13010.062,6469,10460
13010.325,6470,10461
13010.342,6471,10461
13010.686,6472,10462
13012.268,6473,10464
13012.851,6474,10464
13036.443,6475,10464
13036.713,6476,10465
13038.741,6477,10465
13046.957,6478,10466
13049.114,6479,10466
13049.558,6480,10466
13051.771,6481,10466
13053.135,6482,10466
13058.227,6483,10467
13061.642,6484,10467
13062.039,6485,10468
13062.634,6486,10468
13063.327,6487,10468
13063.671,6488,10468
13063.972,6489,10468
13065.498,6490,10468
13066.274,6491,10470
13069.699,6492,10471
13071.864,6493,10472
13072.861,6494,10472
13073.283,6495,10473
13073.471,6496,10474
13073.581,6497,10476
13073.947,6498,10477
13075.006,6499,10477
13076.937,6500,10477
13078.05,6501,10477
13078.144,6502,10477
13082.539,6503,10478
13087.422,6504,10478
13092.059,6505,10479
13119.05,6506,10479
13128.578,6507,10479
13130.739,6508,10479
13134.981,6509,10479
13136.484,6510,10479
13137.046,6511,10479
13139.519,6512,10479
13139.683,6513,10479
13139.999,6514,10479
13141.0,6515,10479
13141.276,6516,10479
13143.835,6517,10479
13146.183,6518,10479
13150.936,6519,10479
13161.9,6520,10479
13171.53,6521,10479
13171.83,6522,10479
13172.03,6523,10479
13173.506,6524,10479
13174.677,6525,10479
13179.898,6526,10479
13182.77,6527,10479
13185.385,6528,10479
13186.502,6529,10479
13187.379,6530,10479
13189.012,6531,10480
13189.138,6532,10480
13189.204,6533,10480
13191.458,6534,10480
13193.215,6535,10480
13194.99,6536,10480
13195.855,6537,10481
13196.296,6538,10482
13198.428,6539,10484
13206.184,6540,10484
13207.148,6541,10486
13209.697,6542,10486
13214.116,6543,10488
13214.486,6544,10488
13218.873,6545,10488
13220.052,6546,10488
13222.673,6547,10488
13227.677,6548,10488
13243.174,6549,10488
13243.222,6550,10488
13243.302,6551,10488
13254.427,6552,10488
13263.608,6553,10488
13272.289,6554,10488
13305.088,6555,10488
13305.354,6556,10488
13308.644,6557,10488
13337.781,6558,10488
13337.837,6559,10488
13341.165,6560,10488
13346.386,6561,10488
13347.487,6562,10489
13351.135,6563,10489
13351.707,6564,10489
13352.294,6565,10489
13357.052,6566,10489
13357.566,6567,10489
13358.064,6568,10489
13366.69,6569,10492
13366.779,6570,10492
13367.083,6571,10492
13369.301,6572,10492
13369.591,6573,10492
13370.97,6574,10492
13371.869,6575,10492
13375.111,6576,10492
13375.445,6577,10492
13377.596,6578,10492
13377.626,6579,10492
13377.639,6580,10492
13379.124,6581,10492
13384.422,6582,10492
13392.829,6583,10493
13394.446,6584,10493
13402.566,6585,10493
13402.854,6586,10493
13404.605,6587,10493
13407.039,6588,10493
13415.554,6589,10495
13416.208,6590,10495
13417.857,6591,10495
13421.341,6592,10495
13423.257,6593,10495
13444.128,6594,10496
13444.149,6595,10496
13446.368,6596,10496
13448.773,6597,10496
13449.01,6598,10496
13454.737,6599,10496
13460.88,6600,10496
13472.529,6601,10498
13489.697,6602,10498
13495.448,6603,10499
13495.536,6604,10499
13502.943,6605,10499
13506.919,6606,10499
13508.143,6607,10499
13511.144,6608,10499
13511.438,6609,10499
13514.761,6610,10499
13515.373,6611,10499
13515.853,6612,10499
13517.113,6613,10499
13518.65,6614,10499
13520.172,6615,10499
13524.524,6616,10499
13525.219,6617,10499
13526.092,6618,10499
13529.633,6619,10499
13542.734,6620,10499
13551.444,6621,10500
13551.466,6622,10501
13554.776,6623,10502
13556.443,6624,10504
13557.477,6625,10504
13561.763,6626,10504
13563.488,6627,10504
13563.857,6628,10504
13565.299,6629,10504
13570.277,6630,10504
13578.573,6631,10505
13580.075,6632,10505
13614.205,6633,10505
13614.321,6634,10505
13614.534,6635,10505
13615.201,6636,10505
13615.297,6637,10505
13617.796,6638,10506
13619.283,6639,10506
13620.485,6640,10506
13621.326,6641,10506
13625.818,6642,10506
13627.207,6643,10506
13628.535,6644,10506
13630.501,6645,10506
13664.024,6646,10508
13665.991,6647,10508
13672.129,6648,10508
13673.453,6649,10508
13678.029,6650,10508
13679.744,6651,10508
13682.589,6652,10510
13698.177,6653,10510
13701.761,6654,10510
13723.04,6655,10510
13727.02,6656,10510
13727.616,6657,10510
13727.648,6658,10510
13731.065,6659,10510
13733.678,6660,10510
13735.866,6661,10510
13740.906,6662,10510
13742.537,6663,10511
13746.908,6664,10511
13772.246,6665,10511
13772.27,6666,10511
13774.209,6667,10512
13780.854,6668,10512
13782.993,6669,10512
13783.707,6670,10512
13786.1,6671,10512
13788.646,6672,10512
13792.566,6673,10512
13802.042,6674,10512
13806.749,6675,10512
13808.834,6676,10512
13808.972,6677,10512
13810.601,6678,10512
13811.638,6679,10512
13813.203,6680,10512
13813.683,6681,10512
13815.207,6682,10512
13817.303,6683,10512
13819.692,6684,10512
13821.376,6685,10512
13823.117,6686,10512
13824.878,6687,10512
13827.401,6688,10512
13830.139,6689,10513
13835.03,6690,10513
13835.515,6691,10513
13846.521,6692,10514
13846.648,6693,10515
13846.679,6694,10515
13848.328,6695,10516
13848.494,6696,10516
13850.226,6697,10516
13852.626,6698,10516
13857.893,6699,10516
13862.213,6700,10516
13870.503,6701,10516
13877.7,6702,10516
13877.744,6703,10516
13877.786,6704,10516
13878.407,6705,10516
13881.111,6706,10516
13883.443,6707,10516
13884.538,6708,10516
13884.788,6709,10516
13884.935,6710,10516
13885.502,6711,10516
13888.297,6712,10516
13892.654,6713,10516
13893.421,6714,10516
13894.896,6715,10516
13912.306,6716,10517
13920.289,6717,10517
13921.328,6718,10517
13932.454,6719,10517
13934.085,6720,10518
13937.196,6721,10518
13943.659,6722,10518
13948.51,6723,10518
13949.637,6724,10518
13956.448,6725,10518
13976.214,6726,10518
13978.807,6727,10518
13982.592,6728,10518
13990.399,6729,10519
13995.825,6730,10519
14003.202,6731,10520
14024.661,6732,10521
14024.763,6733,10521
14025.045,6734,10522
14025.22,6735,10522
14025.274,6736,10522
14026.312,6737,10522
14027.083,6738,10523
14027.685,6739,10523
14028.014,6740,10524
14029.459,6741,10528
14031.584,6742,10529
14035.264,6743,10530
14036.936,6744,10530
14038.942,6745,10530
14040.904,6746,10531
14042.068,6747,10531
14042.581,6748,10531
14046.428,6749,10531
14054.384,6750,10531
14054.724,6751,10531
14055.683,6752,10531
14055.741,6753,10531
14058.819,6754,10531
14061.646,6755,10531
14063.157,6756,10531
14063.508,6757,10531
14068.2,6758,10531
14076.658,6759,10531
14082.005,6760,10531
14087.436,6761,10531
14091.829,6762,10531
14091.91,6763,10532
14091.959,6764,10533
14096.873,6765,10533
14103.013,6766,10533
14112.728,6767,10534
14113.311,6768,10534
14114.92,6769,10534
14120.476,6770,10534
14123.278,6771,10534
14124.172,6772,10534
14127.898,6773,10534
14128.449,6774,10534
14148.298,6775,10534
14150.613,6776,10534
14160.215,6777,10534
14163.219,6778,10534
14170.885,6779,10534
14177.875,6780,10534
14180.077,6781,10534
14193.172,6782,10534
14193.608,6783,10534
14255.137,6784,10534
14256.851,6785,10534
14260.125,6786,10535
14273.766,6787,10535
14325.169,6788,10535
14366.392,6789,10535
14366.508,6790,10535
14376.428,6791,10535
14384.178,6792,10535
14401.629,6793,10535
14404.867,6794,10536
14406.513,6795,10536
14406.557,6796,10536
14407.387,6797,10536
14410.056,6798,10536
14418.653,6799,10536
14425.102,6800,10536
14427.002,6801,10536
14433.511,6802,10536
14434.56,6803,10536
14434.886,6804,10536
14435.165,6805,10536
14437.994,6806,10536
14438.039,6807,10537
14441.608,6808,10538
14443.503,6809,10538
14443.695,6810,10538
14445.287,6811,10538
14457.343,6812,10538
14457.678,6813,10538
14474.753,6814,10538
14507.074,6815,10538
14509.154,6816,10538
14546.183,6817,10538
14549.21,6818,10538
14565.204,6819,10538
14595.529,6820,10538
14595.891,6821,10538
14613.718,6822,10538
14614.03,6823,10538
14614.257,6824,10538
14616.421,6825,10538
14639.599,6826,10538
14649.442,6827,10538
14651.619,6828,10539
14651.676,6829,10551
14652.103,6830,10552
14652.527,6831,10553
14654.931,6832,10553
14656.939,6833,10554
14657.096,6834,10555
14657.771,6835,10555
14658.75,6836,10556
14662.226,6837,10557
14665.068,6838,10558
14665.68,6839,10558
14670.149,6840,10558
14680.689,6841,10558
14709.996,6842,10560
14721.376,6843,10560
14727.369,6844,10560
14729.002,6845,10560
14730.422,6846,10560
14733.08,6847,10560
14733.116,6848,10560
14733.607,6849,10561
14736.485,6850,10572
14743.652,6851,10574
14757.941,6852,10574
14761.74,6853,10574
14762.677,6854,10574
14774.801,6855,10574
14846.023,6856,10575
14847.995,6857,10576
14849.547,6858,10576
14849.951,6859,10576
14855.426,6860,10576
14872.067,6861,10576
14911.409,6862,10577
14912.063,6863,10578
14912.828,6864,10578
14926.977,6865,10578
14928.095,6866,10578
14938.581,6867,10578
14939.065,6868,10578
14950.15,6869,10578
14950.844,6870,10578
14960.807,6871,10578
14961.481,6872,10578
14963.449,6873,10578
14970.843,6874,10578
14971.197,6875,10578
14971.706,6876,10578
14973.429,6877,10578
14979.535,6878,10578
14980.035,6879,10578
14982.531,6880,10579
14988.65,6881,10580
14989.394,6882,10581
14989.997,6883,10581
14995.639,6884,10581
14996.371,6885,10581
15016.563,6886,10581
15018.39,6887,10581
15023.002,6888,10581
15031.936,6889,10581
15040.264,6890,10581
15055.49,6891,10582
15082.17,6892,10582
15082.429,6893,10582
15087.322,6894,10582
15087.994,6895,10582
15159.074,6896,10582
15161.021,6897,10582
15161.968,6898,10582
15174.855,6899,10583
15197.171,6900,10583
15198.918,6901,10583
15206.09,6902,10583
15219.558,6903,10583
15219.585,6904,10583
15220.816,6905,10583
15220.831,6906,10583
15221.427,6907,10584
15221.707,6908,10587
15222.327,6909,10587
15224.261,6910,10588
15230.425,6911,10588
15230.542,6912,10589
15235.396,6913,10590
15260.544,6914,10590
15262.199,6915,10591
15262.308,6916,10591
15264.094,6917,10591
15272.399,6918,10594
15289.807,6919,10594
15292.102,6920,10594
15311.78,6921,10594
15322.663,6922,10594
15363.131,6923,10594
15363.824,6924,10594
15381.325,6925,10594
15382.853,6926,10594
15384.04,6927,10594
15385.119,6928,10595
15393.981,6929,10595
15399.531,6930,10595
15426.061,6931,10595
15429.007,6932,10595
15452.439,6933,10595
15457.013,6934,10595
15488.024,6935,10598
15531.764,6936,10599
15535.25,6937,10599
15536.245,6938,10599
15536.532,6939,10601
15544.128,6940,10601
15550.147,6941,10601
15550.331,6942,10601
15553.959,6943,10601
15577.272,6944,10601
15591.032,6945,10601
15598.482,6946,10601
15616.097,6947,10601
15634.855,6948,10601
15634.931,6949,10601
15635.118,6950,10601
15639.084,6951,10601
15641.438,6952,10601
15642.824,6953,10601
15643.935,6954,10601
15655.208,6955,10602
15667.032,6956,10602
15670.436,6957,10602
15684.238,6958,10602
15685.626,6959,10602
15709.871,6960,10603
15712.196,6961,10603
15712.243,6962,10604
15783.315,6963,10604
15785.798,6964,10604
15786.763,6965,10604
15788.411,6966,10604
15790.958,6967,10604
15792.213,6968,10604
15797.028,6969,10605
15799.526,6970,10605
15810.283,6971,10605
15810.478,6972,10605
15810.878,6973,10606
15812.227,6974,10606
15821.071,6975,10606
15835.113,6976,10606
15852.073,6977,10606
15852.268,6978,10606
15852.79,6979,10606
15870.15,6980,10606
15870.725,6981,10606
15870.758,6982,10606
15870.944,6983,10606
15872.523,6984,10606
15874.184,6985,10606
15876.115,6986,10606
15881.478,6987,10606
15898.488,6988,10606
15915.888,6989,10606
15917.157,6990,10607
15918.124,6991,10608
15927.719,6992,10608
15932.496,6993,10609
15932.71,6994,10609
15939.853,6995,10609
15940.022,6996,10609
15955.935,6997,10609
15956.103,6998,10609
15956.478,6999,10609
15960.99,7000,10609
15965.036,7001,10609
15966.677,7002,10609
15973.354,7003,10609
15973.394,7004,10609
15978.249,7005,10609
15984.89,7006,10609
16033.261,7007,10609
16064.306,7008,10609
16066.449,7009,10609
16066.554,7010,10609
16067.294,7011,10609
16076.456,7012,10609
16083.254,7013,10610
16083.45,7014,10610
16090.899,7015,10610
16091.256,7016,10611
16091.777,7017,10611
16093.274,7018,10612
16093.679,7019,10612
16097.86,7020,10619
16101.015,7021,10619
16105.092,7022,10619
16111.777,7023,10619
16123.743,7024,10619
16139.459,7025,10619
16139.665,7026,10619
16180.928,7027,10619
16198.478,7028,10619
16199.56,7029,10619
16199.878,7030,10619
16210.268,7031,10619
16215.063,7032,10619
16215.619,7033,10619
16215.891,7034,10621
16229.97,7035,10622
16244.495,7036,10622
16245.204,7037,10622
16245.48,7038,10622
16245.616,7039,10622
16249.829,7040,10622
16251.22,7041,10623
16254.211,7042,10623
16259.196,7043,10623
16260.624,7044,10623
16274.981,7045,10623
16280.553,7046,10623
16281.909,7047,10623
16300.397,7048,10623
16309.576,7049,10623
16334.013,7050,10623
16334.798,7051,10623
16355.003,7052,10623
16355.119,7053,10623
16358.656,7054,10623
16359.112,7055,10623
16366.867,7056,10623
16367.718,7057,10623
16375.31,7058,10628
16375.683,7059,10629
16377.332,7060,10629
16377.741,7061,10629
16378.964,7062,10629
16385.143,7063,10633
16400.751,7064,10633
16400.9,7065,10633
16403.121,7066,10633
16406.214,7067,10633
16409.946,7068,10633
16413.077,7069,10633
16413.101,7070,10633
16423.102,7071,10633
16427.175,7072,10633
16428.703,7073,10633
16442.129,7074,10633
16442.215,7075,10633
16442.37,7076,10633
16442.614,7077,10633
16443.093,7078,10633
16460.667,7079,10633
16468.384,7080,10633
16481.452,7081,10633
16528.62,7082,10633
16528.656,7083,10633
16528.695,7084,10633
16529.283,7085,10633
16530.69,7086,10633
16542.067,7087,10633
16542.31,7088,10633
16555.879,7089,10633
16556.798,7090,10633
16576.504,7091,10633
16593.933,7092,10634
16598.216,7093,10634
16628.853,7094,10634
16645.537,7095,10634
16669.181,7096,10634
16723.531,7097,10634
16723.762,7098,10634
16723.993,7099,10635
16724.265,7100,10636
16724.921,7101,10636
16725.534,7102,10636
16730.934,7103,10636
16732.164,7104,10637
16746.802,7105,10637
16759.332,7106,10638
16759.858,7107,10638
16762.204,7108,10638
16763.17,7109,10639
16764.476,7110,10640
16780.738,7111,10640
16781.365,7112,10640
16820.777,7113,10641
16824.964,7114,10641
16826.288,7115,10641
16828.392,7116,10641
16832.764,7117,10641
16834.103,7118,10641
16834.173,7119,10641
16854.227,7120,10641
16855.569,7121,10641
16861.422,7122,10641
16862.754,7123,10641
16884.684,7124,10642
16884.733,7125,10642
16884.913,7126,10642
16886.173,7127,10642
16889.688,7128,10642
16893.048,7129,10642
16909.509,7130,10642
16914.203,7131,10642
16943.48,7132,10642
16944.503,7133,10642
16945.152,7134,10642
16945.837,7135,10642
16947.391,7136,10642
16948.485,7137,10642
16950.1,7138,10642
16969.839,7139,10642
16977.105,7140,10642
16981.528,7141,10642
16982.627,7142,10642
16983.305,7143,10643
16995.144,7144,10643
16995.872,7145,10643
16996.14,7146,10643
16998.369,7147,10644
16999.141,7148,10644
17001.829,7149,10644
17009.843,7150,10644
17016.682,7151,10648
17022.57,7152,10648
17029.16,7153,10650
17059.948,7154,10650
17060.437,7155,10650
17061.696,7156,10650
17061.768,7157,10650
17064.515,7158,10650
17064.634,7159,10650
17065.328,7160,10650
17067.55,7161,10650
17069.809,7162,10650
17079.716,7163,10650
17093.581,7164,10650
17095.473,7165,10650
17101.949,7166,10650
17107.286,7167,10651
17107.981,7168,10651
17121.611,7169,10652
17135.921,7170,10652
17140.051,7171,10652
17170.573,7172,10652
17170.761,7173,10652
17170.873,7174,10652
17172.044,7175,10652
17173.054,7176,10652
17175.016,7177,10652
17181.69,7178,10653
17186.235,7179,10653
17186.649,7180,10653
17186.916,7181,10653
17192.347,7182,10653
17205.786,7183,10653
17243.355,7184,10653
17249.031,7185,10653
17257.365,7186,10653
17260.594,7187,10654
17262.272,7188,10654
17263.03,7189,10654
17263.471,7190,10654
17266.469,7191,10655
17266.878,7192,10655
17274.562,7193,10655
17275.952,7194,10655
17288.621,7195,10656
17288.703,7196,10656
17298.167,7197,10656
17299.475,7198,10656
17343.044,7199,10656
17343.408,7200,10656
17344.219,7201,10656
17344.722,7202,10656
17346.709,7203,10657
17348.295,7204,10657
17349.365,7205,10657
17350.103,7206,10657
17351.754,7207,10658
17360.294,7208,10658
17362.306,7209,10659
17363.192,7210,10659
17366.483,7211,10659
17366.655,7212,10659
17366.791,7213,10659
17370.371,7214,10659
17378.318,7215,10659
17386.509,7216,10659
17396.818,7217,10659
17401.948,7218,10659
17402.854,7219,10659
17404.34,7220,10659
17410.907,7221,10660
17449.273,7222,10661
17450.547,7223,10661
17457.533,7224,10661
17470.654,7225,10661
17470.685,7226,10661
17477.852,7227,10661
17490.916,7228,10661
17495.93,7229,10661
17496.262,7230,10661
17496.351,7231,10661
17496.575,7232,10661
17496.989,7233,10662
17497.022,7234,10662
17497.208,7235,10662
17497.253,7236,10662
17497.579,7237,10662
17498.224,7238,10662
17498.889,7239,10663
17499.645,7240,10663
17500.407,7241,10663
17501.473,7242,10663
17501.82,7243,10663
17503.398,7244,10664
17503.993,7245,10664
17504.117,7246,10664
17504.488,7247,10664
17505.731,7248,10664
17506.861,7249,10664
17509.375,7250,10664
17511.105,7251,10664
17512.477,7252,10664
17512.763,7253,10664
17518.715,7254,10664
17518.826,7255,10664
17518.843,7256,10664
17518.896,7257,10664
17595.838,7258,10665
17597.23,7259,10665
17634.453,7260,10665
17635.527,7261,10665
17635.624,7262,10708
17635.709,7263,10708
17636.312,7264,10708
17638.171,7265,10708
17651.409,7266,10708
17655.057,7267,10709
17672.203,7268,10709
17672.238,7269,10709
17678.412,7270,10709
17688.532,7271,10709
17689.718,7272,10709
17691.457,7273,10710
17696.357,7274,10710
17696.409,7275,10710
17698.625,7276,10710
17703.456,7277,10710
17718.347,7278,10710
17718.384,7279,10710
17719.453,7280,10710
17721.447,7281,10710
17747.383,7282,10710
17747.428,7283,10710
17749.768,7284,10710
17750.779,7285,10710
17752.754,7286,10710
17754.146,7287,10710
17754.545,7288,10710
17760.468,7289,10710
17763.848,7290,10710
17789.412,7291,10710
17790.519,7292,10710
17793.637,7293,10710
17822.404,7294,10710
17822.474,7295,10710
17823.556,7296,10710
17823.772,7297,10711
17830.414,7298,10712
17831.503,7299,10712
17841.079,7300,10712
17864.68,7301,10712
17871.675,7302,10712
17872.475,7303,10712
17919.575,7304,10712
17920.124,7305,10712
17921.596,7306,10712
17984.751,7307,10713
17991.785,7308,10713
18020.285,7309,10714
18020.533,7310,10715
18021.545,7311,10716
18022.414,7312,10719
18028.729,7313,10720
18056.601,7314,10720
18059.617,7315,10720
18060.388,7316,10720
18061.12,7317,10720
18062.815,7318,10720
18063.259,7319,10720
18066.636,7320,10720
18072.59,7321,10720
18077.887,7322,10721
18078.848,7323,10721
18078.993,7324,10721
18099.246,7325,10724
18100.365,7326,10724
18125.14,7327,10724
18138.088,7328,10724
18138.611,7329,10724
18139.451,7330,10724
18141.477,7331,10724
18142.853,7332,10724
18149.446,7333,10724
18153.445,7334,10724
18157.192,7335,10724
18160.905,7336,10724
18192.155,7337,10724
18210.038,7338,10724
18210.305,7339,10724
18211.312,7340,10725
18214.465,7341,10725
18214.958,7342,10726
18218.548,7343,10726
18234.893,7344,10726
18274.952,7345,10726
18278.337,7346,10728
18295.958,7347,10729
18297.663,7348,10729
18303.496,7349,10730
18308.985,7350,10730
18318.419,7351,10730
18319.398,7352,10730
18326.566,7353,10730
18352.619,7354,10730
18375.201,7355,10730
18390.236,7356,10730
18411.486,7357,10730
18411.722,7358,10730
18477.888,7359,10730
18487.44,7360,10730
18487.511,7361,10730
18500.841,7362,10730
18527.777,7363,10730
18541.438,7364,10730
18545.272,7365,10738
18545.399,7366,10738
18545.932,7367,10739
18547.496,7368,10739
18549.956,7369,10739
18553.561,7370,10740
18621.762,7371,10740
18636.05,7372,10740
18658.843,7373,10740
18692.107,7374,10742
18711.651,7375,10742
18727.384,7376,10742
18759.79,7377,10742
18760.163,7378,10742
18776.256,7379,10742
18777.107,7380,10742
18795.805,7381,10742
18797.014,7382,10742
18797.398,7383,10742
18799.023,7384,10743
18801.912,7385,10743
18813.265,7386,10761
18817.845,7387,10761
18819.885,7388,10761
18841.189,7389,10761
18845.312,7390,10761
18849.827,7391,10761
18857.485,7392,10761
18858.516,7393,10761
18860.098,7394,10761
18860.119,7395,10761
18889.635,7396,10761
18906.746,7397,10761
18916.032,7398,10761
18926.274,7399,10761
18931.85,7400,10761
18934.361,7401,10762
18976.924,7402,10762
19001.444,7403,10762
19012.31,7404,10762
19036.224,7405,10762
19036.253,7406,10762
19038.375,7407,10762
19038.844,7408,10762
19044.24,7409,10762
19045.566,7410,10762
19064.982,7411,10762
19068.86,7412,10762
19069.063,7413,10762
19070.67,7414,10762
19070.824,7415,10762
19077.705,7416,10762
19088.337,7417,10762
19092.224,7418,10764
19093.187,7419,10764
19093.926,7420,10764
19094.017,7421,10764
19094.489,7422,10764
19095.187,7423,10764
19096.718,7424,10764
19097.575,7425,10764
19097.788,7426,10764
19153.845,7427,10764
19157.731,7428,10764
19165.187,7429,10765
19215.766,7430,10765
19215.941,7431,10765
19216.402,7432,10766
19221.601,7433,10766
19231.96,7434,10766
19238.61,7435,10766
19239.438,7436,10766
19243.976,7437,10766
19244.427,7438,10766
19244.606,7439,10766
19246.393,7440,10766
19250.257,7441,10766
19256.178,7442,10766
19256.473,7443,10768
19274.369,7444,10768
19274.559,7445,10768
19274.992,7446,10770
19277.534,7447,10770
19278.164,7448,10770
19278.893,7449,10770
19281.789,7450,10770
19287.508,7451,10771
19289.278,7452,10771
19291.072,7453,10771
19296.313,7454,10771
19297.398,7455,10771
19298.303,7456,10771
19298.763,7457,10771
19299.102,7458,10771
19301.323,7459,10779
19303.419,7460,10780
19305.155,7461,10780
19305.786,7462,10780
19313.386,7463,10780
19323.054,7464,10780
19323.196,7465,10780
19331.117,7466,10780
19332.325,7467,10780
19332.917,7468,10780
19332.94,7469,10780
19339.818,7470,10780
19339.878,7471,10782
19339.948,7472,10782
19340.149,7473,10782
19340.389,7474,10782
19341.289,7475,10782
19352.304,7476,10782
19359.926,7477,10782
19391.348,7478,10782
19392.907,7479,10782
19403.684,7480,10782
19403.964,7481,10782
19404.254,7482,10782
19406.88,7483,10782
19409.046,7484,10782
19419.301,7485,10782
19424.062,7486,10782
19424.46,7487,10783
19461.783,7488,10783
19470.388,7489,10783
19480.731,7490,10783
19486.746,7491,10783
19524.735,7492,10783
19525.681,7493,10783
19526.394,7494,10783
19573.919,7495,10783
19580.912,7496,10783
19583.127,7497,10784
19584.114,7498,10784
19584.402,7499,10784
19618.206,7500,10784
19634.735,7501,10784
19636.484,7502,10784
19637.087,7503,10784
19646.973,7504,10784
19662.776,7505,10784
19666.261,7506,10784
19667.052,7507,10785
19667.483,7508,10785
19668.353,7509,10785
19674.794,7510,10786
19676.16,7511,10786
19718.702,7512,10786
19737.07,7513,10786
19740.264,7514,10790
19740.551,7515,10791
19741.239,7516,10793
19741.731,7517,10793
19748.901,7518,10793
19754.005,7519,10793
19823.788,7520,10793
19831.16,7521,10793
19831.891,7522,10793
19835.06,7523,10793
19835.231,7524,10793
19835.368,7525,10793
19842.57,7526,10793
19842.628,7527,10793
19871.172,7528,10793
19871.378,7529,10793
19935.662,7530,10793
19938.169,7531,10795
19957.468,7532,10795
19963.473,7533,10795
19987.089,7534,10795
19987.653,7535,10796
19989.808,7536,10796
19990.017,7537,10796
19995.151,7538,10797
20041.918,7539,10798
20054.859,7540,10798
20057.217,7541,10798
20059.882,7542,10798
20080.14,7543,10807
20081.244,7544,10807
20081.402,7545,10807
20081.436,7546,10811
20081.6,7547,10812
20083.633,7548,10812
20086.641,7549,10812
20089.976,7550,10868
20091.714,7551,10871
20093.548,7552,10871
20096.714,7553,10871
20101.226,7554,10873
20119.583,7555,10875
20119.659,7556,10876
20119.752,7557,10876
20119.929,7558,10878
20121.269,7559,10878
20121.355,7560,10878
20123.378,7561,10881
20124.323,7562,10882
20124.608,7563,10882
20128.139,7564,10883
20131.482,7565,10885
20144.341,7566,10885
20145.142,7567,10887
20148.525,7568,10888
20150.636,7569,10888
20164.083,7570,10890
20166.989,7571,10890
20167.734,7572,10890
20177.473,7573,10890
20191.514,7574,10890
20195.376,7575,10890
20208.853,7576,10890
20230.288,7577,10890
20234.03,7578,10891
20234.944,7579,10891
20238.264,7580,10891
20240.258,7581,10891
20249.676,7582,10891
20255.326,7583,10891
20255.44,7584,10891
20261.069,7585,10891
20266.687,7586,10891
20268.873,7587,10893
20273.101,7588,10893
20290.285,7589,10893
20299.893,7590,10893
20322.157,7591,10893
20333.62,7592,10893
20334.972,7593,10893
20347.344,7594,10898
20368.783,7595,10898
20371.487,7596,10899
20372.038,7597,10900
20379.122,7598,10900
20380.838,7599,10900
20380.938,7600,10900
20382.053,7601,10900
20416.838,7602,10901
20417.036,7603,10902
20418.489,7604,10902
20419.552,7605,10903
20422.116,7606,10903
20423.655,7607,10914
20424.588,7608,10916
20442.872,7609,10917
20465.489,7610,10917
20509.826,7611,10917
20535.034,7612,10917
20587.509,7613,10917
20658.257,7614,10917
20667.486,7615,10920
20676.93,7616,10920
20676.966,7617,10920
20677.122,7618,10920
20681.631,7619,10920
20686.29,7620,10920
20694.219,7621,10920
20715.647,7622,10920
20716.475,7623,10920
20796.354,7624,10920
20798.568,7625,10920
20801.211,7626,10920
20816.745,7627,10920
20818.722,7628,10920
20818.743,7629,10920
20837.337,7630,10920
20866.761,7631,10920
20880.267,7632,10920
20880.379,7633,10920
20880.407,7634,10920
20880.6,7635,10920
20881.155,7636,10922
20881.292,7637,10922
20882.105,7638,10922
20889.413,7639,10922
20901.279,7640,10922
20919.035,7641,10922
20920.241,7642,10922
20920.324,7643,10922
20920.417,7644,10922
20921.381,7645,10922
20922.1,7646,10922
20926.394,7647,10922
20940.313,7648,10922
20944.061,7649,10922
20949.542,7650,10922
20956.877,7651,10922
20993.278,7652,10922
20994.376,7653,10922
21006.709,7654,10922
21017.394,7655,10923
21023.869,7656,10923
21055.778,7657,10923
21057.502,7658,10923
21078.495,7659,10923
21079.634,7660,10923
21083.211,7661,10923
21141.009,7662,10923
21141.789,7663,10923
21144.311,7664,10923
21150.519,7665,10923
21169.363,7666,10923
21198.593,7667,10923
21226.928,7668,10923
21253.384,7669,10923
21306.044,7670,10923
21310.899,7671,10923
21341.868,7672,10923
21355.271,7673,10923
21380.184,7674,10923
21380.624,7675,10923
21381.897,7676,10923
21385.929,7677,10924
21392.715,7678,10924
21393.461,7679,10924
21394.903,7680,10924
21399.312,7681,10924
21449.816,7682,10924
21462.282,7683,10925
21481.713,7684,10927
21483.068,7685,10927
21537.361,7686,10927
21564.779,7687,10928
21591.911,7688,10928
21592.112,7689,10928
21599.922,7690,10928
21631.826,7691,10928
21631.916,7692,10928
21632.624,7693,10928
21633.555,7694,10928
21641.312,7695,10928
21652.933,7696,10929
21671.95,7697,10929
21691.108,7698,10930
21696.02,7699,10930
21696.492,7700,10930
21697.411,7701,10930
21697.444,7702,10930
21697.64,7703,10930
21697.712,7704,10930
21697.793,7705,10930
21699.505,7706,10930
21701.974,7707,10931
21714.49,7708,10931
21762.336,7709,10931
21779.936,7710,10931
21781.272,7711,10931
21833.393,7712,10931
21856.29,7713,10931
21859.159,7714,10934
21859.292,7715,10934
21859.595,7716,10935
21860.232,7717,10935
21863.997,7718,10935
21864.413,7719,10935
21865.76,7720,10935
21865.846,7721,10935
21868.763,7722,10935
21883.739,7723,10935
21892.641,7724,10937
21892.916,7725,10937
21893.813,7726,10939
21945.627,7727,10939
21952.576,7728,10939
21953.883,7729,10939
21956.296,7730,10939
21965.662,7731,10940
21988.708,7732,10940
21992.126,7733,10941
22002.725,7734,10949
22002.885,7735,10949
22013.968,7736,10949
22021.769,7737,10949
22021.853,7738,10949
22022.554,7739,10949
22036.269,7740,10949
22036.588,7741,10949
22042.523,7742,10949
22062.828,7743,10949
22063.111,7744,10949
22063.79,7745,10949
22065.044,7746,10949
22065.564,7747,10952
22127.275,7748,10953
22139.136,7749,10954
22164.617,7750,10954
22164.898,7751,10954
22192.416,7752,10954
22216.786,7753,10954
22226.785,7754,10954
22243.012,7755,10954
22277.584,7756,10954
22315.421,7757,10954
22351.56,7758,10954
22351.597,7759,10954
22363.748,7760,10954
22363.874,7761,10954
22368.057,7762,10954
22369.167,7763,10954
22371.658,7764,10954
22382.124,7765,10954
22382.565,7766,10954
22394.341,7767,10954
22425.013,7768,10954
22434.559,7769,10954
22456.628,7770,10954
22456.675,7771,10954
22456.756,7772,10954
22456.833,7773,10954
22461.075,7774,10954
22471.292,7775,10954
22503.051,7776,10954
22504.249,7777,10954
22505.784,7778,10954
22507.376,7779,10954
22508.242,7780,10954
22513.722,7781,10954
22521.012,7782,10954
22530.34,7783,10955
22552.203,7784,10955
22582.331,7785,10955
22590.411,7786,10955
22590.451,7787,10955
22601.486,7788,10955
22700.24,7789,10955
22771.518,7790,10955
22774.459,7791,10955
22776.195,7792,10955
22793.156,7793,10956
22818.424,7794,10957
22818.821,7795,10958
22819.016,7796,10958
22822.866,7797,10959
22838.874,7798,10959
22860.482,7799,10959
22885.737,7800,10960
22893.21,7801,10961
22894.026,7802,10961
22905.11,7803,10961
22909.348,7804,10961
22909.932,7805,10961
22910.27,7806,10961
22913.529,7807,10961
22916.365,7808,10961
22957.677,7809,10961
22960.061,7810,10961
22960.438,7811,10961
22968.739,7812,10961
22970.079,7813,10961
22970.852,7814,10961
22979.063,7815,10961
22981.321,7816,10966
23005.153,7817,10967
23038.336,7818,10967
23043.207,7819,10968
23043.343,7820,10974
23044.234,7821,10975
23044.334,7822,10979
23045.806,7823,10980
23048.449,7824,10981
23049.849,7825,10981
23073.911,7826,10982
23113.009,7827,10982
23114.689,7828,10982
23149.861,7829,10982
23150.534,7830,10982
23154.346,7831,10982
23174.552,7832,10982
23190.99,7833,10982
23191.525,7834,10982
23192.287,7835,10982
23192.384,7836,10982
23192.973,7837,10982
23194.873,7838,10982
23197.789,7839,10982
23211.424,7840,10982
23216.047,7841,10982
23218.199,7842,10982
23224.13,7843,10982
23226.952,7844,10982
23229.308,7845,10982
23243.36,7846,10982
23244.157,7847,10982
23257.214,7848,10982
23263.051,7849,10982
23263.094,7850,10982
23265.087,7851,10982
23273.346,7852,10982
23274.813,7853,10984
23292.558,7854,10984
23346.008,7855,10984
23351.387,7856,10984
23369.965,7857,10984
23371.686,7858,10985
23373.892,7859,10985
23375.637,7860,10987
23385.92,7861,10987
23390.456,7862,10987
23399.185,7863,10987
23415.008,7864,10987
23427.737,7865,10987
23444.898,7866,10987
23447.504,7867,10988
23458.134,7868,10988
23461.866,7869,10988
23463.042,7870,10988
23466.366,7871,10988
23466.872,7872,10988
23472.541,7873,10988
23474.492,7874,10988
23483.824,7875,10988
23484.957,7876,11002
23492.938,7877,11003
23493.611,7878,11021
23493.773,7879,11022
23510.734,7880,11022
23510.975,7881,11022
23511.108,7882,11022
23519.779,7883,11023
23528.746,7884,11024
23537.496,7885,11025
23537.514,7886,11030
23537.817,7887,11031
23537.911,7888,11032
23537.94,7889,11035
23538.004,7890,11035
23538.056,7891,11036
23538.277,7892,11037
23538.388,7893,11038
23538.83,7894,11038
23538.893,7895,11041
23538.931,7896,11041
23538.972,7897,11041
23538.991,7898,11042
23539.089,7899,11044
23539.411,7900,11044
23539.87,7901,11044
23540.142,7902,11044
23540.735,7903,11044
23542.218,7904,11046
23542.818,7905,11046
23545.759,7906,11047
23545.8,7907,11047
23548.931,7908,11048
23550.353,7909,11048
23551.37,7910,11049
23552.254,7911,11049
23552.945,7912,11050
23566.9,7913,11050
23568.108,7914,11050
23568.236,7915,11050
23568.363,7916,11050
23599.768,7917,11050
23600.014,7918,11050
23600.211,7919,11050
23602.1,7920,11050
23603.399,7921,11050
23606.465,7922,11051
23619.324,7923,11052
23622.63,7924,11052
23640.18,7925,11052
23640.463,7926,11052
23640.934,7927,11052
23667.557,7928,11052
23676.765,7929,11052
23696.191,7930,11052
23701.274,7931,11052
23719.954,7932,11052
23723.021,7933,11052
23724.761,7934,11052
23728.589,7935,11052
23741.25,7936,11054
23742.756,7937,11054
23759.233,7938,11054
23779.523,7939,11054
23779.593,7940,11054
23781.257,7941,11054
23810.283,7942,11054
23812.391,7943,11054
23833.069,7944,11054
23833.387,7945,11054
23834.173,7946,11054
23837.003,7947,11054
23840.653,7948,11054
23845.667,7949,11054
23849.702,7950,11054
23856.071,7951,11054
23898.292,7952,11054
23899.952,7953,11055
23915.858,7954,11055
23949.555,7955,11055
23961.323,7956,11058
23961.608,7957,11058
23961.722,7958,11058
23962.14,7959,11058
24014.51,7960,11058
24024.065,7961,11058
24026.294,7962,11058
24058.293,7963,11059
24074.112,7964,11059
24078.37,7965,11059
24102.873,7966,11060
24113.731,7967,11060
24115.439,7968,11060
24122.767,7969,11060
24123.564,7970,11060
24143.024,7971,11060
24143.066,7972,11060
24143.139,7973,11060
24155.189,7974,11061
24155.323,7975,11061
24155.577,7976,11062
24177.718,7977,11062
24185.378,7978,11062
24188.51,7979,11062
24188.619,7980,11062
24191.061,7981,11062
24211.25,7982,11062
24245.724,7983,11062
24278.577,7984,11064
24298.025,7985,11064
24299.47,7986,11064
24386.215,7987,11064
24386.362,7988,11064
24466.411,7989,11065
24468.144,7990,11066
24486.75,7991,11067
24502.251,7992,11067
24502.778,7993,11067
24541.353,7994,11067
24542.688,7995,11067
24545.918,7996,11068
24553.549,7997,11068
24561.621,7998,11068
24564.872,7999,11068
24567.661,8000,11068
24613.593,8001,11068
24646.481,8002,11068
24659.573,8003,11068
24683.181,8004,11068
24684.771,8005,11068
24685.86,8006,11068
24730.896,8007,11068
24766.236,8008,11068
24768.465,8009,11069
24769.871,8010,11070
24784.946,8011,11071
24787.122,8012,11071
24789.524,8013,11073
24789.976,8014,11073
24791.263,8015,11073
24808.145,8016,11074
24808.336,8017,11076
24809.796,8018,11076
24811.927,8019,11076
24865.647,8020,11076
24932.118,8021,11076
24948.575,8022,11076
24973.514,8023,11076
24984.017,8024,11076
24984.228,8025,11076
25097.213,8026,11080
25103.741,8027,11080
25118.274,8028,11080
25137.203,8029,11080
25143.138,8030,11081
25143.221,8031,11081
25147.222,8032,11084
25156.032,8033,11084
25159.102,8034,11096
25159.323,8035,11098
25177.898,8036,11098
25185.815,8037,11098
25194.032,8038,11098
25194.822,8039,11098
25198.175,8040,11098
25200.402,8041,11098
25222.409,8042,11098
25222.544,8043,11098
25224.289,8044,11098
25235.668,8045,11098
25275.868,8046,11099
25280.818,8047,11099
25282.127,8048,11099
25283.141,8049,11099
25326.504,8050,11099
25326.992,8051,11099
25328.132,8052,11099
25328.335,8053,11099
25328.678,8054,11099
25330.123,8055,11099
25331.618,8056,11099
25332.902,8057,11100
25334.419,8058,11100
25341.431,8059,11100
25343.653,8060,11100
25346.487,8061,11100
25348.611,8062,11100
25352.297,8063,11100
25364.882,8064,11100
25364.966,8065,11100
25365.654,8066,11100
25367.636,8067,11100
25368.584,8068,11100
25371.303,8069,11100
25378.286,8070,11100
25379.72,8071,11100
25383.108,8072,11100
25384.423,8073,11100
25389.207,8074,11102
25389.63,8075,11102
25436.029,8076,11102
25440.838,8077,11103
25455.855,8078,11103
25469.492,8079,11103
25469.743,8080,11103
25489.182,8081,11103
25505.82,8082,11103
25506.066,8083,11105
25508.628,8084,11105
25516.362,8085,11105
25525.863,8086,11105
25526.889,8087,11105
25527.835,8088,11106
25527.962,8089,11106
25529.509,8090,11106
25531.844,8091,11106
25532.524,8092,11106
25534.189,8093,11106
25534.341,8094,11106
25535.19,8095,11106
25536.828,8096,11106
25540.63,8097,11106
25551.002,8098,11107
25558.019,8099,11107
25585.623,8100,11107
25587.614,8101,11107
25595.195,8102,11107
25603.219,8103,11107
25603.409,8104,11107
25603.67,8105,11107
25604.827,8106,11107
25606.947,8107,11107
25607.28,8108,11107
25608.425,8109,11107
25610.767,8110,11107
25612.036,8111,11107
25613.228,8112,11107
25615.51,8113,11107
25616.176,8114,11107
25616.469,8115,11107
25617.092,8116,11107
25626.204,8117,11107
25627.451,8118,11107
25643.538,8119,11107
25643.668,8120,11107
25645.325,8121,11107
25646.227,8122,11107
25648.325,8123,11107
25649.701,8124,11107
25682.148,8125,11107
25702.61,8126,11107
25703.633,8127,11107
25716.574,8128,11107
25717.524,8129,11109
25800.573,8130,11109
25804.042,8131,11109
25816.594,8132,11109
25839.184,8133,11109
25848.893,8134,11109
25849.694,8135,11110
25850.193,8136,11111
25850.215,8137,11111
25850.372,8138,11111
25850.749,8139,11111
25851.266,8140,11111
25858.188,8141,11112
25871.093,8142,11112
25896.814,8143,11112
25897.956,8144,11112
25900.183,8145,11112
25900.872,8146,11112
25929.49,8147,11112
25953.51,8148,11112
25957.124,8149,11112
25957.195,8150,11112
25957.803,8151,11112
25957.918,8152,11112
25961.615,8153,11112
25968.201,8154,11112
25978.183,8155,11112
25981.324,8156,11112
25992.607,8157,11112
25993.263,8158,11112
25994.241,8159,11112
26003.869,8160,11112
26005.484,8161,11112
26012.991,8162,11112
26013.081,8163,11112
26013.531,8164,11112
26015.417,8165,11112
26017.062,8166,11112
26021.352,8167,11112
26021.782,8168,11112
26031.977,8169,11112
26034.015,8170,11112
26035.67,8171,11114
26058.433,8172,11114
26059.748,8173,11114
26060.597,8174,11114
26061.634,8175,11114
26073.807,8176,11115
26074.605,8177,11115
26102.128,8178,11115
26102.205,8179,11115
26114.518,8180,11115
26114.683,8181,11115
26114.998,8182,11115
26115.828,8183,11115
26116.751,8184,11115
26117.563,8185,11115
26121.744,8186,11115
26125.96,8187,11115
26126.427,8188,11115
26128.598,8189,11115
26135.981,8190,11115
26138.296,8191,11115
26158.112,8192,11115
26158.197,8193,11116
26158.465,8194,11116
26159.203,8195,11116
26159.356,8196,11116
26162.11,8197,11116
26165.775,8198,11116
26167.332,8199,11116
26173.686,8200,11116
26174.945,8201,11116
26202.568,8202,11116
26203.477,8203,11116
26205.346,8204,11116
26205.887,8205,11116
26207.359,8206,11116
26210.636,8207,11116
26211.796,8208,11117
26213.1,8209,11117
26217.048,8210,11117
26219.995,8211,11117
26224.127,8212,11117
26230.694,8213,11117
26233.378,8214,11118
26234.378,8215,11119
26234.398,8216,11119
26234.594,8217,11119
26234.79,8218,11119
26234.891,8219,11119
26234.923,8220,11119
26235.965,8221,11119
26236.457,8222,11119
26237.099,8223,11119
26237.724,8224,11119
26237.834,8225,11119
26239.339,8226,11119
26240.971,8227,11122
26242.4,8228,11122
26242.915,8229,11122
26245.346,8230,11123
26267.692,8231,11123
26283.762,8232,11123
26283.934,8233,11123
26286.481,8234,11123
26290.565,8235,11123
26293.289,8236,11123
26293.978,8237,11123
26294.41,8238,11123
26299.715,8239,11123
26311.137,8240,11123
26315.065,8241,11123
26325.505,8242,11123
26330.398,8243,11123
26349.184,8244,11123
26354.117,8245,11123
26365.784,8246,11123
26366.638,8247,11123
26381.216,8248,11123
26381.678,8249,11123
26381.965,8250,11123
26382.168,8251,11123
26385.567,8252,11123
26392.912,8253,11123
26395.051,8254,11123
26410.085,8255,11123
26412.567,8256,11123
26413.617,8257,11123
26424.432,8258,11123
26424.471,8259,11123
26434.45,8260,11123
26434.499,8261,11123
26434.87,8262,11123
26442.604,8263,11123
26443.066,8264,11123
26450.102,8265,11123
26450.152,8266,11123
26452.55,8267,11123
26454.032,8268,11125
26470.164,8269,11125
26470.21,8270,11125
26470.742,8271,11128
26480.335,8272,11128
26496.956,8273,11128
26512.316,8274,11128
26512.475,8275,11128
26512.63,8276,11128
26513.009,8277,11128
26515.249,8278,11129
26535.131,8279,11129
26538.391,8280,11129
26539.337,8281,11129
26580.151,8282,11129
26581.337,8283,11129
26589.776,8284,11129
26589.877,8285,11129
26589.912,8286,11129
26589.946,8287,11129
26594.14,8288,11129
26609.566,8289,11129
26616.544,8290,11129
26616.697,8291,11129
26617.143,8292,11129
26617.883,8293,11129
26619.364,8294,11129
26632.408,8295,11129
26632.61,8296,11129
26634.616,8297,11129
26653.324,8298,11129
26670.063,8299,11129
26670.122,8300,11129
26671.309,8301,11129
26671.795,8302,11129
26674.944,8303,11129
26677.843,8304,11129
26677.989,8305,11129
26680.649,8306,11129
26682.376,8307,11129
26684.532,8308,11129
26691.594,8309,11129
26724.952,8310,11129
26726.154,8311,11129
26727.249,8312,11129
26728.603,8313,11129
26732.394,8314,11129
26735.466,8315,11129
26744.205,8316,11129
26767.186,8317,11129
26767.663,8318,11129
26770.201,8319,11129
26780.475,8320,11129
26781.293,8321,11129
26782.601,8322,11129
26783.087,8323,11129
26786.651,8324,11129
26792.481,8325,11129
26804.568,8326,11129
26811.494,8327,11130
26811.848,8328,11130
26812.907,8329,11130
26813.891,8330,11130
26814.17,8331,11130
26814.222,8332,11130
26814.775,8333,11130
26815.39,8334,11133
26816.409,8335,11133
26820.744,8336,11133
26820.818,8337,11133
26824.555,8338,11133
26827.058,8339,11133
26828.38,8340,11133
26834.122,8341,11133
26845.795,8342,11133
26848.742,8343,11133
26857.15,8344,11133
26857.237,8345,11133
26857.447,8346,11133
26857.503,8347,11133
26858.595,8348,11133
26863.776,8349,11133
26867.217,8350,11133
26868.257,8351,11133
26869.639,8352,11133
26869.903,8353,11133
26869.959,8354,11133
26873.08,8355,11133
26886.443,8356,11133
26888.601,8357,11133
26895.89,8358,11133
26896.957,8359,11133
26905.894,8360,11133
26906.225,8361,11133
26928.294,8362,11133
26928.385,8363,11133
26928.489,8364,11133
26935.272,8365,11133
26938.752,8366,11133
26939.646,8367,11133
26946.076,8368,11133
26950.214,8369,11133
26955.921,8370,11134
26957.881,8371,11134
26958.358,8372,11134
26960.96,8373,11144
26961.395,8374,11144
26964.32,8375,11144
26968.401,8376,11144
26970.511,8377,11144
26970.609,8378,11144
26971.082,8379,11144
26971.186,8380,11145
26971.884,8381,11145
26976.243,8382,11145
26977.32,8383,11145
26980.463,8384,11145
26985.615,8385,11145
26987.982,8386,11145
26992.567,8387,11148
26993.938,8388,11148
26994.156,8389,11148
27001.1,8390,11148
27013.306,8391,11148
27014.823,8392,11150
27015.11,8393,11150
27015.839,8394,11150
27016.587,8395,11150
27017.465,8396,11150
27020.191,8397,11150
27067.649,8398,11151
27084.916,8399,11151
27088.111,8400,11151
27088.471,8401,11151
27089.575,8402,11151
27093.794,8403,11152
27098.937,8404,11152
27108.417,8405,11152
27109.996,8406,11153
27110.252,8407,11154
27121.034,8408,11154
27122.112,8409,11154
27124.886,8410,11156
27127.609,8411,11156
27130.247,8412,11156
27135.748,8413,11156
27157.555,8414,11156
27157.967,8415,11156
27161.22,8416,11156
27175.745,8417,11157
27176.428,8418,11157
27179.581,8419,11158
27184.056,8420,11158
27192.637,8421,11158
27199.051,8422,11158
27212.867,8423,11158
27217.385,8424,11158
27221.055,8425,11159
27223.611,8426,11159
27237.317,8427,11159
27246.463,8428,11159
27246.524,8429,11159
27246.723,8430,11159
27248.635,8431,11159
27250.584,8432,11159
27250.87,8433,11159
27252.352,8434,11159
27253.832,8435,11159
27254.291,8436,11159
27270.222,8437,11159
27291.138,8438,11159
27293.346,8439,11159
27293.52,8440,11161
27297.235,8441,11161
27297.312,8442,11161
27297.536,8443,11161
27298.045,8444,11161
27298.943,8445,11161
27299.022,8446,11161
27299.4,8447,11161
27299.904,8448,11161
27300.735,8449,11161
27302.136,8450,11161
27302.356,8451,11161
27302.478,8452,11161
27303.325,8453,11161
27304.126,8454,11161
27304.215,8455,11161
27305.564,8456,11161
27306.172,8457,11161
27306.484,8458,11161
27306.497,8459,11161
27307.249,8460,11161
27308.197,8461,11161
27308.568,8462,11161
27310.632,8463,11161
27312.368,8464,11161
27312.398,8465,11161
27312.633,8466,11161
27314.718,8467,11161
27319.717,8468,11161
27321.899,8469,11162
27323.318,8470,11162
27324.327,8471,11162
27332.356,8472,11162
27332.841,8473,11162
27332.864,8474,11162
27333.399,8475,11162
27333.417,8476,11162
27333.626,8477,11162
27333.739,8478,11162
27335.242,8479,11162
27339.17,8480,11162
27345.003,8481,11162
27356.443,8482,11162
27356.822,8483,11162
27359.799,8484,11162
27362.343,8485,11162
27369.462,8486,11162
27370.6,8487,11162
27376.857,8488,11162
27381.847,8489,11162
27385.791,8490,11162
27385.947,8491,11162
27386.047,8492,11162
27399.723,8493,11162
27448.337,8494,11163
27458.701,8495,11163
27463.071,8496,11163
27480.214,8497,11163
27487.319,8498,11163
27516.106,8499,11163
27521.112,8500,11163
27526.366,8501,11163
27526.883,8502,11163
27527.065,8503,11163
27537.005,8504,11163
27538.312,8505,11164
27539.368,8506,11165
27539.741,8507,11165
27539.768,8508,11165
27540.32,8509,11166
27540.694,8510,11174
27542.529,8511,11174
27546.136,8512,11174
27547.831,8513,11180
27554.472,8514,11181
27582.442,8515,11186
27582.631,8516,11188
27584.143,8517,11191
27585.078,8518,11192
27590.325,8519,11192
27591.34,8520,11194
27591.721,8521,11197
27597.975,8522,11198
27598.325,8523,11200
27601.192,8524,11203
27611.924,8525,11209
27612.179,8526,11209
27621.088,8527,11209
27645.478,8528,11209
27651.678,8529,11209
27663.57,8530,11209
27678.134,8531,11209
27690.792,8532,11209
27693.241,8533,11209
27700.656,8534,11212
27710.429,8535,11212
27712.626,8536,11213
27729.761,8537,11213
27730.099,8538,11213
27759.174,8539,11213
27759.561,8540,11213
27760.168,8541,11213
27760.227,8542,11213
27788.07,8543,11214
27790.887,8544,11214
27791.151,8545,11214
27791.654,8546,11214
27792.86,8547,11214
27793.396,8548,11214
27794.74,8549,11214
27807.446,8550,11214
27838.056,8551,11214
27873.318,8552,11214
27876.093,8553,11214
27906.066,8554,11214
27906.534,8555,11214
27915.518,8556,11214
27922.611,8557,11214
27922.808,8558,11215
27923.662,8559,11216
27925.147,8560,11216
27926.059,8561,11216
27932.606,8562,11217
27935.311,8563,11217
27939.987,8564,11217
27941.932,8565,11217
27943.949,8566,11217
27944.721,8567,11219
27945.026,8568,11219
27953.132,8569,11219
27961.542,8570,11219
27961.576,8571,11219
27963.097,8572,11219
27963.957,8573,11219
27965.904,8574,11219
27966.577,8575,11219
27975.267,8576,11219
27976.371,8577,11219
27987.021,8578,11219
27992.749,8579,11219
27993.218,8580,11219
27994.37,8581,11219
27997.032,8582,11219
28004.238,8583,11219
28004.561,8584,11219
28020.445,8585,11219
28020.661,8586,11221
28069.13,8587,11221
28074.112,8588,11221
28092.268,8589,11221
28100.542,8590,11221
28104.484,8591,11221
28114.022,8592,11221
28122.16,8593,11221
28139.805,8594,11221
28157.567,8595,11221
28165.67,8596,11221
28175.733,8597,11221
28197.677,8598,11221
28197.854,8599,11221
28199.408,8600,11221
28200.17,8601,11221
28201.675,8602,11221
28203.234,8603,11221
28206.438,8604,11221
28213.728,8605,11221
28213.743,8606,11221
28216.63,8607,11221
28216.714,8608,11222
28219.485,8609,11222
28220.255,8610,11222
28228.358,8611,11222
28229.033,8612,11222
28229.119,8613,11222
28229.309,8614,11222
28229.396,8615,11222
28229.749,8616,11222
28230.17,8617,11222
28231.772,8618,11222
28233.228,8619,11222
28238.355,8620,11222
28238.806,8621,11222
28244.275,8622,11223
28245.281,8623,11223
28245.741,8624,11223
28248.013,8625,11223
28253.833,8626,11223
28256.695,8627,11223
28268.381,8628,11223
28268.598,8629,11223
28268.948,8630,11223
28271.463,8631,11223
28271.554,8632,11223
28272.533,8633,11224
28293.25,8634,11224
28293.263,8635,11224
28294.495,8636,11224
28295.728,8637,11224
28296.396,8638,11224
28303.501,8639,11224
28303.647,8640,11224
28307.062,8641,11224
28307.854,8642,11224
28309.423,8643,11225
28310.538,8644,11225
28321.136,8645,11225
28351.83,8646,11225
28352.467,8647,11225
28352.863,8648,11229
28354.838,8649,11230
28366.791,8650,11230
28369.007,8651,11230
28371.309,8652,11230
28372.025,8653,11230
28372.059,8654,11230
28372.879,8655,11230
28373.831,8656,11230
28374.232,8657,11230
28375.776,8658,11230
28376.368,8659,11230
28377.127,8660,11230
28381.02,8661,11230
28381.808,8662,11230
28383.262,8663,11234
28397.903,8664,11234
28403.359,8665,11234
28415.965,8666,11234
28416.333,8667,11234
28417.624,8668,11234
28419.288,8669,11234
28420.828,8670,11234
28428.368,8671,11234
28432.405,8672,11234
28439.676,8673,11234
28439.91,8674,11234
28441.055,8675,11234
28441.375,8676,11234
28441.781,8677,11234
28442.165,8678,11234
28444.676,8679,11234
28448.708,8680,11234
28449.908,8681,11234
28466.398,8682,11234
28486.9,8683,11234
28490.919,8684,11234
28492.036,8685,11234
28492.748,8686,11234
28493.172,8687,11234
28497.683,8688,11234
28500.084,8689,11234
28500.112,8690,11234
28501.939,8691,11234
28502.103,8692,11234
28530.715,8693,11234
28530.975,8694,11234
28553.738,8695,11234
28586.801,8696,11234
28588.94,8697,11234
28594.009,8698,11234
28594.33,8699,11234
28595.585,8700,11234
28595.772,8701,11234
28595.865,8702,11234
28596.724,8703,11234
28596.755,8704,11234
28596.922,8705,11234
28618.239,8706,11234
28618.348,8707,11234
28623.411,8708,11234
28636.495,8709,11234
28636.674,8710,11234
28636.974,8711,11234
28637.059,8712,11234
28637.657,8713,11234
28638.899,8714,11234
28639.17,8715,11234
28640.766,8716,11234
28651.281,8717,11234
28656.905,8718,11234
28662.241,8719,11234
28674.617,8720,11234
28700.811,8721,11234
28700.855,8722,11234
28727.092,8723,11234
28727.15,8724,11241
28727.168,8725,11241
28728.541,8726,11241
28729.301,8727,11241
28730.537,8728,11241
28734.452,8729,11241
28738.123,8730,11241
28740.903,8731,11241
28743.678,8732,11241
28745.491,8733,11241
28750.361,8734,11242
28752.364,8735,11242
28752.978,8736,11242
28753.192,8737,11243
28776.209,8738,11243
28776.499,8739,11243
28776.606,8740,11243
28777.638,8741,11243
28794.704,8742,11243
28794.822,8743,11243
28795.049,8744,11243
28796.114,8745,11243
28798.637,8746,11243
28806.088,8747,11243
28806.398,8748,11244
28819.256,8749,11244
28819.491,8750,11244
28829.236,8751,11244
28831.186,8752,11244
28841.765,8753,11244
28847.145,8754,11244
28850.803,8755,11244
28877.037,8756,11244
28878.875,8757,11244
28879.603,8758,11244
28879.896,8759,11244
28915.032,8760,11244
28929.192,8761,11244
28933.424,8762,11244
28934.918,8763,11244
28946.128,8764,11244
28973.032,8765,11244
28994.078,8766,11244
29001.916,8767,11244
29015.896,8768,11244
29020.389,8769,11244
29022.26,8770,11244
29023.139,8771,11244
29033.695,8772,11244
29034.903,8773,11244
29035.007,8774,11244
29054.823,8775,11244
29060.756,8776,11244
29060.778,8777,11244
29077.392,8778,11244
29099.44,8779,11244
29101.026,8780,11244
29104.351,8781,11244
29116.045,8782,11244
29116.448,8783,11244
29117.466,8784,11244
29118.774,8785,11244
29119.848,8786,11244
29140.742,8787,11244
29142.985,8788,11244
29158.765,8789,11244
29159.086,8790,11244
29160.242,8791,11244
29161.233,8792,11244
29161.248,8793,11244
29162.947,8794,11244
29165.91,8795,11244
29169.758,8796,11244
29171.425,8797,11244
29172.824,8798,11244
29182.974,8799,11244
29188.811,8800,11244
29189.089,8801,11244
29194.081,8802,11244
29195.722,8803,11244
29195.734,8804,11244
29196.293,8805,11244
29201.181,8806,11244
29206.786,8807,11244
29207.403,8808,11244
29218.005,8809,11244
29242.253,8810,11244
29245.552,8811,11244
29245.857,8812,11244
29248.021,8813,11244
29258.975,8814,11244
29262.073,8815,11245
29284.052,8816,11245
29286.781,8817,11245
29288.632,8818,11245
29291.064,8819,11245
29309.409,8820,11245
29309.704,8821,11245
29325.192,8822,11245
29325.915,8823,11245
29366.478,8824,11245
29377.359,8825,11245
29377.477,8826,11245
29377.536,8827,11245
29383.78,8828,11245
29395.556,8829,11245
29443.56,8830,11245
29451.45,8831,11245
29455.84,8832,11245
29457.869,8833,11245
29458.983,8834,11245
29459.364,8835,11245
29460.878,8836,11245
29462.311,8837,11245
29465.056,8838,11245
29479.531,8839,11245
29479.607,8840,11245
29479.814,8841,11245
29495.922,8842,11245
29496.894,8843,11245
29497.013,8844,11245
29498.562,8845,11245
29517.238,8846,11245
29518.012,8847,11245
29520.972,8848,11245
29524.746,8849,11245
29525.902,8850,11245
29526.824,8851,11245
29530.024,8852,11245
29543.952,8853,11246
29570.596,8854,11246
29576.417,8855,11246
29577.079,8856,11247
29577.964,8857,11247
29583.388,8858,11247
29585.681,8859,11248
29587.691,8860,11249
29589.458,8861,11250
29591.414,8862,11252
29591.915,8863,11253
29595.333,8864,11253
29599.258,8865,11254
29607.027,8866,11254
29619.152,8867,11254
29623.171,8868,11254
29639.87,8869,11254
29646.429,8870,11255
29646.539,8871,11255
29648.35,8872,11255
29648.457,8873,11255
29648.525,8874,11255
29651.59,8875,11255
29654.24,8876,11255
29661.796,8877,11255
29664.612,8878,11255
29676.765,8879,11255
29680.064,8880,11256
29719.468,8881,11256
29720.508,8882,11257
29722.667,8883,11258
29722.754,8884,11258
29729.606,8885,11258
29745.723,8886,11258
29753.267,8887,11259
29769.878,8888,11259
29769.896,8889,11260
29770.115,8890,11260
29770.549,8891,11260
29773.726,8892,11260
29775.187,8893,11260
29775.851,8894,11260
29780.658,8895,11260
29789.259,8896,11262
29824.037,8897,11262
29824.076,8898,11262
29825.634,8899,11262
29832.412,8900,11262
29848.36,8901,11262
29852.853,8902,11262
29857.016,8903,11262
29857.116,8904,11262
29857.134,8905,11262
29857.155,8906,11262
29857.258,8907,11262
29858.019,8908,11262
29858.345,8909,11262
29859.002,8910,11262
29865.549,8911,11262
29870.475,8912,11262
29870.496,8913,11262
29871.55,8914,11262
29874.922,8915,11263
29881.105,8916,11263
29887.309,8917,11263
29889.836,8918,11263
29892.172,8919,11263
29895.384,8920,11263
29913.334,8921,11263
29915.215,8922,11263
29920.884,8923,11263
29921.15,8924,11263
29927.544,8925,11263
29927.932,8926,11263
29928.007,8927,11263
29933.939,8928,11263
29957.149,8929,11263
29957.169,8930,11263
29957.528,8931,11263
29959.189,8932,11263
29960.883,8933,11263
29965.256,8934,11263
29969.51,8935,11263
29979.426,8936,11263
30006.539,8937,11263
30024.203,8938,11263
30037.735,8939,11263
30079.535,8940,11264
30100.146,8941,11264
30105.758,8942,11264
30125.737,8943,11264
30126.27,8944,11264
30132.271,8945,11264
30144.12,8946,11264
30148.321,8947,11264
30148.559,8948,11264
30150.27,8949,11264
30151.346,8950,11264
30161.387,8951,11264
30164.226,8952,11264
30165.07,8953,11264
30168.293,8954,11264
30171.31,8955,11264
30181.212,8956,11264
30190.514,8957,11264
30190.564,8958,11264
30190.6,8959,11264
30190.841,8960,11264
30193.28,8961,11264
30198.616,8962,11264
30212.562,8963,11264
30222.779,8964,11265
30222.811,8965,11265
30230.597,8966,11265
30280.284,8967,11265
30284.575,8968,11265
30289.23,8969,11266
30293.006,8970,11266
30296.024,8971,11266
30312.866,8972,11266
30326.548,8973,11266
30327.457,8974,11266
30351.873,8975,11266
30352.678,8976,11266
30359.475,8977,11266
30361.873,8978,11266
30363.028,8979,11266
30364.077,8980,11266
30382.227,8981,11266
30384.194,8982,11267
30385.426,8983,11267
30390.607,8984,11267
30390.641,8985,11267
30391.017,8986,11267
30399.615,8987,11267
30425.048,8988,11267
30437.604,8989,11267
30448.037,8990,11267
30483.41,8991,11267
30483.906,8992,11267
30487.354,8993,11267
30537.97,8994,11267
30546.103,8995,11267
30546.587,8996,11267
30548.179,8997,11267
30552.301,8998,11267
30556.788,8999,11267
30566.861,9000,11267
30568.128,9001,11267
30568.493,9002,11267
30570.63,9003,11267
30571.124,9004,11267
30576.766,9005,11267
30576.986,9006,11267
30579.088,9007,11267
30581.084,9008,11267
30588.057,9009,11267
30651.373,9010,11269
30680.456,9011,11269
30680.952,9012,11269
30683.203,9013,11269
30686.651,9014,11269
30690.956,9015,11270
30691.824,9016,11271
30692.479,9017,11271
30726.336,9018,11271
30734.889,9019,11271
30735.055,9020,11271
30736.787,9021,11271
30746.552,9022,11271
30746.645,9023,11271
30746.851,9024,11271
30746.867,9025,11271
30748.274,9026,11271
30748.35,9027,11271
30748.423,9028,11271
30748.593,9029,11271
30749.028,9030,11271
30749.904,9031,11271
30752.567,9032,11271
30752.748,9033,11271
30753.456,9034,11271
30761.531,9035,11271
30762.288,9036,11271
30763.38,9037,11271
30763.576,9038,11271
30790.548,9039,11271
30803.704,9040,11271
30816.476,9041,11271
30832.447,9042,11271
30845.717,9043,11271
30891.426,9044,11271
30891.524,9045,11271
30891.603,9046,11271
30892.077,9047,11271
30892.255,9048,11271
30892.888,9049,11271
30893.522,9050,11271
30894.694,9051,11271
30894.813,9052,11271
30897.908,9053,11271
30898.106,9054,11271
30899.946,9055,11273
30901.95,9056,11273
30902.253,9057,11273
30904.276,9058,11273
30904.912,9059,11273
30907.059,9060,11273
30909.626,9061,11273
30911.321,9062,11273
30913.01,9063,11273
30925.546,9064,11273
30930.874,9065,11273
30945.285,9066,11273
30946.275,9067,11273
30969.497,9068,11274
31030.301,9069,11274
31030.454,9070,11274
31031.611,9071,11274
31039.537,9072,11274
31041.678,9073,11274
31044.282,9074,11274
31051.986,9075,11274
31053.649,9076,11274
31065.146,9077,11274
31096.71,9078,11274
31110.262,9079,11274
31126.115,9080,11274
31127.059,9081,11274
31129.821,9082,11274
31130.356,9083,11274
31132.412,9084,11274
31133.89,9085,11274
31146.685,9086,11274
31148.284,9087,11275
31148.531,9088,11275
31151.169,9089,11275
31155.463,9090,11275
31180.52,9091,11275
31207.712,9092,11275
31223.675,9093,11275
31223.745,9094,11275
31223.796,9095,11275
31225.633,9096,11275
31230.125,9097,11275
31230.352,9098,11275
31234.026,9099,11275
31236.894,9100,11275
31237.542,9101,11275
31239.277,9102,11275
31247.676,9103,11275
31247.86,9104,11276
31251.002,9105,11277
31266.606,9106,11277
31269.866,9107,11277
31294.363,9108,11277
31296.589,9109,11277
31296.951,9110,11302
31297.0,9111,11302
31297.042,9112,11302
31297.103,9113,11302
31297.489,9114,11302
31297.531,9115,11302
31297.895,9116,11302
31298.303,9117,11302
31299.444,9118,11302
31305.473,9119,11302
31306.174,9120,11302
31310.591,9121,11302
31312.494,9122,11304
31317.388,9123,11304
31324.017,9124,11304
31325.542,9125,11304
31325.978,9126,11306
31326.641,9127,11306
31332.449,9128,11307
31332.558,9129,11307
31332.638,9130,11308
31333.591,9131,11309
31337.76,9132,11309
31338.17,9133,11309
31340.069,9134,11309
31342.304,9135,11309
31351.671,9136,11309
31361.882,9137,11309
31361.896,9138,11310
31361.923,9139,11310
31362.061,9140,11310
31362.364,9141,11311
31365.826,9142,11316
31371.28,9143,11316
31371.327,9144,11317
31374.485,9145,11317
31374.511,9146,11317
31377.028,9147,11317
31382.045,9148,11317
31383.161,9149,11317
31394.684,9150,11317
31395.808,9151,11317
31406.224,9152,11317
31408.588,9153,11317
31408.881,9154,11317
31409.276,9155,11317
31409.366,9156,11317
31409.615,9157,11317
31418.675,9158,11321
31424.068,9159,11321
31427.097,9160,11321
31433.409,9161,11321
31435.356,9162,11321
31437.803,9163,11322
31444.629,9164,11322
31449.154,9165,11322
31449.655,9166,11322
31453.652,9167,11322
31521.136,9168,11322
31540.762,9169,11322
31541.618,9170,11322
31543.263,9171,11322
31543.711,9172,11322
31544.308,9173,11327
31544.807,9174,11331
31546.421,9175,11332
31546.535,9176,11334
31546.784,9177,11335
31546.891,9178,11336
31547.156,9179,11336
31549.123,9180,11337
31559.869,9181,11337
31560.976,9182,11337
31564.724,9183,11337
31615.192,9184,11338
31616.478,9185,11341
31617.725,9186,11342
31625.496,9187,11342
31625.573,9188,11342
31643.214,9189,11342
31645.215,9190,11342
31645.642,9191,11342
31645.892,9192,11342
31646.122,9193,11342
31646.968,9194,11342
31647.425,9195,11342
31653.47,9196,11342
31653.916,9197,11342
31654.765,9198,11342
31656.199,9199,11342
31657.281,9200,11342
31658.154,9201,11342
31658.496,9202,11342
31664.769,9203,11342
31674.077,9204,11342
31680.083,9205,11342
31704.763,9206,11343
31719.372,9207,11343
31732.369,9208,11345
31739.551,9209,11345
31749.095,9210,11345
31749.228,9211,11345
31750.421,9212,11345
31755.875,9213,11345
31756.806,9214,11345
31756.828,9215,11345
31761.762,9216,11345
31781.371,9217,11345
31781.713,9218,11345
31781.774,9219,11345
31784.523,9220,11345
31798.566,9221,11345
31800.496,9222,11345
31803.624,9223,11346
31808.779,9224,11346
31822.716,9225,11346
31824.015,9226,11346
31827.66,9227,11346
31831.051,9228,11346
31834.27,9229,11346
31836.228,9230,11346
31868.908,9231,11346
31879.07,9232,11346
31879.486,9233,11346
31882.815,9234,11346
31882.878,9235,11346
31887.801,9236,11346
31897.404,9237,11346
31897.535,9238,11346
31900.382,9239,11346
31907.141,9240,11346
31921.948,9241,11346
31940.482,9242,11346
31941.168,9243,11346
31976.269,9244,11346
31979.778,9245,11346
31999.599,9246,11346
32018.706,9247,11346
32018.723,9248,11346
32018.834,9249,11346
32021.64,9250,11346
32023.955,9251,11346
32027.58,9252,11346
32039.763,9253,11346
32055.127,9254,11346
32060.311,9255,11346
32069.736,9256,11346
32082.239,9257,11346
32091.602,9258,11346
32116.426,9259,11346
32173.439,9260,11346
32181.473,9261,11346
32181.623,9262,11346
32182.423,9263,11346
32182.84,9264,11346
32186.69,9265,11346
32222.575,9266,11346
32222.606,9267,11346
32224.788,9268,11346
32225.351,9269,11346
32227.475,9270,11346
32228.685,9271,11346
32229.275,9272,11346
32229.311,9273,11346
32231.124,9274,11346
32232.373,9275,11346
32233.893,9276,11346
32238.95,9277,11346
32242.228,9278,11346
32251.112,9279,11348
32256.371,9280,11348
32262.648,9281,11348
32264.397,9282,11348
32265.361,9283,11348
32265.74,9284,11348
32267.161,9285,11348
32268.211,9286,11348
32270.943,9287,11348
32271.159,9288,11348
32272.067,9289,11348
32272.357,9290,11348
32273.895,9291,11348
32275.057,9292,11348
32275.629,9293,11348
32277.456,9294,11348
32279.152,9295,11348
32280.386,9296,11348
32282.071,9297,11348
32290.501,9298,11348
32293.386,9299,11348
32299.367,9300,11348
32299.795,9301,11348
32301.872,9302,11348
32312.654,9303,11349
32314.482,9304,11349
32314.829,9305,11349
32327.543,9306,11351
32327.662,9307,11351
32340.955,9308,11351
32346.56,9309,11353
32355.286,9310,11353
32365.343,9311,11353
32381.298,9312,11354
32381.335,9313,11354
32381.688,9314,11354
32384.017,9315,11354
32384.434,9316,11354
32391.166,9317,11354
32398.104,9318,11354
32403.393,9319,11354
32433.892,9320,11354
32450.062,9321,11354
32455.342,9322,11354
32472.847,9323,11354
32488.038,9324,11354
32509.774,9325,11354
32530.777,9326,11354
32536.377,9327,11354
32540.972,9328,11354
32541.043,9329,11354
32544.389,9330,11355
32565.935,9331,11355
32579.634,9332,11355
32591.186,9333,11355
32594.895,9334,11355
32594.961,9335,11355
32595.559,9336,11355
32600.339,9337,11355
32619.844,9338,11355
32631.496,9339,11355
32644.396,9340,11355
32644.815,9341,11355
32660.545,9342,11355
32705.122,9343,11355
32713.024,9344,11355
32727.267,9345,11361
32727.839,9346,11361
32727.947,9347,11362
32728.138,9348,11363
32747.03,9349,11363
32766.241,9350,11364
32802.045,9351,11364
32803.592,9352,11364
32803.85,9353,11364
32804.144,9354,11364
32804.728,9355,11364
32825.692,9356,11364
32833.436,9357,11364
32840.873,9358,11364
32845.146,9359,11364
32851.892,9360,11364
32866.641,9361,11364
32900.426,9362,11364
32910.145,9363,11364
32910.159,9364,11364
32910.371,9365,11364
32910.58,9366,11364
32910.829,9367,11364
32914.382,9368,11364
32924.637,9369,11364
32939.489,9370,11364
32958.514,9371,11364
32969.262,9372,11364
32970.356,9373,11364
32972.888,9374,11364
32980.861,9375,11364
32981.451,9376,11364
32989.226,9377,11365
32990.971,9378,11365
32991.256,9379,11365
33002.611,9380,11365
33002.759,9381,11368
33003.966,9382,11369
33010.794,9383,11369
33014.133,9384,11369
33026.234,9385,11369
33048.864,9386,11369
33049.014,9387,11369
33051.249,9388,11369
33056.995,9389,11369
33070.79,9390,11369
33083.182,9391,11369
33085.007,9392,11369
33085.285,9393,11369
33086.637,9394,11369
33087.13,9395,11369
33101.621,9396,11369
33103.7,9397,11369
33111.497,9398,11369
33111.691,9399,11369
33111.761,9400,11369
33112.493,9401,11369
33120.65,9402,11369
33125.058,9403,11369
33131.332,9404,11369
33132.86,9405,11369
33144.075,9406,11369
33151.687,9407,11369
33154.372,9408,11369
33156.299,9409,11369
33185.476,9410,11369
33197.129,9411,11369
33204.718,9412,11369
33207.053,9413,11371
33207.337,9414,11371
33228.211,9415,11371
33228.492,9416,11371
33228.515,9417,11371
33228.544,9418,11371
33235.382,9419,11371
33245.036,9420,11371
33283.386,9421,11371
33287.022,9422,11371
33288.198,9423,11371
33288.921,9424,11371
33293.217,9425,11371
33318.299,9426,11371
33325.411,9427,11371
33325.466,9428,11371
33326.385,9429,11371
33327.245,9430,11371
33330.793,9431,11371
33351.525,9432,11372
33372.248,9433,11372
33381.482,9434,11372
33404.015,9435,11372
33413.275,9436,11372
33420.755,9437,11372
33421.372,9438,11372
33421.917,9439,11372
33422.146,9440,11372
33429.776,9441,11372
33454.887,9442,11372
33478.647,9443,11372
33481.378,9444,11372
33502.776,9445,11372
33524.449,9446,11372
33533.837,9447,11372
33534.038,9448,11372
33534.689,9449,11372
33535.423,9450,11373
33535.662,9451,11373
33536.087,9452,11373
33536.714,9453,11374
33545.782,9454,11374
33578.434,9455,11374
33617.177,9456,11374
33633.88,9457,11374
33634.56,9458,11374
33636.048,9459,11374
33636.614,9460,11374
33640.953,9461,11374
33641.873,9462,11374
33642.596,9463,11374
33647.036,9464,11374
33648.038,9465,11374
33648.4,9466,11374
33654.256,9467,11374
33665.123,9468,11375
33700.101,9469,11375
33700.993,9470,11375
33708.988,9471,11375
33719.627,9472,11375
33721.638,9473,11375
33735.45,9474,11375
33759.292,9475,11375
33775.326,9476,11378
33799.111,9477,11378
33804.62,9478,11378
33813.994,9479,11378
33816.428,9480,11378
33816.487,9481,11378
33819.098,9482,11378
33824.266,9483,11378
33862.307,9484,11378
33863.82,9485,11378
33865.183,9486,11378
33872.219,9487,11378
33876.346,9488,11378
33879.764,9489,11378
33882.89,9490,11378
33893.216,9491,11378
33919.811,9492,11378
33920.01,9493,11378
33931.222,9494,11378
33963.662,9495,11380
33965.107,9496,11380
33965.597,9497,11380
33971.161,9498,11380
33984.57,9499,11380
33985.141,9500,11380
33985.249,9501,11380
33987.778,9502,11380
33993.173,9503,11380
33993.512,9504,11380
33993.585,9505,11380
33993.774,9506,11380
33994.88,9507,11380
33996.094,9508,11380
33997.355,9509,11380
33999.583,9510,11380
34005.094,9511,11380
34006.777,9512,11381
34035.021,9513,11381
34035.89,9514,11381
34087.388,9515,11381
34087.759,9516,11381
34110.376,9517,11381
34146.559,9518,11381
34181.242,9519,11381
34184.535,9520,11381
34202.006,9521,11381
34206.272,9522,11381
34233.52,9523,11381
34235.159,9524,11381
34240.318,9525,11381
34240.751,9526,11381
34240.945,9527,11381
34242.876,9528,11381
34249.167,9529,11381
34252.948,9530,11381
34317.701,9531,11381
34351.143,9532,11381
34352.195,9533,11381
34352.372,9534,11381
34353.741,9535,11381
34356.083,9536,11381
34360.294,9537,11381
34364.84,9538,11382
34366.065,9539,11382
34371.212,9540,11382
34399.479,9541,11382
34399.492,9542,11382
34400.094,9543,11382
34418.532,9544,11382
34420.413,9545,11382
34422.059,9546,11382
34427.163,9547,11382
34431.231,9548,11382
34437.305,9549,11382
34440.43,9550,11382
34455.476,9551,11382
34489.905,9552,11386
34504.337,9553,11386
34549.995,9554,11386
34552.33,9555,11386
34552.625,9556,11386
34554.336,9557,11386
34556.811,9558,11386
34562.268,9559,11386
34562.401,9560,11386
34562.609,9561,11387
34564.055,9562,11387
34567.872,9563,11387
34568.834,9564,11387
34569.57,9565,11387
34575.853,9566,11387
34577.905,9567,11387
34578.141,9568,11387
34622.48,9569,11387
34644.105,9570,11387
34645.9,9571,11387
34646.25,9572,11387
34675.317,9573,11387
34679.027,9574,11387
34679.241,9575,11387
34679.981,9576,11387
34682.095,9577,11387
34703.73,9578,11387
34758.595,9579,11387
34775.637,9580,11387
34777.212,9581,11387
34777.58,9582,11387
34777.659,9583,11387
34822.955,9584,11387
34854.776,9585,11387
34854.908,9586,11387
34854.934,9587,11387
34855.568,9588,11387
34856.084,9589,11388
34856.871,9590,11388
34862.197,9591,11389
34863.024,9592,11390
34864.458,9593,11393
34870.999,9594,11393
34877.656,9595,11393
34940.539,9596,11393
34941.247,9597,11393
34941.32,9598,11393
34941.405,9599,11393
34941.489,9600,11393
34942.218,9601,11393
34942.363,9602,11393
34955.324,9603,11393
34958.511,9604,11393
35002.922,9605,11393
35049.39,9606,11393
35050.156,9607,11393
35053.104,9608,11393
35078.264,9609,11393
35086.257,9610,11393
35103.515,9611,11393
35105.946,9612,11393
35123.628,9613,11393
35154.738,9614,11393
35154.828,9615,11393
35158.505,9616,11396
35165.798,9617,11396
35166.386,9618,11396
35167.252,9619,11396
35173.346,9620,11396
35173.365,9621,11396
35173.48,9622,11396
35174.055,9623,11396
35174.624,9624,11396
35174.948,9625,11396
35181.689,9626,11396
35183.32,9627,11396
35186.383,9628,11397
35203.045,9629,11397
35213.561,9630,11398
35215.799,9631,11398
35231.951,9632,11398
35246.838,9633,11398
35247.927,9634,11398
35249.695,9635,11398
35254.542,9636,11398
35255.183,9637,11398
35259.778,9638,11398
35276.264,9639,11398
35281.253,9640,11401
35290.847,9641,11401
35291.147,9642,11401
35291.177,9643,11401
35291.207,9644,11401
35292.024,9645,11401
35292.637,9646,11401
35295.08,9647,11401
35315.16,9648,11401
35322.149,9649,11401
35375.813,9650,11401
35375.885,9651,11401
35376.573,9652,11401
35376.734,9653,11402
35377.923,9654,11402
35378.395,9655,11402
35379.321,9656,11402
35379.829,9657,11402
35380.669,9658,11402
35399.416,9659,11402
35400.702,9660,11402
35409.666,9661,11402
35415.786,9662,11402
35429.529,9663,11402
35429.57,9664,11402
35430.965,9665,11402
35432.711,9666,11402
35433.241,9667,11402
35445.581,9668,11402
35446.913,9669,11402
35456.21,9670,11402
35456.683,9671,11402
35456.821,9672,11402
35458.101,9673,11402
35458.419,9674,11402
35462.63,9675,11402
35463.61,9676,11402
35463.623,9677,11402
35464.29,9678,11402
35478.55,9679,11402
35497.742,9680,11404
35506.22,9681,11404
35506.242,9682,11404
35506.27,9683,11404
35532.512,9684,11404
35533.681,9685,11404
35535.143,9686,11404
35536.868,9687,11404
35538.71,9688,11404
35547.305,9689,11404
35563.476,9690,11404
35563.51,9691,11404
35564.98,9692,11404
35566.423,9693,11404
35567.209,9694,11404
35572.214,9695,11404
35578.014,9696,11404
35601.728,9697,11404
35610.939,9698,11404
35612.574,9699,11404
35614.946,9700,11404
35632.833,9701,11404
35648.725,9702,11404
35649.562,9703,11404
35649.619,9704,11404
35657.646,9705,11404
35690.055,9706,11404
35693.92,9707,11404
35719.056,9708,11404
35733.321,9709,11404
35737.398,9710,11404
35739.468,9711,11404
35742.432,9712,11404
35761.606,9713,11404
35763.639,9714,11404
35777.001,9715,11404
35780.94,9716,11404
35782.194,9717,11404
35782.774,9718,11404
35785.332,9719,11404
35785.611,9720,11404
35791.503,9721,11404
35791.536,9722,11404
35791.574,9723,11404
35791.587,9724,11404
35792.364,9725,11404
35803.841,9726,11404
35807.073,9727,11405
35812.541,9728,11405
35822.751,9729,11405
35828.823,9730,11405
35837.73,9731,11405
35846.518,9732,11405
35867.153,9733,11405
35867.49,9734,11405
35888.673,9735,11405
35889.281,9736,11405
35893.196,9737,11405
35915.458,9738,11405
35949.82,9739,11405
35958.696,9740,11405
35959.215,9741,11405
35960.308,9742,11405
35960.558,9743,11405
35960.641,9744,11405
35960.913,9745,11405
35961.248,9746,11405
35962.868,9747,11405
35967.418,9748,11405
35969.396,9749,11405
35976.583,9750,11405
35976.637,9751,11405
35977.053,9752,11407
35979.193,9753,11407
35996.503,9754,11407
36012.299,9755,11407
36048.138,9756,11407
36049.523,9757,11407
36062.865,9758,11407
36063.455,9759,11407
36067.211,9760,11407
36073.826,9761,11407
36075.889,9762,11407
36077.873,9763,11407
36079.923,9764,11407
36087.549,9765,11407
36097.57,9766,11407
36097.659,9767,11408
36103.636,9768,11408
36105.716,9769,11408
36105.801,9770,11408
36116.318,9771,11408
36137.744,9772,11408
36139.803,9773,11408
36153.165,9774,11408
36206.158,9775,11408
36214.351,9776,11408
36243.464,9777,11409
36243.537,9778,11410
36248.089,9779,11410
36294.36,9780,11410
36300.807,9781,11410
36300.824,9782,11410
36318.583,9783,11410
36320.329,9784,11410
36331.775,9785,11410
36337.606,9786,11410
36337.761,9787,11410
36358.947,9788,11410
36362.06,9789,11410
36363.852,9790,11410
36365.357,9791,11410
36367.362,9792,11411
36368.184,9793,11411
36381.34,9794,11411
36382.778,9795,11411
36382.792,9796,11411
36387.721,9797,11411
36388.604,9798,11411
36390.436,9799,11411
36395.558,9800,11411
36401.147,9801,11411
36403.345,9802,11411
36406.58,9803,11411
36413.03,9804,11411
36413.047,9805,11411
36414.711,9806,11411
36418.973,9807,11411
36421.962,9808,11411
36444.461,9809,11411
36451.253,9810,11411
36459.579,9811,11412
36460.643,9812,11412
36460.749,9813,11412
36462.785,9814,11413
36463.139,9815,11413
36484.306,9816,11413
36485.922,9817,11413
36525.159,9818,11413
36528.414,9819,11413
36531.708,9820,11413
36536.883,9821,11413
36537.033,9822,11413
36537.048,9823,11413
36548.733,9824,11413
36555.276,9825,11413
36559.782,9826,11413
36560.282,9827,11413
36561.471,9828,11413
36578.188,9829,11413
36597.957,9830,11413
36598.521,9831,11413
36598.814,9832,11413
36599.693,9833,11413
36600.319,9834,11413
36607.388,9835,11413
36607.628,9836,11413
36607.655,9837,11413
36618.951,9838,11413
36620.059,9839,11415
36622.83,9840,11416
36623.246,9841,11418
36633.179,9842,11418
36634.652,9843,11418
36680.361,9844,11418
36697.527,9845,11418
36698.188,9846,11418
36706.75,9847,11419
36708.389,9848,11424
36714.769,9849,11424
36714.913,9850,11424
36730.63,9851,11425
36731.999,9852,11426
36732.837,9853,11428
36733.704,9854,11429
36737.477,9855,11431
36738.83,9856,11431
36742.854,9857,11432
36746.043,9858,11441
36749.461,9859,11441
36750.815,9860,11441
36751.565,9861,11442
36758.167,9862,11445
36760.501,9863,11445
36762.452,9864,11445
36765.017,9865,11446
36765.88,9866,11447
36794.76,9867,11450
36794.867,9868,11451
36795.444,9869,11451
36795.74,9870,11451
36797.878,9871,11451
36804.172,9872,11451
36805.005,9873,11451
36805.146,9874,11452
36827.142,9875,11452
36837.732,9876,11452
36852.46,9877,11452
36857.722,9878,11452
36857.782,9879,11452
36858.272,9880,11452
36858.299,9881,11452
36859.83,9882,11452
36860.525,9883,11452
36863.196,9884,11452
36868.175,9885,11452
36873.188,9886,11454
36876.143,9887,11456
36883.025,9888,11456
36887.387,9889,11457
36895.915,9890,11457
36910.034,9891,11457
36912.358,9892,11457
36912.67,9893,11457
36912.759,9894,11457
36913.337,9895,11457
36917.291,9896,11457
36921.766,9897,11457
36930.193,9898,11457
36933.245,9899,11457
36982.65,9900,11457
36982.803,9901,11457
36983.589,9902,11457
36985.402,9903,11458
36991.597,9904,11458
36991.929,9905,11458
36995.859,9906,11458
37001.158,9907,11458
37014.486,9908,11458
37015.294,9909,11458
37016.512,9910,11458
37019.002,9911,11458
37019.226,9912,11458
37019.356,9913,11458
37020.447,9914,11458
37021.662,9915,11458
37021.924,9916,11458
37022.334,9917,11458
37024.887,9918,11465
37025.236,9919,11465
37036.242,9920,11465
37043.09,9921,11465
37048.469,9922,11465
37073.567,9923,11465
37074.268,9924,11466
37097.344,9925,11468
37097.989,9926,11472
37123.028,9927,11472
37124.772,9928,11472
37125.463,9929,11472
37125.78,9930,11472
37126.207,9931,11472
37127.13,9932,11472
37128.681,9933,11472
37136.634,9934,11472
37151.84,9935,11472
37154.122,9936,11472
37162.018,9937,11472
37173.864,9938,11472
37173.997,9939,11472
37181.538,9940,11472
37202.693,9941,11472
37203.107,9942,11472
37203.438,9943,11472
37206.032,9944,11472
37245.839,9945,11472
37267.24,9946,11472
37267.85,9947,11472
37277.606,9948,11472
37287.131,9949,11472
37287.177,9950,11472
37299.623,9951,11472
37303.73,9952,11472
37304.618,9953,11472
37306.037,9954,11472
37311.98,9955,11473
37312.113,9956,11473
37312.926,9957,11473
37313.081,9958,11473
37313.475,9959,11473
37314.636,9960,11473
37314.888,9961,11473
37315.323,9962,11473
37319.684,9963,11473
37324.522,9964,11473
37327.051,9965,11473
37334.082,9966,11473
37343.358,9967,11477
37345.079,9968,11477
37346.197,9969,11477
37363.738,9970,11477
37373.217,9971,11478
37383.688,9972,11478
37388.506,9973,11478
37388.982,9974,11478
37414.464,9975,11478
37424.123,9976,11478
37424.287,9977,11478
37425.148,9978,11478
37425.175,9979,11478
37425.391,9980,11478
37426.37,9981,11478
37430.497,9982,11478
37431.707,9983,11478
37441.622,9984,11479
37443.054,9985,11479
37456.496,9986,11480
37458.24,9987,11481
37458.668,9988,11481
37460.243,9989,11482
37460.488,9990,11482
37462.566,9991,11483
37543.549,9992,11483
37568.391,9993,11483
37575.45,9994,11483
37586.289,9995,11483
37586.426,9996,11483
37586.663,9997,11483
37588.525,9998,11483
37594.55,9999,11483
37598.107,10000,11483
37602.524,10001,11483
37632.081,10002,11483
37633.275,10003,11483
37634.825,10004,11483
37637.403,10005,11483
37639.206,10006,11483
37647.843,10007,11483
37648.189,10008,11483
37662.343,10009,11483
37668.421,10010,11483
37690.759,10011,11483
37690.823,10012,11483
37695.917,10013,11483
37706.61,10014,11483
37720.296,10015,11483
37802.384,10016,11483
37820.507,10017,11483
37826.306,10018,11483
37847.312,10019,11483
37897.146,10020,11483
37902.204,10021,11483
37924.886,10022,11483
37925.049,10023,11483
37930.724,10024,11483
37945.129,10025,11483
37955.229,10026,11483
37975.153,10027,11483
37975.671,10028,11483
37980.771,10029,11484
37989.67,10030,11484
37990.385,10031,11486
37993.846,10032,11486
37993.946,10033,11486
37995.579,10034,11486
38006.936,10035,11486
38007.107,10036,11486
38010.181,10037,11486
38012.629,10038,11487
38012.736,10039,11487
38021.375,10040,11487
38034.465,10041,11487
38035.555,10042,11490
38035.955,10043,11490
38036.891,10044,11491
38087.508,10045,11491
38092.644,10046,11491
38092.823,10047,11491
38093.572,10048,11491
38094.635,10049,11491
38105.916,10050,11491
38106.398,10051,11491
38137.186,10052,11491
38139.557,10053,11491
38141.735,10054,11491
38146.344,10055,11491
38146.742,10056,11491
38146.816,10057,11491
38146.908,10058,11491
38147.144,10059,11491
38149.893,10060,11491
38224.252,10061,11491
38225.388,10062,11491
38226.081,10063,11491
38234.753,10064,11491
38236.39,10065,11491
38257.504,10066,11491
38262.286,10067,11491
38266.808,10068,11491
38269.99,10069,11491
38278.909,10070,11491
38278.96,10071,11491
38279.814,10072,11491
38326.993,10073,11491
38327.73,10074,11491
38339.276,10075,11491
38341.069,10076,11491
38354.256,10077,11492
38368.557,10078,11492
38391.668,10079,11492
38391.681,10080,11492
38447.829,10081,11492
38454.559,10082,11492
38457.697,10083,11492
38477.565,10084,11492
38502.341,10085,11492
38503.723,10086,11493
38520.124,10087,11493
38520.287,10088,11493
38523.572,10089,11493
38526.68,10090,11493
38531.132,10091,11493
38535.326,10092,11493
38537.748,10093,11493
38542.477,10094,11493
38553.532,10095,11494
38568.026,10096,11494
38593.661,10097,11494
38596.864,10098,11494
38605.717,10099,11494
38612.831,10100,11494
38651.403,10101,11494
38654.209,10102,11494
38685.813,10103,11494
38686.286,10104,11494
38714.013,10105,11494
38733.673,10106,11501
38733.705,10107,11502
38738.603,10108,11502
38738.674,10109,11502
38761.372,10110,11503
38803.959,10111,11503
38804.214,10112,11503
38807.542,10113,11503
38818.601,10114,11503
38819.03,10115,11503
38821.758,10116,11503
38827.705,10117,11503
38828.411,10118,11505
38853.644,10119,11505
38862.837,10120,11505
38863.015,10121,11505
38865.371,10122,11505
38887.961,10123,11505
38888.133,10124,11505
38889.588,10125,11505
38893.015,10126,11505
38893.959,10127,11505
38894.833,10128,11505
38898.44,10129,11505
38920.426,10130,11505
38930.252,10131,11505
38952.639,10132,11505
38971.564,10133,11505
38981.856,10134,11505
38996.965,10135,11505
39000.031,10136,11505
39003.152,10137,11506
39007.743,10138,11506
39029.485,10139,11506
39030.305,10140,11506
39042.507,10141,11506
39044.824,10142,11506
39056.119,10143,11506
39091.64,10144,11506
39092.724,10145,11506
39094.694,10146,11506
39098.046,10147,11506
39108.5,10148,11506
39108.964,10149,11506
39114.91,10150,11506
39145.792,10151,11506
39172.368,10152,11506
39178.158,10153,11506
39197.34,10154,11506
39197.495,10155,11506
39230.163,10156,11506
39250.79,10157,11506
39259.781,10158,11506
39261.715,10159,11506
39277.107,10160,11507
39277.186,10161,11508
39277.406,10162,11508
39278.167,10163,11509
39278.194,10164,11509
39278.327,10165,11510
39278.941,10166,11516
39279.663,10167,11516
39280.267,10168,11516
39280.327,10169,11516
39280.464,10170,11517
39282.898,10171,11517
39288.888,10172,11517
39292.143,10173,11518
39294.503,10174,11518
39296.147,10175,11519
39297.483,10176,11520
39298.771,10177,11520
39300.219,10178,11521
39300.498,10179,11522
39304.581,10180,11522
39307.547,10181,11522
39307.628,10182,11523
39310.527,10183,11524
39312.094,10184,11524
39312.114,10185,11524
39321.027,10186,11525
39321.445,10187,11526
39321.865,10188,11527
39322.13,10189,11527
39323.687,10190,11528
39325.502,10191,11529
39338.631,10192,11530
39370.848,10193,11530
39371.691,10194,11530
39371.953,10195,11530
39372.092,10196,11532
39372.304,10197,11532
39373.981,10198,11532
39377.953,10199,11532
39379.136,10200,11532
39383.135,10201,11532
39383.46,10202,11532
39385.485,10203,11532
39403.569,10204,11532
39414.502,10205,11532
39415.57,10206,11532
39416.223,10207,11532
39417.931,10208,11532
39417.978,10209,11532
39419.623,10210,11532
39427.222,10211,11532
39458.161,10212,11532
39462.279,10213,11532
39462.558,10214,11532
39471.245,10215,11532
39486.665,10216,11537
39510.488,10217,11537
39510.524,10218,11537
39534.492,10219,11538
39570.322,10220,11538
39582.477,10221,11538
39594.623,10222,11538
39595.09,10223,11538
39595.961,10224,11538
39623.763,10225,11538
39631.442,10226,11538
39631.585,10227,11538
39631.616,10228,11538
39635.252,10229,11538
39639.077,10230,11538
39640.604,10231,11538
39642.762,10232,11538
39649.019,10233,11538
39680.698,10234,11538
39682.887,10235,11538
39702.259,10236,11538
39703.466,10237,11538
39716.557,10238,11538
39717.49,10239,11538
39718.319,10240,11538
39719.512,10241,11538
39729.179,10242,11538
39734.557,10243,11538
39735.304,10244,11538
39740.989,10245,11538
39765.888,10246,11538
39766.465,10247,11538
39777.239,10248,11539
39780.793,10249,11539
39821.259,10250,11539
39821.493,10251,11539
39822.889,10252,11539
39822.922,10253,11539
39824.846,10254,11539
39826.099,10255,11539
39828.801,10256,11539
39833.598,10257,11539
39834.708,10258,11539
39836.257,10259,11539
39841.405,10260,11539
39864.572,10261,11539
39865.349,10262,11539
39870.342,10263,11539
39870.717,10264,11539
39871.573,10265,11539
39871.728,10266,11539
39873.422,10267,11539
39879.195,10268,11539
39883.749,10269,11539
39888.972,10270,11539
39906.831,10271,11540
39909.718,10272,11540
39914.717,10273,11540
39914.918,10274,11540
39914.942,10275,11541
39915.098,10276,11541
39915.542,10277,11541
39916.442,10278,11541
39917.022,10279,11541
39918.136,10280,11541
39920.36,10281,11541
39922.013,10282,11541
39922.509,10283,11541
39926.857,10284,11542
39941.299,10285,11542
39952.822,10286,11542
39953.711,10287,11543
39966.156,10288,11543
40005.975,10289,11543
40014.632,10290,11543
40039.17,10291,11543
40039.637,10292,11543
40075.369,10293,11543
40080.276,10294,11543
40094.121,10295,11543
40095.042,10296,11543
40096.593,10297,11543
40098.753,10298,11543
40113.408,10299,11543
40113.763,10300,11544
40121.476,10301,11544
40125.744,10302,11544
40159.864,10303,11544
40161.228,10304,11544
40225.536,10305,11544
40228.245,10306,11544
40234.897,10307,11544
40240.38,10308,11544
40241.948,10309,11544
40257.602,10310,11544
40265.056,10311,11544
40276.569,10312,11544
40293.051,10313,11544
40307.415,10314,11544
40325.87,10315,11544
40329.319,10316,11544
40335.949,10317,11544
40336.749,10318,11544
40353.125,10319,11555
40367.501,10320,11556
40381.464,10321,11556
40398.727,10322,11556
40401.737,10323,11556
40440.964,10324,11556
40441.093,10325,11556
40441.445,10326,11557
40446.988,10327,11557
40466.386,10328,11557
40466.773,10329,11557
40468.813,10330,11557
40473.135,10331,11557
40487.95,10332,11557
40493.46,10333,11557
40496.562,10334,11557
40502.771,10335,11557
40504.707,10336,11557
40528.447,10337,11557
40536.295,10338,11557
40545.929,10339,11557
40554.163,10340,11557
40568.361,10341,11557
40569.62,10342,11557
40576.374,10343,11557
40590.707,10344,11557
40592.621,10345,11557
40593.055,10346,11557
40596.329,10347,11557
40597.398,10348,11557
40601.916,10349,11557
40621.264,10350,11557
40625.932,10351,11558
40626.183,10352,11558
40626.982,10353,11558
40638.981,10354,11558
40643.661,10355,11559
40648.874,10356,11559
40649.134,10357,11559
40649.507,10358,11559
40675.489,10359,11559
40694.558,10360,11560
40703.025,10361,11560
40717.588,10362,11560
40717.827,10363,11560
40738.86,10364,11560
40739.9,10365,11560
40745.117,10366,11560
40745.272,10367,11560
40747.329,10368,11560
40747.431,10369,11560
40750.643,10370,11560
40763.137,10371,11560
40763.607,10372,11560
40768.037,10373,11560
40768.275,10374,11560
40783.506,10375,11560
40783.71,10376,11560
40794.349,10377,11560
40818.584,10378,11560
40819.378,10379,11560
40819.447,10380,11560
40865.249,10381,11560
40875.145,10382,11560
40979.241,10383,11560
41017.926,10384,11560
41018.762,10385,11560
41051.758,10386,11560
41063.747,10387,11560
41075.511,10388,11560
41087.441,10389,11560
41116.354,10390,11560
41127.558,10391,11560
41127.793,10392,11560
41131.821,10393,11560
41133.244,10394,11560
41134.211,10395,11560
41135.372,10396,11560
41136.533,10397,11560
41138.364,10398,11560
41139.06,10399,11560
41142.195,10400,11560
41142.751,10401,11560
41143.796,10402,11560
41145.028,10403,11560
41163.055,10404,11560
41174.697,10405,11560
41174.948,10406,11560
41179.546,10407,11560
41193.288,10408,11560
41193.38,10409,11560
41193.406,10410,11560
41193.469,10411,11560
41198.176,10412,11560
41214.857,10413,11560
41228.146,10414,11560
41252.058,10415,11560
41252.085,10416,11560
41252.134,10417,11560
41255.312,10418,11560
41258.934,10419,11560
41264.734,10420,11560
41267.984,10421,11560
41283.268,10422,11560
41290.145,10423,11560
41300.933,10424,11560
41302.196,10425,11560
41314.414,10426,11560
41336.052,10427,11564
41343.235,10428,11564
41351.389,10429,11564
41353.317,10430,11566
41402.03,10431,11566
41402.114,10432,11567
41419.509,10433,11567
41436.696,10434,11567
41437.056,10435,11567
41437.353,10436,11567
41438.148,10437,11567
41442.887,10438,11567
41477.069,10439,11567
41480.456,10440,11567
41483.576,10441,11567
41493.268,10442,11567
41501.584,10443,11568
41545.471,10444,11568
41545.5,10445,11568
41545.59,10446,11568
41546.0,10447,11568
41547.283,10448,11568
41579.724,10449,11568
41579.874,10450,11568
41580.338,10451,11568
41581.678,10452,11568
41585.155,10453,11568
41586.825,10454,11568
41593.153,10455,11568
41595.147,10456,11568
41596.589,10457,11568
41600.031,10458,11568
41603.845,10459,11568
41627.132,10460,11568
41635.008,10461,11568
41659.66,10462,11568
41666.399,10463,11568
41666.806,10464,11568
41668.55,10465,11568
41686.346,10466,11568
41697.852,10467,11568
41700.133,10468,11569
41716.637,10469,11569
41720.72,10470,11569
41720.874,10471,11569
41720.893,10472,11569
41736.154,10473,11569
41736.913,10474,11569
41765.133,10475,11569
41765.895,10476,11569
41772.312,10477,11569
41804.57,10478,11569
41807.372,10479,11569
41930.486,10480,11569
41934.409,10481,11569
41958.183,10482,11569
41971.958,10483,11569
41972.737,10484,11569
41985.413,10485,11569
42004.476,10486,11571
42045.026,10487,11571
42046.044,10488,11571
42059.269,10489,11571
42075.721,10490,11571
42082.957,10491,11571
42083.153,10492,11571
42084.384,10493,11571
42084.435,10494,11571
42086.504,10495,11571
42089.457,10496,11572
42099.183,10497,11572
42114.504,10498,11572
42124.234,10499,11572
42125.008,10500,11572
42136.278,10501,11572
42152.741,10502,11572
42164.572,10503,11572
42167.16,10504,11572
42167.287,10505,11572
42172.009,10506,11572
42172.411,10507,11572
42190.879,10508,11572
42191.467,10509,11572
42191.861,10510,11572
42236.378,10511,11572
42242.681,10512,11572
42244.146,10513,11572
42250.426,10514,11572
42251.111,10515,11572
42256.255,10516,11572
42259.37,10517,11574
42277.355,10518,11574
42282.763,10519,11574
42285.076,10520,11574
42290.096,10521,11574
42290.133,10522,11574
42291.666,10523,11574
42293.52,10524,11574
42295.177,10525,11574
42302.287,10526,11579
42318.914,10527,11579
42325.783,10528,11579
42326.448,10529,11579
42326.658,10530,11579
42327.867,10531,11582
42336.746,10532,11582
42351.222,10533,11582
42358.347,10534,11582
42371.576,10535,11582
42371.971,10536,11582
42373.949,10537,11582
42383.39,10538,11582
42384.128,10539,11582
42391.702,10540,11582
42399.657,10541,11582
42419.007,10542,11582
42431.939,10543,11582
42432.015,10544,11582
42451.484,10545,11582
42455.659,10546,11582
42456.946,10547,11582
42457.035,10548,11582
42457.13,10549,11582
42466.135,10550,11582
42466.608,10551,11583
42483.874,10552,11583
42494.121,10553,11583
42495.371,10554,11583
42497.479,10555,11583
42514.431,10556,11583
42519.45,10557,11583
42537.176,10558,11583
42539.057,10559,11583
42551.966,10560,11583
42559.519,10561,11583
42563.736,10562,11583
42563.939,10563,11583
42567.859,10564,11585
42568.561,10565,11590
42572.298,10566,11590
42576.737,10567,11590
42578.227,10568,11590
42594.883,10569,11590
42609.661,10570,11590
42615.404,10571,11590
42619.485,10572,11590
42666.144,10573,11590
42689.999,10574,11590
42690.66,10575,11590
42691.642,10576,11590
42727.927,10577,11590
42729.151,10578,11590
42749.527,10579,11590
42769.141,10580,11590
42770.186,10581,11590
42771.093,10582,11590
42773.267,10583,11590
42793.48,10584,11590
42793.655,10585,11590
42798.256,10586,11590
42804.157,10587,11590
42815.612,10588,11590
42818.801,10589,11590
42844.328,10590,11590
42875.521,10591,11590
42882.284,10592,11590
42883.615,10593,11590
42902.855,10594,11590
42911.507,10595,11591
42912.282,10596,11592
42912.322,10597,11592
42912.342,10598,11592
42947.909,10599,11592
42955.241,10600,11592
42966.567,10601,11592
42987.108,10602,11592
43007.135,10603,11592
43013.436,10604,11592
43022.792,10605,11592
43038.121,10606,11592
43044.568,10607,11593
43046.246,10608,11593
43074.537,10609,11593
43074.589,10610,11593
43081.097,10611,11593
43086.677,10612,11593
43089.827,10613,11593
43090.034,10614,11593
43110.405,10615,11593
43124.656,10616,11593
43125.688,10617,11593
43126.028,10618,11593
43134.664,10619,11593
43180.44,10620,11593
43188.679,10621,11593
43195.523,10622,11593
43229.098,10623,11593
43231.123,10624,11593
43231.39,10625,11593
43242.92,10626,11593
43250.782,10627,11593
43266.72,10628,11593
43272.914,10629,11593
43272.93,10630,11593
43272.957,10631,11593
43273.134,10632,11593
43273.637,10633,11593
43294.775,10634,11593
43310.038,10635,11593
43313.068,10636,11593
43315.487,10637,11593
43322.428,10638,11593
43337.373,10639,11594
43337.905,10640,11595
43363.715,10641,11595
43365.149,10642,11595
43367.379,10643,11595
43404.263,10644,11595
43404.858,10645,11595
43435.496,10646,11595
43435.625,10647,11595
43436.671,10648,11595
43439.639,10649,11595
43454.052,10650,11595
43460.404,10651,11595
43460.646,10652,11595
43462.002,10653,11595
43463.08,10654,11595
43463.433,10655,11595
43466.219,10656,11595
43507.463,10657,11595
43515.159,10658,11595
43538.629,10659,11595
43542.178,10660,11596
43555.742,10661,11596
43556.542,10662,11596
43563.146,10663,11596
43564.497,10664,11596
43578.031,10665,11596
43618.603,10666,11596
43619.788,10667,11596
43619.833,10668,11596
43620.024,10669,11596
43620.937,10670,11596
43621.333,10671,11597
43624.634,10672,11597
43627.071,10673,11597
43648.651,10674,11598
43703.139,10675,11598
43708.112,10676,11598
43727.294,10677,11598
43733.931,10678,11598
43735.29,10679,11598
43742.282,10680,11598
43744.549,10681,11598
43747.752,10682,11598
43749.403,10683,11598
43756.58,10684,11598
43781.635,10685,11600
43796.067,10686,11600
43805.685,10687,11600
43806.261,10688,11602
43810.4,10689,11602
43813.983,10690,11602
43818.429,10691,11602
43823.298,10692,11603
43824.121,10693,11604
43838.491,10694,11605
43839.466,10695,11605
43846.859,10696,11605
43863.172,10697,11605
43874.852,10698,11605
43901.592,10699,11605
43901.86,10700,11605
43902.042,10701,11605
43914.676,10702,11608
43915.967,10703,11608
43944.209,10704,11608
43975.196,10705,11608
43981.173,10706,11608
43992.113,10707,11608
43994.129,10708,11608
44007.863,10709,11608
44025.299,10710,11608
44025.498,10711,11608
44034.306,10712,11609
44092.476,10713,11609
44101.154,10714,11609
44137.324,10715,11609
44137.684,10716,11609
44156.341,10717,11609
44161.271,10718,11609
44165.278,10719,11609
44170.291,10720,11609
44181.273,10721,11609
44181.321,10722,11609
44181.617,10723,11609
44181.667,10724,11609
44181.701,10725,11609
44181.823,10726,11609
44181.868,10727,11609
44181.944,10728,11609
44182.133,10729,11609
44182.559,10730,11609
44182.855,10731,11609
44183.011,10732,11609
44183.68,10733,11609
44183.771,10734,11609
44184.086,10735,11609
44184.131,10736,11609
44184.152,10737,11609
44184.366,10738,11609
44184.404,10739,11609
44184.534,10740,11609
44184.672,10741,11609
44184.899,10742,11609
44185.057,10743,11609
44185.43,10744,11609
44185.749,10745,11609
44185.913,10746,11609
44186.507,10747,11609
44186.844,10748,11609
44186.891,10749,11609
44186.983,10750,11609
44187.015,10751,11609
44187.185,10752,11609
44187.329,10753,11609
44187.417,10754,11609
44187.721,10755,11609
44187.897,10756,11609
44188.634,10757,11609
44189.203,10758,11609
44189.273,10759,11609
44189.668,10760,11609
44189.913,10761,11609
44189.93,10762,11609
44189.988,10763,11610
44190.239,10764,11610
44190.371,10765,11610
44190.516,10766,11610
44190.55,10767,11610
44190.975,10768,11610
44191.288,10769,11610
44191.575,10770,11610
44191.759,10771,11610
44191.99,10772,11610
44192.063,10773,11610
44192.273,10774,11610
44192.296,10775,11610
44192.936,10776,11610
44193.047,10777,11610
44193.398,10778,11610
44193.917,10779,11610
44194.243,10780,11610
44194.735,10781,11610
44194.874,10782,11610
44195.647,10783,11610
44195.951,10784,11610
44197.206,10785,11610
44198.68,10786,11610
44199.049,10787,11610
44199.386,10788,11610
44199.883,10789,11610
44200.204,10790,11610
44201.252,10791,11610
44201.534,10792,11610
44204.085,10793,11610
44204.174,10794,11610
44204.677,10795,11610
44205.541,10796,11610
44205.681,10797,11610
44205.695,10798,11610
44205.919,10799,11610
44206.349,10800,11610
44206.451,10801,11610
44206.584,10802,11610
44207.039,10803,11610
44207.708,10804,11610
44208.678,10805,11610
44209.442,10806,11610
44209.527,10807,11610
44210.1,10808,11610
44211.099,10809,11610
44211.299,10810,11610
44211.425,10811,11610
44211.61,10812,11610
44212.813,10813,11610
44213.14,10814,11610
44213.438,10815,11610
44213.598,10816,11610
44213.79,10817,11610
44214.362,10818,11610
44216.719,10819,11610
44243.694,10820,11610
44244.242,10821,11610
44244.34,10822,11610
44246.712,10823,11610
44248.78,10824,11610
44250.728,10825,11610
44251.14,10826,11610
44251.221,10827,11610
44252.707,10828,11610
44253.345,10829,11610
44254.136,10830,11610
44254.822,10831,11610
44255.614,10832,11610
44256.231,10833,11610
44260.413,10834,11610
44261.716,10835,11610
44264.2,10836,11610
44264.552,10837,11610
44264.576,10838,11610
44266.928,10839,11610
44268.106,10840,11610
44268.623,10841,11610
44268.833,10842,11610
44269.932,10843,11610
44270.182,10844,11610
44270.266,10845,11610
44270.42,10846,11610
44271.485,10847,11610
44273.003,10848,11610
44274.909,10849,11610
44275.0,10850,11610
44275.623,10851,11610
44275.667,10852,11610
44275.888,10853,11610
44275.955,10854,11610
44276.039,10855,11610
44276.074,10856,11610
44276.229,10857,11610
44276.567,10858,11610
44276.7,10859,11610
44276.756,10860,11610
44277.116,10861,11610
44277.501,10862,11610
44277.902,10863,11610
44278.069,10864,11610
44279.252,10865,11610
44279.853,10866,11610
44280.716,10867,11610
44281.162,10868,11610
44281.387,10869,11610
44282.769,10870,11610
44283.266,10871,11610
44283.658,10872,11610
44284.438,10873,11610
44285.336,10874,11610
44285.533,10875,11610
44286.32,10876,11610
44287.02,10877,11610
44287.556,10878,11610
44287.983,10879,11610
44289.577,10880,11610
44289.666,10881,11610
44289.731,10882,11610
44289.751,10883,11610
44290.616,10884,11610
44290.822,10885,11610
44290.884,10886,11610
44291.217,10887,11610
44291.231,10888,11610
44292.181,10889,11610
44292.367,10890,11610
44292.609,10891,11610
44292.644,10892,11610
44293.096,10893,11610
44293.388,10894,11610
44293.491,10895,11610
44293.58,10896,11610
44294.029,10897,11610
44294.094,10898,11610
44294.207,10899,11610
44296.207,10900,11610
44296.503,10901,11610
44296.882,10902,11610
44297.173,10903,11610
44297.905,10904,11610
44298.889,10905,11610
44299.934,10906,11613
44300.902,10907,11613
44301.24,10908,11613
44301.764,10909,11613
44303.039,10910,11613
44303.224,10911,11613
44304.478,10912,11613
44304.495,10913,11613
44304.973,10914,11613
44305.125,10915,11613
44306.015,10916,11613
44307.044,10917,11613
44307.322,10918,11613
44307.561,10919,11613
44307.841,10920,11613
44308.487,10921,11613
44309.337,10922,11613
44311.005,10923,11613
44311.025,10924,11613
44311.198,10925,11613
44311.983,10926,11613
44312.204,10927,11613
44312.847,10928,11613
44313.157,10929,11613
44314.035,10930,11613
44314.607,10931,11613
44314.739,10932,11613
44316.596,10933,11613
44317.983,10934,11613
44318.046,10935,11613
44318.73,10936,11613
44320.079,10937,11613
44320.362,10938,11613
44320.652,10939,11613
44320.899,10940,11613
44321.292,10941,11613
44321.758,10942,11613
44321.967,10943,11613
44322.366,10944,11613
44323.909,10945,11613
44324.006,10946,11613
44324.077,10947,11613
44324.539,10948,11613
44325.335,10949,11613
44326.669,10950,11613
44326.961,10951,11613
44327.46,10952,11613
44327.521,10953,11613
44327.846,10954,11613
44328.643,10955,11613
44329.111,10956,11613
44329.148,10957,11613
44331.85,10958,11613
44332.937,10959,11613
44333.781,10960,11613
44336.306,10961,11613
44337.369,10962,11613
44338.326,10963,11613
44338.982,10964,11613
44341.537,10965,11613
44341.594,10966,11613
44342.7,10967,11613
44344.465,10968,11613
44347.176,10969,11613
44347.37,10970,11613
44348.255,10971,11613
44348.409,10972,11613
44348.629,10973,11613
44348.73,10974,11613
44348.84,10975,11613
44348.862,10976,11613
44348.895,10977,11613
44349.434,10978,11613
44349.815,10979,11613
44349.861,10980,11613
44350.086,10981,11613
44350.123,10982,11613
44350.164,10983,11613
44350.245,10984,11613
44350.446,10985,11613
44350.696,10986,11613
44350.888,10987,11613
44351.404,10988,11613
44351.919,10989,11613
44351.99,10990,11613
44352.358,10991,11613
44352.948,10992,11613
44353.042,10993,11613
44353.304,10994,11613
44353.752,10995,11613
44354.081,10996,11613
44354.397,10997,11613
44354.923,10998,11613
44355.259,10999,11613
44355.287,11000,11613
44357.762,11001,11613
44357.861,11002,11613
44359.034,11003,11613
44359.402,11004,11613
44361.936,11005,11613
44362.089,11006,11613
44362.362,11007,11613
44362.711,11008,11613
44362.959,11009,11613
44364.869,11010,11613
44365.012,11011,11613
44365.381,11012,11613
44365.776,11013,11613
44366.438,11014,11613
44366.671,11015,11613
44367.034,11016,11614
44367.999,11017,11614
44369.755,11018,11614
44369.847,11019,11614
44370.61,11020,11614
44371.261,11021,11614
44372.235,11022,11614
44372.633,11023,11614
44373.833,11024,11614
44374.974,11025,11614
44377.24,11026,11614
44377.432,11027,11614
44377.645,11028,11614
44377.956,11029,11614
44378.226,11030,11614
44378.769,11031,11614
44378.818,11032,11614
44379.899,11033,11614
44381.201,11034,11614
44381.488,11035,11614
44381.822,11036,11614
44381.951,11037,11614
44382.761,11038,11614
44385.154,11039,11614
44385.688,11040,11614
44387.484,11041,11614
44387.535,11042,11614
44392.545,11043,11614
44395.009,11044,11614
44396.072,11045,11614
44397.436,11046,11614
44397.505,11047,11614
44397.656,11048,11614
44397.836,11049,11614
44398.356,11050,11614
44398.401,11051,11614
44398.465,11052,11614
44399.534,11053,11614
44399.636,11054,11614
44400.519,11055,11614
44400.73,11056,11614
44401.258,11057,11614
44402.974,11058,11614
44403.012,11059,11614
44403.383,11060,11614
44403.657,11061,11614
44404.987,11062,11614
44405.399,11063,11614
44406.11,11064,11614
44406.919,11065,11614
44407.456,11066,11614
44407.555,11067,11614
44407.667,11068,11614
44408.721,11069,11614
44409.858,11070,11614
44409.941,11071,11614
44410.783,11072,11614
44410.858,11073,11614
44411.943,11074,11614
44412.174,11075,11614
44412.94,11076,11614
44413.035,11077,11614
44414.321,11078,11614
44414.477,11079,11614
44414.529,11080,11614
44414.575,11081,11614
44415.957,11082,11614
44416.059,11083,11614
44416.822,11084,11614
44417.636,11085,11614
44419.203,11086,11614
44419.617,11087,11614
44419.681,11088,11614
44419.766,11089,11614
44420.627,11090,11614
44421.772,11091,11614
44422.622,11092,11614
44422.79,11093,11614
44423.365,11094,11614
44423.798,11095,11614
44424.51,11096,11614
44425.819,11097,11614
44426.022,11098,11614
44426.324,11099,11614
44426.516,11100,11614
44426.6,11101,11614
44426.93,11102,11614
44426.953,11103,11614
44427.084,11104,11614
44427.933,11105,11614
44428.537,11106,11614
44429.134,11107,11614
44429.243,11108,11614
44429.737,11109,11614
44432.293,11110,11614
44433.17,11111,11614
44433.341,11112,11614
44435.376,11113,11614
44435.656,11114,11614
44436.541,11115,11614
44439.253,11116,11614
44439.528,11117,11614
44439.986,11118,11614
44441.195,11119,11615
44441.519,11120,11615
44441.693,11121,11615
44442.431,11122,11615
44442.542,11123,11615
44445.162,11124,11615
44445.432,11125,11615
44448.423,11126,11615
44448.547,11127,11615
44449.189,11128,11615
44452.875,11129,11615
44452.912,11130,11615
44454.688,11131,11615
44455.127,11132,11615
44456.293,11133,11615
44456.935,11134,11615
44458.483,11135,11615
44458.772,11136,11615
44459.574,11137,11615
44460.813,11138,11615
44461.184,11139,11615
44465.806,11140,11615
44467.173,11141,11615
44467.327,11142,11615
44467.397,11143,11615
44467.695,11144,11615
44467.885,11145,11615
44467.948,11146,11615
44468.111,11147,11615
44468.196,11148,11615
44468.567,11149,11615
44470.564,11150,11615
44472.682,11151,11615
44473.446,11152,11615
44473.766,11153,11615
44475.411,11154,11615
44476.326,11155,11615
44476.869,11156,11615
44477.593,11157,11615
44478.834,11158,11615
44480.509,11159,11615
44480.546,11160,11615
44480.692,11161,11615
44480.716,11162,11615
44480.969,11163,11615
44482.434,11164,11615
44484.928,11165,11615
44484.958,11166,11615
44487.968,11167,11615
44489.422,11168,11615
44493.01,11169,11615
44493.863,11170,11615
44495.737,11171,11615
44497.177,11172,11615
44497.459,11173,11615
44498.939,11174,11615
44499.371,11175,11615
44503.723,11176,11615
44504.0,11177,11615
44505.94,11178,11615
44506.187,11179,11615
44506.469,11180,11615
44507.548,11181,11615
44507.923,11182,11615
44507.949,11183,11615
44508.191,11184,11615
44508.377,11185,11615
44508.395,11186,11615
44508.583,11187,11615
44508.707,11188,11615
44509.325,11189,11615
44510.73,11190,11615
44510.922,11191,11615
44511.695,11192,11615
44513.375,11193,11615
44513.868,11194,11615
44514.658,11195,11615
44515.086,11196,11615
44517.862,11197,11615
44518.285,11198,11615
44518.93,11199,11615
44520.27,11200,11615
44520.368,11201,11615
44521.405,11202,11615
44521.78,11203,11615
44523.378,11204,11615
44523.777,11205,11615
44524.127,11206,11615
44525.688,11207,11615
44527.631,11208,11615
44528.846,11209,11615
44535.26,11210,11615
44539.038,11211,11615
44541.615,11212,11615
44543.7,11213,11615
44544.324,11214,11615
44544.689,11215,11615
44546.55,11216,11615
44546.718,11217,11615
44547.593,11218,11615
44549.752,11219,11615
44551.229,11220,11615
44552.823,11221,11615
44552.941,11222,11615
44553.392,11223,11615
44553.455,11224,11615
44555.997,11225,11615
44557.696,11226,11615
44558.452,11227,11615
44558.699,11228,11615
44559.865,11229,11615
44561.234,11230,11615
44562.814,11231,11615
44563.26,11232,11615
44564.509,11233,11615
44565.556,11234,11615
44566.209,11235,11615
44569.379,11236,11615
44572.538,11237,11615
44574.475,11238,11615
44576.514,11239,11615
44581.884,11240,11615
44583.569,11241,11615
44587.905,11242,11615
44588.697,11243,11615
44588.966,11244,11615
44589.023,11245,11615
44589.137,11246,11615
44589.37,11247,11615
44589.405,11248,11615
44589.634,11249,11615
44590.401,11250,11615
44590.694,11251,11615
44591.069,11252,11615
44591.28,11253,11615
44591.429,11254,11615
44591.656,11255,11615
44592.999,11256,11615
44593.09,11257,11615
44593.664,11258,11615
44594.391,11259,11615
44595.247,11260,11616
44595.653,11261,11616
44596.75,11262,11616
44596.927,11263,11616
44597.947,11264,11616
44600.724,11265,11616
44601.011,11266,11616
44603.614,11267,11616
44605.692,11268,11616
44609.332,11269,11616
44609.379,11270,11616
44610.187,11271,11616
44616.614,11272,11616
44617.077,11273,11616
44618.326,11274,11616
44619.988,11275,11616
44623.015,11276,11616
44636.848,11277,11616
44639.679,11278,11616
44643.6,11279,11616
44644.764,11280,11616
44644.809,11281,11616
44645.142,11282,11616
44646.136,11283,11616
44647.277,11284,11616
44647.992,11285,11616
44653.354,11286,11616
44654.611,11287,11616
44655.209,11288,11616
44656.1,11289,11616
44656.506,11290,11616
44658.283,11291,11616
44659.004,11292,11616
44662.287,11293,11616
44664.591,11294,11616
44665.013,11295,11616
44665.057,11296,11616
44667.94,11297,11616
44670.545,11298,11616
44671.081,11299,11616
44671.12,11300,11616
44673.835,11301,11616
44674.991,11302,11616
44675.729,11303,11616
44677.692,11304,11616
44682.087,11305,11616
44682.866,11306,11616
44683.187,11307,11616
44684.535,11308,11616
44684.614,11309,11616
44686.582,11310,11616
44698.008,11311,11616
44700.75,11312,11616
44702.896,11313,11616
44703.669,11314,11616
44704.539,11315,11616
44711.749,11316,11616
44712.16,11317,11616
44712.452,11318,11616
44715.225,11319,11616
44716.009,11320,11616
44716.661,11321,11616
44718.299,11322,11616
44734.843,11323,11616
44736.386,11324,11616
44736.467,11325,11616
44737.256,11326,11616
44738.089,11327,11616
44738.193,11328,11616
44738.402,11329,11616
44738.707,11330,11616
44739.732,11331,11616
44740.154,11332,11616
44741.143,11333,11616
44744.795,11334,11616
44749.185,11335,11616
44750.107,11336,11616
44750.323,11337,11616
44754.988,11338,11616
44757.032,11339,11616
44758.367,11340,11616
44759.241,11341,11616
44759.701,11342,11616
44763.961,11343,11616
44766.761,11344,11616
44767.789,11345,11616
44767.958,11346,11616
44770.931,11347,11616
44771.19,11348,11616
44772.089,11349,11616
44773.655,11350,11616
44775.591,11351,11616
44775.854,11352,11616
44775.949,11353,11616
44777.89,11354,11616
44781.596,11355,11616
44786.625,11356,11616
44786.932,11357,11616
44788.111,11358,11616
44788.345,11359,11616
44791.87,11360,11616
44792.646,11361,11616
44795.113,11362,11616
44798.715,11363,11616
44802.119,11364,11616
44805.67,11365,11616
44806.0,11366,11616
44811.191,11367,11616
44812.338,11368,11616
44812.562,11369,11616
44814.319,11370,11616
44814.864,11371,11616
44815.176,11372,11616
44815.643,11373,11616
44815.763,11374,11616
44818.68,11375,11616
44821.62,11376,11616
44823.16,11377,11616
44823.339,11378,11616
44824.24,11379,11616
44827.349,11380,11616
44827.916,11381,11616
44829.467,11382,11616
44829.67,11383,11616
44830.831,11384,11616
44831.197,11385,11616
44831.467,11386,11616
44831.696,11387,11616
44833.2,11388,11616
44833.294,11389,11616
44834.221,11390,11616
44835.053,11391,11616
44838.87,11392,11616
44840.906,11393,11616
44843.697,11394,11616
44844.965,11395,11616
44845.536,11396,11616
44847.946,11397,11616
44848.235,11398,11616
44849.773,11399,11616
44850.884,11400,11616
44855.574,11401,11616
44859.016,11402,11616
44859.517,11403,11616
44863.543,11404,11616
44869.173,11405,11616
44875.692,11406,11616
44876.95,11407,11616
44884.421,11408,11616
44885.154,11409,11616
44885.323,11410,11616
44885.995,11411,11616
44887.725,11412,11616
44888.004,11413,11616
44893.008,11414,11616
44893.602,11415,11616
44894.855,11416,11616
44895.336,11417,11616
44895.653,11418,11616
44901.227,11419,11616
44904.221,11420,11616
44909.045,11421,11616
44920.913,11422,11616
44922.953,11423,11616
44925.103,11424,11616
44926.368,11425,11616
44928.037,11426,11616
44932.633,11427,11616
44934.856,11428,11616
44939.732,11429,11616
44944.548,11430,11616
44946.343,11431,11616
44946.623,11432,11616
44947.428,11433,11616
44949.083,11434,11616
44950.475,11435,11616
44954.047,11436,11616
44959.083,11437,11616
44961.921,11438,11616
44962.869,11439,11616
44963.85,11440,11616
44964.5,11441,11616
44965.162,11442,11616
44965.589,11443,11616
44966.418,11444,11616
44970.48,11445,11616
44974.856,11446,11616
44975.615,11447,11616
44976.169,11448,11616
44978.226,11449,11616
44981.544,11450,11616
44982.73,11451,11616
44993.789,11452,11616
44995.105,11453,11616
44996.967,11454,11616
44998.959,11455,11616
45000.918,11456,11616
45001.893,11457,11616
45004.862,11458,11616
45005.2,11459,11616
45005.625,11460,11616
45009.191,11461,11616
45009.393,11462,11616
45009.825,11463,11616
45013.389,11464,11616
45014.941,11465,11616
45014.989,11466,11616
45016.937,11467,11616
45021.556,11468,11616
45028.082,11469,11616
45032.126,11470,11616
45032.339,11471,11616
45033.088,11472,11616
45033.886,11473,11616
45035.227,11474,11616
45037.145,11475,11616
45040.702,11476,11616
45043.842,11477,11616
45043.859,11478,11616
45050.069,11479,11616
45050.096,11480,11616
45054.082,11481,11616
45060.796,11482,11616
45064.847,11483,11616
45066.438,11484,11616
45070.19,11485,11616
45070.359,11486,11616
45070.388,11487,11616
45076.685,11488,11616
45078.935,11489,11616
45082.305,11490,11616
45083.385,11491,11616
45085.267,11492,11616
45091.166,11493,11616
45093.199,11494,11616
45097.823,11495,11616
45099.213,11496,11616
45102.692,11497,11616
45106.974,11498,11616
45109.656,11499,11616
45115.357,11500,11616
45115.404,11501,11616
45116.339,11502,11616
45117.313,11503,11616
45124.732,11504,11616
45127.707,11505,11616
45130.716,11506,11616
45133.4,11507,11616
45135.389,11508,11616
45139.227,11509,11616
45139.699,11510,11616
45143.883,11511,11616
45149.101,11512,11616
45150.253,11513,11616
45151.892,11514,11616
45152.251,11515,11616
45153.063,11516,11616
45160.539,11517,11616
45161.455,11518,11616
45161.555,11519,11616
45162.735,11520,11616
45163.893,11521,11616
45168.567,11522,11616
45173.072,11523,11616
45176.131,11524,11616
45185.471,11525,11616
45187.569,11526,11616
45188.926,11527,11616
45192.326,11528,11616
45199.239,11529,11616
45199.357,11530,11616
45204.679,11531,11616
45204.743,11532,11616
45211.112,11533,11616
45212.514,11534,11616
45214.247,11535,11616
45215.005,11536,11616
45216.813,11537,11616
45218.533,11538,11616
45223.323,11539,11616
45234.057,11540,11616
45239.319,11541,11616
45242.778,11542,11616
45245.591,11543,11616
45249.051,11544,11616
45251.559,11545,11616
45251.841,11546,11616
45252.265,11547,11616
45257.505,11548,11616
45259.031,11549,11616
45267.337,11550,11616
45268.446,11551,11616
45274.776,11552,11616
45278.181,11553,11616
45283.638,11554,11616
45284.792,11555,11616
45286.732,11556,11616
45287.369,11557,11616
45290.393,11558,11616
45290.563,11559,11616
45292.22,11560,11616
45292.922,11561,11616
45295.3,11562,11616
45296.3,11563,11616
45299.917,11564,11616
45308.349,11565,11616
45310.219,11566,11616
45310.912,11567,11616
45311.354,11568,11616
45311.786,11569,11616
45311.966,11570,11616
45312.336,11571,11616
45314.86,11572,11616
45317.1,11573,11616
45324.817,11574,11616
45327.26,11575,11616
45336.611,11576,11616
45340.382,11577,11616
45341.208,11578,11616
45341.302,11579,11616
45341.68,11580,11616
45343.987,11581,11616
45346.878,11582,11616
45349.135,11583,11616
45352.215,11584,11616
45352.668,11585,11616
45364.548,11586,11616
45365.697,11587,11616
45369.822,11588,11616
45375.316,11589,11616
45375.921,11590,11616
45376.492,11591,11616
45381.593,11592,11616
45384.21,11593,11616
45386.765,11594,11616
45387.526,11595,11616
45388.708,11596,11616
45389.053,11597,11616
45394.062,11598,11616
45394.912,11599,11616
45397.33,11600,11616
45405.5,11601,11616
45410.409,11602,11616
45415.032,11603,11616
45418.53,11604,11616
45420.394,11605,11616
45421.746,11606,11616
45423.908,11607,11616
45425.438,11608,11616
45432.506,11609,11616
45433.452,11610,11616
45435.672,11611,11616
45443.269,11612,11616
45445.182,11613,11616
45450.734,11614,11616
45452.528,11615,11616
45460.374,11616,11616
45461.992,11617,11616
45462.418,11618,11616
45462.485,11619,11616
45462.899,11620,11616
45463.178,11621,11616
45464.328,11622,11616
45466.159,11623,11616
45470.2,11624,11616
45473.904,11625,11616
45474.552,11626,11616
45478.817,11627,11616
45479.724,11628,11616
45482.596,11629,11616
45483.221,11630,11616
45485.945,11631,11616
45490.409,11632,11617
45493.248,11633,11617
45496.303,11634,11617
45500.345,11635,11617
45505.746,11636,11617
45505.849,11637,11617
45514.446,11638,11617
45515.043,11639,11617
45518.996,11640,11617
45527.668,11641,11617
45529.234,11642,11617
45532.505,11643,11617
45537.935,11644,11617
45540.337,11645,11617
45540.659,11646,11617
45540.699,11647,11617
45543.394,11648,11617
45543.558,11649,11617
45546.83,11650,11617
45546.952,11651,11617
45548.394,11652,11617
45548.447,11653,11617
45553.872,11654,11617
45553.943,11655,11617
45554.486,11656,11617
45564.936,11657,11617
45570.734,11658,11617
45570.99,11659,11617
45571.341,11660,11617
45579.756,11661,11617
45580.703,11662,11617
45585.579,11663,11617
45585.689,11664,11617
45585.922,11665,11617
45586.5,11666,11617
45586.921,11667,11617
45587.625,11668,11617
45591.11,11669,11617
45596.271,11670,11617
45598.499,11671,11617
45607.322,11672,11617
45608.966,11673,11617
45611.053,11674,11617
45614.461,11675,11617
45620.97,11676,11617
45622.334,11677,11617
45644.327,11678,11617
45644.417,11679,11617
45645.52,11680,11617
45645.902,11681,11617
45646.316,11682,11617
45649.039,11683,11617
45649.762,11684,11617
45652.487,11685,11617
45660.819,11686,11617
45663.113,11687,11617
45678.339,11688,11617
45680.729,11689,11617
45680.92,11690,11617
45682.641,11691,11617
45683.251,11692,11617
45691.589,11693,11617
45692.569,11694,11617
45693.228,11695,11617
45694.439,11696,11617
45707.454,11697,11617
45710.023,11698,11617
45710.24,11699,11617
45710.387,11700,11617
45711.695,11701,11617
45711.949,11702,11617
45712.12,11703,11617
45712.217,11704,11617
45712.316,11705,11617
45712.416,11706,11617
45712.45,11707,11617
45712.485,11708,11617
45712.534,11709,11617
45712.913,11710,11617
45713.118,11711,11617
45713.408,11712,11617
45713.441,11713,11617
45713.487,11714,11617
45713.602,11715,11617
45713.878,11716,11617
45714.104,11717,11617
45714.238,11718,11617
45714.642,11719,11617
45716.145,11720,11617
45716.306,11721,11617
45716.731,11722,11617
45717.037,11723,11617
45717.569,11724,11617
45717.594,11725,11617
45717.724,11726,11617
45717.751,11727,11617
45719.199,11728,11617
45719.223,11729,11617
45720.164,11730,11617
45720.78,11731,11617
45721.014,11732,11617
45721.062,11733,11617
45721.336,11734,11617
45721.364,11735,11617
45722.613,11736,11617
45722.963,11737,11617
45723.578,11738,11617
45723.605,11739,11617
45723.733,11740,11617
45723.781,11741,11617
45724.526,11742,11617
45724.561,11743,11617
45724.587,11744,11617
45724.736,11745,11617
45724.86,11746,11617
45725.095,11747,11617
45725.141,11748,11617
45725.754,11749,11617
45725.94,11750,11617
45726.006,11751,11617
45726.127,11752,11617
45726.296,11753,11617
45726.341,11754,11617
45730.777,11755,11617
45731.474,11756,11617
45731.517,11757,11617
45731.771,11758,11617
45731.806,11759,11617
45731.912,11760,11617
45734.29,11761,11617
45734.318,11762,11617
45734.503,11763,11617
45734.681,11764,11617
45734.828,11765,11617
45735.256,11766,11617
45735.549,11767,11617
45736.714,11768,11617
45736.819,11769,11617
45738.238,11770,11617
45738.727,11771,11617
45738.896,11772,11617
45739.278,11773,11617
45739.361,11774,11617
45739.606,11775,11617
45739.964,11776,11617
45740.651,11777,11617
45741.083,11778,11617
45741.791,11779,11617
45743.245,11780,11617
45745.651,11781,11617
45745.953,11782,11617
45746.688,11783,11617
45747.186,11784,11617
45748.53,11785,11617
45749.195,11786,11617
45749.425,11787,11617
45749.461,11788,11617
45749.683,11789,11617
45749.861,11790,11617
45750.359,11791,11617
45750.507,11792,11617
45751.462,11793,11617
45751.483,11794,11617
45752.058,11795,11617
45752.337,11796,11617
45754.085,11797,11617
45754.648,11798,11617
45755.052,11799,11617
45760.804,11800,11617
45770.502,11801,11617
45773.739,11802,11617
45775.538,11803,11617
45776.191,11804,11617
45780.185,11805,11617
45794.34,11806,11617
45794.433,11807,11617
45794.831,11808,11617
45799.438,11809,11617
45809.782,11810,11617
45810.21,11811,11617
45811.029,11812,11617
45812.55,11813,11617
45815.733,11814,11617
45818.274,11815,11617
45822.492,11816,11617
45827.739,11817,11617
45830.009,11818,11617
45838.02,11819,11617
45838.515,11820,11617
45845.092,11821,11617
45845.618,11822,11617
45845.8,11823,11617
45847.329,11824,11617
45857.522,11825,11617
45867.191,11826,11617
45876.351,11827,11617
45885.871,11828,11617
45888.754,11829,11617
45889.806,11830,11617
45893.605,11831,11617
45893.905,11832,11618
45900.547,11833,11618
45901.124,11834,11618
45903.156,11835,11618
45905.665,11836,11618
45906.076,11837,11618
45906.987,11838,11618
45910.955,11839,11618
45916.714,11840,11618
45919.361,11841,11618
45919.394,11842,11618
45925.314,11843,11618
45945.719,11844,11618
45947.053,11845,11618
45952.199,11846,11618
45953.944,11847,11618
45953.986,11848,11618
45954.325,11849,11618
45956.431,11850,11618
45956.701,11851,11618
45959.236,11852,11618
45959.35,11853,11618
45959.686,11854,11618
45959.775,11855,11618
45960.551,11856,11618
45962.794,11857,11618
45964.474,11858,11618
45964.586,11859,11618
45964.891,11860,11618
45965.543,11861,11618
45965.885,11862,11618
45967.658,11863,11618
45967.702,11864,11618
45968.245,11865,11618
45969.339,11866,11618
45969.363,11867,11618
45971.462,11868,11618
45971.623,11869,11618
45971.898,11870,11618
45973.602,11871,11618
45974.758,11872,11618
45976.276,11873,11618
45976.615,11874,11618
45977.319,11875,11618
45977.477,11876,11618
45978.629,11877,11618
45979.649,11878,11618
45982.038,11879,11618
45982.634,11880,11618
45982.818,11881,11618
45983.858,11882,11618
45984.449,11883,11618
45984.817,11884,11618
45986.229,11885,11618
45987.596,11886,11618
45988.396,11887,11618
45991.197,11888,11618
45992.975,11889,11618
46001.379,11890,11618
46001.819,11891,11618
46005.914,11892,11618
46006.802,11893,11618
46007.133,11894,11618
46007.399,11895,11618
46008.719,11896,11618
46009.584,11897,11618
46010.112,11898,11618
46010.389,11899,11618
46011.223,11900,11618
46012.317,11901,11618
46013.868,11902,11618
46014.138,11903,11618
46014.295,11904,11618
46016.517,11905,11618
46017.48,11906,11618
46018.659,11907,11618
46019.317,11908,11618
46020.342,11909,11618
46023.628,11910,11618
46027.902,11911,11618
46029.402,11912,11618
46029.722,11913,11618
46030.089,11914,11618
46030.301,11915,11618
46030.544,11916,11618
46032.569,11917,11618
46036.132,11918,11618
46036.938,11919,11618
46038.543,11920,11618
46040.647,11921,11618
46042.154,11922,11618
46042.327,11923,11618
46049.989,11924,11618
46050.014,11925,11618
46050.076,11926,11618
46050.104,11927,11618
46050.127,11928,11618
46050.165,11929,11618
46052.401,11930,11618
46053.048,11931,11618
46053.463,11932,11618
46054.198,11933,11618
46054.425,11934,11618
46057.59,11935,11618
46058.097,11936,11618
46059.714,11937,11618
46061.798,11938,11618
46063.36,11939,11618
46065.244,11940,11618
46077.306,11941,11618
46078.937,11942,11618
46081.097,11943,11618
46083.309,11944,11618
46086.704,11945,11618
46089.066,11946,11618
46108.072,11947,11618
46108.972,11948,11618
46109.012,11949,11618
46109.543,11950,11618
46109.629,11951,11618
46110.894,11952,11618
46113.003,11953,11618
46113.41,11954,11618
46113.963,11955,11618
46116.663,11956,11618
46116.979,11957,11618
46117.522,11958,11618
46117.734,11959,11618
46120.452,11960,11618
46123.505,11961,11618
46124.949,11962,11618
46125.982,11963,11618
46130.612,11964,11618
46135.962,11965,11618
46137.187,11966,11618
46137.702,11967,11619
46138.11,11968,11619
46139.509,11969,11619
46140.511,11970,11619
46143.684,11971,11619
46157.977,11972,11619
46160.499,11973,11619
46160.915,11974,11619
46161.799,11975,11619
46165.231,11976,11619
46167.24,11977,11619
46180.973,11978,11619
46190.166,11979,11619
46190.444,11980,11619
46193.35,11981,11619
46199.068,11982,11619
46207.059,11983,11619
46207.151,11984,11619
46208.833,11985,11619
46213.23,11986,11619
46213.613,11987,11619
46214.238,11988,11619
46216.45,11989,11619
46219.167,11990,11619
46219.445,11991,11619
46219.47,11992,11619
46220.66,11993,11619
46225.527,11994,11619
46226.059,11995,11619
46229.935,11996,11619
46230.369,11997,11619
46234.697,11998,11619
46234.939,11999,11619
46235.838,12000,11619
46236.557,12001,11619
46242.179,12002,11619
46245.199,12003,11619
46253.442,12004,11619
46254.353,12005,11619
46257.144,12006,11620
46265.448,12007,11620
46268.825,12008,11620
46274.92,12009,11620
46274.975,12010,11620
46280.157,12011,11620
46280.719,12012,11620
46286.077,12013,11620
46286.111,12014,11620
46292.352,12015,11620
46294.259,12016,11620
46316.424,12017,11620
46320.123,12018,11620
46324.232,12019,11620
46326.77,12020,11620
46326.874,12021,11620
46346.184,12022,11620
46383.51,12023,11620
46385.111,12024,11620
46389.205,12025,11620
46389.403,12026,11620
46390.985,12027,11620
46396.258,12028,11620
46397.254,12029,11620
46398.489,12030,11620
46400.206,12031,11620
46401.02,12032,11620
46401.67,12033,11620
46402.419,12034,11620
46403.601,12035,11620
46407.414,12036,11620
46414.406,12037,11620
46415.556,12038,11620
46418.482,12039,11620
46419.303,12040,11620
46419.559,12041,11620
46420.207,12042,11620
46420.44,12043,11620
46429.087,12044,11620
46429.322,12045,11620
46430.045,12046,11620
46450.425,12047,11620
46453.728,12048,11620
46455.761,12049,11620
46457.781,12050,11620
46462.768,12051,11620
46463.015,12052,11620
46463.25,12053,11620
46464.769,12054,11620
46469.021,12055,11620
46470.143,12056,11620
46471.921,12057,11620
46478.781,12058,11620
46479.378,12059,11620
46480.133,12060,11620
46486.474,12061,11620
46487.117,12062,11620
46492.542,12063,11620
46492.788,12064,11620
46495.536,12065,11620
46497.536,12066,11620
46498.248,12067,11620
46498.831,12068,11620
46499.399,12069,11620
46500.003,12070,11620
46515.584,12071,11620
46515.647,12072,11620
46515.905,12073,11620
46522.948,12074,11620
46525.998,12075,11621
46526.24,12076,11621
46529.011,12077,11621
46535.544,12078,11621
46543.354,12079,11621
46546.344,12080,11621
46547.087,12081,11621
46547.141,12082,11621
46549.219,12083,11621
46550.689,12084,11621
46550.907,12085,11621
46553.209,12086,11621
46553.267,12087,11621
46554.151,12088,11621
46556.06,12089,11621
46558.444,12090,11621
46560.88,12091,11621
46561.276,12092,11621
46563.11,12093,11621
46565.947,12094,11621
46566.156,12095,11621
46566.551,12096,11621
46569.011,12097,11621
46570.033,12098,11621
46570.171,12099,11621
46577.186,12100,11621
46577.235,12101,11621
46577.44,12102,11621
46577.753,12103,11621
46578.652,12104,11621
46579.597,12105,11621
46579.987,12106,11621
46580.012,12107,11621
46580.503,12108,11621
46581.067,12109,11621
46581.126,12110,11621
46581.442,12111,11621
46581.497,12112,11621
46581.612,12113,11621
46582.923,12114,11621
46583.212,12115,11621
46583.295,12116,11621
46583.374,12117,11621
46584.084,12118,11621
46585.762,12119,11621
46586.34,12120,11621
46586.538,12121,11621
46588.049,12122,11621
46588.161,12123,11621
46589.944,12124,11621
46593.322,12125,11621
46593.823,12126,11621
46595.741,12127,11621
46596.016,12128,11621
46600.337,12129,11621
46602.405,12130,11621
46602.729,12131,11621
46603.256,12132,11621
46606.797,12133,11621
46606.994,12134,11621
46608.241,12135,11621
46610.966,12136,11621
46611.21,12137,11621
46611.38,12138,11621
46611.408,12139,11621
46611.512,12140,11621
46611.653,12141,11621
46611.929,12142,11621
46613.919,12143,11621
46614.539,12144,11621
46614.671,12145,11621
46618.153,12146,11621
46619.87,12147,11621
46620.681,12148,11621
46624.802,12149,11621
46626.068,12150,11621
46632.266,12151,11621
46632.698,12152,11621
46633.905,12153,11621
46634.472,12154,11621
46634.725,12155,11621
46636.34,12156,11621
46636.622,12157,11621
46639.091,12158,11621
46648.611,12159,11621
46649.017,12160,11621
46649.344,12161,11621
46653.874,12162,11621
46654.386,12163,11621
46659.65,12164,11621
46662.219,12165,11621
46662.256,12166,11621
46663.096,12167,11621
46663.947,12168,11621
46664.102,12169,11621
46665.933,12170,11621
46670.982,12171,11621
46681.821,12172,11621
46684.738,12173,11621
46686.072,12174,11621
46686.212,12175,11621
46689.635,12176,11621
46695.281,12177,11621
46696.848,12178,11621
46706.153,12179,11621
46706.472,12180,11621
46709.959,12181,11621
46711.143,12182,11621
46713.746,12183,11622
46721.987,12184,11622
46728.416,12185,11622
46729.809,12186,11622
46730.105,12187,11622
46731.318,12188,11622
46736.255,12189,11622
46736.785,12190,11622
46737.091,12191,11622
46737.318,12192,11622
46737.876,12193,11622
46744.566,12194,11622
46745.538,12195,11622
46746.306,12196,11622
46747.987,12197,11622
46748.447,12198,11622
46749.538,12199,11622
46750.162,12200,11622
46753.311,12201,11622
46753.397,12202,11622
46755.366,12203,11622
46761.763,12204,11622
46762.291,12205,11622
46762.76,12206,11622
46770.073,12207,11622
46776.445,12208,11622
46793.053,12209,11622
46794.708,12210,11622
46795.537,12211,11622
46796.011,12212,11622
46796.083,12213,11622
46796.918,12214,11622
46797.679,12215,11622
46800.811,12216,11622
46801.627,12217,11622
46802.139,12218,11622
46802.291,12219,11622
46805.311,12220,11622
46813.146,12221,11622
46813.522,12222,11622
46813.979,12223,11622
46815.535,12224,11622
46815.685,12225,11622
46817.961,12226,11622
46823.214,12227,11622
46830.266,12228,11622
46830.318,12229,11622
46830.688,12230,11622
46833.509,12231,11622
46833.872,12232,11622
46844.126,12233,11622
46844.272,12234,11622
46848.949,12235,11622
46850.486,12236,11622
46851.446,12237,11622
46865.791,12238,11622
46873.615,12239,11622
46875.469,12240,11622
46876.225,12241,11622
46877.457,12242,11622
46881.154,12243,11622
46886.944,12244,11622
46894.297,12245,11622
46894.351,12246,11622
46894.374,12247,11622
46894.405,12248,11622
46907.533,12249,11622
46907.65,12250,11622
46908.644,12251,11622
46908.747,12252,11622
46944.408,12253,11622
46945.715,12254,11622
46983.104,12255,11622
46983.508,12256,11622
46983.844,12257,11622
46984.133,12258,11622
46984.791,12259,11622
46987.123,12260,11622
46987.89,12261,11622
46989.794,12262,11622
46991.672,12263,11622
46992.3,12264,11622
46993.177,12265,11622
46994.11,12266,11622
46994.499,12267,11622
46996.999,12268,11622
46997.36,12269,11622
46997.847,12270,11622
47002.525,12271,11622
47003.508,12272,11622
47006.263,12273,11622
47008.634,12274,11622
47009.592,12275,11622
47010.583,12276,11622
47010.612,12277,11622
47011.593,12278,11622
47012.752,12279,11622
47012.898,12280,11622
47014.989,12281,11622
47015.56,12282,11622
47016.919,12283,11622
47017.636,12284,11622
47019.194,12285,11622
47022.632,12286,11622
47024.153,12287,11622
47024.607,12288,11622
47025.785,12289,11622
47025.848,12290,11622
47026.702,12291,11622
47029.738,12292,11622
47031.437,12293,11622
47033.414,12294,11622
47034.886,12295,11622
47035.368,12296,11622
47036.564,12297,11622
47036.977,12298,11622
47039.674,12299,11622
47040.569,12300,11622
47041.218,12301,11622
47041.727,12302,11622
47042.683,12303,11622
47043.205,12304,11622
47043.243,12305,11622
47044.572,12306,11622
47045.098,12307,11622
47046.605,12308,11622
47047.154,12309,11622
47047.389,12310,11622
47049.268,12311,11622
47049.607,12312,11622
47050.128,12313,11622
47052.63,12314,11622
47052.659,12315,11622
47054.211,12316,11622
47054.526,12317,11622
47054.94,12318,11622
47056.119,12319,11622
47056.338,12320,11622
47056.773,12321,11622
47058.267,12322,11622
47058.581,12323,11622
47059.029,12324,11622
47061.133,12325,11622
47063.392,12326,11622
47067.179,12327,11622
47069.973,12328,11622
47070.155,12329,11622
47072.437,12330,11622
47073.865,12331,11622
47074.135,12332,11622
47076.88,12333,11622
47082.226,12334,11622
47083.399,12335,11622
47097.794,12336,11622
47100.601,12337,11622
47130.994,12338,11622
47139.973,12339,11622
47143.354,12340,11622
47145.288,12341,11622
47155.641,12342,11622
47157.55,12343,11622
47157.668,12344,11622
47159.822,12345,11622
47161.875,12346,11622
47167.279,12347,11622
47168.726,12348,11622
47173.12,12349,11622
47173.15,12350,11622
47175.175,12351,11622
47181.271,12352,11622
47181.294,12353,11622
47181.531,12354,11622
47184.027,12355,11622
47184.075,12356,11622
47185.402,12357,11622
47198.513,12358,11622
47198.854,12359,11622
47203.097,12360,11622
47209.38,12361,11622
47209.728,12362,11622
47213.543,12363,11622
47226.096,12364,11622
47227.613,12365,11622
47229.608,12366,11622
47236.046,12367,11622
47238.152,12368,11622
47240.346,12369,11622
47243.503,12370,11622
47250.64,12371,11622
47252.381,12372,11622
47252.576,12373,11622
47253.256,12374,11622
47263.397,12375,11622
47304.553,12376,11622
47308.092,12377,11622
47308.878,12378,11622
47310.107,12379,11622
47312.712,12380,11622
47315.764,12381,11622
47315.805,12382,11622
47333.741,12383,11622
47340.268,12384,11622
47346.337,12385,11622
47347.442,12386,11622
47362.932,12387,11622
47363.874,12388,11622
47366.296,12389,11622
47366.734,12390,11622
47368.359,12391,11622
47370.048,12392,11622
47370.993,12393,11622
47371.061,12394,11622
47373.717,12395,11622
47374.301,12396,11622
47374.458,12397,11622
47375.447,12398,11622
47375.5,12399,11624
47376.174,12400,11624
47378.239,12401,11624
47379.721,12402,11624
47380.812,12403,11624
47386.043,12404,11624
47386.299,12405,11624
47387.225,12406,11624
47391.252,12407,11624
47395.813,12408,11624
47395.977,12409,11624
47396.816,12410,11624
47399.344,12411,11624
47400.367,12412,11624
47403.229,12413,11624
47403.755,12414,11624
47404.306,12415,11624
47417.065,12416,11624
47420.207,12417,11624
47442.566,12418,11624
47449.903,12419,11624
47459.869,12420,11624
47460.534,12421,11624
47463.23,12422,11624
47466.836,12423,11624
47473.782,12424,11624
47477.357,12425,11624
47481.119,12426,11624
47487.341,12427,11624
47488.117,12428,11624
47526.048,12429,11624
47529.009,12430,11624
47539.998,12431,11624
47541.183,12432,11624
47546.249,12433,11624
47547.686,12434,11625
47551.626,12435,11625
47559.43,12436,11625
47569.054,12437,11625
47569.462,12438,11625
47569.873,12439,11625
47569.936,12440,11625
47571.541,12441,11625
47572.601,12442,11625
47577.714,12443,11625
47585.972,12444,11625
47586.226,12445,11625
47587.449,12446,11625
47589.031,12447,11625
47589.651,12448,11625
47590.385,12449,11625
47590.741,12450,11625
47591.927,12451,11625
47595.716,12452,11625
47596.972,12453,11625
47598.156,12454,11625
47600.285,12455,11625
47604.144,12456,11625
47604.938,12457,11625
47605.17,12458,11625
47606.355,12459,11625
47608.59,12460,11625
47610.186,12461,11625
47612.493,12462,11625
47616.378,12463,11625
47616.755,12464,11625
47627.641,12465,11625
47630.136,12466,11625
47632.319,12467,11625
47645.132,12468,11625
47646.319,12469,11625
47646.874,12470,11625
47646.966,12471,11625
47648.683,12472,11625
47649.735,12473,11625
47652.013,12474,11625
47652.315,12475,11625
47653.511,12476,11625
47653.807,12477,11625
47657.816,12478,11625
47659.823,12479,11625
47661.739,12480,11625
47665.024,12481,11625
47667.834,12482,11625
47669.732,12483,11625
47674.547,12484,11625
47675.63,12485,11627
47677.292,12486,11627
47677.414,12487,11627
47678.308,12488,11627
47679.021,12489,11627
47680.257,12490,11627
47682.433,12491,11627
47683.408,12492,11627
47685.077,12493,11627
47687.227,12494,11627
47690.376,12495,11627
47693.002,12496,11627
47701.838,12497,11627
47701.979,12498,11627
47702.503,12499,11627
47703.782,12500,11627
47703.804,12501,11627
47706.745,12502,11627
47713.909,12503,11627
47720.105,12504,11627
47737.731,12505,11627
47737.761,12506,11627
47747.623,12507,11627
47754.963,12508,11629
47758.381,12509,11629
47762.477,12510,11629
47762.53,12511,11629
47762.604,12512,11629
47762.636,12513,11629
47763.147,12514,11629
47782.388,12515,11629
47785.43,12516,11629
47810.929,12517,11629
47818.251,12518,11630
47819.948,12519,11630
47839.4,12520,11630
47846.981,12521,11630
47855.097,12522,11630
47855.348,12523,11630
47866.668,12524,11630
47869.159,12525,11630
47869.428,12526,11630
47871.488,12527,11630
47872.062,12528,11630
47874.434,12529,11631
47874.657,12530,11631
47875.831,12531,11631
47880.035,12532,11631
47880.867,12533,11631
47881.205,12534,11631
47883.756,12535,11631
47884.472,12536,11631
47885.042,12537,11631
47885.682,12538,11631
47885.745,12539,11631
47887.491,12540,11631
47887.754,12541,11631
47889.312,12542,11631
47899.676,12543,11631
47901.655,12544,11631
47905.731,12545,11631
47906.199,12546,11631
47907.844,12547,11631
47919.776,12548,11631
47921.579,12549,11631
47942.603,12550,11631
47977.527,12551,11631
47982.727,12552,11631
47982.983,12553,11631
47985.63,12554,11631
47986.648,12555,11631
47987.271,12556,11631
47987.473,12557,11631
47989.332,12558,11631
47990.033,12559,11631
47991.005,12560,11631
47993.744,12561,11631
47994.439,12562,11631
47995.326,12563,11631
47995.444,12564,11631
47995.738,12565,11631
47996.794,12566,11631
47998.588,12567,11631
47999.822,12568,11631
48001.526,12569,11631
48002.001,12570,11631
48012.547,12571,11631
48017.443,12572,11631
48017.483,12573,11631
48035.119,12574,11631
48039.944,12575,11631
48050.585,12576,11631
48050.775,12577,11631
48052.326,12578,11631
48056.963,12579,11631
48061.422,12580,11631
48063.596,12581,11631
48063.69,12582,11631
48064.778,12583,11631
48066.387,12584,11631
48069.89,12585,11631
48074.726,12586,11631
48075.399,12587,11631
48084.447,12588,11631
48084.786,12589,11631
48085.276,12590,11631
48086.823,12591,11631
48089.358,12592,11631
48089.618,12593,11631
48094.038,12594,11631
48094.247,12595,11631
48094.545,12596,11631
48095.778,12597,11631
48099.638,12598,11631
48102.007,12599,11631
48103.073,12600,11631
48105.709,12601,11631
48106.57,12602,11631
48108.911,12603,11631
48111.287,12604,11631
48115.928,12605,11631
48117.273,12606,11631
48140.17,12607,11631
48142.87,12608,11631
48146.793,12609,11631
48146.96,12610,11631
48147.065,12611,11631
48147.385,12612,11631
48148.815,12613,11631
48153.321,12614,11631
48153.59,12615,11631
48154.376,12616,11631
48171.255,12617,11631
48174.646,12618,11631
48176.411,12619,11631
48176.605,12620,11631
48178.744,12621,11631
48185.065,12622,11631
48207.088,12623,11631
48207.421,12624,11631
48211.72,12625,11631
48211.971,12626,11631
48228.026,12627,11631
48228.326,12628,11631
48238.742,12629,11631
48238.842,12630,11631
48243.959,12631,11631
48249.349,12632,11631
48250.168,12633,11631
48266.276,12634,11631
48266.299,12635,11631
48266.643,12636,11632
48279.095,12637,11632
48287.784,12638,11632
48288.434,12639,11632
48291.753,12640,11632
48294.014,12641,11632
48302.693,12642,11632
48312.103,12643,11632
48321.686,12644,11632
48377.616,12645,11632
48379.663,12646,11632
48386.701,12647,11632
48401.33,12648,11632
48402.508,12649,11632
48403.056,12650,11632
48425.146,12651,11632
48436.769,12652,11632
48437.197,12653,11632
48437.295,12654,11633
48437.881,12655,11633
48443.689,12656,11633
48445.115,12657,11633
48451.157,12658,11633
48492.818,12659,11633
48497.741,12660,11633
48503.09,12661,11633
48507.379,12662,11633
48514.261,12663,11633
48519.611,12664,11633
48520.093,12665,11633
48520.264,12666,11635
48520.345,12667,11636
48520.396,12668,11641
48525.563,12669,11646
48525.599,12670,11647
48527.373,12671,11650
48531.967,12672,11651
48532.595,12673,11651
48535.286,12674,11653
48538.021,12675,11653
48538.592,12676,11653
48549.954,12677,11653
48551.069,12678,11653
48553.789,12679,11653
48553.842,12680,11653
48557.481,12681,11655
48560.261,12682,11655
48560.76,12683,11657
48568.571,12684,11657
48568.633,12685,11657
48574.238,12686,11657
48575.477,12687,11659
48578.578,12688,11659
48592.107,12689,11659
48607.473,12690,11659
48608.909,12691,11659
48641.809,12692,11659
48653.598,12693,11660
48655.845,12694,11660
48656.702,12695,11660
48658.417,12696,11661
48662.13,12697,11661
48666.271,12698,11661
48671.013,12699,11662
48691.17,12700,11662
48702.072,12701,11662
48704.647,12702,11662
48704.825,12703,11662
48710.853,12704,11662
48720.589,12705,11662
48728.841,12706,11662
48731.749,12707,11662
48736.609,12708,11662
48743.764,12709,11662
48746.363,12710,11662
48749.912,12711,11662
48755.19,12712,11662
48760.929,12713,11662
48768.869,12714,11662
48777.252,12715,11662
48778.645,12716,11662
48780.963,12717,11662
48787.803,12718,11662
48799.709,12719,11662
48799.928,12720,11662
48801.039,12721,11667
48801.698,12722,11667
48803.042,12723,11667
48803.18,12724,11667
48804.914,12725,11667
48808.797,12726,11667
48810.605,12727,11667
48813.494,12728,11667
48822.543,12729,11667
48822.934,12730,11667
48826.125,12731,11667
48829.938,12732,11667
48830.017,12733,11667
48834.396,12734,11667
48840.298,12735,11667
48842.224,12736,11667
48843.121,12737,11667
48849.195,12738,11667
48850.112,12739,11667
48874.426,12740,11667
48881.808,12741,11667
48901.18,12742,11667
48922.399,12743,11667
48925.703,12744,11667
48948.62,12745,11667
48958.067,12746,11667
48966.124,12747,11667
48986.758,12748,11667
48987.095,12749,11667
48987.341,12750,11667
48994.667,12751,11667
48994.757,12752,11667
48996.612,12753,11667
48997.265,12754,11667
49001.457,12755,11667
49002.31,12756,11667
49012.313,12757,11667
49014.612,12758,11667
49026.032,12759,11667
49027.303,12760,11667
49047.598,12761,11667
49048.659,12762,11667
49050.419,12763,11667
49050.482,12764,11667
49073.646,12765,11667
49100.172,12766,11667
49119.728,12767,11667
49125.855,12768,11667
49126.613,12769,11667
49126.727,12770,11667
49130.797,12771,11667
49131.679,12772,11667
49131.93,12773,11667
49132.997,12774,11667
49134.705,12775,11667
49134.983,12776,11667
49137.187,12777,11667
49140.244,12778,11667
49144.316,12779,11667
49147.288,12780,11667
49151.235,12781,11667
49151.881,12782,11667
49155.964,12783,11667
49156.352,12784,11667
49158.015,12785,11667
49159.453,12786,11667
49173.285,12787,11667
49173.363,12788,11667
49174.19,12789,11667
49176.074,12790,11667
49188.635,12791,11667
49188.701,12792,11667
49189.728,12793,11667
49190.679,12794,11667
49190.863,12795,11667
49194.055,12796,11667
49195.854,12797,11667
49197.971,12798,11667
49218.12,12799,11672
49220.321,12800,11673
49221.458,12801,11673
49221.498,12802,11673
49222.22,12803,11673
49231.93,12804,11674
49243.936,12805,11674
49248.027,12806,11674
49249.908,12807,11674
49250.887,12808,11674
49253.062,12809,11674
49258.385,12810,11674
49258.922,12811,11674
49259.685,12812,11674
49260.482,12813,11674
49263.81,12814,11674
49269.167,12815,11674
49275.144,12816,11674
49294.81,12817,11674
49305.554,12818,11674
49306.342,12819,11674
49306.453,12820,11674
49313.219,12821,11674
49314.985,12822,11674
49323.985,12823,11674
49330.762,12824,11674
49334.063,12825,11674
49335.213,12826,11674
49335.697,12827,11674
49341.983,12828,11674
49345.593,12829,11674
49347.138,12830,11674
49348.977,12831,11674
49359.228,12832,11674
49371.771,12833,11674
49372.816,12834,11674
49373.756,12835,11674
49375.711,12836,11674
49377.235,12837,11674
49377.404,12838,11674
49378.509,12839,11674
49383.204,12840,11674
49386.299,12841,11674
49388.84,12842,11674
49390.047,12843,11674
49408.772,12844,11674
49409.455,12845,11675
49444.938,12846,11675
49447.341,12847,11675
49448.15,12848,11675
49449.993,12849,11675
49478.19,12850,11677
49492.598,12851,11677
49494.372,12852,11677
49494.765,12853,11677
49495.768,12854,11677
49496.507,12855,11677
49500.488,12856,11677
49500.691,12857,11677
49501.401,12858,11677
49505.789,12859,11677
49506.413,12860,11677
49507.892,12861,11677
49509.41,12862,11677
49511.688,12863,11677
49511.725,12864,11677
49512.206,12865,11677
49516.835,12866,11677
49522.453,12867,11677
49523.619,12868,11677
49539.134,12869,11677
49555.773,12870,11677
49557.479,12871,11677
49560.173,12872,11677
49561.715,12873,11677
49581.986,12874,11677
49601.988,12875,11677
49604.065,12876,11677
49626.013,12877,11677
49626.063,12878,11677
49627.48,12879,11677
49628.222,12880,11677
49637.458,12881,11677
49637.679,12882,11677
49643.199,12883,11677
49644.034,12884,11677
49647.431,12885,11677
49665.685,12886,11677
49666.329,12887,11677
49667.739,12888,11677
49668.991,12889,11677
49669.288,12890,11677
49691.176,12891,11678
49707.42,12892,11678
49716.099,12893,11678
49725.618,12894,11678
49725.822,12895,11678
49729.027,12896,11678
49729.116,12897,11678
49730.851,12898,11678
49732.328,12899,11678
49732.728,12900,11678
49732.859,12901,11678
49733.148,12902,11678
49734.208,12903,11678
49734.419,12904,11678
49738.418,12905,11678
49741.842,12906,11678
49748.393,12907,11678
49752.095,12908,11678
49752.72,12909,11678
49758.387,12910,11678
49784.957,12911,11678
49785.127,12912,11678
49787.096,12913,11678
49794.998,12914,11678
49814.636,12915,11678
49824.199,12916,11678
49854.501,12917,11678
49865.684,12918,11678
49866.422,12919,11678
49874.703,12920,11678
49874.828,12921,11678
49874.948,12922,11678
49888.233,12923,11678
49919.604,12924,11678
49919.735,12925,11678
49931.863,12926,11678
49939.357,12927,11678
49951.531,12928,11679
49954.763,12929,11679
49956.848,12930,11679
49970.599,12931,11679
49973.362,12932,11679
49976.742,12933,11679
49996.599,12934,11679
49999.812,12935,11679
50006.972,12936,11679
50020.957,12937,11679
50029.638,12938,11679
50030.501,12939,11679
50030.86,12940,11679
50032.864,12941,11679
50033.224,12942,11679
50044.299,12943,11679
50049.671,12944,11679
50050.117,12945,11679
50050.992,12946,11679
50052.887,12947,11679
50085.806,12948,11679
50105.814,12949,11679
50118.928,12950,11679
50136.996,12951,11679
50144.388,12952,11679
50144.569,12953,11679
50163.141,12954,11679
50163.634,12955,11679
50167.085,12956,11679
50173.228,12957,11679
50189.79,12958,11679
50191.148,12959,11679
50199.255,12960,11679
50204.562,12961,11679
50206.486,12962,11679
50209.483,12963,11679
50210.403,12964,11679
50229.276,12965,11679
50235.489,12966,11679
50262.929,12967,11679
50288.828,12968,11679
50324.8,12969,11679
50326.609,12970,11679
50327.251,12971,11679
50328.259,12972,11679
50329.634,12973,11679
50332.09,12974,11679
50332.21,12975,11679
50333.475,12976,11679
50339.991,12977,11679
50342.912,12978,11679
50343.911,12979,11679
50344.064,12980,11679
50344.787,12981,11679
50346.964,12982,11679
50348.92,12983,11679
50353.931,12984,11679
50354.386,12985,11679
50375.641,12986,11679
50380.581,12987,11679
50380.605,12988,11679
50387.076,12989,11679
50394.345,12990,11679
50410.794,12991,11679
50412.513,12992,11679
50434.296,12993,11679
50450.152,12994,11679
50460.228,12995,11679
50492.004,12996,11679
50499.836,12997,11679
50519.798,12998,11679
50535.294,12999,11679
50554.221,13000,11679
50560.801,13001,11679
50561.699,13002,11681
50563.712,13003,11681
50565.518,13004,11681
50573.156,13005,11681
50573.606,13006,11681
50578.926,13007,11681
50581.084,13008,11681
50584.163,13009,11681
50587.882,13010,11681
50594.895,13011,11681
50596.248,13012,11681
50598.128,13013,11681
50599.067,13014,11681
50620.544,13015,11681
50646.603,13016,11681
50671.265,13017,11681
50671.688,13018,11681
50699.672,13019,11681
50699.697,13020,11681
50699.783,13021,11681
50699.95,13022,11683
50700.622,13023,11683
50700.648,13024,11683
50701.144,13025,11683
50701.625,13026,11683
50702.537,13027,11683
50703.086,13028,11683
50703.585,13029,11683
50703.835,13030,11683
50704.42,13031,11683
50706.771,13032,11683
50731.333,13033,11683
50734.089,13034,11683
50737.563,13035,11683
50739.1,13036,11683
50739.259,13037,11683
50739.653,13038,11683
50740.993,13039,11683
50742.101,13040,11683
50742.843,13041,11683
50744.498,13042,11683
50753.194,13043,11683
50770.573,13044,11683
50780.911,13045,11683
50780.947,13046,11683
50781.032,13047,11683
50781.179,13048,11683
50785.976,13049,11683
50801.386,13050,11683
50811.158,13051,11683
50811.785,13052,11683
50812.481,13053,11683
50816.383,13054,11683
50820.934,13055,11683
50821.219,13056,11683
50825.751,13057,11683
50838.395,13058,11683
50871.414,13059,11683
50891.536,13060,11683
50914.371,13061,11683
50918.833,13062,11683
50955.682,13063,11683
50978.134,13064,11683
50981.215,13065,11683
50991.379,13066,11683
51026.972,13067,11683
51032.561,13068,11683
51033.198,13069,11683
51050.841,13070,11683
51064.169,13071,11683
51064.3,13072,11683
51064.895,13073,11683
51065.298,13074,11683
51065.545,13075,11683
51067.437,13076,11683
51067.774,13077,11683
51071.09,13078,11683
51080.062,13079,11683
51082.545,13080,11683
51086.238,13081,11683
51086.781,13082,11683
51089.173,13083,11683
51109.995,13084,11683
51112.838,13085,11683
51113.718,13086,11683
51115.724,13087,11683
51122.853,13088,11683
51127.059,13089,11683
51135.3,13090,11683
51139.566,13091,11683
51150.928,13092,11683
51151.027,13093,11683
51154.584,13094,11683
51155.262,13095,11683
51161.277,13096,11683
51180.36,13097,11683
51183.633,13098,11683
51212.54,13099,11683
51235.616,13100,11683
51236.744,13101,11683
51240.768,13102,11683
51251.607,13103,11683
51259.425,13104,11683
51271.532,13105,11683
51295.604,13106,11683
51296.823,13107,11683
51303.99,13108,11683
51322.179,13109,11683
51322.848,13110,11683
51322.971,13111,11683
51325.869,13112,11683
51326.97,13113,11683
51336.18,13114,11683
51339.641,13115,11683
51353.568,13116,11683
51356.9,13117,11683
51357.288,13118,11683
51381.494,13119,11683
51385.976,13120,11683
51388.214,13121,11683
51389.88,13122,11683
51418.043,13123,11683
51424.805,13124,11683
51424.881,13125,11683
51449.875,13126,11683
51458.379,13127,11683
51489.756,13128,11683
51500.374,13129,11683
51522.253,13130,11683
51524.876,13131,11683
51579.393,13132,11683
51586.608,13133,11683
51596.094,13134,11683
51597.058,13135,11683
51601.117,13136,11683
51601.206,13137,11683
51608.395,13138,11683
51640.95,13139,11683
51642.018,13140,11686
51644.974,13141,11686
51647.685,13142,11686
51658.253,13143,11686
51661.17,13144,11686
51696.084,13145,11686
51722.385,13146,11686
51726.728,13147,11687
51739.176,13148,11687
51740.697,13149,11687
51775.675,13150,11687
51776.935,13151,11687
51777.004,13152,11687
51778.051,13153,11687
51784.603,13154,11687
51784.647,13155,11687
51795.1,13156,11687
51828.849,13157,11687
51840.928,13158,11687
51841.351,13159,11689
51841.958,13160,11689
51845.444,13161,11689
51866.216,13162,11689
51866.354,13163,11689
51868.848,13164,11689
51878.11,13165,11689
51897.261,13166,11689
51897.552,13167,11689
51905.068,13168,11690
51911.841,13169,11690
51916.044,13170,11690
51916.074,13171,11690
51916.194,13172,11690
51917.688,13173,11690
51919.173,13174,11690
51921.556,13175,11690
51923.313,13176,11690
51924.787,13177,11690
51938.907,13178,11690
51939.708,13179,11690
51943.45,13180,11690
51948.399,13181,11690
51961.823,13182,11690
51961.857,13183,11690
51962.654,13184,11690
51969.651,13185,11690
51979.838,13186,11690
51984.482,13187,11690
51989.209,13188,11690
52018.369,13189,11690
52055.4,13190,11690
52059.462,13191,11690
52070.51,13192,11690
52072.163,13193,11690
52074.541,13194,11690
52093.847,13195,11690
52159.283,13196,11690
52176.242,13197,11690
52181.323,13198,11690
52183.323,13199,11690
52213.644,13200,11690
52234.203,13201,11690
52235.311,13202,11690
52244.634,13203,11690
52245.044,13204,11690
52259.871,13205,11690
52281.922,13206,11690
52284.653,13207,11690
52308.962,13208,11690
52309.372,13209,11690
52309.428,13210,11690
52309.729,13211,11690
52309.883,13212,11690
52310.529,13213,11690
52310.748,13214,11690
52311.938,13215,11690
52313.33,13216,11690
52314.169,13217,11690
52315.979,13218,11690
52316.742,13219,11690
52317.718,13220,11690
52318.556,13221,11690
52318.621,13222,11690
52318.81,13223,11690
52319.127,13224,11690
52320.403,13225,11690
52320.957,13226,11690
52320.988,13227,11690
52321.348,13228,11690
52321.587,13229,11690
52322.627,13230,11690
52324.02,13231,11690
52328.77,13232,11690
52329.996,13233,11690
52330.15,13234,11690
52330.529,13235,11690
52340.0,13236,11691
52353.268,13237,11691
52359.587,13238,11691
52372.594,13239,11691
52372.612,13240,11691
52372.65,13241,11691
52372.907,13242,11691
52373.574,13243,11691
52381.259,13244,11691
52397.97,13245,11691
52398.545,13246,11691
52403.326,13247,11692
52430.792,13248,11692
52432.118,13249,11692
52440.692,13250,11692
52441.947,13251,11692
52442.64,13252,11692
52444.876,13253,11692
52452.742,13254,11692
52454.949,13255,11692
52463.205,13256,11692
52471.275,13257,11692
52477.012,13258,11692
52479.499,13259,11692
52497.348,13260,11692
52504.913,13261,11692
52505.639,13262,11692
52505.989,13263,11692
52511.185,13264,11692
52511.861,13265,11693
52515.589,13266,11693
52515.645,13267,11693
52515.672,13268,11693
52515.697,13269,11693
52515.789,13270,11693
52515.969,13271,11693
52516.542,13272,11693
52528.731,13273,11693
52534.74,13274,11693
52536.197,13275,11693
52536.258,13276,11693
52538.919,13277,11693
52545.669,13278,11693
52560.131,13279,11693
52566.923,13280,11693
52610.508,13281,11693
52612.839,13282,11693
52614.016,13283,11693
52614.675,13284,11693
52615.066,13285,11693
52619.552,13286,11693
52620.442,13287,11693
52623.998,13288,11693
52626.086,13289,11693
52627.109,13290,11693
52630.505,13291,11693
52630.724,13292,11693
52653.53,13293,11693
52659.966,13294,11693
52673.738,13295,11693
52683.936,13296,11693
52684.615,13297,11693
52684.756,13298,11693
52691.114,13299,11693
52691.237,13300,11693
52697.439,13301,11693
52700.792,13302,11693
52704.637,13303,11693
52744.389,13304,11693
52750.651,13305,11693
52752.858,13306,11695
52756.025,13307,11695
52757.356,13308,11696
52818.009,13309,11696
52827.371,13310,11696
52828.549,13311,11696
52832.55,13312,11696
52832.864,13313,11696
52833.399,13314,11696
52841.661,13315,11696
52859.868,13316,11696
52890.166,13317,11696
52891.42,13318,11696
52898.154,13319,11696
52899.436,13320,11696
52900.944,13321,11696
52910.764,13322,11696
52911.019,13323,11696
52932.94,13324,11696
52933.092,13325,11696
52933.517,13326,11696
52933.935,13327,11696
52934.89,13328,11700
52936.294,13329,11700
52939.743,13330,11700
52941.565,13331,11700
52947.669,13332,11700
52955.411,13333,11700
52959.305,13334,11700
52975.538,13335,11700
52988.822,13336,11700
52999.476,13337,11700
53001.027,13338,11700
53044.484,13339,11700
53044.563,13340,11700
53045.558,13341,11700
53050.399,13342,11700
53058.709,13343,11700
53067.87,13344,11702
53085.04,13345,11702
53123.33,13346,11702
53124.064,13347,11702
53127.077,13348,11702
53128.405,13349,11702
53131.717,13350,11702
53133.745,13351,11702
53140.807,13352,11702
53141.622,13353,11702
53165.402,13354,11702
53167.054,13355,11702
53177.201,13356,11702
53184.783,13357,11702
53190.316,13358,11702
53195.092,13359,11702
53198.509,13360,11702
53207.275,13361,11702
53225.651,13362,11702
53226.391,13363,11702
53230.959,13364,11702
53235.422,13365,11702
53239.541,13366,11702
53252.244,13367,11702
53276.006,13368,11702
53276.633,13369,11702
53283.247,13370,11702
53284.551,13371,11702
53289.082,13372,11702
53294.97,13373,11702
53343.492,13374,11702
53344.048,13375,11702
53349.918,13376,11702
53384.905,13377,11702
53403.642,13378,11702
53408.839,13379,11702
53434.699,13380,11702
53435.692,13381,11702
53436.644,13382,11702
53453.19,13383,11702
53455.956,13384,11702
53455.978,13385,11702
53456.53,13386,11702
53457.34,13387,11702
53457.411,13388,11702
53467.991,13389,11702
53476.226,13390,11702
53487.536,13391,11702
53501.426,13392,11702
53534.299,13393,11702
53534.532,13394,11702
53534.934,13395,11702
53543.489,13396,11702
53553.752,13397,11702
53554.541,13398,11702
53567.107,13399,11702
53568.802,13400,11702
53583.755,13401,11702
53584.326,13402,11702
53589.216,13403,11702
53590.645,13404,11702
53594.822,13405,11702
53603.585,13406,11702
53603.924,13407,11702
53606.66,13408,11702
53607.674,13409,11702
53616.902,13410,11702
53620.347,13411,11733
53621.799,13412,11733
53623.332,13413,11733
53623.777,13414,11733
53624.665,13415,11733
53624.725,13416,11733
53624.826,13417,11733
53643.005,13418,11733
53643.062,13419,11734
53643.824,13420,11739
53643.909,13421,11739
53644.253,13422,11739
53644.696,13423,11739
53644.859,13424,11739
53645.005,13425,11742
53645.09,13426,11742
53646.722,13427,11742
53648.855,13428,11742
53651.342,13429,11742
53652.29,13430,11742
53652.692,13431,11742
53653.451,13432,11742
53654.198,13433,11742
53655.032,13434,11742
53655.177,13435,11755
53657.003,13436,11755
53658.929,13437,11757
53664.058,13438,11757
53664.071,13439,11757
53665.721,13440,11757
53667.879,13441,11757
53667.892,13442,11757
53667.941,13443,11757
53667.957,13444,11757
53667.975,13445,11757
53667.99,13446,11757
53668.034,13447,11757
53669.643,13448,11757
53692.088,13449,11757
53692.125,13450,11757
53692.222,13451,11757
53693.12,13452,11757
53695.16,13453,11757
53697.578,13454,11757
53713.342,13455,11757
53724.934,13456,11757
53724.947,13457,11757
53727.399,13458,11757
53727.686,13459,11757
53727.878,13460,11757
53727.946,13461,11757
53727.975,13462,11757
53728.401,13463,11757
53728.503,13464,11757
53729.539,13465,11757
53730.157,13466,11757
53730.404,13467,11757
53730.501,13468,11757
53732.287,13469,11757
53733.281,13470,11757
53736.31,13471,11757
53737.587,13472,11757
53744.646,13473,11757
53770.781,13474,11757
53776.2,13475,11763
53777.09,13476,11764
53777.383,13477,11765
53787.532,13478,11765
53788.272,13479,11765
53789.784,13480,11765
53790.202,13481,11765
53790.684,13482,11765
53849.358,13483,11765
53849.998,13484,11765
53892.748,13485,11765
53896.362,13486,11765
53897.074,13487,11765
53897.392,13488,11765
53899.079,13489,11765
53909.204,13490,11765
53911.086,13491,11765
53912.505,13492,11765
53926.103,13493,11765
53930.3,13494,11765
53944.591,13495,11765
53946.29,13496,11765
53956.037,13497,11765
53960.44,13498,11765
53969.364,13499,11765
53975.077,13500,11765
53987.076,13501,11765
53993.392,13502,11767
53999.973,13503,11767
54005.374,13504,11767
54008.494,13505,11767
54009.543,13506,11767
54011.672,13507,11767
54032.465,13508,11768
54033.61,13509,11769
54033.89,13510,11770
54089.379,13511,11770
54093.436,13512,11770
54094.796,13513,11770
54095.89,13514,11770
54099.808,13515,11770
54100.713,13516,11770
54102.946,13517,11770
54104.359,13518,11770
54107.964,13519,11770
54111.161,13520,11770
54111.67,13521,11770
54114.376,13522,11770
54117.276,13523,11770
54123.73,13524,11770
54179.626,13525,11770
54203.963,13526,11770
54204.226,13527,11770
54204.251,13528,11770
54204.442,13529,11770
54206.663,13530,11770
54211.75,13531,11770
54215.899,13532,11770
54218.534,13533,11770
54228.866,13534,11770
54245.435,13535,11770
54263.433,13536,11772
54306.16,13537,11772
54307.668,13538,11772
54308.116,13539,11772
54309.285,13540,11772
54310.279,13541,11772
54312.627,13542,11772
54320.357,13543,11772
54323.148,13544,11772
54325.611,13545,11772
54342.699,13546,11772
54360.36,13547,11773
54366.444,13548,11773
54388.746,13549,11773
54388.867,13550,11773
54391.122,13551,11773
54391.146,13552,11773
54395.9,13553,11773
54396.493,13554,11773
54402.062,13555,11773
54404.745,13556,11773
54408.367,13557,11773
54408.407,13558,11773
54422.675,13559,11773
54423.33,13560,11773
54423.853,13561,11773
54425.042,13562,11777
54429.068,13563,11777
54429.267,13564,11777
54429.559,13565,11778
54433.701,13566,11779
54466.95,13567,11779
54467.784,13568,11789
54469.988,13569,11791
54470.223,13570,11791
54477.656,13571,11791
54479.308,13572,11791
54482.019,13573,11791
54482.826,13574,11791
54485.357,13575,11791
54516.971,13576,11791
54522.112,13577,11791
54522.884,13578,11791
54524.593,13579,11791
54529.523,13580,11791
54543.116,13581,11791
54546.238,13582,11791
54548.759,13583,11791
54554.948,13584,11791
54587.746,13585,11791
54591.19,13586,11791
54607.002,13587,11791
54609.581,13588,11791
54618.859,13589,11791
54649.35,13590,11791
54650.575,13591,11791
54655.342,13592,11791
54663.471,13593,11791
54678.989,13594,11791
54684.676,13595,11791
54711.334,13596,11791
54711.404,13597,11791
54711.807,13598,11791
54716.183,13599,11791
54727.073,13600,11791
54732.63,13601,11791
54735.426,13602,11791
54746.844,13603,11791
54747.046,13604,11791
54747.386,13605,11791
54748.117,13606,11791
54762.727,13607,11791
54768.359,13608,11793
54771.101,13609,11793
54772.524,13610,11793
54776.455,13611,11793
54777.703,13612,11793
54804.327,13613,11793
54806.197,13614,11793
54814.34,13615,11793
54863.906,13616,11795
54864.115,13617,11796
54879.433,13618,11796
54884.018,13619,11796
54890.302,13620,11796
54894.735,13621,11796
54915.372,13622,11796
54915.492,13623,11796
54915.772,13624,11796
54917.598,13625,11796
54917.953,13626,11796
54919.477,13627,11796
54923.197,13628,11796
54932.846,13629,11796
54934.221,13630,11796
54939.861,13631,11796
54950.802,13632,11796
54961.137,13633,11796
54961.44,13634,11796
54961.938,13635,11796
54962.201,13636,11796
54962.371,13637,11796
54964.55,13638,11796
54964.758,13639,11796
54969.066,13640,11796
54970.265,13641,11796
54972.37,13642,11796
54976.257,13643,11796
54978.306,13644,11796
54979.165,13645,11796
54991.576,13646,11796
54991.597,13647,11796
54992.721,13648,11796
54992.784,13649,11796
55003.13,13650,11796
55013.029,13651,11796
55050.18,13652,11796
55050.681,13653,11796
55050.785,13654,11796
55057.306,13655,11796
55065.707,13656,11796
55068.024,13657,11796
55069.832,13658,11796
55073.182,13659,11796
55099.4,13660,11796
55127.383,13661,11796
55127.47,13662,11796
55135.88,13663,11796
55153.111,13664,11796
55156.243,13665,11796
55157.081,13666,11796
55170.797,13667,11796
55194.144,13668,11796
55198.306,13669,11796
55220.005,13670,11796
55233.565,13671,11796
55263.723,13672,11796
55264.034,13673,11796
55264.916,13674,11796
55265.154,13675,11796
55265.314,13676,11796
55265.342,13677,11796
55297.78,13678,11796
55298.765,13679,11796
55302.252,13680,11796
55306.533,13681,11796
55307.391,13682,11796
55308.853,13683,11796
55313.791,13684,11796
55314.79,13685,11796
55318.608,13686,11796
55320.69,13687,11796
55332.462,13688,11796
55337.613,13689,11796
55340.586,13690,11796
55366.081,13691,11796
55382.836,13692,11796
55394.828,13693,11796
55443.239,13694,11796
55452.994,13695,11796
55485.587,13696,11796
55488.29,13697,11796
55507.983,13698,11796
55524.019,13699,11796
55524.049,13700,11796
55524.127,13701,11796
55524.494,13702,11796
55527.544,13703,11797
55533.797,13704,11797
55548.123,13705,11797
55562.091,13706,11797
55567.71,13707,11797
55577.646,13708,11797
55608.329,13709,11797
55657.039,13710,11797
55664.738,13711,11797
55664.932,13712,11797
55667.276,13713,11797
55673.322,13714,11797
55680.2,13715,11797
55692.016,13716,11797
55705.214,13717,11797
55752.313,13718,11797
55757.786,13719,11797
55758.513,13720,11797
55762.404,13721,11797
55768.021,13722,11797
55772.316,13723,11797
55782.441,13724,11797
55786.329,13725,11797
55822.459,13726,11797
55826.13,13727,11797
55846.819,13728,11797
55858.549,13729,11797
55858.724,13730,11797
55865.899,13731,11797
55871.5,13732,11797
55900.124,13733,11797
55949.454,13734,11797
55977.319,13735,11797
55983.379,13736,11800
55983.52,13737,11800
55983.6,13738,11800
55988.887,13739,11800
55993.502,13740,11800
56011.674,13741,11800
56014.387,13742,11800
56042.321,13743,11800
56048.436,13744,11800
56073.238,13745,11800
56074.286,13746,11800
56078.685,13747,11800
56090.326,13748,11800
56097.011,13749,11800
56097.191,13750,11802
56097.346,13751,11803
56097.439,13752,11803
56098.435,13753,11803
56098.518,13754,11803
56098.922,13755,11803
56105.723,13756,11803
56106.773,13757,11803
56108.673,13758,11803
56110.413,13759,11803
56113.38,13760,11803
56117.692,13761,11803
56119.786,13762,11803
56121.226,13763,11803
56123.336,13764,11803
56153.645,13765,11803
56156.685,13766,11803
56158.37,13767,11803
56159.086,13768,11803
56173.072,13769,11803
56178.525,13770,11803
56204.276,13771,11804
56210.14,13772,11804
56212.43,13773,11804
56216.22,13774,11804
56237.161,13775,11805
56238.357,13776,11805
56255.564,13777,11805
56256.629,13778,11805
56269.066,13779,11805
56270.639,13780,11805
56278.166,13781,11805
56305.293,13782,11805
56345.187,13783,11806
56354.452,13784,11806
56369.89,13785,11806
56373.94,13786,11806
56374.204,13787,11806
56374.339,13788,11806
56375.582,13789,11806
56376.133,13790,11806
56376.896,13791,11806
56378.358,13792,11806
56378.592,13793,11806
56379.198,13794,11806
56379.603,13795,11806
56380.737,13796,11806
56380.828,13797,11806
56386.799,13798,11806
56387.413,13799,11806
56388.924,13800,11806
56395.962,13801,11806
56396.193,13802,11806
56399.139,13803,11806
56401.885,13804,11806
56401.922,13805,11806
56402.625,13806,11806
56405.711,13807,11806
56427.507,13808,11806
56430.471,13809,11806
56433.488,13810,11806
56443.269,13811,11806
56447.246,13812,11806
56448.038,13813,11806
56458.671,13814,11806
56464.373,13815,11806
56464.791,13816,11806
56467.43,13817,11807
56469.406,13818,11807
56474.73,13819,11807
56480.204,13820,11807
56480.492,13821,11808
56480.564,13822,11808
56481.344,13823,11808
56487.161,13824,11808
56487.283,13825,11808
56511.146,13826,11808
56518.854,13827,11808
56537.182,13828,11808
56538.247,13829,11808
56540.947,13830,11808
56554.787,13831,11808
56555.091,13832,11808
56556.498,13833,11808
56556.812,13834,11808
56558.408,13835,11808
56560.937,13836,11808
56561.425,13837,11808
56564.275,13838,11808
56567.765,13839,11808
56571.127,13840,11808
56576.936,13841,11808
56580.47,13842,11808
56588.244,13843,11808
56604.119,13844,11808
56605.964,13845,11808
56607.921,13846,11808
56609.266,13847,11808
56613.549,13848,11808
56614.412,13849,11808
56617.346,13850,11808
56617.929,13851,11808
56618.703,13852,11808
56620.803,13853,11808
56620.875,13854,11808
56626.945,13855,11808
56630.053,13856,11808
56641.188,13857,11808
56644.556,13858,11808
56696.393,13859,11808
56724.1,13860,11808
56724.526,13861,11808
56724.796,13862,11808
56727.494,13863,11808
56740.936,13864,11808
56825.702,13865,11808
56825.73,13866,11808
56826.51,13867,11808
56827.961,13868,11808
56836.715,13869,11808
56838.35,13870,11808
56839.192,13871,11808
56861.381,13872,11808
56866.905,13873,11808
56869.392,13874,11808
56873.5,13875,11808
56894.787,13876,11808
56896.168,13877,11808
56897.877,13878,11808
56899.703,13879,11808
56924.493,13880,11808
56927.161,13881,11808
56938.806,13882,11808
56940.82,13883,11808
56940.938,13884,11808
56945.612,13885,11808
56946.659,13886,11808
56946.985,13887,11808
56948.602,13888,11808
56955.847,13889,11808
56957.035,13890,11808
56960.961,13891,11808
56964.474,13892,11808
56964.797,13893,11808
56976.079,13894,11808
56979.163,13895,11808
56979.339,13896,11808
56997.548,13897,11808
57001.071,13898,11808
57009.312,13899,11813
57009.766,13900,11813
57009.798,13901,11813
57011.853,13902,11814
57014.82,13903,11814
57020.218,13904,11814
57037.915,13905,11814
57038.703,13906,11814
57060.556,13907,11814
57064.017,13908,11814
57065.453,13909,11814
57065.488,13910,11814
57065.83,13911,11814
57074.809,13912,11814
57075.944,13913,11814
57076.277,13914,11814
57089.774,13915,11814
57090.606,13916,11814
57105.146,13917,11814
57118.687,13918,11814
57126.324,13919,11814
57152.534,13920,11814
57157.852,13921,11814
57225.154,13922,11815
57225.328,13923,11815
57238.139,13924,11815
57239.912,13925,11815
57256.787,13926,11815
57260.613,13927,11815
57271.779,13928,11815
57313.881,13929,11815
57314.03,13930,11815
57314.061,13931,11815
57332.673,13932,11815
57332.859,13933,11815
57354.208,13934,11815
57354.763,13935,11815
57373.545,13936,11815
57373.637,13937,11815
57376.116,13938,11818
57378.603,13939,11818
57379.201,13940,11818
57380.055,13941,11818
57382.438,13942,11818
57382.79,13943,11818
57387.463,13944,11818
57387.96,13945,11818
57394.496,13946,11819
57402.705,13947,11819
57403.56,13948,11819
57403.632,13949,11820
57403.984,13950,11820
57407.38,13951,11820
57409.166,13952,11820
57414.378,13953,11820
57427.942,13954,11820
57429.434,13955,11820
57446.094,13956,11820
57466.157,13957,11820
57475.596,13958,11820
57475.658,13959,11820
57477.367,13960,11820
57486.451,13961,11820
57541.825,13962,11820
57555.228,13963,11820
57573.022,13964,11820
57610.726,13965,11820
57617.679,13966,11820
57618.48,13967,11820
57620.26,13968,11820
57633.315,13969,11820
57636.821,13970,11820
57644.279,13971,11820
57646.403,13972,11820
57647.9,13973,11820
57657.411,13974,11820
57665.459,13975,11820
57666.456,13976,11820
57668.997,13977,11820
57674.495,13978,11820
57677.306,13979,11820
57688.247,13980,11820
57690.357,13981,11820
57695.924,13982,11820
57734.605,13983,11820
57748.548,13984,11820
57748.631,13985,11820
57748.83,13986,11820
57749.902,13987,11820
57752.077,13988,11820
57762.615,13989,11820
57763.317,13990,11820
57768.023,13991,11820
57768.785,13992,11820
57789.294,13993,11820
57793.753,13994,11820
57796.377,13995,11820
57816.041,13996,11820
57816.777,13997,11820
57824.176,13998,11820
57887.555,13999,11820
57889.767,14000,11820
57902.922,14001,11821
57905.516,14002,11821
57925.301,14003,11821
57930.936,14004,11821
57947.705,14005,11821
57971.764,14006,11822
57978.222,14007,11823
57981.361,14008,11823
57981.398,14009,11823
57981.458,14010,11823
57981.607,14011,11823
57981.844,14012,11823
57982.287,14013,11823
57983.264,14014,11823
57983.925,14015,11823
57986.565,14016,11823
57990.121,14017,11823
57992.991,14018,11823
58001.027,14019,11823
58006.163,14020,11823
58013.449,14021,11823
58017.982,14022,11823
58020.737,14023,11823
58035.416,14024,11823
58041.608,14025,11823
58041.666,14026,11823
58041.818,14027,11823
58042.233,14028,11823
58043.58,14029,11823
58045.221,14030,11823
58048.507,14031,11823
58048.579,14032,11823
58050.206,14033,11823
58050.227,14034,11823
58058.929,14035,11823
58059.762,14036,11823
58069.969,14037,11823
58074.451,14038,11823
58096.118,14039,11823
58096.385,14040,11823
58097.127,14041,11823
58097.724,14042,11823
58103.401,14043,11823
58142.988,14044,11823
58148.405,14045,11823
58148.525,14046,11823
58149.831,14047,11823
58149.931,14048,11823
58150.57,14049,11823
58153.193,14050,11823
58153.641,14051,11823
58156.694,14052,11823
58158.823,14053,11823
58175.472,14054,11823
58179.283,14055,11823
58179.795,14056,11823
58183.243,14057,11823
58187.651,14058,11823
58189.362,14059,11823
58198.864,14060,11823
58200.886,14061,11823
58208.163,14062,11823
58220.24,14063,11823
58220.374,14064,11823
58220.852,14065,11823
58246.648,14066,11823
58247.957,14067,11823
58296.181,14068,11823
58296.391,14069,11823
58299.259,14070,11823
58302.0,14071,11823
58304.154,14072,11823
58307.412,14073,11823
58307.637,14074,11823
58317.559,14075,11823
58320.882,14076,11823
58325.239,14077,11823
58330.195,14078,11823
58331.119,14079,11823
58356.94,14080,11823
58394.056,14081,11823
58395.254,14082,11823
58423.3,14083,11823
58424.75,14084,11823
58428.028,14085,11823
58440.205,14086,11823
58445.059,14087,11823
58448.377,14088,11824
58448.612,14089,11824
58449.869,14090,11824
58451.649,14091,11825
58451.931,14092,11825
58472.612,14093,11825
58485.883,14094,11825
58487.2,14095,11825
58498.821,14096,11825
58499.04,14097,11825
58504.68,14098,11825
58507.778,14099,11825
58508.569,14100,11825
58515.237,14101,11825
58525.573,14102,11825
58525.82,14103,11825
58533.663,14104,11825
58535.534,14105,11825
58560.646,14106,11825
58561.114,14107,11825
58562.007,14108,11825
58562.216,14109,11825
58562.621,14110,11825
58563.347,14111,11825
58569.296,14112,11825
58570.153,14113,11825
58571.154,14114,11825
58571.337,14115,11825
58574.618,14116,11825
58576.249,14117,11825
58576.843,14118,11825
58578.692,14119,11825
58580.139,14120,11825
58648.338,14121,11825
58657.991,14122,11826
58664.709,14123,11827
58681.919,14124,11827
58682.352,14125,11827
58723.113,14126,11827
58742.202,14127,11827
58742.465,14128,11827
58743.048,14129,11827
58753.651,14130,11827
58755.082,14131,11827
58760.058,14132,11827
58762.446,14133,11827
58763.655,14134,11827
58764.247,14135,11827
58772.436,14136,11827
58775.189,14137,11827
58777.266,14138,11827
58835.618,14139,11827
58837.704,14140,11827
58838.255,14141,11827
58838.828,14142,11827
58840.48,14143,11827
58842.471,14144,11827
58842.607,14145,11828
58847.149,14146,11828
58850.28,14147,11828
58851.647,14148,11828
58854.503,14149,11828
58855.492,14150,11828
58857.968,14151,11828
58859.851,14152,11828
58860.633,14153,11828
58860.669,14154,11828
58860.795,14155,11828
58861.084,14156,11828
58861.754,14157,11828
58861.994,14158,11828
58862.383,14159,11828
58865.209,14160,11828
58865.248,14161,11828
58871.635,14162,11828
58872.404,14163,11828
58872.505,14164,11828
58874.082,14165,11828
58887.352,14166,11828
58889.111,14167,11828
58890.032,14168,11828
58891.344,14169,11828
58901.437,14170,11828
58901.668,14171,11828
58903.425,14172,11828
58903.678,14173,11828
58903.834,14174,11828
58904.408,14175,11828
58909.337,14176,11828
58910.649,14177,11830
58912.701,14178,11830
58918.888,14179,11830
58922.149,14180,11830
58931.403,14181,11830
58950.646,14182,11830
58951.578,14183,11830
58961.776,14184,11830
58961.811,14185,11830
58961.927,14186,11830
58961.967,14187,11830
58962.186,14188,11830
58962.465,14189,11830
58962.76,14190,11830
58962.878,14191,11830
58963.061,14192,11830
58963.242,14193,11830
58963.596,14194,11830
58965.967,14195,11830
58966.551,14196,11830
58966.701,14197,11830
58967.22,14198,11830
58969.094,14199,11830
58974.665,14200,11830
58976.676,14201,11830
58983.879,14202,11830
58985.204,14203,11830
58986.901,14204,11830
58987.487,14205,11830
58988.657,14206,11830
58990.226,14207,11830
59053.022,14208,11830
59069.697,14209,11830
59114.56,14210,11830
59125.613,14211,11831
59173.134,14212,11831
59179.959,14213,11831
59186.103,14214,11831
59200.316,14215,11831
59204.292,14216,11831
59204.527,14217,11831
59208.64,14218,11831
59213.0,14219,11831
59213.291,14220,11831
59217.002,14221,11831
59220.113,14222,11831
59223.77,14223,11831
59225.201,14224,11831
59252.676,14225,11831
59256.856,14226,11831
59275.302,14227,11831
59278.945,14228,11831
59278.986,14229,11831
59282.202,14230,11831
59284.972,14231,11831
59289.631,14232,11831
59292.495,14233,11831
59294.631,14234,11831
59297.171,14235,11832
59324.045,14236,11832
59324.325,14237,11832
59328.95,14238,11832
59439.592,14239,11832
59440.948,14240,11832
59440.994,14241,11832
59441.671,14242,11832
59442.088,14243,11834
59442.744,14244,11834
59443.027,14245,11834
59443.209,14246,11834
59461.844,14247,11834
59483.982,14248,11834
59485.23,14249,11834
59505.248,14250,11834
59506.267,14251,11834
59528.952,14252,11834
59529.911,14253,11834
59530.881,14254,11834
59533.156,14255,11835
59533.679,14256,11835
59545.585,14257,11835
59547.014,14258,11835
59547.229,14259,11835
59547.896,14260,11835
59554.453,14261,11835
59561.499,14262,11836
59572.053,14263,11836
59583.084,14264,11836
59584.573,14265,11836
59586.844,14266,11836
59587.105,14267,11836
59587.452,14268,11836
59588.385,14269,11836
59588.9,14270,11836
59599.714,14271,11836
59601.176,14272,11836
59602.353,14273,11836
59604.968,14274,11836
59646.067,14275,11836
59655.692,14276,11836
59686.604,14277,11836
59710.238,14278,11836
59711.285,14279,11836
59712.722,14280,11836
59719.729,14281,11836
59720.952,14282,11836
59722.146,14283,11836
59722.465,14284,11836
59725.785,14285,11836
59730.03,14286,11836
59750.76,14287,11836
59750.919,14288,11836
59753.245,14289,11836
59753.927,14290,11836
59765.729,14291,11836
59783.999,14292,11836
59797.283,14293,11836
59798.813,14294,11836
59798.948,14295,11836
59802.905,14296,11836
59805.444,14297,11836
59809.227,14298,11836
59810.024,14299,11836
59811.496,14300,11836
59811.558,14301,11836
59816.419,14302,11836
59821.895,14303,11836
59824.228,14304,11836
59827.201,14305,11836
59827.346,14306,11836
59835.404,14307,11836
59898.151,14308,11836
59935.272,14309,11836
59940.236,14310,11836
59950.989,14311,11837
59952.578,14312,11837
59952.612,14313,11837
59952.625,14314,11837
59952.732,14315,11837
59954.517,14316,11837
59954.803,14317,11837
59954.915,14318,11838
59958.376,14319,11838
59961.009,14320,11840
59965.402,14321,11840
59975.912,14322,11841
60042.006,14323,11841
60060.677,14324,11841
60067.813,14325,11841
60068.467,14326,11841
60069.715,14327,11841
60070.681,14328,11841
60072.726,14329,11841
60075.139,14330,11841
60079.576,14331,11841
60082.777,14332,11841
60085.327,14333,11841
60087.571,14334,11841
60090.174,14335,11841
60090.603,14336,11841
60091.357,14337,11841
60093.556,14338,11841
60093.632,14339,11841
60093.663,14340,11841
60093.756,14341,11841
60102.402,14342,11841
60154.241,14343,11841
60155.793,14344,11841
60158.12,14345,11841
60160.929,14346,11841
60161.066,14347,11841
60162.916,14348,11841
60163.463,14349,11841
60164.159,14350,11841
60171.06,14351,11841
60172.396,14352,11841
60174.525,14353,11841
60175.273,14354,11841
60179.046,14355,11841
60181.935,14356,11841
60184.411,14357,11841
60184.436,14358,11841
60184.508,14359,11841
60184.924,14360,11841
60185.334,14361,11841
60185.556,14362,11841
60186.477,14363,11841
60195.73,14364,11841
60198.432,14365,11841
60198.539,14366,11841
60200.301,14367,11841
60200.542,14368,11841
60205.93,14369,11841
60206.714,14370,11841
60208.098,14371,11841
60208.248,14372,11841
60210.103,14373,11841
60219.286,14374,11841
60223.243,14375,11841
60237.039,14376,11841
60239.46,14377,11841
60241.394,14378,11841
60242.613,14379,11841
60254.916,14380,11841
60256.092,14381,11841
60256.133,14382,11841
60265.779,14383,11841
60266.289,14384,11841
60320.19,14385,11841
60333.223,14386,11841
60348.947,14387,11841
60349.191,14388,11841
60349.368,14389,11841
60355.335,14390,11841
60358.164,14391,11841
60358.622,14392,11841
60364.406,14393,11841
60364.511,14394,11842
60366.419,14395,11843
60367.061,14396,11843
60373.972,14397,11843
60439.294,14398,11843
60441.899,14399,11843
60443.341,14400,11843
60464.284,14401,11843
60481.425,14402,11843
60481.562,14403,11843
60481.872,14404,11843
60483.539,14405,11843
60487.909,14406,11843
60501.537,14407,11843
60504.585,14408,11843
60504.958,14409,11843
60505.702,14410,11843
60514.98,14411,11843
60530.565,14412,11843
60532.798,14413,11843
60543.194,14414,11843
60545.288,14415,11843
60554.871,14416,11843
60568.401,14417,11843
60572.821,14418,11843
60574.353,14419,11843
60583.103,14420,11843
60584.08,14421,11843
60586.002,14422,11843
60586.56,14423,11843
60586.976,14424,11843
60587.101,14425,11843
60587.211,14426,11843
60587.517,14427,11843
60590.035,14428,11843
60590.539,14429,11843
60592.557,14430,11843
60593.229,14431,11843
60596.941,14432,11843
60597.318,14433,11843
60597.777,14434,11843
60603.304,14435,11843
60618.685,14436,11843
60659.2,14437,11843
60660.232,14438,11843
60667.208,14439,11843
60682.275,14440,11843
60690.233,14441,11843
60699.382,14442,11843
60702.082,14443,11843
60703.127,14444,11843
60739.219,14445,11843
60750.99,14446,11843
60752.251,14447,11843
60761.989,14448,11843
60777.794,14449,11843
60786.494,14450,11843
60787.03,14451,11843
60790.181,14452,11843
60794.664,14453,11843
60795.921,14454,11843
60797.229,14455,11843
60798.056,14456,11843
60799.289,14457,11843
60799.45,14458,11843
60803.203,14459,11843
60807.5,14460,11843
60809.943,14461,11843
60810.663,14462,11843
60830.386,14463,11843
60840.522,14464,11843
60842.328,14465,11843
60856.424,14466,11843
60856.452,14467,11843
60856.561,14468,11843
60857.726,14469,11843
60860.098,14470,11843
60869.659,14471,11843
60870.064,14472,11843
60877.023,14473,11843
60879.619,14474,11843
60890.734,14475,11843
60931.413,14476,11843
60938.204,14477,11843
60938.583,14478,11843
60941.793,14479,11843
60954.486,14480,11843
60957.335,14481,11843
60991.185,14482,11843
61024.906,14483,11843
61026.237,14484,11843
61027.242,14485,11843
61074.485,14486,11843
61075.001,14487,11843
61075.442,14488,11843
61075.564,14489,11843
61077.631,14490,11843
61078.876,14491,11843
61082.508,14492,11843
61096.025,14493,11843
61101.795,14494,11843
61103.117,14495,11843
61103.261,14496,11843
61119.206,14497,11843
61121.728,14498,11843
61121.808,14499,11843
61124.8,14500,11843
61127.919,14501,11843
61134.734,14502,11843
61136.511,14503,11843
61139.073,14504,11843
61141.318,14505,11843
61145.234,14506,11843
61156.804,14507,11843
61166.268,14508,11843
61167.4,14509,11843
61183.698,14510,11843
61186.952,14511,11843
61229.157,14512,11843
61230.135,14513,11843
61231.011,14514,11843
61265.544,14515,11843
61267.159,14516,11843
61286.828,14517,11843
61320.127,14518,11843
61350.955,14519,11843
61392.613,14520,11843
61393.018,14521,11843
61394.202,14522,11843
61394.788,14523,11843
61395.334,14524,11843
61395.9,14525,11843
61396.195,14526,11843
61396.426,14527,11843
61397.679,14528,11843
61397.896,14529,11843
61398.13,14530,11843
61398.405,14531,11843
61403.454,14532,11843
61403.885,14533,11843
61406.818,14534,11843
61415.155,14535,11843
61418.238,14536,11843
61421.254,14537,11843
61437.198,14538,11843
61445.365,14539,11843
61448.976,14540,11843
61456.644,14541,11843
61480.874,14542,11843
61493.241,14543,11843
61527.015,14544,11843
61537.278,14545,11843
61537.314,14546,11843
61537.451,14547,11843
61538.029,14548,11843
61538.246,14549,11843
61543.234,14550,11843
61543.853,14551,11843
61546.121,14552,11843
61547.149,14553,11843
61547.872,14554,11843
61552.086,14555,11843
61575.514,14556,11843
61593.249,14557,11843
61600.331,14558,11843
61600.776,14559,11843
61604.682,14560,11843
61605.19,14561,11843
61606.38,14562,11843
61612.096,14563,11843
61612.223,14564,11843
61614.829,14565,11843
61620.457,14566,11843
61627.572,14567,11843
61645.561,14568,11843
61646.429,14569,11843
61667.958,14570,11843
61672.325,14571,11849
61675.435,14572,11850
61683.867,14573,11850
61691.22,14574,11850
61697.464,14575,11850
61707.904,14576,11850
61737.987,14577,11850
61740.111,14578,11850
61769.522,14579,11850
61792.603,14580,11850
61793.218,14581,11850
61796.181,14582,11850
61801.242,14583,11850
61802.14,14584,11850
61812.922,14585,11850
61814.502,14586,11851
61816.381,14587,11852
61819.052,14588,11854
61820.865,14589,11854
61830.526,14590,11854
61830.612,14591,11854
61832.878,14592,11855
61835.89,14593,11855
61838.366,14594,11855
61846.083,14595,11859
61846.972,14596,11859
61848.214,14597,11859
61864.952,14598,11859
61889.037,14599,11859
61895.303,14600,11859
61915.481,14601,11859
61916.888,14602,11859
61921.341,14603,11859
61927.753,14604,11859
61931.424,14605,11859
61985.532,14606,11859
62004.173,14607,11859
62004.193,14608,11859
62029.584,14609,11859
62030.314,14610,11859
62033.749,14611,11859
62048.054,14612,11859
62049.048,14613,11859
62089.723,14614,11859
62089.737,14615,11859
62090.79,14616,11859
62091.409,14617,11859
62091.476,14618,11859
62092.611,14619,11859
62094.352,14620,11859
62094.522,14621,11859
62095.355,14622,11859
62095.597,14623,11859
62096.228,14624,11859
62096.782,14625,11859
62104.845,14626,11859
62106.553,14627,11859
62108.178,14628,11859
62109.323,14629,11859
62129.515,14630,11859
62129.971,14631,11859
62137.247,14632,11859
62140.382,14633,11859
62140.547,14634,11859
62148.739,14635,11859
62156.949,14636,11859
62158.866,14637,11859
62170.397,14638,11859
62176.067,14639,11859
62199.695,14640,11859
62230.655,14641,11859
62232.284,14642,11859
62246.67,14643,11859
62254.287,14644,11859
62290.85,14645,11859
62301.506,14646,11859
62304.626,14647,11859
62314.618,14648,11859
62335.319,14649,11859
62338.011,14650,11859
62338.083,14651,11859
62338.108,14652,11859
62342.198,14653,11859
62346.508,14654,11859
62350.101,14655,11859
62352.147,14656,11859
62402.249,14657,11859
62416.882,14658,11859
62477.424,14659,11859
62497.575,14660,11859
62497.672,14661,11859
62497.894,14662,11859
62500.014,14663,11859
62507.43,14664,11859
62513.206,14665,11859
62514.907,14666,11859
62526.492,14667,11859
62534.858,14668,11859
62536.273,14669,11859
62539.617,14670,11859
62539.637,14671,11859
62540.182,14672,11859
62553.718,14673,11859
62554.28,14674,11859
62556.66,14675,11859
62557.824,14676,11859
62568.78,14677,11859
62579.29,14678,11859
62597.61,14679,11859
62616.452,14680,11859
62617.272,14681,11859
62617.863,14682,11859
62629.997,14683,11860
62631.183,14684,11860
62647.201,14685,11860
62659.928,14686,11860
62661.114,14687,11860
62661.203,14688,11860
62662.773,14689,11860
62664.251,14690,11860
62667.904,14691,11860
62674.14,14692,11860
62705.441,14693,11860
62709.981,14694,11860
62712.774,14695,11860
62717.451,14696,11860
62748.358,14697,11860
62749.851,14698,11860
62770.258,14699,11860
62774.854,14700,11860
62775.829,14701,11860
62776.059,14702,11860
62777.806,14703,11860
62780.286,14704,11860
62781.629,14705,11860
62782.039,14706,11860
62784.339,14707,11860
62788.884,14708,11860
62814.755,14709,11860
62816.501,14710,11860
62819.408,14711,11860
62820.741,14712,11860
62835.583,14713,11860
62836.71,14714,11860
62836.844,14715,11860
62844.439,14716,11860
62844.541,14717,11860
62862.035,14718,11860
62868.232,14719,11860
62874.123,14720,11860
62876.763,14721,11860
62886.01,14722,11860
62887.226,14723,11860
62889.035,14724,11860
62894.389,14725,11860
62896.444,14726,11860
62901.986,14727,11860
62906.743,14728,11860
62908.108,14729,11860
62918.353,14730,11860
62918.578,14731,11860
62920.78,14732,11860
62925.016,14733,11860
62925.132,14734,11860
62934.444,14735,11860
62934.558,14736,11860
62937.814,14737,11860
62956.006,14738,11860
62956.577,14739,11860
62957.476,14740,11860
62958.259,14741,11860
62961.978,14742,11860
62964.401,14743,11860
62972.972,14744,11860
62974.981,14745,11860
62978.662,14746,11860
62986.828,14747,11860
63015.057,14748,11860
63026.369,14749,11861
63068.692,14750,11861
63070.822,14751,11861
63071.418,14752,11861
63106.232,14753,11861
63106.767,14754,11861
63120.255,14755,11861
63128.174,14756,11861
63129.199,14757,11861
63129.84,14758,11861
63130.497,14759,11861
63133.507,14760,11861
63137.487,14761,11861
63139.356,14762,11861
63146.766,14763,11861
63156.338,14764,11861
63157.654,14765,11861
63176.196,14766,11861
63182.823,14767,11861
63184.495,14768,11861
63192.299,14769,11861
63198.378,14770,11861
63200.746,14771,11861
63215.095,14772,11861
63257.594,14773,11861
63262.352,14774,11861
63263.291,14775,11861
63266.201,14776,11861
63270.174,14777,11861
63272.729,14778,11861
63276.166,14779,11862
63282.626,14780,11862
63287.429,14781,11862
63297.041,14782,11862
63299.14,14783,11862
63324.572,14784,11862
63329.39,14785,11862
63372.748,14786,11862
63381.255,14787,11862
63381.303,14788,11862
63382.181,14789,11862
63394.059,14790,11862
63398.932,14791,11862
63402.324,14792,11862
63402.474,14793,11862
63402.926,14794,11862
63410.939,14795,11862
63411.132,14796,11862
63411.803,14797,11862
63433.532,14798,11862
63445.592,14799,11862
63446.111,14800,11862
63448.147,14801,11862
63453.723,14802,11862
63457.248,14803,11862
63462.233,14804,11862
63462.375,14805,11862
63463.897,14806,11862
63464.996,14807,11862
63466.527,14808,11862
63487.619,14809,11862
63489.847,14810,11862
63504.573,14811,11862
63511.272,14812,11862
63528.007,14813,11862
63538.549,14814,11862
63539.795,14815,11863
63540.883,14816,11863
63550.447,14817,11863
63560.856,14818,11863
63595.437,14819,11863
63597.431,14820,11863
63601.907,14821,11863
63602.836,14822,11863
63609.771,14823,11863
63617.331,14824,11863
63624.486,14825,11863
63629.308,14826,11863
63650.332,14827,11864
63652.446,14828,11864
63663.057,14829,11864
63693.908,14830,11864
63720.426,14831,11865
63751.537,14832,11865
63754.013,14833,11865
63754.789,14834,11865
63758.096,14835,11865
63769.218,14836,11865
63779.454,14837,11865
63784.134,14838,11865
63784.611,14839,11865
63787.803,14840,11865
63788.25,14841,11865
63788.476,14842,11865
63794.007,14843,11865
63798.636,14844,11865
63816.225,14845,11865
63823.358,14846,11865
63828.762,14847,11865
63833.662,14848,11866
63834.423,14849,11866
63835.372,14850,11866
63837.195,14851,11866
63875.482,14852,11866
63879.246,14853,11866
63888.66,14854,11866
63898.069,14855,11866
63910.329,14856,11866
63910.874,14857,11866
63914.771,14858,11866
63918.212,14859,11867
63963.439,14860,11867
63984.753,14861,11867
64048.874,14862,11867
64075.582,14863,11867
64080.934,14864,11867
64098.485,14865,11867
64100.901,14866,11867
64101.989,14867,11867
64105.847,14868,11867
64107.838,14869,11867
64110.728,14870,11867
64114.371,14871,11867
64125.284,14872,11867
64136.174,14873,11867
64136.38,14874,11867
64136.574,14875,11867
64136.787,14876,11867
64141.819,14877,11867
64145.13,14878,11867
64149.517,14879,11867
64183.657,14880,11867
64186.893,14881,11867
64202.534,14882,11867
64203.322,14883,11867
64210.636,14884,11867
64261.533,14885,11867
64261.756,14886,11867
64265.445,14887,11868
64283.499,14888,11868
64296.853,14889,11868
64297.301,14890,11868
64338.479,14891,11868
64364.267,14892,11868
64374.697,14893,11868
64388.628,14894,11868
64399.91,14895,11868
64408.002,14896,11868
64415.419,14897,11868
64416.347,14898,11868
64426.515,14899,11868
64434.242,14900,11868
64462.163,14901,11868
64468.023,14902,11868
64474.312,14903,11868
64475.963,14904,11868
64531.988,14905,11868
64532.353,14906,11868
64532.602,14907,11868
64546.237,14908,11868
64550.834,14909,11868
64558.541,14910,11868
64559.631,14911,11868
64572.72,14912,11868
64584.852,14913,11868
64599.938,14914,11868
64602.418,14915,11868
64604.667,14916,11868
64609.722,14917,11868
64609.881,14918,11868
64609.941,14919,11868
64612.462,14920,11868
64625.783,14921,11870
64639.669,14922,11870
64639.834,14923,11870
64639.882,14924,11870
64639.903,14925,11870
64643.49,14926,11870
64649.089,14927,11870
64652.934,14928,11870
64657.69,14929,11870
64660.533,14930,11870
64664.294,14931,11870
64669.183,14932,11870
64670.716,14933,11870
64671.675,14934,11870
64677.322,14935,11870
64677.997,14936,11870
64683.346,14937,11870
64683.603,14938,11870
64688.042,14939,11870
64698.86,14940,11870
64715.291,14941,11870
64721.037,14942,11870
64733.463,14943,11870
64735.79,14944,11870
64735.855,14945,11870
64736.678,14946,11870
64740.483,14947,11870
64742.899,14948,11870
64746.332,14949,11870
64746.533,14950,11870
64775.679,14951,11870
64783.485,14952,11870
64789.72,14953,11870
64790.998,14954,11870
64791.229,14955,11870
64793.307,14956,11870
64804.38,14957,11870
64804.638,14958,11870
64808.166,14959,11870
64809.681,14960,11870
64812.235,14961,11870
64821.01,14962,11870
64824.027,14963,11871
64843.895,14964,11871
64844.447,14965,11871
64853.058,14966,11871
64856.003,14967,11871
64869.086,14968,11871
64869.694,14969,11871
64883.181,14970,11871
64883.527,14971,11871
64884.786,14972,11871
64888.066,14973,11871
64890.192,14974,11871
64900.279,14975,11871
64911.438,14976,11871
64911.649,14977,11871
64912.115,14978,11871
64955.947,14979,11871
64960.904,14980,11871
64978.264,14981,11871
64981.502,14982,11871
64983.383,14983,11871
64985.631,14984,11871
64985.885,14985,11871
64987.589,14986,11871
64997.635,14987,11871
65009.314,14988,11875
65025.516,14989,11875
65028.788,14990,11875
65037.103,14991,11875
65037.57,14992,11875
65058.091,14993,11875
65058.831,14994,11875
65062.299,14995,11875
65062.339,14996,11875
65062.41,14997,11875
65063.283,14998,11875
65090.186,14999,11875
65096.529,15000,11875
65098.006,15001,11875
65115.234,15002,11875
65119.204,15003,11875
65127.201,15004,11875
65127.291,15005,11875
65128.536,15006,11875
65128.588,15007,11875
65137.418,15008,11875
65143.902,15009,11875
65146.236,15010,11875
65156.099,15011,11875
65164.635,15012,11876
65165.133,15013,11877
65175.638,15014,11877
65176.45,15015,11877
65179.239,15016,11877
65202.738,15017,11877
65223.663,15018,11877
65225.449,15019,11877
65235.275,15020,11877
65259.747,15021,11877
65267.692,15022,11877
65298.813,15023,11877
65302.162,15024,11879
65302.861,15025,11879
65337.28,15026,11879
65368.652,15027,11879
65370.485,15028,11879
65370.543,15029,11879
65371.861,15030,11879
65374.466,15031,11879
65375.212,15032,11879
65375.601,15033,11879
65377.173,15034,11879
65384.991,15035,11879
65386.562,15036,11879
65387.655,15037,11879
65390.062,15038,11879
65391.276,15039,11879
65394.655,15040,11879
65420.082,15041,11879
65424.062,15042,11879
65443.064,15043,11887
65459.559,15044,11888
65460.373,15045,11888
65460.825,15046,11888
65462.485,15047,11888
65462.92,15048,11888
65476.766,15049,11888
65485.76,15050,11888
65486.032,15051,11888
65486.493,15052,11888
65486.85,15053,11888
65489.322,15054,11888
65495.15,15055,11888
65502.457,15056,11888
65503.235,15057,11888
65503.311,15058,11888
65513.598,15059,11888
65517.264,15060,11888
65522.26,15061,11888
65522.64,15062,11888
65532.178,15063,11888
65535.828,15064,11888
65544.414,15065,11888
65546.368,15066,11888
65570.592,15067,11888
65590.762,15068,11888
65590.809,15069,11888
65591.359,15070,11888
65594.795,15071,11888
65620.913,15072,11888
65657.918,15073,11888
65658.17,15074,11888
65701.721,15075,11888
65714.708,15076,11888
65716.088,15077,11888
65718.097,15078,11888
65723.529,15079,11888
65738.278,15080,11888
65738.407,15081,11888
65739.581,15082,11888
65739.85,15083,11888
65772.463,15084,11888
65778.08,15085,11888
65800.361,15086,11888
65800.676,15087,11888
65812.553,15088,11888
65812.669,15089,11888
65821.677,15090,11888
65821.765,15091,11888
65824.885,15092,11888
65830.714,15093,11888
65830.904,15094,11889
65837.177,15095,11889
65843.404,15096,11889
65843.723,15097,11889
65843.773,15098,11889
65845.795,15099,11889
65849.35,15100,11889
65849.985,15101,11889
65857.515,15102,11889
65870.759,15103,11889
65873.035,15104,11889
65874.063,15105,11889
65879.644,15106,11889
65884.928,15107,11889
65885.505,15108,11889
65939.029,15109,11889
65950.088,15110,11889
65960.172,15111,11889
65967.043,15112,11889
65971.599,15113,11889
65979.199,15114,11889
65979.238,15115,11889
65980.362,15116,11889
65992.044,15117,11889
66016.092,15118,11889
66037.094,15119,11889
66041.245,15120,11889
66054.217,15121,11889
66066.533,15122,11889
66068.758,15123,11889
66072.597,15124,11889
66079.742,15125,11889
66092.883,15126,11889
66094.715,15127,11889
66095.88,15128,11889
66102.451,15129,11889
66102.526,15130,11889
66102.615,15131,11889
66104.197,15132,11889
66106.124,15133,11889
66108.271,15134,11889
66109.172,15135,11889
66115.267,15136,11889
66124.067,15137,11889
66130.458,15138,11889
66134.911,15139,11889
66135.27,15140,11889
66135.539,15141,11889
66136.137,15142,11889
66138.31,15143,11889
66148.694,15144,11889
66148.787,15145,11889
66148.989,15146,11889
66150.848,15147,11889
66162.634,15148,11889
66169.423,15149,11889
66175.183,15150,11889
66210.91,15151,11889
66211.094,15152,11889
66211.116,15153,11889
66212.263,15154,11889
66230.148,15155,11889
66238.585,15156,11889
66244.05,15157,11889
66244.846,15158,11889
66248.488,15159,11889
66262.09,15160,11889
66286.536,15161,11889
66322.413,15162,11889
66326.905,15163,11889
66353.715,15164,11889
66354.19,15165,11889
66358.31,15166,11889
66382.671,15167,11889
66388.316,15168,11889
66389.087,15169,11889
66392.222,15170,11889
66393.58,15171,11889
66398.226,15172,11889
66403.242,15173,11891
66409.011,15174,11891
66414.947,15175,11891
66417.324,15176,11891
66419.668,15177,11891
66420.147,15178,11891
66420.625,15179,11891
66435.934,15180,11891
66438.507,15181,11891
66447.474,15182,11891
66448.847,15183,11891
66449.033,15184,11891
66453.772,15185,11891
66455.391,15186,11891
66463.402,15187,11891
66471.078,15188,11891
66494.443,15189,11891
66495.265,15190,11891
66496.246,15191,11891
66501.933,15192,11891
66503.749,15193,11892
66504.732,15194,11892
66508.759,15195,11892
66525.599,15196,11892
66530.951,15197,11892
66537.595,15198,11893
66539.859,15199,11894
66554.194,15200,11896
66562.26,15201,11896
66583.669,15202,11896
66591.337,15203,11896
66630.364,15204,11896
66638.016,15205,11896
66643.126,15206,11896
66643.827,15207,11896
66649.934,15208,11896
66656.341,15209,11896
66663.233,15210,11896
66666.308,15211,11896
66672.513,15212,11896
66676.251,15213,11896
66725.234,15214,11896
66733.887,15215,11896
66749.074,15216,11896
66750.654,15217,11896
66751.206,15218,11896
66753.434,15219,11896
66755.801,15220,11896
66756.584,15221,11896
66756.782,15222,11896
66756.917,15223,11896
66760.47,15224,11896
66760.608,15225,11896
66762.702,15226,11896
66764.844,15227,11896
66766.184,15228,11896
66768.073,15229,11896
66775.477,15230,11896
66775.639,15231,11896
66786.487,15232,11896
66793.468,15233,11897
66795.126,15234,11897
66803.515,15235,11897
66825.741,15236,11897
66829.493,15237,11897
66836.201,15238,11897
66866.96,15239,11897
66874.961,15240,11898
66879.931,15241,11898
66882.996,15242,11898
66885.239,15243,11898
66890.633,15244,11898
66892.41,15245,11898
66911.753,15246,11898
66920.856,15247,11898
66936.072,15248,11898
66940.004,15249,11898
66948.238,15250,11898
66948.719,15251,11898
66948.928,15252,11898
66949.164,15253,11898
66949.389,15254,11898
66952.106,15255,11898
66953.998,15256,11898
66955.176,15257,11898
66956.452,15258,11898
66956.867,15259,11898
66961.573,15260,11898
66964.538,15261,11898
66966.705,15262,11898
66967.399,15263,11898
66971.366,15264,11898
66972.205,15265,11898
66974.139,15266,11898
66977.11,15267,11898
66977.214,15268,11898
66977.488,15269,11898
66993.537,15270,11898
66995.587,15271,11898
67004.185,15272,11898
67007.563,15273,11898
67025.757,15274,11898
67030.083,15275,11898
67032.317,15276,11898
67036.575,15277,11898
67042.807,15278,11898
67043.59,15279,11898
67045.201,15280,11898
67054.525,15281,11898
67057.739,15282,11898
67061.385,15283,11898
67063.173,15284,11899
67064.671,15285,11899
67073.796,15286,11899
67078.738,15287,11899
67083.04,15288,11899
67083.564,15289,11899
67103.465,15290,11899
67107.18,15291,11899
67118.155,15292,11899
67118.215,15293,11899
67118.846,15294,11899
67120.951,15295,11899
67123.124,15296,11899
67127.332,15297,11899
67141.473,15298,11899
67149.269,15299,11899
67152.275,15300,11899
67170.753,15301,11899
67177.116,15302,11899
67182.905,15303,11899
67183.996,15304,11899
67185.407,15305,11899
67187.936,15306,11899
67188.478,15307,11899
67195.089,15308,11899
67196.278,15309,11899
67210.454,15310,11899
67215.239,15311,11899
67215.77,15312,11899
67223.782,15313,11899
67224.254,15314,11899
67233.442,15315,11899
67239.437,15316,11899
67255.117,15317,11899
67255.633,15318,11899
67263.286,15319,11899
67265.17,15320,11899
67273.802,15321,11899
67276.714,15322,11899
67288.498,15323,11899
67296.08,15324,11899
67296.951,15325,11899
67300.16,15326,11899
67302.146,15327,11899
67305.241,15328,11899
67311.312,15329,11899
67314.073,15330,11900
67314.547,15331,11900
67324.796,15332,11900
67336.273,15333,11900
67347.225,15334,11900
67369.325,15335,11900
67371.947,15336,11900
67419.616,15337,11900
67463.074,15338,11900
67463.21,15339,11900
67465.123,15340,11900
67468.932,15341,11901
67483.318,15342,11901
67491.368,15343,11901
67491.743,15344,11901
67507.501,15345,11901
67509.134,15346,11901
67510.65,15347,11901
67510.785,15348,11901
67526.564,15349,11901
67538.163,15350,11901
67538.355,15351,11901
67548.422,15352,11901
67552.7,15353,11901
67553.291,15354,11901
67553.595,15355,11901
67555.036,15356,11901
67566.888,15357,11901
67570.021,15358,11901
67583.104,15359,11901
67587.056,15360,11901
67588.574,15361,11901
67592.524,15362,11901
67593.872,15363,11901
67596.75,15364,11901
67613.508,15365,11901
67614.264,15366,11901
67627.666,15367,11901
67629.336,15368,11901
67639.633,15369,11901
67645.238,15370,11901
67645.536,15371,11901
67657.746,15372,11901
67664.839,15373,11901
67665.198,15374,11901
67666.217,15375,11901
67668.509,15376,11901
67671.345,15377,11904
67680.682,15378,11904
67685.347,15379,11904
67696.724,15380,11904
67718.475,15381,11904
67721.275,15382,11904
67721.989,15383,11904
67729.122,15384,11904
67747.843,15385,11904
67748.555,15386,11904
67748.67,15387,11904
67749.799,15388,11904
67753.115,15389,11904
67756.321,15390,11904
67760.736,15391,11904
67762.535,15392,11904
67763.021,15393,11904
67766.495,15394,11904
67769.126,15395,11904
67773.468,15396,11904
67776.583,15397,11904
67787.698,15398,11904
67794.274,15399,11904
67804.234,15400,11905
67805.929,15401,11905
67818.855,15402,11905
67836.624,15403,11905
67857.002,15404,11905
67862.399,15405,11905
67886.245,15406,11905
67886.604,15407,11906
67887.59,15408,11911
67890.683,15409,11911
67893.668,15410,11912
67893.916,15411,11912
67897.958,15412,11912
67908.731,15413,11912
67925.543,15414,11912
67929.861,15415,11912
67932.451,15416,11912
67933.896,15417,11912
67948.79,15418,11912
67963.339,15419,11912
67964.121,15420,11912
67972.47,15421,11912
67985.732,15422,11912
68014.109,15423,11912
68014.129,15424,11912
68014.206,15425,11913
68050.404,15426,11914
68163.969,15427,11914
68190.79,15428,11914
68190.938,15429,11914
68190.96,15430,11914
68197.822,15431,11914
68199.742,15432,11914
68204.536,15433,11914
68219.871,15434,11914
68220.689,15435,11914
68230.749,15436,11914
68243.935,15437,11914
68260.005,15438,11914
68306.054,15439,11914
68313.712,15440,11914
68336.29,15441,11914
68336.423,15442,11914
68356.837,15443,11914
68380.075,15444,11914
68440.235,15445,11914
68440.459,15446,11914
68441.511,15447,11914
68459.546,15448,11914
68472.241,15449,11914
68472.648,15450,11914
68475.857,15451,11914
68477.629,15452,11914
68478.844,15453,11914
68479.357,15454,11914
68483.451,15455,11914
68483.526,15456,11914
68493.081,15457,11914
68498.435,15458,11914
68499.031,15459,11914
68499.789,15460,11914
68509.814,15461,11914
68511.819,15462,11914
68527.222,15463,11914
68531.641,15464,11914
68535.277,15465,11915
68535.503,15466,11915
68549.937,15467,11919
68550.132,15468,11919
68560.413,15469,11921
68570.801,15470,11921
68573.631,15471,11921
68578.311,15472,11921
68580.974,15473,11921
68581.111,15474,11923
68581.683,15475,11925
68582.895,15476,11925
68596.082,15477,11925
68597.427,15478,11925
68605.809,15479,11925
68616.06,15480,11925
68622.102,15481,11925
68650.072,15482,11925
68695.782,15483,11925
68697.751,15484,11925
68703.363,15485,11925
68705.836,15486,11925
68705.994,15487,11925
68706.506,15488,11925
68706.896,15489,11925
68707.176,15490,11925
68708.216,15491,11925
68708.311,15492,11925
68708.639,15493,11925
68708.831,15494,11925
68710.846,15495,11925
68712.189,15496,11925
68717.506,15497,11925
68724.047,15498,11925
68725.02,15499,11925
68726.358,15500,11925
68734.253,15501,11925
68734.408,15502,11925
68737.118,15503,11925
68742.137,15504,11925
68756.033,15505,11925
68767.827,15506,11925
68768.227,15507,11925
68809.421,15508,11925
68820.654,15509,11925
68830.686,15510,11925
68859.084,15511,11925
68879.815,15512,11925
68884.23,15513,11925
68888.879,15514,11925
68925.675,15515,11925
68957.505,15516,11925
68957.854,15517,11925
68960.465,15518,11925
68975.915,15519,11925
68978.041,15520,11925
68981.278,15521,11925
68982.556,15522,11926
68998.566,15523,11926
69002.94,15524,11926
69007.081,15525,11926
69026.521,15526,11926
69029.676,15527,11926
69032.359,15528,11926
69053.926,15529,11926
69065.366,15530,11926
69069.233,15531,11926
69081.903,15532,11926
69086.008,15533,11926
69089.99,15534,11926
69090.023,15535,11926
69095.457,15536,11926
69106.285,15537,11926
69107.383,15538,11926
69135.531,15539,11926
69140.609,15540,11926
69145.12,15541,11926
69160.108,15542,11926
69160.537,15543,11926
69161.043,15544,11926
69181.333,15545,11926
69191.635,15546,11926
69232.036,15547,11926
69232.146,15548,11926
69232.756,15549,11926
69233.047,15550,11926
69236.715,15551,11927
69238.077,15552,11927
69243.676,15553,11929
69252.005,15554,11929
69255.112,15555,11930
69273.024,15556,11931
69292.117,15557,11931
69309.073,15558,11931
69362.488,15559,11932
69386.11,15560,11932
69387.122,15561,11932
69393.877,15562,11932
69393.941,15563,11932
69394.187,15564,11932
69395.452,15565,11932
69395.933,15566,11932
69399.089,15567,11932
69399.822,15568,11932
69400.819,15569,11932
69413.006,15570,11932
69413.344,15571,11932
69414.727,15572,11932
69429.9,15573,11932
69434.725,15574,11932
69438.611,15575,11932
69441.385,15576,11932
69443.496,15577,11932
69448.238,15578,11932
69448.627,15579,11932
69448.913,15580,11932
69456.783,15581,11932
69457.001,15582,11932
69457.14,15583,11932
69464.997,15584,11932
69465.991,15585,11932
69575.787,15586,11932
69575.939,15587,11932
69579.186,15588,11932
69608.983,15589,11932
69609.824,15590,11932
69610.144,15591,11932
69622.697,15592,11932
69630.585,15593,11932
69631.787,15594,11932
69639.522,15595,11932
69639.542,15596,11932
69639.937,15597,11932
69647.84,15598,11932
69648.309,15599,11932
69651.155,15600,11932
69660.604,15601,11932
69682.55,15602,11932
69685.154,15603,11934
69691.626,15604,11934
69691.858,15605,11934
69707.814,15606,11934
69780.196,15607,11934
69790.747,15608,11934
69815.131,15609,11934
69816.947,15610,11934
69839.244,15611,11934
69840.129,15612,11934
69840.483,15613,11934
69848.251,15614,11934
69893.48,15615,11934
69893.556,15616,11934
69911.525,15617,11934
69912.153,15618,11934
69936.681,15619,11934
69952.251,15620,11934
69956.071,15621,11934
69978.317,15622,11934
69983.214,15623,11934
69983.458,15624,11934
69984.238,15625,11934
69994.668,15626,11934
70005.439,15627,11934
70005.538,15628,11934
70006.028,15629,11934
70006.228,15630,11934
70007.421,15631,11934
70008.139,15632,11934
70015.731,15633,11934
70021.366,15634,11934
70057.245,15635,11934
70057.855,15636,11934
70075.342,15637,11934
70075.463,15638,11934
70076.143,15639,11934
70076.336,15640,11934
70077.479,15641,11934
70080.587,15642,11934
70084.346,15643,11934
70084.463,15644,11934
70096.504,15645,11934
70115.571,15646,11934
70116.598,15647,11934
70127.202,15648,11934
70133.199,15649,11934
70133.279,15650,11934
70143.775,15651,11935
70146.307,15652,11935
70147.494,15653,11935
70152.252,15654,11935
70171.52,15655,11935
70186.424,15656,11935
70198.302,15657,11935
70214.113,15658,11935
70223.149,15659,11935
70237.484,15660,11935
70247.714,15661,11935
70261.895,15662,11935
70261.924,15663,11935
70262.304,15664,11935
70267.205,15665,11935
70268.104,15666,11935
70268.529,15667,11935
70273.768,15668,11935
70276.766,15669,11935
70281.793,15670,11935
70282.31,15671,11935
70282.611,15672,11935
70287.877,15673,11935
70299.464,15674,11935
70330.169,15675,11935
70336.713,15676,11935
70340.093,15677,11935
70355.164,15678,11935
70356.84,15679,11935
70359.302,15680,11935
70359.44,15681,11937
70363.431,15682,11937
70363.993,15683,11941
70375.013,15684,11941
70386.262,15685,11941
70424.351,15686,11941
70424.543,15687,11941
70429.801,15688,11941
70430.641,15689,11941
70435.345,15690,11941
70441.78,15691,11941
70447.517,15692,11941
70449.251,15693,11941
70459.716,15694,11941
70474.55,15695,11941
70477.009,15696,11941
70477.319,15697,11941
70480.854,15698,11941
70493.401,15699,11941
70494.448,15700,11941
70529.913,15701,11941
70586.195,15702,11941
70597.34,15703,11941
70605.267,15704,11941
70611.004,15705,11941
70611.699,15706,11941
70611.802,15707,11941
70618.497,15708,11941
70629.751,15709,11941
70641.537,15710,11941
70643.736,15711,11941
70644.009,15712,11941
70645.356,15713,11941
70668.207,15714,11941
70685.695,15715,11941
70696.334,15716,11941
70696.61,15717,11941
70706.248,15718,11941
70712.328,15719,11941
70712.449,15720,11941
70717.112,15721,11941
70733.665,15722,11941
70744.666,15723,11941
70747.598,15724,11941
70749.063,15725,11941
70751.913,15726,11941
70770.013,15727,11941
70770.22,15728,11941
70792.888,15729,11941
70793.875,15730,11941
70809.798,15731,11941
70818.072,15732,11941
70819.847,15733,11941
70823.314,15734,11941
70824.273,15735,11941
70827.148,15736,11941
70841.862,15737,11941
70841.951,15738,11941
70852.46,15739,11941
70855.777,15740,11941
70857.628,15741,11941
70862.8,15742,11941
70862.831,15743,11941
70863.224,15744,11941
70871.899,15745,11941
70886.157,15746,11941
70887.319,15747,11941
70893.467,15748,11941
70923.45,15749,11942
70927.999,15750,11942
70933.773,15751,11942
70983.262,15752,11942
70983.471,15753,11942
70986.001,15754,11942
70991.772,15755,11942
70992.435,15756,11942
70993.048,15757,11942
70996.195,15758,11942
70998.958,15759,11942
70999.228,15760,11942
71000.793,15761,11942
71005.518,15762,11942
71008.925,15763,11942
71011.367,15764,11942
71013.6,15765,11943
71022.48,15766,11943
71022.623,15767,11943
71023.468,15768,11943
71039.675,15769,11943
71060.414,15770,11943
71081.269,15771,11943
71081.438,15772,11943
71082.043,15773,11944
71089.015,15774,11944
71165.385,15775,11944
71172.053,15776,11944
71181.668,15777,11944
71183.126,15778,11944
71184.003,15779,11944
71206.049,15780,11944
71212.191,15781,11944
71212.317,15782,11944
71215.216,15783,11944
71216.236,15784,11944
71219.167,15785,11945
71221.005,15786,11945
71221.36,15787,11945
71223.683,15788,11945
71226.349,15789,11945
71235.892,15790,11945
71236.091,15791,11945
71236.717,15792,11945
71239.208,15793,11945
71242.626,15794,11945
71242.669,15795,11945
71244.032,15796,11945
71255.924,15797,11945
71255.964,15798,11945
71256.486,15799,11945
71256.666,15800,11945
71257.003,15801,11945
71292.275,15802,11945
71338.134,15803,11945
71338.305,15804,11945
71338.543,15805,11945
71338.638,15806,11945
71338.89,15807,11945
71339.144,15808,11945
71339.553,15809,11945
71345.239,15810,11945
71354.479,15811,11945
71366.662,15812,11945
71366.956,15813,11945
71410.882,15814,11947
71424.897,15815,11947
71437.968,15816,11947
71467.098,15817,11947
71472.803,15818,11947
71472.964,15819,11948
71474.778,15820,11948
71475.715,15821,11948
71477.219,15822,11948
71480.447,15823,11949
71505.614,15824,11949
71511.426,15825,11949
71515.437,15826,11949
71557.491,15827,11949
71566.876,15828,11949
71568.211,15829,11949
71589.801,15830,11949
71590.043,15831,11949
71595.785,15832,11949
71597.447,15833,11949
71599.147,15834,11949
71604.984,15835,11949
71624.071,15836,11949
71635.269,15837,11949
71635.95,15838,11949
71653.302,15839,11949
71729.827,15840,11949
71731.53,15841,11949
71732.767,15842,11949
71754.215,15843,11949
71783.571,15844,11949
71783.824,15845,11949
71797.638,15846,11949
71798.786,15847,11949
71802.753,15848,11949
71814.55,15849,11949
71816.003,15850,11949
71826.847,15851,11949
71830.081,15852,11949
71834.169,15853,11949
71836.303,15854,11949
71839.994,15855,11960
71845.031,15856,11960
71852.057,15857,11961
71857.625,15858,11961
71857.669,15859,11961
71859.261,15860,11961
71892.84,15861,11961
71912.959,15862,11961
71918.32,15863,11961
71925.038,15864,11961
71935.402,15865,11961
71944.153,15866,11961
71945.455,15867,11961
71946.252,15868,11961
71947.475,15869,11961
71964.411,15870,11961
71975.795,15871,11961
71980.49,15872,11961
71980.744,15873,11961
71994.206,15874,11961
71994.682,15875,11961
71998.525,15876,11961
71998.844,15877,11961
72001.494,15878,11961
72003.659,15879,11962
72003.763,15880,11962
72005.858,15881,11962
72015.4,15882,11962
72023.156,15883,11962
72023.986,15884,11962
72055.483,15885,11962
72099.669,15886,11962
72106.524,15887,11962
72123.408,15888,11962
72124.071,15889,11962
72130.555,15890,11962
72144.941,15891,11962
72202.363,15892,11962
72202.769,15893,11962
72223.924,15894,11962
72236.865,15895,11962
72239.157,15896,11962
72239.816,15897,11962
72240.159,15898,11962
72258.152,15899,11962
72258.548,15900,11962
72260.557,15901,11962
72269.246,15902,11962
72269.743,15903,11962
72312.683,15904,11962
72340.657,15905,11962
72341.256,15906,11962
72348.064,15907,11962
72375.77,15908,11962
72385.946,15909,11962
72388.572,15910,11962
72388.612,15911,11962
72390.701,15912,11962
72391.675,15913,11962
72443.193,15914,11962
72456.318,15915,11962
72497.563,15916,11962
72548.915,15917,11962
72558.942,15918,11962
72558.985,15919,11962
72586.819,15920,11962
72588.479,15921,11962
72588.509,15922,11962
72591.259,15923,11962
72596.456,15924,11968
72596.998,15925,11968
72649.403,15926,11968
72651.476,15927,11968
72654.256,15928,11968
72655.721,15929,11968
72660.576,15930,11968
72664.603,15931,11968
72673.469,15932,11968
72713.889,15933,11968
72724.588,15934,11968
72737.813,15935,11968
72737.936,15936,11968
72741.073,15937,11968
72746.369,15938,11968
72748.369,15939,11968
72757.323,15940,11968
72781.671,15941,11968
72782.334,15942,11968
72795.697,15943,11968
72805.545,15944,11968
72806.795,15945,11968
72808.733,15946,11968
72813.726,15947,11968
72814.115,15948,11968
72817.169,15949,11968
72818.539,15950,11968
72828.802,15951,11968
72830.006,15952,11968
72830.311,15953,11968
72830.36,15954,11968
72832.842,15955,11968
72832.88,15956,11968
72834.546,15957,11969
72835.853,15958,11969
72837.19,15959,11969
72839.067,15960,11969
72841.153,15961,11969
72841.246,15962,11969
72841.384,15963,11969
72841.408,15964,11970
72841.638,15965,11970
72841.7,15966,11970
72842.92,15967,11970
72845.594,15968,11970
72846.121,15969,11970
72846.146,15970,11970
72846.695,15971,11970
72847.314,15972,11970
72849.655,15973,11970
72850.348,15974,11970
72850.581,15975,11970
72851.596,15976,11970
72855.223,15977,11970
72856.437,15978,11970
72859.23,15979,11970
72862.498,15980,11970
72863.903,15981,11970
72865.911,15982,11970
72866.149,15983,11970
72868.83,15984,11970
72869.588,15985,11970
72870.332,15986,11970
72871.801,15987,11970
72872.403,15988,11970
72873.729,15989,11970
72875.029,15990,11970
72875.712,15991,11970
72879.007,15992,11970
72879.194,15993,11970
72879.589,15994,11970
72899.971,15995,11970
72913.036,15996,11970
72916.407,15997,11970
72930.852,15998,11970
72951.281,15999,11970
72955.74,16000,11970
72956.347,16001,11970
72985.961,16002,11970
72986.431,16003,11970
73004.795,16004,11970
73019.592,16005,11970
73020.168,16006,11970
73046.644,16007,11970
73051.867,16008,11970
73054.404,16009,11970
73065.106,16010,11970
73067.769,16011,11970
73099.023,16012,11970
73106.531,16013,11970
73136.918,16014,11970
73136.981,16015,11970
73137.318,16016,11970
73138.087,16017,11970
73145.359,16018,11970
73154.727,16019,11970
73188.008,16020,11970
73193.668,16021,11970
73193.855,16022,11970
73195.106,16023,11970
73196.431,16024,11970
73196.785,16025,11970
73197.1,16026,11970
73197.707,16027,11970
73197.856,16028,11970
73209.559,16029,11970
73219.584,16030,11970
73224.784,16031,11970
73227.061,16032,11970
73230.95,16033,11970
73237.004,16034,11971
73239.725,16035,11971
73241.269,16036,11971
73265.323,16037,11971
73265.519,16038,11971
73280.305,16039,11971
73300.434,16040,11971
73325.436,16041,11971
73326.69,16042,11971
73347.033,16043,11971
73368.326,16044,11971
73373.851,16045,11971
73383.562,16046,11971
73383.65,16047,11971
73400.497,16048,11971
73432.582,16049,11971
73456.325,16050,11971
73456.479,16051,11971
73456.703,16052,11971
73456.749,16053,11971
73457.31,16054,11971
73458.044,16055,11971
73458.156,16056,11971
73458.676,16057,11971
73458.983,16058,11971
73459.223,16059,11971
73462.725,16060,11971
73471.752,16061,11972
73473.784,16062,11972
73478.163,16063,11972
73491.733,16064,11972
73509.943,16065,11975
73523.928,16066,11975
73528.842,16067,11975
73533.449,16068,11975
73557.9,16069,11975
73574.046,16070,11975
73576.741,16071,11975
73582.617,16072,11999
73608.547,16073,11999
73618.379,16074,11999
73691.213,16075,11999
73692.509,16076,11999
73692.765,16077,11999
73759.185,16078,11999
73796.201,16079,11999
73807.538,16080,11999
73808.332,16081,11999
73809.101,16082,11999
73810.953,16083,11999
73821.078,16084,11999
73830.942,16085,11999
73854.145,16086,11999
73883.811,16087,11999
73885.039,16088,11999
73900.684,16089,11999
73904.97,16090,11999
73905.983,16091,11999
73916.31,16092,11999
73928.686,16093,11999
73929.846,16094,11999
73930.759,16095,11999
73942.647,16096,11999
73943.251,16097,11999
73943.357,16098,11999
73951.991,16099,11999
74020.154,16100,11999
74110.702,16101,11999
74115.291,16102,11999
74116.531,16103,11999
74116.891,16104,11999
74120.942,16105,11999
74136.26,16106,11999
74138.46,16107,11999
74138.981,16108,11999
74141.923,16109,11999
74173.059,16110,12000
74211.215,16111,12000
74237.705,16112,12000
74245.887,16113,12000
74254.001,16114,12005
74255.706,16115,12005
74256.353,16116,12005
74260.087,16117,12005
74260.939,16118,12005
74269.755,16119,12005
74270.656,16120,12005
74272.858,16121,12005
74279.99,16122,12005
74287.837,16123,12005
74290.602,16124,12005
74298.228,16125,12005
74298.508,16126,12005
74299.406,16127,12005
74301.127,16128,12005
74302.493,16129,12005
74308.896,16130,12005
74309.404,16131,12005
74312.38,16132,12005
74332.165,16133,12005
74337.857,16134,12005
74342.775,16135,12005
74349.566,16136,12005
74361.81,16137,12005
74388.731,16138,12005
74392.295,16139,12005
74419.044,16140,12005
74424.328,16141,12005
74427.923,16142,12005
74428.114,16143,12005
74428.338,16144,12005
74429.851,16145,12005
74430.759,16146,12005
74430.958,16147,12005
74431.325,16148,12005
74433.618,16149,12005
74433.836,16150,12005
74434.115,16151,12005
74435.836,16152,12005
74440.923,16153,12005
74444.981,16154,12005
74449.596,16155,12005
74460.871,16156,12005
74468.496,16157,12005
74471.487,16158,12005
74479.82,16159,12005
74492.901,16160,12005
74493.77,16161,12005
74500.227,16162,12005
74500.318,16163,12005
74501.033,16164,12005
74504.444,16165,12005
74504.846,16166,12005
74506.374,16167,12005
74506.683,16168,12005
74506.866,16169,12005
74507.376,16170,12005
74515.221,16171,12005
74515.78,16172,12005
74528.351,16173,12005
74540.743,16174,12008
74583.509,16175,12008
74583.688,16176,12008
74585.615,16177,12008
74587.657,16178,12008
74590.498,16179,12008
74610.588,16180,12008
74640.047,16181,12008
74644.358,16182,12008
74662.241,16183,12008
74668.46,16184,12008
74712.14,16185,12008
74712.282,16186,12008
74712.372,16187,12008
74715.567,16188,12008
74751.971,16189,12009
74759.19,16190,12009
74800.779,16191,12009
74818.352,16192,12009
74848.869,16193,12009
74848.94,16194,12009
74852.702,16195,12009
74910.515,16196,12009
74933.646,16197,12009
74940.308,16198,12009
74940.867,16199,12009
74942.407,16200,12009
74948.438,16201,12009
74989.112,16202,12009
74998.402,16203,12009
75001.052,16204,12009
75002.613,16205,12009
75021.126,16206,12009
75022.263,16207,12009
75035.802,16208,12010
75037.952,16209,12010
75037.994,16210,12010
75050.082,16211,12010
75065.669,16212,12010
75066.439,16213,12010
75068.057,16214,12010
75070.88,16215,12010
75076.559,16216,12010
75083.348,16217,12010
75098.923,16218,12010
75121.033,16219,12010
75133.067,16220,12010
75173.575,16221,12010
75174.579,16222,12010
75186.123,16223,12010
75197.077,16224,12010
75204.185,16225,12010
75204.633,16226,12010
75206.197,16227,12010
75207.281,16228,12010
75207.598,16229,12010
75210.776,16230,12010
75212.975,16231,12010
75223.137,16232,12010
75243.531,16233,12010
75270.542,16234,12010
75270.666,16235,12010
75270.835,16236,12010
75271.998,16237,12010
75274.279,16238,12010
75288.305,16239,12010
75306.18,16240,12010
75381.263,16241,12010
75381.59,16242,12010
75383.764,16243,12010
75384.487,16244,12010
75385.491,16245,12010
75392.613,16246,12010
75401.183,16247,12010
75431.884,16248,12010
75431.996,16249,12010
75473.926,16250,12010
75499.626,16251,12010
75500.011,16252,12010
75501.224,16253,12011
75506.947,16254,12012
75509.298,16255,12013
75532.218,16256,12013
75541.374,16257,12013
75542.639,16258,12013
75574.09,16259,12013
75609.98,16260,12013
75613.408,16261,12013
75646.216,16262,12013
75647.446,16263,12013
75647.715,16264,12013
75685.079,16265,12013
75717.399,16266,12013
75723.217,16267,12013
75723.391,16268,12013
75724.587,16269,12014
75727.69,16270,12015
75729.727,16271,12016
75734.172,16272,12017
75734.965,16273,12018
75735.207,16274,12019
75736.409,16275,12020
75736.736,16276,12021
75740.446,16277,12022
75751.19,16278,12022
75752.057,16279,12022
75779.812,16280,12022
75782.31,16281,12022
75788.476,16282,12022
75793.519,16283,12022
75801.017,16284,12022
75803.816,16285,12022
75807.557,16286,12022
75810.332,16287,12022
75813.411,16288,12022
75845.854,16289,12022
75846.421,16290,12022
75851.962,16291,12022
75860.356,16292,12022
75882.292,16293,12022
75882.561,16294,12022
75905.007,16295,12022
75913.788,16296,12022
75921.402,16297,12022
75923.756,16298,12022
75926.485,16299,12022
75932.334,16300,12022
75943.612,16301,12022
75943.815,16302,12022
75981.497,16303,12022
75981.933,16304,12022
75984.075,16305,12022
75986.668,16306,12022
75988.023,16307,12022
75994.688,16308,12022
75999.953,16309,12022
76033.644,16310,12022
76097.172,16311,12022
76125.967,16312,12022
76129.125,16313,12022
76141.51,16314,12022
76142.766,16315,12022
76159.324,16316,12022
76159.697,16317,12022
76165.739,16318,12030
76166.455,16319,12031
76166.786,16320,12031
76204.848,16321,12031
76237.673,16322,12031
76274.203,16323,12031
76299.822,16324,12031
76304.419,16325,12031
76323.261,16326,12031
76323.773,16327,12031
76324.809,16328,12031
76325.473,16329,12031
76330.76,16330,12031
76341.789,16331,12031
76342.551,16332,12031
76361.267,16333,12031
76368.645,16334,12031
76382.272,16335,12031
76387.699,16336,12031
76411.889,16337,12031
76431.22,16338,12031
76469.647,16339,12033
76469.808,16340,12033
76471.748,16341,12033
76496.3,16342,12033
76498.156,16343,12033
76512.035,16344,12033
76533.018,16345,12033
76577.941,16346,12033
76634.368,16347,12033
76634.86,16348,12033
76636.913,16349,12033
76638.406,16350,12033
76644.864,16351,12033
76650.103,16352,12033
76657.118,16353,12037
76704.199,16354,12037
76711.362,16355,12037
76729.64,16356,12037
76731.573,16357,12037
76798.7,16358,12037
76807.815,16359,12037
76822.175,16360,12038
76833.276,16361,12038
76835.098,16362,12038
76841.967,16363,12038
76842.323,16364,12038
76847.112,16365,12038
76866.104,16366,12038
76884.642,16367,12038
76925.829,16368,12038
76930.149,16369,12038
76942.864,16370,12038
76967.665,16371,12038
76977.846,16372,12038
77017.546,16373,12038
77072.553,16374,12038
77095.631,16375,12038
77124.56,16376,12038
77157.591,16377,12038
77217.533,16378,12038
77239.213,16379,12038
77241.644,16380,12038
77244.647,16381,12038
77248.087,16382,12038
77248.995,16383,12038
77259.399,16384,12038
77261.61,16385,12038
77262.06,16386,12038
77264.273,16387,12038
77268.577,16388,12038
77268.906,16389,12038
77275.386,16390,12038
77275.478,16391,12038
77309.981,16392,12038
77315.66,16393,12038
77348.831,16394,12038
77356.953,16395,12038
77372.703,16396,12038
77376.039,16397,12038
77391.767,16398,12038
77396.247,16399,12038
77415.4,16400,12038
77429.476,16401,12038
77450.048,16402,12038
77474.628,16403,12038
77483.43,16404,12038
77491.338,16405,12038
77499.88,16406,12038
77500.986,16407,12038
77502.982,16408,12038
77521.085,16409,12038
77526.777,16410,12038
77561.436,16411,12038
77600.446,16412,12038
77609.232,16413,12038
77609.627,16414,12038
77612.248,16415,12038
77616.144,16416,12038
77617.044,16417,12038
77621.0,16418,12038
77667.155,16419,12038
77674.568,16420,12038
77677.387,16421,12038
77679.904,16422,12038
77687.484,16423,12039
77689.83,16424,12045
77696.104,16425,12045
77707.383,16426,12045
77712.314,16427,12045
77736.937,16428,12045
77737.599,16429,12045
77746.022,16430,12045
77759.134,16431,12045
77759.473,16432,12047
77759.79,16433,12047
77766.732,16434,12047
77766.886,16435,12047
77767.997,16436,12047
77771.447,16437,12047
77781.238,16438,12047
77805.462,16439,12048
77827.126,16440,12048
77841.843,16441,12048
77842.182,16442,12048
77843.932,16443,12048
77868.348,16444,12048
77957.732,16445,12048
77964.241,16446,12048
77976.068,16447,12048
77982.724,16448,12048
77990.86,16449,12048
77999.59,16450,12048
78012.466,16451,12048
78012.876,16452,12048
78013.248,16453,12048
78024.138,16454,12048
78024.604,16455,12048
78026.388,16456,12048
78030.133,16457,12048
78032.974,16458,12048
78033.87,16459,12048
78053.268,16460,12048
78056.022,16461,12048
78058.713,16462,12048
78079.643,16463,12048
78095.235,16464,12048
78095.418,16465,12048
78097.286,16466,12048
78108.015,16467,12048
78108.077,16468,12048
78115.057,16469,12048
78139.804,16470,12048
78139.932,16471,12048
78146.746,16472,12048
78154.529,16473,12048
78159.888,16474,12048
78171.648,16475,12048
78181.388,16476,12048
78189.16,16477,12048
78194.525,16478,12048
78224.764,16479,12048
78266.069,16480,12048
78275.867,16481,12048
78294.478,16482,12048
78309.51,16483,12048
78314.308,16484,12048
78333.979,16485,12048
78375.363,16486,12048
78393.686,16487,12048
78402.666,16488,12048
78407.578,16489,12048
78407.658,16490,12048
78408.019,16491,12048
78408.211,16492,12048
78421.104,16493,12048
78421.787,16494,12048
78460.552,16495,12048
78473.424,16496,12048
78515.04,16497,12048
78520.858,16498,12048
78522.771,16499,12048
78526.523,16500,12048
78535.379,16501,12048
78610.748,16502,12048
78642.084,16503,12048
78642.853,16504,12048
78643.621,16505,12048
78644.965,16506,12048
78646.227,16507,12048
78647.848,16508,12048
78649.024,16509,12048
78671.562,16510,12048
78679.283,16511,12048
78689.539,16512,12048
78700.988,16513,12048
78736.775,16514,12048
78839.841,16515,12048
78851.771,16516,12048
78890.053,16517,12048
78890.692,16518,12048
78895.587,16519,12049
78917.7,16520,12049
78918.156,16521,12049
78921.364,16522,12049
78928.823,16523,12049
78930.433,16524,12049
78936.73,16525,12049
78936.805,16526,12049
78948.489,16527,12049
78949.657,16528,12049
79008.372,16529,12049
79010.855,16530,12049
79042.244,16531,12049
79055.826,16532,12049
79057.75,16533,12049
79060.57,16534,12049
79061.719,16535,12049
79079.072,16536,12049
79107.419,16537,12049
79120.18,16538,12049
79122.266,16539,12049
79127.791,16540,12049
79131.342,16541,12049
79136.477,16542,12049
79142.759,16543,12049
79145.772,16544,12049
79147.105,16545,12049
79160.634,16546,12049
79205.641,16547,12049
79218.638,16548,12049
79219.317,16549,12049
79236.186,16550,12049
79244.277,16551,12049
79275.459,16552,12049
79316.642,16553,12049
79323.775,16554,12049
79333.183,16555,12049
79335.501,16556,12049
79371.776,16557,12049
79395.787,16558,12049
79422.095,16559,12049
79438.774,16560,12049
79441.925,16561,12049
79459.04,16562,12049
79463.972,16563,12049
79508.539,16564,12049
79517.971,16565,12049
79518.181,16566,12049
79518.544,16567,12049
79537.494,16568,12049
79568.431,16569,12049
79582.446,16570,12049
79582.881,16571,12049
79584.105,16572,12049
79598.843,16573,12049
79599.51,16574,12049
79640.171,16575,12049
79640.694,16576,12049
79644.792,16577,12049
79646.039,16578,12049
79646.207,16579,12049
79646.323,16580,12049
79651.135,16581,12049
79664.967,16582,12049
79698.864,16583,12049
79730.418,16584,12055
79731.451,16585,12055
79732.203,16586,12055
79732.381,16587,12055
79732.795,16588,12055
79736.857,16589,12055
79740.632,16590,12055
79747.363,16591,12055
79750.423,16592,12055
79754.112,16593,12055
79762.649,16594,12055
79773.171,16595,12055
79773.481,16596,12055
79773.505,16597,12055
79773.667,16598,12055
79774.001,16599,12055
79774.297,16600,12055
79774.498,16601,12055
79775.676,16602,12055
79776.299,16603,12055
79776.585,16604,12055
79780.064,16605,12055
79794.68,16606,12057
79798.737,16607,12057
79803.472,16608,12058
79849.791,16609,12058
79887.104,16610,12058
79887.129,16611,12058
79890.434,16612,12058
79912.773,16613,12058
79946.186,16614,12058
79985.127,16615,12058
79987.974,16616,12058
79989.427,16617,12058
79994.242,16618,12058
80001.69,16619,12058
80017.932,16620,12058
80070.518,16621,12058
80094.627,16622,12058
80099.886,16623,12058
80154.554,16624,12058
80159.885,16625,12058
80171.636,16626,12058
80171.842,16627,12058
80175.767,16628,12058
80176.196,16629,12058
80178.219,16630,12058
80184.898,16631,12058
80186.421,16632,12058
80194.144,16633,12058
80203.393,16634,12058
80217.733,16635,12058
80233.666,16636,12058
80233.779,16637,12058
80237.825,16638,12058
80300.292,16639,12058
80311.708,16640,12058
80351.815,16641,12058
80386.935,16642,12058
80388.756,16643,12058
80389.678,16644,12058
80399.37,16645,12058
80413.674,16646,12058
80418.273,16647,12058
80446.338,16648,12058
80459.257,16649,12058
80459.365,16650,12058
80462.224,16651,12058
80479.832,16652,12058
80504.964,16653,12058
80513.677,16654,12058
80526.666,16655,12059
80535.282,16656,12059
80555.287,16657,12059
80560.459,16658,12059
80561.708,16659,12059
80562.908,16660,12059
80565.191,16661,12059
80568.694,16662,12066
80570.428,16663,12066
80573.811,16664,12066
80577.676,16665,12066
80584.761,16666,12066
80584.866,16667,12066
80585.257,16668,12067
80585.549,16669,12067
80585.579,16670,12067
80585.597,16671,12067
80585.615,16672,12067
80587.81,16673,12067
80588.336,16674,12067
80588.609,16675,12067
80588.634,16676,12067
80591.087,16677,12067
80614.628,16678,12067
80641.23,16679,12067
80643.246,16680,12067
80644.706,16681,12089
80645.651,16682,12089
80646.676,16683,12089
80646.81,16684,12089
80647.017,16685,12089
80691.27,16686,12091
80702.651,16687,12091
80730.126,16688,12091
80731.821,16689,12091
80754.582,16690,12091
80791.186,16691,12091
80801.779,16692,12091
80813.49,16693,12091
80826.292,16694,12091
80843.192,16695,12091
80844.709,16696,12091
80870.916,16697,12091
80892.88,16698,12091
80902.932,16699,12091
80906.448,16700,12091
80913.909,16701,12091
80926.443,16702,12091
80930.466,16703,12091
80951.709,16704,12091
80951.734,16705,12091
80954.507,16706,12091
80956.772,16707,12091
80963.844,16708,12091
80966.483,16709,12091
80968.387,16710,12091
80973.48,16711,12091
80974.91,16712,12091
80977.801,16713,12091
80984.917,16714,12091
80992.468,16715,12091
81006.4,16716,12091
81020.891,16717,12091
81021.55,16718,12091
81047.959,16719,12091
81048.951,16720,12091
81052.53,16721,12092
81060.138,16722,12092
81064.835,16723,12092
81091.142,16724,12092
81117.953,16725,12092
81131.232,16726,12092
81131.794,16727,12092
81144.434,16728,12092
81158.348,16729,12092
81171.457,16730,12092
81207.512,16731,12092
81244.371,16732,12092
81244.768,16733,12092
81257.102,16734,12092
81265.655,16735,12092
81273.302,16736,12092
81305.857,16737,12092
81305.958,16738,12092
81305.978,16739,12092
81306.096,16740,12092
81310.592,16741,12092
81313.669,16742,12092
81314.791,16743,12092
81341.95,16744,12092
81350.325,16745,12092
81413.613,16746,12092
81428.782,16747,12092
81444.398,16748,12092
81445.275,16749,12092
81445.684,16750,12092
81449.753,16751,12092
81453.72,16752,12092
81516.712,16753,12092
81529.053,16754,12092
81529.075,16755,12092
81536.556,16756,12092
81554.304,16757,12092
81559.487,16758,12092
81561.897,16759,12092
81626.239,16760,12092
81645.966,16761,12092
81655.362,16762,12092
81701.702,16763,12092
81704.338,16764,12092
81705.159,16765,12092
81723.573,16766,12094
81751.745,16767,12094
81752.82,16768,12094
81778.803,16769,12094
81807.4,16770,12094
81826.254,16771,12094
81829.994,16772,12094
81858.039,16773,12094
81884.079,16774,12094
81896.561,16775,12094
81902.444,16776,12094
81903.306,16777,12094
81904.52,16778,12094
81919.39,16779,12094
81948.62,16780,12094
81980.598,16781,12094
81986.952,16782,12094
81991.438,16783,12094
81992.768,16784,12094
82012.833,16785,12094
82012.871,16786,12094
82039.042,16787,12094
82042.05,16788,12094
82043.497,16789,12094
82086.553,16790,12094
82107.816,16791,12094
82112.131,16792,12094
82115.395,16793,12094
82115.559,16794,12094
82138.793,16795,12094
82162.433,16796,12094
82165.665,16797,12094
82196.727,16798,12094
82209.568,16799,12094
82264.926,16800,12094
82265.322,16801,12095
82270.919,16802,12095
82274.528,16803,12095
82292.352,16804,12095
82296.618,16805,12095
82300.388,16806,12095
82301.098,16807,12095
82303.532,16808,12095
82308.573,16809,12095
82309.351,16810,12095
82311.347,16811,12095
82320.762,16812,12095
82334.024,16813,12095
82353.179,16814,12095
82381.927,16815,12095
82405.771,16816,12095
82406.121,16817,12095
82414.56,16818,12095
82488.906,16819,12095
82490.551,16820,12095
82514.438,16821,12095
82522.366,16822,12095
82565.655,16823,12095
82581.022,16824,12095
82593.073,16825,12095
82593.26,16826,12095
82594.54,16827,12095
82597.412,16828,12096
82607.918,16829,12096
82648.121,16830,12096
82664.785,16831,12096
82709.57,16832,12096
82710.366,16833,12096
82782.277,16834,12096
82783.442,16835,12096
82783.932,16836,12096
82788.087,16837,12096
82814.063,16838,12096
82832.34,16839,12096
82876.546,16840,12097
82882.654,16841,12097
82910.311,16842,12097
82912.328,16843,12097
82912.54,16844,12097
82915.551,16845,12097
82919.008,16846,12097
82924.017,16847,12098
82936.022,16848,12098
82937.296,16849,12098
82945.186,16850,12098
82952.566,16851,12098
82961.618,16852,12098
82964.244,16853,12098
82964.628,16854,12098
82966.559,16855,12098
82967.928,16856,12098
82970.959,16857,12098
82975.944,16858,12098
82977.988,16859,12098
82985.625,16860,12098
82988.967,16861,12098
82996.888,16862,12098
82999.417,16863,12098
83002.862,16864,12098
83009.702,16865,12098
83032.542,16866,12098
83033.837,16867,12098
83034.51,16868,12098
83040.699,16869,12098
83042.403,16870,12098
83043.495,16871,12098
83047.38,16872,12098
83052.745,16873,12098
83066.006,16874,12098
83075.707,16875,12098
83077.203,16876,12098
83077.412,16877,12098
83082.193,16878,12098
83083.186,16879,12098
83083.312,16880,12098
83084.057,16881,12098
83088.759,16882,12098
83106.989,16883,12103
83112.119,16884,12103
83113.179,16885,12104
83114.866,16886,12107
83114.88,16887,12108
83114.895,16888,12109
83115.0,16889,12110
83122.838,16890,12111
83125.034,16891,12111
83134.265,16892,12111
83145.347,16893,12111
83185.932,16894,12111
83197.963,16895,12111
83206.203,16896,12111
83208.691,16897,12111
83238.356,16898,12111
83252.463,16899,12111
83252.706,16900,12111
83260.173,16901,12111
83263.154,16902,12111
83264.55,16903,12111
83296.2,16904,12111
83296.879,16905,12111
83299.308,16906,12111
83383.781,16907,12111
83383.802,16908,12111
83386.912,16909,12111
83407.99,16910,12111
83412.135,16911,12111
83428.44,16912,12111
83428.869,16913,12111
83430.855,16914,12111
83430.88,16915,12111
83431.052,16916,12112
83432.292,16917,12112
83433.533,16918,12114
83434.317,16919,12114
83436.336,16920,12116
83437.813,16921,12116
83443.597,16922,12117
83447.275,16923,12117
83459.066,16924,12117
83465.774,16925,12117
83470.01,16926,12117
83470.694,16927,12117
83471.23,16928,12117
83477.06,16929,12117
83480.718,16930,12117
83485.076,16931,12117
83524.924,16932,12117
83527.031,16933,12117
83550.753,16934,12117
83552.685,16935,12117
83552.749,16936,12117
83553.638,16937,12117
83555.89,16938,12117
83557.728,16939,12118
83571.036,16940,12118
83573.053,16941,12119
83583.644,16942,12119
83586.878,16943,12119
83592.716,16944,12119
83592.902,16945,12119
83598.837,16946,12119
83638.704,16947,12121
83643.744,16948,12125
83646.212,16949,12125
83646.566,16950,12126
83646.65,16951,12127
83651.828,16952,12127
83651.859,16953,12127
83651.874,16954,12127
83651.888,16955,12128
83657.575,16956,12128
83670.582,16957,12129
83671.06,16958,12129
83673.249,16959,12129
83673.684,16960,12130
83678.916,16961,12131
83679.641,16962,12131
83682.12,16963,12131
83693.412,16964,12131
83695.068,16965,12132
83695.471,16966,12133
83696.026,16967,12135
83699.799,16968,12136
83701.041,16969,12136
83707.241,16970,12136
83708.145,16971,12136
83709.184,16972,12138
83720.556,16973,12139
83766.611,16974,12139
83777.051,16975,12139
83807.892,16976,12140
83807.912,16977,12140
83849.274,16978,12141
83849.294,16979,12143
83849.383,16980,12143
83849.441,16981,12143
83850.574,16982,12143
83851.116,16983,12143
83851.52,16984,12143
83852.278,16985,12144
83853.744,16986,12144
83855.69,16987,12144
83856.273,16988,12144
83868.439,16989,12144
83869.561,16990,12146
83886.017,16991,12146
83899.169,16992,12146
83899.194,16993,12146
83899.233,16994,12146
83899.253,16995,12146
83900.781,16996,12146
83902.225,16997,12146
83902.673,16998,12147
83905.413,16999,12147
83905.656,17000,12147
83905.99,17001,12147
83909.508,17002,12149
83911.715,17003,12150
83916.372,17004,12150
83916.787,17005,12151
83919.599,17006,12151
83969.938,17007,12152
83987.363,17008,12152
83990.065,17009,12152
84015.404,17010,12152
84017.557,17011,12152
84025.539,17012,12153
84031.657,17013,12153
84031.692,17014,12154
84032.195,17015,12155
84033.489,17016,12156
84034.687,17017,12157
84076.46,17018,12157
84077.463,17019,12157
84080.582,17020,12157
84080.734,17021,12157
84095.18,17022,12157
84102.301,17023,12157
84122.602,17024,12157
84124.188,17025,12157
84127.197,17026,12157
84127.63,17027,12158
84128.183,17028,12159
84128.27,17029,12160
84129.173,17030,12160
84132.799,17031,12160
84133.289,17032,12160
84171.895,17033,12160
84183.362,17034,12160
84187.465,17035,12160
84187.815,17036,12160
84191.36,17037,12160
84192.801,17038,12160
84211.135,17039,12160
84226.623,17040,12161
84226.998,17041,12162
84227.189,17042,12162
84227.576,17043,12162
84272.547,17044,12162
84280.972,17045,12162
84285.156,17046,12162
84286.512,17047,12162
84302.453,17048,12162
84324.745,17049,12162
84331.319,17050,12162
84337.297,17051,12162
84338.316,17052,12163
84338.887,17053,12163
84339.843,17054,12163
84344.446,17055,12164
84351.087,17056,12164
84375.356,17057,12164
84443.657,17058,12164
84472.638,17059,12164
84473.887,17060,12164
84477.226,17061,12164
84480.328,17062,12164
84486.289,17063,12164
84486.422,17064,12164
84491.218,17065,12164
84499.985,17066,12164
84525.704,17067,12164
84527.068,17068,12165
84539.61,17069,12165
84562.14,17070,12165
84573.913,17071,12165
84582.729,17072,12165
84582.929,17073,12165
84597.912,17074,12165
84660.545,17075,12165
84661.947,17076,12165
84663.048,17077,12165
84681.072,17078,12165
84683.799,17079,12165
84693.551,17080,12165
84736.862,17081,12165
84744.899,17082,12165
84744.937,17083,12165
84754.607,17084,12165
84772.807,17085,12165
84778.632,17086,12165
84808.601,17087,12167
84849.986,17088,12167
84869.86,17089,12167
84870.505,17090,12167
84883.888,17091,12167
84885.732,17092,12167
84899.825,17093,12167
84955.175,17094,12167
84992.304,17095,12167
84992.454,17096,12167
84992.548,17097,12167
84995.768,17098,12167
85028.989,17099,12167
85047.203,17100,12167
85049.708,17101,12167
85064.792,17102,12167
85073.555,17103,12167
85080.429,17104,12167
85082.72,17105,12167
85112.506,17106,12167
85130.619,17107,12167
85143.612,17108,12167
85164.176,17109,12167
85191.509,17110,12168
85194.877,17111,12168
85221.241,17112,12168
85221.554,17113,12168
85228.517,17114,12168
85254.123,17115,12168
85323.954,17116,12168
85346.601,17117,12168
85359.891,17118,12168
85395.091,17119,12168
85431.323,17120,12168
85445.945,17121,12168
85457.302,17122,12168
85521.103,17123,12168
85521.129,17124,12168
85523.153,17125,12168
85580.309,17126,12168
85584.726,17127,12168
85602.274,17128,12169
85618.873,17129,12169
85622.124,17130,12169
85624.234,17131,12169
85680.105,17132,12169
85722.765,17133,12169
85724.149,17134,12169
85725.428,17135,12169
85741.18,17136,12169
85742.397,17137,12169
85742.885,17138,12169
85752.444,17139,12169
85768.715,17140,12170
85780.025,17141,12170
85805.473,17142,12170
85805.526,17143,12170
85805.847,17144,12170
85806.858,17145,12170
85806.966,17146,12170
85807.135,17147,12170
85807.363,17148,12170
85808.899,17149,12170
85824.247,17150,12170
85860.952,17151,12170
85871.266,17152,12181
85871.632,17153,12181
85871.77,17154,12181
85880.158,17155,12183
85880.695,17156,12185
85880.724,17157,12187
85881.073,17158,12189
85882.31,17159,12191
85882.532,17160,12192
85883.763,17161,12193
85885.085,17162,12194
85888.553,17163,12197
85890.046,17164,12202
85900.796,17165,12202
85904.436,17166,12203
85905.213,17167,12205
85942.611,17168,12206
85948.937,17169,12206
85967.724,17170,12206
85978.751,17171,12206
85988.86,17172,12206
86002.569,17173,12207
86004.049,17174,12207
86006.64,17175,12208
86007.59,17176,12210
86016.045,17177,12210
86021.631,17178,12210
86075.881,17179,12210
86076.501,17180,12210
86121.89,17181,12210
86133.276,17182,12210
86134.252,17183,12210
86180.409,17184,12210
86181.623,17185,12210
86183.802,17186,12210
86193.793,17187,12210
86194.78,17188,12211
86195.626,17189,12213
86196.085,17190,12213
86196.815,17191,12213
86197.706,17192,12213
86197.842,17193,12215
86199.306,17194,12215
86202.146,17195,12217
86206.865,17196,12218
86206.926,17197,12218
86207.973,17198,12218
86209.401,17199,12218
86210.969,17200,12218
86211.107,17201,12218
86233.303,17202,12219
86249.533,17203,12219
86301.557,17204,12219
86302.777,17205,12219
86303.911,17206,12219
86304.648,17207,12219
86305.41,17208,12219
86312.873,17209,12219
86315.929,17210,12219
86316.115,17211,12219
86318.239,17212,12219
86322.195,17213,12219
86341.145,17214,12219
86341.268,17215,12221
86342.477,17216,12221
86342.604,17217,12221
86346.628,17218,12222
86347.153,17219,12222
86347.244,17220,12223
86349.036,17221,12223
86354.02,17222,12226
86360.934,17223,12226
86370.544,17224,12226
86371.158,17225,12226
86389.173,17226,12226
86391.546,17227,12226
86393.303,17228,12226
