time_s,inputs,cumulative_edges
0.0,1,2325
0.0,2,2424
0.0,3,2443
0.0,4,2490
0.0,5,2591
0.0,6,2595
0.0,7,2904
0.0,8,2961
0.0,9,3364
0.0,10,3398
0.0,11,3400
0.0,12,3500
0.0,13,3502
0.0,14,3509
0.0,15,3527
0.0,16,3527
0.0,17,3528
0.0,18,3548
0.0,19,3721
0.0,20,3730
0.0,21,3732
0.0,22,3734
0.0,23,3743
0.0,24,3743
0.0,25,3744
0.0,26,3773
0.0,27,3773
0.0,28,3779
0.0,29,3795
0.0,30,3796
0.0,31,3802
0.0,32,3805
0.0,33,3825
0.0,34,3825
0.0,35,3833
0.0,36,3833
0.0,37,3847
0.0,38,3852
0.0,39,3855
0.0,40,3855
0.0,41,3871
0.0,42,3872
0.0,43,3910
0.0,44,3932
0.0,45,3967
0.0,46,3992
0.0,47,3997
0.0,48,4001
0.0,49,4037
0.0,50,4052
0.0,51,4052
0.0,52,4055
0.0,53,4055
0.0,54,4067
0.0,55,4144
0.0,56,4144
0.0,57,4150
0.0,58,4157
0.0,59,4161
0.0,60,4164
0.0,61,4174
0.0,62,4174
0.0,63,4194
0.0,64,4194
0.0,65,4194
0.0,66,4194
0.0,67,4194
0.0,68,4196
0.0,69,4200
0.0,70,4200
0.0,71,4206
0.0,72,4206
0.0,73,4206
0.0,74,4210
0.0,75,4211
0.0,76,4212
0.0,77,4212
0.0,78,4212
0.0,79,4212
0.0,80,4212
0.0,81,4245
0.0,82,4246
0.0,83,4248
0.0,84,4248
0.0,85,4248
0.0,86,4250
0.0,87,4256
0.0,88,4379
0.0,89,4447
0.0,90,4451
0.0,91,4454
0.0,92,4454
0.0,93,4458
0.0,94,4458
0.0,95,4458
0.0,96,4458
0.0,97,4487
0.0,98,4493
0.0,99,4504
0.0,100,4504
0.0,101,4517
0.0,102,4518
0.0,103,4518
0.0,104,4518
0.0,105,4518
0.0,106,4518
0.0,107,4520
0.0,108,4521
0.0,109,4523
0.0,110,4523
0.0,111,4523
0.0,112,4527
0.0,113,4527
0.0,114,4532
0.0,115,4534
0.0,116,4538
0.0,117,4539
0.0,118,4539
0.0,119,4539
0.0,120,4550
0.0,121,4550
0.0,122,4550
0.0,123,4550
0.0,124,4552
0.0,125,4552
0.0,126,4552
0.0,127,4563
0.0,128,4913
0.0,129,4914
0.0,130,4914
0.0,131,4914
0.0,132,4914
0.0,133,4914
0.0,134,4914
0.0,135,4915
0.0,136,4915
0.0,137,4915
0.0,138,4923
0.0,139,4923
0.0,140,4923
0.0,141,4924
0.0,142,4927
0.0,143,4927
0.0,144,4927
0.0,145,5011
0.0,146,5011
0.0,147,5016
0.0,148,5016
0.0,149,5016
0.0,150,5016
0.0,151,5023
0.0,152,5023
0.0,153,5029
0.0,154,5031
0.0,155,5031
0.0,156,5031
0.0,157,5031
0.0,158,5032
0.0,159,5113
0.0,160,5113
0.0,161,5113
0.0,162,5123
0.0,163,5124
0.0,164,5124
0.0,165,5124
0.0,166,5124
0.0,167,5125
0.0,168,5136
0.0,169,5140
0.0,170,5141
0.0,171,5141
0.0,172,5144
0.0,173,5170
0.0,174,5176
0.0,175,5176
0.0,176,5180
0.0,177,5182
0.0,178,5182
0.016,179,5182
0.032,180,5182
0.044,181,5183
0.055,182,5184
0.067,183,5184
0.089,184,5184
0.115,185,5186
0.144,186,5187
0.172,187,5187
0.183,188,5192
0.199,189,5193
0.21,190,5195
0.228,191,5195
0.301,192,5195
0.34,193,5196
0.361,194,5196
0.431,195,5197
0.497,196,5198
0.559,197,5198
0.654,198,5198
0.769,199,5199
0.8,200,5199
0.825,201,5199
0.839,202,5200
0.995,203,5205
1.009,204,5206
1.023,205,5207
1.041,206,5208
1.06,207,5209
1.082,208,5210
1.1,209,5211
1.16,210,5212
1.224,211,5213
1.575,212,5213
1.923,213,5213
1.962,214,5214
1.987,215,5215
1.999,216,5216
2.02,217,5216
2.062,218,5218
2.107,219,5218
2.135,220,5219
2.162,221,5219
2.19,222,5219
2.214,223,5219
2.226,224,5222
2.256,225,5223
2.366,226,5224
2.435,227,5225
2.514,228,5225
2.547,229,5226
2.611,230,5227
2.635,231,5227
2.658,232,5227
2.731,233,5229
2.755,234,5230
2.8,235,5239
2.831,236,5240
2.858,237,5240
2.888,238,5240
2.912,239,5240
2.957,240,5242
3.018,241,5242
3.063,242,5245
3.082,243,5246
3.143,244,5246
3.155,245,5247
3.208,246,5247
3.266,247,5248
3.348,248,5248
3.425,249,5248
3.438,250,5249
3.457,251,5249
3.494,252,5249
3.528,253,5249
3.617,254,5249
3.717,255,5250
3.741,256,5251
3.753,257,5251
3.821,258,5255
3.852,259,5256
3.889,260,5256
3.918,261,5256
3.941,262,5265
4.077,263,5266
4.154,264,5268
4.392,265,5269
4.406,266,5269
4.437,267,5275
4.578,268,5276
4.612,269,5278
4.785,270,5278
4.841,271,5288
4.934,272,5288
5.266,273,5288
5.378,274,5289
5.418,275,5289
5.442,276,5290
5.628,277,5290
5.649,278,5290
6.04,279,5291
6.15,280,5291
6.178,281,5291
6.255,282,5291
6.461,283,5291
6.557,284,5291
6.9,285,5291
6.972,286,5291
7.075,287,5292
7.105,288,5292
7.239,289,5293
7.486,290,5294
7.531,291,5294
7.575,292,5295
7.908,293,5295
8.012,294,5296
8.037,295,5297
8.274,296,5298
8.435,297,5298
8.466,298,5298
8.579,299,5298
8.637,300,5298
8.689,301,5298
8.772,302,5300
8.784,303,5301
8.934,304,5302
9.209,305,5303
9.27,306,5303
9.303,307,5305
9.341,308,5305
9.596,309,5305
9.68,310,5305
9.807,311,5308
10.188,312,5309
10.205,313,5310
10.25,314,5311
10.36,315,5312
10.48,316,5312
10.492,317,5312
10.543,318,5312
10.562,319,5312
10.67,320,5312
10.808,321,5312
10.843,322,5314
10.862,323,5316
11.101,324,5316
11.275,325,5316
11.656,326,5317
11.739,327,5317
11.889,328,5317
12.006,329,5318
12.135,330,5319
12.22,331,5321
12.588,332,5321
12.789,333,5321
12.897,334,5321
12.921,335,5322
12.935,336,5323
12.972,337,5335
13.924,338,5336
14.125,339,5336
14.786,340,5337
14.802,341,5337
14.884,342,5340
15.215,343,5341
15.385,344,5341
15.636,345,5342
15.984,346,5343
16.005,347,5345
16.055,348,5346
16.217,349,5348
16.266,350,5348
16.421,351,5348
16.619,352,5349
16.72,353,5349
16.983,354,5353
17.037,355,5353
17.056,356,5355
17.105,357,5355
17.401,358,5356
17.479,359,5357
17.496,360,5358
17.797,361,5361
18.039,362,5361
18.121,363,5362
18.157,364,5364
18.539,365,5366
18.812,366,5369
19.019,367,5370
19.265,368,5370
19.481,369,5370
19.568,370,5374
19.716,371,5375
19.792,372,5387
20.054,373,5388
20.456,374,5388
20.472,375,5388
20.637,376,5388
21.232,377,5389
21.42,378,5389
21.894,379,5390
22.104,380,5390
22.119,381,5390
22.219,382,5393
22.265,383,5395
22.361,384,5396
22.491,385,5396
22.728,386,5396
23.893,387,5397
24.178,388,5398
24.4,389,5398
24.49,390,5399
24.674,391,5400
24.773,392,5400
24.893,393,5400
25.005,394,5400
25.296,395,5401
25.415,396,5401
25.501,397,5401
25.629,398,5401
27.31,399,5402
27.849,400,5403
28.17,401,5403
28.775,402,5403
28.827,403,5403
29.052,404,5403
29.437,405,5403
29.608,406,5403
29.62,407,5403
29.637,408,5403
29.899,409,5403
30.005,410,5404
30.082,411,5404
30.101,412,5405
30.15,413,5408
30.38,414,5408
30.469,415,5408
30.627,416,5408
30.977,417,5409
31.417,418,5409
31.792,419,5409
31.804,420,5409
31.986,421,5410
32.204,422,5411
32.284,423,5411
32.599,424,5412
32.758,425,5412
32.907,426,5412
33.246,427,5412
33.26,428,5412
33.333,429,5412
33.703,430,5413
34.972,431,5413
35.129,432,5414
35.28,433,5414
35.373,434,5414
35.387,435,5415
35.685,436,5417
35.899,437,5419
36.81,438,5420
37.061,439,5421
37.565,440,5421
38.052,441,5422
38.134,442,5422
38.317,443,5423
38.46,444,5423
39.686,445,5424
39.82,446,5424
40.011,447,5425
40.175,448,5427
40.294,449,5428
40.313,450,5429
40.853,451,5429
41.701,452,5429
41.807,453,5432
41.833,454,5432
42.936,455,5432
43.577,456,5432
43.647,457,5432
44.108,458,5441
45.006,459,5441
45.147,460,5442
45.489,461,5443
45.818,462,5444
46.043,463,5444
46.708,464,5445
46.76,465,5445
46.971,466,5451
47.221,467,5451
47.406,468,5453
47.586,469,5453
47.642,470,5453
47.724,471,5454
47.997,472,5454
48.28,473,5454
49.084,474,5454
49.207,475,5455
50.422,476,5464
50.885,477,5464
50.911,478,5464
51.521,479,5465
52.944,480,5465
53.166,481,5465
53.429,482,5465
53.795,483,5465
53.981,484,5465
54.333,485,5465
54.81,486,5465
55.511,487,5467
55.818,488,5467
56.061,489,5468
56.693,490,5468
57.61,491,5469
58.29,492,5473
58.391,493,5474
58.585,494,5474
58.916,495,5474
59.106,496,5475
59.2,497,5475
59.661,498,5475
59.71,499,5475
60.683,500,5475
61.362,501,5476
61.949,502,5476
62.105,503,5477
62.27,504,5477
62.829,505,5477
63.115,506,5477
66.064,507,5477
66.081,508,5477
66.852,509,5477
67.178,510,5478
67.202,511,5479
67.977,512,5480
69.065,513,5480
69.269,514,5480
69.459,515,5480
69.862,516,5480
70.403,517,5481
72.031,518,5481
72.123,519,5481
73.434,520,5481
73.623,521,5482
73.848,522,5482
75.633,523,5482
76.066,524,5483
76.131,525,5484
77.015,526,5484
77.071,527,5485
77.741,528,5485
77.901,529,5486
78.701,530,5486
79.743,531,5486
80.037,532,5486
80.453,533,5486
80.511,534,5486
83.818,535,5486
84.326,536,5486
85.108,537,5487
86.405,538,5488
87.142,539,5489
87.282,540,5489
87.612,541,5489
87.83,542,5492
89.726,543,5493
91.369,544,5493
91.859,545,5493
91.921,546,5493
93.085,547,5493
93.246,548,5493
93.454,549,5494
94.504,550,5494
94.724,551,5495
96.772,552,5495
97.037,553,5496
97.606,554,5497
97.941,555,5503
98.161,556,5503
98.579,557,5504
98.966,558,5504
99.02,559,5504
99.311,560,5504
100.609,561,5504
100.862,562,5504
100.92,563,5505
101.588,564,5505
102.232,565,5505
102.354,566,5507
102.703,567,5511
103.172,568,5511
103.341,569,5511
103.377,570,5511
103.642,571,5511
103.846,572,5511
104.457,573,5511
104.869,574,5512
106.947,575,5513
108.367,576,5513
108.699,577,5514
109.002,578,5517
110.815,579,5519
110.888,580,5520
111.76,581,5520
114.32,582,5520
115.331,583,5520
115.844,584,5531
116.373,585,5533
116.921,586,5534
117.172,587,5537
117.432,588,5537
117.606,589,5538
118.546,590,5538
119.285,591,5541
119.607,592,5541
120.543,593,5542
121.826,594,5543
122.443,595,5543
122.69,596,5543
124.43,597,5544
124.836,598,5545
124.963,599,5545
125.56,600,5546
126.541,601,5574
127.103,602,5574
127.872,603,5574
128.091,604,5574
128.277,605,5576
128.487,606,5576
128.687,607,5576
128.992,608,5576
129.331,609,5577
129.848,610,5579
130.98,611,5580
130.996,612,5580
131.825,613,5581
132.814,614,5582
135.634,615,5583
137.834,616,5589
138.837,617,5589
141.251,618,5589
141.621,619,5589
142.508,620,5589
142.548,621,5589
144.432,622,5589
150.296,623,5589
153.028,624,5596
154.806,625,5597
161.05,626,5598
162.571,627,5598
162.901,628,5598
163.12,629,5598
163.136,630,5598
163.685,631,5598
164.967,632,5599
165.18,633,5599
166.899,634,5600
167.141,635,5600
168.475,636,5600
169.58,637,5600
173.147,638,5601
174.353,639,5603
175.189,640,5604
178.246,641,5605
178.992,642,5606
181.217,643,5607
181.359,644,5607
185.175,645,5607
186.528,646,5607
190.674,647,5608
192.036,648,5611
192.639,649,5612
192.943,650,5613
193.867,651,5613
195.142,652,5613
195.811,653,5613
203.349,654,5614
204.613,655,5614
205.798,656,5614
205.952,657,5617
208.153,658,5617
208.58,659,5620
212.19,660,5620
213.232,661,5626
213.907,662,5626
214.61,663,5626
216.393,664,5627
220.791,665,5628
228.192,666,5628
230.016,667,5628
230.722,668,5628
231.057,669,5629
237.084,670,5631
243.608,671,5632
244.006,672,5644
245.509,673,5646
246.917,674,5647
249.621,675,5647
250.209,676,5647
251.91,677,5647
254.771,678,5647
259.621,679,5648
260.892,680,5649
268.775,681,5650
269.108,682,5650
269.153,683,5651
281.909,684,5652
285.453,685,5653
288.081,686,5653
288.165,687,5657
288.712,688,5657
288.724,689,5657
288.744,690,5657
289.155,691,5657
289.876,692,5657
290.226,693,5657
290.45,694,5659
290.874,695,5660
291.899,696,5661
294.752,697,5662
295.667,698,5662
296.399,699,5662
296.536,700,5662
296.874,701,5663
297.245,702,5664
297.539,703,5664
297.679,704,5664
298.252,705,5665
298.339,706,5665
299.149,707,5666
299.951,708,5666
301.232,709,5666
302.907,710,5666
304.382,711,5667
304.732,712,5668
305.548,713,5669
306.055,714,5669
306.475,715,5669
306.543,716,5670
307.418,717,5672
309.908,718,5673
312.032,719,5673
312.331,720,5674
313.661,721,5674
314.826,722,5676
318.261,723,5676
318.742,724,5676
320.402,725,5676
323.535,726,5676
324.403,727,5676
325.716,728,5676
326.516,729,5677
326.778,730,5677
328.746,731,5678
329.599,732,5679
331.034,733,5680
333.371,734,5680
333.453,735,5680
334.682,736,5683
338.41,737,5684
338.824,738,5685
339.803,739,5686
341.422,740,5687
341.453,741,5687
346.163,742,5687
347.359,743,5687
350.043,744,5688
351.709,745,5689
352.017,746,5689
352.029,747,5689
352.765,748,5689
354.207,749,5690
354.598,750,5690
355.296,751,5690
357.552,752,5690
358.083,753,5691
359.758,754,5691
361.439,755,5691
361.659,756,5692
364.613,757,5693
366.756,758,5693
368.036,759,5716
368.931,760,5744
370.463,761,5744
370.656,762,5744
371.935,763,5744
372.108,764,5744
373.341,765,5745
373.386,766,5745
374.017,767,5746
375.771,768,5747
378.261,769,5747
382.304,770,5747
383.229,771,5747
386.143,772,5748
389.122,773,5748
389.391,774,5748
390.99,775,5813
392.871,776,5816
393.075,777,5816
393.591,778,5821
397.162,779,5821
399.783,780,5821
400.282,781,5821
403.858,782,5821
405.16,783,5822
406.301,784,5822
406.312,785,5822
407.921,786,5822
412.808,787,5822
412.936,788,5823
412.973,789,5823
413.061,790,5823
413.754,791,5823
414.76,792,5823
415.222,793,5823
415.656,794,5823
416.072,795,5823
416.574,796,5824
417.154,797,5825
417.615,798,5826
419.078,799,5845
419.3,800,5845
419.343,801,5845
419.516,802,5846
420.317,803,5847
420.413,804,5848
420.717,805,5849
420.73,806,5850
420.755,807,5851
420.772,808,5852
420.792,809,5853
420.813,810,5854
421.858,811,5854
422.507,812,5854
422.545,813,5854
422.577,814,5854
422.615,815,5855
422.908,816,5855
422.974,817,5855
423.031,818,5855
423.151,819,5856
423.285,820,5857
423.301,821,5857
423.454,822,5858
423.503,823,5858
423.82,824,5858
423.91,825,5858
423.949,826,5858
424.137,827,5859
424.224,828,5862
424.279,829,5862
424.318,830,5862
424.367,831,5862
424.465,832,5862
424.613,833,5863
424.65,834,5864
424.695,835,5865
424.823,836,5865
425.076,837,5866
425.307,838,5867
425.674,839,5867
427.177,840,5867
427.507,841,5867
427.52,842,5868
427.758,843,5870
428.108,844,5871
428.252,845,5871
428.304,846,5872
428.444,847,5872
428.497,848,5872
429.385,849,5877
430.303,850,5877
430.335,851,5879
430.41,852,5880
430.72,853,5881
430.921,854,5881
431.146,855,5881
431.283,856,5881
431.681,857,5881
432.262,858,5881
433.573,859,5881
433.749,860,5881
434.807,861,5881
435.338,862,5881
435.797,863,5881
435.886,864,5883
435.972,865,5883
436.455,866,5883
436.501,867,5883
436.773,868,5883
437.336,869,5883
437.999,870,5883
438.375,871,5884
438.777,872,5884
438.958,873,5884
439.188,874,5887
440.481,875,5887
442.59,876,5887
442.802,877,5887
444.019,878,5887
444.674,879,5889
445.199,880,5889
445.38,881,5889
445.75,882,5889
446.355,883,5889
446.462,884,5890
447.187,885,5890
447.427,886,5890
448.413,887,5890
448.506,888,5891
448.795,889,5891
448.95,890,5892
449.773,891,5900
452.045,892,5900
453.976,893,5900
455.237,894,5900
455.3,895,5900
456.827,896,5900
457.196,897,5900
458.455,898,5900
458.468,899,5900
459.148,900,5901
459.176,901,5901
460.762,902,5901
460.878,903,5901
461.163,904,5902
461.181,905,5902
461.201,906,5902
462.036,907,5902
463.158,908,5903
463.199,909,5903
463.406,910,5904
463.645,911,5906
465.465,912,5906
467.418,913,5906
467.979,914,5906
468.121,915,5906
470.595,916,5910
472.02,917,5911
474.085,918,5913
474.541,919,5913
474.664,920,5914
475.414,921,5915
475.61,922,5916
476.145,923,5917
480.465,924,5917
480.61,925,5918
480.855,926,5918
482.314,927,5921
482.479,928,5922
484.031,929,5922
484.724,930,5923
484.805,931,5924
486.925,932,5926
487.243,933,5927
489.093,934,5929
489.788,935,5929
491.042,936,5929
491.126,937,5929
492.761,938,5929
493.213,939,5929
493.397,940,5930
493.546,941,5932
493.577,942,5932
493.777,943,5932
494.594,944,5933
495.365,945,5933
495.463,946,5933
497.591,947,5933
498.373,948,5934
499.506,949,5934
499.735,950,5935
500.232,951,5935
503.293,952,5937
503.316,953,5937
506.361,954,5937
506.716,955,5939
507.734,956,5939
507.866,957,5940
510.477,958,5942
513.442,959,5942
513.966,960,5943
514.897,961,5943
515.462,962,5943
516.498,963,5943
516.863,964,5943
517.343,965,5943
517.621,966,5943
518.371,967,5943
519.471,968,5943
521.322,969,5961
521.666,970,5961
523.718,971,5961
525.629,972,5961
527.14,973,5962
530.651,974,5963
532.304,975,5965
532.371,976,5965
533.511,977,5965
534.288,978,5965
535.028,979,5965
536.511,980,5965
537.422,981,5967
537.959,982,5967
539.483,983,5967
546.428,984,5967
546.758,985,5967
550.452,986,5967
551.126,987,5967
553.507,988,5967
555.202,989,5967
555.475,990,5967
556.37,991,5967
562.553,992,5967
562.726,993,5969
562.749,994,5971
562.807,995,5975
563.045,996,5975
563.195,997,5975
563.378,998,5975
564.386,999,5975
564.458,1000,5975
564.483,1001,5975
564.504,1002,5975
564.528,1003,5975
564.559,1004,5975
564.581,1005,5975
564.601,1006,5975
564.694,1007,5975
564.742,1008,5975
564.817,1009,5975
564.971,1010,5975
564.989,1011,5975
565.016,1012,5975
565.273,1013,5975
565.339,1014,5975
565.505,1015,5975
565.533,1016,5977
565.58,1017,5977
565.728,1018,5977
565.85,1019,5978
566.139,1020,5978
566.372,1021,5978
566.417,1022,5978
566.543,1023,5978
566.603,1024,5979
566.896,1025,5979
567.18,1026,5979
567.556,1027,5979
568.178,1028,5980
568.559,1029,5980
568.672,1030,5981
568.788,1031,5981
569.839,1032,5981
570.213,1033,5981
570.522,1034,5981
571.937,1035,5982
571.987,1036,5982
574.035,1037,5982
574.638,1038,5982
574.962,1039,5982
575.539,1040,5982
576.273,1041,5982
577.607,1042,5982
578.126,1043,5982
578.579,1044,5982
579.688,1045,5982
580.385,1046,5982
580.432,1047,5982
581.208,1048,5982
581.347,1049,5982
581.727,1050,5982
581.788,1051,5982
582.407,1052,5982
582.423,1053,5982
583.255,1054,5982
583.477,1055,5982
583.66,1056,5982
583.762,1057,5985
586.361,1058,5985
586.449,1059,5985
586.51,1060,5985
586.768,1061,5986
586.918,1062,5986
587.495,1063,5986
587.64,1064,5987
587.995,1065,5988
588.125,1066,5989
588.548,1067,5990
588.583,1068,5990
588.887,1069,5991
589.615,1070,5991
589.698,1071,5992
591.509,1072,5992
591.557,1073,5993
592.305,1074,5993
593.89,1075,5993
593.913,1076,5993
595.561,1077,5993
595.983,1078,5994
596.506,1079,5995
598.03,1080,5995
598.272,1081,5995
599.191,1082,5995
599.967,1083,5996
600.247,1084,5996
600.69,1085,5999
600.74,1086,6000
602.127,1087,6000
603.292,1088,6000
610.655,1089,6000
610.689,1090,6000
611.208,1091,6001
611.584,1092,6003
611.697,1093,6003
612.163,1094,6003
612.528,1095,6003
612.586,1096,6003
612.6,1097,6003
612.622,1098,6003
612.642,1099,6003
612.658,1100,6003
612.677,1101,6003
612.695,1102,6003
612.72,1103,6003
612.74,1104,6003
612.759,1105,6003
612.778,1106,6003
612.792,1107,6003
612.812,1108,6003
612.851,1109,6004
612.873,1110,6004
612.89,1111,6004
612.906,1112,6005
612.926,1113,6005
612.948,1114,6005
612.974,1115,6005
612.992,1116,6005
613.017,1117,6005
613.059,1118,6005
613.086,1119,6007
613.112,1120,6008
613.151,1121,6008
613.19,1122,6008
613.236,1123,6008
613.276,1124,6008
613.293,1125,6010
613.31,1126,6010
613.329,1127,6010
613.352,1128,6010
613.369,1129,6010
613.389,1130,6010
613.421,1131,6010
613.441,1132,6010
613.458,1133,6010
613.483,1134,6010
613.498,1135,6010
613.543,1136,6010
613.581,1137,6010
613.608,1138,6010
613.627,1139,6010
613.654,1140,6010
613.67,1141,6010
613.724,1142,6010
613.81,1143,6010
613.867,1144,6010
613.909,1145,6010
613.966,1146,6010
614.001,1147,6011
614.029,1148,6011
614.087,1149,6011
614.127,1150,6011
614.163,1151,6011
614.214,1152,6012
614.264,1153,6012
614.297,1154,6012
614.349,1155,6012
614.397,1156,6013
614.457,1157,6013
614.553,1158,6013
614.584,1159,6013
614.641,1160,6013
614.673,1161,6014
614.699,1162,6014
614.74,1163,6014
614.785,1164,6014
614.808,1165,6015
614.841,1166,6015
614.885,1167,6015
614.922,1168,6015
614.994,1169,6015
615.016,1170,6015
615.15,1171,6015
615.185,1172,6015
615.831,1173,6016
616.091,1174,6016
616.18,1175,6016
616.273,1176,6017
616.492,1177,6017
616.536,1178,6017
616.721,1179,6018
616.814,1180,6018
616.842,1181,6018
616.931,1182,6019
617.003,1183,6019
617.065,1184,6020
617.314,1185,6020
617.394,1186,6020
617.45,1187,6021
617.534,1188,6022
618.05,1189,6022
618.335,1190,6023
618.453,1191,6023
618.499,1192,6023
618.596,1193,6024
618.775,1194,6024
618.948,1195,6024
618.982,1196,6024
619.474,1197,6025
619.646,1198,6026
619.773,1199,6027
620.02,1200,6027
620.067,1201,6027
620.111,1202,6028
620.142,1203,6028
620.287,1204,6028
620.337,1205,6028
620.371,1206,6029
620.425,1207,6029
620.458,1208,6029
621.173,1209,6029
621.332,1210,6029
621.663,1211,6029
621.911,1212,6029
621.953,1213,6029
622.088,1214,6029
622.455,1215,6029
622.537,1216,6029
622.581,1217,6029
622.934,1218,6030
623.474,1219,6031
623.731,1220,6031
624.212,1221,6031
624.487,1222,6031
624.924,1223,6031
625.044,1224,6031
625.107,1225,6031
625.677,1226,6031
625.854,1227,6031
626.038,1228,6031
626.068,1229,6031
626.131,1230,6031
626.149,1231,6031
626.645,1232,6031
626.792,1233,6032
626.98,1234,6032
627.334,1235,6032
627.572,1236,6032
627.597,1237,6032
628.283,1238,6032
628.5,1239,6032
628.879,1240,6039
630.084,1241,6039
630.207,1242,6039
630.787,1243,6039
631.231,1244,6039
631.413,1245,6039
631.785,1246,6039
631.902,1247,6039
632.184,1248,6039
632.768,1249,6039
633.735,1250,6039
634.176,1251,6040
634.222,1252,6041
634.256,1253,6042
634.889,1254,6043
635.59,1255,6043
636.115,1256,6043
636.267,1257,6043
636.452,1258,6043
636.835,1259,6043
637.045,1260,6043
637.706,1261,6043
637.831,1262,6045
638.084,1263,6045
638.641,1264,6045
639.25,1265,6045
639.506,1266,6045
639.603,1267,6045
640.729,1268,6045
641.165,1269,6045
641.264,1270,6045
641.35,1271,6046
641.468,1272,6046
642.154,1273,6050
642.372,1274,6050
642.867,1275,6050
642.919,1276,6051
643.155,1277,6051
643.638,1278,6051
644.352,1279,6051
644.848,1280,6052
645.1,1281,6052
645.447,1282,6053
645.772,1283,6054
646.263,1284,6054
646.785,1285,6054
646.992,1286,6054
647.54,1287,6054
647.799,1288,6054
648.142,1289,6054
649.205,1290,6055
649.289,1291,6056
649.319,1292,6060
649.506,1293,6060
649.734,1294,6063
649.789,1295,6063
651.166,1296,6063
651.277,1297,6064
651.805,1298,6064
651.854,1299,6064
652.977,1300,6064
653.225,1301,6064
654.111,1302,6064
654.884,1303,6064
654.903,1304,6065
655.006,1305,6065
655.595,1306,6065
656.811,1307,6065
657.665,1308,6065
668.84,1309,6065
669.135,1310,6065
675.473,1311,6066
678.522,1312,6073
679.257,1313,6074
682.27,1314,6078
682.511,1315,6078
683.549,1316,6081
684.109,1317,6087
684.659,1318,6087
696.18,1319,6088
696.234,1320,6088
696.625,1321,6088
696.715,1322,6088
697.459,1323,6088
698.243,1324,6089
698.263,1325,6089
698.281,1326,6094
698.295,1327,6094
698.357,1328,6094
698.395,1329,6094
698.431,1330,6094
698.526,1331,6094
698.672,1332,6121
698.692,1333,6122
698.865,1334,6122
699.543,1335,6122
700.174,1336,6122
700.458,1337,6122
700.727,1338,6122
700.784,1339,6122
700.988,1340,6122
701.948,1341,6122
701.985,1342,6122
702.113,1343,6122
703.335,1344,6122
703.358,1345,6122
703.498,1346,6122
703.904,1347,6122
704.357,1348,6122
704.532,1349,6122
705.018,1350,6136
705.533,1351,6136
706.261,1352,6136
707.484,1353,6137
709.168,1354,6137
709.184,1355,6137
709.62,1356,6137
709.728,1357,6138
710.786,1358,6142
711.135,1359,6142
711.435,1360,6142
712.813,1361,6150
713.062,1362,6186
713.408,1363,6188
714.716,1364,6193
716.647,1365,6194
718.561,1366,6200
719.606,1367,6200
720.824,1368,6200
721.052,1369,6200
721.426,1370,6200
721.617,1371,6201
722.249,1372,6201
723.243,1373,6235
723.525,1374,6235
723.764,1375,6235
723.998,1376,6235
724.034,1377,6247
724.069,1378,6247
724.148,1379,6247
724.535,1380,6247
725.584,1381,6247
725.794,1382,6248
725.884,1383,6248
726.063,1384,6248
727.488,1385,6258
730.27,1386,6258
730.331,1387,6258
730.496,1388,6258
730.525,1389,6258
730.628,1390,6258
730.756,1391,6258
730.891,1392,6258
731.076,1393,6258
731.214,1394,6258
731.323,1395,6258
731.369,1396,6258
731.864,1397,6259
731.894,1398,6259
732.014,1399,6259
732.029,1400,6259
732.086,1401,6259
732.196,1402,6259
732.214,1403,6259
732.26,1404,6259
732.282,1405,6260
732.48,1406,6260
732.499,1407,6260
732.614,1408,6261
732.712,1409,6262
732.98,1410,6262
732.997,1411,6262
733.289,1412,6263
733.614,1413,6263
733.997,1414,6264
734.066,1415,6265
734.65,1416,6265
734.68,1417,6265
735.038,1418,6265
735.221,1419,6265
735.448,1420,6267
736.256,1421,6268
736.278,1422,6269
736.595,1423,6270
736.958,1424,6270
737.044,1425,6271
737.333,1426,6271
737.417,1427,6272
738.716,1428,6273
739.586,1429,6273
740.823,1430,6273
741.703,1431,6273
741.75,1432,6273
742.622,1433,6273
745.709,1434,6273
746.59,1435,6274
746.997,1436,6274
748.605,1437,6274
748.787,1438,6275
749.117,1439,6275
749.726,1440,6275
751.477,1441,6276
758.406,1442,6277
759.097,1443,6277
765.904,1444,6278
767.086,1445,6278
779.547,1446,6278
800.641,1447,6278
801.032,1448,6278
801.707,1449,6278
801.838,1450,6278
801.87,1451,6278
801.909,1452,6278
801.951,1453,6278
801.995,1454,6278
802.068,1455,6278
802.086,1456,6278
802.125,1457,6278
802.175,1458,6278
802.243,1459,6278
822.243,1460,6278
832.744,1461,6279
837.315,1462,6279
838.287,1463,6279
839.959,1464,6279
841.382,1465,6280
848.277,1466,6281
850.425,1467,6281
852.477,1468,6281
853.135,1469,6282
853.296,1470,6283
853.788,1471,6283
856.57,1472,6283
856.708,1473,6283
858.331,1474,6283
858.926,1475,6284
860.838,1476,6285
861.756,1477,6285
867.925,1478,6285
876.406,1479,6285
877.118,1480,6285
877.719,1481,6286
890.137,1482,6286
891.167,1483,6287
891.409,1484,6288
904.537,1485,6288
907.942,1486,6288
910.136,1487,6288
912.876,1488,6289
929.176,1489,6289
942.886,1490,6289
943.209,1491,6289
949.483,1492,6290
949.674,1493,6290
952.126,1494,6291
953.387,1495,6291
959.895,1496,6291
962.022,1497,6291
963.101,1498,6291
973.153,1499,6297
973.286,1500,6298
973.383,1501,6303
973.512,1502,6303
973.54,1503,6303
973.676,1504,6303
973.798,1505,6307
973.826,1506,6307
974.092,1507,6307
974.23,1508,6307
974.345,1509,6307
974.373,1510,6307
974.491,1511,6307
974.662,1512,6307
974.691,1513,6307
974.823,1514,6307
975.156,1515,6307
975.293,1516,6307
975.425,1517,6308
975.467,1518,6308
975.532,1519,6308
975.606,1520,6308
975.663,1521,6310
975.724,1522,6310
975.825,1523,6310
977.21,1524,6354
977.484,1525,6355
977.686,1526,6355
978.171,1527,6355
979.317,1528,6356
979.558,1529,6364
980.037,1530,6364
980.632,1531,6368
981.272,1532,6368
981.286,1533,6369
981.499,1534,6378
981.803,1535,6380
982.103,1536,6387
983.426,1537,6390
983.894,1538,6396
988.049,1539,6399
989.468,1540,6400
992.735,1541,6402
993.46,1542,6420
996.422,1543,6423
998.098,1544,6424
999.857,1545,6426
1002.531,1546,6426
1003.693,1547,6427
1016.221,1548,6427
1017.584,1549,6427
1019.129,1550,6427
1020.459,1551,6427
1020.748,1552,6427
1021.128,1553,6427
1021.455,1554,6428
1026.904,1555,6428
1033.232,1556,6428
1034.765,1557,6428
1034.811,1558,6428
1037.917,1559,6428
1037.958,1560,6428
1041.139,1561,6428
1042.17,1562,6429
1043.044,1563,6429
1044.907,1564,6432
1049.62,1565,6433
1058.416,1566,6433
1060.344,1567,6433
1061.289,1568,6434
1063.694,1569,6434
1065.145,1570,6434
1065.369,1571,6434
1065.694,1572,6434
1066.525,1573,6435
1067.325,1574,6435
1068.214,1575,6436
1070.748,1576,6436
1070.863,1577,6436
1074.636,1578,6436
1074.656,1579,6436
1075.692,1580,6436
1076.54,1581,6436
1080.624,1582,6436
1080.797,1583,6436
1080.971,1584,6436
1085.28,1585,6436
1086.368,1586,6436
1086.782,1587,6436
1087.236,1588,6437
1089.55,1589,6438
1093.971,1590,6438
1094.092,1591,6439
1094.282,1592,6439
1098.589,1593,6440
1098.955,1594,6440
1099.265,1595,6441
1100.087,1596,6441
1109.5,1597,6441
1110.523,1598,6441
1112.315,1599,6442
1117.817,1600,6443
1123.472,1601,6443
1124.885,1602,6443
1129.203,1603,6456
1129.912,1604,6458
1133.024,1605,6458
1148.509,1606,6458
1151.93,1607,6459
1170.975,1608,6459
1172.045,1609,6459
1176.179,1610,6461
1176.801,1611,6461
1184.848,1612,6461
1185.485,1613,6461
1191.908,1614,6463
1196.32,1615,6464
1206.971,1616,6464
1214.235,1617,6470
1216.394,1618,6475
1221.783,1619,6475
1221.91,1620,6475
1222.33,1621,6475
1222.347,1622,6475
1222.66,1623,6475
1223.713,1624,6475
1223.778,1625,6476
1223.796,1626,6476
1223.817,1627,6476
1223.833,1628,6476
1223.872,1629,6476
1223.939,1630,6476
1223.957,1631,6476
1224.021,1632,6476
1224.039,1633,6476
1224.106,1634,6476
1224.142,1635,6476
1224.19,1636,6476
1224.215,1637,6476
1224.245,1638,6476
1224.289,1639,6476
1224.312,1640,6476
1224.467,1641,6476
1224.637,1642,6476
1224.668,1643,6476
1224.852,1644,6476
1224.973,1645,6476
1225.247,1646,6477
1225.261,1647,6477
1225.293,1648,6477
1225.414,1649,6477
1225.495,1650,6477
1225.529,1651,6477
1225.699,1652,6477
1225.792,1653,6477
1225.927,1654,6477
1226.273,1655,6477
1226.578,1656,6477
1226.917,1657,6477
1227.141,1658,6477
1227.642,1659,6477
1227.791,1660,6477
1227.891,1661,6477
1228.168,1662,6477
1228.44,1663,6477
1228.616,1664,6477
1229.062,1665,6477
1229.225,1666,6478
1229.898,1667,6478
1230.776,1668,6478
1230.844,1669,6478
1230.969,1670,6478
1231.45,1671,6479
1231.731,1672,6479
1231.899,1673,6479
1232.102,1674,6479
1232.163,1675,6479
1232.44,1676,6480
1232.829,1677,6480
1233.545,1678,6480
1234.271,1679,6480
1234.41,1680,6480
1235.256,1681,6480
1235.505,1682,6481
1238.88,1683,6482
1241.359,1684,6482
1241.858,1685,6484
1242.878,1686,6484
1242.99,1687,6485
1243.07,1688,6485
1243.405,1689,6485
1245.65,1690,6485
1246.633,1691,6485
1247.932,1692,6485
1248.149,1693,6485
1248.412,1694,6485
1251.103,1695,6485
1252.183,1696,6485
1254.526,1697,6485
1254.997,1698,6485
1264.828,1699,6485
1265.277,1700,6485
1283.752,1701,6489
1283.786,1702,6489
1284.076,1703,6550
1284.124,1704,6566
1284.148,1705,6566
1284.222,1706,6566
1284.272,1707,6566
1284.71,1708,6566
1285.297,1709,6566
1285.377,1710,6566
1285.427,1711,6566
1285.447,1712,6566
1285.465,1713,6566
1285.483,1714,6566
1285.507,1715,6570
1285.528,1716,6572
1285.554,1717,6572
1285.577,1718,6576
1285.614,1719,6576
1285.64,1720,6576
1285.659,1721,6576
1285.69,1722,6576
1285.726,1723,6576
1285.747,1724,6576
1285.772,1725,6576
1285.798,1726,6576
1285.818,1727,6580
1285.839,1728,6580
1285.868,1729,6580
1285.895,1730,6580
1286.328,1731,6580
1286.74,1732,6580
1287.22,1733,6580
1287.271,1734,6580
1287.375,1735,6580
1287.447,1736,6582
1287.477,1737,6582
1287.518,1738,6582
1287.615,1739,6582
1287.686,1740,6582
1287.788,1741,6582
1287.812,1742,6582
1287.83,1743,6582
1288.158,1744,6583
1288.184,1745,6584
1288.216,1746,6585
1288.408,1747,6586
1288.497,1748,6586
1288.548,1749,6586
1288.888,1750,6586
1288.916,1751,6586
1288.973,1752,6586
1289.049,1753,6586
1289.072,1754,6586
1289.102,1755,6586
1289.148,1756,6586
1289.169,1757,6586
1289.194,1758,6586
1289.281,1759,6586
1289.306,1760,6586
1289.396,1761,6586
1289.421,1762,6586
1289.555,1763,6586
1289.668,1764,6586
1289.739,1765,6586
1289.797,1766,6586
1289.816,1767,6586
1289.842,1768,6586
1289.906,1769,6587
1289.929,1770,6587
1289.949,1771,6587
1289.988,1772,6587
1290.019,1773,6587
1290.05,1774,6593
1290.072,1775,6593
1290.139,1776,6594
1290.199,1777,6594
1290.31,1778,6594
1290.33,1779,6595
1290.357,1780,6595
1290.428,1781,6596
1290.467,1782,6597
1290.509,1783,6597
1290.599,1784,6597
1290.641,1785,6597
1290.772,1786,6597
1290.807,1787,6597
1290.85,1788,6598
1290.928,1789,6598
1291.009,1790,6598
1291.111,1791,6598
1291.133,1792,6598
1291.175,1793,6602
1291.284,1794,6602
1291.435,1795,6602
1291.585,1796,6602
1291.612,1797,6602
1291.749,1798,6603
1291.778,1799,6603
1291.797,1800,6604
1292.159,1801,6604
1292.179,1802,6604
1292.325,1803,6605
1292.354,1804,6605
1292.395,1805,6606
1292.453,1806,6610
1292.48,1807,6610
1292.642,1808,6610
1292.68,1809,6610
1292.741,1810,6610
1292.774,1811,6610
1292.863,1812,6610
1292.911,1813,6610
1292.984,1814,6611
1293.015,1815,6611
1293.093,1816,6611
1293.112,1817,6611
1293.544,1818,6611
1293.65,1819,6611
1293.676,1820,6611
1293.797,1821,6611
1293.842,1822,6611
1293.862,1823,6612
1294.417,1824,6612
1294.446,1825,6612
1294.497,1826,6612
1294.675,1827,6612
1294.83,1828,6612
1294.921,1829,6612
1294.947,1830,6612
1295.027,1831,6616
1295.048,1832,6617
1295.068,1833,6617
1295.089,1834,6617
1295.209,1835,6618
1295.234,1836,6619
1295.283,1837,6619
1295.303,1838,6619
1295.386,1839,6620
1295.411,1840,6621
1295.563,1841,6622
1295.701,1842,6622
1295.757,1843,6623
1295.823,1844,6623
1295.919,1845,6623
1296.0,1846,6627
1296.035,1847,6627
1296.091,1848,6628
1296.132,1849,6631
1296.17,1850,6631
1296.224,1851,6631
1296.299,1852,6631
1296.356,1853,6631
1296.434,1854,6631
1296.554,1855,6631
1296.74,1856,6632
1296.806,1857,6633
1296.939,1858,6634
1296.971,1859,6634
1297.065,1860,6634
1297.096,1861,6634
1297.188,1862,6634
1297.218,1863,6634
1297.333,1864,6634
1297.442,1865,6634
1297.523,1866,6634
1297.64,1867,6634
1297.676,1868,6634
1297.799,1869,6638
1297.833,1870,6638
1297.936,1871,6638
1297.962,1872,6638
1298.056,1873,6638
1298.085,1874,6638
1298.135,1875,6639
1298.202,1876,6639
1298.371,1877,6640
1298.507,1878,6640
1298.785,1879,6641
1298.851,1880,6641
1298.989,1881,6641
1299.105,1882,6641
1299.17,1883,6641
1299.233,1884,6643
1299.259,1885,6643
1299.375,1886,6643
1299.401,1887,6643
1299.49,1888,6644
1299.519,1889,6645
1299.559,1890,6645
1299.646,1891,6646
1299.702,1892,6646
1299.722,1893,6646
1299.837,1894,6646
1299.856,1895,6646
1299.977,1896,6646
1300.098,1897,6646
1300.227,1898,6646
1300.359,1899,6646
1300.475,1900,6646
1300.512,1901,6646
1300.633,1902,6646
1300.745,1903,6646
1300.911,1904,6646
1300.966,1905,6646
1301.169,1906,6646
1301.412,1907,6646
1301.651,1908,6646
1301.75,1909,6646
1301.795,1910,6646
1302.038,1911,6646
1302.065,1912,6646
1302.204,1913,6646
1302.27,1914,6646
1302.507,1915,6646
1302.879,1916,6646
1303.012,1917,6646
1303.043,1918,6652
1303.189,1919,6652
1303.221,1920,6652
1303.359,1921,6652
1303.75,1922,6654
1303.772,1923,6663
1303.873,1924,6663
1303.901,1925,6678
1303.922,1926,6681
1303.965,1927,6681
1304.155,1928,6681
1304.233,1929,6683
1304.26,1930,6683
1304.28,1931,6683
1304.397,1932,6684
1304.461,1933,6686
1304.489,1934,6686
1304.65,1935,6686
1304.753,1936,6686
1304.998,1937,6686
1305.225,1938,6686
1305.271,1939,6686
1305.887,1940,6686
1305.987,1941,6710
1306.313,1942,6710
1306.337,1943,6714
1306.439,1944,6716
1306.482,1945,6717
1306.527,1946,6727
1306.556,1947,6729
1306.576,1948,6730
1306.669,1949,6731
1306.74,1950,6732
1307.018,1951,6732
1307.425,1952,6733
1307.453,1953,6733
1307.723,1954,6735
1307.743,1955,6737
1307.764,1956,6738
1307.788,1957,6739
1307.851,1958,6740
1307.934,1959,6741
1307.955,1960,6741
1308.18,1961,6741
1308.287,1962,6741
1308.55,1963,6742
1308.699,1964,6743
1308.724,1965,6744
1308.797,1966,6744
1309.703,1967,6745
1309.808,1968,6746
1310.757,1969,6746
1310.985,1970,6746
1311.085,1971,6747
1311.105,1972,6748
1311.329,1973,6748
1311.92,1974,6748
1312.571,1975,6748
1312.609,1976,6753
1312.629,1977,6753
1312.883,1978,6753
1312.975,1979,6753
1313.102,1980,6755
1313.443,1981,6756
1313.986,1982,6757
1314.263,1983,6757
1314.394,1984,6758
1314.76,1985,6759
1314.982,1986,6760
1315.13,1987,6764
1316.34,1988,6764
1316.353,1989,6764
1316.369,1990,6764
1316.664,1991,6764
1317.119,1992,6765
1317.406,1993,6766
1317.972,1994,6774
1319.302,1995,6775
1320.696,1996,6776
1321.505,1997,6776
1322.093,1998,6784
1323.247,1999,6784
1323.268,2000,6784
1323.288,2001,6784
1323.309,2002,6784
1324.149,2003,6785
1324.169,2004,6785
1324.189,2005,6785
1324.518,2006,6785
1324.623,2007,6786
1325.315,2008,6786
1325.525,2009,6786
1326.95,2010,6787
1327.455,2011,6787
1327.633,2012,6787
1327.727,2013,6787
1327.751,2014,6787
1327.862,2015,6787
1327.886,2016,6787
1327.922,2017,6787
1328.03,2018,6788
1328.162,2019,6788
1328.476,2020,6789
1328.516,2021,6790
1329.478,2022,6791
1329.501,2023,6793
1329.555,2024,6793
1329.592,2025,6794
1329.907,2026,6795
1329.982,2027,6795
1330.776,2028,6795
1330.828,2029,6799
1330.861,2030,6799
1331.326,2031,6800
1332.222,2032,6800
1332.439,2033,6800
1332.609,2034,6800
1332.652,2035,6801
1332.683,2036,6803
1333.48,2037,6804
1336.703,2038,6811
1336.723,2039,6812
1336.776,2040,6813
1336.799,2041,6819
1336.826,2042,6821
1340.472,2043,6821
1340.95,2044,6822
1341.572,2045,6822
1341.599,2046,6823
1341.622,2047,6823
1341.667,2048,6830
1341.693,2049,6831
1344.03,2050,6834
1344.162,2051,6835
1344.88,2052,6836
1344.936,2053,6843
1347.549,2054,6843
1350.645,2055,6843
1350.876,2056,6843
1352.38,2057,6843
1352.677,2058,6843
1354.458,2059,6843
1356.206,2060,6843
1356.375,2061,6844
1357.565,2062,6844
1357.833,2063,6844
1358.003,2064,6844
1359.893,2065,6849
1363.56,2066,6849
1366.223,2067,6850
1369.278,2068,6850
1369.384,2069,6850
1370.841,2070,6850
1371.442,2071,6850
1372.044,2072,6850
1377.687,2073,6850
1383.854,2074,6850
1385.671,2075,6850
1401.876,2076,6851
1401.945,2077,6851
1402.165,2078,6851
1415.408,2079,6851
1415.645,2080,6851
1415.801,2081,6851
1416.0,2082,6851
1416.03,2083,6851
1416.19,2084,6851
1416.266,2085,6851
1416.783,2086,6851
1417.11,2087,6851
1417.786,2088,6851
1417.958,2089,6851
1417.979,2090,6851
1418.126,2091,6851
1418.532,2092,6851
1419.067,2093,6852
1419.334,2094,6852
1419.619,2095,6852
1420.583,2096,6853
1421.235,2097,6853
1421.386,2098,6853
1421.774,2099,6853
1422.997,2100,6853
1423.405,2101,6853
1424.52,2102,6853
1424.542,2103,6853
1424.753,2104,6853
1425.573,2105,6853
1427.431,2106,6854
1429.038,2107,6854
1429.153,2108,6855
1429.856,2109,6855
1431.821,2110,6855
1432.121,2111,6855
1434.23,2112,6855
1435.235,2113,6855
1436.748,2114,6855
1437.024,2115,6855
1437.139,2116,6855
1437.283,2117,6856
1437.482,2118,6856
1437.581,2119,6857
1437.869,2120,6857
1438.235,2121,6857
1438.584,2122,6857
1440.069,2123,6857
1440.796,2124,6857
1440.997,2125,6857
1441.953,2126,6857
1442.612,2127,6857
1443.739,2128,6857
1444.473,2129,6857
1445.162,2130,6857
1445.682,2131,6858
1446.564,2132,6858
1446.685,2133,6858
1447.137,2134,6858
1447.612,2135,6858
1448.951,2136,6858
1449.525,2137,6862
1449.755,2138,6862
1450.125,2139,6862
1450.646,2140,6862
1450.812,2141,6862
1451.682,2142,6862
1453.101,2143,6862
1454.074,2144,6866
1454.617,2145,6879
1454.914,2146,6880
1456.972,2147,6881
1457.984,2148,6882
1459.271,2149,6883
1459.834,2150,6883
1460.487,2151,6890
1461.584,2152,6891
1463.966,2153,6891
1464.077,2154,6891
1464.332,2155,6891
1465.591,2156,6891
1468.654,2157,6891
1468.728,2158,6891
1468.749,2159,6891
1469.43,2160,6891
1471.133,2161,6891
1471.855,2162,6891
1472.923,2163,6891
1473.341,2164,6891
1475.891,2165,6891
1475.944,2166,6891
1476.675,2167,6891
1477.924,2168,6891
1478.198,2169,6891
1478.748,2170,6891
1480.591,2171,6891
1481.66,2172,6891
1482.322,2173,6892
1482.425,2174,6892
1482.614,2175,6895
1482.988,2176,6895
1483.559,2177,6895
1484.89,2178,6895
1485.028,2179,6895
1486.886,2180,6895
1487.232,2181,6895
1491.459,2182,6895
1492.373,2183,6895
1493.421,2184,6895
1493.71,2185,6895
1493.893,2186,6896
1494.66,2187,6896
1497.45,2188,6897
1498.811,2189,6902
1499.03,2190,6902
1499.642,2191,6904
1499.954,2192,6904
1501.651,2193,6904
1501.687,2194,6905
1502.589,2195,6905
1503.841,2196,6906
1505.325,2197,6906
1509.642,2198,6914
1509.807,2199,6914
1510.69,2200,6915
1512.258,2201,6916
1515.243,2202,6917
1516.476,2203,6917
1517.717,2204,6921
1519.688,2205,6924
1520.279,2206,6925
1521.472,2207,6925
1528.795,2208,6925
1535.733,2209,6925
1545.875,2210,6925
1550.281,2211,6926
1555.857,2212,6926
1556.157,2213,6926
1567.241,2214,6926
1567.268,2215,6930
1567.411,2216,6930
1567.49,2217,6941
1567.57,2218,6941
1567.592,2219,6942
1567.82,2220,6943
1567.843,2221,6948
1567.886,2222,6951
1567.929,2223,6951
1568.011,2224,6951
1569.249,2225,6951
1569.428,2226,6951
1570.34,2227,6951
1570.426,2228,6951
1570.501,2229,6951
1570.618,2230,6951
1571.778,2231,6951
1572.195,2232,6952
1573.191,2233,6952
1574.432,2234,6953
1574.689,2235,6958
1574.845,2236,6958
1576.777,2237,6958
1578.174,2238,6958
1579.362,2239,6959
1579.527,2240,6959
1580.275,2241,6960
1580.73,2242,6960
1583.217,2243,6960
1583.504,2244,6960
1587.276,2245,6960
1587.793,2246,6961
1589.153,2247,6961
1591.349,2248,6963
1591.556,2249,6963
1592.64,2250,6963
1604.259,2251,6964
1607.908,2252,6964
1611.527,2253,6964
1611.792,2254,6965
1617.676,2255,6965
1618.264,2256,6965
1618.822,2257,6965
1619.609,2258,6965
1619.63,2259,6965
1619.666,2260,6965
1619.694,2261,6965
1620.328,2262,6965
1620.555,2263,6965
1620.744,2264,6965
1621.509,2265,6965
1622.03,2266,6966
1623.466,2267,6966
1623.919,2268,6966
1624.192,2269,6966
1625.827,2270,6967
1626.206,2271,6967
1626.974,2272,6967
1627.371,2273,6967
1629.884,2274,6967
1633.07,2275,6967
1635.183,2276,6967
1635.409,2277,6967
1638.885,2278,6967
1639.241,2279,6967
1639.522,2280,6967
1640.161,2281,6967
1642.6,2282,6967
1643.074,2283,6967
1646.017,2284,6967
1646.952,2285,6967
1651.3,2286,6967
1651.68,2287,6967
1652.112,2288,6967
1666.261,2289,6967
1666.282,2290,6967
1666.587,2291,6967
1666.626,2292,6968
1666.714,2293,6968
1666.95,2294,6969
1667.265,2295,6970
1667.381,2296,6970
1667.611,2297,6970
1667.647,2298,6970
1667.672,2299,6970
1668.284,2300,6971
1669.474,2301,6972
1669.962,2302,6972
1670.71,2303,6973
1671.782,2304,6973
1672.365,2305,6975
1673.604,2306,6975
1675.446,2307,6975
1675.562,2308,6976
1676.818,2309,6977
1677.277,2310,6977
1679.771,2311,6978
1679.946,2312,6978
1684.248,2313,6979
1684.701,2314,6979
1685.758,2315,6979
1695.448,2316,6980
1703.789,2317,6981
1704.166,2318,6981
1704.492,2319,6981
1704.827,2320,6981
1704.979,2321,6982
1705.365,2322,6983
1706.424,2323,6983
1708.415,2324,6983
1710.482,2325,6984
1710.722,2326,6984
1711.257,2327,6984
1713.156,2328,6984
1718.754,2329,6985
1720.578,2330,6985
1722.629,2331,6985
1729.032,2332,6985
1731.922,2333,6986
1732.744,2334,6986
1735.887,2335,6987
1736.531,2336,6987
1737.502,2337,6987
1738.434,2338,6988
1739.524,2339,6989
1749.843,2340,6989
1750.146,2341,6990
1750.232,2342,6990
1750.305,2343,6990
1750.694,2344,6992
1750.769,2345,6992
1750.81,2346,6992
1750.857,2347,6993
1750.965,2348,6993
1751.032,2349,6994
1751.24,2350,6994
1751.331,2351,7013
1751.485,2352,7019
1751.647,2353,7019
1752.101,2354,7019
1752.146,2355,7019
1753.348,2356,7019
1753.848,2357,7019
1754.478,2358,7020
1754.543,2359,7021
1754.728,2360,7023
1755.258,2361,7023
1758.321,2362,7023
1759.004,2363,7023
1760.887,2364,7027
1761.36,2365,7028
1762.469,2366,7029
1762.97,2367,7031
1764.551,2368,7032
1766.981,2369,7033
1767.831,2370,7033
1771.199,2371,7036
1772.296,2372,7036
1774.318,2373,7036
1775.278,2374,7036
1777.421,2375,7036
1785.801,2376,7036
1791.072,2377,7036
1791.118,2378,7036
1791.974,2379,7036
1792.238,2380,7036
1792.604,2381,7036
1794.541,2382,7037
1794.851,2383,7037
1795.596,2384,7039
1796.323,2385,7039
1797.124,2386,7039
1799.999,2387,7039
1800.655,2388,7039
1801.565,2389,7039
1807.785,2390,7040
1808.341,2391,7040
1811.426,2392,7040
1813.164,2393,7042
1813.774,2394,7045
1819.084,2395,7047
1820.937,2396,7047
1845.047,2397,7047
1848.539,2398,7047
1855.518,2399,7047
1866.823,2400,7047
1867.251,2401,7047
1867.879,2402,7047
1872.08,2403,7047
1874.352,2404,7047
1890.386,2405,7047
1916.522,2406,7047
1918.16,2407,7064
1923.894,2408,7064
1962.596,2409,7066
1962.612,2410,7070
1962.629,2411,7071
1962.66,2412,7071
1962.68,2413,7073
1963.403,2414,7076
1965.249,2415,7076
1965.568,2416,7078
1965.777,2417,7078
1966.711,2418,7078
1966.73,2419,7079
1967.793,2420,7079
1969.109,2421,7080
1969.133,2422,7081
1969.873,2423,7081
1972.432,2424,7082
1972.587,2425,7082
1973.875,2426,7083
1974.249,2427,7084
1974.93,2428,7086
1975.18,2429,7086
1982.806,2430,7086
1985.214,2431,7086
1989.524,2432,7086
1990.426,2433,7089
1998.985,2434,7090
2000.974,2435,7091
2001.862,2436,7091
2007.626,2437,7094
2015.176,2438,7094
2016.417,2439,7094
2024.953,2440,7096
2025.151,2441,7096
2028.741,2442,7097
2029.617,2443,7098
2031.477,2444,7098
2032.291,2445,7102
2042.182,2446,7102
2042.594,2447,7102
2053.118,2448,7103
2055.086,2449,7104
2060.357,2450,7104
2065.709,2451,7106
2066.562,2452,7106
2069.06,2453,7107
2071.383,2454,7108
2073.371,2455,7109
2074.509,2456,7109
2082.004,2457,7110
2088.932,2458,7113
2090.168,2459,7114
2099.584,2460,7114
2102.771,2461,7132
2115.678,2462,7132
2115.702,2463,7132
2115.836,2464,7132
2116.466,2465,7132
2116.672,2466,7132
2117.989,2467,7132
2120.285,2468,7132
2120.804,2469,7132
2121.114,2470,7132
2122.294,2471,7132
2122.621,2472,7132
2122.748,2473,7132
2122.953,2474,7132
2125.175,2475,7132
2136.641,2476,7132
2140.798,2477,7132
2141.087,2478,7132
2165.176,2479,7132
2168.535,2480,7133
2169.809,2481,7133
2183.65,2482,7133
2183.678,2483,7133
2183.736,2484,7133
2183.862,2485,7133
2183.953,2486,7133
2183.976,2487,7133
2184.024,2488,7133
2184.05,2489,7133
2184.102,2490,7133
2184.125,2491,7133
2184.154,2492,7133
2184.174,2493,7133
2184.223,2494,7133
2184.25,2495,7133
2184.322,2496,7133
2184.383,2497,7133
2184.437,2498,7133
2184.484,2499,7133
2184.512,2500,7133
2184.621,2501,7135
2205.352,2502,7135
2205.375,2503,7135
2205.792,2504,7136
2222.343,2505,7136
2227.921,2506,7136
2228.029,2507,7136
2228.042,2508,7136
2228.765,2509,7138
2229.039,2510,7138
2229.117,2511,7138
2229.26,2512,7138
2229.411,2513,7140
2229.427,2514,7141
2229.445,2515,7142
2229.461,2516,7157
2229.474,2517,7158
2229.67,2518,7158
2229.698,2519,7158
2229.725,2520,7159
2229.779,2521,7159
2230.074,2522,7161
2230.34,2523,7161
2230.453,2524,7161
2230.483,2525,7161
2230.51,2526,7164
2231.177,2527,7169
2231.195,2528,7169
2231.371,2529,7169
2232.229,2530,7169
2232.5,2531,7170
2232.876,2532,7170
2234.27,2533,7170
2234.328,2534,7170
2234.874,2535,7179
2237.492,2536,7179
2239.102,2537,7179
2239.753,2538,7179
2239.981,2539,7180
2240.022,2540,7184
2240.303,2541,7184
2240.871,2542,7184
2241.159,2543,7195
2242.88,2544,7199
2244.495,2545,7202
2245.456,2546,7202
2246.587,2547,7202
2247.508,2548,7203
2247.999,2549,7203
2248.541,2550,7204
2251.512,2551,7206
2252.54,2552,7209
2252.67,2553,7209
2252.819,2554,7209
2252.896,2555,7209
2253.974,2556,7209
2254.842,2557,7209
2255.819,2558,7210
2256.027,2559,7210
2256.041,2560,7210
2256.783,2561,7211
2257.369,2562,7212
2257.883,2563,7221
2259.437,2564,7223
2260.164,2565,7224
2260.271,2566,7224
2260.356,2567,7224
2265.655,2568,7224
2266.746,2569,7225
2279.459,2570,7226
2300.188,2571,7226
2301.852,2572,7226
2309.429,2573,7226
2309.832,2574,7226
2310.273,2575,7226
2311.44,2576,7227
2316.52,2577,7227
2324.975,2578,7227
2335.134,2579,7227
2335.293,2580,7227
2335.336,2581,7227
2335.445,2582,7227
2350.027,2583,7227
2350.207,2584,7227
2350.314,2585,7227
2356.399,2586,7227
2357.619,2587,7227
2357.648,2588,7227
2359.898,2589,7227
2359.929,2590,7227
2360.226,2591,7227
2360.543,2592,7227
2361.308,2593,7227
2361.658,2594,7227
2361.819,2595,7227
2361.951,2596,7227
2361.974,2597,7228
2372.69,2598,7229
2372.947,2599,7230
2373.198,2600,7230
2373.363,2601,7230
2373.926,2602,7230
2374.182,2603,7230
2377.954,2604,7231
2378.443,2605,7231
2381.219,2606,7231
2387.521,2607,7231
2393.912,2608,7231
2394.218,2609,7247
2396.468,2610,7247
2398.741,2611,7247
2401.553,2612,7250
2401.797,2613,7250
2403.853,2614,7250
2406.844,2615,7250
2407.375,2616,7290
2416.513,2617,7315
2419.342,2618,7315
2420.353,2619,7315
2421.836,2620,7315
2422.156,2621,7317
2423.829,2622,7317
2429.594,2623,7317
2431.323,2624,7320
2441.872,2625,7320
2443.772,2626,7325
2446.289,2627,7325
2447.422,2628,7325
2452.603,2629,7328
2452.708,2630,7328
2453.985,2631,7328
2454.958,2632,7328
2458.886,2633,7328
2463.078,2634,7328
2466.333,2635,7328
2470.284,2636,7328
2474.159,2637,7328
2479.411,2638,7329
2480.804,2639,7329
2494.823,2640,7329
2495.261,2641,7330
2503.415,2642,7330
2511.242,2643,7330
2513.305,2644,7331
2514.349,2645,7331
2516.711,2646,7331
2518.765,2647,7331
2526.243,2648,7331
2527.24,2649,7331
2529.567,2650,7331
2557.699,2651,7331
2557.859,2652,7331
2557.903,2653,7331
2558.012,2654,7331
2563.88,2655,7331
2565.314,2656,7331
2565.584,2657,7331
2566.284,2658,7331
2566.659,2659,7331
2567.17,2660,7332
2569.364,2661,7332
2572.331,2662,7332
2573.072,2663,7332
2574.649,2664,7332
2575.093,2665,7332
2575.863,2666,7332
2575.931,2667,7332
2581.82,2668,7347
2581.847,2669,7347
2582.765,2670,7347
2583.12,2671,7347
2583.614,2672,7347
2583.955,2673,7347
2584.401,2674,7347
2585.796,2675,7347
2586.065,2676,7347
2588.651,2677,7347
2591.09,2678,7350
2592.136,2679,7351
2592.303,2680,7351
2593.296,2681,7353
2593.511,2682,7353
2594.474,2683,7354
2594.905,2684,7356
2595.082,2685,7356
2595.157,2686,7357
2596.027,2687,7358
2597.708,2688,7359
2597.822,2689,7361
2604.519,2690,7361
2606.537,2691,7362
2606.71,2692,7363
2610.294,2693,7364
2610.712,2694,7372
2611.305,2695,7374
2612.366,2696,7374
2614.21,2697,7374
2616.145,2698,7374
2617.831,2699,7375
2619.089,2700,7375
2622.848,2701,7376
2625.513,2702,7382
2626.185,2703,7385
2626.25,2704,7386
2644.906,2705,7386
2656.908,2706,7387
2656.986,2707,7388
2657.405,2708,7389
2663.03,2709,7389
2663.19,2710,7389
2663.948,2711,7389
2663.969,2712,7392
2665.023,2713,7392
2665.461,2714,7392
2665.574,2715,7393
2666.034,2716,7395
2676.667,2717,7395
2676.976,2718,7395
2677.44,2719,7395
2685.28,2720,7395
2685.952,2721,7396
2712.936,2722,7397
2713.137,2723,7398
2714.086,2724,7398
2714.174,2725,7400
2714.209,2726,7401
2714.75,2727,7403
2716.786,2728,7403
2724.892,2729,7406
2724.913,2730,7406
2724.94,2731,7406
2724.973,2732,7406
2724.988,2733,7406
2725.008,2734,7408
2725.048,2735,7408
2725.09,2736,7408
2725.11,2737,7408
2725.253,2738,7408
2725.317,2739,7409
2725.35,2740,7409
2725.426,2741,7410
2725.54,2742,7417
2725.565,2743,7418
2725.64,2744,7418
2725.847,2745,7418
2725.939,2746,7420
2726.132,2747,7420
2726.223,2748,7420
2726.349,2749,7420
2726.762,2750,7427
2726.783,2751,7427
2726.854,2752,7427
2726.926,2753,7427
2726.944,2754,7427
2726.986,2755,7427
2727.401,2756,7428
2728.127,2757,7428
2728.581,2758,7429
2728.638,2759,7429
2728.874,2760,7436
2729.567,2761,7437
2729.664,2762,7437
2729.767,2763,7437
2729.842,2764,7437
2730.418,2765,7437
2730.831,2766,7438
2731.033,2767,7445
2731.607,2768,7445
2731.878,2769,7447
2732.105,2770,7447
2732.931,2771,7447
2732.952,2772,7448
2733.034,2773,7450
2733.138,2774,7451
2733.592,2775,7453
2735.313,2776,7453
2735.464,2777,7453
2735.648,2778,7454
2735.789,2779,7455
2735.952,2780,7455
2737.14,2781,7455
2738.096,2782,7457
2738.316,2783,7457
2738.423,2784,7458
2739.778,2785,7458
2740.381,2786,7513
2740.728,2787,7513
2745.103,2788,7513
2745.488,2789,7516
2746.316,2790,7516
2747.102,2791,7517
2747.115,2792,7517
2748.694,2793,7518
2752.792,2794,7522
2754.922,2795,7523
2757.849,2796,7523
2758.178,2797,7523
2762.722,2798,7524
2763.763,2799,7525
2763.847,2800,7525
2764.299,2801,7525
2764.341,2802,7525
2764.792,2803,7525
2765.187,2804,7525
2765.413,2805,7525
2765.96,2806,7529
2766.017,2807,7529
2766.55,2808,7532
2766.581,2809,7532
2767.065,2810,7532
2768.286,2811,7532
2768.91,2812,7532
2769.102,2813,7533
2770.244,2814,7536
2770.319,2815,7537
2771.207,2816,7537
2771.248,2817,7537
2773.306,2818,7537
2773.557,2819,7537
2774.263,2820,7539
2774.493,2821,7539
2774.61,2822,7539
2774.927,2823,7539
2776.612,2824,7539
2776.635,2825,7539
2778.673,2826,7539
2779.612,2827,7539
2779.978,2828,7539
2781.288,2829,7545
2781.455,2830,7545
2782.174,2831,7546
2782.464,2832,7546
2784.021,2833,7546
2784.893,2834,7546
2785.844,2835,7546
2786.436,2836,7546
2788.455,2837,7546
2788.904,2838,7560
2792.649,2839,7560
2797.534,2840,7560
2797.662,2841,7560
2799.338,2842,7560
2838.242,2843,7561
2838.257,2844,7563
2838.547,2845,7563
2840.76,2846,7563
2840.978,2847,7563
2841.119,2848,7564
2842.609,2849,7564
2843.095,2850,7565
2843.955,2851,7565
2844.621,2852,7565
2844.889,2853,7565
2846.598,2854,7566
2847.276,2855,7569
2847.346,2856,7571
2847.545,2857,7571
2849.629,2858,7571
2849.642,2859,7571
2849.72,2860,7571
2850.484,2861,7571
2852.124,2862,7571
2854.555,2863,7571
2855.956,2864,7572
2857.324,2865,7572
2858.691,2866,7573
2862.883,2867,7573
2864.938,2868,7574
2871.794,2869,7575
2872.018,2870,7575
2872.764,2871,7575
2873.326,2872,7575
2875.987,2873,7577
2882.035,2874,7578
2883.915,2875,7579
2884.69,2876,7581
2886.478,2877,7588
2888.91,2878,7588
2889.43,2879,7589
2891.122,2880,7589
2892.387,2881,7589
2893.445,2882,7589
2893.963,2883,7590
2897.652,2884,7590
2900.102,2885,7590
2903.331,2886,7590
2905.868,2887,7592
2907.958,2888,7592
2909.14,2889,7592
2918.794,2890,7592
2921.101,2891,7594
2922.63,2892,7594
2922.858,2893,7595
2928.813,2894,7596
2930.117,2895,7602
2932.322,2896,7602
2937.329,2897,7603
2945.792,2898,7604
2951.933,2899,7605
2956.657,2900,7606
2958.614,2901,7606
2960.09,2902,7606
2969.493,2903,7606
2969.752,2904,7606
2969.848,2905,7606
2973.056,2906,7608
2973.235,2907,7608
2973.603,2908,7608
2974.901,2909,7608
2981.684,2910,7608
2988.361,2911,7608
2989.748,2912,7609
2995.931,2913,7609
2998.339,2914,7611
3008.21,2915,7611
3014.655,2916,7611
3015.18,2917,7611
3015.372,2918,7611
3026.054,2919,7611
3026.876,2920,7611
3028.476,2921,7612
3069.676,2922,7613
3075.32,2923,7621
3076.012,2924,7621
3076.304,2925,7622
3081.241,2926,7622
3083.417,2927,7623
3083.486,2928,7623
3100.866,2929,7623
3110.452,2930,7623
3110.98,2931,7624
3111.006,2932,7624
3111.279,2933,7624
3112.211,2934,7624
3125.087,2935,7624
3127.195,2936,7624
3127.407,2937,7625
3127.77,2938,7625
3147.93,2939,7625
3159.206,2940,7625
3179.345,2941,7625
3186.678,2942,7626
3187.665,2943,7626
3190.928,2944,7626
3191.058,2945,7626
3191.135,2946,7627
3191.292,2947,7627
3191.378,2948,7627
3191.599,2949,7627
3191.65,2950,7628
3192.056,2951,7628
3192.141,2952,7628
3192.31,2953,7629
3192.418,2954,7629
3192.614,2955,7629
3192.719,2956,7629
3193.298,2957,7629
3193.344,2958,7629
3193.849,2959,7630
3194.117,2960,7631
3194.282,2961,7631
3195.002,2962,7631
3195.629,2963,7631
3195.649,2964,7633
3196.517,2965,7633
3197.377,2966,7634
3197.671,2967,7634
3197.684,2968,7634
3198.047,2969,7634
3198.102,2970,7634
3198.221,2971,7634
3198.915,2972,7634
3200.798,2973,7635
3200.9,2974,7636
3200.989,2975,7636
3201.126,2976,7636
3201.203,2977,7636
3203.651,2978,7636
3204.221,2979,7640
3204.369,2980,7641
3206.202,2981,7641
3206.58,2982,7642
3210.756,2983,7642
3210.92,2984,7648
3211.285,2985,7648
3213.78,2986,7648
3216.608,2987,7652
3218.644,2988,7653
3220.327,2989,7653
3220.564,2990,7667
3221.329,2991,7667
3222.002,2992,7667
3239.408,2993,7667
3239.625,2994,7667
3240.139,2995,7668
3241.948,2996,7668
3242.135,2997,7668
3243.288,2998,7676
3244.253,2999,7676
3245.17,3000,7676
3245.255,3001,7677
3245.311,3002,7677
3245.371,3003,7677
3247.85,3004,7677
3249.204,3005,7678
3249.738,3006,7678
3250.234,3007,7678
3250.39,3008,7679
3254.089,3009,7680
3256.57,3010,7681
3257.223,3011,7683
3257.47,3012,7684
3258.644,3013,7700
3260.814,3014,7702
3261.277,3015,7702
3261.406,3016,7705
3264.579,3017,7705
3265.183,3018,7705
3266.532,3019,7705
3267.106,3020,7705
3267.159,3021,7705
3282.042,3022,7705
3282.965,3023,7705
3283.179,3024,7705
3283.907,3025,7706
3284.782,3026,7706
3285.178,3027,7707
3285.197,3028,7707
3285.355,3029,7707
3285.376,3030,7707
3285.427,3031,7707
3285.443,3032,7716
3285.492,3033,7720
3285.636,3034,7720
3285.653,3035,7728
3285.686,3036,7733
3285.749,3037,7733
3285.959,3038,7733
3286.369,3039,7735
3287.074,3040,7736
3287.35,3041,7736
3287.476,3042,7739
3287.647,3043,7750
3287.964,3044,7752
3288.053,3045,7752
3289.041,3046,7753
3289.268,3047,7754
3289.865,3048,7759
3291.291,3049,7762
3291.671,3050,7767
3292.701,3051,7767
3294.28,3052,7771
3294.634,3053,7780
3296.335,3054,7780
3299.083,3055,7787
3299.163,3056,7788
3301.838,3057,7789
3303.165,3058,7803
3305.014,3059,7805
3306.264,3060,7812
3306.492,3061,7812
3308.14,3062,7812
3309.649,3063,7812
3310.222,3064,7814
3311.314,3065,7828
3314.196,3066,7828
3327.447,3067,7828
3328.26,3068,7828
3337.466,3069,7829
3350.186,3070,7829
3373.005,3071,7829
3386.319,3072,7829
3386.353,3073,7829
3389.417,3074,7830
3389.921,3075,7830
3396.706,3076,7830
3397.006,3077,7830
3398.784,3078,7830
3398.83,3079,7830
3410.785,3080,7831
3410.911,3081,7831
3421.746,3082,7837
3422.137,3083,7838
3422.74,3084,7843
3423.036,3085,7845
3423.53,3086,7845
3423.546,3087,7845
3423.961,3088,7845
3424.142,3089,7845
3424.399,3090,7846
3425.795,3091,7846
3426.316,3092,7846
3427.123,3093,7846
3429.851,3094,7847
3430.258,3095,7847
3435.367,3096,7847
3436.363,3097,7847
3436.743,3098,7847
3438.192,3099,7847
3438.585,3100,7847
3439.611,3101,7848
3441.119,3102,7848
3442.432,3103,7849
3442.501,3104,7855
3445.735,3105,7857
3446.255,3106,7857
3448.868,3107,7857
3450.616,3108,7858
3460.309,3109,7858
3460.744,3110,7858
3473.012,3111,7858
3477.993,3112,7858
3478.212,3113,7858
3478.593,3114,7858
3478.984,3115,7858
3479.362,3116,7858
3484.677,3117,7859
3493.522,3118,7859
3502.735,3119,7859
3518.795,3120,7860
3521.529,3121,7860
3560.067,3122,7860
3565.12,3123,7861
3597.917,3124,7861
3606.134,3125,7861
3613.374,3126,7861
3620.03,3127,7861
3635.994,3128,7861
3660.204,3129,7861
3666.138,3130,7861
3689.596,3131,7867
3699.74,3132,7902
3703.692,3133,7906
3703.75,3134,7908
3703.795,3135,7910
3703.878,3136,7910
3704.746,3137,7910
3705.364,3138,7911
3716.59,3139,7911
3757.822,3140,7911
3758.026,3141,7912
3758.259,3142,7913
3758.278,3143,7914
3788.091,3144,7914
3795.175,3145,7914
3795.287,3146,7914
3803.334,3147,7914
3803.629,3148,7914
3855.543,3149,7914
3872.433,3150,7914
3895.423,3151,7915
3895.872,3152,7915
3901.15,3153,7915
3901.168,3154,7915
3901.186,3155,7915
3901.214,3156,7915
3901.326,3157,7915
3901.356,3158,7915
3901.436,3159,7915
3901.505,3160,7915
3902.041,3161,7916
3903.231,3162,7916
3903.393,3163,7916
3903.505,3164,7916
3904.598,3165,7917
3905.367,3166,7918
3906.758,3167,7919
3906.835,3168,7919
3906.939,3169,7919
3908.248,3170,7919
3908.607,3171,7919
3909.698,3172,7920
3911.253,3173,7920
3914.172,3174,7921
3929.081,3175,7922
3931.054,3176,7922
3933.682,3177,7923
3934.959,3178,7923
3982.559,3179,7923
4007.827,3180,7923
4029.763,3181,7930
4030.335,3182,7930
4037.857,3183,7930
4038.118,3184,7930
4052.749,3185,7930
4054.619,3186,7930
4073.619,3187,7930
4073.751,3188,7930
4074.321,3189,7930
4090.944,3190,7930
4091.134,3191,7930
4099.326,3192,7931
4137.424,3193,7931
4154.365,3194,7931
4172.119,3195,7933
4208.023,3196,7934
4225.44,3197,7934
4244.685,3198,7934
4259.885,3199,7934
4264.041,3200,7934
4291.91,3201,7934
4296.036,3202,7935
4296.293,3203,7935
4303.608,3204,7935
4303.811,3205,7935
4304.076,3206,7935
4305.129,3207,7939
4306.402,3208,7939
4307.467,3209,7939
4309.083,3210,7939
4310.735,3211,7939
4312.66,3212,7940
4317.992,3213,7940
4319.372,3214,7940
4326.434,3215,7940
4327.322,3216,7942
4343.11,3217,7942
4343.214,3218,7943
4343.276,3219,7945
4343.588,3220,7945
4346.768,3221,7947
4347.032,3222,7947
4348.516,3223,7947
4352.488,3224,7947
4352.757,3225,7949
4353.895,3226,7949
4355.232,3227,7953
4355.88,3228,7955
4355.927,3229,7956
4357.529,3230,7956
4358.155,3231,7957
4358.807,3232,7958
4359.46,3233,7959
4359.5,3234,7960
4359.819,3235,7961
4360.619,3236,7961
4360.724,3237,7961
4367.469,3238,7961
4368.635,3239,7961
4368.966,3240,7965
4370.374,3241,7970
4370.648,3242,7970
4393.12,3243,7971
4395.228,3244,7971
4411.751,3245,7971
4412.154,3246,7971
4416.192,3247,7971
4416.405,3248,7971
4469.62,3249,7971
4473.556,3250,7971
4477.996,3251,7971
4482.937,3252,7971
4483.015,3253,7972
4483.672,3254,7972
4483.798,3255,7978
4483.863,3256,7978
4484.587,3257,7982
4486.265,3258,7984
4486.704,3259,7985
4487.246,3260,7987
4487.736,3261,7988
4488.178,3262,7992
4492.656,3263,7993
4498.978,3264,7994
4499.184,3265,8014
4499.751,3266,8014
4499.938,3267,8027
4500.847,3268,8027
4501.918,3269,8027
4502.555,3270,8027
4504.075,3271,8028
4505.31,3272,8030
4505.767,3273,8032
4514.124,3274,8032
4533.199,3275,8032
4538.022,3276,8032
4538.125,3277,8037
4538.669,3278,8037
4538.928,3279,8037
4539.675,3280,8037
4540.075,3281,8037
4541.327,3282,8038
4543.448,3283,8041
4549.121,3284,8041
4551.626,3285,8043
4551.742,3286,8043
4552.795,3287,8043
4553.169,3288,8044
4555.191,3289,8044
4556.561,3290,8049
4556.97,3291,8050
4557.887,3292,8054
4564.924,3293,8054
4567.13,3294,8054
4578.813,3295,8054
4578.976,3296,8054
4586.313,3297,8056
4607.851,3298,8056
4614.499,3299,8056
4622.559,3300,8056
4627.336,3301,8056
4638.221,3302,8057
4655.947,3303,8057
4656.043,3304,8057
4656.109,3305,8057
4656.267,3306,8057
4656.292,3307,8057
4656.373,3308,8057
4656.503,3309,8057
4656.889,3310,8057
4656.914,3311,8057
4658.08,3312,8057
4658.341,3313,8057
4658.6,3314,8057
4658.698,3315,8057
4658.741,3316,8057
4659.248,3317,8058
4659.719,3318,8058
4659.803,3319,8058
4660.03,3320,8058
4660.246,3321,8058
4660.813,3322,8058
4660.894,3323,8058
4661.054,3324,8058
4661.082,3325,8058
4661.129,3326,8058
4661.757,3327,8058
4662.382,3328,8058
4662.548,3329,8058
4662.628,3330,8058
4662.695,3331,8058
4662.901,3332,8058
4664.301,3333,8058
4664.979,3334,8058
4665.645,3335,8058
4665.695,3336,8058
4666.004,3337,8058
4666.232,3338,8058
4666.319,3339,8059
4666.966,3340,8059
4667.454,3341,8060
4667.864,3342,8060
4669.488,3343,8060
4669.7,3344,8060
4670.371,3345,8060
4670.671,3346,8060
4671.613,3347,8060
4671.635,3348,8060
4672.295,3349,8060
4673.093,3350,8060
4673.941,3351,8060
4674.003,3352,8063
4676.753,3353,8063
4680.648,3354,8063
4680.803,3355,8063
4685.265,3356,8063
4685.616,3357,8064
4686.517,3358,8064
4687.509,3359,8064
4695.615,3360,8064
4704.951,3361,8065
4720.969,3362,8065
4721.155,3363,8065
4726.626,3364,8065
4726.786,3365,8065
4741.885,3366,8065
4750.048,3367,8065
4763.531,3368,8065
4780.848,3369,8065
4781.085,3370,8066
4786.424,3371,8066
4794.628,3372,8066
4794.878,3373,8066
4794.948,3374,8066
4796.299,3375,8066
4797.038,3376,8066
4812.236,3377,8068
4822.399,3378,8068
4822.888,3379,8068
4836.529,3380,8076
4847.48,3381,8077
4852.131,3382,8078
4852.238,3383,8080
4852.257,3384,8080
4852.544,3385,8083
4852.707,3386,8084
4853.083,3387,8084
4853.702,3388,8086
4853.941,3389,8089
4855.292,3390,8089
4855.676,3391,8091
4856.379,3392,8096
4860.194,3393,8101
4863.155,3394,8101
4863.197,3395,8104
4867.149,3396,8105
4868.205,3397,8107
4870.595,3398,8117
4871.501,3399,8118
4872.47,3400,8118
4874.543,3401,8118
4874.988,3402,8118
4876.203,3403,8119
4878.211,3404,8119
4925.232,3405,8119
4930.698,3406,8119
4931.082,3407,8119
4937.522,3408,8119
4937.605,3409,8119
4961.247,3410,8119
4990.132,3411,8119
5048.933,3412,8119
5049.034,3413,8119
5049.294,3414,8119
5062.17,3415,8120
5062.395,3416,8120
5062.49,3417,8120
5062.702,3418,8122
5062.969,3419,8122
5063.367,3420,8122
5063.84,3421,8122
5064.472,3422,8122
5066.745,3423,8124
5066.774,3424,8124
5069.665,3425,8124
5070.364,3426,8124
5071.057,3427,8124
5071.694,3428,8124
5074.683,3429,8125
5075.823,3430,8134
5078.521,3431,8134
5081.296,3432,8135
5084.267,3433,8135
5161.164,3434,8135
5161.68,3435,8135
5162.463,3436,8135
5162.524,3437,8135
5163.64,3438,8135
5164.367,3439,8136
5167.692,3440,8136
5167.871,3441,8138
5168.078,3442,8139
5168.941,3443,8142
5169.837,3444,8144
5171.479,3445,8144
5173.584,3446,8149
5174.935,3447,8157
5175.006,3448,8159
5175.563,3449,8160
5177.33,3450,8160
5178.186,3451,8162
5182.038,3452,8162
5183.36,3453,8164
5186.198,3454,8164
5189.103,3455,8164
5189.729,3456,8164
5190.223,3457,8164
5194.151,3458,8165
5216.382,3459,8165
5245.449,3460,8168
5245.628,3461,8168
5245.691,3462,8168
5246.135,3463,8168
5247.024,3464,8168
5247.307,3465,8168
5247.428,3466,8171
5247.722,3467,8171
5249.595,3468,8176
5250.198,3469,8177
5251.121,3470,8177
5251.409,3471,8177
5251.92,3472,8179
5254.162,3473,8179
5254.852,3474,8179
5255.398,3475,8179
5257.073,3476,8179
5259.259,3477,8179
5260.419,3478,8180
5261.79,3479,8180
5267.832,3480,8181
5268.641,3481,8181
5268.889,3482,8181
5269.621,3483,8181
5271.956,3484,8181
5274.181,3485,8182
5295.137,3486,8183
5312.199,3487,8184
5312.648,3488,8184
5318.497,3489,8184
5391.212,3490,8185
5394.297,3491,8185
5398.492,3492,8187
5410.195,3493,8187
5424.745,3494,8188
5454.182,3495,8189
5454.574,3496,8191
5482.624,3497,8191
5482.832,3498,8191
5482.85,3499,8191
5487.103,3500,8191
5487.264,3501,8191
5500.351,3502,8191
5505.157,3503,8191
5505.635,3504,8191
5506.395,3505,8191
5507.838,3506,8191
5508.325,3507,8191
5508.368,3508,8191
5509.225,3509,8192
5510.135,3510,8192
5510.395,3511,8192
5517.293,3512,8192
5517.905,3513,8192
5519.102,3514,8192
5521.436,3515,8192
5521.526,3516,8192
5522.964,3517,8192
5525.74,3518,8196
5526.475,3519,8196
5526.693,3520,8196
5528.902,3521,8196
5551.646,3522,8196
5552.291,3523,8197
5552.759,3524,8197
5554.801,3525,8198
5555.0,3526,8198
5558.531,3527,8198
5558.743,3528,8198
5560.484,3529,8200
5561.877,3530,8200
5564.456,3531,8200
5567.665,3532,8200
5571.218,3533,8201
5571.414,3534,8201
5574.302,3535,8201
5576.871,3536,8202
5578.54,3537,8202
5579.736,3538,8202
5581.002,3539,8203
5581.608,3540,8204
5582.958,3541,8204
5597.114,3542,8204
5597.187,3543,8204
5597.261,3544,8204
5597.974,3545,8204
5598.555,3546,8204
5608.713,3547,8204
5611.367,3548,8206
5615.724,3549,8206
5616.595,3550,8207
5616.818,3551,8215
5617.353,3552,8215
5617.933,3553,8215
5638.425,3554,8215
5639.531,3555,8215
5639.547,3556,8215
5639.635,3557,8215
5640.157,3558,8216
5640.189,3559,8216
5640.332,3560,8216
5640.372,3561,8216
5640.497,3562,8216
5640.826,3563,8216
5640.962,3564,8216
5641.287,3565,8216
5641.559,3566,8217
5641.849,3567,8217
5642.953,3568,8219
5643.026,3569,8219
5643.472,3570,8219
5643.758,3571,8219
5644.423,3572,8219
5645.255,3573,8219
5646.311,3574,8219
5646.735,3575,8219
5646.953,3576,8219
5648.496,3577,8219
5648.613,3578,8219
5649.586,3579,8219
5650.732,3580,8219
5652.008,3581,8219
5653.335,3582,8220
5653.812,3583,8220
5655.476,3584,8221
5655.885,3585,8221
5655.963,3586,8221
5661.886,3587,8222
5662.266,3588,8222
5666.34,3589,8222
5668.35,3590,8224
5676.703,3591,8228
5679.64,3592,8228
5683.197,3593,8228
5683.255,3594,8229
5683.306,3595,8229
5683.598,3596,8230
5684.379,3597,8232
5685.488,3598,8233
5686.158,3599,8233
5686.319,3600,8234
5686.534,3601,8234
5687.604,3602,8234
5688.472,3603,8239
5689.005,3604,8241
5690.526,3605,8242
5690.675,3606,8242
5691.249,3607,8243
5695.331,3608,8243
5699.7,3609,8249
5702.944,3610,8252
5702.994,3611,8252
5704.683,3612,8252
5705.744,3613,8253
5709.01,3614,8253
5709.623,3615,8254
5710.098,3616,8254
5717.892,3617,8254
5718.588,3618,8255
5719.267,3619,8255
5719.426,3620,8255
5719.703,3621,8255
5719.826,3622,8256
5721.824,3623,8258
5722.588,3624,8258
5722.689,3625,8258
5725.083,3626,8260
5727.795,3627,8262
5728.919,3628,8263
5730.862,3629,8263
5735.138,3630,8265
5737.623,3631,8265
5748.388,3632,8265
5764.303,3633,8265
5771.035,3634,8265
5814.591,3635,8265
5815.164,3636,8265
5816.784,3637,8265
5819.436,3638,8265
5835.478,3639,8265
5835.823,3640,8266
5839.804,3641,8266
5843.264,3642,8266
5843.304,3643,8267
5843.371,3644,8267
5843.468,3645,8267
5843.868,3646,8267
5843.968,3647,8267
5845.033,3648,8267
5845.407,3649,8267
5845.617,3650,8267
5847.15,3651,8267
5847.737,3652,8267
5851.668,3653,8267
5851.801,3654,8268
5851.979,3655,8268
5852.816,3656,8281
5853.759,3657,8281
5854.085,3658,8281
5855.02,3659,8282
5856.293,3660,8282
5856.57,3661,8283
5856.911,3662,8283
5857.979,3663,8284
5861.092,3664,8284
5863.336,3665,8284
5863.807,3666,8284
5864.35,3667,8288
5864.685,3668,8289
5865.68,3669,8289
5866.533,3670,8289
5868.756,3671,8290
5869.111,3672,8290
5870.033,3673,8290
5886.284,3674,8290
5886.361,3675,8290
5903.197,3676,8290
5905.145,3677,8290
5928.625,3678,8291
5929.256,3679,8291
5938.62,3680,8291
5947.969,3681,8291
5957.114,3682,8291
5959.804,3683,8291
5964.198,3684,8293
5969.842,3685,8293
5969.858,3686,8293
5982.997,3687,8293
5997.756,3688,8293
6004.426,3689,8293
6005.145,3690,8297
6006.049,3691,8297
6006.272,3692,8297
6006.31,3693,8298
6007.098,3694,8298
6007.222,3695,8343
6007.251,3696,8344
6007.562,3697,8359
6007.586,3698,8359
6007.91,3699,8360
6007.935,3700,8360
6008.265,3701,8368
6008.485,3702,8368
6008.519,3703,8368
6008.863,3704,8369
6009.452,3705,8371
6010.232,3706,8373
6010.873,3707,8373
6010.891,3708,8373
6010.943,3709,8382
6011.892,3710,8382
6012.21,3711,8382
6013.469,3712,8382
6014.401,3713,8382
6014.647,3714,8387
6016.014,3715,8387
6016.39,3716,8389
6017.007,3717,8389
6017.352,3718,8391
6017.365,3719,8392
6017.466,3720,8392
6017.936,3721,8392
6018.098,3722,8393
6018.177,3723,8394
6018.63,3724,8395
6019.181,3725,8396
6020.396,3726,8408
6025.092,3727,8409
6026.467,3728,8427
6026.773,3729,8428
6027.529,3730,8428
6029.437,3731,8428
6029.655,3732,8428
6029.722,3733,8428
6031.856,3734,8428
6032.354,3735,8431
6033.4,3736,8431
6033.486,3737,8432
6033.724,3738,8432
6034.695,3739,8432
6036.121,3740,8432
6037.382,3741,8432
6042.813,3742,8433
6044.728,3743,8433
6057.972,3744,8440
6058.69,3745,8440
6061.002,3746,8442
6061.015,3747,8442
6061.08,3748,8442
6061.282,3749,8443
6061.335,3750,8443
6061.702,3751,8443
6061.95,3752,8443
6062.016,3753,8444
6062.106,3754,8445
6062.343,3755,8445
6063.176,3756,8445
6063.397,3757,8446
6064.018,3758,8446
6064.405,3759,8447
6065.175,3760,8447
6065.467,3761,8447
6068.272,3762,8447
6070.435,3763,8447
6071.745,3764,8447
6073.116,3765,8448
6075.988,3766,8455
6079.182,3767,8455
6079.686,3768,8455
6084.198,3769,8455
6084.547,3770,8460
6086.852,3771,8460
6087.184,3772,8461
6087.45,3773,8462
6087.796,3774,8463
6088.701,3775,8463
6091.384,3776,8464
6100.792,3777,8464
6101.148,3778,8464
6104.584,3779,8464
6104.674,3780,8464
6104.781,3781,8467
6104.824,3782,8469
6104.966,3783,8469
6105.883,3784,8469
6105.92,3785,8469
6106.129,3786,8471
6106.374,3787,8498
6106.877,3788,8498
6107.035,3789,8499
6107.207,3790,8501
6108.441,3791,8501
6109.648,3792,8501
6110.672,3793,8501
6111.066,3794,8501
6111.108,3795,8502
6111.876,3796,8503
6113.481,3797,8503
6114.119,3798,8504
6114.396,3799,8506
6114.969,3800,8506
6116.342,3801,8526
6116.415,3802,8527
6116.887,3803,8527
6117.408,3804,8527
6120.63,3805,8527
6121.202,3806,8530
6122.456,3807,8531
6132.923,3808,8533
6133.502,3809,8534
6133.811,3810,8541
6133.932,3811,8546
6134.345,3812,8546
6135.056,3813,8546
6135.612,3814,8546
6135.75,3815,8546
6147.006,3816,8546
6148.074,3817,8546
6154.445,3818,8549
6155.103,3819,8550
6155.916,3820,8551
6156.003,3821,8551
6156.276,3822,8563
6156.392,3823,8564
6156.835,3824,8565
6157.541,3825,8570
6157.9,3826,8570
6158.369,3827,8572
6159.011,3828,8576
6159.935,3829,8577
6160.008,3830,8582
6160.152,3831,8583
6160.218,3832,8583
6161.296,3833,8584
6161.742,3834,8586
6162.333,3835,8589
6162.805,3836,8590
6164.358,3837,8593
6165.024,3838,8596
6166.369,3839,8597
6166.785,3840,8599
6168.477,3841,8600
6170.402,3842,8601
6172.417,3843,8603
6174.706,3844,8604
6175.561,3845,8606
6177.654,3846,8607
6179.236,3847,8608
6181.49,3848,8609
6182.39,3849,8609
6183.366,3850,8610
6185.163,3851,8610
6185.3,3852,8611
6191.34,3853,8611
6196.108,3854,8615
6197.066,3855,8615
6198.134,3856,8615
6207.267,3857,8615
6207.577,3858,8615
6207.883,3859,8615
6208.014,3860,8615
6210.977,3861,8616
6233.853,3862,8616
6233.956,3863,8616
6234.028,3864,8616
6236.628,3865,8616
6236.878,3866,8616
6238.583,3867,8616
6242.452,3868,8616
6243.313,3869,8616
6247.269,3870,8617
6249.562,3871,8635
6250.438,3872,8635
6251.635,3873,8635
6253.403,3874,8635
6254.312,3875,8638
6254.975,3876,8638
6257.357,3877,8640
6259.119,3878,8640
6260.906,3879,8640
6264.885,3880,8640
6265.03,3881,8640
6265.115,3882,8640
6266.098,3883,8640
6266.818,3884,8641
6266.858,3885,8643
6266.956,3886,8647
6268.144,3887,8648
6269.35,3888,8650
6272.635,3889,8651
6273.558,3890,8652
6275.002,3891,8653
6280.147,3892,8654
6281.233,3893,8655
6282.284,3894,8655
6283.016,3895,8659
6313.308,3896,8660
6313.327,3897,8662
6313.355,3898,8663
6313.622,3899,8663
6313.673,3900,8663
6314.131,3901,8663
6317.292,3902,8664
6317.321,3903,8669
6317.352,3904,8670
6317.405,3905,8670
6317.587,3906,8670
6318.059,3907,8670
6318.854,3908,8674
6319.192,3909,8675
6320.179,3910,8676
6320.195,3911,8678
6320.254,3912,8680
6320.706,3913,8682
6322.029,3914,8683
6322.208,3915,8684
6322.852,3916,8684
6324.207,3917,8684
6326.15,3918,8687
6326.25,3919,8688
6326.34,3920,8692
6330.073,3921,8693
6332.134,3922,8696
6333.998,3923,8696
6340.211,3924,8697
6344.836,3925,8698
6348.308,3926,8700
6348.332,3927,8700
6349.046,3928,8703
6349.687,3929,8714
6350.433,3930,8715
6351.744,3931,8716
6352.347,3932,8718
6352.951,3933,8719
6353.93,3934,8722
6354.072,3935,8724
6354.868,3936,8724
6355.036,3937,8724
6355.222,3938,8730
6355.864,3939,8732
6356.038,3940,8732
6357.282,3941,8732
6358.169,3942,8733
6360.307,3943,8733
6360.789,3944,8737
6363.902,3945,8761
6365.369,3946,8761
6365.784,3947,8762
6370.645,3948,8763
6372.259,3949,8763
6374.684,3950,8764
6375.325,3951,8765
6378.392,3952,8767
6378.701,3953,8767
6379.056,3954,8767
6380.278,3955,8767
6380.61,3956,8768
6381.153,3957,8770
6382.414,3958,8770
6382.803,3959,8771
6383.945,3960,8771
6387.404,3961,8772
6387.511,3962,8773
6387.526,3963,8776
6387.799,3964,8776
6387.837,3965,8777
6388.102,3966,8784
6388.178,3967,8784
6388.482,3968,8785
6388.563,3969,8785
6388.933,3970,8785
6389.023,3971,8785
6389.071,3972,8790
6389.341,3973,8796
6389.953,3974,8800
6390.015,3975,8800
6390.448,3976,8801
6390.863,3977,8802
6391.414,3978,8802
6392.761,3979,8802
6393.595,3980,8804
6394.226,3981,8804
6395.967,3982,8804
6396.16,3983,8804
6396.773,3984,8807
6397.916,3985,8807
6398.908,3986,8807
6399.007,3987,8807
6401.073,3988,8808
6403.635,3989,8808
6404.42,3990,8808
6404.728,3991,8815
6405.042,3992,8815
6406.522,3993,8816
6416.562,3994,8819
6416.699,3995,8822
6417.98,3996,8822
6418.279,3997,8823
6418.994,3998,8823
6419.075,3999,8823
6420.395,4000,8823
6426.93,4001,8823
6427.537,4002,8823
6432.532,4003,8823
6432.734,4004,8823
6432.89,4005,8823
6433.288,4006,8823
6433.412,4007,8823
6434.027,4008,8826
6434.306,4009,8829
6435.17,4010,8830
6436.665,4011,8832
6436.802,4012,8832
6437.067,4013,8832
6437.232,4014,8832
6437.326,4015,8833
6438.322,4016,8833
6440.082,4017,8837
6440.721,4018,8837
6441.102,4019,8837
6442.849,4020,8837
6445.619,4021,8838
6447.202,4022,8838
6449.036,4023,8838
6461.005,4024,8839
6461.592,4025,8840
6461.854,4026,8841
6462.277,4027,8841
6463.511,4028,8842
6472.739,4029,8842
6473.537,4030,8842
6474.207,4031,8842
6476.155,4032,8842
6476.35,4033,8842
6476.628,4034,8842
6477.494,4035,8844
6478.895,4036,8844
6479.118,4037,8845
6481.647,4038,8845
6486.003,4039,8848
6487.477,4040,8848
6488.548,4041,8848
6489.276,4042,8848
6491.148,4043,8848
6491.729,4044,8848
6493.403,4045,8848
6493.423,4046,8849
6493.681,4047,8849
6494.83,4048,8849
6495.209,4049,8849
6495.863,4050,8849
6500.353,4051,8849
6515.93,4052,8852
6579.767,4053,8852
6580.269,4054,8852
6580.458,4055,8852
6581.296,4056,8852
6583.465,4057,8852
6584.095,4058,8852
6586.141,4059,8852
6615.526,4060,8852
6625.305,4061,8852
6630.335,4062,8852
6636.7,4063,8852
6637.247,4064,8852
6660.085,4065,8852
6665.883,4066,8852
6667.494,4067,8852
6668.058,4068,8853
6674.15,4069,8853
6674.615,4070,8853
6675.129,4071,8853
6677.165,4072,8853
6678.176,4073,8853
6680.027,4074,8854
6683.823,4075,8855
6684.979,4076,8855
6686.151,4077,8857
6686.963,4078,8857
6688.664,4079,8857
6689.017,4080,8857
6689.232,4081,8857
6692.105,4082,8862
6692.449,4083,8865
6696.973,4084,8865
6698.404,4085,8866
6701.316,4086,8866
6702.254,4087,8866
6702.286,4088,8867
6702.466,4089,8867
6704.031,4090,8868
6705.013,4091,8870
6709.782,4092,8870
6712.93,4093,8870
6713.379,4094,8870
6717.063,4095,8871
6717.075,4096,8872
6717.466,4097,8873
6718.315,4098,8873
6718.534,4099,8873
6721.448,4100,8874
6721.62,4101,8875
6722.193,4102,8877
6722.857,4103,8880
6723.557,4104,8883
6725.492,4105,8883
6728.859,4106,8884
6729.748,4107,8886
6731.29,4108,8886
6731.788,4109,8887
6737.767,4110,8888
6738.835,4111,8889
6739.985,4112,8890
6743.021,4113,8891
6750.109,4114,8891
6750.501,4115,8892
6750.538,4116,8892
6750.686,4117,8893
6755.151,4118,8894
6756.285,4119,8895
6757.039,4120,8895
6758.981,4121,8895
6759.264,4122,8896
6762.891,4123,8898
6763.932,4124,8898
6769.637,4125,8899
6778.616,4126,8900
6782.199,4127,8901
6783.982,4128,8901
6784.044,4129,8911
6784.121,4130,8911
6784.168,4131,8912
6784.539,4132,8914
6785.586,4133,8915
6786.995,4134,8915
6789.392,4135,8921
6789.46,4136,8921
6789.572,4137,8921
6791.054,4138,8924
6792.766,4139,8927
6794.514,4140,8928
6799.117,4141,8928
6800.401,4142,8928
6801.504,4143,8928
6803.381,4144,8928
6803.487,4145,8928
6803.808,4146,8928
6805.201,4147,8928
6806.417,4148,8929
6807.862,4149,8929
6811.171,4150,8929
6812.063,4151,8929
6818.126,4152,8929
6826.791,4153,8929
6832.497,4154,8929
6834.347,4155,8929
6846.394,4156,8929
6846.793,4157,8929
6846.871,4158,8931
6848.182,4159,8931
6849.684,4160,8931
6849.989,4161,8931
6852.871,4162,8931
6858.848,4163,8931
6863.669,4164,8932
6884.292,4165,8932
6884.762,4166,8935
6886.898,4167,8935
6887.24,4168,8936
6888.996,4169,8936
6891.711,4170,8936
6897.096,4171,8936
6898.642,4172,8937
6898.882,4173,8937
6900.867,4174,8937
6901.245,4175,8937
6901.859,4176,8937
6904.563,4177,8937
6916.844,4178,8937
6918.695,4179,8937
6938.907,4180,8937
6939.184,4181,8937
6939.595,4182,8938
6939.642,4183,8939
6939.68,4184,8939
6940.204,4185,8942
6940.247,4186,8943
6940.975,4187,8943
6941.381,4188,8943
6941.49,4189,8943
6942.832,4190,8944
6944.735,4191,8946
6945.327,4192,8948
6945.691,4193,8951
6946.183,4194,8954
6963.078,4195,8955
6966.085,4196,8956
6984.83,4197,8956
6985.959,4198,8956
6986.988,4199,8956
6987.09,4200,8956
6988.809,4201,8957
6989.257,4202,8958
6989.464,4203,8959
6990.609,4204,8959
6990.745,4205,8959
6991.76,4206,8959
6992.724,4207,8959
6993.759,4208,8959
7003.413,4209,8960
7005.726,4210,8963
7015.618,4211,8963
7015.96,4212,8963
7019.715,4213,8965
7020.168,4214,8965
7020.195,4215,8965
7021.48,4216,8967
7021.635,4217,8969
7023.89,4218,8971
7024.847,4219,8972
7026.784,4220,8972
7027.92,4221,8972
7028.671,4222,8973
7033.561,4223,8975
7034.068,4224,8976
7036.364,4225,8976
7036.894,4226,8976
7038.309,4227,8976
7041.474,4228,8976
7042.763,4229,8996
7043.268,4230,8996
7044.032,4231,8996
7045.128,4232,8996
7046.675,4233,8997
7049.443,4234,8999
7050.192,4235,9000
7070.436,4236,9001
7070.626,4237,9001
7076.342,4238,9001
7076.498,4239,9001
7084.061,4240,9001
7084.266,4241,9002
7084.857,4242,9005
7085.102,4243,9005
7085.374,4244,9006
7086.953,4245,9006
7088.14,4246,9006
7091.259,4247,9006
7091.859,4248,9011
7093.906,4249,9014
7093.937,4250,9014
7097.301,4251,9015
7097.439,4252,9020
7097.529,4253,9020
7097.735,4254,9020
7098.966,4255,9022
7103.927,4256,9023
7105.688,4257,9023
7106.037,4258,9025
7107.72,4259,9025
7113.412,4260,9025
7119.878,4261,9025
7120.833,4262,9025
7132.893,4263,9025
7132.907,4264,9025
7132.923,4265,9025
7132.997,4266,9025
7133.154,4267,9025
7133.898,4268,9025
7134.979,4269,9025
7135.437,4270,9025
7137.72,4271,9025
7142.287,4272,9025
7144.603,4273,9026
7149.832,4274,9026
7152.774,4275,9026
7156.287,4276,9030
7159.562,4277,9030
7160.583,4278,9030
7163.928,4279,9030
7166.056,4280,9031
7166.847,4281,9031
7167.045,4282,9032
7167.133,4283,9033
7167.261,4284,9035
7167.306,4285,9035
7167.381,4286,9037
7167.472,4287,9038
7169.159,4288,9040
7172.325,4289,9040
7179.271,4290,9040
7179.946,4291,9045
7180.417,4292,9045
7181.442,4293,9046
7183.106,4294,9046
7187.113,4295,9047
7188.275,4296,9050
7189.648,4297,9050
7193.473,4298,9050
7196.676,4299,9050
7206.439,4300,9050
7207.791,4301,9050
7209.811,4302,9055
7210.993,4303,9056
7219.263,4304,9057
7219.736,4305,9058
7220.057,4306,9058
7220.071,4307,9059
7223.249,4308,9059
7226.221,4309,9059
7226.748,4310,9059
7228.136,4311,9059
7230.186,4312,9059
7233.361,4313,9059
7240.173,4314,9061
7243.652,4315,9061
7249.771,4316,9061
7257.121,4317,9061
7263.849,4318,9063
7263.866,4319,9064
7263.997,4320,9064
7264.041,4321,9064
7264.204,4322,9064
7264.821,4323,9065
7264.956,4324,9065
7265.609,4325,9065
7265.77,4326,9066
7266.526,4327,9067
7266.745,4328,9069
7267.205,4329,9069
7267.315,4330,9069
7268.016,4331,9069
7269.756,4332,9069
7269.954,4333,9069
7270.536,4334,9070
7272.948,4335,9072
7273.433,4336,9073
7275.04,4337,9074
7275.928,4338,9074
7276.51,4339,9074
7278.792,4340,9076
7283.263,4341,9078
7286.732,4342,9080
7289.532,4343,9080
7291.116,4344,9091
7292.254,4345,9091
7292.379,4346,9091
7292.416,4347,9093
7293.866,4348,9093
7295.474,4349,9093
7296.046,4350,9093
7296.187,4351,9093
7296.209,4352,9093
7297.412,4353,9094
7297.74,4354,9094
7298.239,4355,9094
7306.157,4356,9094
7316.945,4357,9097
7332.651,4358,9097
7332.703,4359,9097
7333.064,4360,9097
7333.218,4361,9097
7333.415,4362,9097
7333.589,4363,9098
7333.887,4364,9098
7333.995,4365,9098
7334.094,4366,9100
7334.244,4367,9100
7334.664,4368,9100
7335.343,4369,9101
7336.322,4370,9101
7336.458,4371,9101
7336.563,4372,9101
7338.454,4373,9101
7338.893,4374,9101
7339.276,4375,9101
7340.268,4376,9101
7340.292,4377,9102
7340.314,4378,9102
7341.106,4379,9102
7341.65,4380,9102
7341.845,4381,9102
7341.905,4382,9103
7342.352,4383,9104
7343.308,4384,9104
7343.496,4385,9104
7344.542,4386,9104
7344.889,4387,9104
7345.609,4388,9104
7351.147,4389,9104
7351.284,4390,9104
7353.622,4391,9104
7355.316,4392,9104
7357.128,4393,9104
7357.608,4394,9104
7359.827,4395,9104
7365.775,4396,9104
7367.489,4397,9104
7367.762,4398,9104
7370.281,4399,9104
7370.451,4400,9105
7370.468,4401,9107
7371.826,4402,9108
7373.049,4403,9109
7379.988,4404,9110
7384.935,4405,9111
7389.02,4406,9112
7392.082,4407,9114
7393.25,4408,9131
7395.097,4409,9132
7398.138,4410,9132
7403.564,4411,9140
7403.652,4412,9140
7403.69,4413,9141
7404.111,4414,9142
7404.722,4415,9143
7406.324,4416,9144
7407.486,4417,9144
7407.622,4418,9144
7409.678,4419,9144
7411.487,4420,9144
7415.47,4421,9145
7417.852,4422,9145
7421.305,4423,9146
7424.329,4424,9147
7436.581,4425,9147
7449.594,4426,9147
7457.369,4427,9147
7466.033,4428,9159
7466.18,4429,9160
7467.662,4430,9160
7467.996,4431,9163
7468.109,4432,9164
7468.741,4433,9168
7468.823,4434,9172
7469.475,4435,9172
7469.932,4436,9172
7470.121,4437,9173
7470.342,4438,9173
7476.807,4439,9177
7477.761,4440,9178
7478.093,4441,9188
7478.403,4442,9188
7478.784,4443,9188
7481.138,4444,9189
7484.101,4445,9190
7484.689,4446,9192
7485.917,4447,9192
7489.729,4448,9192
7490.078,4449,9193
7494.234,4450,9193
7494.999,4451,9193
7499.145,4452,9193
7517.483,4453,9193
7519.38,4454,9193
7519.412,4455,9193
7519.664,4456,9193
7520.869,4457,9193
7520.894,4458,9193
7521.032,4459,9193
7523.262,4460,9195
7523.46,4461,9195
7524.382,4462,9195
7528.288,4463,9195
7528.524,4464,9196
7528.978,4465,9196
7529.116,4466,9196
7529.555,4467,9196
7529.951,4468,9196
7531.182,4469,9196
7532.116,4470,9197
7538.332,4471,9197
7549.675,4472,9199
7549.79,4473,9200
7560.222,4474,9200
7564.413,4475,9200
7566.031,4476,9201
7566.44,4477,9201
7566.811,4478,9201
7567.266,4479,9205
7569.549,4480,9205
7570.312,4481,9205
7570.696,4482,9205
7571.29,4483,9205
7572.487,4484,9205
7573.445,4485,9205
7579.667,4486,9205
7583.135,4487,9205
7586.803,4488,9205
7588.044,4489,9205
7600.536,4490,9205
7607.08,4491,9205
7609.397,4492,9205
7610.056,4493,9206
7618.414,4494,9207
7618.571,4495,9207
7618.722,4496,9209
7618.963,4497,9209
7619.949,4498,9210
7620.353,4499,9211
7621.39,4500,9211
7621.82,4501,9215
7622.404,4502,9215
7622.968,4503,9217
7623.137,4504,9217
7623.369,4505,9220
7623.417,4506,9220
7624.477,4507,9221
7624.803,4508,9221
7626.788,4509,9222
7627.21,4510,9222
7627.279,4511,9222
7629.765,4512,9222
7630.633,4513,9222
7630.907,4514,9223
7631.297,4515,9223
7633.711,4516,9223
7634.689,4517,9224
7634.793,4518,9226
7635.202,4519,9226
7636.411,4520,9227
7636.868,4521,9228
7643.721,4522,9229
7646.165,4523,9229
7649.953,4524,9229
7650.945,4525,9229
7651.685,4526,9230
7651.734,4527,9236
7652.307,4528,9255
7652.788,4529,9255
7653.31,4530,9256
7653.427,4531,9256
7653.534,4532,9258
7655.067,4533,9259
7655.947,4534,9259
7657.092,4535,9265
7657.816,4536,9265
7658.21,4537,9265
7658.24,4538,9265
7662.136,4539,9266
7663.626,4540,9267
7668.488,4541,9268
7672.088,4542,9268
7674.922,4543,9268
7692.426,4544,9268
7698.416,4545,9269
7698.622,4546,9276
7700.611,4547,9276
7701.654,4548,9276
7704.47,4549,9276
7712.64,4550,9276
7713.971,4551,9277
7714.062,4552,9277
7717.391,4553,9277
7718.953,4554,9278
7718.991,4555,9291
7719.078,4556,9291
7719.164,4557,9292
7719.252,4558,9293
7719.544,4559,9293
7719.661,4560,9294
7722.099,4561,9295
7722.301,4562,9295
7725.869,4563,9295
7730.352,4564,9295
7731.785,4565,9295
7731.91,4566,9296
7732.952,4567,9297
7733.043,4568,9299
7736.364,4569,9299
7739.895,4570,9300
7744.867,4571,9301
7749.239,4572,9301
7749.988,4573,9301
7750.492,4574,9301
7750.645,4575,9305
7754.022,4576,9306
7754.421,4577,9308
7754.814,4578,9308
7758.965,4579,9309
7762.102,4580,9309
7762.265,4581,9311
7764.824,4582,9311
7764.986,4583,9311
7767.183,4584,9311
7767.793,4585,9311
7769.283,4586,9311
7770.516,4587,9311
7770.906,4588,9311
7770.963,4589,9311
7774.494,4590,9311
7774.574,4591,9311
7775.862,4592,9311
7778.145,4593,9311
7797.574,4594,9311
7799.11,4595,9311
7799.139,4596,9312
7802.396,4597,9312
7815.904,4598,9312
7820.266,4599,9313
7820.341,4600,9314
7821.413,4601,9314
7822.173,4602,9315
7826.163,4603,9315
7838.767,4604,9315
7838.864,4605,9315
7840.156,4606,9315
7842.053,4607,9319
7842.264,4608,9320
7842.997,4609,9322
7843.256,4610,9324
7844.342,4611,9324
7844.387,4612,9325
7844.612,4613,9326
7846.676,4614,9327
7848.039,4615,9330
7848.191,4616,9331
7853.825,4617,9331
7855.003,4618,9331
7858.632,4619,9331
7864.038,4620,9331
7865.35,4621,9332
7874.758,4622,9332
7874.81,4623,9332
7874.983,4624,9332
7875.267,4625,9332
7875.853,4626,9332
7876.032,4627,9334
7876.6,4628,9334
7877.506,4629,9334
7878.282,4630,9334
7883.791,4631,9334
7883.899,4632,9334
7892.304,4633,9338
7893.342,4634,9339
7895.252,4635,9339
7895.724,4636,9348
7895.982,4637,9348
7905.11,4638,9348
7905.363,4639,9348
7908.914,4640,9348
7909.868,4641,9351
7909.897,4642,9351
7910.331,4643,9351
7910.706,4644,9351
7910.757,4645,9351
7911.052,4646,9354
7911.647,4647,9354
7912.145,4648,9354
7912.284,4649,9355
7913.088,4650,9355
7915.827,4651,9355
7916.168,4652,9355
7916.314,4653,9355
7918.482,4654,9355
7920.526,4655,9355
7920.733,4656,9355
7924.948,4657,9355
7927.474,4658,9355
7927.987,4659,9355
7928.244,4660,9355
7931.026,4661,9355
7932.959,4662,9356
7933.189,4663,9357
7934.111,4664,9358
7938.723,4665,9359
7939.581,4666,9359
7939.879,4667,9359
7939.934,4668,9359
7943.599,4669,9360
7951.907,4670,9361
7951.955,4671,9361
7952.352,4672,9361
7952.978,4673,9361
7956.623,4674,9361
7958.063,4675,9361
7959.118,4676,9362
7959.919,4677,9362
7959.948,4678,9362
7962.237,4679,9362
7963.968,4680,9362
7966.942,4681,9365
7968.117,4682,9366
7970.61,4683,9366
7971.049,4684,9366
7972.217,4685,9366
7972.513,4686,9366
7973.931,4687,9373
7974.209,4688,9374
7978.631,4689,9374
7980.314,4690,9374
7980.737,4691,9374
7981.86,4692,9374
7982.338,4693,9374
7990.643,4694,9374
7995.208,4695,9375
7995.357,4696,9375
7996.025,4697,9375
7997.923,4698,9375
7999.253,4699,9375
7999.821,4700,9375
8002.338,4701,9376
8003.426,4702,9377
8005.269,4703,9377
8005.608,4704,9377
8006.083,4705,9378
8007.603,4706,9378
8007.993,4707,9378
8012.694,4708,9379
8013.735,4709,9379
8013.877,4710,9379
8015.829,4711,9379
8017.613,4712,9380
8020.587,4713,9381
8022.036,4714,9384
8031.476,4715,9384
8032.548,4716,9385
8035.742,4717,9386
8036.652,4718,9386
8036.99,4719,9387
8038.363,4720,9387
8040.641,4721,9387
8048.977,4722,9387
8050.005,4723,9387
8051.906,4724,9387
8052.676,4725,9389
8052.695,4726,9391
8052.839,4727,9393
8052.88,4728,9393
8053.581,4729,9394
8054.951,4730,9396
8054.998,4731,9397
8055.082,4732,9397
8055.275,4733,9398
8055.51,4734,9398
8055.788,4735,9400
8056.894,4736,9401
8057.01,4737,9401
8057.125,4738,9401
8057.149,4739,9402
8061.032,4740,9402
8062.138,4741,9402
8062.695,4742,9402
8067.464,4743,9402
8085.137,4744,9402
8091.742,4745,9402
8104.264,4746,9402
8105.332,4747,9402
8106.267,4748,9405
8112.07,4749,9405
8118.637,4750,9405
8122.271,4751,9405
8127.087,4752,9405
8129.145,4753,9405
8130.027,4754,9405
8158.359,4755,9405
8159.793,4756,9405
8160.031,4757,9405
8169.215,4758,9405
8169.322,4759,9405
8170.2,4760,9407
8170.378,4761,9407
8171.8,4762,9407
8175.156,4763,9407
8176.114,4764,9407
8176.218,4765,9407
8178.955,4766,9407
8179.822,4767,9407
8180.969,4768,9407
8180.984,4769,9410
8186.919,4770,9412
8195.505,4771,9412
8196.786,4772,9412
8199.545,4773,9412
8201.854,4774,9413
8203.794,4775,9416
8204.458,4776,9421
8204.488,4777,9421
8204.818,4778,9421
8206.111,4779,9421
8208.749,4780,9436
8214.881,4781,9436
8217.486,4782,9437
8217.893,4783,9438
8218.973,4784,9438
8223.442,4785,9438
8225.292,4786,9444
8233.171,4787,9445
8233.399,4788,9445
8236.193,4789,9445
8236.498,4790,9446
8236.572,4791,9446
8237.702,4792,9446
8238.218,4793,9446
8238.332,4794,9446
8238.625,4795,9446
8239.861,4796,9446
8240.037,4797,9446
8242.029,4798,9446
8242.381,4799,9446
8244.377,4800,9446
8245.624,4801,9446
8248.053,4802,9446
8250.017,4803,9446
8253.761,4804,9446
8266.127,4805,9446
8266.958,4806,9447
8267.455,4807,9447
8274.977,4808,9447
8277.953,4809,9447
8278.04,4810,9447
8278.789,4811,9447
8279.116,4812,9447
8279.51,4813,9447
8282.158,4814,9447
8283.402,4815,9447
8283.572,4816,9447
8283.702,4817,9447
8284.908,4818,9447
8287.418,4819,9447
8288.281,4820,9447
8288.51,4821,9447
8292.69,4822,9447
8293.453,4823,9447
8293.946,4824,9451
8297.526,4825,9451
8299.533,4826,9451
8301.512,4827,9451
8304.366,4828,9451
8308.638,4829,9451
8309.028,4830,9451
8325.139,4831,9452
8325.917,4832,9452
8335.213,4833,9452
8343.051,4834,9452
8356.632,4835,9452
8357.209,4836,9452
8358.838,4837,9452
8359.619,4838,9453
8359.983,4839,9456
8360.477,4840,9459
8367.538,4841,9459
8368.312,4842,9459
8368.338,4843,9460
8368.467,4844,9460
8368.523,4845,9461
8368.547,4846,9461
8369.576,4847,9461
8371.004,4848,9462
8373.656,4849,9463
8374.071,4850,9464
8380.782,4851,9464
8383.19,4852,9464
8385.6,4853,9465
8399.992,4854,9465
8400.2,4855,9465
8401.568,4856,9465
8403.03,4857,9466
8404.152,4858,9467
8404.904,4859,9467
8405.487,4860,9468
8405.984,4861,9468
8406.047,4862,9469
8406.887,4863,9469
8407.411,4864,9469
8407.587,4865,9469
8408.094,4866,9485
8408.151,4867,9485
8410.507,4868,9485
8410.768,4869,9486
8410.988,4870,9486
8412.034,4871,9492
8413.898,4872,9492
8414.514,4873,9495
8416.557,4874,9496
8417.395,4875,9496
8420.675,4876,9496
8422.168,4877,9496
8425.576,4878,9498
8427.055,4879,9498
8427.289,4880,9498
8429.156,4881,9498
8429.289,4882,9498
8429.485,4883,9498
8431.4,4884,9498
8432.32,4885,9498
8435.347,4886,9498
8436.929,4887,9498
8443.666,4888,9498
8448.599,4889,9498
8452.662,4890,9498
8457.704,4891,9498
8460.342,4892,9498
8462.434,4893,9498
8463.152,4894,9498
8464.742,4895,9498
8465.534,4896,9498
8469.955,4897,9498
8470.278,4898,9498
8471.474,4899,9498
8472.939,4900,9498
8474.09,4901,9498
8475.329,4902,9498
8476.221,4903,9498
8477.421,4904,9498
8479.305,4905,9498
8485.686,4906,9498
8486.379,4907,9498
8494.279,4908,9498
8500.937,4909,9498
8501.374,4910,9498
8501.396,4911,9500
8502.338,4912,9503
8504.378,4913,9503
8506.538,4914,9503
8507.131,4915,9505
8509.876,4916,9506
8510.274,4917,9507
8511.649,4918,9508
8512.324,4919,9508
8516.255,4920,9508
8518.224,4921,9509
8523.56,4922,9509
8538.523,4923,9509
8538.556,4924,9510
8538.688,4925,9511
8539.222,4926,9514
8539.455,4927,9514
8539.712,4928,9515
8539.8,4929,9515
8541.792,4930,9515
8544.18,4931,9515
8544.774,4932,9515
8544.89,4933,9515
8546.503,4934,9515
8548.437,4935,9515
8551.201,4936,9522
8552.358,4937,9524
8552.786,4938,9525
8553.45,4939,9525
8553.917,4940,9525
8557.396,4941,9527
8560.904,4942,9527
8567.38,4943,9527
8567.44,4944,9527
8570.914,4945,9529
8571.619,4946,9531
8574.645,4947,9531
8575.201,4948,9531
8575.601,4949,9531
8576.019,4950,9531
8577.415,4951,9532
8580.589,4952,9532
8581.797,4953,9532
8583.113,4954,9533
8585.445,4955,9534
8596.968,4956,9535
8599.979,4957,9536
8601.086,4958,9536
8605.639,4959,9537
8605.671,4960,9537
8606.967,4961,9537
8607.077,4962,9537
8607.278,4963,9537
8613.03,4964,9537
8613.259,4965,9537
8613.498,4966,9537
8613.675,4967,9537
8613.871,4968,9537
8613.914,4969,9537
8614.117,4970,9537
8615.699,4971,9538
8619.42,4972,9538
8630.083,4973,9538
8632.103,4974,9538
8635.157,4975,9538
8635.603,4976,9538
8638.148,4977,9539
8646.174,4978,9539
8646.425,4979,9540
8646.875,4980,9540
8649.717,4981,9540
8650.213,4982,9540
8653.217,4983,9540
8655.572,4984,9540
8656.759,4985,9540
8659.105,4986,9540
8660.366,4987,9540
8660.47,4988,9540
8661.277,4989,9540
8671.501,4990,9540
8676.772,4991,9540
8677.53,4992,9540
8688.885,4993,9540
8693.493,4994,9540
8696.362,4995,9542
8696.711,4996,9542
8696.94,4997,9544
8697.317,4998,9546
8697.885,4999,9546
8699.113,5000,9546
8701.295,5001,9547
8701.645,5002,9548
8701.816,5003,9549
8705.564,5004,9552
8712.748,5005,9552
8713.684,5006,9552
8714.005,5007,9552
8732.969,5008,9552
8734.726,5009,9552
8735.098,5010,9552
8741.624,5011,9552
8743.969,5012,9553
8744.145,5013,9553
8744.405,5014,9553
8758.547,5015,9555
8761.102,5016,9555
8761.833,5017,9555
8767.769,5018,9555
8776.873,5019,9555
8776.925,5020,9555
8777.453,5021,9556
8779.27,5022,9556
8791.135,5023,9556
8791.259,5024,9557
8792.405,5025,9557
8793.869,5026,9559
8805.685,5027,9559
8814.04,5028,9559
8814.116,5029,9559
8825.005,5030,9559
8838.427,5031,9559
8839.284,5032,9561
8851.598,5033,9561
8853.017,5034,9562
8856.849,5035,9562
8857.157,5036,9562
8857.208,5037,9563
8857.422,5038,9563
8858.541,5039,9566
8859.021,5040,9567
8860.46,5041,9567
8862.003,5042,9571
8862.03,5043,9572
8862.215,5044,9572
8864.447,5045,9572
8865.284,5046,9574
8869.81,5047,9575
8874.013,5048,9576
8877.262,5049,9577
8881.037,5050,9577
8882.682,5051,9577
8886.097,5052,9577
8886.117,5053,9577
8886.394,5054,9578
8889.317,5055,9579
8892.136,5056,9579
8892.237,5057,9579
8892.768,5058,9579
8893.973,5059,9590
8897.02,5060,9590
8900.671,5061,9590
8904.719,5062,9590
8917.519,5063,9590
8934.072,5064,9591
8935.949,5065,9591
8941.523,5066,9591
8942.387,5067,9591
8942.717,5068,9592
8945.427,5069,9592
8946.303,5070,9592
8947.783,5071,9592
8947.946,5072,9592
8951.419,5073,9593
8951.733,5074,9594
8951.809,5075,9595
8952.859,5076,9596
8953.906,5077,9597
8959.963,5078,9598
8964.05,5079,9598
8964.638,5080,9599
8966.272,5081,9601
8967.253,5082,9602
8978.185,5083,9603
8983.809,5084,9603
8983.972,5085,9603
8984.694,5086,9603
8985.276,5087,9604
8991.317,5088,9604
8991.776,5089,9604
8992.194,5090,9604
8992.319,5091,9604
8994.735,5092,9605
8997.272,5093,9605
8998.84,5094,9605
9001.648,5095,9605
9014.699,5096,9606
9015.164,5097,9606
9017.357,5098,9606
9019.146,5099,9606
9022.041,5100,9606
9022.383,5101,9609
9035.537,5102,9609
9035.764,5103,9610
9036.48,5104,9610
9036.986,5105,9613
9037.586,5106,9613
9041.745,5107,9613
9042.07,5108,9613
9048.09,5109,9613
9048.422,5110,9613
9048.9,5111,9613
9049.932,5112,9613
9050.325,5113,9613
9052.391,5114,9613
9052.611,5115,9613
9052.633,5116,9614
9057.287,5117,9621
9057.647,5118,9621
9061.826,5119,9621
9072.52,5120,9621
9075.134,5121,9622
9075.227,5122,9623
9076.383,5123,9624
9076.68,5124,9625
9077.839,5125,9626
9088.112,5126,9627
9089.266,5127,9628
9090.622,5128,9629
9093.355,5129,9644
9096.499,5130,9645
9100.423,5131,9645
9105.652,5132,9645
9106.549,5133,9645
9113.579,5134,9645
9114.035,5135,9646
9115.208,5136,9646
9115.284,5137,9646
9120.693,5138,9646
9151.535,5139,9647
9152.811,5140,9647
9153.451,5141,9647
9153.931,5142,9647
9153.944,5143,9647
9154.492,5144,9647
9155.951,5145,9648
9156.277,5146,9648
9158.371,5147,9648
9159.744,5148,9649
9160.579,5149,9649
9160.702,5150,9649
9164.638,5151,9649
9164.817,5152,9649
9167.922,5153,9649
9169.082,5154,9649
9170.495,5155,9649
9171.886,5156,9650
9172.347,5157,9650
9173.275,5158,9650
9174.714,5159,9650
9179.801,5160,9650
9182.381,5161,9650
9185.373,5162,9650
9185.468,5163,9651
9186.413,5164,9651
9187.074,5165,9652
9187.105,5166,9652
9187.431,5167,9653
9191.792,5168,9654
9192.648,5169,9654
9193.065,5170,9654
9193.746,5171,9656
9194.448,5172,9659
9195.054,5173,9659
9197.401,5174,9660
9197.599,5175,9660
9203.339,5176,9660
9216.104,5177,9663
9217.047,5178,9663
9219.535,5179,9664
9220.626,5180,9664
9221.03,5181,9664
9221.786,5182,9664
9222.801,5183,9664
9224.274,5184,9664
9224.448,5185,9666
9224.528,5186,9666
9226.219,5187,9666
9226.692,5188,9666
9231.31,5189,9666
9232.898,5190,9676
9235.938,5191,9678
9236.724,5192,9678
9242.698,5193,9678
9247.746,5194,9678
9250.631,5195,9679
9253.711,5196,9679
9254.996,5197,9679
9255.248,5198,9679
9256.417,5199,9682
9259.418,5200,9682
9260.898,5201,9682
9270.941,5202,9682
9273.318,5203,9682
9273.363,5204,9682
9274.362,5205,9688
9275.943,5206,9688
9278.666,5207,9696
9279.194,5208,9696
9280.076,5209,9697
9284.419,5210,9701
9285.028,5211,9703
9287.681,5212,9703
9289.662,5213,9704
9295.188,5214,9704
9297.679,5215,9704
9298.093,5216,9710
9298.853,5217,9711
9305.909,5218,9711
9306.071,5219,9713
9306.283,5220,9713
9306.398,5221,9713
9307.417,5222,9713
9311.234,5223,9713
9323.815,5224,9713
9326.327,5225,9715
9327.041,5226,9717
9336.727,5227,9717
9336.903,5228,9718
9351.257,5229,9718
9351.742,5230,9718
9351.821,5231,9718
9351.899,5232,9718
9351.965,5233,9718
9352.187,5234,9718
9353.469,5235,9718
9356.317,5236,9718
9357.762,5237,9718
9359.244,5238,9718
9361.376,5239,9718
9362.105,5240,9718
9363.571,5241,9718
9366.8,5242,9718
9368.121,5243,9718
9369.768,5244,9722
9370.891,5245,9722
9372.363,5246,9722
9373.438,5247,9722
9373.538,5248,9722
9375.4,5249,9722
9377.269,5250,9722
9378.123,5251,9722
9379.513,5252,9722
9379.681,5253,9722
9380.645,5254,9722
9384.591,5255,9722
9385.761,5256,9723
9386.486,5257,9724
9386.574,5258,9725
9387.308,5259,9725
9387.651,5260,9725
9387.763,5261,9726
9388.492,5262,9726
9389.853,5263,9726
9390.016,5264,9727
9392.411,5265,9728
9392.447,5266,9728
9393.728,5267,9728
9395.031,5268,9736
9411.146,5269,9736
9414.914,5270,9736
9415.177,5271,9736
9416.611,5272,9736
9417.943,5273,9736
9418.676,5274,9736
9419.225,5275,9736
9419.394,5276,9736
9419.776,5277,9742
9419.888,5278,9742
9421.042,5279,9742
9437.047,5280,9743
9439.947,5281,9743
9441.326,5282,9745
9443.392,5283,9745
9444.723,5284,9745
9449.284,5285,9745
9449.548,5286,9745
9450.201,5287,9747
9450.527,5288,9747
9453.169,5289,9747
9456.043,5290,9749
9462.445,5291,9750
9466.228,5292,9751
9479.579,5293,9751
9482.765,5294,9751
9482.849,5295,9751
9482.954,5296,9751
9483.524,5297,9751
9483.996,5298,9751
9485.053,5299,9751
9487.203,5300,9751
9490.244,5301,9751
9490.4,5302,9751
9490.93,5303,9751
9491.38,5304,9751
9494.024,5305,9751
9494.548,5306,9753
9495.269,5307,9753
9496.166,5308,9753
9506.421,5309,9753
9513.585,5310,9753
9526.19,5311,9754
9526.839,5312,9754
9529.008,5313,9754
9542.899,5314,9754
9542.922,5315,9754
9542.973,5316,9754
9543.15,5317,9754
9543.236,5318,9754
9543.359,5319,9754
9543.407,5320,9754
9543.617,5321,9754
9543.696,5322,9757
9544.745,5323,9757
9545.559,5324,9757
9545.681,5325,9757
9547.453,5326,9757
9547.548,5327,9757
9549.402,5328,9757
9549.774,5329,9757
9550.044,5330,9757
9550.228,5331,9757
9550.35,5332,9757
9550.891,5333,9757
9553.848,5334,9757
9554.16,5335,9757
9554.256,5336,9757
9554.647,5337,9757
9557.355,5338,9757
9559.381,5339,9757
9559.397,5340,9757
9559.894,5341,9757
9561.738,5342,9757
9561.837,5343,9757
9563.459,5344,9757
9563.691,5345,9757
9563.923,5346,9757
9567.531,5347,9757
9569.682,5348,9757
9570.926,5349,9757
9572.005,5350,9757
9576.19,5351,9758
9577.722,5352,9758
9583.512,5353,9758
9585.036,5354,9758
9594.08,5355,9759
9594.55,5356,9759
9596.608,5357,9760
9608.032,5358,9760
9608.066,5359,9760
9608.22,5360,9761
9608.249,5361,9761
9608.591,5362,9761
9608.672,5363,9761
9610.583,5364,9764
9610.673,5365,9765
9610.842,5366,9765
9611.025,5367,9765
9611.603,5368,9766
9614.454,5369,9767
9614.95,5370,9767
9629.279,5371,9767
9629.641,5372,9767
9640.515,5373,9767
9641.21,5374,9767
9641.523,5375,9767
9642.96,5376,9767
9671.504,5377,9767
9671.532,5378,9767
9673.228,5379,9767
9674.681,5380,9768
9675.469,5381,9770
9675.492,5382,9770
9676.489,5383,9773
9678.896,5384,9773
9681.904,5385,9774
9685.562,5386,9775
9698.187,5387,9775
9702.785,5388,9777
9705.048,5389,9777
9705.757,5390,9777
9706.982,5391,9777
9707.31,5392,9777
9715.497,5393,9777
9717.69,5394,9782
9718.138,5395,9782
9718.963,5396,9782
9729.919,5397,9782
9730.847,5398,9783
9732.792,5399,9787
9733.002,5400,9788
9737.986,5401,9788
9742.689,5402,9788
9742.705,5403,9789
9742.742,5404,9790
9742.916,5405,9791
9743.45,5406,9791
9744.121,5407,9791
9744.309,5408,9791
9744.333,5409,9792
9744.468,5410,9792
9744.504,5411,9793
9744.526,5412,9794
9744.55,5413,9794
9744.583,5414,9794
9744.713,5415,9795
9744.807,5416,9796
9744.852,5417,9797
9744.891,5418,9797
9745.173,5419,9798
9745.294,5420,9799
9745.515,5421,9799
9745.592,5422,9799
9745.752,5423,9799
9745.779,5424,9799
9745.794,5425,9800
9746.017,5426,9800
9746.078,5427,9801
9746.13,5428,9802
9746.18,5429,9802
9746.324,5430,9803
9746.358,5431,9803
9746.631,5432,9804
9746.792,5433,9805
9746.885,5434,9806
9746.948,5435,9808
9747.595,5436,9809
9747.659,5437,9810
9747.729,5438,9810
9748.118,5439,9810
9748.332,5440,9810
9748.902,5441,9811
9749.132,5442,9812
9749.513,5443,9813
9749.546,5444,9813
9750.294,5445,9814
9750.882,5446,9814
9750.963,5447,9814
9752.778,5448,9814
9753.54,5449,9815
9754.024,5450,9815
9755.455,5451,9816
9756.461,5452,9816
9756.701,5453,9817
9757.37,5454,9819
9758.204,5455,9819
9758.351,5456,9820
9759.387,5457,9820
9760.192,5458,9821
9764.731,5459,9821
9767.572,5460,9821
9768.063,5461,9821
9774.454,5462,9821
9774.694,5463,9823
9775.401,5464,9827
9775.53,5465,9827
9780.038,5466,9827
9781.838,5467,9828
9784.689,5468,9828
9784.736,5469,9829
9785.202,5470,9830
9785.704,5471,9830
9786.328,5472,9831
9806.503,5473,9831
9808.577,5474,9831
9809.29,5475,9831
9812.896,5476,9831
9815.727,5477,9831
9817.197,5478,9832
9817.515,5479,9833
9817.735,5480,9834
9819.097,5481,9835
9826.204,5482,9835
9827.914,5483,9836
9829.218,5484,9836
9835.483,5485,9836
9837.852,5486,9836
9838.484,5487,9836
9839.0,5488,9836
9839.197,5489,9836
9839.518,5490,9836
9839.663,5491,9836
9840.003,5492,9836
9840.114,5493,9836
9840.3,5494,9836
9842.956,5495,9836
9843.128,5496,9836
9843.628,5497,9836
9847.218,5498,9836
9851.996,5499,9837
9853.477,5500,9837
9858.312,5501,9837
9866.841,5502,9838
9867.547,5503,9838
9868.942,5504,9838
9869.485,5505,9838
9870.079,5506,9838
9872.04,5507,9839
9872.392,5508,9839
9872.611,5509,9839
9877.44,5510,9839
9878.776,5511,9840
9880.359,5512,9840
9881.883,5513,9840
9881.899,5514,9840
9882.348,5515,9840
9883.135,5516,9840
9885.977,5517,9840
9886.145,5518,9840
9887.261,5519,9840
9888.011,5520,9840
9889.076,5521,9840
9889.734,5522,9840
9893.73,5523,9840
9900.397,5524,9840
9901.198,5525,9840
9902.254,5526,9840
9903.552,5527,9840
9904.006,5528,9841
9904.141,5529,9841
9906.089,5530,9841
9911.956,5531,9841
9913.412,5532,9842
9913.859,5533,9842
9922.108,5534,9842
9923.631,5535,9842
9927.921,5536,9842
9933.779,5537,9842
9935.585,5538,9843
9940.509,5539,9844
9941.885,5540,9845
9956.85,5541,9845
9958.12,5542,9845
9958.29,5543,9846
9958.437,5544,9846
9958.493,5545,9846
9959.229,5546,9846
9971.27,5547,9848
9978.406,5548,9848
9978.874,5549,9848
9978.97,5550,9848
9983.307,5551,9848
9983.466,5552,9848
9983.725,5553,9848
9984.336,5554,9848
9984.448,5555,9848
9986.088,5556,9848
9987.226,5557,9848
9992.384,5558,9849
9997.945,5559,9849
10008.601,5560,9849
10021.489,5561,9849
10028.12,5562,9849
10028.912,5563,9849
10030.699,5564,9850
10031.599,5565,9859
10031.823,5566,9861
10033.438,5567,9862
10039.931,5568,9862
10041.16,5569,9862
10041.352,5570,9862
10041.487,5571,9863
10041.545,5572,9863
10043.36,5573,9863
10043.59,5574,9863
10044.398,5575,9863
10048.425,5576,9863
10050.867,5577,9863
10050.919,5578,9864
10054.38,5579,9864
10060.684,5580,9864
10061.306,5581,9864
10063.194,5582,9864
10063.615,5583,9864
10071.625,5584,9864
10074.752,5585,9864
10080.557,5586,9864
10084.647,5587,9864
10113.979,5588,9864
10114.49,5589,9864
10116.091,5590,9864
10121.552,5591,9865
10135.497,5592,9865
10151.586,5593,9866
10154.261,5594,9866
10156.444,5595,9866
10156.891,5596,9866
10162.238,5597,9866
10162.481,5598,9866
10163.343,5599,9866
10163.692,5600,9866
10165.229,5601,9866
10165.593,5602,9866
10181.576,5603,9867
10185.231,5604,9867
10192.753,5605,9867
10192.775,5606,9867
10192.862,5607,9867
10195.288,5608,9870
10199.761,5609,9870
10201.635,5610,9870
10202.863,5611,9870
10212.933,5612,9871
10219.433,5613,9871
10224.551,5614,9871
10225.228,5615,9873
10233.515,5616,9873
10233.636,5617,9873
10234.509,5618,9873
10245.433,5619,9873
10246.775,5620,9873
10246.892,5621,9875
10247.154,5622,9875
10247.166,5623,9875
10248.542,5624,9875
10251.413,5625,9878
10253.957,5626,9878
10254.813,5627,9878
10256.331,5628,9878
10258.055,5629,9879
10258.298,5630,9879
10260.816,5631,9879
10261.178,5632,9880
10264.397,5633,9880
10281.838,5634,9880
10288.492,5635,9881
10288.544,5636,9881
10289.066,5637,9882
10291.313,5638,9882
10298.232,5639,9883
10299.586,5640,9883
10299.761,5641,9883
10306.119,5642,9883
10307.303,5643,9885
10308.677,5644,9885
10310.616,5645,9885
10313.095,5646,9885
10314.316,5647,9885
10315.654,5648,9885
10317.552,5649,9885
10319.026,5650,9885
10319.862,5651,9885
10324.684,5652,9885
10325.207,5653,9885
10325.867,5654,9885
10326.449,5655,9885
10326.612,5656,9885
10329.928,5657,9885
10342.106,5658,9886
10345.83,5659,9887
10346.368,5660,9887
10347.331,5661,9887
10349.163,5662,9887
10349.66,5663,9888
10363.288,5664,9888
10383.346,5665,9888
10392.79,5666,9888
10396.114,5667,9888
10397.789,5668,9895
10398.183,5669,9895
10403.976,5670,9895
10408.111,5671,9895
10419.366,5672,9896
10420.007,5673,9897
10420.181,5674,9898
10425.951,5675,9898
10426.48,5676,9898
10427.718,5677,9898
10436.917,5678,9899
10437.454,5679,9899
10438.457,5680,9899
10438.612,5681,9899
10438.627,5682,9899
10439.113,5683,9899
10443.269,5684,9899
10443.656,5685,9899
10448.666,5686,9899
10452.513,5687,9899
10453.165,5688,9900
10456.623,5689,9901
10465.917,5690,9903
10466.632,5691,9903
10468.06,5692,9903
10469.018,5693,9903
10469.319,5694,9903
10469.787,5695,9903
10473.931,5696,9903
10474.166,5697,9903
10481.987,5698,9903
10482.082,5699,9905
10483.755,5700,9907
10493.703,5701,9907
10495.715,5702,9908
10496.4,5703,9908
10498.006,5704,9908
10498.217,5705,9908
10498.325,5706,9908
10501.577,5707,9908
10504.73,5708,9908
10506.954,5709,9908
10515.959,5710,9908
10516.0,5711,9908
10521.314,5712,9908
10529.709,5713,9909
10543.843,5714,9909
10564.999,5715,9909
10572.521,5716,9909
10573.822,5717,9909
10574.217,5718,9909
10574.441,5719,9909
10578.774,5720,9909
10579.698,5721,9909
10580.229,5722,9909
10586.127,5723,9909
10586.185,5724,9909
10608.676,5725,9910
10609.88,5726,9910
10609.897,5727,9911
10610.365,5728,9911
10610.539,5729,9911
10610.933,5730,9911
10611.25,5731,9913
10611.458,5732,9913
10612.345,5733,9913
10612.895,5734,9914
10612.999,5735,9914
10615.513,5736,9914
10618.711,5737,9914
10624.209,5738,9914
10627.977,5739,9915
10660.666,5740,9915
10662.859,5741,9916
10662.941,5742,9917
10663.078,5743,9917
10666.235,5744,9917
10669.726,5745,9917
10671.132,5746,9917
10671.526,5747,9917
10672.119,5748,9917
10674.533,5749,9917
10676.546,5750,9917
10678.634,5751,9918
10702.308,5752,9918
10703.004,5753,9919
10715.077,5754,9919
10717.865,5755,9922
10718.762,5756,9922
10719.232,5757,9922
10725.937,5758,9922
10734.294,5759,9923
10734.471,5760,9923
10740.928,5761,9923
10742.767,5762,9923
10743.329,5763,9923
10745.609,5764,9923
10747.725,5765,9923
10748.417,5766,9923
10748.846,5767,9924
10751.521,5768,9924
10751.826,5769,9924
10752.083,5770,9924
10758.304,5771,9924
10763.802,5772,9924
10765.464,5773,9924
10769.525,5774,9924
10774.731,5775,9924
10775.951,5776,9924
10776.366,5777,9925
10776.441,5778,9925
10780.517,5779,9925
10781.884,5780,9925
10781.955,5781,9925
10784.016,5782,9926
10786.292,5783,9927
10786.703,5784,9927
10786.824,5785,9927
10787.905,5786,9927
10788.135,5787,9927
10788.74,5788,9927
10789.788,5789,9940
10792.651,5790,9940
10794.917,5791,9942
10795.375,5792,9942
10799.78,5793,9943
10810.012,5794,9943
10817.455,5795,9943
10819.392,5796,9943
10819.421,5797,9943
10819.469,5798,9943
10820.262,5799,9943
10820.688,5800,9943
10821.918,5801,9943
10825.022,5802,9943
10827.226,5803,9943
10827.442,5804,9943
10827.473,5805,9943
10827.563,5806,9943
10829.59,5807,9943
10837.261,5808,9943
10838.549,5809,9943
10843.47,5810,9944
10849.596,5811,9944
10859.822,5812,9944
10877.448,5813,9945
10877.547,5814,9946
10877.852,5815,9946
10878.177,5816,9947
10879.988,5817,9948
10880.618,5818,9948
10880.961,5819,9951
10881.475,5820,9951
10884.003,5821,9952
10886.019,5822,9952
10886.034,5823,9955
10889.209,5824,9958
10891.859,5825,9958
10893.562,5826,9958
10894.962,5827,9958
10897.987,5828,9965
10901.887,5829,9966
10908.744,5830,9967
10913.285,5831,9967
10924.63,5832,9968
10925.0,5833,9969
10925.832,5834,9970
10926.632,5835,9971
10931.447,5836,9971
10937.03,5837,9971
10941.665,5838,9971
10941.883,5839,9973
10941.906,5840,9973
10943.933,5841,9973
10945.375,5842,9973
10950.807,5843,9974
10951.63,5844,9974
10953.556,5845,9978
10954.41,5846,9980
10956.553,5847,9982
10956.75,5848,9983
10959.358,5849,9983
10961.091,5850,9983
10974.022,5851,9983
10974.037,5852,9983
10974.553,5853,9983
10984.876,5854,9983
10985.195,5855,9983
10986.212,5856,9983
10990.368,5857,9984
10990.561,5858,9984
10995.049,5859,9984
10997.965,5860,9984
11000.31,5861,9984
11000.328,5862,9984
11004.008,5863,9984
11009.773,5864,9984
11011.26,5865,9984
11030.272,5866,9984
11033.195,5867,9984
11033.259,5868,9984
11033.274,5869,9984
11033.45,5870,9984
11033.491,5871,9984
11033.784,5872,9984
11033.905,5873,9984
11034.072,5874,9984
11034.334,5875,9984
11034.564,5876,9984
11035.818,5877,9984
11035.978,5878,9984
11036.429,5879,9984
11036.495,5880,9984
11036.667,5881,9984
11036.831,5882,9984
11039.121,5883,9984
11039.87,5884,9984
11043.166,5885,9984
11045.682,5886,9986
11049.555,5887,9986
11052.094,5888,9986
11057.272,5889,9986
11057.41,5890,9986
11060.037,5891,9986
11065.23,5892,9987
11076.52,5893,9988
11079.01,5894,9990
11079.794,5895,9990
11081.31,5896,9991
11081.742,5897,9991
11084.069,5898,9991
11087.24,5899,9991
11087.312,5900,9991
11094.942,5901,9991
11094.994,5902,9991
11095.16,5903,9991
11095.949,5904,9991
11111.277,5905,9991
11111.329,5906,9991
11111.566,5907,9991
11111.601,5908,9992
11111.685,5909,9992
11112.394,5910,9992
11113.088,5911,9992
11113.477,5912,9992
11113.701,5913,9992
11113.809,5914,9992
11114.088,5915,9992
11114.118,5916,9992
11114.936,5917,9992
11117.192,5918,9992
11117.995,5919,9993
11120.496,5920,9993
11121.732,5921,9993
11122.505,5922,9993
11122.746,5923,9993
11124.206,5924,9993
11125.736,5925,9993
11127.639,5926,9993
11128.994,5927,9993
11131.518,5928,9993
11138.084,5929,9993
11143.603,5930,9993
11157.572,5931,9993
11157.62,5932,9993
11160.579,5933,9993
11162.269,5934,9993
11162.338,5935,9993
11163.252,5936,9993
11165.456,5937,9994
11166.103,5938,9995
11166.791,5939,9995
11170.03,5940,9995
11174.726,5941,9995
11185.077,5942,9996
11185.092,5943,9996
11185.104,5944,9996
11185.221,5945,9997
11185.711,5946,9997
11186.033,5947,9998
11188.333,5948,9998
11189.084,5949,9998
11190.964,5950,10000
11191.102,5951,10000
11191.588,5952,10006
11192.354,5953,10006
11193.414,5954,10007
11199.35,5955,10008
11203.198,5956,10009
11205.264,5957,10009
11205.281,5958,10027
11211.255,5959,10027
11211.86,5960,10027
11212.087,5961,10027
11213.153,5962,10029
11216.032,5963,10029
11224.133,5964,10029
11229.249,5965,10029
11234.972,5966,10029
11240.135,5967,10029
11241.214,5968,10031
11241.704,5969,10031
11241.74,5970,10032
11241.826,5971,10035
11241.982,5972,10036
11242.028,5973,10036
11242.055,5974,10036
11242.136,5975,10036
11242.764,5976,10036
11243.149,5977,10037
11244.244,5978,10038
11245.239,5979,10044
11246.003,5980,10044
11246.376,5981,10044
11247.286,5982,10046
11247.436,5983,10046
11247.86,5984,10048
11248.287,5985,10049
11255.34,5986,10050
11256.459,5987,10051
11257.136,5988,10051
11257.959,5989,10051
11258.682,5990,10052
11262.121,5991,10053
11273.474,5992,10054
11273.694,5993,10054
11273.882,5994,10055
11274.184,5995,10056
11281.258,5996,10056
11282.379,5997,10056
11287.805,5998,10056
11289.009,5999,10056
11289.041,6000,10056
11290.141,6001,10057
11290.215,6002,10057
11290.985,6003,10057
11291.636,6004,10057
11291.696,6005,10057
11292.629,6006,10057
11294.811,6007,10057
11295.041,6008,10057
11295.133,6009,10058
11296.039,6010,10058
11297.501,6011,10058
11299.481,6012,10058
11302.047,6013,10058
11308.446,6014,10058
11309.609,6015,10058
11311.297,6016,10058
11319.339,6017,10058
11330.333,6018,10060
11330.942,6019,10062
11341.276,6020,10063
11342.586,6021,10063
11343.652,6022,10063
11344.798,6023,10063
11346.796,6024,10063
11367.881,6025,10063
11368.436,6026,10063
11368.526,6027,10063
11371.903,6028,10063
11372.112,6029,10063
11375.858,6030,10063
11375.924,6031,10063
11378.431,6032,10064
11383.246,6033,10064
11386.428,6034,10064
11387.52,6035,10064
11389.462,6036,10064
11392.136,6037,10068
11399.409,6038,10070
11400.333,6039,10072
11407.011,6040,10072
11407.026,6041,10072
11408.926,6042,10072
11409.041,6043,10073
11427.471,6044,10075
11429.788,6045,10075
11439.71,6046,10075
11440.354,6047,10075
11441.052,6048,10075
11441.541,6049,10076
11443.39,6050,10076
11443.878,6051,10076
11444.125,6052,10076
11446.439,6053,10076
11449.359,6054,10076
11461.297,6055,10076
11487.844,6056,10076
11488.014,6057,10076
11488.318,6058,10076
11488.471,6059,10076
11489.026,6060,10078
11489.104,6061,10078
11489.227,6062,10078
11489.824,6063,10078
11491.828,6064,10079
11496.023,6065,10080
11496.297,6066,10081
11496.327,6067,10082
11496.465,6068,10082
11497.618,6069,10082
11499.478,6070,10084
11500.033,6071,10084
11501.291,6072,10084
11504.333,6073,10084
11506.028,6074,10087
11510.102,6075,10087
11512.734,6076,10087
11513.699,6077,10088
11513.941,6078,10088
11514.286,6079,10088
11514.308,6080,10088
11516.26,6081,10088
11517.922,6082,10089
11528.962,6083,10089
11530.676,6084,10090
11536.28,6085,10091
11547.255,6086,10092
11547.644,6087,10092
11548.138,6088,10093
11549.403,6089,10094
11549.545,6090,10094
11550.441,6091,10094
11553.348,6092,10094
11555.649,6093,10096
11558.951,6094,10096
11559.113,6095,10096
11564.322,6096,10099
11569.634,6097,10099
11599.082,6098,10099
11615.661,6099,10099
11615.842,6100,10099
11615.924,6101,10101
11621.669,6102,10101
11623.019,6103,10102
11625.868,6104,10102
11629.097,6105,10102
11630.146,6106,10102
11631.534,6107,10102
11632.537,6108,10102
11637.137,6109,10102
11637.339,6110,10102
11639.451,6111,10102
11640.233,6112,10102
11641.115,6113,10102
11647.394,6114,10103
11647.94,6115,10104
11650.052,6116,10104
11651.453,6117,10104
11656.345,6118,10104
11656.408,6119,10105
11657.136,6120,10105
11657.698,6121,10105
11658.175,6122,10105
11667.223,6123,10105
11668.075,6124,10106
11670.029,6125,10107
11673.404,6126,10131
11680.496,6127,10131
11683.407,6128,10132
11701.521,6129,10132
11707.143,6130,10133
11765.976,6131,10133
11781.278,6132,10133
11786.785,6133,10133
11791.828,6134,10133
11811.524,6135,10133
11815.605,6136,10133
11817.467,6137,10135
11822.227,6138,10135
11825.694,6139,10135
11825.756,6140,10135
11829.063,6141,10135
11844.189,6142,10136
11862.046,6143,10136
11863.9,6144,10136
11873.138,6145,10136
11874.412,6146,10136
11875.164,6147,10136
11883.785,6148,10136
11885.031,6149,10136
11923.672,6150,10138
11928.03,6151,10138
11928.235,6152,10138
11928.722,6153,10138
11933.607,6154,10138
11933.775,6155,10138
11933.834,6156,10140
11934.273,6157,10140
11934.335,6158,10140
11978.889,6159,10141
11982.143,6160,10141
11983.476,6161,10141
11991.603,6162,10142
12001.738,6163,10164
12001.854,6164,10164
12014.473,6165,10164
12015.232,6166,10164
12016.258,6167,10164
12017.404,6168,10164
12032.361,6169,10164
12074.547,6170,10164
12074.999,6171,10164
12075.443,6172,10164
12075.645,6173,10164
12075.765,6174,10164
12081.094,6175,10164
12082.905,6176,10164
12083.102,6177,10166
12085.463,6178,10166
12087.987,6179,10166
12095.95,6180,10166
12106.215,6181,10166
12117.419,6182,10168
12127.606,6183,10168
12132.803,6184,10168
12167.383,6185,10168
12167.944,6186,10168
12170.311,6187,10168
12175.716,6188,10168
12176.453,6189,10168
12177.738,6190,10168
12186.134,6191,10168
12191.404,6192,10168
12199.474,6193,10168
12210.117,6194,10168
12213.065,6195,10169
12216.635,6196,10170
12223.641,6197,10171
12224.679,6198,10171
12224.92,6199,10171
12234.411,6200,10171
12239.363,6201,10172
12242.015,6202,10173
12248.313,6203,10173
12257.83,6204,10173
12275.755,6205,10173
12313.738,6206,10176
12319.67,6207,10176
12321.465,6208,10176
12321.493,6209,10176
12321.528,6210,10176
12322.014,6211,10176
12322.36,6212,10176
12322.833,6213,10176
12327.335,6214,10176
12329.512,6215,10176
12334.196,6216,10177
12340.336,6217,10177
12344.061,6218,10177
12345.887,6219,10178
12348.972,6220,10178
12350.254,6221,10178
12351.927,6222,10178
12352.75,6223,10178
12376.613,6224,10178
12385.981,6225,10180
12415.787,6226,10180
12420.894,6227,10180
12420.923,6228,10181
12432.62,6229,10181
12448.013,6230,10181
12448.053,6231,10181
12449.253,6232,10183
12494.279,6233,10183
12506.133,6234,10183
12511.328,6235,10184
12512.907,6236,10184
12542.994,6237,10192
12554.06,6238,10192
12554.304,6239,10192
12563.835,6240,10201
12564.74,6241,10201
12564.768,6242,10201
12574.277,6243,10201
12574.499,6244,10212
12574.696,6245,10212
12574.979,6246,10214
12575.143,6247,10214
12575.161,6248,10214
12575.534,6249,10215
12576.151,6250,10215
12576.754,6251,10215
12577.133,6252,10215
12577.695,6253,10215
12578.847,6254,10215
12579.124,6255,10216
12579.878,6256,10216
12580.222,6257,10216
12581.242,6258,10216
12582.537,6259,10216
12583.418,6260,10217
12583.468,6261,10217
12583.68,6262,10217
12583.786,6263,10217
12584.88,6264,10218
12585.216,6265,10218
12586.312,6266,10218
12586.772,6267,10218
12591.505,6268,10218
12591.638,6269,10218
12592.078,6270,10218
12600.346,6271,10230
12600.806,6272,10232
12601.065,6273,10233
12601.187,6274,10233
12603.837,6275,10234
12609.386,6276,10241
12615.989,6277,10241
12623.956,6278,10241
12624.426,6279,10241
12624.453,6280,10241
12627.393,6281,10241
12631.663,6282,10241
12631.95,6283,10241
12638.623,6284,10242
12641.552,6285,10242
12643.279,6286,10242
12643.982,6287,10242
12646.558,6288,10242
12648.752,6289,10246
12677.147,6290,10246
12677.178,6291,10246
12677.5,6292,10246
12677.882,6293,10246
12678.094,6294,10246
12678.137,6295,10246
12678.965,6296,10246
12681.623,6297,10246
12700.158,6298,10246
12709.959,6299,10246
12710.119,6300,10246
12710.548,6301,10248
12727.168,6302,10248
12727.573,6303,10248
12727.658,6304,10248
12727.683,6305,10249
12727.748,6306,10249
12727.765,6307,10249
12727.823,6308,10249
12727.868,6309,10249
12727.953,6310,10249
12727.979,6311,10249
12728.23,6312,10249
12728.526,6313,10249
12728.623,6314,10249
12728.789,6315,10249
12729.051,6316,10249
12730.381,6317,10249
12730.545,6318,10249
12731.453,6319,10250
12731.639,6320,10250
12733.223,6321,10250
12734.075,6322,10250
12734.134,6323,10250
12734.298,6324,10250
12735.637,6325,10250
12735.872,6326,10252
12737.282,6327,10252
12737.469,6328,10252
12737.824,6329,10252
12738.04,6330,10252
12739.343,6331,10252
12740.168,6332,10252
12741.18,6333,10252
12743.344,6334,10252
12743.856,6335,10252
12744.331,6336,10252
12744.531,6337,10252
12749.023,6338,10252
12749.327,6339,10252
12749.478,6340,10253
12749.868,6341,10253
12750.023,6342,10254
12757.001,6343,10254
12780.884,6344,10254
12780.899,6345,10254
12781.066,6346,10254
12782.11,6347,10254
12782.542,6348,10254
12783.909,6349,10255
12784.548,6350,10255
12785.768,6351,10255
12785.783,6352,10255
12786.077,6353,10256
12787.007,6354,10256
12802.419,6355,10256
12802.701,6356,10257
12803.087,6357,10257
12841.43,6358,10257
12850.004,6359,10257
12851.636,6360,10258
12857.994,6361,10259
12858.027,6362,10259
12863.865,6363,10259
12882.467,6364,10259
12882.867,6365,10260
12884.485,6366,10260
12891.681,6367,10260
12892.927,6368,10260
12894.747,6369,10260
12894.954,6370,10260
12902.891,6371,10260
12906.33,6372,10261
12911.086,6373,10261
12912.159,6374,10261
12919.731,6375,10261
12941.536,6376,10262
12949.103,6377,10266
12949.154,6378,10267
12963.433,6379,10267
12965.942,6380,10267
12970.982,6381,10268
12975.699,6382,10268
12985.711,6383,10268
13002.472,6384,10270
13002.801,6385,10270
13019.116,6386,10270
13028.957,6387,10270
13029.229,6388,10270
13029.251,6389,10270
13029.507,6390,10270
13029.536,6391,10270
13029.802,6392,10270
13030.157,6393,10270
13030.241,6394,10270
13030.268,6395,10270
13030.678,6396,10270
13030.724,6397,10270
13031.295,6398,10270
13032.267,6399,10270
13036.217,6400,10270
13036.853,6401,10270
13037.394,6402,10270
13037.673,6403,10270
13039.022,6404,10270
13039.582,6405,10271
13044.304,6406,10271
13046.263,6407,10274
13050.356,6408,10274
13050.426,6409,10274
13052.395,6410,10274
13053.776,6411,10274
13056.879,6412,10274
13057.639,6413,10274
13057.718,6414,10274
13078.516,6415,10274
13078.919,6416,10274
13079.654,6417,10276
13079.734,6418,10299
13080.334,6419,10300
13080.737,6420,10304
13080.952,6421,10308
13081.165,6422,10308
13085.274,6423,10310
13088.577,6424,10312
13089.071,6425,10313
13111.22,6426,10313
13112.431,6427,10313
13120.892,6428,10313
13122.269,6429,10315
13122.457,6430,10316
13168.031,6431,10316
13168.162,6432,10316
13169.142,6433,10318
13178.323,6434,10318
13186.725,6435,10318
13200.87,6436,10318
13202.448,6437,10320
13209.004,6438,10320
13214.36,6439,10321
13217.449,6440,10321
13237.767,6441,10321
13263.013,6442,10321
13267.095,6443,10321
13287.833,6444,10321
13313.086,6445,10321
13323.847,6446,10323
13323.882,6447,10323
13325.021,6448,10323
13325.466,6449,10323
13325.532,6450,10323
13325.601,6451,10323
13325.697,6452,10323
13325.735,6453,10323
13325.79,6454,10323
13325.843,6455,10323
13325.971,6456,10323
13326.122,6457,10323
13326.354,6458,10323
13327.01,6459,10324
13327.036,6460,10324
13327.09,6461,10324
13327.391,6462,10324
13327.469,6463,10325
13332.365,6464,10328
13332.867,6465,10328
13333.031,6466,10328
13333.42,6467,10328
13334.243,6468,10328
13334.463,6469,10328
13334.496,6470,10328
13334.664,6471,10328
13338.221,6472,10328
13339.049,6473,10329
13339.647,6474,10329
13340.148,6475,10329
13340.914,6476,10329
13344.741,6477,10330
13362.939,6478,10330
13393.578,6479,10331
13393.824,6480,10331
13395.748,6481,10331
13438.077,6482,10331
13438.186,6483,10332
13440.072,6484,10336
13457.236,6485,10337
13474.339,6486,10337
13509.109,6487,10337
13515.635,6488,10338
13519.73,6489,10338
13520.332,6490,10338
13531.907,6491,10338
13542.48,6492,10338
13554.861,6493,10340
13555.024,6494,10340
13560.558,6495,10340
13560.585,6496,10340
13560.908,6497,10340
13561.277,6498,10340
13562.326,6499,10340
13563.779,6500,10340
13564.412,6501,10340
13570.019,6502,10340
13571.919,6503,10340
13573.436,6504,10340
13576.126,6505,10341
13580.247,6506,10341
13591.554,6507,10343
13607.076,6508,10343
13607.502,6509,10344
13608.7,6510,10344
13618.226,6511,10344
13618.68,6512,10345
13641.343,6513,10345
13648.843,6514,10345
13651.705,6515,10345
13651.8,6516,10345
13682.146,6517,10345
13682.176,6518,10346
13682.584,6519,10346
13687.876,6520,10346
13699.085,6521,10347
13699.113,6522,10347
13699.686,6523,10347
13701.738,6524,10347
13701.811,6525,10347
13702.214,6526,10348
13706.083,6527,10348
13718.67,6528,10348
13718.749,6529,10349
13719.021,6530,10350
13719.334,6531,10350
13719.812,6532,10350
13719.85,6533,10350
13720.761,6534,10350
13720.984,6535,10350
13721.314,6536,10350
13722.003,6537,10350
13723.676,6538,10351
13725.013,6539,10353
13726.386,6540,10353
13731.215,6541,10356
13735.521,6542,10356
13744.582,6543,10357
13746.562,6544,10357
13746.724,6545,10358
13747.564,6546,10358
13748.883,6547,10359
13753.319,6548,10365
13754.004,6549,10366
13754.515,6550,10368
13754.539,6551,10368
13755.203,6552,10368
13755.555,6553,10368
13764.006,6554,10369
13764.412,6555,10370
13770.78,6556,10371
13770.861,6557,10371
13780.574,6558,10371
13789.342,6559,10371
13800.729,6560,10371
13809.952,6561,10372
13822.523,6562,10372
13830.495,6563,10372
13836.123,6564,10372
13861.395,6565,10373
13885.854,6566,10373
13886.237,6567,10374
13928.384,6568,10376
13947.154,6569,10377
13955.019,6570,10377
13958.437,6571,10378
13958.8,6572,10379
13986.945,6573,10379
13987.422,6574,10379
14010.001,6575,10379
14010.034,6576,10379
14011.051,6577,10380
14032.335,6578,10380
14032.977,6579,10380
14035.933,6580,10380
14039.916,6581,10380
14046.324,6582,10380
14047.944,6583,10380
14047.965,6584,10381
14073.009,6585,10381
14073.084,6586,10381
14081.429,6587,10381
14081.454,6588,10381
14103.182,6589,10381
14151.392,6590,10381
14161.025,6591,10381
14190.518,6592,10381
14199.296,6593,10381
14214.006,6594,10381
14223.673,6595,10382
14247.89,6596,10383
14253.099,6597,10383
14254.34,6598,10383
14254.691,6599,10383
14254.974,6600,10383
14255.004,6601,10383
14255.054,6602,10383
14255.486,6603,10383
14255.799,6604,10383
14262.534,6605,10385
14269.633,6606,10385
14305.177,6607,10386
14311.076,6608,10386
14312.168,6609,10399
14339.795,6610,10399
14342.401,6611,10399
14351.324,6612,10400
14354.853,6613,10400
14355.377,6614,10400
14380.926,6615,10400
14402.295,6616,10400
14402.31,6617,10400
14409.586,6618,10402
14409.888,6619,10407
14409.907,6620,10412
14409.994,6621,10413
14410.112,6622,10413
14410.304,6623,10414
14411.026,6624,10415
14421.026,6625,10416
14429.181,6626,10416
14443.753,6627,10416
14488.567,6628,10416
14503.577,6629,10416
14536.387,6630,10416
14546.943,6631,10416
14548.858,6632,10416
14549.747,6633,10416
14549.802,6634,10416
14550.821,6635,10416
14551.938,6636,10416
14554.429,6637,10416
14558.138,6638,10416
14558.621,6639,10416
14562.503,6640,10416
14586.774,6641,10417
14595.986,6642,10417
14604.698,6643,10417
14604.724,6644,10417
14604.763,6645,10419
14604.822,6646,10419
14604.892,6647,10419
14604.917,6648,10419
14604.923,6649,10419
14605.283,6650,10419
14605.3,6651,10419
14605.388,6652,10420
14605.489,6653,10420
14606.081,6654,10420
14606.524,6655,10420
14606.786,6656,10420
14607.027,6657,10420
14607.096,6658,10422
14607.14,6659,10422
14607.946,6660,10422
14608.735,6661,10422
14609.031,6662,10425
14613.179,6663,10425
14614.839,6664,10425
14617.851,6665,10425
14619.325,6666,10432
14619.529,6667,10432
14638.869,6668,10432
14638.893,6669,10433
14658.487,6670,10433
14668.272,6671,10434
14678.36,6672,10434
14681.867,6673,10434
14682.482,6674,10435
14682.51,6675,10436
14692.786,6676,10436
14697.883,6677,10437
14716.622,6678,10438
14716.849,6679,10439
14717.075,6680,10440
14725.931,6681,10441
14727.103,6682,10442
14746.827,6683,10442
14747.25,6684,10442
14747.266,6685,10442
14747.296,6686,10442
14750.874,6687,10442
14752.047,6688,10442
14780.175,6689,10442
14793.049,6690,10442
14793.07,6691,10442
14793.476,6692,10442
14793.989,6693,10442
14794.3,6694,10442
14794.544,6695,10442
14794.878,6696,10442
14795.168,6697,10442
14795.682,6698,10442
14795.74,6699,10442
14796.124,6700,10442
14796.193,6701,10442
14796.271,6702,10442
14796.904,6703,10442
14798.186,6704,10442
14798.792,6705,10442
14799.794,6706,10442
14800.341,6707,10442
14800.558,6708,10442
14800.871,6709,10442
14801.289,6710,10442
14802.784,6711,10443
14802.825,6712,10443
14803.757,6713,10443
14804.172,6714,10443
14804.608,6715,10443
14804.833,6716,10443
14805.527,6717,10443
14806.832,6718,10443
14823.569,6719,10444
14827.3,6720,10444
14830.51,6721,10444
14832.945,6722,10445
14835.589,6723,10445
14838.72,6724,10445
14840.322,6725,10446
14841.174,6726,10446
14843.747,6727,10447
14843.886,6728,10447
14846.338,6729,10447
14848.464,6730,10447
14851.896,6731,10447
14857.895,6732,10447
14867.156,6733,10449
14869.55,6734,10449
14871.544,6735,10449
14879.484,6736,10449
14895.068,6737,10450
14896.422,6738,10450
14899.95,6739,10450
14903.833,6740,10450
14914.012,6741,10450
14914.774,6742,10450
14924.545,6743,10450
14926.054,6744,10450
14926.168,6745,10450
14953.452,6746,10451
14953.472,6747,10451
14954.281,6748,10451
14964.654,6749,10452
14969.144,6750,10452
14969.754,6751,10452
14970.785,6752,10452
14977.38,6753,10452
14982.874,6754,10452
14982.899,6755,10452
14999.684,6756,10452
15000.738,6757,10452
15020.137,6758,10452
15043.245,6759,10452
15043.292,6760,10452
15044.672,6761,10452
15045.472,6762,10453
15048.367,6763,10453
15050.124,6764,10453
15052.19,6765,10453
15052.257,6766,10454
15052.432,6767,10454
15061.504,6768,10454
15069.037,6769,10455
15078.072,6770,10457
15084.565,6771,10458
15101.018,6772,10458
15103.98,6773,10458
15105.649,6774,10458
15105.675,6775,10458
15105.986,6776,10458
15106.443,6777,10458
15106.599,6778,10462
15106.725,6779,10462
15106.899,6780,10462
15109.432,6781,10462
15111.127,6782,10465
15115.077,6783,10465
15115.199,6784,10465
15115.318,6785,10465
15118.067,6786,10465
15118.472,6787,10465
15121.234,6788,10465
15122.947,6789,10466
15149.801,6790,10466
15150.332,6791,10466
15150.354,6792,10466
15151.034,6793,10466
15151.384,6794,10466
15153.081,6795,10466
15189.718,6796,10467
15229.322,6797,10469
15241.002,6798,10469
15244.718,6799,10469
15249.494,6800,10469
15251.532,6801,10469
15268.453,6802,10470
15268.499,6803,10470
15268.564,6804,10470
15293.246,6805,10470
15311.779,6806,10470
15319.05,6807,10470
15326.287,6808,10470
15326.356,6809,10470
15326.897,6810,10470
15333.586,6811,10470
15334.394,6812,10471
15348.122,6813,10471
15351.701,6814,10471
15353.793,6815,10473
15358.015,6816,10473
15379.494,6817,10475
15405.016,6818,10475
15405.022,6819,10475
15405.984,6820,10477
15406.072,6821,10478
15407.775,6822,10478
15408.459,6823,10478
15408.582,6824,10478
15413.473,6825,10478
15414.342,6826,10478
15418.911,6827,10478
15419.966,6828,10479
15422.224,6829,10479
15422.54,6830,10479
15444.458,6831,10479
15454.243,6832,10480
15457.134,6833,10480
15462.558,6834,10480
15462.652,6835,10480
15468.61,6836,10480
15475.465,6837,10480
15476.382,6838,10480
15502.514,6839,10480
15502.52,6840,10480
15502.527,6841,10480
15505.271,6842,10480
15506.04,6843,10480
15506.141,6844,10480
15526.828,6845,10480
15536.196,6846,10480
15542.93,6847,10480
15544.925,6848,10480
15546.187,6849,10481
15550.159,6850,10481
15554.56,6851,10481
15561.637,6852,10481
15561.671,6853,10481
15561.924,6854,10481
15562.581,6855,10481
15562.632,6856,10481
15571.466,6857,10481
15571.524,6858,10481
15571.585,6859,10481
15571.623,6860,10481
15574.986,6861,10481
15575.014,6862,10481
15575.086,6863,10481
15575.171,6864,10481
15575.226,6865,10481
15575.498,6866,10481
15578.478,6867,10485
15579.703,6868,10485
15581.744,6869,10485
15581.968,6870,10486
15583.761,6871,10488
15585.476,6872,10488
15593.248,6873,10488
15600.116,6874,10488
15603.228,6875,10488
15604.186,6876,10488
15609.708,6877,10488
15616.43,6878,10488
15616.561,6879,10488
15628.483,6880,10489
15630.265,6881,10489
15631.925,6882,10489
15641.538,6883,10489
15643.859,6884,10490
15653.413,6885,10490
15660.211,6886,10490
15660.389,6887,10490
15662.721,6888,10490
15665.023,6889,10490
15671.645,6890,10490
15673.074,6891,10490
15679.517,6892,10491
15692.215,6893,10491
15692.442,6894,10491
15692.523,6895,10491
15694.001,6896,10491
15703.972,6897,10491
15709.3,6898,10491
15716.83,6899,10491
15717.044,6900,10492
15717.409,6901,10492
15724.175,6902,10492
15726.85,6903,10492
15740.775,6904,10492
15763.732,6905,10492
15763.847,6906,10492
15771.893,6907,10492
15774.629,6908,10492
15781.784,6909,10492
15781.822,6910,10492
15781.996,6911,10492
15782.198,6912,10492
15782.217,6913,10492
15782.282,6914,10492
15782.493,6915,10492
15782.672,6916,10492
15786.343,6917,10492
15790.042,6918,10492
15790.547,6919,10492
15800.241,6920,10492
15800.539,6921,10493
15801.444,6922,10494
15813.711,6923,10495
15820.73,6924,10495
15821.146,6925,10495
15831.414,6926,10495
15871.599,6927,10496
15874.789,6928,10496
15875.164,6929,10496
15885.446,6930,10496
15888.644,6931,10496
15889.783,6932,10496
15889.807,6933,10496
15903.549,6934,10496
15916.616,6935,10496
15920.692,6936,10497
15921.58,6937,10497
15922.942,6938,10498
15942.146,6939,10498
15956.024,6940,10498
15958.933,6941,10498
15971.886,6942,10498
15972.202,6943,10498
15976.366,6944,10498
15999.691,6945,10499
16000.482,6946,10501
16003.54,6947,10502
16018.477,6948,10503
16021.208,6949,10504
16021.71,6950,10504
16022.047,6951,10505
16022.612,6952,10507
16024.404,6953,10508
16030.782,6954,10508
16032.211,6955,10508
16032.36,6956,10508
16034.926,6957,10509
16036.393,6958,10509
16036.405,6959,10509
16037.556,6960,10509
16037.667,6961,10509
16038.26,6962,10509
16038.327,6963,10510
16038.456,6964,10510
16038.756,6965,10510
16041.175,6966,10511
16056.395,6967,10511
16056.655,6968,10511
16087.408,6969,10511
16087.461,6970,10511
16089.031,6971,10511
16098.708,6972,10511
16113.523,6973,10512
16119.736,6974,10512
16122.191,6975,10519
16122.245,6976,10520
16123.791,6977,10521
16124.291,6978,10521
16125.889,6979,10522
16127.656,6980,10522
16139.246,6981,10523
16139.527,6982,10523
16141.461,6983,10523
16145.496,6984,10523
16164.148,6985,10523
16166.104,6986,10523
16177.151,6987,10523
16177.23,6988,10523
16177.849,6989,10523
16178.014,6990,10523
16178.141,6991,10523
16178.906,6992,10524
16180.698,6993,10526
16180.751,6994,10527
16181.014,6995,10528
16183.954,6996,10528
16196.959,6997,10528
16197.31,6998,10529
16198.069,6999,10529
16198.334,7000,10529
16199.197,7001,10529
16226.072,7002,10529
16247.689,7003,10529
16248.262,7004,10530
16248.95,7005,10530
16256.362,7006,10531
16256.463,7007,10533
16256.854,7008,10535
16259.546,7009,10536
16260.7,7010,10537
16260.708,7011,10537
16262.261,7012,10537
16262.497,7013,10539
16263.714,7014,10539
16265.997,7015,10539
16279.662,7016,10539
16280.774,7017,10540
16286.008,7018,10545
16298.383,7019,10546
16299.498,7020,10548
16301.374,7021,10548
16302.766,7022,10549
16303.579,7023,10549
16309.847,7024,10549
16311.503,7025,10549
16321.236,7026,10549
16321.409,7027,10549
16321.936,7028,10550
16328.17,7029,10550
16334.119,7030,10550
16334.99,7031,10550
16336.27,7032,10553
16336.68,7033,10553
16337.557,7034,10553
16338.068,7035,10553
16339.571,7036,10553
16339.805,7037,10553
16340.387,7038,10553
16341.434,7039,10553
16344.251,7040,10553
16344.31,7041,10553
16350.914,7042,10555
16352.33,7043,10555
16355.664,7044,10555
16361.733,7045,10555
16362.648,7046,10556
16363.078,7047,10557
16363.602,7048,10558
16368.276,7049,10558
16378.239,7050,10559
16380.019,7051,10559
16383.848,7052,10559
16389.974,7053,10561
16398.202,7054,10561
16399.066,7055,10561
16407.3,7056,10561
16409.52,7057,10561
16410.0,7058,10561
16410.888,7059,10561
16411.209,7060,10561
16416.238,7061,10561
16418.521,7062,10561
16429.819,7063,10561
16430.068,7064,10561
16430.083,7065,10561
16458.036,7066,10561
16458.559,7067,10561
16459.426,7068,10561
16466.936,7069,10561
16467.099,7070,10561
16479.658,7071,10561
16491.405,7072,10561
16500.86,7073,10561
16500.884,7074,10561
16501.187,7075,10561
16501.887,7076,10561
16502.95,7077,10561
16503.481,7078,10561
16503.957,7079,10561
16504.008,7080,10561
16505.486,7081,10561
16505.68,7082,10561
16507.894,7083,10561
16508.377,7084,10561
16509.12,7085,10561
16509.16,7086,10561
16510.327,7087,10561
16510.346,7088,10561
16511.318,7089,10561
16511.723,7090,10561
16512.638,7091,10561
16526.384,7092,10561
16526.443,7093,10561
16526.665,7094,10567
16527.098,7095,10567
16527.679,7096,10567
16528.587,7097,10567
16529.416,7098,10568
16533.113,7099,10568
16533.483,7100,10568
16533.535,7101,10568
16534.543,7102,10568
16536.115,7103,10568
16544.801,7104,10568
16545.027,7105,10569
16551.887,7106,10569
16552.287,7107,10569
16553.226,7108,10571
16553.25,7109,10571
16553.696,7110,10571
16553.945,7111,10571
16554.048,7112,10571
16555.289,7113,10571
16556.019,7114,10573
16558.522,7115,10573
16558.666,7116,10573
16559.227,7117,10573
16560.351,7118,10573
16561.256,7119,10573
16565.941,7120,10573
16573.677,7121,10573
16573.736,7122,10573
16573.766,7123,10573
16575.73,7124,10573
16576.055,7125,10573
16580.219,7126,10573
16581.249,7127,10573
16584.05,7128,10580
16585.464,7129,10580
16587.01,7130,10580
16589.94,7131,10581
16593.77,7132,10581
16598.362,7133,10581
16599.735,7134,10581
16599.797,7135,10581
16601.694,7136,10581
16616.629,7137,10581
16618.628,7138,10581
16618.675,7139,10581
16634.386,7140,10581
16635.496,7141,10581
16637.932,7142,10581
16650.386,7143,10581
16658.167,7144,10581
16658.194,7145,10581
16692.171,7146,10584
16695.714,7147,10584
16700.396,7148,10585
16704.544,7149,10585
16721.693,7150,10585
16722.858,7151,10585
16732.805,7152,10585
16732.889,7153,10585
16737.551,7154,10585
16737.711,7155,10585
16738.201,7156,10585
16739.0,7157,10585
16740.09,7158,10585
16745.699,7159,10585
16748.569,7160,10585
16753.08,7161,10585
16773.448,7162,10585
16779.872,7163,10586
16787.673,7164,10586
16791.172,7165,10586
16792.948,7166,10586
16810.556,7167,10586
16815.204,7168,10586
16815.81,7169,10586
16819.18,7170,10587
16819.312,7171,10588
16819.726,7172,10591
16825.848,7173,10591
16827.925,7174,10591
16827.955,7175,10591
16828.0,7176,10591
16828.654,7177,10591
16828.73,7178,10591
16829.535,7179,10591
16829.662,7180,10591
16829.679,7181,10591
16829.718,7182,10591
16829.903,7183,10591
16830.326,7184,10591
16830.403,7185,10591
16830.478,7186,10591
16834.381,7187,10591
16835.255,7188,10591
16835.849,7189,10591
16837.208,7190,10591
16837.502,7191,10591
16842.236,7192,10592
16842.412,7193,10592
16842.846,7194,10592
16842.959,7195,10592
16844.308,7196,10592
16844.699,7197,10592
16845.141,7198,10592
16845.468,7199,10593
16845.933,7200,10593
16847.03,7201,10593
16847.068,7202,10593
16849.451,7203,10594
16869.499,7204,10594
16870.039,7205,10594
16870.507,7206,10594
16870.703,7207,10594
16870.905,7208,10594
16871.398,7209,10594
16872.267,7210,10594
16873.814,7211,10595
16874.65,7212,10595
16874.754,7213,10595
16875.408,7214,10595
16875.907,7215,10595
16876.402,7216,10595
16878.194,7217,10595
16879.253,7218,10595
16881.296,7219,10595
16882.42,7220,10596
16882.942,7221,10596
16887.078,7222,10596
16888.851,7223,10596
16889.127,7224,10596
16890.309,7225,10596
16892.982,7226,10596
16896.396,7227,10596
16901.246,7228,10596
16935.287,7229,10596
16936.547,7230,10596
16936.85,7231,10596
16937.84,7232,10596
16940.564,7233,10596
16940.738,7234,10596
16941.034,7235,10596
16948.374,7236,10596
16949.298,7237,10596
16966.777,7238,10596
17003.609,7239,10597
17012.696,7240,10597
17012.751,7241,10597
17026.418,7242,10597
17041.687,7243,10597
17043.308,7244,10597
17043.319,7245,10597
17043.341,7246,10597
17043.533,7247,10597
17051.155,7248,10597
17060.902,7249,10597
17089.206,7250,10597
17128.057,7251,10597
17128.085,7252,10597
17128.38,7253,10597
17128.633,7254,10597
17128.733,7255,10597
17153.322,7256,10597
17188.384,7257,10597
17197.493,7258,10597
17197.646,7259,10597
17209.385,7260,10597
17215.095,7261,10597
17220.012,7262,10598
17230.734,7263,10598
17230.828,7264,10598
17237.853,7265,10598
17238.022,7266,10599
17246.566,7267,10599
17258.38,7268,10599
17261.739,7269,10599
17261.902,7270,10599
17262.979,7271,10599
17264.064,7272,10599
17267.193,7273,10599
17272.909,7274,10599
17278.37,7275,10600
17291.187,7276,10602
17304.578,7277,10602
17305.84,7278,10603
17308.685,7279,10603
17319.874,7280,10603
17319.88,7281,10603
17320.639,7282,10603
17321.057,7283,10603
17323.908,7284,10605
17331.989,7285,10605
17333.572,7286,10606
17340.397,7287,10606
17343.508,7288,10606
17343.659,7289,10606
17345.464,7290,10606
17350.914,7291,10606
17351.221,7292,10606
17351.242,7293,10606
17366.851,7294,10606
17368.37,7295,10606
17372.207,7296,10606
17372.588,7297,10606
17372.626,7298,10606
17373.573,7299,10606
17373.642,7300,10606
17373.693,7301,10606
17373.943,7302,10606
17377.62,7303,10606
17386.23,7304,10606
17388.969,7305,10606
17396.373,7306,10606
17398.428,7307,10606
17402.985,7308,10606
17403.042,7309,10606
17403.759,7310,10606
17410.577,7311,10606
17411.251,7312,10606
17413.17,7313,10606
17416.421,7314,10606
17418.403,7315,10606
17419.915,7316,10606
17422.126,7317,10610
17422.163,7318,10610
17423.375,7319,10610
17429.276,7320,10610
17431.042,7321,10610
17432.851,7322,10610
17432.993,7323,10610
17447.203,7324,10610
17449.368,7325,10610
17449.8,7326,10610
17450.426,7327,10610
17453.01,7328,10610
17453.073,7329,10610
17453.974,7330,10610
17455.501,7331,10610
17457.631,7332,10610
17458.301,7333,10610
17460.264,7334,10610
17462.829,7335,10610
17463.843,7336,10610
17466.881,7337,10610
17467.184,7338,10610
17473.802,7339,10610
17478.686,7340,10610
17481.272,7341,10610
17490.267,7342,10611
17494.013,7343,10611
17494.227,7344,10612
17497.284,7345,10612
17510.62,7346,10612
17519.607,7347,10612
17526.023,7348,10612
17547.479,7349,10612
17551.512,7350,10612
17551.646,7351,10612
17553.149,7352,10612
17557.465,7353,10612
17575.801,7354,10612
17583.185,7355,10612
17583.39,7356,10612
17583.659,7357,10612
17584.491,7358,10612
17587.16,7359,10612
17587.505,7360,10612
17603.866,7361,10612
17605.366,7362,10612
17605.863,7363,10612
17606.08,7364,10612
17606.688,7365,10612
17608.153,7366,10612
17613.066,7367,10612
17615.321,7368,10612
17619.546,7369,10612
17626.101,7370,10614
17626.129,7371,10614
17626.187,7372,10614
17626.674,7373,10614
17628.245,7374,10614
17628.32,7375,10614
17628.34,7376,10614
17628.413,7377,10614
17628.671,7378,10614
17628.739,7379,10614
17629.732,7380,10614
17632.401,7381,10614
17632.508,7382,10614
17633.415,7383,10614
17634.163,7384,10614
17635.705,7385,10614
17636.748,7386,10614
17637.371,7387,10614
17637.852,7388,10614
17639.977,7389,10614
17640.014,7390,10614
17643.569,7391,10614
17643.942,7392,10614
17644.924,7393,10614
17645.476,7394,10614
17648.508,7395,10614
17653.272,7396,10614
17653.815,7397,10614
17653.85,7398,10614
17654.492,7399,10614
17654.639,7400,10614
17654.759,7401,10614
17655.4,7402,10614
17657.044,7403,10614
17657.88,7404,10614
17659.003,7405,10614
17661.858,7406,10614
17662.995,7407,10614
17665.737,7408,10614
17665.999,7409,10614
17668.531,7410,10614
17668.8,7411,10614
17668.853,7412,10614
17673.223,7413,10614
17676.828,7414,10614
17682.871,7415,10614
17683.322,7416,10614
17685.97,7417,10614
17686.001,7418,10614
17686.781,7419,10614
17688.366,7420,10614
17695.738,7421,10614
17696.513,7422,10614
17697.947,7423,10614
17701.814,7424,10614
17704.223,7425,10624
17706.331,7426,10624
17707.358,7427,10624
17708.033,7428,10624
17712.736,7429,10624
17713.244,7430,10624
17716.824,7431,10624
17716.879,7432,10624
17718.113,7433,10624
17720.731,7434,10624
17722.438,7435,10624
17722.678,7436,10624
17726.866,7437,10627
17731.818,7438,10627
17736.307,7439,10627
17736.841,7440,10627
17737.004,7441,10627
17739.181,7442,10627
17739.929,7443,10627
17748.48,7444,10627
17750.127,7445,10627
17751.469,7446,10627
17754.14,7447,10627
17772.068,7448,10627
17772.226,7449,10627
17773.101,7450,10627
17775.419,7451,10627
17779.307,7452,10627
17783.713,7453,10627
17786.853,7454,10627
17797.972,7455,10627
17816.746,7456,10627
17818.562,7457,10629
17818.922,7458,10629
17840.471,7459,10629
17841.792,7460,10630
17845.887,7461,10630
17845.973,7462,10630
17846.054,7463,10630
17852.688,7464,10630
17876.76,7465,10630
17880.803,7466,10631
17883.416,7467,10631
17883.557,7468,10631
17885.721,7469,10631
17890.342,7470,10631
17893.473,7471,10631
17920.512,7472,10632
17921.151,7473,10632
17921.422,7474,10633
17926.785,7475,10633
17941.252,7476,10633
17941.85,7477,10634
17941.913,7478,10634
17941.944,7479,10634
17942.312,7480,10634
17946.607,7481,10634
17949.339,7482,10634
17955.138,7483,10634
17965.153,7484,10634
17965.187,7485,10634
17970.641,7486,10635
17973.221,7487,10635
17986.913,7488,10635
17990.833,7489,10635
17991.052,7490,10635
18000.013,7491,10635
18001.229,7492,10635
18014.903,7493,10636
18024.063,7494,10636
18027.067,7495,10636
18039.345,7496,10637
18051.452,7497,10637
18059.378,7498,10637
18060.476,7499,10637
18073.469,7500,10637
18088.913,7501,10638
18089.3,7502,10640
18089.726,7503,10640
18097.801,7504,10641
18104.002,7505,10641
18105.75,7506,10641
18121.803,7507,10641
18121.846,7508,10641
18122.003,7509,10641
18123.849,7510,10641
18124.602,7511,10641
18125.055,7512,10641
18158.169,7513,10641
18162.985,7514,10641
18173.422,7515,10641
18177.447,7516,10641
18177.547,7517,10641
18178.829,7518,10641
18184.838,7519,10641
18192.606,7520,10641
18206.814,7521,10641
18207.814,7522,10641
18211.086,7523,10641
18219.764,7524,10643
18226.185,7525,10643
18229.946,7526,10643
18239.381,7527,10643
18248.561,7528,10643
18255.652,7529,10643
18261.512,7530,10643
18268.479,7531,10643
18268.9,7532,10643
18268.97,7533,10646
18279.91,7534,10646
18307.243,7535,10647
18311.404,7536,10647
18312.797,7537,10652
18321.688,7538,10652
18321.864,7539,10652
18346.006,7540,10653
18346.111,7541,10653
18360.02,7542,10653
18360.034,7543,10653
18392.74,7544,10653
18393.951,7545,10653
18394.47,7546,10653
18402.94,7547,10653
18440.802,7548,10653
18440.912,7549,10653
18440.984,7550,10654
18442.93,7551,10654
18446.762,7552,10654
18467.937,7553,10654
18504.534,7554,10655
18537.508,7555,10655
18541.574,7556,10656
18541.823,7557,10656
18548.363,7558,10656
18570.127,7559,10656
18570.276,7560,10656
18576.86,7561,10656
18581.272,7562,10656
18581.429,7563,10656
18597.14,7564,10656
18597.583,7565,10656
18602.178,7566,10656
18653.288,7567,10656
18660.369,7568,10658
18660.384,7569,10658
18678.267,7570,10658
18678.792,7571,10658
18684.415,7572,10659
18684.721,7573,10659
18684.801,7574,10659
18686.822,7575,10662
18687.611,7576,10664
18690.913,7577,10664
18694.05,7578,10667
18704.341,7579,10667
18704.36,7580,10670
18705.357,7581,10670
18706.288,7582,10670
18707.32,7583,10670
18711.078,7584,10673
18713.703,7585,10673
18713.964,7586,10673
18715.98,7587,10675
18717.999,7588,10676
18719.164,7589,10676
18719.585,7590,10676
18729.362,7591,10676
18729.455,7592,10676
18730.191,7593,10676
18731.975,7594,10676
18734.573,7595,10676
18736.189,7596,10676
18746.065,7597,10677
18752.148,7598,10677
18755.945,7599,10677
18793.665,7600,10679
18805.393,7601,10679
18806.247,7602,10679
18809.685,7603,10679
18823.027,7604,10679
18823.254,7605,10679
18827.836,7606,10679
18841.306,7607,10679
18841.374,7608,10680
18844.625,7609,10680
18846.547,7610,10681
18855.5,7611,10681
18857.123,7612,10681
18884.733,7613,10681
18885.492,7614,10681
18896.282,7615,10681
18899.026,7616,10681
18902.132,7617,10682
18927.386,7618,10682
18934.096,7619,10684
18948.136,7620,10684
18953.315,7621,10684
18975.013,7622,10684
18984.131,7623,10684
18984.318,7624,10684
18984.968,7625,10685
18987.788,7626,10685
18990.867,7627,10685
19001.52,7628,10685
19004.785,7629,10685
19016.35,7630,10685
19018.875,7631,10685
19020.161,7632,10685
19020.524,7633,10685
19030.257,7634,10685
19043.029,7635,10686
19043.411,7636,10687
19043.514,7637,10688
19045.785,7638,10689
19051.294,7639,10690
19055.894,7640,10690
19064.125,7641,10690
19064.146,7642,10690
19072.59,7643,10691
19073.99,7644,10691
19076.463,7645,10691
19085.789,7646,10691
19086.914,7647,10691
19089.05,7648,10691
19089.245,7649,10691
19090.894,7650,10691
19090.921,7651,10691
19101.072,7652,10691
19103.116,7653,10691
19108.412,7654,10692
19131.385,7655,10692
19131.412,7656,10692
19143.47,7657,10692
19143.699,7658,10693
19144.48,7659,10693
19154.169,7660,10694
19155.833,7661,10694
19159.694,7662,10694
19160.05,7663,10694
19160.967,7664,10694
19179.158,7665,10694
19189.524,7666,10694
19189.682,7667,10695
19202.808,7668,10695
19203.041,7669,10695
19204.279,7670,10695
19207.735,7671,10695
19208.738,7672,10695
19209.427,7673,10695
19217.697,7674,10698
19221.179,7675,10699
19226.895,7676,10699
19228.158,7677,10700
19260.166,7678,10700
19261.143,7679,10701
19268.362,7680,10701
19277.622,7681,10701
19279.905,7682,10703
19298.147,7683,10703
19305.542,7684,10703
19306.097,7685,10707
19306.904,7686,10707
19319.777,7687,10708
19325.722,7688,10708
19330.526,7689,10708
19332.654,7690,10708
19342.352,7691,10708
19345.946,7692,10708
19348.169,7693,10708
19385.354,7694,10708
19385.778,7695,10708
19398.987,7696,10708
19400.965,7697,10708
19405.503,7698,10708
19411.596,7699,10709
19413.79,7700,10709
19430.409,7701,10709
19441.355,7702,10709
19441.409,7703,10709
19441.544,7704,10709
19441.722,7705,10709
19441.778,7706,10709
19442.007,7707,10709
19442.778,7708,10709
19443.849,7709,10709
19446.246,7710,10709
19449.564,7711,10709
19450.188,7712,10709
19454.184,7713,10709
19465.457,7714,10709
19465.656,7715,10709
19466.25,7716,10709
19468.212,7717,10709
19474.741,7718,10709
19478.832,7719,10709
19488.859,7720,10709
19489.168,7721,10709
19496.346,7722,10709
19509.002,7723,10709
19517.809,7724,10709
19524.718,7725,10709
19533.115,7726,10710
19545.638,7727,10711
19546.082,7728,10711
19547.887,7729,10711
19553.372,7730,10712
19588.933,7731,10712
19589.849,7732,10713
19603.758,7733,10713
19609.819,7734,10713
19610.848,7735,10715
19636.239,7736,10715
19647.562,7737,10715
19660.208,7738,10715
19667.488,7739,10719
19683.373,7740,10719
19687.65,7741,10719
19717.603,7742,10719
19747.174,7743,10719
19752.021,7744,10722
19752.221,7745,10722
19761.956,7746,10722
19763.406,7747,10722
19763.748,7748,10722
19764.433,7749,10722
19793.258,7750,10724
19794.784,7751,10724
19814.962,7752,10724
19823.698,7753,10724
19838.707,7754,10724
19838.959,7755,10724
19841.5,7756,10725
19843.812,7757,10725
19850.772,7758,10725
19861.212,7759,10725
19861.916,7760,10725
19865.491,7761,10726
19873.611,7762,10727
19877.062,7763,10727
19890.361,7764,10727
19935.785,7765,10727
19965.64,7766,10727
19971.439,7767,10727
19982.06,7768,10727
19982.274,7769,10727
19982.531,7770,10728
19983.744,7771,10728
20013.724,7772,10731
20016.6,7773,10732
20024.163,7774,10732
20032.79,7775,10737
20041.48,7776,10738
20058.117,7777,10738
20075.181,7778,10738
20075.448,7779,10738
20075.874,7780,10738
20081.412,7781,10738
20087.201,7782,10738
20087.24,7783,10738
20094.298,7784,10739
20107.299,7785,10739
20107.421,7786,10739
20124.284,7787,10740
20132.16,7788,10740
20142.038,7789,10740
20168.852,7790,10742
20176.351,7791,10742
20178.014,7792,10744
20196.733,7793,10744
20227.456,7794,10745
20228.669,7795,10746
20229.759,7796,10746
20240.607,7797,10746
20248.065,7798,10746
20271.786,7799,10746
20280.408,7800,10746
20280.503,7801,10746
20281.279,7802,10747
20288.313,7803,10747
20288.517,7804,10747
20299.323,7805,10747
20299.953,7806,10747
20302.495,7807,10747
20302.526,7808,10747
20306.818,7809,10747
20307.288,7810,10747
20307.56,7811,10747
20312.712,7812,10751
20314.927,7813,10751
20322.714,7814,10751
20324.628,7815,10751
20326.292,7816,10751
20326.501,7817,10751
20326.901,7818,10751
20328.181,7819,10751
20328.358,7820,10751
20336.119,7821,10751
20347.149,7822,10751
20355.337,7823,10751
20360.963,7824,10751
20364.289,7825,10753
20364.666,7826,10753
20364.755,7827,10754
20364.856,7828,10754
20366.302,7829,10754
20366.89,7830,10754
20374.681,7831,10754
20393.428,7832,10755
20400.24,7833,10755
20401.006,7834,10755
20412.437,7835,10755
20412.791,7836,10755
20413.023,7837,10755
20437.631,7838,10755
20446.953,7839,10755
20450.892,7840,10755
20467.368,7841,10755
20480.089,7842,10756
20481.882,7843,10756
20482.417,7844,10756
20482.56,7845,10756
20484.723,7846,10756
20489.255,7847,10756
20490.901,7848,10756
20493.396,7849,10756
20543.604,7850,10756
20551.885,7851,10756
20566.482,7852,10756
20573.542,7853,10756
20583.442,7854,10756
20585.509,7855,10758
20608.045,7856,10758
20609.157,7857,10758
20636.201,7858,10759
20642.969,7859,10761
20650.041,7860,10761
20650.17,7861,10763
20659.761,7862,10763
20659.924,7863,10763
20660.276,7864,10763
20660.523,7865,10763
20660.75,7866,10763
20680.835,7867,10763
20713.604,7868,10763
20718.027,7869,10763
20718.117,7870,10763
20718.904,7871,10763
20764.649,7872,10763
20769.867,7873,10763
20777.682,7874,10763
20785.193,7875,10766
20797.454,7876,10767
20802.213,7877,10767
20808.575,7878,10767
20814.207,7879,10767
20815.162,7880,10767
20844.172,7881,10767
20844.374,7882,10768
20846.49,7883,10768
20861.711,7884,10768
20861.837,7885,10768
20871.573,7886,10769
20874.858,7887,10769
20881.844,7888,10769
20883.433,7889,10770
20884.399,7890,10770
20930.403,7891,10770
20940.672,7892,10770
20942.006,7893,10770
20942.539,7894,10770
20946.197,7895,10770
20970.631,7896,10770
20971.8,7897,10770
20975.238,7898,10771
21020.799,7899,10771
21023.052,7900,10771
21038.146,7901,10771
21055.868,7902,10771
21062.137,7903,10771
21062.22,7904,10771
21068.179,7905,10771
21080.056,7906,10771
21094.636,7907,10771
21095.889,7908,10771
21096.107,7909,10771
21116.693,7910,10771
21122.76,7911,10772
21148.801,7912,10772
21152.198,7913,10772
21173.57,7914,10773
21177.928,7915,10773
21178.396,7916,10773
21179.909,7917,10773
21181.512,7918,10775
21225.251,7919,10775
21226.251,7920,10776
21234.237,7921,10776
21234.366,7922,10776
21234.803,7923,10776
21235.211,7924,10776
21235.463,7925,10776
21245.052,7926,10779
21265.851,7927,10783
21290.957,7928,10783
21308.835,7929,10783
21317.85,7930,10783
21317.895,7931,10783
21318.105,7932,10783
21318.379,7933,10783
21318.801,7934,10783
21318.888,7935,10783
21319.059,7936,10783
21319.774,7937,10783
21320.514,7938,10783
21323.486,7939,10783
21323.602,7940,10784
21325.766,7941,10784
21327.193,7942,10784
21328.346,7943,10784
21348.677,7944,10784
21358.031,7945,10784
21358.111,7946,10784
21358.18,7947,10784
21382.261,7948,10784
21383.235,7949,10784
21383.926,7950,10784
21384.211,7951,10784
21384.447,7952,10784
21389.146,7953,10784
21390.511,7954,10784
21391.99,7955,10784
21393.78,7956,10784
21425.413,7957,10784
21425.582,7958,10784
21425.622,7959,10784
21426.432,7960,10784
21426.628,7961,10784
21426.934,7962,10784
21426.955,7963,10784
21427.098,7964,10784
21427.906,7965,10784
21428.089,7966,10784
21428.807,7967,10784
21430.362,7968,10784
21430.414,7969,10784
21430.606,7970,10784
21431.642,7971,10784
21433.146,7972,10784
21433.336,7973,10784
21433.949,7974,10784
21434.621,7975,10784
21435.122,7976,10784
21435.443,7977,10784
21436.059,7978,10784
21436.359,7979,10784
21437.141,7980,10784
21437.165,7981,10784
21439.967,7982,10784
21440.788,7983,10784
21443.299,7984,10784
21445.168,7985,10784
21445.669,7986,10784
21446.15,7987,10784
21454.799,7988,10784
21454.877,7989,10784
21468.799,7990,10784
21468.828,7991,10784
21472.031,7992,10784
21486.762,7993,10785
21487.246,7994,10785
21523.354,7995,10785
21524.161,7996,10785
21524.302,7997,10785
21536.282,7998,10785
21536.295,7999,10785
21536.308,8000,10785
21559.115,8001,10785
21563.641,8002,10785
21563.882,8003,10785
21565.85,8004,10785
21569.04,8005,10785
21569.476,8006,10785
21575.127,8007,10785
21576.79,8008,10785
21587.09,8009,10785
21602.404,8010,10785
21604.333,8011,10785
21605.852,8012,10785
21609.076,8013,10785
21619.864,8014,10786
21621.335,8015,10787
21628.858,8016,10788
21629.988,8017,10788
21630.798,8018,10788
21631.123,8019,10788
21631.195,8020,10788
21631.436,8021,10788
21632.13,8022,10788
21652.076,8023,10788
21652.628,8024,10790
21652.803,8025,10790
21652.861,8026,10790
21653.023,8027,10790
21671.324,8028,10790
21679.413,8029,10791
21681.793,8030,10792
21693.821,8031,10792
21694.411,8032,10792
21699.389,8033,10793
21701.312,8034,10793
21701.983,8035,10793
21716.049,8036,10794
21716.222,8037,10794
21728.072,8038,10798
21728.482,8039,10798
21728.749,8040,10799
21728.761,8041,10799
21728.795,8042,10799
21728.802,8043,10799
21728.809,8044,10800
21728.954,8045,10801
21729.057,8046,10801
21729.213,8047,10801
21729.415,8048,10801
21729.564,8049,10801
21729.724,8050,10801
21730.04,8051,10803
21730.994,8052,10803
21732.706,8053,10803
21733.585,8054,10803
21747.939,8055,10803
21749.141,8056,10803
21751.593,8057,10803
21767.075,8058,10803
21767.852,8059,10803
21769.107,8060,10803
21770.939,8061,10803
21771.433,8062,10803
21771.746,8063,10803
21772.149,8064,10803
21783.446,8065,10803
21822.892,8066,10803
21823.036,8067,10803
21823.4,8068,10803
21823.953,8069,10803
21838.791,8070,10803
21839.515,8071,10803
21840.709,8072,10803
21841.065,8073,10804
21842.194,8074,10804
21846.0,8075,10804
21847.37,8076,10804
21872.591,8077,10806
21872.672,8078,10807
21873.402,8079,10807
21874.31,8080,10807
21877.656,8081,10807
21877.77,8082,10807
21878.023,8083,10807
21909.872,8084,10807
21910.148,8085,10807
21910.362,8086,10807
21910.455,8087,10807
21911.754,8088,10808
21912.237,8089,10810
21913.385,8090,10810
21914.127,8091,10810
21916.562,8092,10810
21918.181,8093,10810
21920.142,8094,10810
21927.221,8095,10811
21928.745,8096,10811
21929.043,8097,10812
21943.363,8098,10814
21982.829,8099,10814
22037.119,8100,10814
22055.137,8101,10814
22055.241,8102,10814
22055.356,8103,10814
22055.979,8104,10814
22056.345,8105,10814
22058.114,8106,10814
22061.834,8107,10814
22075.668,8108,10814
22099.283,8109,10814
22154.114,8110,10814
22155.018,8111,10818
22157.155,8112,10819
22169.313,8113,10819
22169.599,8114,10820
22169.773,8115,10820
22188.081,8116,10820
22210.322,8117,10820
22219.711,8118,10820
22230.472,8119,10820
22230.831,8120,10820
22232.565,8121,10820
22235.924,8122,10820
22241.044,8123,10820
22241.1,8124,10820
22241.308,8125,10820
22243.407,8126,10820
22244.818,8127,10820
22247.537,8128,10820
22262.222,8129,10820
22267.714,8130,10820
22282.401,8131,10820
22282.53,8132,10820
22283.001,8133,10820
22283.082,8134,10820
22298.628,8135,10820
22310.73,8136,10820
22315.331,8137,10820
22315.745,8138,10821
22315.845,8139,10821
22331.632,8140,10821
22344.717,8141,10821
22347.465,8142,10821
22348.193,8143,10821
22356.854,8144,10823
22374.016,8145,10823
22374.336,8146,10823
22380.07,8147,10823
22381.401,8148,10824
22382.05,8149,10824
22383.743,8150,10824
22390.24,8151,10825
22402.829,8152,10825
22409.868,8153,10825
22426.147,8154,10825
22442.117,8155,10825
22455.67,8156,10825
22470.386,8157,10825
22488.87,8158,10826
22494.076,8159,10826
22494.339,8160,10826
22496.221,8161,10830
22497.826,8162,10830
22498.208,8163,10830
22500.385,8164,10830
22505.996,8165,10830
22506.018,8166,10830
22507.566,8167,10830
22512.016,8168,10830
22512.045,8169,10830
22520.15,8170,10830
22522.351,8171,10830
22531.924,8172,10830
22532.116,8173,10830
22532.202,8174,10830
22532.894,8175,10830
22543.043,8176,10830
22556.105,8177,10830
22556.125,8178,10830
22556.29,8179,10830
22556.307,8180,10830
22556.32,8181,10830
22556.335,8182,10830
22556.408,8183,10830
22556.429,8184,10830
22556.449,8185,10830
22556.524,8186,10830
22556.538,8187,10830
22556.605,8188,10830
22556.655,8189,10830
22556.745,8190,10830
22556.774,8191,10830
22556.806,8192,10830
22556.903,8193,10830
22557.014,8194,10830
22557.024,8195,10830
22557.105,8196,10830
22557.394,8197,10830
22557.629,8198,10830
22557.734,8199,10830
22559.122,8200,10830
22559.986,8201,10830
22561.24,8202,10830
22561.346,8203,10830
22561.632,8204,10830
22563.297,8205,10830
22564.93,8206,10830
22583.144,8207,10832
22603.293,8208,10832
22603.342,8209,10832
22605.141,8210,10832
22605.494,8211,10832
22611.155,8212,10832
22628.407,8213,10832
22633.993,8214,10832
22664.816,8215,10833
22687.491,8216,10833
22687.678,8217,10835
22687.917,8218,10835
22687.926,8219,10836
22688.946,8220,10836
22695.156,8221,10836
22695.208,8222,10836
22697.509,8223,10836
22698.076,8224,10836
22698.127,8225,10836
22704.34,8226,10836
22706.217,8227,10836
22712.295,8228,10837
22726.472,8229,10837
22726.862,8230,10837
22751.07,8231,10837
22774.766,8232,10838
22782.113,8233,10838
22823.028,8234,10838
22823.466,8235,10838
22825.051,8236,10838
22829.511,8237,10838
22831.72,8238,10838
22831.913,8239,10838
22833.5,8240,10838
22863.65,8241,10839
22872.297,8242,10839
22872.306,8243,10839
22872.61,8244,10839
22872.98,8245,10839
22887.766,8246,10839
22902.22,8247,10839
22902.448,8248,10839
22923.309,8249,10840
22926.711,8250,10840
22926.921,8251,10840
22927.219,8252,10840
22943.506,8253,10840
22949.267,8254,10840
22949.786,8255,10840
22954.37,8256,10840
22957.012,8257,10841
22966.985,8258,10842
22968.549,8259,10842
22987.166,8260,10842
22987.217,8261,10842
22989.875,8262,10842
23009.054,8263,10842
23023.36,8264,10842
23023.79,8265,10844
23024.085,8266,10844
23024.47,8267,10844
23025.667,8268,10844
23038.632,8269,10844
23039.042,8270,10844
23039.122,8271,10844
23041.248,8272,10844
23041.311,8273,10844
23041.323,8274,10844
23041.847,8275,10846
23042.437,8276,10847
23045.243,8277,10847
23045.544,8278,10847
23062.923,8279,10853
23087.564,8280,10854
23112.875,8281,10854
23113.725,8282,10855
23118.783,8283,10855
23141.178,8284,10855
23157.74,8285,10856
23157.87,8286,10857
23158.387,8287,10857
23164.727,8288,10858
23166.228,8289,10858
23166.255,8290,10858
23166.282,8291,10858
23166.31,8292,10858
23166.339,8293,10858
23166.431,8294,10858
23166.534,8295,10858
23166.635,8296,10858
23166.76,8297,10858
23167.209,8298,10858
23167.232,8299,10858
23167.925,8300,10858
23168.561,8301,10858
23168.693,8302,10858
23171.401,8303,10858
23173.507,8304,10858
23175.758,8305,10858
23185.494,8306,10861
23185.787,8307,10861
23236.778,8308,10861
23240.119,8309,10861
23249.932,8310,10863
23270.251,8311,10863
23290.925,8312,10863
23306.681,8313,10864
23328.305,8314,10864
23342.022,8315,10864
23359.052,8316,10872
23362.552,8317,10872
23363.485,8318,10872
23387.89,8319,10872
23391.323,8320,10872
23393.374,8321,10872
23393.984,8322,10873
23425.262,8323,10873
23425.412,8324,10873
23425.482,8325,10873
23441.49,8326,10874
23442.674,8327,10874
23494.017,8328,10874
23503.054,8329,10874
23518.518,8330,10875
23536.72,8331,10877
23559.786,8332,10877
23608.604,8333,10877
23609.563,8334,10877
23632.915,8335,10877
23652.411,8336,10880
23657.331,8337,10880
23658.764,8338,10880
23684.11,8339,10880
23694.097,8340,10880
23718.463,8341,10880
23754.395,8342,10881
23836.694,8343,10881
23849.113,8344,10885
23866.011,8345,10886
23900.408,8346,10886
23930.005,8347,10886
23947.649,8348,10886
23947.993,8349,10886
23949.065,8350,10886
23993.631,8351,10886
24020.298,8352,10886
24047.054,8353,10886
24054.207,8354,10886
24062.315,8355,10886
24065.098,8356,10886
24065.384,8357,10886
24072.768,8358,10886
24073.187,8359,10886
24096.046,8360,10886
24116.241,8361,10886
24145.243,8362,10886
24235.461,8363,10886
24235.532,8364,10886
24245.118,8365,10887
24249.251,8366,10888
24392.25,8367,10888
24412.758,8368,10888
24433.617,8369,10888
24439.82,8370,10888
24450.092,8371,10888
24450.367,8372,10888
24451.558,8373,10888
24476.974,8374,10888
24500.93,8375,10888
24501.013,8376,10888
24514.987,8377,10888
24521.217,8378,10888
24521.25,8379,10888
24523.395,8380,10888
24523.852,8381,10888
24524.43,8382,10888
24524.579,8383,10888
24526.607,8384,10888
24574.588,8385,10889
24581.577,8386,10890
24599.093,8387,10890
24623.146,8388,10890
24629.196,8389,10891
24629.374,8390,10892
24636.112,8391,10892
24649.504,8392,10892
24649.785,8393,10895
24664.166,8394,10895
24689.867,8395,10895
24732.577,8396,10895
24757.6,8397,10897
24757.922,8398,10897
24758.328,8399,10897
24766.14,8400,10897
24772.349,8401,10897
24780.735,8402,10897
24828.062,8403,10897
24871.863,8404,10898
24872.058,8405,10899
24872.583,8406,10899
24874.76,8407,10900
24874.86,8408,10902
24886.045,8409,10902
24904.567,8410,10902
24914.014,8411,10903
24947.728,8412,10904
24955.63,8413,10904
24967.946,8414,10906
24973.735,8415,10906
24981.734,8416,10906
25002.398,8417,10906
25057.39,8418,10907
25078.505,8419,10907
25104.532,8420,10908
25104.845,8421,10909
25105.317,8422,10910
25154.795,8423,10910
25190.971,8424,10912
25226.618,8425,10912
25243.907,8426,10912
25291.668,8427,10912
25296.03,8428,10912
25296.6,8429,10913
25297.287,8430,10913
25298.595,8431,10915
25299.672,8432,10917
25302.361,8433,10917
25303.16,8434,10917
25306.897,8435,10918
25366.101,8436,10918
25367.13,8437,10918
25373.421,8438,10918
25404.707,8439,10918
25440.739,8440,10918
25440.747,8441,10918
25440.757,8442,10918
25470.254,8443,10920
25531.91,8444,10920
25557.684,8445,10921
25567.571,8446,10922
25572.91,8447,10922
25581.673,8448,10922
25604.552,8449,10922
25605.286,8450,10922
25626.226,8451,10922
25672.239,8452,10922
25674.538,8453,10922
25674.694,8454,10922
25709.352,8455,10923
25713.389,8456,10925
25713.988,8457,10925
25716.518,8458,10925
25719.784,8459,10925
25722.552,8460,10925
25723.807,8461,10925
25724.955,8462,10925
25725.716,8463,10925
25725.783,8464,10925
25728.466,8465,10925
25733.166,8466,10925
25762.829,8467,10925
25767.913,8468,10925
25785.798,8469,10926
25827.347,8470,10926
25887.034,8471,10926
25966.68,8472,10926
25976.026,8473,10926
26009.195,8474,10926
26018.93,8475,10926
26036.339,8476,10927
26036.708,8477,10929
26051.382,8478,10929
26081.784,8479,10929
26140.962,8480,10929
26140.993,8481,10929
26165.871,8482,10929
26166.022,8483,10930
26191.327,8484,10930
26192.994,8485,10931
26193.121,8486,10932
26193.452,8487,10934
26198.448,8488,10934
26201.615,8489,10935
26247.131,8490,10935
26267.18,8491,10935
26272.922,8492,10935
26308.958,8493,10935
26356.809,8494,10935
26361.728,8495,10936
26394.039,8496,10936
26399.017,8497,10937
26403.89,8498,10938
26403.944,8499,10941
26405.454,8500,10941
26405.463,8501,10941
26406.262,8502,10941
26406.969,8503,10942
26408.435,8504,10942
26409.734,8505,10942
26410.461,8506,10943
26429.848,8507,10943
26429.967,8508,10943
26469.915,8509,10944
26473.817,8510,10944
26514.06,8511,10944
26542.356,8512,10944
26544.714,8513,10944
26545.242,8514,10944
26546.071,8515,10944
26556.274,8516,10944
26569.451,8517,10944
26595.254,8518,10944
26595.54,8519,10944
26647.064,8520,10944
26676.533,8521,10945
26684.764,8522,10945
26699.721,8523,10945
26748.172,8524,10945
26748.19,8525,10945
26770.881,8526,10945
26777.989,8527,10945
26808.497,8528,10946
26819.539,8529,10946
26824.982,8530,10946
26861.165,8531,10946
26862.198,8532,10947
26887.849,8533,10947
26907.307,8534,10947
26907.507,8535,10947
26918.953,8536,10948
26919.021,8537,10949
26919.593,8538,10950
26919.615,8539,10951
26920.448,8540,10952
26921.593,8541,10952
26921.658,8542,10952
26926.19,8543,10953
26927.986,8544,10954
26930.229,8545,10955
26935.224,8546,10955
26935.419,8547,10955
26936.207,8548,10956
26937.897,8549,10956
26942.397,8550,10956
26942.493,8551,10956
26943.452,8552,10958
26945.435,8553,10958
26951.612,8554,10959
26980.34,8555,10959
26990.149,8556,10960
26990.961,8557,10960
27001.466,8558,10960
27019.453,8559,10960
27019.986,8560,10960
27020.155,8561,10960
27028.906,8562,10963
27029.057,8563,10964
27046.506,8564,10964
27059.936,8565,10965
27062.711,8566,10965
27068.19,8567,10965
27068.726,8568,10965
27069.086,8569,10965
27069.255,8570,10965
27071.118,8571,10965
27072.567,8572,10965
27074.066,8573,10965
27076.202,8574,10965
27078.23,8575,10965
27078.724,8576,10965
27080.409,8577,10965
27085.992,8578,10977
27094.446,8579,10977
27095.27,8580,10977
27096.328,8581,10978
27096.728,8582,10978
27097.475,8583,10979
27097.591,8584,10979
27099.12,8585,10979
27099.778,8586,10979
27099.823,8587,10980
27102.093,8588,10980
27102.691,8589,10980
27103.711,8590,10980
27117.808,8591,10980
27133.985,8592,10980
27134.618,8593,10980
27141.754,8594,10980
27150.167,8595,10980
27160.203,8596,10980
27175.48,8597,10980
27175.589,8598,10980
27205.633,8599,10980
27205.781,8600,10980
27205.917,8601,10980
27206.016,8602,10980
27206.795,8603,10980
27206.847,8604,10980
27207.473,8605,10980
27210.866,8606,10980
27211.934,8607,10980
27226.777,8608,10980
27250.276,8609,10980
27254.936,8610,10980
27255.328,8611,10980
27269.757,8612,10980
27274.861,8613,10981
27304.708,8614,10981
27304.994,8615,10982
27307.838,8616,10982
27308.324,8617,10982
27310.102,8618,10982
27311.278,8619,10982
27312.435,8620,10982
27313.078,8621,10982
27328.71,8622,10982
27363.087,8623,10982
27363.257,8624,10982
27363.55,8625,10982
27364.854,8626,10982
27371.411,8627,10982
27371.448,8628,10982
27375.672,8629,10982
27376.863,8630,10982
27388.756,8631,10982
27389.616,8632,10982
27389.639,8633,10982
27405.376,8634,10982
27406.193,8635,10982
27408.128,8636,10982
27409.84,8637,10982
27411.365,8638,10982
27456.789,8639,10982
27457.291,8640,10982
27457.45,8641,10982
27459.446,8642,10982
27459.93,8643,10982
27461.984,8644,10982
27466.537,8645,10982
27466.706,8646,10983
27488.87,8647,10983
27488.972,8648,10983
27496.646,8649,10984
27498.007,8650,10985
27501.93,8651,10985
27515.128,8652,10989
27547.658,8653,10989
27565.285,8654,10989
27575.528,8655,10989
27576.988,8656,10989
27577.048,8657,10989
27580.575,8658,10989
27586.426,8659,10989
27586.953,8660,10989
27587.023,8661,10989
27587.857,8662,10989
27587.921,8663,10989
27587.981,8664,10989
27588.254,8665,10989
27588.828,8666,10989
27589.441,8667,10989
27594.516,8668,10989
27595.382,8669,10989
27607.936,8670,10990
27608.798,8671,10990
27619.911,8672,10991
27620.267,8673,10992
27629.355,8674,10993
27630.838,8675,10993
27648.975,8676,10994
27662.6,8677,10994
27662.893,8678,10995
27663.036,8679,10996
27663.976,8680,10997
27665.282,8681,10998
27665.555,8682,10999
27667.784,8683,11000
27669.234,8684,11001
27669.242,8685,11002
27688.526,8686,11002
27688.535,8687,11002
27691.886,8688,11002
27691.996,8689,11003
27693.115,8690,11005
27694.477,8691,11006
27694.721,8692,11006
27695.243,8693,11007
27696.053,8694,11008
27707.413,8695,11008
27714.876,8696,11008
27723.366,8697,11009
27723.68,8698,11009
27723.685,8699,11009
27723.953,8700,11010
27740.063,8701,11010
27744.194,8702,11013
27744.234,8703,11026
27745.893,8704,11030
27746.495,8705,11030
27750.685,8706,11038
27750.817,8707,11038
27751.042,8708,11038
27753.741,8709,11038
27773.39,8710,11038
27792.737,8711,11038
27794.149,8712,11039
27799.665,8713,11042
27799.678,8714,11049
27799.804,8715,11049
27799.869,8716,11049
27800.188,8717,11051
27800.286,8718,11051
27800.554,8719,11052
27802.087,8720,11055
27802.49,8721,11055
27803.841,8722,11055
27803.939,8723,11057
27804.912,8724,11057
27812.291,8725,11057
27813.681,8726,11057
27813.758,8727,11057
27814.276,8728,11058
27814.509,8729,11058
27815.595,8730,11058
27816.931,8731,11058
27817.582,8732,11060
27819.337,8733,11062
27819.81,8734,11062
27820.355,8735,11062
27845.435,8736,11063
27845.674,8737,11063
27854.173,8738,11063
27854.678,8739,11063
27860.219,8740,11063
27868.846,8741,11063
27875.59,8742,11063
27908.489,8743,11063
27935.861,8744,11063
27960.358,8745,11063
27961.234,8746,11063
27961.33,8747,11063
27962.292,8748,11063
27964.271,8749,11063
27964.345,8750,11065
27964.362,8751,11065
27965.22,8752,11065
27965.269,8753,11065
27965.326,8754,11065
27966.904,8755,11065
27969.204,8756,11066
27978.966,8757,11067
27979.893,8758,11067
27979.93,8759,11067
27980.287,8760,11067
27981.442,8761,11067
27990.436,8762,11067
28000.731,8763,11067
28038.232,8764,11067
28048.072,8765,11067
28050.17,8766,11069
28068.211,8767,11069
28089.913,8768,11069
28095.927,8769,11069
28136.718,8770,11069
28149.462,8771,11069
28163.607,8772,11069
28180.522,8773,11069
28190.0,8774,11070
28198.687,8775,11070
28211.94,8776,11070
28226.61,8777,11070
28227.76,8778,11070
28227.946,8779,11070
28228.707,8780,11070
28230.421,8781,11070
28233.612,8782,11070
28235.605,8783,11070
28237.801,8784,11070
28241.502,8785,11070
28242.164,8786,11070
28246.208,8787,11070
28248.176,8788,11070
28267.562,8789,11070
28269.516,8790,11070
28270.907,8791,11070
28271.558,8792,11070
28272.917,8793,11070
28274.336,8794,11070
28275.431,8795,11070
28277.382,8796,11070
28278.664,8797,11070
28286.041,8798,11070
28287.08,8799,11070
28314.284,8800,11070
28325.693,8801,11070
28338.073,8802,11070
28338.31,8803,11070
28345.061,8804,11070
28355.121,8805,11070
28356.743,8806,11070
28356.947,8807,11070
28376.354,8808,11071
28376.898,8809,11074
28381.148,8810,11077
28383.712,8811,11078
28404.496,8812,11078
28412.793,8813,11078
28414.698,8814,11078
28429.116,8815,11078
28430.176,8816,11078
28431.186,8817,11088
28433.152,8818,11089
28461.488,8819,11089
28462.237,8820,11090
28462.585,8821,11090
28463.745,8822,11090
28467.836,8823,11090
28508.873,8824,11090
28524.064,8825,11090
28530.152,8826,11090
28531.047,8827,11090
28534.586,8828,11090
28542.869,8829,11090
28543.966,8830,11090
28544.368,8831,11090
28545.004,8832,11090
28548.211,8833,11090
28550.379,8834,11090
28550.56,8835,11090
28552.75,8836,11090
28552.879,8837,11090
28554.144,8838,11090
28555.688,8839,11090
28563.099,8840,11090
28587.766,8841,11090
28591.538,8842,11090
28676.613,8843,11090
28682.316,8844,11090
28685.171,8845,11090
28688.862,8846,11090
28689.324,8847,11090
28690.178,8848,11090
28690.567,8849,11090
28691.389,8850,11090
28691.735,8851,11090
28691.894,8852,11090
28692.469,8853,11090
28692.566,8854,11090
28692.902,8855,11090
28693.292,8856,11091
28693.607,8857,11091
28693.705,8858,11091
28693.766,8859,11091
28693.877,8860,11091
28694.104,8861,11091
28696.457,8862,11091
28698.421,8863,11091
28700.252,8864,11091
28701.155,8865,11091
28701.918,8866,11091
28701.998,8867,11091
28702.833,8868,11091
28703.038,8869,11091
28705.552,8870,11091
28716.86,8871,11091
28717.355,8872,11091
28717.515,8873,11091
28730.123,8874,11091
28732.196,8875,11091
28732.848,8876,11091
28735.367,8877,11091
28735.656,8878,11091
28743.685,8879,11091
28744.167,8880,11091
28744.802,8881,11091
28746.242,8882,11091
28748.075,8883,11091
28750.809,8884,11091
28794.218,8885,11095
28799.023,8886,11095
28799.141,8887,11095
28800.087,8888,11095
28803.67,8889,11095
28803.974,8890,11095
28804.75,8891,11095
28806.279,8892,11095
28808.665,8893,11095
28815.172,8894,11095
28815.673,8895,11095
28816.127,8896,11095
28816.612,8897,11095
28817.321,8898,11096
28818.794,8899,11096
28819.551,8900,11096
28840.274,8901,11096
28842.418,8902,11096
28842.45,8903,11096
28842.47,8904,11096
28843.896,8905,11096
28844.777,8906,11096
28845.9,8907,11096
28848.227,8908,11096
28853.518,8909,11096
28871.564,8910,11096
28918.484,8911,11096
28919.81,8912,11099
28922.152,8913,11099
28923.495,8914,11100
28923.5,8915,11100
28923.654,8916,11101
28926.405,8917,11102
28943.574,8918,11102
28947.315,8919,11103
28947.584,8920,11103
28979.631,8921,11103
28984.636,8922,11103
28985.487,8923,11103
28986.213,8924,11103
28986.229,8925,11103
28986.245,8926,11103
28986.256,8927,11103
28986.281,8928,11103
28986.315,8929,11103
28986.347,8930,11103
28986.362,8931,11103
28986.388,8932,11103
28986.401,8933,11103
28986.458,8934,11103
28986.503,8935,11103
28986.52,8936,11103
28986.576,8937,11103
28986.852,8938,11103
28986.926,8939,11103
28989.604,8940,11103
28992.622,8941,11103
28994.919,8942,11105
28995.226,8943,11105
29008.053,8944,11105
29019.781,8945,11105
29029.979,8946,11105
29030.116,8947,11105
29030.158,8948,11105
29032.345,8949,11105
29035.544,8950,11105
29035.826,8951,11105
29078.359,8952,11106
29089.484,8953,11106
29097.042,8954,11106
29097.33,8955,11106
29098.611,8956,11106
29098.761,8957,11106
29099.341,8958,11106
29099.742,8959,11106
29101.514,8960,11106
29101.712,8961,11106
29102.839,8962,11106
29104.268,8963,11106
29104.717,8964,11106
29109.123,8965,11106
29113.635,8966,11106
29114.391,8967,11106
29122.976,8968,11108
29125.55,8969,11108
29126.859,8970,11110
29130.883,8971,11110
29139.42,8972,11110
29141.177,8973,11110
29191.742,8974,11110
29191.928,8975,11110
29192.161,8976,11110
29192.503,8977,11110
29192.655,8978,11110
29192.963,8979,11110
29193.131,8980,11110
29195.342,8981,11110
29196.991,8982,11110
29203.318,8983,11110
29203.494,8984,11110
29203.567,8985,11110
29203.729,8986,11110
29204.019,8987,11110
29228.644,8988,11110
29238.743,8989,11111
29246.676,8990,11111
29247.006,8991,11111
29249.703,8992,11113
29250.213,8993,11113
29253.859,8994,11113
29255.576,8995,11113
29256.867,8996,11113
29258.7,8997,11113
29286.624,8998,11113
29325.114,8999,11113
29325.621,9000,11113
29350.982,9001,11114
29357.002,9002,11114
29357.152,9003,11114
29357.258,9004,11114
29371.831,9005,11114
29381.701,9006,11114
29382.055,9007,11115
29385.473,9008,11115
29390.73,9009,11115
29398.094,9010,11115
29405.185,9011,11115
29413.039,9012,11115
29415.708,9013,11115
29421.234,9014,11115
29430.349,9015,11115
29435.029,9016,11115
29436.992,9017,11115
29439.971,9018,11115
29441.301,9019,11115
29441.938,9020,11115
29461.093,9021,11116
29469.006,9022,11116
29471.64,9023,11116
29472.808,9024,11116
29532.247,9025,11125
29543.377,9026,11125
29548.978,9027,11125
29569.101,9028,11125
29569.339,9029,11125
29569.459,9030,11125
29570.516,9031,11125
29572.201,9032,11125
29572.567,9033,11125
29574.237,9034,11125
29575.277,9035,11125
29576.283,9036,11125
29577.168,9037,11125
29577.478,9038,11125
29578.366,9039,11125
29582.365,9040,11125
29583.344,9041,11125
29586.26,9042,11125
29586.281,9043,11125
29586.345,9044,11125
29589.147,9045,11125
29589.371,9046,11125
29592.12,9047,11125
29592.154,9048,11125
29592.189,9049,11125
29622.519,9050,11125
29622.548,9051,11125
29624.175,9052,11125
29624.884,9053,11125
29627.55,9054,11125
29627.722,9055,11125
29633.268,9056,11125
29636.473,9057,11125
29640.127,9058,11125
29643.489,9059,11125
29645.181,9060,11125
29648.288,9061,11125
29663.534,9062,11125
29665.597,9063,11125
29670.656,9064,11125
29681.463,9065,11125
29686.025,9066,11125
29697.603,9067,11125
29700.657,9068,11125
29717.642,9069,11125
29717.685,9070,11125
29718.904,9071,11125
29731.991,9072,11125
29732.802,9073,11125
29761.619,9074,11126
29765.505,9075,11127
29766.918,9076,11127
29770.8,9077,11128
29774.762,9078,11128
29779.426,9079,11128
29779.751,9080,11128
29780.42,9081,11128
29780.708,9082,11128
29780.922,9083,11128
29781.768,9084,11128
29781.896,9085,11128
29782.518,9086,11129
29785.786,9087,11129
29799.539,9088,11129
29815.554,9089,11129
29816.364,9090,11129
29831.802,9091,11129
29834.128,9092,11130
29843.368,9093,11130
29854.178,9094,11134
29854.52,9095,11134
29858.301,9096,11134
29859.062,9097,11134
29866.965,9098,11134
29879.374,9099,11134
29899.065,9100,11134
29899.932,9101,11134
29937.915,9102,11134
29949.884,9103,11134
29950.004,9104,11134
29952.345,9105,11134
29954.738,9106,11134
29958.341,9107,11134
29959.138,9108,11134
29962.263,9109,11134
29963.779,9110,11134
29964.705,9111,11134
29968.241,9112,11134
29969.977,9113,11134
30013.09,9114,11134
30040.444,9115,11134
30045.766,9116,11135
30060.739,9117,11135
30067.575,9118,11135
30085.469,9119,11136
30096.476,9120,11136
30100.144,9121,11136
30110.954,9122,11136
30124.764,9123,11141
30127.436,9124,11141
30143.871,9125,11142
30149.649,9126,11142
30150.335,9127,11147
30150.429,9128,11149
30166.177,9129,11149
30234.582,9130,11149
30235.256,9131,11149
30235.708,9132,11149
30235.76,9133,11149
30237.595,9134,11149
30238.043,9135,11149
30238.089,9136,11149
30238.561,9137,11149
30239.321,9138,11149
30239.695,9139,11149
30242.456,9140,11149
30245.082,9141,11149
30246.377,9142,11149
30248.163,9143,11149
30249.13,9144,11149
30254.303,9145,11149
30257.155,9146,11149
30279.114,9147,11149
30290.664,9148,11149
30309.739,9149,11151
30312.484,9150,11151
30312.882,9151,11151
30313.578,9152,11151
30325.272,9153,11151
30371.414,9154,11151
30384.422,9155,11152
30385.022,9156,11152
30403.493,9157,11152
30408.749,9158,11152
30418.955,9159,11152
30418.968,9160,11152
30419.019,9161,11152
30427.675,9162,11152
30446.962,9163,11152
30460.702,9164,11153
30470.264,9165,11153
30474.344,9166,11153
30477.556,9167,11153
30478.374,9168,11153
30479.44,9169,11153
30480.281,9170,11153
30498.07,9171,11153
30498.595,9172,11153
30516.566,9173,11153
30528.962,9174,11153
30529.178,9175,11153
30551.718,9176,11153
30564.102,9177,11153
30565.746,9178,11153
30571.283,9179,11153
30571.728,9180,11153
30572.071,9181,11153
30573.166,9182,11153
30574.564,9183,11153
30574.989,9184,11153
30576.715,9185,11154
30584.651,9186,11154
30587.996,9187,11154
30588.308,9188,11154
30592.693,9189,11154
30593.202,9190,11154
30593.334,9191,11154
30615.662,9192,11154
30616.13,9193,11154
30617.208,9194,11154
30618.613,9195,11154
30618.696,9196,11154
30619.502,9197,11154
30619.62,9198,11154
30622.841,9199,11154
30634.507,9200,11154
30647.329,9201,11154
30701.642,9202,11154
30701.696,9203,11154
30720.322,9204,11154
30728.859,9205,11155
30732.942,9206,11155
30733.335,9207,11156
30733.672,9208,11156
30734.163,9209,11158
30738.479,9210,11158
30740.365,9211,11160
30740.966,9212,11160
30741.871,9213,11160
30744.105,9214,11160
30764.13,9215,11160
30788.13,9216,11160
30788.361,9217,11160
30789.024,9218,11160
30789.733,9219,11160
30794.742,9220,11160
30795.02,9221,11160
30795.445,9222,11160
30797.233,9223,11160
30798.398,9224,11160
30799.007,9225,11160
30806.133,9226,11160
30806.224,9227,11160
30810.644,9228,11162
30812.687,9229,11165
30814.763,9230,11165
30888.646,9231,11165
30889.447,9232,11165
30894.351,9233,11165
30894.463,9234,11165
30895.112,9235,11165
30896.4,9236,11165
30896.453,9237,11165
30897.632,9238,11165
30897.911,9239,11165
30899.102,9240,11165
30899.144,9241,11165
30900.702,9242,11165
30901.417,9243,11165
30908.074,9244,11165
30914.085,9245,11165
30915.227,9246,11165
30921.071,9247,11165
30921.188,9248,11165
30924.612,9249,11165
30925.674,9250,11165
30926.612,9251,11165
30928.404,9252,11165
30928.633,9253,11165
30929.501,9254,11165
30932.439,9255,11165
30934.967,9256,11165
30935.075,9257,11165
30936.222,9258,11165
30943.649,9259,11165
30974.202,9260,11165
30974.283,9261,11165
30996.812,9262,11165
30997.303,9263,11165
30997.32,9264,11165
30997.695,9265,11165
30999.979,9266,11165
31003.159,9267,11165
31006.06,9268,11165
31008.451,9269,11165
31011.819,9270,11165
31043.862,9271,11165
31064.129,9272,11165
31071.866,9273,11165
31076.179,9274,11165
31110.605,9275,11165
31110.87,9276,11165
31131.266,9277,11165
31145.744,9278,11165
31145.771,9279,11167
31151.404,9280,11167
31186.756,9281,11168
31213.681,9282,11168
31223.049,9283,11168
31223.155,9284,11168
31226.089,9285,11168
31228.065,9286,11168
31231.715,9287,11168
31231.875,9288,11168
31233.496,9289,11168
31243.674,9290,11168
31259.441,9291,11168
31265.09,9292,11168
31271.976,9293,11168
31272.491,9294,11168
31291.286,9295,11168
31291.944,9296,11168
31295.627,9297,11168
31300.219,9298,11168
31306.603,9299,11169
31326.328,9300,11169
31329.802,9301,11169
31337.378,9302,11169
31351.922,9303,11170
31352.309,9304,11170
31379.895,9305,11170
31385.019,9306,11170
31391.772,9307,11170
31392.069,9308,11170
31393.232,9309,11170
31396.184,9310,11170
31418.694,9311,11170
31425.837,9312,11170
31443.302,9313,11170
31443.36,9314,11170
31449.019,9315,11170
31458.591,9316,11170
31470.52,9317,11170
31478.888,9318,11170
31488.5,9319,11170
31493.747,9320,11170
31496.896,9321,11170
31511.687,9322,11170
31520.482,9323,11170
31543.672,9324,11170
31543.967,9325,11170
31544.641,9326,11171
31562.708,9327,11171
31563.011,9328,11171
31563.326,9329,11171
31563.396,9330,11171
31564.174,9331,11171
31565.555,9332,11171
31567.266,9333,11171
31568.286,9334,11171
31568.838,9335,11171
31586.46,9336,11171
31586.649,9337,11171
31586.69,9338,11171
31588.818,9339,11171
31590.622,9340,11171
31595.045,9341,11171
31611.867,9342,11171
31613.75,9343,11174
31633.718,9344,11174
31634.391,9345,11174
31654.276,9346,11174
31692.722,9347,11174
31694.047,9348,11174
31699.916,9349,11174
31708.798,9350,11174
31710.677,9351,11174
31722.384,9352,11176
31722.753,9353,11182
31723.164,9354,11184
31723.243,9355,11186
31723.301,9356,11189
31723.834,9357,11192
31724.638,9358,11192
31725.477,9359,11195
31726.206,9360,11197
31726.462,9361,11197
31729.21,9362,11208
31731.364,9363,11211
31735.846,9364,11211
31751.927,9365,11211
31764.475,9366,11211
31772.096,9367,11212
31773.004,9368,11215
31774.022,9369,11216
31774.191,9370,11216
31774.495,9371,11216
31774.535,9372,11218
31774.842,9373,11218
31775.233,9374,11218
31775.305,9375,11218
31775.37,9376,11219
31775.455,9377,11219
31775.515,9378,11219
31777.716,9379,11219
31777.88,9380,11219
31781.988,9381,11219
31783.001,9382,11219
31783.263,9383,11219
31783.302,9384,11219
31783.561,9385,11221
31784.305,9386,11222
31786.59,9387,11222
31791.146,9388,11223
31816.041,9389,11223
31816.142,9390,11223
31816.166,9391,11223
31818.411,9392,11223
31818.999,9393,11223
31821.721,9394,11223
31826.423,9395,11223
31827.756,9396,11223
31828.264,9397,11223
31828.524,9398,11223
31829.094,9399,11223
31829.615,9400,11223
31831.373,9401,11223
31836.49,9402,11223
31837.692,9403,11223
31838.183,9404,11224
31856.836,9405,11224
31888.579,9406,11224
31888.597,9407,11224
31894.831,9408,11224
31895.375,9409,11224
31931.178,9410,11224
31959.265,9411,11225
31993.806,9412,11225
32001.77,9413,11225
32018.057,9414,11225
32040.462,9415,11225
32040.486,9416,11225
32040.523,9417,11225
32042.691,9418,11225
32043.245,9419,11225
32044.213,9420,11225
32049.052,9421,11225
32049.099,9422,11225
32055.899,9423,11225
32062.532,9424,11225
32063.561,9425,11225
32088.491,9426,11226
32093.713,9427,11226
32100.369,9428,11227
32106.146,9429,11227
32106.186,9430,11227
32116.939,9431,11228
32116.954,9432,11229
32116.988,9433,11229
32123.461,9434,11230
32123.48,9435,11231
32123.573,9436,11232
32135.599,9437,11232
32135.606,9438,11232
32154.397,9439,11232
32154.992,9440,11232
32156.948,9441,11232
32166.0,9442,11232
32169.256,9443,11232
32170.731,9444,11232
32173.223,9445,11232
32177.182,9446,11232
32181.727,9447,11232
32220.845,9448,11233
32227.897,9449,11233
32232.018,9450,11233
32268.412,9451,11233
32269.54,9452,11233
32274.559,9453,11233
32288.478,9454,11233
32298.163,9455,11233
32303.19,9456,11233
32333.467,9457,11233
32354.967,9458,11233
32374.671,9459,11233
32375.603,9460,11233
32379.914,9461,11233
32399.67,9462,11233
32416.099,9463,11233
32416.285,9464,11233
32416.546,9465,11233
32416.948,9466,11233
32417.687,9467,11233
32430.897,9468,11233
32432.991,9469,11233
32456.766,9470,11233
32475.298,9471,11233
32481.814,9472,11234
32485.305,9473,11235
32491.458,9474,11235
32491.522,9475,11235
32491.922,9476,11235
32527.209,9477,11235
32527.436,9478,11235
32533.285,9479,11235
32581.764,9480,11235
32587.054,9481,11235
32588.183,9482,11235
32589.991,9483,11235
32590.042,9484,11235
32590.312,9485,11235
32597.899,9486,11235
32597.92,9487,11235
32598.359,9488,11235
32599.636,9489,11235
32600.027,9490,11235
32604.468,9491,11235
32632.79,9492,11235
32638.308,9493,11235
32649.605,9494,11235
32668.041,9495,11235
32689.325,9496,11235
32719.115,9497,11235
32719.298,9498,11235
32748.242,9499,11235
32758.072,9500,11235
32758.756,9501,11235
32759.22,9502,11235
32759.696,9503,11235
32762.389,9504,11235
32766.42,9505,11235
32767.702,9506,11235
32776.88,9507,11235
32777.921,9508,11237
32785.236,9509,11237
32785.253,9510,11237
32787.728,9511,11237
32802.095,9512,11237
32802.704,9513,11237
32802.832,9514,11237
32803.083,9515,11237
32803.357,9516,11237
32808.538,9517,11237
32810.973,9518,11237
32813.589,9519,11237
32814.044,9520,11237
32814.536,9521,11237
32815.376,9522,11237
32815.998,9523,11237
32823.349,9524,11237
32824.956,9525,11237
32825.459,9526,11237
32829.337,9527,11237
32829.41,9528,11237
32830.89,9529,11237
32839.344,9530,11240
32840.209,9531,11242
32840.476,9532,11243
32844.337,9533,11243
32845.758,9534,11243
32847.383,9535,11243
32885.797,9536,11244
32889.775,9537,11244
32899.124,9538,11244
32899.196,9539,11244
32899.233,9540,11245
32901.179,9541,11245
32901.629,9542,11245
32903.951,9543,11245
32904.131,9544,11245
32918.378,9545,11245
32919.056,9546,11245
32919.545,9547,11245
32956.767,9548,11245
32956.983,9549,11245
32964.655,9550,11246
32982.778,9551,11246
32984.521,9552,11246
32993.186,9553,11246
33010.355,9554,11246
33020.563,9555,11246
33031.214,9556,11246
33035.871,9557,11246
33035.939,9558,11246
33053.43,9559,11246
33060.622,9560,11252
33075.389,9561,11252
33087.601,9562,11252
33115.856,9563,11253
33117.234,9564,11253
33119.065,9565,11253
33120.203,9566,11253
33121.258,9567,11253
33122.336,9568,11253
33128.697,9569,11253
33146.53,9570,11253
33151.944,9571,11253
33169.767,9572,11253
33176.061,9573,11253
33192.414,9574,11253
33213.763,9575,11254
33214.196,9576,11255
33214.312,9577,11256
33214.345,9578,11256
33233.776,9579,11256
33247.723,9580,11256
33252.146,9581,11256
33260.365,9582,11256
33265.053,9583,11256
33265.086,9584,11256
33270.118,9585,11256
33270.297,9586,11256
33270.64,9587,11256
33270.682,9588,11256
33271.238,9589,11256
33271.886,9590,11256
33272.072,9591,11256
33275.853,9592,11256
33276.526,9593,11256
33284.143,9594,11257
33291.631,9595,11257
33292.337,9596,11257
33294.056,9597,11257
33297.599,9598,11257
33299.115,9599,11257
33299.661,9600,11257
33302.926,9601,11257
33305.42,9602,11257
33305.784,9603,11257
33307.226,9604,11257
33308.364,9605,11257
33309.084,9606,11257
33327.789,9607,11257
33327.809,9608,11257
33327.83,9609,11257
33328.579,9610,11257
33328.707,9611,11257
33329.537,9612,11257
33330.152,9613,11257
33330.218,9614,11257
33334.558,9615,11257
33337.442,9616,11257
33338.957,9617,11257
33339.61,9618,11257
33344.097,9619,11257
33344.857,9620,11257
33345.436,9621,11257
33346.047,9622,11257
33347.176,9623,11257
33350.039,9624,11257
33350.716,9625,11257
33351.226,9626,11257
33351.258,9627,11257
33356.043,9628,11257
33362.803,9629,11257
33363.84,9630,11257
33364.487,9631,11257
33364.693,9632,11257
33366.032,9633,11257
33366.394,9634,11257
33366.973,9635,11257
33368.576,9636,11257
33371.079,9637,11257
33372.373,9638,11257
33372.724,9639,11257
33372.752,9640,11257
33373.811,9641,11257
33374.407,9642,11257
33375.123,9643,11257
33375.635,9644,11257
33377.145,9645,11257
33385.95,9646,11257
33386.992,9647,11257
33411.0,9648,11257
33411.077,9649,11257
33424.915,9650,11258
33428.2,9651,11258
33433.435,9652,11258
33463.557,9653,11258
33480.045,9654,11258
33480.151,9655,11258
33480.54,9656,11258
33485.011,9657,11259
33507.762,9658,11259
33516.953,9659,11259
33532.079,9660,11263
33532.159,9661,11263
33538.19,9662,11263
33550.94,9663,11263
33551.079,9664,11263
33558.085,9665,11263
33558.162,9666,11263
33558.502,9667,11264
33564.971,9668,11264
33572.089,9669,11264
33572.906,9670,11264
33573.398,9671,11264
33574.214,9672,11265
33577.964,9673,11265
33580.064,9674,11265
33585.606,9675,11265
33588.565,9676,11265
33590.192,9677,11265
33596.078,9678,11265
33597.777,9679,11265
33598.124,9680,11265
33598.377,9681,11265
33600.557,9682,11265
33600.654,9683,11266
33601.168,9684,11266
33601.994,9685,11266
33602.362,9686,11266
33603.164,9687,11266
33604.324,9688,11266
33608.082,9689,11266
33610.411,9690,11266
33611.37,9691,11266
33622.681,9692,11266
33622.716,9693,11266
33622.879,9694,11266
33623.067,9695,11266
33623.161,9696,11266
33623.409,9697,11266
33626.336,9698,11267
33626.715,9699,11268
33627.972,9700,11268
33628.265,9701,11268
33645.948,9702,11268
33646.727,9703,11268
33647.951,9704,11268
33648.481,9705,11268
33648.866,9706,11268
33650.431,9707,11268
33651.268,9708,11269
33654.996,9709,11269
33662.066,9710,11269
33668.604,9711,11269
33681.842,9712,11269
33682.103,9713,11269
33683.198,9714,11269
33683.873,9715,11269
33688.019,9716,11269
33689.697,9717,11269
33694.285,9718,11269
33695.166,9719,11269
33705.638,9720,11271
33712.395,9721,11271
33725.188,9722,11271
33726.176,9723,11271
33726.678,9724,11271
33729.074,9725,11271
33729.401,9726,11271
33730.561,9727,11271
33736.266,9728,11271
33737.732,9729,11271
33739.346,9730,11271
33745.369,9731,11271
33759.712,9732,11271
33762.952,9733,11272
33765.958,9734,11273
33767.845,9735,11273
33768.959,9736,11273
33770.178,9737,11273
33773.894,9738,11273
33775.047,9739,11273
33775.314,9740,11273
33778.557,9741,11273
33786.295,9742,11273
33789.502,9743,11273
33808.495,9744,11273
33824.965,9745,11273
33828.275,9746,11273
33828.286,9747,11273
33828.983,9748,11273
33830.543,9749,11273
33832.852,9750,11273
33837.883,9751,11273
33839.159,9752,11273
33846.287,9753,11273
33863.478,9754,11273
33875.932,9755,11273
33876.281,9756,11273
33877.157,9757,11273
33886.658,9758,11273
33886.704,9759,11273
33886.733,9760,11273
33887.222,9761,11273
33887.289,9762,11273
33891.835,9763,11273
33893.645,9764,11273
33894.724,9765,11273
33899.148,9766,11273
33899.425,9767,11273
33917.366,9768,11273
33924.024,9769,11273
33946.358,9770,11273
33948.144,9771,11274
33986.114,9772,11274
33986.355,9773,11274
33986.835,9774,11274
33987.386,9775,11274
33988.63,9776,11274
33996.829,9777,11274
33998.729,9778,11274
33998.951,9779,11274
34001.879,9780,11274
34012.204,9781,11274
34012.577,9782,11274
34027.041,9783,11274
34027.31,9784,11274
34027.36,9785,11274
34029.584,9786,11274
34031.11,9787,11274
34031.724,9788,11274
34033.076,9789,11274
34033.517,9790,11274
34034.032,9791,11274
34034.587,9792,11274
34038.482,9793,11274
34040.27,9794,11274
34042.487,9795,11274
34043.149,9796,11274
34045.033,9797,11274
34047.898,9798,11274
34052.389,9799,11274
34052.849,9800,11274
34058.391,9801,11274
34060.838,9802,11274
34060.88,9803,11274
34060.925,9804,11274
34061.083,9805,11274
34061.434,9806,11274
34063.306,9807,11274
34065.59,9808,11274
34066.977,9809,11274
34070.19,9810,11274
34079.264,9811,11274
34092.473,9812,11274
34099.233,9813,11274
34100.319,9814,11282
34116.728,9815,11282
34124.426,9816,11282
34143.17,9817,11282
34143.404,9818,11282
34146.644,9819,11282
34151.345,9820,11282
34151.918,9821,11282
34153.081,9822,11283
34155.156,9823,11283
34162.992,9824,11283
34164.738,9825,11283
34175.498,9826,11283
34181.914,9827,11283
34182.506,9828,11285
34182.614,9829,11285
34185.324,9830,11285
34199.913,9831,11286
34205.816,9832,11286
34206.019,9833,11295
34208.532,9834,11295
34210.499,9835,11295
34222.864,9836,11295
34223.889,9837,11295
34244.314,9838,11295
34274.59,9839,11295
34291.361,9840,11295
34296.307,9841,11295
34304.543,9842,11295
34312.046,9843,11295
34316.806,9844,11295
34318.244,9845,11295
34318.837,9846,11295
34321.039,9847,11295
34323.989,9848,11295
34327.817,9849,11295
34328.035,9850,11295
34329.379,9851,11295
34336.633,9852,11296
34343.199,9853,11298
34343.344,9854,11298
34343.832,9855,11298
34363.397,9856,11298
34368.272,9857,11298
34369.806,9858,11298
34376.065,9859,11298
34390.667,9860,11299
34395.899,9861,11299
34396.854,9862,11302
34430.082,9863,11302
34433.42,9864,11302
34452.256,9865,11302
34457.618,9866,11302
34472.111,9867,11302
34472.362,9868,11302
34472.43,9869,11302
34474.294,9870,11302
34475.512,9871,11302
34476.071,9872,11302
34478.474,9873,11302
34479.505,9874,11302
34485.91,9875,11302
34486.938,9876,11302
34487.035,9877,11302
34490.684,9878,11302
34491.803,9879,11302
34492.21,9880,11302
34492.288,9881,11302
34493.521,9882,11302
34506.21,9883,11302
34511.051,9884,11304
34549.284,9885,11304
34581.771,9886,11305
34582.055,9887,11305
34599.134,9888,11306
34599.596,9889,11306
34600.393,9890,11306
34621.351,9891,11307
34631.184,9892,11307
34632.068,9893,11307
34632.638,9894,11307
34635.739,9895,11307
34637.041,9896,11307
34647.766,9897,11307
34649.36,9898,11307
34651.946,9899,11307
34660.983,9900,11307
34668.459,9901,11309
34673.287,9902,11309
34675.252,9903,11309
34675.359,9904,11309
34676.446,9905,11309
34676.867,9906,11309
34678.178,9907,11309
34681.762,9908,11309
34683.106,9909,11309
34684.144,9910,11309
34687.609,9911,11309
34689.797,9912,11309
34692.375,9913,11309
34696.709,9914,11309
34696.879,9915,11309
34704.85,9916,11309
34727.775,9917,11309
34732.33,9918,11309
34736.968,9919,11309
34757.743,9920,11309
34758.587,9921,11309
34769.542,9922,11309
34769.555,9923,11310
34770.449,9924,11311
34770.457,9925,11315
34775.301,9926,11315
34780.676,9927,11315
34798.329,9928,11315
34814.265,9929,11315
34827.399,9930,11315
34827.513,9931,11315
34828.116,9932,11315
34828.164,9933,11315
34830.089,9934,11315
34830.243,9935,11315
34831.492,9936,11315
34832.022,9937,11315
34833.353,9938,11315
34833.409,9939,11315
34835.465,9940,11315
34835.708,9941,11315
34836.876,9942,11315
34839.636,9943,11315
34845.454,9944,11315
34846.338,9945,11315
34855.295,9946,11315
34868.427,9947,11315
34889.997,9948,11315
34892.584,9949,11315
34892.693,9950,11315
34895.616,9951,11315
34899.296,9952,11321
34901.332,9953,11321
34902.714,9954,11321
34909.043,9955,11321
34913.63,9956,11327
34931.268,9957,11327
34931.374,9958,11327
34932.4,9959,11327
34933.311,9960,11327
34948.047,9961,11327
34952.996,9962,11327
34953.99,9963,11327
34959.208,9964,11327
34973.463,9965,11330
34973.991,9966,11330
34974.667,9967,11330
34976.1,9968,11330
34993.911,9969,11333
34994.301,9970,11336
34999.725,9971,11336
35000.334,9972,11336
35000.635,9973,11336
35001.385,9974,11336
35007.654,9975,11336
35016.135,9976,11336
35039.105,9977,11336
35039.248,9978,11336
35045.716,9979,11336
35056.003,9980,11336
35061.219,9981,11336
35062.051,9982,11337
35066.078,9983,11337
35074.249,9984,11337
35074.423,9985,11337
35075.275,9986,11337
35083.298,9987,11337
35135.357,9988,11337
35142.25,9989,11337
35142.616,9990,11337
35144.617,9991,11338
35144.693,9992,11338
35145.916,9993,11339
35147.705,9994,11339
35152.029,9995,11339
35152.166,9996,11339
35162.325,9997,11339
35179.054,9998,11339
35183.288,9999,11339
35190.179,10000,11344
35203.84,10001,11344
35204.408,10002,11344
35206.002,10003,11344
35207.637,10004,11344
35210.228,10005,11344
35211.401,10006,11344
35211.622,10007,11344
35217.851,10008,11344
35220.117,10009,11344
35221.529,10010,11344
35222.529,10011,11344
35244.713,10012,11344
35259.374,10013,11344
35259.5,10014,11344
35259.931,10015,11344
35286.781,10016,11344
35312.66,10017,11344
35314.846,10018,11344
35324.232,10019,11344
35331.18,10020,11344
35333.246,10021,11344
35333.584,10022,11344
35334.387,10023,11344
35335.017,10024,11344
35335.488,10025,11344
35339.947,10026,11345
35340.115,10027,11345
35366.74,10028,11345
35371.778,10029,11345
35375.489,10030,11345
35384.466,10031,11345
35397.77,10032,11345
35401.642,10033,11345
35401.756,10034,11345
35404.623,10035,11345
35411.089,10036,11345
35420.495,10037,11346
35424.309,10038,11346
35447.445,10039,11346
35447.462,10040,11346
35448.781,10041,11346
35452.364,10042,11346
35455.544,10043,11346
35457.367,10044,11346
35457.987,10045,11346
35460.024,10046,11346
35462.233,10047,11346
35464.769,10048,11346
35468.405,10049,11346
35468.772,10050,11347
35473.733,10051,11348
35510.706,10052,11348
35514.146,10053,11348
35526.542,10054,11348
35545.173,10055,11348
35569.55,10056,11348
35576.235,10057,11348
35576.372,10058,11348
35576.514,10059,11348
35576.684,10060,11348
35596.38,10061,11348
35597.084,10062,11348
35604.793,10063,11348
35610.936,10064,11348
35620.408,10065,11348
35620.777,10066,11348
35622.129,10067,11348
35627.567,10068,11348
35638.266,10069,11348
35645.114,10070,11348
35647.537,10071,11348
35647.588,10072,11348
35647.913,10073,11348
35648.25,10074,11348
35651.118,10075,11348
35655.722,10076,11348
35662.852,10077,11348
35682.852,10078,11348
35683.783,10079,11348
35687.292,10080,11350
35694.416,10081,11350
35695.674,10082,11351
35695.876,10083,11352
35724.39,10084,11353
35728.239,10085,11353
35737.494,10086,11353
35753.036,10087,11353
35758.228,10088,11355
35758.528,10089,11355
35758.534,10090,11355
35765.306,10091,11355
35765.406,10092,11355
35766.267,10093,11355
35766.901,10094,11355
35768.541,10095,11355
35773.741,10096,11355
35798.717,10097,11355
35805.445,10098,11355
35805.794,10099,11355
35813.133,10100,11355
35823.873,10101,11355
35828.558,10102,11355
35843.413,10103,11355
35845.073,10104,11355
35862.553,10105,11355
35891.329,10106,11355
35905.788,10107,11355
35906.96,10108,11355
35921.72,10109,11355
35940.506,10110,11355
35961.395,10111,11355
35962.204,10112,11355
35965.33,10113,11396
35965.651,10114,11396
35965.747,10115,11396
35965.9,10116,11396
35966.027,10117,11396
35966.172,10118,11396
35966.696,10119,11396
35971.47,10120,11396
35981.013,10121,11396
35983.048,10122,11396
35983.456,10123,11396
35983.904,10124,11396
35988.035,10125,11396
35996.7,10126,11396
35996.792,10127,11396
35998.392,10128,11396
35998.594,10129,11396
35998.874,10130,11396
35999.198,10131,11396
35999.531,10132,11396
36001.36,10133,11396
36001.478,10134,11396
36001.807,10135,11396
36002.4,10136,11396
36005.069,10137,11396
36005.884,10138,11396
36008.093,10139,11396
36009.742,10140,11396
36011.004,10141,11396
36022.011,10142,11396
36048.295,10143,11396
36074.445,10144,11396
36091.27,10145,11396
36091.352,10146,11396
36091.972,10147,11396
36097.792,10148,11396
36104.045,10149,11396
36109.165,10150,11396
36119.317,10151,11396
36137.386,10152,11396
36137.832,10153,11396
36137.897,10154,11398
36141.236,10155,11398
36143.497,10156,11398
36148.307,10157,11398
36158.044,10158,11398
36167.158,10159,11398
36170.395,10160,11398
36176.899,10161,11398
36219.306,10162,11398
36223.889,10163,11398
36223.913,10164,11398
36226.896,10165,11398
36231.974,10166,11398
36260.01,10167,11399
36268.597,10168,11399
36268.629,10169,11399
36282.071,10170,11399
36291.857,10171,11399
36298.754,10172,11399
36307.886,10173,11399
36336.438,10174,11399
36371.601,10175,11399
36374.095,10176,11399
36375.124,10177,11399
36386.675,10178,11400
36397.609,10179,11401
36402.385,10180,11401
36409.327,10181,11401
36409.465,10182,11401
36431.216,10183,11401
36444.049,10184,11401
36444.322,10185,11401
36445.013,10186,11401
36446.254,10187,11401
36456.569,10188,11401
36462.565,10189,11402
36465.073,10190,11402
36465.083,10191,11402
36465.098,10192,11402
36468.522,10193,11402
36468.626,10194,11402
36483.006,10195,11402
36484.404,10196,11403
36512.43,10197,11403
36518.198,10198,11403
36522.97,10199,11404
36531.375,10200,11404
36538.304,10201,11406
36554.403,10202,11406
36554.419,10203,11406
36556.284,10204,11406
36577.597,10205,11407
36629.752,10206,11407
36637.876,10207,11407
36645.388,10208,11407
36650.323,10209,11407
36652.933,10210,11407
36653.057,10211,11407
36654.551,10212,11407
36672.363,10213,11407
36672.806,10214,11407
36681.975,10215,11407
36682.372,10216,11407
36688.733,10217,11407
36690.9,10218,11407
36696.708,10219,11407
36706.514,10220,11407
36706.738,10221,11407
36708.66,10222,11407
36713.212,10223,11408
36728.408,10224,11408
36751.366,10225,11408
36754.425,10226,11408
36756.399,10227,11408
36775.195,10228,11408
36798.774,10229,11408
36800.285,10230,11408
36804.095,10231,11408
36807.233,10232,11408
36815.379,10233,11408
36825.299,10234,11408
36826.742,10235,11409
36844.177,10236,11409
36891.761,10237,11410
36901.671,10238,11410
36901.688,10239,11410
36902.02,10240,11410
36903.464,10241,11410
36903.544,10242,11410
36904.246,10243,11410
36905.321,10244,11410
36910.179,10245,11410
36913.875,10246,11410
36922.865,10247,11410
36924.006,10248,11410
36930.298,10249,11410
36931.947,10250,11410
36944.457,10251,11410
36944.5,10252,11410
36946.149,10253,11410
36951.609,10254,11410
36958.074,10255,11411
36966.073,10256,11411
36987.148,10257,11411
36987.298,10258,11411
36987.905,10259,11411
36988.68,10260,11411
36993.339,10261,11411
36999.176,10262,11411
37018.4,10263,11411
37018.566,10264,11411
37023.896,10265,11411
37024.843,10266,11411
37026.956,10267,11411
37032.46,10268,11411
37034.869,10269,11411
37035.056,10270,11413
37036.698,10271,11413
37041.016,10272,11413
37057.285,10273,11413
37088.605,10274,11414
37116.87,10275,11414
37117.421,10276,11414
37134.289,10277,11414
37136.545,10278,11414
37137.616,10279,11414
37139.921,10280,11414
37149.836,10281,11414
37161.193,10282,11415
37165.15,10283,11415
37168.323,10284,11415
37188.047,10285,11415
37188.139,10286,11415
37189.103,10287,11415
37191.221,10288,11415
37192.292,10289,11415
37193.524,10290,11415
37205.535,10291,11415
37221.756,10292,11415
37223.525,10293,11415
37249.407,10294,11415
37269.66,10295,11415
37269.674,10296,11415
37269.974,10297,11415
37270.786,10298,11415
37273.898,10299,11415
37290.141,10300,11415
37291.657,10301,11415
37293.584,10302,11415
37298.221,10303,11415
37301.392,10304,11415
37303.448,10305,11415
37314.183,10306,11415
37335.996,10307,11419
37399.874,10308,11419
37399.916,10309,11419
37399.961,10310,11419
37403.115,10311,11419
37407.702,10312,11419
37410.974,10313,11419
37429.433,10314,11419
37439.507,10315,11419
37445.102,10316,11419
37451.247,10317,11419
37451.47,10318,11419
37453.543,10319,11419
37454.117,10320,11419
37455.613,10321,11419
37464.481,10322,11419
37468.481,10323,11419
37473.582,10324,11420
37476.386,10325,11421
37479.122,10326,11421
37479.737,10327,11422
37483.792,10328,11422
37511.436,10329,11422
37522.999,10330,11422
37544.918,10331,11422
37545.737,10332,11422
37569.62,10333,11422
37569.937,10334,11422
37604.265,10335,11422
37615.165,10336,11422
37617.477,10337,11422
37620.366,10338,11422
37635.866,10339,11422
37651.902,10340,11422
37659.098,10341,11422
37674.842,10342,11422
37675.648,10343,11422
37689.946,10344,11423
37694.129,10345,11423
37732.54,10346,11423
37749.296,10347,11423
37755.278,10348,11423
37763.011,10349,11423
37774.094,10350,11423
37788.316,10351,11424
37794.766,10352,11424
37794.861,10353,11424
37807.584,10354,11424
37850.955,10355,11424
37852.635,10356,11424
37853.903,10357,11425
37870.199,10358,11425
37875.769,10359,11425
37875.866,10360,11425
37883.962,10361,11425
37890.149,10362,11425
37899.641,10363,11425
37902.021,10364,11425
37903.21,10365,11425
37904.726,10366,11425
37905.483,10367,11425
37912.626,10368,11425
37913.388,10369,11425
37914.539,10370,11425
37915.0,10371,11425
37915.875,10372,11425
37930.979,10373,11433
37946.488,10374,11433
37964.037,10375,11433
37979.678,10376,11433
37981.953,10377,11433
38004.505,10378,11433
38036.725,10379,11434
38037.953,10380,11435
38039.543,10381,11435
38066.096,10382,11436
38084.195,10383,11436
38127.983,10384,11436
38144.478,10385,11436
38165.8,10386,11436
38167.9,10387,11436
38171.97,10388,11436
38173.311,10389,11436
38173.603,10390,11436
38173.64,10391,11436
38178.386,10392,11436
38184.294,10393,11436
38201.395,10394,11436
38201.942,10395,11436
38202.227,10396,11436
38202.46,10397,11436
38202.595,10398,11436
38202.898,10399,11436
38203.661,10400,11436
38203.916,10401,11437
38204.027,10402,11437
38204.522,10403,11437
38207.443,10404,11437
38209.493,10405,11437
38210.903,10406,11437
38211.37,10407,11437
38217.032,10408,11437
38217.079,10409,11437
38218.961,10410,11437
38221.0,10411,11437
38221.81,10412,11437
38222.822,10413,11437
38229.107,10414,11437
38230.664,10415,11437
38232.139,10416,11437
38232.618,10417,11437
38236.356,10418,11437
38239.05,10419,11437
38240.884,10420,11437
38246.096,10421,11437
38254.487,10422,11437
38254.623,10423,11438
38254.648,10424,11438
38255.494,10425,11438
38255.813,10426,11438
38256.726,10427,11438
38258.304,10428,11438
38259.664,10429,11438
38260.122,10430,11438
38260.847,10431,11438
38262.122,10432,11439
38263.322,10433,11439
38263.611,10434,11439
38268.943,10435,11439
38281.322,10436,11439
38287.097,10437,11439
38287.928,10438,11439
38289.094,10439,11439
38291.105,10440,11439
38291.866,10441,11439
38293.229,10442,11439
38294.735,10443,11439
38309.778,10444,11439
38310.008,10445,11439
38310.598,10446,11439
38311.154,10447,11439
38313.422,10448,11439
38313.588,10449,11439
38313.73,10450,11439
38313.757,10451,11439
38317.188,10452,11439
38321.371,10453,11439
38327.705,10454,11439
38336.774,10455,11439
38340.601,10456,11440
38341.451,10457,11440
38341.657,10458,11440
38354.353,10459,11440
38359.009,10460,11440
38359.624,10461,11440
38389.249,10462,11440
38389.294,10463,11440
38391.131,10464,11440
38405.314,10465,11440
38405.597,10466,11440
38405.99,10467,11440
38430.084,10468,11440
38440.032,10469,11440
38456.895,10470,11440
38457.736,10471,11440
38457.844,10472,11440
38458.694,10473,11440
38459.951,10474,11440
38461.692,10475,11440
38463.066,10476,11442
38465.766,10477,11442
38469.708,10478,11442
38477.082,10479,11442
38477.417,10480,11442
38493.979,10481,11442
38494.497,10482,11442
38505.873,10483,11442
38506.637,10484,11442
38509.347,10485,11442
38511.483,10486,11442
38514.572,10487,11442
38524.291,10488,11442
38524.364,10489,11442
38525.271,10490,11443
38531.588,10491,11443
38595.412,10492,11443
38595.709,10493,11443
38621.446,10494,11443
38628.969,10495,11444
38629.851,10496,11444
38630.113,10497,11444
38630.494,10498,11444
38630.59,10499,11444
38631.632,10500,11444
38634.597,10501,11445
38638.998,10502,11445
38640.565,10503,11445
38640.724,10504,11445
38644.315,10505,11445
38644.33,10506,11445
38644.338,10507,11445
38644.58,10508,11445
38645.627,10509,11446
38647.026,10510,11446
38647.192,10511,11446
38648.747,10512,11446
38648.778,10513,11446
38649.99,10514,11446
38650.249,10515,11446
38651.867,10516,11446
38653.739,10517,11446
38656.758,10518,11446
38657.171,10519,11446
38664.874,10520,11446
38676.75,10521,11446
38678.851,10522,11446
38678.947,10523,11446
38679.155,10524,11446
38681.822,10525,11446
38688.813,10526,11446
38698.987,10527,11446
38704.795,10528,11446
38711.634,10529,11446
38717.389,10530,11446
38717.892,10531,11447
38717.978,10532,11447
38720.646,10533,11449
38720.924,10534,11449
38720.987,10535,11453
38721.349,10536,11453
38724.414,10537,11453
38737.869,10538,11453
38751.196,10539,11453
38751.221,10540,11453
38757.734,10541,11453
38764.72,10542,11453
38773.181,10543,11453
38773.737,10544,11453
38778.935,10545,11454
38779.136,10546,11454
38779.498,10547,11454
38780.339,10548,11454
38788.009,10549,11454
38788.541,10550,11454
38798.045,10551,11454
38801.457,10552,11454
38811.901,10553,11454
38819.025,10554,11454
38819.031,10555,11454
38819.498,10556,11455
38821.994,10557,11456
38822.854,10558,11456
38834.052,10559,11457
38834.308,10560,11457
38846.963,10561,11457
38886.958,10562,11458
38919.612,10563,11458
38921.422,10564,11458
38922.622,10565,11458
38924.475,10566,11458
38965.569,10567,11458
38965.617,10568,11458
38966.189,10569,11458
38967.047,10570,11458
38967.906,10571,11458
38968.878,10572,11458
38977.164,10573,11458
38984.594,10574,11458
38988.162,10575,11458
38989.401,10576,11458
38991.319,10577,11458
39008.197,10578,11458
39013.967,10579,11458
39019.861,10580,11461
39034.338,10581,11461
39047.507,10582,11461
39047.53,10583,11461
39047.834,10584,11461
39047.893,10585,11461
39051.696,10586,11462
39071.355,10587,11462
39078.304,10588,11462
39078.71,10589,11462
39078.867,10590,11462
39079.086,10591,11462
39079.471,10592,11462
39081.34,10593,11463
39093.37,10594,11463
39095.202,10595,11463
39102.145,10596,11463
39103.81,10597,11463
39113.756,10598,11463
39117.866,10599,11463
39117.894,10600,11463
39118.942,10601,11463
39122.653,10602,11463
39124.525,10603,11463
39127.018,10604,11463
39135.483,10605,11463
39138.674,10606,11465
39138.854,10607,11466
39139.006,10608,11466
39139.279,10609,11466
39139.708,10610,11466
39145.885,10611,11466
39165.824,10612,11466
39170.533,10613,11466
39172.982,10614,11466
39175.395,10615,11466
39175.743,10616,11466
39177.629,10617,11466
39178.078,10618,11466
39179.432,10619,11466
39202.226,10620,11466
39220.206,10621,11466
39226.664,10622,11466
39236.708,10623,11466
39237.521,10624,11466
39239.13,10625,11466
39245.921,10626,11466
39246.439,10627,11466
39249.084,10628,11466
39249.522,10629,11466
39253.084,10630,11466
39273.564,10631,11466
39292.881,10632,11466
39292.948,10633,11466
39293.214,10634,11466
39293.54,10635,11466
39294.133,10636,11466
39297.281,10637,11466
39301.998,10638,11466
39315.141,10639,11466
39319.859,10640,11471
39327.479,10641,11471
39327.539,10642,11471
39328.655,10643,11471
39335.496,10644,11471
39347.49,10645,11471
39347.659,10646,11471
39355.212,10647,11471
39369.807,10648,11471
39383.718,10649,11471
39383.823,10650,11471
39387.46,10651,11471
39396.391,10652,11471
39411.427,10653,11471
39411.788,10654,11471
39418.833,10655,11471
39419.942,10656,11471
39424.427,10657,11471
39443.716,10658,11471
39443.935,10659,11471
39444.42,10660,11471
39446.742,10661,11471
39447.148,10662,11471
39448.546,10663,11471
39450.268,10664,11471
39452.956,10665,11471
39456.851,10666,11472
39460.468,10667,11472
39466.707,10668,11472
39479.951,10669,11472
39480.658,10670,11472
39480.995,10671,11472
39488.063,10672,11472
39496.844,10673,11472
39503.865,10674,11472
39503.998,10675,11473
39505.178,10676,11473
39524.978,10677,11473
39540.281,10678,11473
39546.869,10679,11473
39568.586,10680,11473
39568.657,10681,11473
39569.922,10682,11473
39573.061,10683,11474
39632.381,10684,11474
39634.964,10685,11474
39638.743,10686,11474
39639.528,10687,11474
39642.054,10688,11474
39646.618,10689,11474
39649.596,10690,11474
39658.041,10691,11475
39667.201,10692,11475
39672.997,10693,11475
39693.247,10694,11475
39707.225,10695,11475
39707.764,10696,11475
39708.189,10697,11475
39715.228,10698,11475
39715.304,10699,11475
39716.084,10700,11475
39716.41,10701,11475
39717.03,10702,11475
39719.287,10703,11475
39721.042,10704,11475
39730.494,10705,11475
39730.899,10706,11475
39739.712,10707,11475
39743.15,10708,11475
39743.209,10709,11475
39747.977,10710,11475
39752.996,10711,11475
39753.769,10712,11475
39762.366,10713,11475
39763.186,10714,11475
39763.967,10715,11475
39764.954,10716,11475
39768.704,10717,11475
39769.953,10718,11475
39784.564,10719,11475
39785.047,10720,11475
39788.615,10721,11475
39791.898,10722,11475
39799.98,10723,11475
39800.241,10724,11475
39824.326,10725,11475
39827.691,10726,11475
39828.494,10727,11475
39829.73,10728,11477
39839.848,10729,11477
39860.072,10730,11477
39860.232,10731,11477
39869.352,10732,11477
39869.937,10733,11477
39880.013,10734,11477
39880.16,10735,11477
39914.339,10736,11477
39914.397,10737,11477
39914.431,10738,11477
39914.441,10739,11477
39914.581,10740,11477
39914.604,10741,11477
39914.912,10742,11477
39915.264,10743,11477
39915.554,10744,11477
39915.57,10745,11477
39915.618,10746,11477
39916.46,10747,11477
39916.509,10748,11477
39917.558,10749,11477
39917.878,10750,11477
39918.273,10751,11477
39920.96,10752,11477
39928.198,10753,11477
39928.277,10754,11477
39938.865,10755,11477
39945.711,10756,11477
39953.401,10757,11477
39979.902,10758,11477
39995.864,10759,11477
39995.87,10760,11477
39996.393,10761,11477
39996.442,10762,11477
39996.646,10763,11477
39998.035,10764,11477
39998.456,10765,11479
40001.689,10766,11479
40005.493,10767,11479
40008.602,10768,11479
40014.674,10769,11479
40014.833,10770,11479
40016.063,10771,11479
40022.019,10772,11479
40022.842,10773,11479
40027.008,10774,11479
40031.991,10775,11479
40033.675,10776,11479
40051.917,10777,11479
40053.448,10778,11479
40054.745,10779,11479
40062.035,10780,11479
40077.166,10781,11479
40077.174,10782,11479
40077.529,10783,11479
40077.619,10784,11479
40078.254,10785,11479
40081.289,10786,11479
40115.927,10787,11479
40143.675,10788,11479
40144.255,10789,11479
40145.901,10790,11479
40146.56,10791,11479
40152.516,10792,11479
40153.413,10793,11479
40154.98,10794,11479
40160.003,10795,11479
40162.426,10796,11479
40181.888,10797,11479
40204.565,10798,11479
40208.36,10799,11479
40225.672,10800,11479
40225.772,10801,11479
40227.022,10802,11479
40227.895,10803,11479
40228.95,10804,11479
40230.035,10805,11479
40230.758,10806,11479
40233.796,10807,11479
40233.898,10808,11479
40233.966,10809,11479
40240.032,10810,11479
40255.428,10811,11479
40259.422,10812,11479
40304.624,10813,11479
40304.758,10814,11479
40305.65,10815,11479
40306.282,10816,11479
40306.946,10817,11479
40309.256,10818,11479
40311.137,10819,11479
40315.35,10820,11479
40323.364,10821,11480
40336.102,10822,11480
40368.159,10823,11480
40368.216,10824,11480
40395.692,10825,11480
40399.724,10826,11480
40426.895,10827,11480
40427.877,10828,11480
40430.378,10829,11480
40443.819,10830,11480
40447.421,10831,11480
40459.392,10832,11483
40488.709,10833,11484
40497.752,10834,11484
40498.551,10835,11484
40524.848,10836,11485
40565.54,10837,11485
40575.358,10838,11485
40578.482,10839,11485
40599.718,10840,11486
40614.21,10841,11486
40621.897,10842,11486
40642.036,10843,11486
40644.117,10844,11486
40664.424,10845,11486
40665.794,10846,11486
40666.709,10847,11486
40673.132,10848,11486
40673.284,10849,11486
40673.302,10850,11486
40673.483,10851,11486
40677.535,10852,11486
40677.635,10853,11486
40677.649,10854,11486
40685.049,10855,11486
40696.638,10856,11487
40698.353,10857,11487
40698.433,10858,11487
40698.582,10859,11487
40698.767,10860,11487
40698.885,10861,11487
40700.739,10862,11487
40701.179,10863,11487
40701.685,10864,11487
40728.233,10865,11487
40737.78,10866,11487
40759.386,10867,11487
40759.729,10868,11487
40786.068,10869,11487
40786.446,10870,11487
40792.828,10871,11487
40834.99,10872,11489
40841.63,10873,11489
40842.223,10874,11489
40842.335,10875,11489
40842.36,10876,11489
40842.381,10877,11489
40842.604,10878,11489
40842.616,10879,11489
40843.146,10880,11489
40843.807,10881,11489
40845.297,10882,11489
40846.016,10883,11490
40856.746,10884,11490
40860.333,10885,11490
40875.728,10886,11490
40876.212,10887,11490
40897.71,10888,11490
40902.869,10889,11490
40904.871,10890,11490
40938.707,10891,11490
40939.95,10892,11490
40955.502,10893,11490
40964.83,10894,11490
40967.789,10895,11490
40986.143,10896,11490
41003.2,10897,11490
41005.917,10898,11490
41023.067,10899,11490
41024.145,10900,11492
41024.172,10901,11492
41043.323,10902,11492
41046.808,10903,11492
41049.113,10904,11492
41054.759,10905,11492
41055.068,10906,11492
41058.294,10907,11492
41072.661,10908,11492
41074.271,10909,11492
41074.32,10910,11492
41076.292,10911,11492
41076.732,10912,11494
41079.239,10913,11494
41079.516,10914,11494
41081.166,10915,11494
41081.924,10916,11494
41085.347,10917,11494
41086.653,10918,11494
41095.254,10919,11494
41109.245,10920,11494
41126.015,10921,11494
41135.237,10922,11494
41135.624,10923,11494
41135.792,10924,11494
41137.002,10925,11494
41137.833,10926,11494
41144.128,10927,11494
41148.663,10928,11494
41149.819,10929,11494
41150.426,10930,11494
41151.99,10931,11494
41156.052,10932,11494
41162.044,10933,11494
41168.503,10934,11494
41183.098,10935,11494
41210.079,10936,11494
41216.797,10937,11496
41219.11,10938,11496
41222.439,10939,11496
41242.114,10940,11496
41248.957,10941,11496
41249.05,10942,11496
41254.272,10943,11496
41256.163,10944,11496
41293.079,10945,11496
41308.117,10946,11496
41308.464,10947,11496
41314.434,10948,11496
41319.325,10949,11496
41326.375,10950,11496
41333.549,10951,11496
41339.545,10952,11496
41339.898,10953,11496
41342.996,10954,11496
41357.767,10955,11496
41381.84,10956,11496
41391.273,10957,11496
41396.692,10958,11497
41408.646,10959,11498
41427.507,10960,11498
41431.881,10961,11498
41432.215,10962,11498
41432.671,10963,11498
41435.4,10964,11498
41435.979,10965,11498
41436.906,10966,11498
41437.127,10967,11498
41449.544,10968,11498
41462.986,10969,11498
41463.477,10970,11498
41464.315,10971,11498
41465.361,10972,11498
41465.423,10973,11498
41474.886,10974,11498
41512.798,10975,11498
41536.455,10976,11498
41536.72,10977,11498
41538.919,10978,11498
41539.785,10979,11498
41552.535,10980,11498
41556.515,10981,11498
41556.881,10982,11498
41560.588,10983,11498
41560.905,10984,11498
41588.738,10985,11498
41602.632,10986,11498
41618.555,10987,11498
41625.41,10988,11498
41625.661,10989,11498
41631.637,10990,11498
41640.046,10991,11498
41651.387,10992,11498
41666.831,10993,11498
41666.904,10994,11498
41666.942,10995,11498
41718.08,10996,11498
41719.368,10997,11498
41737.743,10998,11498
41746.008,10999,11498
41777.679,11000,11498
41778.993,11001,11499
41790.257,11002,11499
41795.107,11003,11499
41795.122,11004,11499
41795.219,11005,11499
41795.25,11006,11499
41820.244,11007,11499
41847.73,11008,11499
41849.235,11009,11500
41856.638,11010,11500
41860.987,11011,11500
41895.961,11012,11500
41938.325,11013,11500
41992.95,11014,11500
41995.279,11015,11500
41996.248,11016,11500
42004.291,11017,11500
42027.583,11018,11500
42027.715,11019,11500
42047.699,11020,11500
42047.857,11021,11500
42050.03,11022,11500
42054.742,11023,11500
42059.978,11024,11500
42064.951,11025,11500
42069.118,11026,11500
42090.503,11027,11500
42134.691,11028,11500
42148.128,11029,11500
42165.149,11030,11500
42187.431,11031,11500
42193.586,11032,11500
42198.409,11033,11500
42219.865,11034,11500
42219.996,11035,11500
42223.961,11036,11500
42225.771,11037,11500
42248.802,11038,11500
42255.926,11039,11500
42278.073,11040,11500
42279.482,11041,11500
42280.79,11042,11500
42300.94,11043,11500
42311.896,11044,11500
42333.902,11045,11500
42334.19,11046,11500
42344.992,11047,11500
42345.059,11048,11500
42352.123,11049,11500
42354.868,11050,11500
42358.236,11051,11500
42358.328,11052,11500
42359.197,11053,11500
42359.273,11054,11500
42359.322,11055,11500
42361.178,11056,11500
42361.608,11057,11500
42362.748,11058,11500
42363.21,11059,11500
42363.312,11060,11500
42364.117,11061,11500
42387.204,11062,11500
42387.407,11063,11500
42391.946,11064,11501
42403.181,11065,11501
42403.251,11066,11501
42403.767,11067,11501
42403.779,11068,11501
42404.98,11069,11525
42405.056,11070,11525
42410.717,11071,11527
42413.179,11072,11528
42413.315,11073,11528
42413.463,11074,11529
42413.584,11075,11534
42413.627,11076,11534
42413.688,11077,11534
42413.699,11078,11534
42413.725,11079,11534
42413.781,11080,11534
42413.952,11081,11534
42413.975,11082,11534
42414.042,11083,11535
42414.465,11084,11535
42415.524,11085,11535
42416.241,11086,11535
42420.197,11087,11535
42420.254,11088,11536
42422.745,11089,11537
42422.856,11090,11537
42432.875,11091,11537
42459.843,11092,11537
42483.225,11093,11537
42483.289,11094,11537
42483.509,11095,11537
42486.961,11096,11538
42486.992,11097,11538
42487.171,11098,11538
42487.193,11099,11538
42487.215,11100,11538
42488.08,11101,11538
42488.406,11102,11538
42489.118,11103,11538
42489.353,11104,11538
42491.058,11105,11538
42491.344,11106,11538
42492.133,11107,11538
42494.391,11108,11538
42499.098,11109,11538
42504.303,11110,11538
42505.116,11111,11538
42506.771,11112,11538
42509.267,11113,11538
42511.194,11114,11538
42512.788,11115,11538
42531.777,11116,11538
42552.002,11117,11538
42572.242,11118,11538
42576.893,11119,11538
42577.37,11120,11538
42578.355,11121,11538
42580.612,11122,11538
42581.544,11123,11538
42582.895,11124,11538
42587.499,11125,11538
42591.96,11126,11539
42621.225,11127,11539
42621.576,11128,11542
42623.336,11129,11542
42626.74,11130,11542
42626.856,11131,11542
42642.108,11132,11542
42643.663,11133,11542
42655.048,11134,11542
42656.125,11135,11542
42681.849,11136,11542
42683.475,11137,11542
42704.534,11138,11542
42718.108,11139,11542
42733.217,11140,11542
42743.583,11141,11542
42743.879,11142,11542
42748.942,11143,11542
42757.699,11144,11542
42766.79,11145,11542
42767.011,11146,11542
42785.99,11147,11542
42820.608,11148,11542
42831.014,11149,11542
42833.155,11150,11542
42834.785,11151,11542
42851.147,11152,11542
42884.735,11153,11542
42890.501,11154,11542
42891.991,11155,11542
42892.911,11156,11542
42906.684,11157,11542
42911.894,11158,11542
42921.62,11159,11542
42924.907,11160,11542
42930.726,11161,11543
42946.499,11162,11579
42947.323,11163,11579
42947.814,11164,11579
42956.643,11165,11579
42995.983,11166,11579
42996.033,11167,11579
42998.67,11168,11579
42999.201,11169,11579
43001.825,11170,11579
43005.791,11171,11579
43014.571,11172,11579
43038.678,11173,11579
43043.059,11174,11579
43044.493,11175,11579
43047.519,11176,11579
43086.074,11177,11579
43088.373,11178,11579
43105.433,11179,11579
43181.134,11180,11579
43203.584,11181,11579
43210.754,11182,11579
43221.514,11183,11579
43231.188,11184,11579
43231.196,11185,11579
43231.212,11186,11579
43231.231,11187,11579
43231.279,11188,11579
43231.576,11189,11579
43231.823,11190,11579
43232.727,11191,11579
43233.713,11192,11579
43234.299,11193,11579
43235.717,11194,11580
43237.998,11195,11580
43254.573,11196,11580
43267.131,11197,11580
43274.354,11198,11580
43282.099,11199,11580
43312.334,11200,11580
43314.398,11201,11580
43325.616,11202,11580
43333.415,11203,11580
43333.809,11204,11580
43334.829,11205,11580
43336.278,11206,11580
43341.259,11207,11580
43349.646,11208,11580
43349.885,11209,11580
43353.446,11210,11580
43356.295,11211,11580
43362.907,11212,11580
43363.822,11213,11580
43404.068,11214,11580
43409.582,11215,11580
43409.718,11216,11580
43412.007,11217,11580
43416.854,11218,11580
43435.786,11219,11580
43445.123,11220,11581
43462.542,11221,11581
43475.05,11222,11581
43476.698,11223,11583
43484.816,11224,11583
43493.33,11225,11583
43499.994,11226,11583
43501.638,11227,11583
43508.619,11228,11583
43512.146,11229,11583
43535.129,11230,11583
43536.779,11231,11583
43536.852,11232,11583
43549.451,11233,11583
43557.535,11234,11583
43558.156,11235,11583
43578.483,11236,11583
43603.959,11237,11584
43605.305,11238,11584
43636.627,11239,11584
43654.692,11240,11584
43654.765,11241,11584
43656.123,11242,11584
43658.086,11243,11584
43667.438,11244,11584
43667.837,11245,11584
43669.771,11246,11584
43673.086,11247,11584
43675.693,11248,11584
43684.143,11249,11584
43684.216,11250,11584
43684.344,11251,11584
43684.49,11252,11584
43684.521,11253,11584
43684.764,11254,11584
43685.044,11255,11584
43685.084,11256,11584
43685.712,11257,11584
43685.909,11258,11584
43693.431,11259,11584
43696.967,11260,11584
43729.954,11261,11584
43729.991,11262,11584
43730.611,11263,11584
43732.67,11264,11584
43735.764,11265,11588
43747.801,11266,11588
43751.666,11267,11588
43756.285,11268,11588
43767.461,11269,11588
43779.565,11270,11589
43809.694,11271,11589
43810.404,11272,11589
43833.131,11273,11589
43836.978,11274,11589
43850.861,11275,11589
43858.953,11276,11589
43858.97,11277,11589
43858.976,11278,11589
43859.043,11279,11589
43860.999,11280,11589
43863.85,11281,11589
43866.276,11282,11589
43867.366,11283,11589
43879.963,11284,11589
43884.575,11285,11589
43896.198,11286,11589
43927.623,11287,11590
43929.135,11288,11590
43937.936,11289,11590
43945.366,11290,11590
43950.828,11291,11590
43975.74,11292,11594
43980.49,11293,11594
43983.957,11294,11597
44008.572,11295,11597
44018.728,11296,11597
44020.769,11297,11597
44020.887,11298,11597
44097.573,11299,11597
44098.155,11300,11597
44098.812,11301,11597
44101.491,11302,11597
44103.881,11303,11597
44106.434,11304,11597
44158.596,11305,11597
44176.435,11306,11597
44185.441,11307,11597
44221.376,11308,11597
44221.827,11309,11597
44227.703,11310,11597
44228.036,11311,11597
44242.906,11312,11597
44248.307,11313,11597
44250.073,11314,11597
44251.506,11315,11597
44267.696,11316,11597
44282.534,11317,11597
44313.277,11318,11597
44315.148,11319,11597
44317.719,11320,11598
44318.002,11321,11598
44325.951,11322,11598
44335.046,11323,11598
44336.788,11324,11598
44365.458,11325,11598
44384.364,11326,11598
44405.087,11327,11598
44412.307,11328,11598
44427.66,11329,11598
44442.198,11330,11598
44442.353,11331,11598
44444.597,11332,11598
44447.359,11333,11598
44453.598,11334,11598
44453.787,11335,11598
44461.626,11336,11598
44486.864,11337,11598
44487.764,11338,11598
44493.036,11339,11598
44503.323,11340,11598
44503.817,11341,11598
44514.499,11342,11598
44514.507,11343,11598
44514.561,11344,11598
44520.483,11345,11598
44520.499,11346,11598
44521.053,11347,11598
44549.853,11348,11598
44573.983,11349,11600
44583.669,11350,11600
44584.584,11351,11600
44592.51,11352,11600
44592.678,11353,11600
44592.752,11354,11600
44594.396,11355,11600
44596.401,11356,11600
44597.414,11357,11600
44597.906,11358,11600
44598.16,11359,11600
44598.242,11360,11600
44612.882,11361,11600
44617.186,11362,11600
44634.48,11363,11600
44636.227,11364,11600
44636.682,11365,11600
44642.027,11366,11600
44644.991,11367,11600
44670.966,11368,11600
44671.188,11369,11601
44677.593,11370,11601
44703.862,11371,11601
44722.223,11372,11601
44739.263,11373,11601
44777.972,11374,11601
44829.468,11375,11601
44831.383,11376,11601
44831.402,11377,11601
44831.489,11378,11601
44831.5,11379,11601
44834.609,11380,11601
44842.446,11381,11601
44856.661,11382,11601
44867.347,11383,11601
44867.789,11384,11601
44870.785,11385,11601
44870.808,11386,11601
44894.537,11387,11601
44903.655,11388,11601
44904.165,11389,11601
44913.352,11390,11601
44913.935,11391,11601
44916.447,11392,11601
44939.916,11393,11601
44944.259,11394,11601
44948.967,11395,11601
44975.309,11396,11601
44975.489,11397,11601
44977.057,11398,11601
45025.364,11399,11601
45026.953,11400,11601
45043.455,11401,11601
45051.637,11402,11601
45080.247,11403,11603
45085.786,11404,11603
45085.853,11405,11603
45087.079,11406,11603
45091.065,11407,11603
45094.889,11408,11603
45137.636,11409,11603
45147.633,11410,11603
45148.489,11411,11603
45150.587,11412,11604
45151.064,11413,11605
45170.839,11414,11605
45173.154,11415,11605
45202.424,11416,11605
45202.499,11417,11605
45203.714,11418,11605
45205.463,11419,11605
45207.616,11420,11605
45209.63,11421,11605
45215.927,11422,11605
45217.277,11423,11605
45224.03,11424,11605
45226.9,11425,11605
45231.2,11426,11605
45231.786,11427,11605
45233.94,11428,11605
45234.287,11429,11605
45234.772,11430,11605
45239.054,11431,11605
45240.062,11432,11605
45240.827,11433,11605
45243.88,11434,11605
45326.427,11435,11605
45349.639,11436,11605
45349.945,11437,11605
45350.373,11438,11605
45355.154,11439,11605
45358.267,11440,11605
45359.231,11441,11605
45360.795,11442,11605
45360.82,11443,11605
45361.203,11444,11606
45403.103,11445,11606
45403.765,11446,11606
45427.143,11447,11606
45433.709,11448,11606
45449.759,11449,11606
45450.467,11450,11606
45451.794,11451,11606
45452.296,11452,11606
45453.092,11453,11606
45455.765,11454,11606
45456.014,11455,11606
45456.954,11456,11606
45477.912,11457,11606
45480.193,11458,11606
45511.588,11459,11606
45513.441,11460,11606
45524.104,11461,11606
45569.92,11462,11606
45582.278,11463,11606
45587.964,11464,11606
45597.396,11465,11606
45603.348,11466,11606
45614.367,11467,11606
45662.336,11468,11606
45662.678,11469,11606
45663.82,11470,11606
45663.834,11471,11606
45663.996,11472,11606
45666.495,11473,11606
45667.679,11474,11606
45677.559,11475,11606
45679.494,11476,11606
45692.457,11477,11606
45710.556,11478,11606
45740.438,11479,11606
45741.247,11480,11606
45749.157,11481,11606
45755.461,11482,11606
45757.228,11483,11606
45757.538,11484,11606
45758.18,11485,11610
45764.944,11486,11611
45764.954,11487,11611
45764.985,11488,11611
45764.993,11489,11611
45765.0,11490,11611
45765.014,11491,11611
45765.039,11492,11611
45765.07,11493,11611
45765.077,11494,11611
45765.11,11495,11611
45765.171,11496,11611
45765.185,11497,11611
45765.199,11498,11611
45765.231,11499,11611
45765.277,11500,11611
45765.371,11501,11611
45765.392,11502,11611
45765.49,11503,11611
45765.6,11504,11611
45766.937,11505,11612
45767.069,11506,11612
45769.312,11507,11612
45770.332,11508,11612
45770.736,11509,11612
45771.683,11510,11612
45774.238,11511,11612
45781.793,11512,11612
45781.864,11513,11612
45798.054,11514,11612
45798.388,11515,11612
45798.493,11516,11612
45800.036,11517,11612
45813.387,11518,11612
45813.933,11519,11612
45814.969,11520,11612
45832.918,11521,11612
45832.935,11522,11612
45833.105,11523,11612
45859.172,11524,11612
45862.652,11525,11612
45873.118,11526,11612
45883.903,11527,11613
45893.689,11528,11613
45905.634,11529,11613
45970.609,11530,11613
45987.211,11531,11622
45995.983,11532,11622
45996.057,11533,11622
45996.337,11534,11622
45999.583,11535,11622
46008.754,11536,11622
46015.489,11537,11622
46031.885,11538,11622
46047.236,11539,11622
46061.606,11540,11622
46066.603,11541,11622
46070.962,11542,11622
46071.067,11543,11622
46079.613,11544,11622
46088.612,11545,11622
46089.428,11546,11622
46089.832,11547,11622
46089.929,11548,11622
46089.977,11549,11622
46090.616,11550,11622
46098.256,11551,11622
46105.219,11552,11622
46122.313,11553,11622
46132.334,11554,11622
46178.621,11555,11623
46179.176,11556,11623
46199.321,11557,11623
46220.887,11558,11623
46245.967,11559,11623
46252.102,11560,11623
46288.547,11561,11623
46290.475,11562,11623
46296.94,11563,11623
46302.329,11564,11623
46310.736,11565,11623
46311.354,11566,11623
46313.782,11567,11623
46341.274,11568,11624
46341.427,11569,11624
46357.802,11570,11624
46359.851,11571,11624
46368.361,11572,11624
46380.383,11573,11624
46398.755,11574,11624
46407.741,11575,11624
46407.878,11576,11624
46408.435,11577,11624
46410.314,11578,11624
46411.886,11579,11624
46417.587,11580,11624
46418.16,11581,11624
46432.11,11582,11624
46446.078,11583,11624
46449.086,11584,11624
46487.332,11585,11624
46511.019,11586,11624
46513.608,11587,11629
46514.906,11588,11629
46515.018,11589,11629
46515.108,11590,11629
46516.981,11591,11629
46523.554,11592,11629
46523.95,11593,11629
46528.526,11594,11629
46539.103,11595,11629
46543.771,11596,11629
46547.187,11597,11629
46556.419,11598,11629
46556.766,11599,11629
46570.526,11600,11629
46570.63,11601,11629
46612.701,11602,11629
46622.438,11603,11641
46623.507,11604,11641
46623.523,11605,11641
46652.55,11606,11641
46694.613,11607,11641
46694.664,11608,11641
46698.668,11609,11641
46721.501,11610,11641
46728.435,11611,11641
46735.789,11612,11641
46736.0,11613,11641
46736.128,11614,11641
46736.347,11615,11641
46737.597,11616,11641
46738.943,11617,11641
46738.997,11618,11641
46740.849,11619,11641
46741.589,11620,11641
46741.608,11621,11641
46742.064,11622,11641
46742.793,11623,11641
46742.843,11624,11641
46744.958,11625,11641
46745.682,11626,11641
46747.146,11627,11641
46754.285,11628,11641
46755.857,11629,11642
46758.472,11630,11642
46785.769,11631,11642
46786.069,11632,11642
46794.206,11633,11643
46796.467,11634,11643
46796.614,11635,11643
46801.574,11636,11643
46805.284,11637,11643
46816.021,11638,11643
46836.646,11639,11643
46842.295,11640,11643
46844.333,11641,11643
46846.951,11642,11643
46846.972,11643,11643
46852.535,11644,11643
46852.695,11645,11643
46859.089,11646,11643
46864.424,11647,11643
46880.092,11648,11643
46979.777,11649,11643
46979.986,11650,11643
46982.168,11651,11643
46984.648,11652,11643
46988.073,11653,11643
46992.976,11654,11643
46993.692,11655,11643
46993.881,11656,11643
47024.824,11657,11643
47026.532,11658,11643
47026.547,11659,11643
47026.698,11660,11643
47027.971,11661,11643
47029.111,11662,11643
47039.659,11663,11643
47047.546,11664,11643
47066.589,11665,11643
47068.34,11666,11643
47068.479,11667,11643
47070.109,11668,11643
47070.478,11669,11643
47071.724,11670,11643
47072.184,11671,11643
47072.271,11672,11643
47077.798,11673,11643
47079.744,11674,11643
47082.588,11675,11643
47088.496,11676,11643
47109.911,11677,11643
47110.82,11678,11643
47113.224,11679,11643
47120.097,11680,11643
47134.368,11681,11643
47142.792,11682,11643
47175.094,11683,11643
47175.663,11684,11645
47182.594,11685,11645
47183.483,11686,11645
47218.386,11687,11645
47222.37,11688,11645
47234.194,11689,11645
47234.227,11690,11645
47234.27,11691,11645
47234.325,11692,11645
47234.405,11693,11645
47234.637,11694,11645
47236.298,11695,11645
47236.877,11696,11645
47237.04,11697,11645
47238.46,11698,11645
47240.429,11699,11645
47248.562,11700,11645
47263.517,11701,11645
47263.784,11702,11645
47271.911,11703,11645
47274.548,11704,11645
47328.023,11705,11645
47402.505,11706,11645
47407.945,11707,11645
47407.987,11708,11645
47408.228,11709,11645
47409.756,11710,11645
47428.489,11711,11645
47445.83,11712,11645
47445.876,11713,11645
47486.218,11714,11645
47486.481,11715,11645
47486.983,11716,11645
47491.372,11717,11645
47520.185,11718,11645
47524.301,11719,11645
47548.188,11720,11645
47572.618,11721,11645
47588.924,11722,11645
47618.304,11723,11645
47643.846,11724,11645
47645.84,11725,11645
47651.154,11726,11645
47655.218,11727,11645
47693.72,11728,11645
47694.978,11729,11645
47712.184,11730,11645
47719.063,11731,11645
47722.012,11732,11646
47732.72,11733,11646
47768.168,11734,11646
47768.236,11735,11646
47768.264,11736,11646
47768.272,11737,11646
47768.637,11738,11646
47769.323,11739,11646
47769.525,11740,11646
47769.535,11741,11646
47769.545,11742,11646
47770.354,11743,11646
47771.04,11744,11646
47771.687,11745,11646
47773.331,11746,11646
47774.265,11747,11646
47777.727,11748,11646
47781.933,11749,11646
47784.497,11750,11646
47784.537,11751,11646
47784.584,11752,11646
47787.774,11753,11646
47790.682,11754,11646
47796.262,11755,11646
47805.13,11756,11646
47806.006,11757,11646
47839.336,11758,11646
47840.556,11759,11646
47856.705,11760,11646
47875.299,11761,11646
47875.926,11762,11646
47878.896,11763,11646
47885.582,11764,11646
47885.618,11765,11646
47885.732,11766,11646
47895.56,11767,11646
47908.228,11768,11646
47918.137,11769,11646
47948.621,11770,11646
47953.199,11771,11646
47965.613,11772,11646
47966.793,11773,11646
47968.812,11774,11646
47970.177,11775,11646
47975.601,11776,11646
48020.007,11777,11646
48020.469,11778,11646
48021.267,11779,11646
48040.769,11780,11646
48047.9,11781,11646
48049.115,11782,11646
48053.24,11783,11646
48059.491,11784,11646
48064.735,11785,11650
48078.587,11786,11650
48082.152,11787,11650
48089.56,11788,11650
48092.506,11789,11650
48093.216,11790,11650
48096.886,11791,11650
48098.739,11792,11650
48108.898,11793,11650
48118.456,11794,11650
48126.673,11795,11650
48126.928,11796,11650
48127.416,11797,11650
48128.73,11798,11650
48129.548,11799,11650
48135.097,11800,11650
48173.919,11801,11650
48190.205,11802,11650
48191.722,11803,11650
48191.744,11804,11650
48192.819,11805,11650
48196.283,11806,11650
48202.347,11807,11650
48203.914,11808,11650
48207.646,11809,11650
48209.63,11810,11650
48210.812,11811,11650
48214.05,11812,11650
48235.877,11813,11650
48235.923,11814,11650
48236.11,11815,11650
48266.406,11816,11650
48275.481,11817,11650
48292.16,11818,11650
48292.248,11819,11650
48297.232,11820,11650
48311.125,11821,11650
48328.399,11822,11650
48332.775,11823,11650
48334.072,11824,11651
48335.417,11825,11651
48344.76,11826,11651
48348.82,11827,11651
48365.645,11828,11651
48365.664,11829,11651
48368.494,11830,11651
48371.516,11831,11651
48381.3,11832,11651
48388.343,11833,11651
48396.844,11834,11651
48412.357,11835,11651
48412.524,11836,11651
48413.405,11837,11651
48424.555,11838,11651
48426.81,11839,11651
48428.181,11840,11651
48446.099,11841,11651
48446.305,11842,11651
48447.026,11843,11651
48447.806,11844,11651
48448.969,11845,11651
48449.144,11846,11652
48450.662,11847,11652
48451.404,11848,11652
48451.758,11849,11652
48453.037,11850,11652
48453.787,11851,11652
48464.294,11852,11652
48464.311,11853,11652
48470.83,11854,11652
48485.862,11855,11652
48497.805,11856,11652
48499.378,11857,11652
48501.613,11858,11652
48502.899,11859,11652
48512.936,11860,11652
48528.945,11861,11652
48566.784,11862,11652
48566.804,11863,11652
48571.789,11864,11652
48572.017,11865,11652
48604.165,11866,11652
48677.826,11867,11652
48683.246,11868,11652
48683.336,11869,11652
48684.279,11870,11652
48686.455,11871,11652
48687.683,11872,11652
48700.826,11873,11652
48703.905,11874,11652
48703.949,11875,11652
48703.981,11876,11652
48706.075,11877,11653
48707.642,11878,11653
48708.449,11879,11653
48709.038,11880,11653
48710.411,11881,11653
48717.532,11882,11653
48729.543,11883,11653
48729.697,11884,11654
48730.227,11885,11654
48731.816,11886,11654
48732.056,11887,11654
48733.086,11888,11654
48733.227,11889,11656
48734.082,11890,11662
48735.198,11891,11662
48735.52,11892,11662
48736.79,11893,11663
48744.295,11894,11663
48747.51,11895,11663
48747.993,11896,11663
48755.915,11897,11663
48756.243,11898,11663
48759.064,11899,11663
48759.087,11900,11663
48759.191,11901,11663
48759.819,11902,11663
48761.937,11903,11663
48787.848,11904,11663
48788.211,11905,11663
48789.415,11906,11663
48793.276,11907,11663
48796.446,11908,11663
48799.479,11909,11664
48806.362,11910,11664
48806.371,11911,11664
48808.478,11912,11664
48808.506,11913,11664
48808.732,11914,11664
48820.772,11915,11664
48820.86,11916,11664
48821.238,11917,11664
48822.343,11918,11664
48822.876,11919,11664
48823.276,11920,11664
48823.382,11921,11664
48827.666,11922,11664
48831.163,11923,11664
48845.691,11924,11664
48848.807,11925,11664
48850.19,11926,11664
48854.37,11927,11664
48877.696,11928,11664
48892.019,11929,11664
48892.733,11930,11664
48894.985,11931,11664
48908.32,11932,11664
48912.523,11933,11664
48915.157,11934,11664
48916.247,11935,11664
48925.495,11936,11664
48936.767,11937,11664
48937.63,11938,11664
48948.411,11939,11664
48960.145,11940,11665
48980.608,11941,11665
48995.063,11942,11665
48998.678,11943,11665
48998.719,11944,11665
49003.808,11945,11665
49008.37,11946,11665
49008.58,11947,11665
49008.616,11948,11665
49009.459,11949,11665
49012.004,11950,11665
49012.962,11951,11665
49020.878,11952,11665
49021.409,11953,11665
49021.505,11954,11665
49023.812,11955,11665
49025.68,11956,11665
49027.101,11957,11665
49028.806,11958,11665
49041.77,11959,11665
49042.093,11960,11665
49042.826,11961,11665
49042.858,11962,11665
49043.941,11963,11665
49047.545,11964,11665
49047.793,11965,11665
49049.863,11966,11665
49050.469,11967,11665
49052.249,11968,11665
49060.818,11969,11665
49075.001,11970,11665
49075.009,11971,11665
49075.048,11972,11665
49100.117,11973,11665
49100.366,11974,11665
49101.387,11975,11665
49101.53,11976,11665
49106.956,11977,11665
49116.45,11978,11665
49145.375,11979,11665
49145.462,11980,11665
49145.482,11981,11665
49158.016,11982,11665
49160.976,11983,11665
49168.057,11984,11665
49168.285,11985,11665
49173.987,11986,11665
49189.353,11987,11665
49229.902,11988,11665
49234.029,11989,11665
49240.391,11990,11665
49279.661,11991,11665
49292.471,11992,11665
49294.308,11993,11666
49316.906,11994,11666
49335.317,11995,11666
49335.46,11996,11666
49345.038,11997,11666
49368.872,11998,11666
49383.254,11999,11666
49384.78,12000,11666
49388.596,12001,11666
49388.891,12002,11666
49392.437,12003,11666
49410.845,12004,11666
49411.406,12005,11666
49422.586,12006,11666
49422.729,12007,11666
49423.157,12008,11666
49436.393,12009,11666
49437.197,12010,11666
49440.572,12011,11666
49456.637,12012,11666
49461.915,12013,11666
49461.965,12014,11666
49462.083,12015,11666
49462.4,12016,11666
49463.323,12017,11666
49486.607,12018,11666
49488.75,12019,11666
49488.784,12020,11666
49504.818,12021,11666
49513.607,12022,11666
49513.817,12023,11666
49518.456,12024,11666
49518.575,12025,11666
49522.739,12026,11666
49533.332,12027,11666
49534.878,12028,11666
49535.572,12029,11666
49538.556,12030,11666
49540.843,12031,11667
49543.42,12032,11667
49545.408,12033,11667
49549.795,12034,11668
49553.836,12035,11668
49554.306,12036,11668
49554.34,12037,11668
49554.808,12038,11668
49556.038,12039,11668
49569.613,12040,11668
49569.808,12041,11668
49569.989,12042,11668
49570.297,12043,11668
49570.943,12044,11668
49572.368,12045,11668
49576.66,12046,11668
49583.811,12047,11668
49584.306,12048,11668
49587.148,12049,11668
49596.294,12050,11668
49598.063,12051,11668
49609.37,12052,11668
49617.063,12053,11668
49631.813,12054,11668
49631.889,12055,11668
49635.787,12056,11668
49636.102,12057,11668
49639.46,12058,11668
49641.979,12059,11668
49645.881,12060,11668
49671.006,12061,11670
49671.156,12062,11670
49674.63,12063,11670
49674.79,12064,11670
49674.814,12065,11670
49675.028,12066,11670
49675.652,12067,11670
49676.955,12068,11670
49682.353,12069,11670
49682.84,12070,11670
49693.762,12071,11670
49694.858,12072,11670
49700.647,12073,11670
49715.419,12074,11670
49715.527,12075,11670
49715.553,12076,11670
49715.786,12077,11670
49715.903,12078,11670
49715.979,12079,11670
49716.16,12080,11670
49716.301,12081,11670
49716.433,12082,11670
49716.495,12083,11670
49716.77,12084,11670
49716.932,12085,11670
49717.503,12086,11670
49717.763,12087,11670
49717.84,12088,11670
49717.983,12089,11670
49718.487,12090,11670
49718.737,12091,11670
49719.152,12092,11670
49719.659,12093,11670
49719.729,12094,11670
49720.245,12095,11670
49720.343,12096,11670
49720.915,12097,11670
49721.655,12098,11670
49722.492,12099,11670
49722.709,12100,11670
49723.037,12101,11670
49723.488,12102,11670
49723.51,12103,11670
49723.933,12104,11670
49724.16,12105,11670
49725.399,12106,11670
49725.585,12107,11670
49725.648,12108,11670
49725.924,12109,11670
49728.484,12110,11670
49728.545,12111,11670
49728.811,12112,11670
49729.367,12113,11670
49731.852,12114,11670
49732.047,12115,11670
49733.051,12116,11670
49750.747,12117,11670
49751.351,12118,11670
49760.04,12119,11670
49761.957,12120,11670
49763.562,12121,11670
49763.616,12122,11670
49764.066,12123,11670
49764.456,12124,11670
49764.679,12125,11670
49765.013,12126,11670
49765.349,12127,11670
49765.715,12128,11670
49765.973,12129,11670
49766.764,12130,11670
49766.96,12131,11670
49767.617,12132,11670
49767.733,12133,11670
49767.878,12134,11670
49768.259,12135,11670
49768.308,12136,11670
49768.9,12137,11670
49769.926,12138,11670
49771.097,12139,11670
49771.142,12140,11670
49771.205,12141,11670
49771.278,12142,11670
49772.151,12143,11670
49772.347,12144,11670
49772.374,12145,11670
49772.469,12146,11670
49774.84,12147,11670
49774.995,12148,11670
49775.791,12149,11670
49793.946,12150,11670
49795.875,12151,11670
49801.367,12152,11670
49825.563,12153,11670
49828.561,12154,11670
49828.622,12155,11670
49828.663,12156,11670
49828.687,12157,11670
49829.372,12158,11670
49829.59,12159,11670
49830.552,12160,11670
49831.013,12161,11670
49833.473,12162,11670
49833.921,12163,11670
49834.055,12164,11670
49834.09,12165,11670
49834.486,12166,11670
49836.031,12167,11670
49836.929,12168,11670
49837.86,12169,11670
49840.056,12170,11670
49840.226,12171,11670
49864.16,12172,11670
49872.094,12173,11670
49880.723,12174,11670
49882.408,12175,11670
49886.24,12176,11670
49886.303,12177,11670
49886.382,12178,11670
49971.158,12179,11670
49983.385,12180,11670
49983.647,12181,11670
49983.68,12182,11670
49983.924,12183,11670
49983.971,12184,11670
49984.183,12185,11670
49984.25,12186,11670
49985.063,12187,11670
49985.217,12188,11670
49985.318,12189,11670
49985.346,12190,11670
49985.545,12191,11670
49985.984,12192,11670
49986.213,12193,11670
49986.263,12194,11670
49987.11,12195,11670
49987.354,12196,11670
49987.436,12197,11670
49987.834,12198,11670
49989.162,12199,11670
49991.513,12200,11670
49992.287,12201,11670
49992.915,12202,11670
49993.023,12203,11670
49993.41,12204,11670
49994.067,12205,11670
49994.876,12206,11670
49996.433,12207,11670
49996.773,12208,11670
49997.573,12209,11670
49997.806,12210,11670
49998.068,12211,11670
50004.652,12212,11670
50020.111,12213,11670
50037.037,12214,11670
50039.054,12215,11670
50039.205,12216,11670
50052.705,12217,11671
50052.998,12218,11671
50054.924,12219,11672
50062.279,12220,11672
50074.562,12221,11672
50082.088,12222,11672
50084.677,12223,11673
50103.727,12224,11673
50165.438,12225,11673
50165.459,12226,11673
50165.545,12227,11673
50165.792,12228,11673
50165.817,12229,11673
50166.358,12230,11673
50166.469,12231,11673
50166.612,12232,11673
50166.643,12233,11673
50166.663,12234,11673
50166.767,12235,11673
50166.89,12236,11673
50166.937,12237,11673
50167.143,12238,11673
50167.486,12239,11673
50167.753,12240,11673
50167.816,12241,11673
50168.256,12242,11673
50168.378,12243,11673
50168.514,12244,11673
50168.761,12245,11673
50169.456,12246,11673
50169.615,12247,11673
50170.483,12248,11673
50170.523,12249,11673
50170.929,12250,11673
50170.984,12251,11673
50171.324,12252,11673
50172.794,12253,11673
50173.058,12254,11673
50173.144,12255,11673
50173.232,12256,11673
50173.319,12257,11673
50173.607,12258,11673
50174.293,12259,11673
50174.973,12260,11673
50175.016,12261,11673
50175.047,12262,11673
50175.275,12263,11673
50175.782,12264,11673
50176.138,12265,11673
50176.174,12266,11673
50176.282,12267,11673
50176.581,12268,11673
50177.197,12269,11673
50177.577,12270,11673
50177.905,12271,11673
50178.175,12272,11673
50178.301,12273,11673
50178.762,12274,11673
50179.114,12275,11673
50179.23,12276,11673
50179.935,12277,11673
50180.871,12278,11673
50181.316,12279,11673
50181.454,12280,11673
50182.523,12281,11673
50183.497,12282,11673
50184.536,12283,11673
50194.994,12284,11673
50195.156,12285,11673
50195.184,12286,11673
50195.431,12287,11673
50195.82,12288,11673
50195.89,12289,11673
50196.113,12290,11673
50196.391,12291,11673
50196.612,12292,11673
50196.87,12293,11673
50197.05,12294,11673
50197.089,12295,11673
50197.576,12296,11673
50197.593,12297,11673
50197.82,12298,11673
50197.976,12299,11673
50198.302,12300,11673
50198.349,12301,11673
50198.551,12302,11673
50198.592,12303,11673
50198.841,12304,11673
50199.154,12305,11673
50199.286,12306,11673
50199.454,12307,11673
50199.489,12308,11673
50199.569,12309,11673
50199.601,12310,11673
50199.628,12311,11673
50199.777,12312,11673
50199.854,12313,11673
50200.037,12314,11673
50200.126,12315,11673
50200.329,12316,11673
50200.536,12317,11673
50200.866,12318,11673
50200.882,12319,11673
50200.978,12320,11673
50201.142,12321,11673
50201.8,12322,11673
50202.016,12323,11673
50202.125,12324,11673
50202.77,12325,11673
50202.826,12326,11673
50202.996,12327,11673
50203.499,12328,11673
50203.844,12329,11673
50204.039,12330,11673
50204.688,12331,11673
50205.136,12332,11674
50205.511,12333,11674
50205.711,12334,11674
50205.803,12335,11674
50205.871,12336,11674
50205.885,12337,11674
50206.112,12338,11674
50207.354,12339,11674
50207.424,12340,11674
50207.836,12341,11674
50208.471,12342,11674
50209.428,12343,11674
50209.546,12344,11674
50209.935,12345,11674
50210.042,12346,11674
50210.314,12347,11674
50210.5,12348,11674
50210.663,12349,11674
50210.786,12350,11674
50210.896,12351,11674
50211.684,12352,11674
50211.811,12353,11674
50212.075,12354,11674
50212.895,12355,11674
50213.433,12356,11674
50213.775,12357,11674
50214.438,12358,11674
50215.251,12359,11674
50215.269,12360,11674
50215.554,12361,11674
50216.057,12362,11674
50224.322,12363,11674
50226.818,12364,11674
50226.852,12365,11674
50226.986,12366,11674
50227.764,12367,11674
50228.359,12368,11674
50228.808,12369,11674
50229.396,12370,11674
50230.661,12371,11674
50231.502,12372,11674
50231.87,12373,11674
50232.112,12374,11674
50233.551,12375,11674
50233.852,12376,11674
50234.377,12377,11674
50235.54,12378,11674
50235.815,12379,11674
50236.089,12380,11674
50236.591,12381,11674
50236.687,12382,11674
50237.528,12383,11674
50238.452,12384,11674
50238.934,12385,11674
50239.563,12386,11674
50239.974,12387,11674
50240.11,12388,11674
50240.203,12389,11674
50240.319,12390,11674
50241.177,12391,11674
50241.289,12392,11674
50242.175,12393,11674
50242.201,12394,11674
50242.585,12395,11674
50243.609,12396,11674
50243.789,12397,11674
50244.331,12398,11688
50244.543,12399,11688
50245.004,12400,11688
50245.226,12401,11688
50246.552,12402,11688
50246.686,12403,11688
50246.969,12404,11688
50251.306,12405,11688
50251.461,12406,11688
50251.889,12407,11688
50252.051,12408,11688
50252.635,12409,11688
50253.052,12410,11688
50253.889,12411,11688
50254.812,12412,11688
50254.917,12413,11688
50255.532,12414,11688
50255.807,12415,11688
50256.151,12416,11688
50256.252,12417,11688
50256.316,12418,11688
50257.924,12419,11688
50259.944,12420,11688
50261.537,12421,11688
50261.732,12422,11688
50262.388,12423,11688
50262.462,12424,11688
50262.494,12425,11688
50262.972,12426,11688
50263.477,12427,11688
50265.005,12428,11688
50265.125,12429,11688
50265.968,12430,11688
50267.732,12431,11688
50269.485,12432,11688
50270.411,12433,11688
50271.139,12434,11688
50271.158,12435,11688
50271.332,12436,11688
50271.902,12437,11688
50274.052,12438,11688
50274.395,12439,11688
50274.746,12440,11688
50275.545,12441,11688
50277.533,12442,11688
50279.025,12443,11688
50279.594,12444,11688
50281.434,12445,11688
50282.821,12446,11688
50283.768,12447,11688
50284.513,12448,11688
50284.71,12449,11688
50284.783,12450,11688
50288.474,12451,11688
50288.515,12452,11688
50288.716,12453,11688
50289.007,12454,11688
50289.263,12455,11688
50289.303,12456,11688
50289.526,12457,11688
50289.682,12458,11688
50289.981,12459,11688
50290.451,12460,11688
50290.49,12461,11688
50290.992,12462,11688
50291.306,12463,11688
50291.539,12464,11688
50292.621,12465,11688
50293.114,12466,11688
50293.268,12467,11688
50293.359,12468,11688
50293.397,12469,11688
50293.909,12470,11688
50294.076,12471,11688
50294.417,12472,11688
50295.201,12473,11688
50295.325,12474,11688
50295.629,12475,11688
50296.202,12476,11688
50296.39,12477,11688
50296.927,12478,11688
50297.448,12479,11688
50298.106,12480,11688
50299.611,12481,11688
50300.146,12482,11688
50300.799,12483,11688
50300.829,12484,11688
50301.332,12485,11688
50302.406,12486,11688
50302.475,12487,11688
50303.906,12488,11688
50304.266,12489,11688
50304.577,12490,11688
50305.008,12491,11688
50305.045,12492,11688
50305.367,12493,11690
50305.891,12494,11690
50307.413,12495,11690
50307.505,12496,11690
50307.81,12497,11690
50310.083,12498,11690
50310.549,12499,11690
50310.977,12500,11690
50312.334,12501,11690
50312.867,12502,11690
50316.143,12503,11690
50316.414,12504,11690
50317.06,12505,11690
50317.231,12506,11690
50317.36,12507,11690
50317.385,12508,11690
50319.673,12509,11690
50319.71,12510,11690
50319.749,12511,11690
50320.72,12512,11690
50320.8,12513,11690
50321.11,12514,11690
50321.233,12515,11690
50321.279,12516,11690
50321.41,12517,11690
50321.64,12518,11690
50321.667,12519,11690
50321.836,12520,11690
50321.879,12521,11690
50322.193,12522,11690
50322.856,12523,11690
50322.872,12524,11690
50323.395,12525,11690
50323.69,12526,11690
50323.828,12527,11690
50324.069,12528,11690
50324.319,12529,11690
50324.684,12530,11690
50325.064,12531,11690
50325.858,12532,11690
50325.929,12533,11690
50326.235,12534,11690
50326.735,12535,11690
50326.91,12536,11690
50327.01,12537,11690
50327.184,12538,11690
50327.365,12539,11690
50327.476,12540,11690
50327.95,12541,11690
50327.976,12542,11690
50328.297,12543,11690
50328.515,12544,11690
50329.046,12545,11690
50329.136,12546,11690
50329.266,12547,11690
50329.563,12548,11690
50329.637,12549,11690
50329.756,12550,11690
50329.991,12551,11690
50330.303,12552,11690
50331.247,12553,11690
50331.418,12554,11690
50331.473,12555,11690
50331.545,12556,11690
50331.57,12557,11690
50332.817,12558,11690
50333.03,12559,11690
50333.599,12560,11690
50334.582,12561,11690
50334.833,12562,11690
50335.028,12563,11690
50335.15,12564,11690
50335.235,12565,11690
50335.518,12566,11690
50335.664,12567,11690
50335.689,12568,11690
50335.923,12569,11690
50336.066,12570,11690
50336.139,12571,11690
50336.82,12572,11690
50337.209,12573,11690
50337.299,12574,11690
50338.577,12575,11690
50338.973,12576,11690
50339.06,12577,11690
50339.199,12578,11690
50339.438,12579,11690
50339.707,12580,11690
50339.862,12581,11690
50339.898,12582,11690
50339.943,12583,11690
50341.082,12584,11690
50341.333,12585,11690
50342.211,12586,11690
50342.303,12587,11690
50342.832,12588,11690
50345.642,12589,11690
50346.162,12590,11690
50349.699,12591,11690
50349.898,12592,11690
50350.125,12593,11690
50356.606,12594,11690
50357.509,12595,11690
50358.033,12596,11690
50358.55,12597,11690
50358.84,12598,11690
50359.151,12599,11690
50359.667,12600,11690
50359.715,12601,11690
50360.848,12602,11690
50363.705,12603,11690
50365.197,12604,11690
50365.457,12605,11690
50365.507,12606,11690
50365.737,12607,11700
50365.87,12608,11700
50367.748,12609,11700
50376.07,12610,11700
50382.684,12611,11700
50383.126,12612,11700
50383.819,12613,11700
50388.856,12614,11700
50388.952,12615,11700
50389.003,12616,11703
50389.133,12617,11703
50389.659,12618,11703
50389.739,12619,11703
50390.185,12620,11703
50390.294,12621,11703
50390.429,12622,11703
50390.509,12623,11703
50392.027,12624,11703
50392.217,12625,11703
50393.64,12626,11703
50393.776,12627,11703
50393.915,12628,11703
50393.983,12629,11703
50394.577,12630,11703
50394.664,12631,11703
50395.152,12632,11703
50395.791,12633,11703
50398.648,12634,11703
50398.837,12635,11703
50403.093,12636,11703
50403.389,12637,11703
50404.688,12638,11703
50405.619,12639,11703
50405.737,12640,11703
50406.361,12641,11703
50407.053,12642,11703
50408.289,12643,11703
50408.32,12644,11703
50415.34,12645,11703
50415.352,12646,11703
50415.364,12647,11703
50418.741,12648,11703
50418.758,12649,11703
50419.387,12650,11703
50419.809,12651,11703
50420.919,12652,11703
50421.085,12653,11703
50421.747,12654,11703
50421.81,12655,11703
50422.455,12656,11703
50423.315,12657,11703
50423.59,12658,11703
50423.627,12659,11703
50423.975,12660,11703
50424.199,12661,11703
50426.915,12662,11703
50426.968,12663,11703
50428.82,12664,11703
50430.29,12665,11703
50430.803,12666,11703
50431.104,12667,11703
50432.341,12668,11703
50432.724,12669,11703
50432.749,12670,11703
50436.487,12671,11703
50436.529,12672,11703
50436.647,12673,11703
50436.889,12674,11703
50437.315,12675,11703
50441.658,12676,11703
50443.237,12677,11703
50444.378,12678,11703
50444.72,12679,11703
50445.426,12680,11703
50450.319,12681,11703
50450.74,12682,11703
50450.982,12683,11703
50451.586,12684,11703
50456.655,12685,11703
50456.918,12686,11703
50470.351,12687,11703
50473.27,12688,11703
50473.312,12689,11703
50473.937,12690,11703
50474.517,12691,11703
50475.543,12692,11703
50475.649,12693,11703
50476.542,12694,11703
50476.719,12695,11703
50476.814,12696,11703
50477.243,12697,11703
50478.961,12698,11703
50480.365,12699,11703
50480.475,12700,11703
50481.277,12701,11703
50482.247,12702,11703
50483.035,12703,11703
50484.38,12704,11703
50485.676,12705,11703
50485.815,12706,11706
50486.878,12707,11706
50487.487,12708,11706
50487.981,12709,11706
50488.463,12710,11706
50488.86,12711,11706
50498.704,12712,11706
50499.279,12713,11707
50499.601,12714,11707
50500.099,12715,11707
50502.284,12716,11707
50502.298,12717,11708
50502.319,12718,11708
50503.274,12719,11708
50504.13,12720,11708
50504.939,12721,11708
50506.187,12722,11708
50506.623,12723,11708
50506.909,12724,11708
50507.546,12725,11708
50508.212,12726,11708
50508.587,12727,11708
50509.43,12728,11708
50511.926,12729,11708
50513.231,12730,11708
50516.22,12731,11708
50516.829,12732,11708
50516.855,12733,11708
50518.937,12734,11708
50521.043,12735,11708
50522.42,12736,11708
50522.723,12737,11708
50523.952,12738,11708
50524.549,12739,11708
50525.353,12740,11708
50525.846,12741,11708
50528.167,12742,11708
50528.598,12743,11708
50528.839,12744,11708
50532.612,12745,11708
50532.915,12746,11708
50533.097,12747,11708
50533.825,12748,11708
50534.033,12749,11708
50534.055,12750,11708
50534.106,12751,11708
50534.834,12752,11708
50535.102,12753,11708
50535.673,12754,11708
50535.701,12755,11708
50535.726,12756,11708
50535.928,12757,11708
50536.007,12758,11708
50536.175,12759,11708
50536.379,12760,11708
50536.422,12761,11708
50536.519,12762,11708
50536.589,12763,11708
50536.791,12764,11708
50536.838,12765,11708
50536.892,12766,11708
50536.983,12767,11708
50537.042,12768,11708
50537.153,12769,11708
50537.183,12770,11708
50537.256,12771,11708
50537.436,12772,11708
50538.243,12773,11708
50538.311,12774,11708
50538.522,12775,11708
50538.595,12776,11708
50539.271,12777,11708
50539.357,12778,11708
50539.424,12779,11708
50539.691,12780,11708
50540.015,12781,11708
50540.308,12782,11708
50540.544,12783,11708
50541.149,12784,11708
50541.577,12785,11708
50541.683,12786,11708
50542.027,12787,11708
50542.336,12788,11708
50542.411,12789,11708
50542.431,12790,11708
50543.22,12791,11708
50543.237,12792,11708
50543.65,12793,11708
50543.721,12794,11708
50544.149,12795,11708
50544.806,12796,11708
50545.181,12797,11708
50545.776,12798,11708
50545.846,12799,11708
50546.175,12800,11708
50546.28,12801,11708
50546.304,12802,11708
50546.33,12803,11708
50546.546,12804,11708
50546.817,12805,11708
50547.115,12806,11708
50547.644,12807,11708
50547.668,12808,11708
50548.092,12809,11708
50548.396,12810,11708
50550.356,12811,11708
50550.573,12812,11708
50550.622,12813,11711
50550.685,12814,11711
50551.415,12815,11711
50551.437,12816,11711
50552.813,12817,11711
50552.916,12818,11711
50553.123,12819,11711
50553.197,12820,11711
50553.723,12821,11711
50554.362,12822,11711
50554.417,12823,11711
50554.934,12824,11711
50555.066,12825,11711
50555.249,12826,11711
50555.495,12827,11711
50555.602,12828,11711
50555.687,12829,11711
50557.996,12830,11711
50559.985,12831,11711
50560.008,12832,11711
50560.042,12833,11711
50561.429,12834,11711
50563.448,12835,11711
50564.041,12836,11711
50565.432,12837,11711
50565.605,12838,11711
50566.201,12839,11711
50566.725,12840,11711
50566.912,12841,11711
50567.44,12842,11711
50567.737,12843,11711
50568.409,12844,11711
50569.218,12845,11711
50569.686,12846,11711
50572.527,12847,11711
50573.578,12848,11711
50576.419,12849,11711
50580.695,12850,11711
50581.221,12851,11711
50581.278,12852,11711
50581.542,12853,11711
50581.664,12854,11711
50582.963,12855,11711
50583.042,12856,11711
50585.359,12857,11711
50585.415,12858,11711
50585.476,12859,11711
50585.68,12860,11711
50586.223,12861,11711
50586.91,12862,11711
50587.036,12863,11711
50587.359,12864,11711
50588.183,12865,11711
50589.016,12866,11711
50590.784,12867,11711
50592.186,12868,11711
50593.386,12869,11711
50595.26,12870,11711
50596.57,12871,11711
50596.747,12872,11711
50597.397,12873,11711
50599.043,12874,11711
50599.101,12875,11711
50599.488,12876,11711
50599.751,12877,11711
50599.987,12878,11711
50600.77,12879,11711
50600.89,12880,11716
50601.267,12881,11716
50603.546,12882,11716
50603.94,12883,11716
50603.982,12884,11716
50604.927,12885,11716
50605.364,12886,11716
50607.449,12887,11716
50607.511,12888,11716
50608.796,12889,11716
50608.976,12890,11716
50609.185,12891,11716
50609.46,12892,11716
50609.582,12893,11716
50609.893,12894,11716
50610.208,12895,11716
50612.694,12896,11716
50613.139,12897,11716
50613.698,12898,11716
50613.913,12899,11716
50613.954,12900,11716
50614.93,12901,11716
50615.048,12902,11716
50615.367,12903,11716
50616.473,12904,11716
50616.623,12905,11716
50617.018,12906,11716
50617.241,12907,11716
50618.099,12908,11716
50618.914,12909,11716
50619.162,12910,11716
50619.339,12911,11716
50619.468,12912,11716
50620.135,12913,11716
50620.523,12914,11716
50620.705,12915,11716
50620.861,12916,11716
50621.598,12917,11716
50622.233,12918,11716
50622.476,12919,11716
50622.638,12920,11716
50622.733,12921,11721
50623.199,12922,11721
50623.999,12923,11721
50624.904,12924,11721
50625.788,12925,11721
50625.905,12926,11721
50625.981,12927,11721
50626.232,12928,11721
50627.599,12929,11721
50627.84,12930,11721
50627.999,12931,11721
50628.042,12932,11721
50628.552,12933,11721
50628.881,12934,11721
50632.78,12935,11721
50633.548,12936,11721
50633.904,12937,11721
50635.088,12938,11721
50635.385,12939,11721
50635.658,12940,11721
50636.758,12941,11721
50637.204,12942,11721
50637.501,12943,11721
50637.863,12944,11721
50638.157,12945,11721
50638.229,12946,11721
50638.318,12947,11721
50638.707,12948,11721
50639.641,12949,11721
50640.008,12950,11721
50640.145,12951,11721
50641.041,12952,11721
50642.023,12953,11721
50642.488,12954,11721
50642.581,12955,11721
50642.871,12956,11721
50645.144,12957,11721
50645.341,12958,11721
50645.497,12959,11721
50648.952,12960,11721
50649.018,12961,11721
50649.53,12962,11721
50649.622,12963,11721
50650.317,12964,11721
50650.421,12965,11721
50650.612,12966,11721
50651.484,12967,11721
50651.56,12968,11721
50651.721,12969,11721
50651.941,12970,11721
50652.233,12971,11721
50652.343,12972,11721
50653.013,12973,11721
50653.434,12974,11721
50653.921,12975,11721
50654.378,12976,11721
50654.499,12977,11721
50655.904,12978,11721
50655.946,12979,11721
50656.277,12980,11721
50657.322,12981,11721
50658.126,12982,11721
50658.279,12983,11721
50658.335,12984,11721
50658.689,12985,11721
50659.062,12986,11721
50660.573,12987,11721
50661.102,12988,11721
50661.429,12989,11721
50661.646,12990,11721
50662.656,12991,11721
50663.894,12992,11721
50664.827,12993,11721
50668.673,12994,11721
50669.02,12995,11721
50669.055,12996,11721
50669.647,12997,11721
50671.628,12998,11721
50673.924,12999,11721
50675.15,13000,11721
50675.658,13001,11721
50676.783,13002,11721
50678.703,13003,11721
50681.51,13004,11721
50682.718,13005,11721
50684.331,13006,11721
50695.931,13007,11721
50696.944,13008,11721
50699.705,13009,11721
50702.718,13010,11721
50703.44,13011,11721
50704.232,13012,11721
50707.677,13013,11721
50708.271,13014,11721
50710.261,13015,11721
50712.38,13016,11721
50712.9,13017,11721
50714.916,13018,11721
50716.735,13019,11721
50722.049,13020,11721
50722.309,13021,11721
50723.272,13022,11721
50724.26,13023,11721
50724.55,13024,11721
50724.629,13025,11721
50725.811,13026,11721
50726.93,13027,11721
50728.871,13028,11721
50728.927,13029,11721
50731.13,13030,11721
50737.669,13031,11721
50737.735,13032,11721
50738.064,13033,11721
50738.662,13034,11721
50740.118,13035,11721
50740.806,13036,11721
50742.903,13037,11721
50744.94,13038,11722
50745.289,13039,11722
50746.307,13040,11722
50746.363,13041,11722
50748.252,13042,11722
50753.129,13043,11722
50753.332,13044,11722
50759.25,13045,11722
50759.314,13046,11722
50759.492,13047,11722
50759.683,13048,11722
50759.736,13049,11722
50760.186,13050,11722
50760.557,13051,11722
50760.589,13052,11722
50760.742,13053,11722
50761.03,13054,11722
50761.607,13055,11722
50761.79,13056,11722
50762.147,13057,11722
50762.498,13058,11722
50762.635,13059,11722
50762.947,13060,11722
50763.689,13061,11722
50763.873,13062,11722
50765.813,13063,11722
50766.184,13064,11722
50766.26,13065,11722
50767.604,13066,11722
50772.858,13067,11722
50775.603,13068,11722
50780.188,13069,11722
50780.47,13070,11722
50782.526,13071,11722
50784.154,13072,11722
50784.837,13073,11722
50784.984,13074,11722
50787.189,13075,11722
50789.97,13076,11722
50792.76,13077,11722
50794.978,13078,11722
50795.882,13079,11722
50797.352,13080,11722
50797.66,13081,11722
50797.737,13082,11722
50798.192,13083,11722
50798.565,13084,11722
50799.938,13085,11722
50800.606,13086,11722
50801.151,13087,11722
50801.608,13088,11722
50801.908,13089,11722
50810.355,13090,11722
50810.732,13091,11722
50812.002,13092,11722
50812.445,13093,11722
50814.066,13094,11722
50814.713,13095,11722
50815.569,13096,11722
50817.249,13097,11722
50817.863,13098,11722
50819.075,13099,11722
50819.219,13100,11722
50820.207,13101,11722
50821.402,13102,11722
50821.966,13103,11722
50822.539,13104,11722
50827.442,13105,11722
50828.207,13106,11722
50828.332,13107,11722
50828.654,13108,11722
50829.275,13109,11722
50830.174,13110,11722
50830.413,13111,11722
50830.673,13112,11722
50830.778,13113,11722
50830.944,13114,11722
50831.374,13115,11722
50831.497,13116,11722
50832.968,13117,11722
50837.5,13118,11722
50841.095,13119,11722
50842.359,13120,11722
50843.219,13121,11722
50844.307,13122,11722
50847.767,13123,11731
50848.014,13124,11731
50848.183,13125,11731
50850.974,13126,11731
50851.162,13127,11731
50852.474,13128,11731
50853.437,13129,11731
50856.212,13130,11731
50857.131,13131,11731
50858.738,13132,11731
50860.634,13133,11731
50862.908,13134,11731
50863.44,13135,11731
50864.532,13136,11731
50866.221,13137,11731
50866.959,13138,11731
50868.208,13139,11731
50869.085,13140,11731
50871.544,13141,11731
50872.471,13142,11731
50872.519,13143,11731
50873.714,13144,11731
50874.252,13145,11731
50874.421,13146,11731
50874.569,13147,11731
50875.669,13148,11731
50875.876,13149,11731
50877.301,13150,11731
50878.551,13151,11731
50879.3,13152,11731
50882.001,13153,11731
50883.866,13154,11731
50884.166,13155,11731
50885.409,13156,11731
50886.594,13157,11731
50890.314,13158,11731
50891.411,13159,11731
50891.559,13160,11731
50894.043,13161,11731
50895.43,13162,11731
50897.565,13163,11731
50900.479,13164,11731
50901.91,13165,11731
50905.272,13166,11731
50906.753,13167,11731
50907.996,13168,11731
50908.301,13169,11731
50908.699,13170,11731
50910.923,13171,11731
50911.426,13172,11731
50911.7,13173,11731
50913.507,13174,11731
50913.769,13175,11731
50914.108,13176,11731
50914.859,13177,11731
50915.902,13178,11731
50919.911,13179,11731
50922.462,13180,11731
50928.487,13181,11731
50928.657,13182,11731
50932.02,13183,11731
50935.999,13184,11731
50936.088,13185,11731
50936.121,13186,11731
50936.353,13187,11731
50936.456,13188,11731
50937.121,13189,11731
50937.271,13190,11731
50937.634,13191,11731
50937.831,13192,11731
50938.811,13193,11731
50939.847,13194,11731
50940.266,13195,11731
50940.671,13196,11731
50941.231,13197,11731
50942.424,13198,11731
50942.694,13199,11731
50942.745,13200,11731
50943.174,13201,11731
50943.567,13202,11731
50944.127,13203,11731
50944.159,13204,11731
50945.014,13205,11731
50946.233,13206,11731
50946.287,13207,11731
50947.31,13208,11731
50947.959,13209,11731
50949.166,13210,11731
50950.461,13211,11731
50950.529,13212,11731
50950.967,13213,11731
50951.316,13214,11731
50952.746,13215,11731
50954.136,13216,11731
50955.86,13217,11731
50960.188,13218,11731
50968.984,13219,11731
50969.146,13220,11731
50970.654,13221,11731
50971.435,13222,11731
50973.216,13223,11731
50973.932,13224,11731
50975.285,13225,11731
50975.491,13226,11731
50976.233,13227,11731
50978.589,13228,11731
50978.876,13229,11731
50979.031,13230,11731
50979.497,13231,11731
50980.782,13232,11731
50981.605,13233,11731
50987.563,13234,11731
50987.999,13235,11731
50988.488,13236,11731
50988.886,13237,11731
50990.883,13238,11731
50990.947,13239,11731
50991.009,13240,11731
50993.623,13241,11731
50994.97,13242,11731
50996.409,13243,11731
50997.21,13244,11731
50998.379,13245,11731
51000.12,13246,11731
51001.98,13247,11731
51005.139,13248,11731
51005.673,13249,11731
51006.618,13250,11731
51007.728,13251,11731
51008.017,13252,11731
51009.435,13253,11731
51011.8,13254,11731
51011.915,13255,11731
51013.021,13256,11731
51014.273,13257,11731
51017.895,13258,11731
51017.97,13259,11731
51024.5,13260,11731
51024.805,13261,11731
51025.414,13262,11731
51026.336,13263,11731
51029.562,13264,11731
51029.713,13265,11731
51035.884,13266,11731
51036.077,13267,11731
51039.41,13268,11731
51039.453,13269,11731
51041.247,13270,11731
51041.696,13271,11731
51047.232,13272,11731
51048.178,13273,11731
51051.232,13274,11731
51053.762,13275,11731
51054.085,13276,11731
51055.043,13277,11731
51055.848,13278,11731
51056.376,13279,11731
51057.6,13280,11731
51062.302,13281,11731
51064.636,13282,11731
51065.864,13283,11731
51066.379,13284,11731
51067.453,13285,11731
51068.369,13286,11731
51071.383,13287,11731
51072.322,13288,11731
51076.757,13289,11731
51077.372,13290,11731
51077.491,13291,11731
51077.849,13292,11731
51079.901,13293,11731
51080.625,13294,11731
51080.789,13295,11731
51083.269,13296,11731
51084.753,13297,11731
51085.157,13298,11731
51086.165,13299,11731
51089.1,13300,11731
51092.013,13301,11731
51094.778,13302,11731
51094.874,13303,11731
51095.269,13304,11731
51095.479,13305,11731
51095.87,13306,11731
51096.031,13307,11731
51096.124,13308,11731
51097.524,13309,11731
51097.578,13310,11731
51098.191,13311,11731
51099.709,13312,11731
51101.35,13313,11732
51102.647,13314,11732
51103.766,13315,11732
51106.067,13316,11732
51106.843,13317,11733
51116.477,13318,11733
51117.606,13319,11733
51117.639,13320,11733
51117.737,13321,11733
51118.707,13322,11733
51118.79,13323,11733
51118.87,13324,11733
51120.527,13325,11733
51120.943,13326,11733
51122.336,13327,11733
51122.393,13328,11733
51125.051,13329,11733
51125.085,13330,11733
51125.765,13331,11733
51130.35,13332,11733
51134.708,13333,11733
51135.121,13334,11733
51137.33,13335,11733
51137.416,13336,11733
51137.682,13337,11733
51137.858,13338,11733
51138.101,13339,11733
51138.392,13340,11733
51138.57,13341,11733
51139.093,13342,11733
51139.271,13343,11733
51139.37,13344,11733
51139.566,13345,11733
51139.688,13346,11733
51140.27,13347,11733
51140.55,13348,11733
51140.648,13349,11733
51140.902,13350,11733
51141.268,13351,11733
51141.287,13352,11733
51141.913,13353,11733
51142.465,13354,11733
51142.557,13355,11733
51143.01,13356,11733
51143.089,13357,11733
51143.453,13358,11733
51144.218,13359,11733
51145.017,13360,11733
51145.46,13361,11733
51145.827,13362,11733
51146.576,13363,11733
51147.354,13364,11733
51148.601,13365,11733
51148.717,13366,11733
51149.042,13367,11733
51151.404,13368,11733
51152.085,13369,11733
51154.156,13370,11733
51154.488,13371,11733
51155.947,13372,11733
51163.034,13373,11733
51164.406,13374,11733
51164.504,13375,11733
51164.801,13376,11733
51165.215,13377,11733
51166.99,13378,11733
51167.039,13379,11733
51167.792,13380,11733
51173.893,13381,11733
51177.349,13382,11733
51179.928,13383,11733
51180.788,13384,11733
51181.632,13385,11733
51182.11,13386,11733
51185.522,13387,11733
51186.052,13388,11733
51186.248,13389,11733
51190.971,13390,11733
51192.108,13391,11733
51192.544,13392,11733
51194.047,13393,11733
51200.993,13394,11733
51201.184,13395,11733
51203.087,13396,11733
51205.042,13397,11733
51205.535,13398,11733
51207.053,13399,11733
51214.179,13400,11733
51215.174,13401,11733
51222.099,13402,11733
51228.716,13403,11733
51230.974,13404,11733
51234.055,13405,11733
51234.195,13406,11733
51234.738,13407,11733
51235.676,13408,11733
51237.038,13409,11733
51237.18,13410,11733
51261.204,13411,11733
51264.036,13412,11733
51264.147,13413,11733
51264.159,13414,11733
51264.558,13415,11733
51264.693,13416,11733
51264.7,13417,11733
51265.031,13418,11733
51265.451,13419,11733
51265.474,13420,11733
51265.505,13421,11733
51265.878,13422,11733
51266.135,13423,11733
51266.659,13424,11733
51267.028,13425,11733
51268.486,13426,11733
51269.336,13427,11733
51269.663,13428,11733
51269.7,13429,11733
51269.711,13430,11733
51270.276,13431,11733
51270.857,13432,11733
51271.129,13433,11733
51271.324,13434,11733
51271.769,13435,11733
51271.888,13436,11733
51272.532,13437,11733
51272.99,13438,11733
51273.202,13439,11733
51273.952,13440,11733
51277.892,13441,11733
51278.072,13442,11733
51278.961,13443,11733
51278.986,13444,11733
51281.529,13445,11733
51282.554,13446,11733
51283.287,13447,11733
51287.789,13448,11733
51293.885,13449,11733
51295.112,13450,11733
51295.124,13451,11733
51295.641,13452,11733
51296.255,13453,11733
51296.428,13454,11733
51296.679,13455,11733
51297.286,13456,11733
51297.691,13457,11733
51298.92,13458,11733
51299.175,13459,11733
51299.39,13460,11733
51299.815,13461,11733
51301.258,13462,11733
51303.06,13463,11733
51303.427,13464,11733
51308.75,13465,11733
51312.449,13466,11733
51312.913,13467,11733
51313.261,13468,11733
51313.282,13469,11733
51313.373,13470,11733
51313.449,13471,11733
51315.908,13472,11733
51316.871,13473,11733
51318.501,13474,11733
51327.184,13475,11733
51327.902,13476,11733
51335.937,13477,11733
51335.961,13478,11733
51337.867,13479,11733
51342.677,13480,11733
51343.732,13481,11733
51346.224,13482,11733
51346.945,13483,11733
51353.585,13484,11733
51360.59,13485,11733
51366.163,13486,11733
51367.362,13487,11733
51368.308,13488,11733
51369.278,13489,11733
51370.073,13490,11733
51370.845,13491,11733
51370.941,13492,11733
51371.503,13493,11733
51372.081,13494,11733
51372.537,13495,11733
51376.785,13496,11735
51381.272,13497,11735
51381.544,13498,11735
51386.811,13499,11745
51389.395,13500,11745
51389.556,13501,11745
51389.845,13502,11745
51397.164,13503,11745
51402.206,13504,11745
51415.996,13505,11745
51421.98,13506,11745
51422.469,13507,11745
51423.308,13508,11745
51424.791,13509,11745
51427.536,13510,11745
51431.057,13511,11745
51432.441,13512,11745
51432.698,13513,11745
51438.544,13514,11745
51441.275,13515,11745
51441.34,13516,11745
51442.77,13517,11745
51445.229,13518,11745
51448.288,13519,11745
51448.792,13520,11745
51448.845,13521,11745
51451.483,13522,11745
51452.223,13523,11745
51454.013,13524,11745
51456.617,13525,11745
51458.196,13526,11745
51460.355,13527,11745
51463.41,13528,11745
51464.348,13529,11745
51464.913,13530,11745
51467.983,13531,11748
51471.944,13532,11748
51472.357,13533,11748
51477.358,13534,11748
51484.763,13535,11748
51485.409,13536,11748
51486.64,13537,11748
51487.236,13538,11748
51488.737,13539,11748
51489.437,13540,11748
51493.094,13541,11748
51494.833,13542,11748
51495.957,13543,11748
51496.023,13544,11748
51496.346,13545,11748
51497.225,13546,11748
51500.405,13547,11748
51502.671,13548,11748
51505.229,13549,11748
51505.379,13550,11748
51506.047,13551,11748
51506.069,13552,11748
51506.332,13553,11748
51507.579,13554,11748
51507.761,13555,11748
51509.39,13556,11748
51509.477,13557,11748
51510.769,13558,11749
51513.296,13559,11749
51515.452,13560,11749
51517.961,13561,11749
51519.587,13562,11749
51521.656,13563,11749
51522.598,13564,11749
51528.222,13565,11749
51533.184,13566,11749
51533.223,13567,11749
51534.551,13568,11749
51535.263,13569,11749
51535.772,13570,11749
51536.53,13571,11749
51538.605,13572,11749
51538.655,13573,11749
51539.354,13574,11749
51544.944,13575,11749
51549.867,13576,11749
51553.964,13577,11749
51563.827,13578,11749
51568.642,13579,11749
51572.365,13580,11749
51574.098,13581,11749
51575.533,13582,11749
51575.881,13583,11749
51577.925,13584,11749
51580.724,13585,11749
51583.384,13586,11749
51586.108,13587,11749
51588.82,13588,11749
51589.802,13589,11749
51592.156,13590,11749
51602.145,13591,11749
51607.473,13592,11749
51608.575,13593,11749
51617.173,13594,11749
51619.933,13595,11750
51622.444,13596,11750
51624.183,13597,11750
51627.703,13598,11750
51631.157,13599,11750
51631.198,13600,11750
51632.409,13601,11750
51634.137,13602,11750
51634.597,13603,11750
51635.832,13604,11750
51639.051,13605,11750
51640.855,13606,11750
51643.455,13607,11750
51646.635,13608,11750
51652.523,13609,11750
51655.161,13610,11750
51658.707,13611,11750
51658.87,13612,11750
51658.91,13613,11750
51660.48,13614,11750
51667.995,13615,11750
51670.724,13616,11750
51683.453,13617,11750
51684.506,13618,11750
51684.846,13619,11750
51684.898,13620,11750
51684.934,13621,11750
51684.998,13622,11750
51685.607,13623,11750
51685.752,13624,11750
51685.814,13625,11750
51686.071,13626,11750
51686.12,13627,11750
51686.568,13628,11750
51686.67,13629,11750
51687.417,13630,11750
51687.806,13631,11750
51688.143,13632,11750
51688.387,13633,11750
51688.819,13634,11750
51690.086,13635,11750
51690.151,13636,11750
51690.696,13637,11750
51690.856,13638,11750
51690.917,13639,11750
51691.347,13640,11750
51691.491,13641,11750
51692.074,13642,11750
51692.276,13643,11750
51692.604,13644,11750
51692.646,13645,11750
51692.796,13646,11750
51701.579,13647,11750
51703.368,13648,11750
51703.497,13649,11750
51704.627,13650,11750
51705.684,13651,11750
51705.82,13652,11750
51706.2,13653,11750
51706.778,13654,11750
51707.226,13655,11750
51709.676,13656,11750
51709.728,13657,11750
51710.14,13658,11751
51711.477,13659,11751
51711.958,13660,11751
51713.108,13661,11751
51715.712,13662,11751
51715.721,13663,11751
51716.525,13664,11751
51716.724,13665,11751
51717.778,13666,11751
51717.83,13667,11751
51718.186,13668,11751
51719.08,13669,11751
51720.976,13670,11751
51722.52,13671,11751
51724.646,13672,11751
51725.817,13673,11751
51726.376,13674,11751
51727.443,13675,11751
51727.978,13676,11751
51729.898,13677,11751
51730.016,13678,11751
51730.515,13679,11751
51731.006,13680,11751
51732.753,13681,11751
51733.259,13682,11751
51733.543,13683,11751
51733.768,13684,11751
51733.953,13685,11751
51734.224,13686,11751
51735.008,13687,11751
51735.23,13688,11751
51735.321,13689,11751
51737.728,13690,11751
51738.331,13691,11754
51739.123,13692,11754
51740.791,13693,11754
51743.074,13694,11754
51744.804,13695,11754
51744.961,13696,11754
51745.4,13697,11754
51746.746,13698,11754
51747.162,13699,11754
51749.369,13700,11754
51749.602,13701,11754
51752.21,13702,11754
51756.517,13703,11754
51759.914,13704,11754
51761.261,13705,11754
51762.45,13706,11754
51762.515,13707,11754
51766.872,13708,11754
51769.587,13709,11754
51772.486,13710,11754
51772.679,13711,11754
51774.712,13712,11754
51778.537,13713,11754
51782.843,13714,11754
51789.7,13715,11754
51789.764,13716,11754
51789.912,13717,11754
51790.788,13718,11754
51792.06,13719,11754
51793.06,13720,11754
51793.268,13721,11754
51793.313,13722,11754
51795.692,13723,11754
51796.285,13724,11754
51797.208,13725,11754
51799.43,13726,11754
51799.546,13727,11754
51799.666,13728,11754
51801.112,13729,11754
51803.714,13730,11754
51807.811,13731,11754
51807.843,13732,11754
51807.878,13733,11754
51808.579,13734,11754
51809.53,13735,11754
51810.352,13736,11754
51810.612,13737,11754
51811.037,13738,11754
51815.019,13739,11754
51818.092,13740,11754
51825.097,13741,11754
51830.583,13742,11754
51838.219,13743,11754
51838.289,13744,11754
51838.587,13745,11754
51839.115,13746,11754
51839.56,13747,11754
51839.728,13748,11754
51839.844,13749,11754
51840.596,13750,11754
51841.24,13751,11754
51843.596,13752,11754
51846.423,13753,11754
51846.935,13754,11754
51848.262,13755,11754
51848.852,13756,11754
51849.144,13757,11754
51849.617,13758,11754
51850.338,13759,11754
51852.858,13760,11754
51853.235,13761,11754
51859.026,13762,11754
51862.541,13763,11754
51863.995,13764,11754
51866.179,13765,11754
51868.286,13766,11754
51874.216,13767,11754
51883.359,13768,11754
51884.046,13769,11754
51887.204,13770,11754
51887.332,13771,11754
51890.814,13772,11754
51894.129,13773,11754
51896.87,13774,11754
51897.162,13775,11754
51897.631,13776,11754
51898.328,13777,11754
51904.627,13778,11754
51905.434,13779,11754
51905.522,13780,11754
51906.229,13781,11754
51911.464,13782,11754
51913.363,13783,11754
51914.663,13784,11754
51916.568,13785,11754
51918.319,13786,11754
51919.082,13787,11754
51920.513,13788,11754
51920.728,13789,11754
51921.179,13790,11754
51923.702,13791,11754
51929.42,13792,11754
51933.876,13793,11754
51933.942,13794,11754
51934.054,13795,11754
51934.095,13796,11754
51934.54,13797,11754
51935.254,13798,11754
51935.369,13799,11754
51937.112,13800,11754
51938.703,13801,11754
51939.165,13802,11754
51939.328,13803,11754
51939.501,13804,11754
51939.562,13805,11754
51941.898,13806,11754
51945.368,13807,11754
51948.024,13808,11754
51950.51,13809,11754
51953.15,13810,11754
51954.732,13811,11754
51956.545,13812,11754
51957.752,13813,11754
51959.833,13814,11754
51960.17,13815,11754
51961.977,13816,11754
51964.585,13817,11754
51964.675,13818,11754
51965.646,13819,11754
51968.394,13820,11754
51974.488,13821,11754
51976.25,13822,11754
51976.339,13823,11754
51978.692,13824,11754
51978.83,13825,11754
51983.547,13826,11754
51988.623,13827,11754
51997.794,13828,11754
51998.431,13829,11754
51998.473,13830,11754
52002.006,13831,11754
52002.324,13832,11754
52003.17,13833,11754
52004.935,13834,11754
52004.966,13835,11754
52005.614,13836,11754
52006.278,13837,11754
52007.632,13838,11754
52007.754,13839,11754
52008.495,13840,11754
52009.571,13841,11754
52009.783,13842,11754
52010.151,13843,11754
52011.944,13844,11754
52014.442,13845,11754
52023.141,13846,11754
52023.817,13847,11755
52024.134,13848,11755
52024.232,13849,11755
52024.927,13850,11755
52033.427,13851,11755
52035.639,13852,11755
52038.443,13853,11755
52039.673,13854,11755
52042.091,13855,11755
52046.156,13856,11755
52047.094,13857,11755
52047.88,13858,11755
52048.49,13859,11755
52051.76,13860,11755
52052.026,13861,11755
52052.753,13862,11755
52056.431,13863,11755
52060.568,13864,11755
52060.964,13865,11755
52061.767,13866,11755
52062.182,13867,11755
52064.266,13868,11755
52064.326,13869,11755
52067.209,13870,11755
52070.861,13871,11755
52079.631,13872,11755
52087.417,13873,11755
52088.548,13874,11755
52089.104,13875,11755
52089.457,13876,11755
52089.716,13877,11755
52089.814,13878,11755
52090.121,13879,11755
52091.394,13880,11755
52094.154,13881,11755
52094.785,13882,11755
52096.161,13883,11755
52097.818,13884,11755
52098.178,13885,11755
52099.751,13886,11755
52100.105,13887,11755
52102.657,13888,11755
52104.965,13889,11755
52108.637,13890,11755
52109.091,13891,11755
52109.948,13892,11755
52111.243,13893,11756
52111.796,13894,11756
52111.95,13895,11756
52112.762,13896,11756
52113.603,13897,11756
52115.144,13898,11756
52115.92,13899,11756
52116.317,13900,11756
52116.475,13901,11756
52123.912,13902,11756
52126.494,13903,11756
52126.56,13904,11756
52127.036,13905,11756
52137.696,13906,11756
52138.02,13907,11756
52138.06,13908,11756
52138.35,13909,11756
52138.418,13910,11756
52138.542,13911,11756
52139.374,13912,11756
52139.98,13913,11756
52140.264,13914,11756
52144.038,13915,11756
52146.94,13916,11756
52147.237,13917,11756
52156.76,13918,11756
52157.356,13919,11756
52160.119,13920,11756
52163.959,13921,11756
52164.593,13922,11756
52165.119,13923,11756
52175.206,13924,11756
52175.665,13925,11756
52175.822,13926,11756
52175.855,13927,11756
52176.076,13928,11756
52179.215,13929,11756
52181.885,13930,11756
52183.435,13931,11756
52184.761,13932,11756
52184.97,13933,11756
52185.79,13934,11756
52186.949,13935,11756
52191.714,13936,11756
52191.818,13937,11756
52193.187,13938,11756
52199.562,13939,11756
52205.291,13940,11756
52206.346,13941,11756
52206.7,13942,11756
52206.934,13943,11756
52207.451,13944,11756
52210.135,13945,11756
52211.834,13946,11756
52212.271,13947,11756
52216.108,13948,11756
52228.191,13949,11756
52230.518,13950,11756
52236.47,13951,11756
52240.3,13952,11756
52241.437,13953,11756
52243.585,13954,11756
52247.695,13955,11756
52250.274,13956,11756
52258.812,13957,11756
52269.838,13958,11756
52289.762,13959,11756
52289.899,13960,11756
52290.683,13961,11756
52291.225,13962,11756
52291.595,13963,11756
52291.866,13964,11756
52292.689,13965,11756
52293.22,13966,11756
52293.56,13967,11756
52293.668,13968,11756
52293.975,13969,11756
52294.14,13970,11756
52294.611,13971,11756
52295.274,13972,11756
52295.591,13973,11756
52296.017,13974,11756
52296.179,13975,11756
52296.444,13976,11756
52296.478,13977,11756
52297.895,13978,11756
52299.359,13979,11756
52299.972,13980,11756
52300.579,13981,11756
52300.589,13982,11756
52301.006,13983,11756
52301.042,13984,11756
52313.156,13985,11756
52314.304,13986,11756
52316.315,13987,11756
52318.562,13988,11756
52319.659,13989,11756
52322.904,13990,11756
52325.01,13991,11756
52325.446,13992,11756
52328.502,13993,11756
52331.936,13994,11756
52335.387,13995,11756
52338.58,13996,11756
52339.749,13997,11756
52339.916,13998,11756
52341.653,13999,11756
52342.929,14000,11756
52347.358,14001,11756
52378.62,14002,11756
52387.067,14003,11756
52388.52,14004,11756
52389.039,14005,11756
52390.58,14006,11756
52391.316,14007,11756
52393.196,14008,11756
52401.653,14009,11756
52402.72,14010,11756
52402.82,14011,11756
52402.916,14012,11756
52405.817,14013,11756
52407.98,14014,11756
52413.464,14015,11756
52414.482,14016,11756
52419.019,14017,11756
52421.039,14018,11756
52421.584,14019,11756
52422.763,14020,11756
52425.99,14021,11756
52426.207,14022,11756
52426.282,14023,11756
52427.797,14024,11756
52429.383,14025,11756
52431.159,14026,11756
52431.305,14027,11756
52431.389,14028,11756
52432.879,14029,11756
52433.926,14030,11756
52434.208,14031,11756
52434.404,14032,11756
52435.869,14033,11756
52442.248,14034,11756
52442.587,14035,11756
52442.827,14036,11756
52451.341,14037,11756
52458.258,14038,11757
52459.842,14039,11757
52467.19,14040,11757
52468.379,14041,11757
52469.362,14042,11757
52470.581,14043,11757
52471.674,14044,11757
52474.412,14045,11757
52478.02,14046,11757
52478.615,14047,11757
52479.232,14048,11757
52483.726,14049,11757
52491.048,14050,11757
52492.304,14051,11757
52492.628,14052,11757
52494.43,14053,11757
52495.206,14054,11757
52495.435,14055,11757
52499.432,14056,11757
52502.056,14057,11757
52503.653,14058,11757
52504.058,14059,11757
52507.171,14060,11757
52508.024,14061,11757
52511.6,14062,11757
52512.123,14063,11757
52512.57,14064,11757
52513.535,14065,11757
52515.06,14066,11757
52520.627,14067,11757
52520.913,14068,11757
52522.19,14069,11757
52522.426,14070,11757
52523.358,14071,11757
52526.955,14072,11757
52530.962,14073,11757
52533.595,14074,11757
52533.953,14075,11757
52539.802,14076,11757
52542.234,14077,11757
52542.313,14078,11757
52542.693,14079,11757
52543.027,14080,11757
52543.318,14081,11757
52543.383,14082,11757
52543.588,14083,11757
52543.945,14084,11757
52545.106,14085,11757
52545.924,14086,11757
52546.589,14087,11757
52546.781,14088,11757
52548.357,14089,11757
52549.775,14090,11757
52556.407,14091,11757
52559.146,14092,11757
52559.155,14093,11757
52559.601,14094,11757
52560.843,14095,11757
52561.858,14096,11757
52563.111,14097,11757
52563.472,14098,11757
52563.605,14099,11757
52564.091,14100,11757
52565.706,14101,11757
52565.987,14102,11757
52566.559,14103,11757
52570.4,14104,11757
52570.651,14105,11758
52572.471,14106,11758
52573.41,14107,11758
52575.153,14108,11758
52575.409,14109,11758
52584.172,14110,11758
52588.516,14111,11758
52591.672,14112,11758
52591.96,14113,11758
52593.527,14114,11758
52594.605,14115,11758
52596.97,14116,11758
52600.887,14117,11758
52601.846,14118,11758
52610.576,14119,11758
52611.795,14120,11758
52611.992,14121,11758
52613.039,14122,11758
52613.845,14123,11759
52614.437,14124,11759
52615.349,14125,11759
52615.764,14126,11759
52615.791,14127,11759
52619.605,14128,11759
52625.032,14129,11759
52635.343,14130,11759
52637.91,14131,11759
52648.124,14132,11759
52648.327,14133,11759
52652.192,14134,11759
52652.496,14135,11759
52654.163,14136,11759
52659.09,14137,11759
52659.212,14138,11759
52660.315,14139,11759
52660.923,14140,11759
52661.126,14141,11759
52663.038,14142,11759
52663.715,14143,11759
52663.896,14144,11759
52664.918,14145,11759
52665.764,14146,11759
52665.977,14147,11759
52670.989,14148,11759
52672.105,14149,11759
52672.466,14150,11759
52674.046,14151,11759
52676.873,14152,11759
52678.213,14153,11759
52678.344,14154,11759
52680.207,14155,11759
52684.79,14156,11759
52689.324,14157,11759
52690.436,14158,11759
52691.119,14159,11759
52691.552,14160,11759
52692.446,14161,11759
52693.05,14162,11759
52700.656,14163,11759
52700.797,14164,11759
52701.252,14165,11759
52702.238,14166,11759
52703.005,14167,11759
52705.324,14168,11759
52712.163,14169,11760
52712.302,14170,11760
52712.759,14171,11760
52713.217,14172,11760
52717.383,14173,11760
52720.48,14174,11760
52726.092,14175,11760
52738.533,14176,11760
52741.882,14177,11760
52747.389,14178,11760
52750.623,14179,11760
52760.221,14180,11760
52762.914,14181,11760
52765.703,14182,11760
52767.384,14183,11760
52767.628,14184,11760
52768.235,14185,11760
52768.344,14186,11760
52768.466,14187,11760
52769.363,14188,11760
52771.671,14189,11760
52771.897,14190,11760
52774.695,14191,11760
52776.101,14192,11760
52783.921,14193,11760
52794.545,14194,11760
52797.585,14195,11760
52797.79,14196,11760
52798.329,14197,11760
52799.006,14198,11760
52799.263,14199,11760
52799.747,14200,11760
52801.364,14201,11760
52802.114,14202,11760
52803.302,14203,11760
52804.357,14204,11760
52804.909,14205,11760
52805.367,14206,11760
52805.702,14207,11760
52807.301,14208,11760
52818.756,14209,11760
52821.233,14210,11760
52823.213,14211,11760
52823.33,14212,11760
52824.952,14213,11760
52825.056,14214,11760
52825.09,14215,11760
52825.281,14216,11760
52825.411,14217,11760
52826.027,14218,11760
52827.135,14219,11761
52827.776,14220,11761
52834.358,14221,11761
52834.475,14222,11761
52834.525,14223,11761
52836.402,14224,11761
52837.949,14225,11761
52838.327,14226,11761
52840.943,14227,11761
52844.086,14228,11761
52848.074,14229,11761
52855.065,14230,11761
52855.218,14231,11761
52862.16,14232,11761
52864.271,14233,11761
52879.747,14234,11761
52881.858,14235,11761
52883.773,14236,11761
52885.87,14237,11761
52892.719,14238,11761
52918.032,14239,11761
52918.224,14240,11761
52920.141,14241,11761
52920.977,14242,11761
52922.956,14243,11761
52925.764,14244,11761
52926.007,14245,11761
52932.235,14246,11761
52932.286,14247,11761
52933.282,14248,11761
52933.639,14249,11761
52940.034,14250,11761
52940.855,14251,11761
52941.914,14252,11761
52942.975,14253,11761
52943.008,14254,11761
52943.033,14255,11761
52944.299,14256,11761
52944.92,14257,11761
52946.505,14258,11761
52953.022,14259,11761
52957.855,14260,11761
52960.598,14261,11761
52962.928,14262,11761
52963.049,14263,11761
52963.211,14264,11761
52964.675,14265,11761
52968.558,14266,11761
52968.797,14267,11761
52970.137,14268,11761
52974.502,14269,11761
52978.519,14270,11761
52980.004,14271,11761
52980.783,14272,11761
52980.93,14273,11761
52980.964,14274,11761
52983.025,14275,11761
52983.166,14276,11761
52983.459,14277,11761
52984.139,14278,11761
52984.197,14279,11761
52984.55,14280,11761
52985.692,14281,11761
52986.669,14282,11761
52989.483,14283,11761
52989.909,14284,11762
52991.302,14285,11762
52991.447,14286,11762
52992.354,14287,11762
52992.554,14288,11762
52992.65,14289,11762
52992.737,14290,11762
52993.461,14291,11762
52994.574,14292,11762
52996.054,14293,11762
52996.605,14294,11762
52999.44,14295,11762
53002.936,14296,11762
53011.451,14297,11762
53011.555,14298,11762
53012.362,14299,11762
53012.391,14300,11762
53013.247,14301,11762
53013.431,14302,11762
53014.087,14303,11762
53014.805,14304,11762
53017.379,14305,11762
53018.161,14306,11762
53018.783,14307,11762
53019.63,14308,11762
53023.222,14309,11762
53026.78,14310,11762
53027.511,14311,11762
53035.159,14312,11762
53035.287,14313,11762
53035.313,14314,11762
53035.691,14315,11762
53037.146,14316,11762
53037.158,14317,11762
53037.205,14318,11762
53039.968,14319,11762
53040.747,14320,11762
53047.67,14321,11783
53049.954,14322,11783
53050.115,14323,11783
53050.349,14324,11783
53050.863,14325,11783
53051.779,14326,11783
53051.874,14327,11783
53052.285,14328,11783
53057.655,14329,11783
53061.284,14330,11783
53078.859,14331,11783
53082.068,14332,11783
53087.296,14333,11783
53088.462,14334,11783
53091.121,14335,11783
53091.703,14336,11783
53093.269,14337,11783
53093.919,14338,11783
53099.062,14339,11783
53117.852,14340,11783
53118.272,14341,11783
53122.102,14342,11783
53124.691,14343,11783
53126.168,14344,11783
53128.884,14345,11783
53129.36,14346,11783
53130.589,14347,11783
53138.406,14348,11783
53139.545,14349,11783
53142.466,14350,11783
53143.647,14351,11783
53144.047,14352,11783
53145.066,14353,11783
53147.921,14354,11783
53150.472,14355,11783
53151.315,14356,11783
53151.613,14357,11783
53154.246,14358,11783
53161.144,14359,11783
53162.531,14360,11783
53166.621,14361,11783
53166.912,14362,11783
53171.747,14363,11783
53172.602,14364,11783
53175.959,14365,11783
53190.212,14366,11783
53194.076,14367,11783
53194.268,14368,11783
53194.981,14369,11783
53195.645,14370,11783
53195.675,14371,11783
53195.827,14372,11783
53195.887,14373,11783
53196.69,14374,11783
53199.025,14375,11783
53199.628,14376,11783
53202.84,14377,11783
53207.851,14378,11783
53217.6,14379,11783
53218.169,14380,11783
53222.658,14381,11783
53225.161,14382,11783
53226.019,14383,11783
53226.162,14384,11783
53226.73,14385,11784
53228.427,14386,11784
53229.212,14387,11784
53231.771,14388,11784
53239.735,14389,11784
53241.108,14390,11784
53242.938,14391,11784
53244.14,14392,11784
53249.156,14393,11784
53250.226,14394,11784
53250.783,14395,11784
53251.426,14396,11784
53253.303,14397,11784
53263.956,14398,11784
53269.143,14399,11784
53270.636,14400,11784
53277.041,14401,11784
53278.352,14402,11784
53279.471,14403,11784
53279.906,14404,11784
53285.32,14405,11784
53287.286,14406,11784
53289.912,14407,11784
53291.701,14408,11785
53300.574,14409,11785
53300.643,14410,11785
53301.006,14411,11785
53301.069,14412,11785
53304.617,14413,11785
53305.675,14414,11785
53308.098,14415,11785
53312.441,14416,11785
53316.717,14417,11785
53317.371,14418,11785
53319.982,14419,11785
53320.85,14420,11785
53321.649,14421,11785
53327.056,14422,11785
53327.189,14423,11785
53332.108,14424,11785
53346.325,14425,11785
53349.992,14426,11786
53350.136,14427,11786
53352.208,14428,11786
53353.324,14429,11786
53354.449,14430,11786
53354.603,14431,11786
53355.542,14432,11786
53356.011,14433,11786
53356.069,14434,11786
53359.027,14435,11786
53359.598,14436,11786
53360.295,14437,11786
53364.068,14438,11786
53366.101,14439,11786
53381.179,14440,11786
53382.475,14441,11786
53390.68,14442,11786
53392.288,14443,11787
53393.765,14444,11787
53393.97,14445,11787
53395.935,14446,11787
53406.304,14447,11787
53407.129,14448,11787
53433.92,14449,11787
53433.97,14450,11787
53438.421,14451,11787
53439.528,14452,11787
53441.673,14453,11787
53441.843,14454,11787
53454.321,14455,11787
53461.434,14456,11787
53461.913,14457,11787
53466.188,14458,11787
53468.161,14459,11787
53469.475,14460,11787
53479.403,14461,11787
53491.079,14462,11787
53492.069,14463,11787
53513.173,14464,11787
53513.411,14465,11787
53515.602,14466,11787
53538.161,14467,11787
53546.487,14468,11787
53581.161,14469,11787
53581.246,14470,11787
53588.821,14471,11787
53614.633,14472,11787
53614.642,14473,11787
53614.919,14474,11787
53619.633,14475,11787
53623.623,14476,11787
53625.513,14477,11787
53637.011,14478,11787
53640.801,14479,11787
53654.937,14480,11787
53656.648,14481,11787
53667.655,14482,11787
53677.917,14483,11787
53682.27,14484,11787
53687.105,14485,11787
53694.161,14486,11787
53695.21,14487,11787
53695.825,14488,11787
53695.916,14489,11787
53696.273,14490,11787
53699.523,14491,11787
53701.853,14492,11787
53731.793,14493,11787
53739.959,14494,11787
53744.838,14495,11787
53776.418,14496,11787
53785.748,14497,11790
53785.778,14498,11793
53785.945,14499,11793
53857.541,14500,11793
53869.876,14501,11793
53870.139,14502,11793
53886.356,14503,11793
53892.889,14504,11793
53897.132,14505,11795
53897.166,14506,11795
53904.981,14507,11795
53905.67,14508,11795
53905.864,14509,11795
53915.692,14510,11795
53941.509,14511,11795
53944.713,14512,11795
53955.004,14513,11795
53963.727,14514,11795
53970.799,14515,11795
53975.797,14516,11795
53977.039,14517,11795
53990.685,14518,11795
53994.346,14519,11795
54008.184,14520,11795
54021.21,14521,11795
54021.965,14522,11795
54029.377,14523,11795
54046.923,14524,11795
54047.745,14525,11795
54048.406,14526,11795
54051.426,14527,11795
54053.191,14528,11795
54053.414,14529,11795
54053.782,14530,11795
54054.378,14531,11795
54059.336,14532,11795
54060.064,14533,11795
54091.522,14534,11795
54094.897,14535,11795
54112.771,14536,11796
54126.565,14537,11796
54155.259,14538,11796
54155.514,14539,11796
54170.791,14540,11796
54203.44,14541,11796
54250.637,14542,11796
54251.395,14543,11796
54251.51,14544,11796
54253.949,14545,11796
54254.301,14546,11796
54258.876,14547,11796
54266.478,14548,11796
54273.748,14549,11796
54292.867,14550,11796
54299.568,14551,11796
54299.825,14552,11796
54300.701,14553,11796
54301.492,14554,11796
54301.944,14555,11796
54302.803,14556,11796
54304.091,14557,11796
54304.398,14558,11796
54304.528,14559,11796
54304.551,14560,11796
54307.839,14561,11796
54314.815,14562,11796
54315.442,14563,11796
54321.87,14564,11796
54330.631,14565,11796
54331.131,14566,11796
54336.527,14567,11796
54341.846,14568,11796
54341.877,14569,11796
54360.329,14570,11796
54387.336,14571,11796
54397.838,14572,11798
54435.502,14573,11798
54435.512,14574,11798
54435.521,14575,11798
54447.842,14576,11800
54448.502,14577,11800
54448.631,14578,11801
54449.128,14579,11801
54452.72,14580,11802
54453.437,14581,11802
54454.155,14582,11802
54457.511,14583,11802
54479.624,14584,11802
54480.696,14585,11802
54504.355,14586,11802
54505.325,14587,11802
54519.891,14588,11803
54520.961,14589,11803
54530.192,14590,11803
54534.72,14591,11803
54535.142,14592,11804
54535.602,14593,11805
54536.527,14594,11806
54536.561,14595,11807
54537.946,14596,11808
54553.314,14597,11808
54554.365,14598,11808
54559.945,14599,11808
54560.686,14600,11808
54575.615,14601,11808
54606.939,14602,11808
54674.406,14603,11808
54678.589,14604,11808
54678.683,14605,11808
54678.7,14606,11808
54679.34,14607,11808
54679.583,14608,11808
54679.83,14609,11808
54680.125,14610,11808
54680.453,14611,11808
54682.23,14612,11808
54683.124,14613,11808
54685.093,14614,11808
54687.682,14615,11808
54688.425,14616,11808
54690.255,14617,11808
54692.689,14618,11808
54692.83,14619,11808
54698.496,14620,11808
54701.377,14621,11808
54701.892,14622,11808
54702.027,14623,11808
54714.663,14624,11808
54736.088,14625,11811
54752.488,14626,11811
54752.896,14627,11811
54754.033,14628,11811
54754.806,14629,11811
54763.01,14630,11811
54766.621,14631,11811
54768.206,14632,11811
54773.008,14633,11811
54773.017,14634,11813
54774.134,14635,11813
54775.122,14636,11813
54786.092,14637,11813
54792.86,14638,11813
54793.439,14639,11813
54795.626,14640,11813
54801.714,14641,11813
54813.667,14642,11813
54826.603,14643,11814
54827.123,14644,11814
54830.203,14645,11814
54838.027,14646,11814
54841.449,14647,11814
54845.35,14648,11814
54856.801,14649,11814
54857.549,14650,11814
54858.644,14651,11814
54880.008,14652,11814
54880.034,14653,11814
54886.12,14654,11814
54893.978,14655,11814
54917.971,14656,11814
54936.452,14657,11814
54946.262,14658,11814
54947.289,14659,11814
54957.813,14660,11814
54961.062,14661,11814
54967.756,14662,11814
54969.773,14663,11814
54969.912,14664,11814
54974.344,14665,11814
54977.897,14666,11814
54978.941,14667,11814
54988.694,14668,11814
54996.02,14669,11814
55019.319,14670,11814
55026.023,14671,11814
55030.04,14672,11814
55033.434,14673,11814
55034.387,14674,11814
55045.012,14675,11814
55059.749,14676,11814
55078.719,14677,11814
55078.756,14678,11814
55078.837,14679,11814
55104.007,14680,11814
55113.235,14681,11814
55120.579,14682,11814
55120.632,14683,11814
55121.257,14684,11814
55127.121,14685,11814
55140.716,14686,11814
55144.389,14687,11814
55157.182,14688,11815
55176.886,14689,11815
55177.641,14690,11815
55207.495,14691,11815
55210.522,14692,11815
55211.654,14693,11815
55215.498,14694,11815
55216.14,14695,11815
55232.386,14696,11815
55233.652,14697,11815
55235.378,14698,11815
55262.523,14699,11815
55299.924,14700,11815
55300.236,14701,11815
55308.227,14702,11815
55323.502,14703,11815
55327.543,14704,11815
55328.243,14705,11815
55341.07,14706,11815
55400.005,14707,11815
55400.107,14708,11815
55407.551,14709,11815
55411.15,14710,11815
55422.395,14711,11815
55422.599,14712,11815
55423.062,14713,11815
55424.635,14714,11815
55427.38,14715,11815
55430.232,14716,11817
55448.129,14717,11817
55450.503,14718,11817
55450.529,14719,11817
55453.101,14720,11817
55464.241,14721,11817
55469.668,14722,11817
55482.066,14723,11817
55482.26,14724,11817
55499.978,14725,11817
55525.381,14726,11817
55552.704,14727,11817
55554.969,14728,11817
55579.309,14729,11817
55588.877,14730,11817
55602.992,14731,11817
55603.019,14732,11817
55603.721,14733,11817
55604.703,14734,11817
55616.245,14735,11817
55650.515,14736,11817
55651.099,14737,11817
55656.068,14738,11817
55681.886,14739,11817
55692.445,14740,11817
55692.917,14741,11817
55694.312,14742,11817
55694.673,14743,11817
55695.42,14744,11817
55696.414,14745,11817
55696.778,14746,11817
55696.894,14747,11817
55698.824,14748,11817
55700.956,14749,11817
55708.392,14750,11817
55712.56,14751,11817
55713.755,14752,11817
55714.411,14753,11817
55716.179,14754,11817
55723.541,14755,11817
55725.074,14756,11817
55725.399,14757,11817
55727.785,14758,11817
55735.164,14759,11817
55741.109,14760,11817
55741.402,14761,11817
55742.724,14762,11817
55742.865,14763,11817
55745.697,14764,11817
55747.252,14765,11817
55756.658,14766,11817
55763.73,14767,11817
55763.773,14768,11817
55765.774,14769,11817
55777.425,14770,11817
55777.594,14771,11817
55777.797,14772,11817
55779.155,14773,11817
55779.568,14774,11817
55785.981,14775,11817
55794.596,14776,11817
55799.877,14777,11817
55811.326,14778,11817
55813.888,14779,11817
55820.911,14780,11817
55822.082,14781,11817
55825.511,14782,11817
55832.089,14783,11817
55834.851,14784,11817
55840.533,14785,11817
55866.083,14786,11817
55872.329,14787,11817
55897.839,14788,11817
55898.623,14789,11817
55899.136,14790,11817
55899.645,14791,11817
55900.532,14792,11817
55905.86,14793,11817
55907.397,14794,11817
55907.572,14795,11817
55911.876,14796,11817
55940.135,14797,11817
55944.351,14798,11817
55945.112,14799,11817
55946.216,14800,11817
55951.658,14801,11817
55968.103,14802,11817
55968.584,14803,11817
55981.516,14804,11817
56003.313,14805,11817
56028.452,14806,11817
56044.664,14807,11817
56045.129,14808,11817
56045.147,14809,11817
56045.71,14810,11817
56046.832,14811,11817
56046.921,14812,11817
56053.618,14813,11817
56054.067,14814,11818
56056.487,14815,11818
56058.094,14816,11818
56059.088,14817,11818
56059.177,14818,11818
56059.355,14819,11818
56059.8,14820,11818
56060.409,14821,11818
56061.288,14822,11819
56061.69,14823,11819
56063.424,14824,11821
56064.612,14825,11821
56067.44,14826,11821
56071.33,14827,11821
56073.971,14828,11821
56074.231,14829,11821
56074.997,14830,11821
56119.954,14831,11821
56125.185,14832,11821
56132.897,14833,11821
56135.314,14834,11822
56136.042,14835,11822
56145.037,14836,11822
56157.69,14837,11822
56157.956,14838,11822
56158.532,14839,11822
56192.925,14840,11822
56193.685,14841,11822
56231.581,14842,11822
56231.595,14843,11822
56231.607,14844,11822
56231.629,14845,11822
56231.69,14846,11822
56231.819,14847,11822
56233.035,14848,11822
56234.823,14849,11832
56235.34,14850,11832
56235.588,14851,11832
56244.11,14852,11832
56244.13,14853,11833
56251.006,14854,11833
56251.551,14855,11834
56262.839,14856,11834
56265.895,14857,11834
56273.732,14858,11843
56275.222,14859,11843
56292.845,14860,11843
56307.158,14861,11843
56317.52,14862,11843
56319.263,14863,11843
56319.844,14864,11843
56324.85,14865,11843
56330.078,14866,11843
56333.03,14867,11843
56393.846,14868,11843
56393.876,14869,11843
56405.374,14870,11843
56405.687,14871,11843
56410.069,14872,11843
56433.678,14873,11843
56434.241,14874,11843
56439.529,14875,11843
56439.552,14876,11843
56439.698,14877,11843
56439.786,14878,11843
56448.304,14879,11843
56459.2,14880,11843
56489.353,14881,11843
56489.465,14882,11843
56489.521,14883,11843
56497.856,14884,11843
56497.935,14885,11843
56498.273,14886,11843
56498.326,14887,11843
56498.81,14888,11843
56499.541,14889,11843
56500.759,14890,11843
56501.101,14891,11843
56503.013,14892,11843
56505.211,14893,11843
56505.972,14894,11843
56506.536,14895,11843
56506.654,14896,11843
56510.4,14897,11843
56510.437,14898,11843
56512.039,14899,11843
56520.601,14900,11843
56522.833,14901,11843
56527.543,14902,11843
56545.757,14903,11843
56552.185,14904,11843
56561.656,14905,11843
56587.365,14906,11843
56603.509,14907,11843
56610.853,14908,11843
56627.288,14909,11843
56643.755,14910,11843
56647.194,14911,11843
56654.49,14912,11843
56655.256,14913,11843
56660.345,14914,11843
56670.722,14915,11843
56682.006,14916,11843
56695.619,14917,11843
56706.114,14918,11843
56716.428,14919,11843
56730.435,14920,11843
56731.629,14921,11843
56732.638,14922,11843
56739.306,14923,11843
56751.773,14924,11843
56752.044,14925,11843
56754.679,14926,11843
56766.817,14927,11843
56767.038,14928,11843
56770.34,14929,11843
56778.954,14930,11844
56791.907,14931,11844
56792.032,14932,11844
56793.186,14933,11844
56804.608,14934,11844
56815.188,14935,11844
56816.189,14936,11844
56817.274,14937,11844
56817.774,14938,11844
56817.81,14939,11844
56820.501,14940,11844
56821.513,14941,11844
56829.627,14942,11844
56833.044,14943,11844
56844.011,14944,11844
56844.075,14945,11844
56844.108,14946,11844
56844.493,14947,11845
56845.237,14948,11845
56846.018,14949,11845
56865.905,14950,11845
56866.245,14951,11845
56866.612,14952,11845
56891.241,14953,11845
56919.506,14954,11845
56920.112,14955,11845
56921.246,14956,11845
56947.881,14957,11845
56950.026,14958,11845
56975.14,14959,11846
56977.604,14960,11849
56998.977,14961,11849
57001.669,14962,11849
57001.773,14963,11849
57002.677,14964,11849
57002.778,14965,11849
57009.297,14966,11849
57012.072,14967,11849
57013.515,14968,11849
57026.787,14969,11849
57029.242,14970,11849
57036.73,14971,11849
57057.412,14972,11849
57060.692,14973,11849
57073.399,14974,11849
57085.526,14975,11849
57120.676,14976,11849
57120.705,14977,11849
57121.763,14978,11849
57125.931,14979,11849
57128.307,14980,11849
57129.735,14981,11849
57137.421,14982,11849
57137.531,14983,11849
57143.538,14984,11849
57143.998,14985,11849
57170.711,14986,11849
57195.641,14987,11849
57201.494,14988,11849
57211.321,14989,11849
57212.468,14990,11849
57215.464,14991,11849
57239.577,14992,11849
57244.441,14993,11849
57249.058,14994,11849
57249.213,14995,11849
57255.752,14996,11849
57275.422,14997,11849
57275.445,14998,11849
57277.729,14999,11849
57280.607,15000,11849
57282.06,15001,11849
57282.499,15002,11849
57290.926,15003,11849
57292.127,15004,11849
57312.105,15005,11849
57315.514,15006,11849
57315.797,15007,11849
57315.846,15008,11849
57325.308,15009,11849
57352.486,15010,11849
57363.618,15011,11849
57373.961,15012,11849
57400.405,15013,11849
57404.885,15014,11849
57430.497,15015,11849
57447.627,15016,11849
57447.843,15017,11849
57464.466,15018,11849
57468.5,15019,11849
57471.781,15020,11852
57475.275,15021,11852
57475.413,15022,11852
57481.953,15023,11852
57508.933,15024,11852
57509.14,15025,11852
57510.052,15026,11852
57510.74,15027,11852
57510.924,15028,11852
57511.604,15029,11852
57511.747,15030,11852
57513.548,15031,11852
57514.083,15032,11852
57515.678,15033,11852
57516.149,15034,11852
57516.74,15035,11852
57518.711,15036,11852
57521.304,15037,11852
57540.364,15038,11852
57541.358,15039,11852
57550.363,15040,11852
57551.549,15041,11852
57551.736,15042,11852
57565.264,15043,11852
57581.614,15044,11852
57586.436,15045,11852
57590.839,15046,11852
57600.963,15047,11852
57607.518,15048,11852
57608.324,15049,11852
57625.621,15050,11852
57629.339,15051,11852
57630.599,15052,11853
57644.341,15053,11854
57653.372,15054,11854
57653.45,15055,11856
57654.117,15056,11857
57654.472,15057,11857
57654.478,15058,11857
57654.701,15059,11857
57655.239,15060,11858
57658.159,15061,11859
57659.267,15062,11859
57664.631,15063,11862
57680.081,15064,11862
57680.203,15065,11862
57680.551,15066,11862
57683.659,15067,11862
57684.321,15068,11862
57686.582,15069,11862
57686.822,15070,11862
57688.534,15071,11862
57693.28,15072,11862
57694.395,15073,11864
57695.47,15074,11864
57697.946,15075,11864
57710.035,15076,11864
57710.442,15077,11864
57710.86,15078,11864
57711.004,15079,11864
57711.608,15080,11864
57711.748,15081,11864
57711.873,15082,11864
57711.987,15083,11866
57712.399,15084,11866
57712.594,15085,11866
57713.012,15086,11866
57713.864,15087,11866
57714.277,15088,11866
57719.577,15089,11866
57720.032,15090,11866
57722.863,15091,11866
57726.11,15092,11866
57729.81,15093,11866
57732.987,15094,11866
57736.236,15095,11866
57750.739,15096,11866
57752.741,15097,11866
57753.471,15098,11866
57754.352,15099,11866
57759.144,15100,11867
57762.268,15101,11867
57769.764,15102,11867
57771.967,15103,11867
57773.667,15104,11867
57782.749,15105,11867
57803.371,15106,11867
57810.383,15107,11867
57811.17,15108,11867
57812.356,15109,11867
57822.503,15110,11867
57823.422,15111,11867
57880.788,15112,11867
57895.589,15113,11867
57895.679,15114,11867
57901.378,15115,11867
57914.53,15116,11867
57915.402,15117,11867
57917.109,15118,11867
57919.172,15119,11867
57934.999,15120,11867
57936.042,15121,11867
57937.33,15122,11867
57947.903,15123,11869
57959.489,15124,11869
57967.781,15125,11869
57986.788,15126,11869
58004.128,15127,11869
58010.28,15128,11869
58027.414,15129,11869
58044.929,15130,11869
58047.755,15131,11869
58071.682,15132,11869
58071.938,15133,11869
58083.419,15134,11869
58129.21,15135,11869
58132.599,15136,11869
58135.281,15137,11869
58137.456,15138,11869
58141.766,15139,11869
58142.468,15140,11869
58142.964,15141,11869
58199.481,15142,11869
58207.709,15143,11869
58222.828,15144,11869
58223.68,15145,11869
58227.635,15146,11869
58227.73,15147,11871
58229.075,15148,11871
58262.283,15149,11871
58266.476,15150,11871
58266.59,15151,11871
58281.187,15152,11871
58281.268,15153,11871
58281.522,15154,11871
58282.461,15155,11871
58282.854,15156,11871
58286.69,15157,11871
58290.345,15158,11871
58290.387,15159,11871
58291.17,15160,11871
58293.681,15161,11871
58297.963,15162,11871
58305.563,15163,11871
58314.81,15164,11871
58318.52,15165,11871
58331.457,15166,11871
58340.002,15167,11871
58381.839,15168,11871
58421.296,15169,11871
58421.377,15170,11871
58422.377,15171,11871
58427.387,15172,11871
58427.717,15173,11871
58441.252,15174,11871
58444.085,15175,11871
58457.406,15176,11871
58486.622,15177,11871
58494.209,15178,11871
58495.774,15179,11871
58495.94,15180,11871
58499.653,15181,11871
58502.903,15182,11871
58508.599,15183,11871
58536.88,15184,11871
58543.195,15185,11871
58543.203,15186,11871
58543.593,15187,11871
58543.87,15188,11872
58555.855,15189,11872
58615.979,15190,11872
58638.081,15191,11872
58676.126,15192,11872
58684.871,15193,11872
58684.9,15194,11872
58695.967,15195,11872
58699.278,15196,11872
58731.712,15197,11872
58741.504,15198,11873
58800.063,15199,11873
58809.315,15200,11873
58814.085,15201,11873
58815.186,15202,11873
58846.321,15203,11874
58853.349,15204,11874
58853.578,15205,11874
58866.278,15206,11874
58866.316,15207,11874
58866.892,15208,11874
58869.262,15209,11874
58870.783,15210,11874
58872.837,15211,11875
58883.946,15212,11876
58894.895,15213,11876
58895.699,15214,11876
58912.384,15215,11876
58912.491,15216,11876
58914.04,15217,11876
58932.193,15218,11876
58937.98,15219,11876
58952.059,15220,11876
58977.621,15221,11877
58980.346,15222,11877
58980.425,15223,11877
59024.083,15224,11877
59043.201,15225,11877
59043.936,15226,11877
59048.823,15227,11877
59055.517,15228,11877
59055.69,15229,11877
59094.798,15230,11877
59095.397,15231,11877
59100.12,15232,11877
59100.211,15233,11877
59101.299,15234,11877
59104.817,15235,11877
59111.306,15236,11877
59111.572,15237,11877
59127.592,15238,11877
59129.266,15239,11877
59129.49,15240,11877
59130.141,15241,11877
59130.467,15242,11877
59134.294,15243,11877
59164.677,15244,11877
59164.841,15245,11877
59198.072,15246,11878
59200.545,15247,11879
59201.029,15248,11880
59205.914,15249,11880
59218.024,15250,11880
59223.1,15251,11880
59246.921,15252,11881
59247.021,15253,11882
59265.321,15254,11882
59271.101,15255,11883
59271.304,15256,11883
59278.739,15257,11884
59279.892,15258,11884
59280.747,15259,11884
59280.867,15260,11884
59285.296,15261,11896
59285.572,15262,11905
59285.693,15263,11908
59294.098,15264,11914
59305.608,15265,11914
59315.622,15266,11914
59390.054,15267,11916
59398.146,15268,11918
59398.27,15269,11918
59407.019,15270,11919
59420.802,15271,11919
59436.591,15272,11920
59436.95,15273,11921
59436.963,15274,11921
59436.976,15275,11921
59459.407,15276,11921
59459.432,15277,11923
59494.573,15278,11923
59517.273,15279,11923
59518.987,15280,11923
59521.334,15281,11923
59521.684,15282,11923
59525.71,15283,11923
59528.001,15284,11923
59529.058,15285,11923
59534.033,15286,11923
59535.295,15287,11923
59536.243,15288,11923
59536.696,15289,11923
59551.066,15290,11923
59551.155,15291,11923
59551.51,15292,11923
59551.592,15293,11923
59552.111,15294,11923
59552.378,15295,11923
59553.238,15296,11923
59553.542,15297,11923
59558.391,15298,11923
59560.942,15299,11923
59563.683,15300,11923
59564.948,15301,11923
59565.268,15302,11923
59576.123,15303,11923
59576.592,15304,11923
59576.746,15305,11923
59577.122,15306,11923
59578.084,15307,11923
59578.241,15308,11923
59578.86,15309,11923
59580.186,15310,11923
59581.496,15311,11923
59582.585,15312,11923
59582.877,15313,11923
59583.294,15314,11923
59584.835,15315,11923
59587.022,15316,11923
59594.156,15317,11923
59604.528,15318,11923
59606.337,15319,11923
59609.063,15320,11923
59609.725,15321,11923
59610.226,15322,11923
59614.14,15323,11923
59636.898,15324,11923
59637.34,15325,11923
59638.172,15326,11923
59641.333,15327,11923
59642.343,15328,11923
59692.55,15329,11923
59693.13,15330,11923
59695.863,15331,11923
59700.787,15332,11923
59702.542,15333,11923
59711.119,15334,11923
59717.696,15335,11923
59718.947,15336,11923
59718.974,15337,11925
59730.219,15338,11925
59730.345,15339,11925
59730.806,15340,11925
59731.213,15341,11925
59731.256,15342,11925
59731.301,15343,11925
59731.353,15344,11925
59732.714,15345,11925
59733.174,15346,11925
59733.311,15347,11925
59733.617,15348,11925
59734.159,15349,11925
59734.785,15350,11925
59735.391,15351,11925
59735.652,15352,11925
59736.04,15353,11925
59736.238,15354,11925
59736.279,15355,11925
59737.747,15356,11925
59738.026,15357,11925
59738.132,15358,11925
59738.317,15359,11925
59738.355,15360,11925
59739.166,15361,11925
59739.752,15362,11925
59739.898,15363,11925
59740.639,15364,11925
59740.834,15365,11925
59741.026,15366,11925
59742.53,15367,11926
59742.595,15368,11926
59743.435,15369,11926
59743.738,15370,11926
59744.018,15371,11926
59744.111,15372,11927
59744.121,15373,11927
59744.178,15374,11927
59744.279,15375,11927
59744.455,15376,11927
59744.471,15377,11927
59744.772,15378,11927
59744.818,15379,11927
59745.405,15380,11927
59745.633,15381,11929
59746.949,15382,11929
59747.397,15383,11929
59747.41,15384,11930
59747.515,15385,11930
59748.31,15386,11930
59749.147,15387,11931
59750.096,15388,11931
59753.148,15389,11931
59773.731,15390,11931
59773.909,15391,11932
59773.992,15392,11932
59774.251,15393,11933
59774.284,15394,11933
59774.894,15395,11934
59775.224,15396,11934
59776.256,15397,11934
59776.907,15398,11934
59780.804,15399,11934
59781.552,15400,11934
59782.713,15401,11934
59783.132,15402,11934
59783.185,15403,11934
59784.59,15404,11934
59784.702,15405,11934
59785.136,15406,11934
59786.582,15407,11934
59787.425,15408,11934
59788.215,15409,11934
59791.352,15410,11937
59797.431,15411,11937
59799.885,15412,11937
59800.838,15413,11937
59801.136,15414,11937
59802.19,15415,11937
59803.984,15416,11937
59806.69,15417,11937
59806.757,15418,11937
59807.311,15419,11937
59807.777,15420,11937
59811.963,15421,11937
59811.971,15422,11937
59812.269,15423,11937
59812.311,15424,11937
59812.325,15425,11937
59813.819,15426,11937
59814.162,15427,11937
59815.532,15428,11937
59816.227,15429,11937
59816.744,15430,11937
59817.195,15431,11937
59817.275,15432,11937
59817.544,15433,11937
59818.9,15434,11937
59819.391,15435,11937
59819.692,15436,11937
59819.815,15437,11937
59820.316,15438,11937
59820.772,15439,11937
59822.91,15440,11937
59824.368,15441,11937
59826.759,15442,11937
59826.801,15443,11937
59830.209,15444,11937
59830.244,15445,11937
59830.629,15446,11937
59830.689,15447,11937
59831.101,15448,11937
59831.197,15449,11937
59831.227,15450,11937
59831.286,15451,11937
59831.355,15452,11937
59831.532,15453,11937
59831.657,15454,11937
59832.708,15455,11939
59834.286,15456,11939
59835.997,15457,11939
59836.84,15458,11940
59840.018,15459,11940
59840.294,15460,11940
59840.43,15461,11940
59840.598,15462,11940
59841.234,15463,11940
59843.267,15464,11940
59843.472,15465,11940
59843.569,15466,11940
59843.941,15467,11946
59848.263,15468,11946
59851.845,15469,11946
59852.712,15470,11946
59852.771,15471,11946
59853.069,15472,11946
59853.426,15473,11946
59853.705,15474,11946
59854.114,15475,11946
59854.918,15476,11946
59854.953,15477,11946
59855.181,15478,11946
59858.468,15479,11946
59860.819,15480,11946
59861.961,15481,11946
59864.856,15482,11946
59865.311,15483,11946
59868.529,15484,11946
59868.794,15485,11946
59875.783,15486,11946
59877.135,15487,11946
59877.77,15488,11946
59878.123,15489,11946
59879.492,15490,11946
59879.715,15491,11946
59880.0,15492,11946
59883.049,15493,11946
59883.177,15494,11946
59883.945,15495,11946
59885.083,15496,11946
59886.482,15497,11946
59887.252,15498,11946
59894.209,15499,11946
59898.757,15500,11946
59911.868,15501,11946
59912.643,15502,11946
59917.081,15503,11946
59918.072,15504,11946
59918.659,15505,11946
59918.667,15506,11946
59918.918,15507,11946
59919.364,15508,11946
59919.736,15509,11946
59927.392,15510,11946
59927.467,15511,11946
59929.188,15512,11946
59929.909,15513,11946
59932.852,15514,11946
59933.504,15515,11946
59934.394,15516,11946
59935.026,15517,11950
59935.88,15518,11950
59944.055,15519,11950
59944.144,15520,11950
59944.536,15521,11950
59945.716,15522,11950
59946.18,15523,11950
59948.43,15524,11950
59949.855,15525,11950
59951.198,15526,11950
59951.837,15527,11950
59954.792,15528,11950
59955.6,15529,11950
59955.73,15530,11950
59961.369,15531,11950
59979.119,15532,11950
59981.716,15533,11950
59984.362,15534,11950
59989.27,15535,11950
59989.674,15536,11950
59990.147,15537,11950
59992.819,15538,11950
59993.383,15539,11950
59993.863,15540,11950
59994.817,15541,11950
59996.549,15542,11950
59998.195,15543,11950
60000.304,15544,11950
60005.306,15545,11950
60005.322,15546,11950
60005.799,15547,11950
60011.156,15548,11950
60011.175,15549,11950
60011.242,15550,11950
60011.473,15551,11950
60013.806,15552,11950
60014.754,15553,11950
60023.503,15554,11950
60023.684,15555,11950
60025.433,15556,11950
60027.036,15557,11950
60030.256,15558,11950
60032.524,15559,11950
60038.467,15560,11950
60047.672,15561,11950
60050.218,15562,11950
60052.139,15563,11950
60052.216,15564,11950
60052.296,15565,11950
60053.124,15566,11950
60053.677,15567,11950
60054.545,15568,11950
60055.374,15569,11950
60056.728,15570,11950
60056.925,15571,11950
60060.993,15572,11950
60077.087,15573,11950
60080.757,15574,11950
60080.772,15575,11950
60081.134,15576,11950
60086.842,15577,11950
60086.885,15578,11950
60090.688,15579,11950
60095.472,15580,11950
60103.372,15581,11950
60110.108,15582,11950
60110.195,15583,11950
60110.584,15584,11950
60110.842,15585,11950
60111.323,15586,11950
60111.929,15587,11950
60113.209,15588,11950
60114.0,15589,11950
60115.022,15590,11950
60117.217,15591,11950
60117.233,15592,11950
60117.961,15593,11950
60123.846,15594,11950
60124.629,15595,11950
60126.24,15596,11950
60127.171,15597,11950
60128.452,15598,11950
60129.002,15599,11950
60129.729,15600,11950
60130.617,15601,11950
60139.887,15602,11950
60139.937,15603,11950
60140.311,15604,11950
60148.117,15605,11950
60148.19,15606,11950
60148.68,15607,11950
60152.863,15608,11950
60153.783,15609,11950
60159.598,15610,11950
60182.283,15611,11950
60189.949,15612,11950
60190.11,15613,11950
60190.3,15614,11950
60190.729,15615,11950
60190.886,15616,11950
60190.942,15617,11950
60192.292,15618,11950
60192.317,15619,11950
60197.221,15620,11950
60199.41,15621,11950
60203.839,15622,11950
60211.358,15623,11950
60214.038,15624,11950
60214.291,15625,11950
60215.697,15626,11950
60215.937,15627,11950
60217.79,15628,11950
60220.254,15629,11950
60222.005,15630,11950
60223.949,15631,11950
60225.754,15632,11950
60226.169,15633,11950
60238.632,15634,11950
60243.583,15635,11950
60249.961,15636,11950
60253.253,15637,11950
60253.511,15638,11950
60253.678,15639,11950
60253.726,15640,11950
60253.925,15641,11950
60254.399,15642,11950
60254.832,15643,11950
60255.078,15644,11950
60256.775,15645,11950
60258.675,15646,11950
60259.12,15647,11950
60261.098,15648,11950
60262.0,15649,11950
60264.327,15650,11950
60266.375,15651,11950
60268.84,15652,11950
60269.448,15653,11950
60282.946,15654,11950
60283.628,15655,11950
60297.015,15656,11950
60297.199,15657,11950
60301.022,15658,11950
60306.829,15659,11950
60308.424,15660,11950
60309.231,15661,11950
60314.291,15662,11950
60316.061,15663,11950
60316.117,15664,11950
60325.291,15665,11950
60325.428,15666,11950
60325.449,15667,11950
60325.837,15668,11950
60327.181,15669,11950
60327.364,15670,11950
60327.82,15671,11950
60328.146,15672,11950
60328.203,15673,11950
60329.663,15674,11950
60331.189,15675,11950
60332.188,15676,11950
60333.782,15677,11950
60335.502,15678,11950
60337.986,15679,11950
60338.018,15680,11950
60338.073,15681,11950
60338.258,15682,11950
60338.709,15683,11950
60340.273,15684,11950
60342.384,15685,11950
60347.651,15686,11950
60348.204,15687,11950
60350.239,15688,11950
60351.382,15689,11950
60354.59,15690,11950
60356.162,15691,11950
60362.779,15692,11955
60366.344,15693,11955
60367.538,15694,11955
60385.298,15695,11955
60386.109,15696,11955
60386.177,15697,11955
60391.35,15698,11955
60392.987,15699,11960
60396.001,15700,11960
60399.242,15701,11960
60400.631,15702,11960
60410.817,15703,11960
60411.239,15704,11960
60411.632,15705,11960
60417.796,15706,11960
60418.425,15707,11960
60419.083,15708,11961
60422.128,15709,11961
60422.356,15710,11961
60422.987,15711,11961
60424.423,15712,11961
60464.187,15713,11961
60465.534,15714,11961
60465.622,15715,11961
60465.69,15716,11961
60477.162,15717,11961
60479.459,15718,11961
60479.786,15719,11961
60484.704,15720,11961
60484.904,15721,11961
60487.801,15722,11961
60487.836,15723,11961
60495.787,15724,11961
60496.897,15725,11961
60498.037,15726,11961
60499.253,15727,11961
60500.574,15728,11961
60503.918,15729,11961
60505.398,15730,11961
60505.434,15731,11961
60507.665,15732,11961
60508.161,15733,11961
60508.552,15734,11961
60518.951,15735,11961
60521.632,15736,11961
60535.329,15737,11961
60536.393,15738,11961
60546.43,15739,11961
60563.031,15740,11961
60566.748,15741,11961
60569.034,15742,11961
60575.607,15743,11961
60579.778,15744,11961
60595.596,15745,11961
60598.954,15746,11961
60599.896,15747,11961
60601.09,15748,11961
60612.904,15749,11963
60615.503,15750,11964
60620.107,15751,11964
60626.314,15752,11964
60626.533,15753,11964
60631.448,15754,11964
60632.834,15755,11964
60634.401,15756,11964
60635.409,15757,11964
60635.807,15758,11964
60635.819,15759,11964
60636.49,15760,11964
60636.686,15761,11964
60642.349,15762,11964
60644.166,15763,11964
60653.088,15764,11964
60672.523,15765,11964
60672.723,15766,11967
60690.188,15767,11967
60692.21,15768,11967
60692.75,15769,11967
60692.941,15770,11967
60697.662,15771,11967
60697.684,15772,11967
60700.612,15773,11967
60704.473,15774,11967
60705.029,15775,11967
60705.95,15776,11967
60707.414,15777,11967
60708.041,15778,11968
60708.699,15779,11968
60722.107,15780,11968
60722.119,15781,11968
60722.598,15782,11968
60722.751,15783,11969
60722.962,15784,11969
60723.843,15785,11969
60724.508,15786,11969
60726.01,15787,11969
60727.244,15788,11969
60727.668,15789,11969
60727.934,15790,11969
60729.038,15791,11969
60729.572,15792,11969
60730.466,15793,11969
60731.704,15794,11969
60731.949,15795,11969
60737.852,15796,11969
60738.069,15797,11969
60739.239,15798,11969
60742.62,15799,11969
60743.94,15800,11969
60744.73,15801,11969
60745.338,15802,11969
60746.015,15803,11970
60746.325,15804,11972
60747.882,15805,11972
60750.574,15806,11972
60750.618,15807,11972
60750.753,15808,11972
60757.654,15809,11972
60758.172,15810,11972
60764.363,15811,11972
60772.704,15812,11972
60773.065,15813,11972
60773.382,15814,11972
60777.887,15815,11972
60778.991,15816,11972
60779.855,15817,11972
60780.385,15818,11972
60782.931,15819,11972
60784.67,15820,11972
60788.439,15821,11972
60792.723,15822,11972
60793.668,15823,11972
60796.73,15824,11972
60803.927,15825,11972
60805.287,15826,11972
60805.703,15827,11972
60808.392,15828,11972
60813.852,15829,11972
60814.0,15830,11972
60815.685,15831,11972
60816.465,15832,11972
60817.538,15833,11972
60817.666,15834,11972
60820.4,15835,11972
60822.094,15836,11972
60822.59,15837,11972
60822.683,15838,11972
60830.179,15839,11972
60831.798,15840,11972
60832.193,15841,11972
60833.626,15842,11972
60835.574,15843,11972
60840.569,15844,11972
60843.549,15845,11972
60845.382,15846,11972
60846.623,15847,11972
60846.672,15848,11972
60856.705,15849,11972
60863.479,15850,11972
60879.357,15851,11974
60892.337,15852,11974
60895.313,15853,11974
60896.879,15854,11974
60899.851,15855,11975
60903.778,15856,11975
60905.357,15857,11975
60905.407,15858,11976
60916.045,15859,11976
60923.416,15860,11976
60930.291,15861,11976
60930.465,15862,11976
60930.974,15863,11976
60935.884,15864,11976
60936.075,15865,11976
60938.061,15866,11976
60941.54,15867,11976
60942.5,15868,11976
60972.583,15869,11976
60974.243,15870,11976
60974.991,15871,11976
60977.463,15872,11976
60984.532,15873,11976
60995.114,15874,11976
60995.876,15875,11976
60998.347,15876,11976
60999.389,15877,11976
61015.897,15878,11976
61016.021,15879,11976
61016.098,15880,11976
61037.011,15881,11976
61037.334,15882,11976
61041.58,15883,11976
61048.742,15884,11976
61060.985,15885,11976
61071.251,15886,11976
61085.345,15887,11976
61091.695,15888,11976
61101.873,15889,11976
61105.695,15890,11976
61107.469,15891,11976
61124.618,15892,11976
61124.804,15893,11976
61140.62,15894,11976
61145.865,15895,11976
61157.119,15896,11976
61166.771,15897,11976
61167.158,15898,11976
61167.336,15899,11976
61167.483,15900,11976
61167.695,15901,11976
61170.403,15902,11976
61171.828,15903,11976
61175.311,15904,11977
61190.69,15905,11977
61192.63,15906,11977
61192.655,15907,11977
61192.729,15908,11977
61193.025,15909,11977
61193.331,15910,11977
61193.781,15911,11977
61193.841,15912,11977
61194.186,15913,11977
61194.299,15914,11977
61194.952,15915,11978
61196.715,15916,11978
61197.841,15917,11978
61199.165,15918,11980
61199.616,15919,11980
61203.217,15920,11980
61204.586,15921,11982
61207.181,15922,11982
61208.787,15923,11982
61208.892,15924,11982
61208.944,15925,11982
61209.018,15926,11982
61209.052,15927,11982
61209.114,15928,11982
61209.333,15929,11985
61209.922,15930,11985
61210.588,15931,11985
61212.458,15932,11985
61213.832,15933,11985
61215.376,15934,11985
61215.638,15935,11985
61218.294,15936,11985
61218.608,15937,11985
61219.217,15938,11985
61228.663,15939,11985
61228.677,15940,11985
61228.748,15941,11985
61229.393,15942,11985
61229.691,15943,11985
61229.764,15944,11985
61229.777,15945,11985
61230.219,15946,11985
61230.441,15947,11985
61232.062,15948,11985
61232.192,15949,11985
61232.382,15950,11985
61234.387,15951,11985
61235.373,15952,11985
61239.686,15953,11985
61240.408,15954,11985
61241.014,15955,11985
61241.582,15956,11985
61250.143,15957,11985
61255.69,15958,11988
61257.173,15959,11988
61258.096,15960,11988
61259.554,15961,11988
61259.666,15962,11990
61259.712,15963,11990
61259.725,15964,11990
61259.769,15965,11990
61260.229,15966,11990
61260.327,15967,11990
61261.363,15968,11990
61261.602,15969,11990
61263.08,15970,11990
61264.872,15971,11990
61267.478,15972,11991
61268.67,15973,11991
61272.199,15974,11991
61272.31,15975,11991
61272.731,15976,11991
61274.27,15977,11991
61275.929,15978,11991
61276.189,15979,11991
61277.359,15980,11991
61283.979,15981,11991
61284.067,15982,11991
61286.118,15983,11991
61286.201,15984,11991
61296.261,15985,11991
61297.564,15986,11991
61297.652,15987,11991
61298.286,15988,11991
61300.714,15989,11991
61304.984,15990,11991
61306.756,15991,11991
61306.763,15992,11991
61306.773,15993,11991
61306.786,15994,11991
61307.216,15995,11991
61307.333,15996,11991
61307.495,15997,11991
61308.367,15998,11991
61309.452,15999,11991
61310.334,16000,11991
61311.615,16001,11991
61311.831,16002,11991
61312.68,16003,11991
61314.165,16004,11991
61315.543,16005,11991
61317.651,16006,11991
61317.702,16007,11991
61317.833,16008,11991
61318.273,16009,11992
61318.9,16010,11992
61321.195,16011,11992
61325.336,16012,11992
61329.135,16013,11992
61330.639,16014,11992
61330.653,16015,11992
61330.671,16016,11992
61330.691,16017,11992
61331.145,16018,11992
61333.147,16019,11992
61333.316,16020,11992
61333.636,16021,11993
61334.269,16022,11993
61335.503,16023,11993
61335.766,16024,11993
61336.978,16025,11993
61338.217,16026,11993
61338.339,16027,11993
61339.152,16028,11993
61340.536,16029,11993
61343.324,16030,11993
61345.813,16031,11993
61347.554,16032,11993
61347.736,16033,11993
61347.848,16034,11993
61348.028,16035,11993
61348.401,16036,11993
61348.811,16037,11993
61381.604,16038,11993
61381.954,16039,11993
61382.029,16040,11993
61382.726,16041,11993
61382.82,16042,11993
61383.091,16043,11993
61383.288,16044,11993
61384.008,16045,11993
61384.106,16046,11993
61384.205,16047,11993
61384.574,16048,11993
61384.784,16049,11993
61390.454,16050,11993
61390.984,16051,11993
61392.544,16052,11993
61397.385,16053,11993
61401.797,16054,11993
61401.962,16055,11993
61402.287,16056,11993
61409.524,16057,11993
61409.625,16058,11993
61409.809,16059,11993
61410.091,16060,11993
61410.125,16061,11993
61410.509,16062,11995
61412.478,16063,11995
61412.488,16064,11995
61414.575,16065,11995
61414.79,16066,11995
61418.243,16067,11995
61419.345,16068,11995
61421.54,16069,11995
61421.605,16070,11995
61433.028,16071,11995
61433.083,16072,11995
61433.15,16073,11995
61433.951,16074,11995
61434.145,16075,11995
61460.832,16076,11995
61460.842,16077,11995
61461.497,16078,11995
61463.956,16079,11995
61469.777,16080,11995
61470.707,16081,11995
61470.967,16082,11995
61471.608,16083,11995
61471.653,16084,11995
61476.92,16085,11995
61484.606,16086,11995
61484.823,16087,11995
61485.492,16088,11995
61485.796,16089,11995
61489.462,16090,11995
61491.032,16091,11995
61491.659,16092,11995
61491.872,16093,11995
61495.056,16094,11995
61503.402,16095,11995
61512.063,16096,11995
61512.869,16097,11995
61513.684,16098,11995
61525.392,16099,11995
61525.449,16100,11995
61526.945,16101,11995
61530.682,16102,11995
61530.733,16103,11995
61530.765,16104,11995
61531.796,16105,11995
61532.102,16106,11995
61534.257,16107,11995
61534.722,16108,11995
61537.836,16109,11995
61542.551,16110,11995
61542.564,16111,11995
61542.577,16112,11995
61542.592,16113,11995
61542.724,16114,11995
61544.956,16115,11995
61546.786,16116,11996
61547.853,16117,11996
61550.527,16118,11996
61556.429,16119,11996
61557.442,16120,11996
61561.521,16121,11996
61564.122,16122,11996
61567.486,16123,11996
61567.609,16124,11996
61569.029,16125,11996
61577.574,16126,11996
61581.905,16127,11996
61590.678,16128,11996
61599.93,16129,11996
61599.94,16130,11996
61599.97,16131,11996
61599.99,16132,11996
61600.047,16133,11996
61600.55,16134,11996
61601.381,16135,11996
61601.663,16136,11996
61601.691,16137,11996
61611.091,16138,11996
61613.899,16139,11996
61614.097,16140,11996
61614.166,16141,11998
61614.205,16142,11998
61614.615,16143,11998
61614.966,16144,11998
61615.212,16145,11998
61615.758,16146,11998
61617.595,16147,11998
61617.88,16148,11998
61619.575,16149,11998
61619.724,16150,11998
61620.552,16151,11998
61620.805,16152,11998
61622.996,16153,11998
61623.58,16154,11998
61625.248,16155,11998
61626.113,16156,11998
61627.406,16157,11998
61627.495,16158,11998
61629.988,16159,11998
61630.505,16160,11998
61631.051,16161,11998
61631.353,16162,11998
61636.805,16163,11998
61637.522,16164,11998
61644.796,16165,11998
61644.829,16166,12005
61646.458,16167,12005
61646.659,16168,12005
61648.001,16169,12005
61648.096,16170,12005
61649.969,16171,12005
61653.179,16172,12005
61654.284,16173,12005
61656.199,16174,12005
61656.922,16175,12005
61661.647,16176,12005
61662.838,16177,12005
61663.0,16178,12005
61705.476,16179,12005
61711.652,16180,12005
61720.64,16181,12006
61720.751,16182,12006
61736.263,16183,12006
61738.29,16184,12006
61767.758,16185,12006
61768.314,16186,12006
61769.975,16187,12006
61781.036,16188,12006
61802.605,16189,12006
61822.031,16190,12006
61822.933,16191,12006
61826.721,16192,12006
61858.872,16193,12006
61860.101,16194,12006
61864.796,16195,12006
61865.12,16196,12006
61874.725,16197,12006
61875.57,16198,12006
61875.654,16199,12006
61875.922,16200,12006
61876.221,16201,12006
61876.893,16202,12006
61880.576,16203,12006
61883.706,16204,12006
61886.056,16205,12006
61897.408,16206,12006
61900.321,16207,12006
61900.597,16208,12006
61901.468,16209,12006
61901.543,16210,12006
61901.855,16211,12006
61904.085,16212,12006
61905.667,16213,12006
61907.986,16214,12006
61910.035,16215,12006
61921.481,16216,12006
61924.556,16217,12006
61924.889,16218,12006
61926.503,16219,12006
61932.071,16220,12006
61933.55,16221,12006
61937.668,16222,12006
61940.422,16223,12006
61945.214,16224,12006
61946.025,16225,12006
61946.325,16226,12006
61952.113,16227,12006
61952.329,16228,12006
61961.616,16229,12006
61974.14,16230,12006
61974.444,16231,12006
61996.617,16232,12006
62023.424,16233,12006
62030.872,16234,12006
62042.494,16235,12006
62049.845,16236,12006
62055.273,16237,12006
62083.942,16238,12006
62090.446,16239,12007
62104.345,16240,12007
62111.041,16241,12007
62111.673,16242,12007
62113.0,16243,12007
62113.792,16244,12007
62113.951,16245,12007
62115.661,16246,12007
62122.969,16247,12007
62122.985,16248,12007
62126.915,16249,12007
62137.42,16250,12007
62137.778,16251,12007
62138.027,16252,12007
62139.187,16253,12007
62141.143,16254,12007
62141.37,16255,12007
62144.916,16256,12007
62145.761,16257,12007
62149.734,16258,12007
62151.267,16259,12007
62152.372,16260,12007
62153.101,16261,12007
62153.113,16262,12007
62154.742,16263,12007
62156.432,16264,12007
62156.59,16265,12007
62157.428,16266,12007
62157.9,16267,12007
62158.286,16268,12007
62158.35,16269,12007
62158.497,16270,12007
62160.647,16271,12007
62163.284,16272,12007
62164.018,16273,12007
62166.792,16274,12007
62167.2,16275,12007
62167.495,16276,12007
62167.682,16277,12007
62170.222,16278,12007
62177.971,16279,12007
62178.098,16280,12007
62184.282,16281,12007
62186.115,16282,12007
62188.199,16283,12007
62188.982,16284,12007
62192.164,16285,12007
62193.398,16286,12007
62198.993,16287,12007
62207.972,16288,12007
62211.593,16289,12007
62233.412,16290,12007
62234.533,16291,12007
62234.645,16292,12007
62234.864,16293,12007
62238.609,16294,12007
62241.258,16295,12007
62246.225,16296,12007
62246.3,16297,12007
62246.524,16298,12007
62246.566,16299,12007
62247.106,16300,12007
62252.075,16301,12007
62252.155,16302,12007
62257.194,16303,12007
62259.612,16304,12007
62262.918,16305,12007
62265.489,16306,12007
62266.031,16307,12007
62269.499,16308,12007
62269.72,16309,12007
62270.71,16310,12007
62277.071,16311,12007
62277.981,16312,12007
62279.786,16313,12007
62280.087,16314,12007
62280.485,16315,12007
62282.183,16316,12007
62298.557,16317,12007
62304.749,16318,12007
62306.371,16319,12007
62306.473,16320,12007
62306.53,16321,12007
62306.828,16322,12007
62307.522,16323,12007
62307.817,16324,12007
62318.324,16325,12007
62318.637,16326,12007
62319.759,16327,12007
62320.443,16328,12007
62322.028,16329,12007
62330.573,16330,12007
62344.92,16331,12007
62354.484,16332,12007
62369.616,16333,12007
62373.08,16334,12007
62373.23,16335,12007
62373.861,16336,12007
62381.875,16337,12007
62384.39,16338,12007
62393.952,16339,12007
62394.224,16340,12007
62396.966,16341,12008
62400.783,16342,12008
62412.489,16343,12008
62412.806,16344,12008
62412.828,16345,12008
62419.388,16346,12008
62429.233,16347,12008
62447.583,16348,12008
62447.666,16349,12008
62455.242,16350,12008
62490.767,16351,12008
62494.211,16352,12008
62501.339,16353,12008
62501.38,16354,12008
62504.69,16355,12008
62520.306,16356,12011
62555.115,16357,12011
62555.275,16358,12014
62555.379,16359,12014
62569.455,16360,12014
62579.641,16361,12014
62581.113,16362,12014
62581.649,16363,12014
62584.454,16364,12014
62612.904,16365,12014
62644.453,16366,12014
62656.287,16367,12015
62656.431,16368,12041
62656.522,16369,12041
62656.579,16370,12041
62656.655,16371,12041
62656.759,16372,12041
62657.126,16373,12041
62657.38,16374,12041
62657.924,16375,12041
62658.392,16376,12041
62661.781,16377,12041
62663.945,16378,12041
62663.96,16379,12041
62666.105,16380,12041
62666.117,16381,12044
62666.262,16382,12044
62666.433,16383,12044
62666.471,16384,12044
62666.7,16385,12044
62667.053,16386,12044
62669.201,16387,12044
62671.144,16388,12044
62674.431,16389,12044
62675.116,16390,12044
62676.523,16391,12044
62680.696,16392,12044
62690.885,16393,12044
62695.657,16394,12044
62733.253,16395,12044
62733.262,16396,12044
62734.959,16397,12044
62758.15,16398,12044
62758.249,16399,12044
62760.422,16400,12044
62761.852,16401,12044
62763.382,16402,12044
62764.158,16403,12044
62775.779,16404,12044
62776.752,16405,12044
62778.937,16406,12044
62779.942,16407,12044
62779.981,16408,12044
62792.528,16409,12052
62792.624,16410,12052
62796.657,16411,12052
62797.284,16412,12053
62797.418,16413,12053
62799.252,16414,12053
62799.726,16415,12053
62800.418,16416,12053
62811.549,16417,12053
62811.573,16418,12053
62819.01,16419,12053
62843.298,16420,12053
62862.239,16421,12053
62877.327,16422,12053
62877.381,16423,12053
62878.488,16424,12053
62922.472,16425,12053
62923.474,16426,12053
62945.645,16427,12053
62945.704,16428,12053
62945.723,16429,12053
62948.595,16430,12053
62952.146,16431,12053
62952.493,16432,12053
62967.83,16433,12053
62998.222,16434,12053
62998.568,16435,12053
62999.395,16436,12053
63002.36,16437,12053
63004.837,16438,12053
63004.923,16439,12053
63007.257,16440,12053
63009.043,16441,12053
63015.66,16442,12053
63025.36,16443,12053
63025.858,16444,12053
63027.435,16445,12054
63027.694,16446,12054
63027.787,16447,12056
63030.33,16448,12056
63030.74,16449,12056
63036.115,16450,12056
63048.069,16451,12056
63053.233,16452,12056
63063.785,16453,12056
63064.012,16454,12056
63064.092,16455,12056
63065.735,16456,12056
63066.683,16457,12056
63066.77,16458,12056
63067.037,16459,12056
63082.655,16460,12056
63086.984,16461,12056
63087.98,16462,12056
63088.225,16463,12056
63090.219,16464,12056
63091.599,16465,12056
63095.341,16466,12056
63097.095,16467,12056
63101.349,16468,12056
63103.773,16469,12056
63105.537,16470,12056
63116.903,16471,12056
63119.804,16472,12056
63120.462,16473,12056
63120.944,16474,12056
63122.551,16475,12056
63125.358,16476,12056
63138.207,16477,12056
63138.436,16478,12056
63162.712,16479,12056
63166.334,16480,12057
63174.135,16481,12057
63175.369,16482,12057
63182.24,16483,12057
63183.841,16484,12057
63204.316,16485,12057
63204.641,16486,12057
63204.657,16487,12057
63317.524,16488,12057
63339.812,16489,12057
63383.587,16490,12057
63414.804,16491,12058
63423.116,16492,12058
63435.173,16493,12058
63455.563,16494,12060
63493.646,16495,12060
63495.081,16496,12062
63495.166,16497,12062
63495.517,16498,12062
63496.092,16499,12062
63496.642,16500,12062
63508.878,16501,12062
63518.528,16502,12062
63553.007,16503,12062
63553.126,16504,12062
63554.137,16505,12062
63555.978,16506,12062
63556.331,16507,12063
63556.506,16508,12063
63556.614,16509,12063
63556.714,16510,12063
63559.246,16511,12063
63559.331,16512,12063
63560.257,16513,12063
63563.586,16514,12063
63564.364,16515,12064
63565.365,16516,12064
63569.03,16517,12064
63587.267,16518,12066
63590.597,16519,12066
63593.662,16520,12066
63593.68,16521,12066
63596.959,16522,12066
63597.082,16523,12066
63597.522,16524,12066
63600.144,16525,12067
63600.185,16526,12067
63600.355,16527,12067
63602.692,16528,12067
63657.38,16529,12067
63759.166,16530,12067
63783.781,16531,12067
63787.298,16532,12067
63787.767,16533,12067
63792.877,16534,12067
63801.24,16535,12067
63805.562,16536,12067
63829.852,16537,12067
63844.635,16538,12067
63844.79,16539,12067
63845.317,16540,12067
63846.999,16541,12067
63851.64,16542,12068
63853.021,16543,12068
63867.45,16544,12068
63868.104,16545,12068
63876.977,16546,12068
63882.714,16547,12068
63894.445,16548,12068
63894.717,16549,12068
63894.797,16550,12068
63894.95,16551,12068
63895.635,16552,12068
63896.132,16553,12068
63897.337,16554,12068
63897.593,16555,12068
63897.884,16556,12068
63899.264,16557,12068
63901.053,16558,12068
63902.681,16559,12068
63905.671,16560,12068
63910.12,16561,12068
63920.156,16562,12068
63921.63,16563,12068
63921.744,16564,12068
63921.95,16565,12068
63922.132,16566,12068
63922.357,16567,12068
63923.125,16568,12083
63923.373,16569,12083
63923.447,16570,12083
63923.815,16571,12083
63924.225,16572,12083
63925.06,16573,12083
63926.855,16574,12083
63927.963,16575,12083
63928.275,16576,12083
63929.712,16577,12083
63929.881,16578,12083
63930.456,16579,12083
63930.81,16580,12083
63931.142,16581,12083
63934.414,16582,12083
63934.508,16583,12083
63934.553,16584,12083
63935.716,16585,12083
63992.89,16586,12083
63999.646,16587,12083
64000.135,16588,12084
64006.065,16589,12084
64006.377,16590,12084
64031.89,16591,12084
64035.667,16592,12084
64036.012,16593,12084
64036.348,16594,12084
64115.39,16595,12084
64121.905,16596,12084
64187.779,16597,12084
64193.425,16598,12084
64220.653,16599,12084
64230.365,16600,12084
64263.934,16601,12084
64265.009,16602,12084
64265.95,16603,12084
64279.072,16604,12084
64290.106,16605,12084
64311.033,16606,12084
64323.012,16607,12084
64324.266,16608,12084
64325.735,16609,12084
64327.548,16610,12084
64332.024,16611,12085
64333.307,16612,12086
64334.076,16613,12088
64337.973,16614,12088
64338.238,16615,12089
64338.438,16616,12089
64338.534,16617,12089
64338.799,16618,12089
64339.089,16619,12089
64339.214,16620,12089
64339.613,16621,12089
64339.864,16622,12090
64340.051,16623,12090
64340.182,16624,12090
64340.426,16625,12090
64340.86,16626,12090
64341.134,16627,12090
64342.05,16628,12090
64342.059,16629,12090
64342.186,16630,12090
64342.382,16631,12090
64342.635,16632,12090
64342.744,16633,12090
64343.723,16634,12090
64343.941,16635,12090
64344.585,16636,12090
64344.737,16637,12090
64344.881,16638,12090
64347.766,16639,12090
64348.421,16640,12090
64349.303,16641,12090
64349.985,16642,12090
64350.833,16643,12090
64351.663,16644,12090
64362.866,16645,12090
64362.927,16646,12090
64364.31,16647,12090
64377.361,16648,12091
64377.553,16649,12092
64378.404,16650,12093
64380.584,16651,12094
64397.787,16652,12094
64399.31,16653,12094
64399.665,16654,12094
64401.428,16655,12094
64403.233,16656,12094
64404.934,16657,12094
64405.718,16658,12094
64408.481,16659,12094
64413.777,16660,12094
64421.764,16661,12094
64443.869,16662,12094
64447.999,16663,12094
64451.037,16664,12094
64455.509,16665,12094
64460.409,16666,12094
64460.42,16667,12094
64460.443,16668,12094
64460.707,16669,12094
64461.153,16670,12094
64461.369,16671,12094
64463.714,16672,12094
64464.833,16673,12094
64469.226,16674,12094
64504.865,16675,12094
64511.2,16676,12094
64511.466,16677,12094
64511.938,16678,12094
64512.826,16679,12094
64513.638,16680,12094
64514.72,16681,12094
64520.698,16682,12094
64521.462,16683,12094
64523.767,16684,12094
64524.386,16685,12094
64529.97,16686,12094
64557.097,16687,12094
64560.673,16688,12096
64561.468,16689,12096
64562.004,16690,12096
64568.3,16691,12096
64568.338,16692,12096
64569.482,16693,12096
64569.595,16694,12096
64571.564,16695,12098
64574.842,16696,12098
64575.838,16697,12098
64576.129,16698,12098
64576.533,16699,12098
64580.41,16700,12098
64591.141,16701,12098
64591.664,16702,12098
64592.353,16703,12098
64630.524,16704,12098
64637.776,16705,12099
64637.831,16706,12099
64638.873,16707,12100
64638.895,16708,12100
64638.935,16709,12101
64640.158,16710,12101
64640.297,16711,12101
64643.313,16712,12102
64646.554,16713,12102
64647.628,16714,12102
64649.741,16715,12102
64650.367,16716,12103
64657.714,16717,12103
64658.578,16718,12103
64658.751,16719,12103
64658.83,16720,12103
64661.289,16721,12103
64666.677,16722,12103
64686.731,16723,12103
64689.965,16724,12103
64704.48,16725,12103
64717.983,16726,12103
64721.973,16727,12103
64725.966,16728,12103
64729.485,16729,12107
64755.495,16730,12107
64755.519,16731,12107
64755.591,16732,12107
64755.773,16733,12107
64755.969,16734,12107
64756.179,16735,12107
64756.552,16736,12107
64757.075,16737,12107
64757.422,16738,12107
64759.788,16739,12107
64760.08,16740,12107
64765.282,16741,12107
64815.989,16742,12107
64828.361,16743,12107
64868.08,16744,12107
64874.847,16745,12107
64874.868,16746,12108
64874.989,16747,12108
64875.009,16748,12108
64875.608,16749,12108
64879.25,16750,12108
64890.794,16751,12108
64906.919,16752,12109
64918.126,16753,12109
64938.835,16754,12109
64939.038,16755,12109
64940.355,16756,12109
64940.46,16757,12109
64940.509,16758,12109
64949.702,16759,12112
64953.87,16760,12112
64955.722,16761,12112
64962.452,16762,12112
64993.598,16763,12112
64993.858,16764,12112
64995.335,16765,12112
64995.947,16766,12112
64996.144,16767,12112
64996.214,16768,12112
64996.491,16769,12112
64999.067,16770,12112
65010.094,16771,12112
65011.893,16772,12112
65035.371,16773,12113
65039.506,16774,12113
65054.669,16775,12113
65056.73,16776,12113
65071.671,16777,12113
65073.954,16778,12113
65074.375,16779,12113
65075.66,16780,12113
65075.889,16781,12113
65077.164,16782,12113
65094.88,16783,12113
65102.983,16784,12113
65106.486,16785,12113
65109.387,16786,12114
65109.515,16787,12114
65111.073,16788,12114
65111.683,16789,12114
65111.889,16790,12114
65112.429,16791,12114
65117.962,16792,12115
65122.048,16793,12116
65127.43,16794,12116
65140.575,16795,12116
65141.204,16796,12116
65149.802,16797,12116
65150.543,16798,12116
65150.615,16799,12116
65160.036,16800,12116
65171.984,16801,12116
65174.316,16802,12121
65174.433,16803,12128
65175.268,16804,12128
65175.737,16805,12128
65175.755,16806,12132
65175.975,16807,12133
65176.316,16808,12133
65181.624,16809,12133
65181.737,16810,12133
65199.062,16811,12134
65227.664,16812,12134
65227.759,16813,12134
65228.084,16814,12134
65228.098,16815,12137
65229.187,16816,12137
65229.199,16817,12137
65229.448,16818,12137
65229.841,16819,12137
65229.857,16820,12137
65230.28,16821,12137
65231.31,16822,12137
65231.893,16823,12137
65232.091,16824,12137
65232.632,16825,12137
65233.763,16826,12137
65235.448,16827,12137
65236.364,16828,12137
65240.769,16829,12137
65250.871,16830,12137
65255.45,16831,12137
65265.087,16832,12137
65280.103,16833,12137
65282.604,16834,12137
65284.985,16835,12137
65304.938,16836,12137
65327.971,16837,12137
65328.355,16838,12137
65337.82,16839,12137
65348.718,16840,12137
65373.926,16841,12137
65381.23,16842,12139
65386.309,16843,12139
65387.564,16844,12139
65388.058,16845,12139
65389.365,16846,12139
65391.42,16847,12139
65406.337,16848,12139
65426.714,16849,12139
65428.21,16850,12139
65428.303,16851,12139
65438.554,16852,12139
65438.854,16853,12139
65439.081,16854,12139
65442.358,16855,12139
65443.29,16856,12139
65453.426,16857,12139
65453.495,16858,12139
65453.834,16859,12139
65454.84,16860,12139
65456.78,16861,12139
65459.597,16862,12139
65462.069,16863,12141
65463.035,16864,12141
65502.491,16865,12141
65503.021,16866,12141
65523.74,16867,12141
65533.499,16868,12141
65539.972,16869,12141
65547.116,16870,12145
65600.353,16871,12145
65614.589,16872,12145
65614.617,16873,12145
65631.054,16874,12145
65634.336,16875,12145
65659.319,16876,12145
65663.657,16877,12145
65685.61,16878,12145
65686.291,16879,12146
65686.85,16880,12147
65688.817,16881,12151
65690.713,16882,12151
65711.526,16883,12151
65712.674,16884,12151
65713.891,16885,12151
65716.015,16886,12151
65716.664,16887,12151
65717.983,16888,12151
65718.161,16889,12151
65720.409,16890,12151
65724.089,16891,12151
65725.479,16892,12151
65727.797,16893,12151
65729.087,16894,12151
65730.289,16895,12151
65734.357,16896,12151
65742.678,16897,12151
65745.688,16898,12151
65745.881,16899,12151
65751.941,16900,12151
65759.308,16901,12151
65787.458,16902,12151
65789.243,16903,12151
65790.083,16904,12151
65794.008,16905,12151
65804.929,16906,12151
65808.896,16907,12151
65811.969,16908,12151
65819.082,16909,12151
65833.966,16910,12151
65858.838,16911,12151
65871.684,16912,12151
65881.921,16913,12151
65911.197,16914,12151
65911.306,16915,12151
65921.742,16916,12151
65933.21,16917,12153
65968.74,16918,12153
65969.506,16919,12153
65969.845,16920,12153
65969.979,16921,12153
65977.233,16922,12153
65990.115,16923,12153
66008.291,16924,12153
66008.951,16925,12153
66009.616,16926,12153
66019.208,16927,12153
66027.255,16928,12153
66027.545,16929,12153
66027.568,16930,12153
66028.187,16931,12153
66028.387,16932,12153
66028.979,16933,12153
66029.393,16934,12153
66030.39,16935,12153
66030.938,16936,12153
66031.253,16937,12153
66033.945,16938,12153
66036.54,16939,12153
66038.948,16940,12153
66042.475,16941,12153
66053.278,16942,12153
66057.803,16943,12153
66065.489,16944,12153
66066.814,16945,12153
66068.491,16946,12153
66086.067,16947,12153
66100.391,16948,12153
66108.135,16949,12154
66111.324,16950,12154
66111.33,16951,12154
66111.762,16952,12155
66123.849,16953,12155
66146.643,16954,12155
66171.395,16955,12156
66172.49,16956,12156
66172.924,16957,12158
66178.396,16958,12158
66184.057,16959,12158
66184.325,16960,12159
66188.426,16961,12159
66188.485,16962,12159
66191.084,16963,12159
66192.431,16964,12162
66195.393,16965,12162
66197.381,16966,12162
66201.084,16967,12162
66209.981,16968,12162
66217.276,16969,12165
66224.614,16970,12165
66258.243,16971,12165
66258.548,16972,12165
66259.11,16973,12165
66259.267,16974,12165
66260.986,16975,12165
66262.535,16976,12165
66262.754,16977,12165
66263.794,16978,12165
66264.126,16979,12165
66267.125,16980,12165
66268.563,16981,12165
66269.416,16982,12165
66269.523,16983,12165
66270.29,16984,12165
66273.882,16985,12166
66274.593,16986,12166
66274.607,16987,12166
66274.719,16988,12166
66276.353,16989,12167
66276.521,16990,12167
66282.401,16991,12167
66284.187,16992,12167
66299.259,16993,12167
66301.364,16994,12167
66309.345,16995,12167
66318.623,16996,12167
66324.66,16997,12169
66336.812,16998,12169
66374.177,16999,12169
66376.81,17000,12171
66376.86,17001,12172
66377.097,17002,12172
66380.298,17003,12172
66381.042,17004,12172
66394.808,17005,12172
66410.548,17006,12177
66426.666,17007,12177
66430.936,17008,12177
66446.595,17009,12177
66463.174,17010,12177
66470.29,17011,12177
66470.366,17012,12177
66498.955,17013,12177
66505.028,17014,12177
66539.622,17015,12177
66539.838,17016,12177
66540.796,17017,12177
66541.143,17018,12177
66541.567,17019,12177
66547.122,17020,12177
66558.977,17021,12177
66586.555,17022,12177
66595.003,17023,12178
66604.639,17024,12178
66604.694,17025,12178
66604.991,17026,12178
66606.425,17027,12178
66607.23,17028,12178
66614.247,17029,12178
66618.402,17030,12178
66618.84,17031,12178
66621.116,17032,12178
66623.161,17033,12178
66623.261,17034,12178
66623.934,17035,12178
66638.977,17036,12178
66654.03,17037,12178
66671.961,17038,12178
66675.428,17039,12178
66693.203,17040,12178
66693.68,17041,12178
66693.927,17042,12178
66694.483,17043,12178
66695.289,17044,12178
66703.963,17045,12178
66711.775,17046,12178
66719.15,17047,12178
66723.173,17048,12178
66724.972,17049,12179
66749.767,17050,12179
66760.74,17051,12179
66760.943,17052,12179
66762.978,17053,12179
66798.988,17054,12179
66821.816,17055,12180
66830.235,17056,12180
66845.404,17057,12180
66864.463,17058,12180
66889.013,17059,12180
66897.682,17060,12180
66916.611,17061,12180
66916.681,17062,12180
66918.865,17063,12180
66919.04,17064,12180
66919.709,17065,12180
66920.598,17066,12180
66923.792,17067,12180
66924.712,17068,12180
66925.597,17069,12180
66927.538,17070,12180
66927.674,17071,12181
66929.506,17072,12181
66930.357,17073,12181
66932.122,17074,12196
66932.17,17075,12198
66932.888,17076,12199
66932.925,17077,12204
66933.647,17078,12209
66934.006,17079,12210
66934.258,17080,12211
66935.527,17081,12212
66936.045,17082,12213
66937.896,17083,12216
66952.228,17084,12217
66953.168,17085,12218
66976.106,17086,12219
66985.475,17087,12219
66987.054,17088,12219
66987.516,17089,12220
66987.638,17090,12221
66989.5,17091,12221
66990.89,17092,12221
66993.754,17093,12221
66994.915,17094,12221
66999.896,17095,12221
67000.171,17096,12221
67028.262,17097,12221
67028.337,17098,12221
67028.435,17099,12221
67028.444,17100,12221
67028.637,17101,12221
67028.871,17102,12221
67029.166,17103,12221
67030.01,17104,12221
67030.578,17105,12221
67030.688,17106,12221
67030.707,17107,12221
67030.872,17108,12221
67031.152,17109,12221
67031.747,17110,12222
67032.395,17111,12222
67034.079,17112,12222
67037.593,17113,12222
67037.74,17114,12222
67039.423,17115,12222
67039.613,17116,12222
67084.903,17117,12222
67085.524,17118,12222
67091.189,17119,12222
67091.537,17120,12222
67102.917,17121,12222
67103.345,17122,12222
67103.51,17123,12222
67104.377,17124,12222
67105.594,17125,12222
67105.902,17126,12222
67106.088,17127,12222
67107.029,17128,12222
67107.689,17129,12222
67110.193,17130,12223
67112.179,17131,12223
67114.067,17132,12223
67115.181,17133,12223
67129.891,17134,12223
67130.797,17135,12223
67136.102,17136,12223
67150.259,17137,12223
67152.171,17138,12223
67152.287,17139,12225
67152.519,17140,12232
67152.629,17141,12232
67152.778,17142,12233
67153.737,17143,12234
67154.057,17144,12239
67154.269,17145,12241
67154.443,17146,12245
67154.827,17147,12246
67155.274,17148,12246
67155.683,17149,12251
67155.925,17150,12252
67157.237,17151,12253
67160.437,17152,12254
67161.637,17153,12254
67194.721,17154,12254
67196.29,17155,12254
67196.839,17156,12254
67206.047,17157,12254
67206.08,17158,12254
67233.388,17159,12254
67237.962,17160,12254
67245.069,17161,12254
67245.495,17162,12254
67246.943,17163,12254
67266.196,17164,12254
67281.029,17165,12254
67281.162,17166,12254
67284.688,17167,12254
67301.037,17168,12254
67302.3,17169,12254
67302.879,17170,12254
67305.191,17171,12254
67307.177,17172,12257
67309.452,17173,12257
67346.414,17174,12257
67354.889,17175,12257
67355.066,17176,12257
67355.67,17177,12257
67356.135,17178,12257
67358.537,17179,12257
67358.983,17180,12257
67365.621,17181,12257
67366.655,17182,12257
67369.644,17183,12257
67381.483,17184,12257
67423.025,17185,12257
67449.886,17186,12257
67450.302,17187,12257
67453.732,17188,12257
67478.825,17189,12257
67479.491,17190,12257
67480.021,17191,12257
67484.138,17192,12257
67488.427,17193,12257
67490.743,17194,12257
67491.429,17195,12257
67493.829,17196,12257
67505.483,17197,12257
67507.036,17198,12257
67521.059,17199,12257
67521.53,17200,12258
67522.049,17201,12258
67522.215,17202,12258
67523.251,17203,12258
67551.823,17204,12258
67554.751,17205,12258
67561.953,17206,12258
67568.105,17207,12258
67570.928,17208,12258
67571.325,17209,12258
67571.583,17210,12258
67574.816,17211,12259
67574.924,17212,12259
67575.058,17213,12259
67575.259,17214,12260
67577.253,17215,12261
67577.415,17216,12261
67587.865,17217,12261
67590.2,17218,12261
67590.475,17219,12261
67590.806,17220,12261
67593.96,17221,12261
67605.817,17222,12261
67621.302,17223,12261
67631.338,17224,12261
67631.51,17225,12261
67631.748,17226,12261
67632.42,17227,12261
67634.994,17228,12261
67635.064,17229,12261
67635.38,17230,12266
67636.572,17231,12266
67645.045,17232,12266
67645.226,17233,12273
67645.42,17234,12273
67645.528,17235,12273
67645.828,17236,12274
67648.311,17237,12274
67653.466,17238,12275
67691.229,17239,12276
67700.352,17240,12276
67701.603,17241,12276
67701.798,17242,12276
67726.867,17243,12276
67727.242,17244,12276
67755.97,17245,12282
67794.887,17246,12282
67794.988,17247,12282
67795.25,17248,12282
67796.191,17249,12282
67797.045,17250,12282
67799.541,17251,12282
67799.779,17252,12282
67800.926,17253,12282
67800.991,17254,12282
67805.893,17255,12282
67807.135,17256,12282
67810.331,17257,12282
67814.538,17258,12282
67829.14,17259,12283
67847.753,17260,12283
67849.148,17261,12283
67859.735,17262,12283
67886.136,17263,12283
67906.325,17264,12283
67906.641,17265,12283
67906.937,17266,12283
67909.672,17267,12283
67919.235,17268,12283
67928.921,17269,12283
67929.421,17270,12283
67935.055,17271,12283
67935.881,17272,12283
67937.323,17273,12283
67938.119,17274,12283
67939.103,17275,12283
67942.22,17276,12283
67960.376,17277,12283
67992.853,17278,12283
67992.939,17279,12283
67993.375,17280,12283
67994.402,17281,12283
67995.421,17282,12283
67997.528,17283,12283
68001.15,17284,12284
68056.011,17285,12284
68059.128,17286,12284
68059.358,17287,12284
68059.466,17288,12284
68060.99,17289,12284
68061.642,17290,12284
68064.158,17291,12284
68066.524,17292,12284
68067.334,17293,12284
68071.551,17294,12284
68073.005,17295,12284
68073.939,17296,12284
68097.689,17297,12284
68153.961,17298,12284
68154.072,17299,12284
68161.129,17300,12284
68182.264,17301,12284
68190.055,17302,12284
68191.352,17303,12284
68202.602,17304,12286
68208.435,17305,12286
68209.682,17306,12286
68210.664,17307,12286
68214.354,17308,12286
68214.957,17309,12286
68224.555,17310,12287
68224.641,17311,12287
68226.247,17312,12287
68233.873,17313,12287
68250.119,17314,12287
68250.166,17315,12287
68250.827,17316,12287
68276.09,17317,12287
68276.709,17318,12287
68286.703,17319,12287
68288.37,17320,12287
68319.981,17321,12287
68326.371,17322,12287
68341.811,17323,12287
68351.775,17324,12289
68356.277,17325,12289
68383.308,17326,12290
68405.19,17327,12290
68411.78,17328,12290
68411.907,17329,12290
68412.732,17330,12290
68413.967,17331,12290
68414.049,17332,12290
68416.145,17333,12290
68420.781,17334,12291
68421.56,17335,12291
68421.986,17336,12291
68424.16,17337,12291
68424.405,17338,12291
68424.922,17339,12291
68430.472,17340,12291
68430.497,17341,12292
68448.297,17342,12292
68458.964,17343,12292
68460.115,17344,12292
68461.906,17345,12292
68463.028,17346,12293
68467.762,17347,12293
68491.475,17348,12293
68492.518,17349,12293
68532.716,17350,12293
68532.817,17351,12293
68532.842,17352,12293
68535.988,17353,12293
68539.423,17354,12293
68546.15,17355,12293
68549.32,17356,12293
68583.762,17357,12293
68638.395,17358,12293
68658.509,17359,12293
68659.249,17360,12293
68660.273,17361,12293
68661.753,17362,12293
68663.995,17363,12293
68712.746,17364,12293
68735.152,17365,12293
68765.658,17366,12293
68785.517,17367,12293
68849.974,17368,12293
68907.042,17369,12293
68947.05,17370,12293
68965.896,17371,12293
69015.13,17372,12293
69023.804,17373,12293
69023.812,17374,12293
69052.113,17375,12293
69079.59,17376,12293
69079.942,17377,12293
69098.591,17378,12293
69116.349,17379,12293
69116.384,17380,12293
69116.648,17381,12293
69122.327,17382,12293
69127.044,17383,12293
69133.788,17384,12293
69153.471,17385,12293
69199.684,17386,12293
69252.91,17387,12293
69267.238,17388,12293
69267.485,17389,12293
69267.748,17390,12293
69267.978,17391,12293
69268.69,17392,12293
69269.736,17393,12293
69269.992,17394,12293
69270.283,17395,12293
69271.333,17396,12293
69272.216,17397,12293
69273.685,17398,12293
69275.601,17399,12293
69281.851,17400,12293
69283.988,17401,12293
69373.14,17402,12293
69373.542,17403,12293
69374.277,17404,12293
69392.443,17405,12293
69400.864,17406,12293
69401.105,17407,12293
69401.752,17408,12293
69402.218,17409,12293
69406.843,17410,12293
69440.147,17411,12293
69454.322,17412,12293
69458.424,17413,12293
69468.204,17414,12293
69468.23,17415,12293
69476.484,17416,12293
69479.345,17417,12293
69520.942,17418,12293
69523.046,17419,12293
69523.414,17420,12293
69525.467,17421,12293
69540.497,17422,12293
69540.593,17423,12293
69540.806,17424,12293
69541.006,17425,12293
69549.688,17426,12293
69568.516,17427,12293
69568.58,17428,12293
69569.494,17429,12293
69570.064,17430,12293
69572.554,17431,12293
69578.597,17432,12293
69607.16,17433,12293
69607.332,17434,12293
69618.662,17435,12293
69620.682,17436,12293
69620.955,17437,12293
69630.19,17438,12293
69649.699,17439,12293
69658.106,17440,12293
69659.827,17441,12293
69661.211,17442,12293
69661.662,17443,12293
69662.279,17444,12293
69662.87,17445,12293
69663.419,17446,12293
69664.139,17447,12293
69670.313,17448,12293
69670.592,17449,12293
69670.909,17450,12293
69672.805,17451,12294
69673.809,17452,12294
69718.57,17453,12294
69719.422,17454,12294
69721.538,17455,12294
69722.689,17456,12294
69728.085,17457,12294
69728.714,17458,12294
69746.718,17459,12294
69746.84,17460,12294
69746.869,17461,12294
69747.173,17462,12294
69747.731,17463,12294
69748.786,17464,12294
69749.764,17465,12294
69750.394,17466,12294
69753.608,17467,12294
69753.871,17468,12294
69754.372,17469,12294
69757.031,17470,12294
69764.02,17471,12294
69764.033,17472,12294
69784.529,17473,12294
69784.726,17474,12294
69791.88,17475,12294
69792.934,17476,12294
69792.949,17477,12294
69799.34,17478,12296
69807.165,17479,12296
69814.602,17480,12296
69814.888,17481,12296
69818.545,17482,12296
69820.238,17483,12296
69821.254,17484,12296
69840.14,17485,12296
69842.381,17486,12296
69842.953,17487,12296
69850.411,17488,12296
69850.51,17489,12296
69852.605,17490,12296
69856.899,17491,12296
69859.61,17492,12296
69865.337,17493,12296
69901.232,17494,12298
69910.047,17495,12298
69925.075,17496,12298
69935.483,17497,12298
69961.696,17498,12298
70017.934,17499,12298
70035.298,17500,12298
70035.475,17501,12298
70035.779,17502,12298
70036.41,17503,12298
70036.572,17504,12298
70044.519,17505,12298
70072.246,17506,12298
70073.454,17507,12298
70074.362,17508,12298
70075.017,17509,12298
70077.112,17510,12298
70077.838,17511,12298
70078.759,17512,12298
70084.694,17513,12298
70098.647,17514,12298
70111.139,17515,12298
70155.721,17516,12299
70212.907,17517,12299
70221.255,17518,12299
70238.982,17519,12299
70259.555,17520,12299
70263.734,17521,12299
70264.016,17522,12299
70264.27,17523,12299
70278.192,17524,12299
70278.235,17525,12299
70323.337,17526,12299
70326.546,17527,12299
70342.579,17528,12299
70343.12,17529,12299
70366.78,17530,12299
70382.84,17531,12299
70383.034,17532,12299
70383.675,17533,12299
70400.329,17534,12299
70415.246,17535,12299
70415.38,17536,12299
70415.398,17537,12299
70416.309,17538,12299
70442.679,17539,12299
70459.793,17540,12299
70484.62,17541,12299
70520.209,17542,12299
70527.061,17543,12299
70551.178,17544,12299
70588.517,17545,12299
70602.167,17546,12299
70661.176,17547,12299
70680.297,17548,12300
70695.276,17549,12300
70696.193,17550,12300
70704.074,17551,12300
70786.688,17552,12300
70835.885,17553,12300
70837.293,17554,12300
70837.802,17555,12300
70839.124,17556,12305
70840.386,17557,12306
70840.523,17558,12307
70842.593,17559,12307
70846.454,17560,12307
70850.617,17561,12307
70851.328,17562,12307
70851.711,17563,12307
70853.168,17564,12307
70860.626,17565,12307
70868.494,17566,12307
70868.503,17567,12307
70868.694,17568,12307
70869.525,17569,12307
70874.912,17570,12307
70875.529,17571,12307
70875.842,17572,12307
70886.446,17573,12307
70886.567,17574,12307
70886.668,17575,12307
70886.975,17576,12307
70888.676,17577,12307
70888.744,17578,12307
70889.179,17579,12307
70890.62,17580,12307
70891.098,17581,12307
70892.349,17582,12307
70892.995,17583,12307
70893.144,17584,12307
70893.232,17585,12307
70898.251,17586,12307
70898.895,17587,12307
70900.802,17588,12307
70920.32,17589,12307
70920.684,17590,12307
70923.661,17591,12307
70924.176,17592,12307
70925.177,17593,12307
70925.199,17594,12307
70947.247,17595,12307
70950.078,17596,12307
70967.044,17597,12307
71055.798,17598,12307
71078.185,17599,12307
71079.443,17600,12307
71080.041,17601,12307
71094.613,17602,12307
71120.773,17603,12307
71123.586,17604,12307
71159.402,17605,12307
71161.095,17606,12307
71174.354,17607,12307
71202.403,17608,12307
71244.221,17609,12307
71244.629,17610,12309
71255.905,17611,12309
71258.192,17612,12309
71259.5,17613,12309
71285.967,17614,12309
71287.038,17615,12309
71297.104,17616,12309
71308.162,17617,12309
71308.485,17618,12309
71308.904,17619,12309
71311.027,17620,12309
71311.045,17621,12309
71312.016,17622,12309
71312.567,17623,12309
71312.946,17624,12309
71315.981,17625,12309
71316.956,17626,12309
71317.252,17627,12309
71321.471,17628,12309
71322.127,17629,12309
71339.016,17630,12309
71339.303,17631,12309
71369.708,17632,12309
71369.894,17633,12309
71371.377,17634,12309
71408.086,17635,12309
71435.294,17636,12309
71435.422,17637,12309
71492.273,17638,12309
71535.519,17639,12309
71535.794,17640,12309
71566.253,17641,12309
71566.467,17642,12309
71567.986,17643,12309
71568.466,17644,12309
71568.991,17645,12309
71571.672,17646,12309
71573.051,17647,12309
71575.652,17648,12309
71576.099,17649,12309
71576.748,17650,12309
71577.848,17651,12309
71638.268,17652,12309
71649.327,17653,12309
71670.082,17654,12309
71678.058,17655,12309
71706.118,17656,12309
71714.981,17657,12309
71729.058,17658,12309
71748.819,17659,12309
71786.614,17660,12309
71787.668,17661,12309
71787.702,17662,12309
71791.554,17663,12309
71798.379,17664,12309
71799.217,17665,12309
71825.45,17666,12309
71825.814,17667,12309
71903.448,17668,12309
71903.924,17669,12309
71911.696,17670,12309
71911.982,17671,12309
71929.254,17672,12309
71929.641,17673,12309
71931.686,17674,12309
71932.439,17675,12309
71934.023,17676,12309
71938.136,17677,12309
71960.486,17678,12316
71961.993,17679,12317
71975.854,17680,12317
71992.313,17681,12317
72012.642,17682,12317
72016.453,17683,12317
72017.592,17684,12317
72018.011,17685,12317
72076.589,17686,12317
72080.933,17687,12317
72081.066,17688,12317
72081.906,17689,12317
72086.845,17690,12317
72090.701,17691,12317
72090.759,17692,12317
72090.913,17693,12317
72090.986,17694,12317
72091.124,17695,12317
72097.209,17696,12317
72102.346,17697,12317
72103.239,17698,12317
72108.96,17699,12317
72168.231,17700,12317
72214.069,17701,12317
72218.349,17702,12317
72222.801,17703,12317
72240.806,17704,12317
72258.324,17705,12317
72258.584,17706,12317
72274.776,17707,12317
72278.141,17708,12319
72278.705,17709,12319
72282.791,17710,12319
72283.066,17711,12319
72283.965,17712,12319
72284.233,17713,12319
72284.285,17714,12319
72291.527,17715,12319
72309.893,17716,12319
72322.58,17717,12319
72322.867,17718,12319
72324.068,17719,12319
72324.561,17720,12319
72328.693,17721,12319
72330.769,17722,12319
72339.129,17723,12319
72398.8,17724,12319
72399.577,17725,12319
72399.89,17726,12319
72402.684,17727,12319
72409.526,17728,12319
72409.632,17729,12319
72413.663,17730,12319
72478.032,17731,12319
72497.607,17732,12319
72515.424,17733,12319
72626.89,17734,12319
72649.725,17735,12319
72655.034,17736,12319
72666.034,17737,12319
72666.511,17738,12319
72696.05,17739,12319
72696.832,17740,12320
72697.298,17741,12320
72708.919,17742,12320
72710.484,17743,12320
72733.989,17744,12320
72734.112,17745,12320
72754.723,17746,12320
72771.298,17747,12320
72771.493,17748,12320
72773.717,17749,12320
72774.553,17750,12320
72776.907,17751,12320
72778.241,17752,12320
72780.224,17753,12320
72780.274,17754,12320
72781.626,17755,12320
72785.861,17756,12320
72800.769,17757,12320
72801.023,17758,12320
72801.851,17759,12320
72855.698,17760,12320
72857.363,17761,12320
72898.812,17762,12320
72900.479,17763,12320
72904.595,17764,12320
72905.075,17765,12320
72906.082,17766,12322
72906.089,17767,12327
72906.382,17768,12328
72906.603,17769,12328
72911.708,17770,12328
72912.723,17771,12328
72913.598,17772,12328
72914.985,17773,12328
72917.22,17774,12328
72919.661,17775,12328
72966.214,17776,12328
73048.179,17777,12328
73048.731,17778,12328
73054.281,17779,12328
73116.667,17780,12328
73117.365,17781,12328
73117.562,17782,12328
73117.611,17783,12328
73121.89,17784,12328
73125.929,17785,12328
73126.741,17786,12328
73140.107,17787,12328
73142.733,17788,12328
73142.799,17789,12328
73146.954,17790,12328
73147.724,17791,12328
73210.32,17792,12328
73222.593,17793,12328
73223.023,17794,12328
73279.76,17795,12328
73305.876,17796,12328
73306.415,17797,12328
73336.045,17798,12328
73336.142,17799,12328
73336.186,17800,12328
73337.231,17801,12328
73337.503,17802,12328
73338.863,17803,12328
73340.668,17804,12328
73340.731,17805,12328
73344.968,17806,12328
73353.849,17807,12328
73396.621,17808,12328
73396.843,17809,12328
73403.806,17810,12328
73404.297,17811,12328
73411.682,17812,12328
73412.3,17813,12328
73412.481,17814,12328
73447.037,17815,12328
73463.083,17816,12328
73476.26,17817,12328
73482.278,17818,12328
73482.684,17819,12328
73525.874,17820,12328
73544.741,17821,12328
73582.383,17822,12328
73582.677,17823,12331
73593.319,17824,12331
73597.16,17825,12331
73597.375,17826,12331
73597.564,17827,12331
73597.735,17828,12332
73598.494,17829,12332
73600.898,17830,12332
73602.008,17831,12332
73605.791,17832,12332
73610.792,17833,12332
73612.034,17834,12332
73613.4,17835,12332
73617.014,17836,12332
73617.039,17837,12332
73715.695,17838,12332
73715.769,17839,12332
73717.091,17840,12332
73717.472,17841,12332
73736.362,17842,12332
73736.452,17843,12332
73740.364,17844,12332
73796.642,17845,12332
73807.475,17846,12332
73821.85,17847,12332
73946.55,17848,12332
73948.18,17849,12332
73948.21,17850,12332
73948.297,17851,12332
73949.587,17852,12332
73950.997,17853,12332
73961.473,17854,12332
73995.319,17855,12332
73995.886,17856,12332
73999.239,17857,12332
73999.536,17858,12332
74021.204,17859,12332
74055.746,17860,12332
74072.667,17861,12332
74111.17,17862,12332
74150.166,17863,12332
74163.984,17864,12332
74179.433,17865,12332
74179.569,17866,12332
74215.049,17867,12332
74245.512,17868,12332
74260.898,17869,12332
74292.056,17870,12337
74306.728,17871,12337
74307.42,17872,12337
74308.824,17873,12337
74322.929,17874,12337
74323.061,17875,12337
74324.909,17876,12337
74337.919,17877,12337
74338.245,17878,12337
74339.166,17879,12337
74340.905,17880,12337
74342.101,17881,12337
74350.618,17882,12337
74351.346,17883,12337
74364.485,17884,12337
74378.346,17885,12337
74378.858,17886,12349
74443.79,17887,12349
74467.604,17888,12349
74468.912,17889,12349
74468.986,17890,12349
74472.482,17891,12349
74487.133,17892,12349
74487.665,17893,12349
74489.891,17894,12349
74537.105,17895,12349
74545.313,17896,12349
74545.399,17897,12349
74545.527,17898,12349
74547.208,17899,12349
74558.697,17900,12349
74561.124,17901,12349
74561.843,17902,12349
74572.475,17903,12349
74609.512,17904,12349
74610.06,17905,12349
74612.702,17906,12349
74613.962,17907,12349
74622.764,17908,12349
74644.754,17909,12349
74663.567,17910,12349
74691.872,17911,12349
74702.126,17912,12349
74712.111,17913,12349
74718.112,17914,12349
74773.388,17915,12349
74789.606,17916,12349
74789.767,17917,12349
74794.883,17918,12349
74802.204,17919,12350
74807.555,17920,12350
74811.548,17921,12350
74827.449,17922,12350
74840.832,17923,12350
74846.642,17924,12350
74855.627,17925,12350
74859.833,17926,12350
74891.534,17927,12350
74892.189,17928,12350
74946.575,17929,12350
74995.76,17930,12350
74995.922,17931,12350
74996.574,17932,12350
74997.606,17933,12350
75008.393,17934,12350
75064.999,17935,12350
75095.353,17936,12350
75095.701,17937,12350
75117.828,17938,12350
75127.034,17939,12350
75127.593,17940,12350
75169.012,17941,12350
75198.522,17942,12350
75213.8,17943,12350
75223.939,17944,12350
75229.439,17945,12350
75243.185,17946,12350
75289.757,17947,12350
75300.424,17948,12350
75421.603,17949,12350
75431.276,17950,12350
75463.327,17951,12350
75464.127,17952,12350
75464.386,17953,12350
75473.575,17954,12350
75497.279,17955,12350
75497.409,17956,12350
75497.419,17957,12350
75497.441,17958,12350
75497.45,17959,12350
75497.811,17960,12350
75509.584,17961,12350
75525.592,17962,12350
75533.015,17963,12350
75537.223,17964,12350
75560.932,17965,12350
75561.435,17966,12350
75561.543,17967,12350
75561.801,17968,12350
75574.429,17969,12350
75578.549,17970,12350
75584.773,17971,12350
75585.206,17972,12350
75603.158,17973,12350
75633.099,17974,12350
75654.88,17975,12350
75672.836,17976,12350
75700.26,17977,12350
75710.331,17978,12350
75732.427,17979,12350
75838.911,17980,12351
75891.44,17981,12351
75927.33,17982,12351
76030.561,17983,12351
76050.134,17984,12351
76077.027,17985,12351
76215.284,17986,12352
76219.262,17987,12352
76350.547,17988,12352
76392.197,17989,12352
76395.811,17990,12353
76397.268,17991,12354
76429.813,17992,12354
76432.847,17993,12354
76483.022,17994,12354
76485.239,17995,12354
76485.267,17996,12354
76485.353,17997,12354
76486.368,17998,12359
76519.846,17999,12359
76542.56,18000,12359
76543.771,18001,12359
76557.096,18002,12359
76598.99,18003,12359
76620.155,18004,12359
76626.443,18005,12359
76627.102,18006,12359
76627.918,18007,12359
76628.704,18008,12359
76630.805,18009,12359
76632.407,18010,12359
76632.991,18011,12359
76633.013,18012,12359
76633.239,18013,12359
76633.645,18014,12359
76635.767,18015,12359
76676.204,18016,12359
76682.699,18017,12359
76686.081,18018,12359
76709.35,18019,12359
76709.616,18020,12359
76731.652,18021,12359
76732.65,18022,12359
76732.931,18023,12359
76783.391,18024,12359
76839.434,18025,12359
76842.498,18026,12359
76869.341,18027,12359
76872.76,18028,12359
76873.767,18029,12359
76890.168,18030,12361
76910.473,18031,12361
76920.359,18032,12361
76944.454,18033,12361
76967.176,18034,12361
76980.108,18035,12364
76980.185,18036,12364
76980.294,18037,12364
76980.618,18038,12364
76980.729,18039,12364
76981.468,18040,12364
76981.706,18041,12364
77000.242,18042,12365
77007.396,18043,12365
77016.717,18044,12365
77028.649,18045,12365
77033.738,18046,12365
77033.982,18047,12365
77035.052,18048,12365
77036.075,18049,12365
77042.354,18050,12365
77045.071,18051,12365
77054.159,18052,12365
77056.174,18053,12368
77075.985,18054,12368
77092.895,18055,12368
77127.899,18056,12368
77149.256,18057,12368
77174.035,18058,12368
77188.076,18059,12368
77225.816,18060,12368
77226.036,18061,12368
77226.045,18062,12368
77226.395,18063,12368
77245.794,18064,12368
77257.396,18065,12368
77259.077,18066,12368
77259.183,18067,12368
77259.513,18068,12368
77264.271,18069,12368
77329.188,18070,12368
77354.812,18071,12368
77375.251,18072,12368
77375.318,18073,12368
77378.317,18074,12368
77378.904,18075,12368
77386.191,18076,12368
77386.745,18077,12368
77404.668,18078,12368
77420.009,18079,12368
77423.674,18080,12368
77423.761,18081,12368
77424.075,18082,12368
77426.417,18083,12368
77428.175,18084,12368
77429.006,18085,12368
77430.689,18086,12368
77521.711,18087,12368
77527.723,18088,12368
77552.624,18089,12368
77607.685,18090,12368
77702.51,18091,12368
77717.009,18092,12368
77729.273,18093,12368
77769.184,18094,12369
77787.26,18095,12369
77811.71,18096,12369
77829.694,18097,12369
77835.977,18098,12371
77870.821,18099,12371
77906.372,18100,12372
77936.157,18101,12372
78013.335,18102,12372
78022.13,18103,12374
78044.324,18104,12374
78070.249,18105,12374
78070.312,18106,12374
78071.73,18107,12374
78071.857,18108,12374
78071.904,18109,12374
78071.953,18110,12374
78072.03,18111,12374
78072.622,18112,12374
78073.411,18113,12374
78074.914,18114,12374
78077.494,18115,12374
78078.568,18116,12374
78079.261,18117,12374
78081.75,18118,12374
78120.18,18119,12374
78158.884,18120,12374
78175.872,18121,12374
78175.895,18122,12374
78182.567,18123,12374
78208.288,18124,12375
78254.38,18125,12375
78259.989,18126,12375
78260.018,18127,12375
78301.105,18128,12375
78301.714,18129,12375
78327.906,18130,12375
78342.349,18131,12375
78410.222,18132,12375
78415.377,18133,12376
78417.637,18134,12376
78452.943,18135,12376
78461.094,18136,12376
78472.079,18137,12376
78483.527,18138,12376
78532.879,18139,12376
78581.933,18140,12376
78584.93,18141,12376
78585.171,18142,12376
78596.727,18143,12376
78606.17,18144,12380
78611.93,18145,12380
78612.049,18146,12380
78663.139,18147,12380
78663.585,18148,12380
78671.645,18149,12380
78791.868,18150,12380
78824.879,18151,12382
78834.136,18152,12382
78874.281,18153,12382
78875.46,18154,12382
78917.719,18155,12382
78940.918,18156,12382
78956.233,18157,12382
79011.243,18158,12382
79011.684,18159,12382
79012.716,18160,12384
79059.577,18161,12385
79067.26,18162,12385
79069.484,18163,12385
79071.453,18164,12385
79134.42,18165,12385
79166.972,18166,12385
79195.106,18167,12385
79197.391,18168,12385
79197.55,18169,12385
79203.055,18170,12385
79204.226,18171,12385
79205.213,18172,12385
79247.917,18173,12387
79286.612,18174,12388
79286.837,18175,12389
79341.162,18176,12389
79341.254,18177,12389
79341.479,18178,12389
79341.649,18179,12389
79343.405,18180,12390
79343.747,18181,12390
79345.201,18182,12391
79345.314,18183,12392
79345.491,18184,12392
79351.353,18185,12392
79351.59,18186,12393
79369.252,18187,12393
79369.496,18188,12393
79369.847,18189,12393
79373.829,18190,12393
79411.693,18191,12393
79435.533,18192,12393
79441.227,18193,12393
79493.009,18194,12397
79504.585,18195,12397
79510.016,18196,12397
79539.614,18197,12397
79566.345,18198,12397
79586.03,18199,12397
79629.154,18200,12397
79653.055,18201,12397
79653.096,18202,12397
79653.118,18203,12397
79653.319,18204,12397
79654.71,18205,12397
79654.745,18206,12397
79657.776,18207,12397
79658.476,18208,12397
79659.874,18209,12397
79661.378,18210,12397
79662.289,18211,12397
79665.203,18212,12397
79666.794,18213,12397
79670.02,18214,12398
79673.927,18215,12398
79676.033,18216,12398
79689.085,18217,12398
79718.571,18218,12398
79830.294,18219,12398
79831.305,18220,12398
79832.401,18221,12398
79860.172,18222,12398
79865.658,18223,12398
79935.58,18224,12398
79952.276,18225,12398
79984.762,18226,12398
80002.004,18227,12399
80002.841,18228,12399
80022.578,18229,12399
80031.006,18230,12399
80041.742,18231,12399
80044.528,18232,12399
80121.932,18233,12399
80132.617,18234,12399
80146.281,18235,12399
80155.749,18236,12399
80155.764,18237,12399
80157.113,18238,12399
80159.043,18239,12399
80159.415,18240,12399
80161.073,18241,12399
80162.323,18242,12399
80164.078,18243,12399
80166.187,18244,12399
80167.584,18245,12399
80168.689,18246,12399
80209.017,18247,12399
80210.702,18248,12399
80249.297,18249,12399
80321.446,18250,12399
80321.525,18251,12399
80323.233,18252,12399
80326.865,18253,12399
80328.303,18254,12399
80328.735,18255,12399
80329.327,18256,12399
80330.243,18257,12399
80331.483,18258,12399
80335.859,18259,12399
80354.706,18260,12399
80359.614,18261,12399
80561.081,18262,12399
80575.645,18263,12399
80594.487,18264,12399
80640.907,18265,12399
80660.193,18266,12399
80675.143,18267,12399
80690.483,18268,12399
80690.725,18269,12399
80691.756,18270,12399
80695.899,18271,12399
80696.824,18272,12399
80698.689,18273,12399
80699.692,18274,12399
80704.82,18275,12399
80705.577,18276,12399
80720.712,18277,12399
80775.547,18278,12399
80789.912,18279,12399
80789.932,18280,12399
80789.967,18281,12399
80792.001,18282,12399
80816.371,18283,12399
80816.443,18284,12399
80821.169,18285,12399
80839.675,18286,12399
80879.88,18287,12399
80901.135,18288,12399
80984.574,18289,12399
80990.157,18290,12399
80999.264,18291,12399
81050.593,18292,12399
81051.198,18293,12399
81051.802,18294,12399
81057.241,18295,12400
81061.195,18296,12400
81062.382,18297,12400
81076.12,18298,12400
81076.446,18299,12400
81078.1,18300,12400
81126.865,18301,12401
81160.577,18302,12402
81178.126,18303,12402
81247.674,18304,12402
81247.78,18305,12402
81272.482,18306,12402
81272.599,18307,12402
81278.499,18308,12402
81279.682,18309,12402
81281.05,18310,12402
81305.316,18311,12402
81334.611,18312,12402
81347.283,18313,12402
81347.293,18314,12402
81347.385,18315,12402
81347.579,18316,12402
81347.829,18317,12402
81347.899,18318,12403
81348.067,18319,12403
81348.242,18320,12403
81348.732,18321,12403
81349.97,18322,12403
81352.996,18323,12403
81355.554,18324,12403
81355.926,18325,12403
81356.297,18326,12403
81357.211,18327,12403
81411.098,18328,12403
81427.59,18329,12404
81427.913,18330,12404
81451.014,18331,12408
81469.2,18332,12408
81469.422,18333,12408
81469.497,18334,12408
81469.546,18335,12408
81471.94,18336,12409
81472.689,18337,12409
81476.311,18338,12410
81479.777,18339,12411
81483.499,18340,12411
81483.55,18341,12411
81484.736,18342,12411
81492.056,18343,12411
81500.206,18344,12411
81500.248,18345,12411
81531.844,18346,12411
81543.568,18347,12412
81583.715,18348,12412
81638.236,18349,12412
81652.287,18350,12412
81652.957,18351,12412
81653.441,18352,12412
81655.403,18353,12412
81655.755,18354,12412
81656.686,18355,12412
81659.558,18356,12412
81665.541,18357,12412
81666.01,18358,12412
81719.079,18359,12413
81773.798,18360,12413
81804.686,18361,12413
81848.723,18362,12413
81849.328,18363,12413
81871.245,18364,12413
81889.537,18365,12413
81891.884,18366,12413
81893.696,18367,12413
82035.573,18368,12413
82046.251,18369,12413
82047.452,18370,12413
82066.892,18371,12413
82095.315,18372,12413
82095.518,18373,12413
82114.716,18374,12413
82128.149,18375,12413
82128.165,18376,12413
82130.256,18377,12413
82179.545,18378,12413
82181.93,18379,12413
82182.986,18380,12413
82183.205,18381,12413
82185.031,18382,12413
82189.734,18383,12413
82191.01,18384,12413
82196.323,18385,12413
82200.407,18386,12413
82201.238,18387,12413
82202.039,18388,12413
82202.876,18389,12413
82202.917,18390,12413
82203.537,18391,12413
82230.116,18392,12413
82231.186,18393,12413
82250.883,18394,12413
82305.335,18395,12413
82316.885,18396,12413
82333.512,18397,12413
82341.255,18398,12413
82387.332,18399,12413
82387.777,18400,12413
82444.445,18401,12413
82445.309,18402,12413
82450.661,18403,12413
82461.982,18404,12413
82559.197,18405,12413
82562.453,18406,12413
82592.843,18407,12413
82602.828,18408,12413
82644.138,18409,12413
82699.411,18410,12414
82712.938,18411,12416
82714.305,18412,12416
82734.602,18413,12416
82741.967,18414,12416
82744.015,18415,12416
82744.657,18416,12416
82744.942,18417,12416
82745.501,18418,12416
82767.203,18419,12416
82773.222,18420,12416
82793.094,18421,12416
82793.34,18422,12416
82793.463,18423,12416
82795.204,18424,12416
82795.473,18425,12416
82816.042,18426,12416
82835.585,18427,12416
82847.729,18428,12416
82847.907,18429,12416
82847.935,18430,12416
82853.662,18431,12416
82940.575,18432,12416
82940.768,18433,12416
82941.812,18434,12416
82948.462,18435,12416
82966.168,18436,12416
82966.941,18437,12416
82978.798,18438,12416
83034.864,18439,12416
83045.799,18440,12416
83073.18,18441,12416
83104.529,18442,12416
83117.076,18443,12416
83117.382,18444,12416
83163.618,18445,12416
83329.619,18446,12416
83345.275,18447,12417
83345.666,18448,12417
83345.746,18449,12417
83346.242,18450,12417
83347.167,18451,12417
83350.184,18452,12417
83359.828,18453,12417
83362.804,18454,12417
83363.586,18455,12417
83364.62,18456,12417
83368.596,18457,12417
83369.296,18458,12417
83380.561,18459,12417
83380.592,18460,12417
83382.368,18461,12417
83383.756,18462,12417
83385.662,18463,12417
83402.836,18464,12417
83403.048,18465,12417
83409.893,18466,12417
83421.578,18467,12417
83421.717,18468,12417
83424.393,18469,12417
83424.567,18470,12417
83424.741,18471,12417
83425.958,18472,12417
83427.299,18473,12418
83434.563,18474,12418
83435.124,18475,12418
83437.68,18476,12418
83439.697,18477,12418
83440.164,18478,12418
83449.933,18479,12418
83478.365,18480,12418
83484.745,18481,12418
83485.44,18482,12418
83488.121,18483,12418
83497.622,18484,12418
83503.978,18485,12418
83504.263,18486,12418
83510.753,18487,12418
83543.016,18488,12418
83549.103,18489,12418
83622.151,18490,12418
83643.145,18491,12418
83665.991,18492,12418
83681.091,18493,12418
83683.641,18494,12418
83689.862,18495,12418
83689.924,18496,12418
83692.289,18497,12418
83713.573,18498,12418
83713.728,18499,12418
83738.138,18500,12418
83756.981,18501,12418
83765.434,18502,12418
83795.909,18503,12418
83823.639,18504,12418
83899.569,18505,12418
83943.992,18506,12418
83960.645,18507,12418
83990.109,18508,12418
83990.831,18509,12418
83991.294,18510,12418
84000.541,18511,12418
84010.884,18512,12418
84078.731,18513,12418
84079.486,18514,12418
84080.28,18515,12418
84083.929,18516,12418
84103.34,18517,12418
84103.481,18518,12418
84105.808,18519,12418
84107.624,18520,12418
84112.585,18521,12418
84114.194,18522,12418
84118.579,18523,12418
84118.868,18524,12418
84118.968,18525,12418
84138.065,18526,12418
84138.605,18527,12418
84138.909,18528,12418
84140.252,18529,12418
84141.316,18530,12418
84144.4,18531,12418
84145.712,18532,12418
84151.061,18533,12418
84186.103,18534,12418
84186.176,18535,12418
84188.396,18536,12418
84197.917,18537,12418
84283.693,18538,12418
84326.393,18539,12418
84354.6,18540,12418
84367.376,18541,12418
84374.777,18542,12418
84374.981,18543,12418
84376.051,18544,12418
84378.11,18545,12419
84381.473,18546,12419
84389.628,18547,12419
84390.944,18548,12419
84391.334,18549,12419
84391.408,18550,12419
84491.659,18551,12419
84501.853,18552,12419
84502.168,18553,12419
84507.155,18554,12419
84530.552,18555,12419
84530.745,18556,12419
84531.431,18557,12419
84540.009,18558,12419
84549.96,18559,12419
84582.88,18560,12419
84600.684,18561,12419
84601.832,18562,12419
84615.436,18563,12419
84619.682,18564,12419
84623.653,18565,12419
84722.659,18566,12419
84750.003,18567,12419
84833.358,18568,12419
84834.037,18569,12419
84834.301,18570,12419
84834.373,18571,12419
84834.472,18572,12419
84834.643,18573,12419
84840.258,18574,12419
84842.87,18575,12419
84849.073,18576,12419
84859.244,18577,12419
84891.014,18578,12419
84893.509,18579,12419
84893.567,18580,12419
84919.511,18581,12419
84949.58,18582,12420
84967.588,18583,12420
84975.758,18584,12420
84992.91,18585,12420
84993.715,18586,12423
85005.395,18587,12423
85048.649,18588,12423
85048.744,18589,12423
85050.653,18590,12423
85123.531,18591,12423
85127.647,18592,12423
85133.59,18593,12423
85138.599,18594,12423
85139.584,18595,12423
85140.128,18596,12423
85191.665,18597,12423
85328.592,18598,12423
85328.647,18599,12423
85328.673,18600,12423
85328.726,18601,12423
85328.891,18602,12423
85328.92,18603,12423
85330.921,18604,12423
85332.398,18605,12423
85335.746,18606,12423
85344.827,18607,12426
85431.858,18608,12426
85433.08,18609,12426
85452.151,18610,12426
85468.039,18611,12426
85486.15,18612,12426
85486.295,18613,12426
85486.341,18614,12426
85486.475,18615,12426
85486.607,18616,12426
85489.181,18617,12426
85489.932,18618,12426
85491.7,18619,12426
85493.078,18620,12426
85541.986,18621,12426
85542.787,18622,12426
85543.028,18623,12426
85543.911,18624,12426
85545.058,18625,12426
85546.244,18626,12426
85558.547,18627,12426
85558.857,18628,12426
85584.726,18629,12426
85586.677,18630,12426
85586.693,18631,12426
85637.428,18632,12426
85670.302,18633,12426
85671.287,18634,12426
85672.974,18635,12426
85675.472,18636,12426
85828.345,18637,12426
85866.42,18638,12426
85866.906,18639,12426
85866.982,18640,12426
85867.01,18641,12426
85868.776,18642,12426
85870.501,18643,12426
85875.186,18644,12426
85880.42,18645,12426
85947.939,18646,12426
85965.635,18647,12426
85965.668,18648,12426
85980.783,18649,12426
