time_s,inputs,cumulative_edges
0.0,1,2325
0.0,2,2424
0.0,3,2443
0.0,4,2490
0.0,5,2591
0.0,6,2595
0.0,7,2904
0.0,8,2961
0.0,9,3364
0.0,10,3398
0.0,11,3400
0.0,12,3500
0.0,13,3502
0.0,14,3509
0.0,15,3527
0.0,16,3527
0.0,17,3528
0.0,18,3548
0.0,19,3721
0.0,20,3730
0.0,21,3732
0.0,22,3734
0.0,23,3743
0.0,24,3743
0.0,25,3744
0.0,26,3773
0.0,27,3773
0.0,28,3779
0.0,29,3795
0.0,30,3796
0.0,31,3802
0.0,32,3805
0.0,33,3825
0.0,34,3825
0.0,35,3833
0.0,36,3833
0.0,37,3847
0.0,38,3852
0.0,39,3855
0.0,40,3855
0.0,41,3871
0.0,42,3872
0.0,43,3910
0.0,44,3932
0.0,45,3967
0.0,46,3992
0.0,47,3997
0.0,48,4001
0.0,49,4037
0.0,50,4052
0.0,51,4052
0.0,52,4055
0.0,53,4055
0.0,54,4067
0.0,55,4144
0.0,56,4144
0.0,57,4150
0.0,58,4157
0.0,59,4161
0.0,60,4164
0.0,61,4174
0.0,62,4174
0.0,63,4194
0.0,64,4194
0.0,65,4194
0.0,66,4194
0.0,67,4194
0.0,68,4196
0.0,69,4200
0.0,70,4200
0.0,71,4206
0.0,72,4206
0.0,73,4206
0.0,74,4210
0.0,75,4211
0.0,76,4212
0.0,77,4212
0.0,78,4212
0.0,79,4212
0.0,80,4212
0.0,81,4245
0.0,82,4246
0.0,83,4248
0.0,84,4248
0.0,85,4248
0.0,86,4250
0.0,87,4256
0.0,88,4379
0.0,89,4447
0.0,90,4451
0.0,91,4454
0.0,92,4454
0.0,93,4458
0.0,94,4458
0.0,95,4458
0.0,96,4458
0.0,97,4487
0.0,98,4493
0.0,99,4504
0.0,100,4504
0.0,101,4517
0.0,102,4518
0.0,103,4518
0.0,104,4518
0.0,105,4518
0.0,106,4518
0.0,107,4520
0.0,108,4521
0.0,109,4523
0.0,110,4523
0.0,111,4523
0.0,112,4527
0.0,113,4527
0.0,114,4532
0.0,115,4534
0.0,116,4538
0.0,117,4539
0.0,118,4539
0.0,119,4539
0.0,120,4550
0.0,121,4550
0.0,122,4550
0.0,123,4550
0.0,124,4552
0.0,125,4552
0.0,126,4552
0.0,127,4563
0.0,128,4913
0.0,129,4914
0.0,130,4914
0.0,131,4914
0.0,132,4914
0.0,133,4914
0.0,134,4914
0.0,135,4915
0.0,136,4915
0.0,137,4915
0.0,138,4923
0.0,139,4923
0.0,140,4923
0.0,141,4924
0.0,142,4927
0.0,143,4927
0.0,144,4927
0.0,145,5011
0.0,146,5011
0.0,147,5016
0.0,148,5016
0.0,149,5016
0.0,150,5016
0.0,151,5023
0.0,152,5023
0.0,153,5029
0.0,154,5031
0.0,155,5031
0.0,156,5031
0.0,157,5031
0.0,158,5032
0.0,159,5113
0.0,160,5113
0.0,161,5113
0.0,162,5123
0.0,163,5124
0.0,164,5124
0.0,165,5124
0.0,166,5124
0.0,167,5125
0.0,168,5136
0.0,169,5140
0.0,170,5141
0.0,171,5141
0.0,172,5144
0.0,173,5170
0.0,174,5176
0.0,175,5176
0.0,176,5180
0.0,177,5182
0.0,178,5182
0.016,179,5182
0.03,180,5183
0.046,181,5184
0.057,182,5184
0.08,183,5187
0.109,184,5188
0.136,185,5188
0.148,186,5193
0.159,187,5194
0.172,188,5195
0.183,189,5197
0.196,190,5198
0.226,191,5198
0.293,192,5199
0.358,193,5200
0.414,194,5200
0.428,195,5200
0.491,196,5201
0.561,197,5202
0.592,198,5202
0.622,199,5203
0.653,200,5204
0.668,201,5204
0.797,202,5209
0.811,203,5210
0.825,204,5211
0.844,205,5212
0.862,206,5213
0.884,207,5214
0.903,208,5215
0.965,209,5215
1.012,210,5216
1.026,211,5216
1.303,212,5216
1.558,213,5216
1.629,214,5218
1.689,215,5218
1.715,216,5219
1.734,217,5220
1.757,218,5221
1.783,219,5222
1.802,220,5223
1.911,221,5223
1.993,222,5225
2.052,223,5225
2.076,224,5227
2.087,225,5227
2.132,226,5228
2.146,227,5228
2.158,228,5228
2.195,229,5228
2.305,230,5229
2.35,231,5229
2.376,232,5235
2.387,233,5235
2.472,234,5239
2.487,235,5240
2.517,236,5241
2.578,237,5242
2.614,238,5242
2.729,239,5242
2.801,240,5242
2.818,241,5242
2.841,242,5243
2.874,243,5243
2.896,244,5245
2.936,245,5246
2.954,246,5246
3.018,247,5246
3.032,248,5247
3.065,249,5247
3.161,250,5248
3.178,251,5257
3.232,252,5258
3.279,253,5259
3.354,254,5260
3.401,255,5260
3.479,256,5261
3.51,257,5261
3.557,258,5261
3.586,259,5262
3.657,260,5262
3.669,261,5262
3.706,262,5262
3.799,263,5264
3.874,264,5264
3.948,265,5264
3.969,266,5264
3.986,267,5273
4.101,268,5274
4.139,269,5275
4.254,270,5275
4.342,271,5275
4.383,272,5276
4.468,273,5276
4.553,274,5276
4.617,275,5276
4.705,276,5277
4.757,277,5277
5.09,278,5277
5.113,279,5281
5.146,280,5294
5.221,281,5294
5.278,282,5294
5.405,283,5295
5.642,284,5295
5.682,285,5295
5.708,286,5295
6.024,287,5296
6.113,288,5298
6.137,289,5299
6.334,290,5299
6.348,291,5300
6.769,292,5300
6.882,293,5300
6.924,294,5302
6.988,295,5302
7.117,296,5302
7.134,297,5302
7.178,298,5303
7.235,299,5304
7.423,300,5305
7.478,301,5306
7.551,302,5306
7.766,303,5308
7.895,304,5309
7.965,305,5310
8.044,306,5311
8.388,307,5313
8.438,308,5314
8.581,309,5314
8.864,310,5314
8.902,311,5320
8.931,312,5320
9.065,313,5321
9.239,314,5321
9.4,315,5329
9.447,316,5329
9.563,317,5330
9.778,318,5330
9.802,319,5330
9.925,320,5330
10.209,321,5330
10.347,322,5330
10.413,323,5330
10.425,324,5332
10.439,325,5332
10.643,326,5332
10.679,327,5333
10.731,328,5333
10.752,329,5334
10.877,330,5334
11.032,331,5339
11.178,332,5339
11.247,333,5339
11.89,334,5340
12.15,335,5343
12.17,336,5344
12.276,337,5344
12.333,338,5344
12.438,339,5346
12.586,340,5347
12.714,341,5347
12.791,342,5347
12.981,343,5351
13.058,344,5351
13.112,345,5351
13.178,346,5351
13.379,347,5351
13.393,348,5351
13.564,349,5351
13.7,350,5352
14.051,351,5354
14.576,352,5358
14.768,353,5359
14.971,354,5360
14.999,355,5360
15.199,356,5361
15.301,357,5361
15.578,358,5361
15.76,359,5362
15.885,360,5363
16.033,361,5363
16.176,362,5363
16.286,363,5363
16.78,364,5363
17.054,365,5363
17.82,366,5363
17.918,367,5364
18.164,368,5365
18.259,369,5366
18.506,370,5367
18.558,371,5367
19.114,372,5367
19.352,373,5368
20.029,374,5369
20.38,375,5369
20.588,376,5370
20.778,377,5370
21.072,378,5371
21.133,379,5373
21.516,380,5373
21.71,381,5373
22.363,382,5373
22.399,383,5374
22.724,384,5374
22.772,385,5374
22.908,386,5374
23.199,387,5377
23.605,388,5379
23.984,389,5379
24.054,390,5380
24.066,391,5380
24.462,392,5381
24.596,393,5381
24.776,394,5382
25.038,395,5382
25.453,396,5382
25.636,397,5384
25.792,398,5384
25.815,399,5385
26.26,400,5385
26.671,401,5385
26.771,402,5385
26.905,403,5385
27.351,404,5385
27.389,405,5386
27.556,406,5386
27.946,407,5387
28.561,408,5387
28.709,409,5387
28.761,410,5387
28.816,411,5387
29.281,412,5388
29.347,413,5388
29.565,414,5389
29.927,415,5389
29.948,416,5389
30.011,417,5389
30.653,418,5389
30.909,419,5389
31.028,420,5390
31.316,421,5394
31.361,422,5394
31.938,423,5395
32.646,424,5395
33.487,425,5395
34.061,426,5395
34.171,427,5395
34.717,428,5395
35.064,429,5395
35.092,430,5400
35.515,431,5402
35.69,432,5402
36.405,433,5402
36.494,434,5402
36.929,435,5404
37.147,436,5405
37.164,437,5409
37.312,438,5409
37.598,439,5409
37.748,440,5410
38.132,441,5411
38.199,442,5412
38.302,443,5412
38.854,444,5413
39.34,445,5416
39.42,446,5416
40.543,447,5416
40.701,448,5416
41.005,449,5416
41.25,450,5417
41.549,451,5418
41.584,452,5418
41.652,453,5419
41.747,454,5426
41.871,455,5426
41.916,456,5443
42.134,457,5444
42.282,458,5444
42.808,459,5444
43.099,460,5445
43.403,461,5446
43.58,462,5446
43.718,463,5447
43.753,464,5447
43.805,465,5449
44.689,466,5449
44.797,467,5450
45.002,468,5451
45.646,469,5451
45.949,470,5451
45.963,471,5451
46.171,472,5453
46.613,473,5453
46.796,474,5453
47.002,475,5454
47.589,476,5456
47.814,477,5457
48.093,478,5458
48.301,479,5458
48.458,480,5458
48.566,481,5459
48.959,482,5460
49.365,483,5461
49.379,484,5461
49.661,485,5461
49.788,486,5464
49.825,487,5464
50.482,488,5465
50.616,489,5465
50.957,490,5465
51.863,491,5465
52.087,492,5465
52.325,493,5466
52.562,494,5466
52.902,495,5467
53.277,496,5469
53.675,497,5476
53.899,498,5478
54.645,499,5478
55.779,500,5478
56.066,501,5478
57.216,502,5479
58.003,503,5479
58.303,504,5479
58.815,505,5479
59.449,506,5479
63.436,507,5480
63.597,508,5500
64.197,509,5501
64.549,510,5508
65.448,511,5510
65.765,512,5511
67.501,513,5520
68.115,514,5520
69.112,515,5520
69.374,516,5521
69.466,517,5521
70.45,518,5521
70.731,519,5521
71.447,520,5522
72.718,521,5522
73.276,522,5522
73.577,523,5522
73.805,524,5522
74.257,525,5522
74.859,526,5522
75.524,527,5522
75.562,528,5523
75.775,529,5524
76.768,530,5524
77.082,531,5525
77.444,532,5525
78.139,533,5525
79.593,534,5525
79.652,535,5525
81.466,536,5525
81.564,537,5526
81.623,538,5532
81.684,539,5533
82.02,540,5533
82.3,541,5533
85.35,542,5535
85.5,543,5535
87.082,544,5536
87.74,545,5537
88.906,546,5537
89.474,547,5538
89.718,548,5538
91.115,549,5539
91.758,550,5541
92.619,551,5541
92.876,552,5541
93.881,553,5542
94.34,554,5552
94.94,555,5553
95.039,556,5553
95.086,557,5554
95.536,558,5554
96.124,559,5555
96.299,560,5556
96.318,561,5556
96.79,562,5556
97.221,563,5556
97.355,564,5556
97.385,565,5557
97.614,566,5557
97.976,567,5557
98.048,568,5558
99.125,569,5559
99.984,570,5567
100.751,571,5567
101.236,572,5567
101.563,573,5567
102.25,574,5567
102.39,575,5568
102.71,576,5568
102.734,577,5568
102.813,578,5581
103.154,579,5581
103.237,580,5581
104.299,581,5585
104.474,582,5587
105.385,583,5589
105.693,584,5590
106.297,585,5590
106.403,586,5590
106.457,587,5600
108.396,588,5600
108.813,589,5600
108.903,590,5600
109.744,591,5602
109.829,592,5603
109.888,593,5604
110.258,594,5605
110.291,595,5606
111.015,596,5619
111.835,597,5619
112.049,598,5619
112.732,599,5619
116.014,600,5619
116.117,601,5619
117.633,602,5620
118.238,603,5623
118.825,604,5623
119.177,605,5623
120.1,606,5624
120.357,607,5625
121.695,608,5625
122.282,609,5625
123.24,610,5625
123.628,611,5626
124.005,612,5626
124.763,613,5630
127.145,614,5630
128.023,615,5631
128.059,616,5631
128.098,617,5631
128.117,618,5633
128.169,619,5633
128.183,620,5635
128.299,621,5636
128.37,622,5637
128.4,623,5638
128.482,624,5638
128.525,625,5639
128.576,626,5639
128.702,627,5640
128.887,628,5640
128.958,629,5640
129.011,630,5641
129.531,631,5642
129.908,632,5642
129.934,633,5643
130.609,634,5644
130.926,635,5644
131.309,636,5644
131.34,637,5644
131.717,638,5644
132.013,639,5644
132.345,640,5644
132.6,641,5645
133.297,642,5645
133.332,643,5645
133.553,644,5646
133.989,645,5646
136.021,646,5646
136.148,647,5646
138.143,648,5646
138.653,649,5648
138.946,650,5649
139.779,651,5649
140.964,652,5649
140.994,653,5652
141.036,654,5653
142.938,655,5653
144.3,656,5654
145.536,657,5655
146.007,658,5655
146.159,659,5655
146.643,660,5655
147.137,661,5655
147.537,662,5658
147.666,663,5659
150.565,664,5659
152.13,665,5659
153.818,666,5662
155.243,667,5662
156.355,668,5663
156.836,669,5663
158.465,670,5669
164.243,671,5670
164.477,672,5670
165.524,673,5670
166.078,674,5670
168.225,675,5671
168.993,676,5671
169.171,677,5671
169.907,678,5671
170.87,679,5671
171.028,680,5671
171.179,681,5671
171.513,682,5671
172.059,683,5673
172.62,684,5673
173.159,685,5673
173.305,686,5676
173.603,687,5676
174.412,688,5676
174.784,689,5676
175.335,690,5677
175.776,691,5678
176.214,692,5679
177.758,693,5681
178.29,694,5681
178.665,695,5682
178.822,696,5682
178.978,697,5722
180.019,698,5722
183.388,699,5723
184.092,700,5723
184.47,701,5723
184.955,702,5723
185.403,703,5724
186.321,704,5727
189.093,705,5727
189.537,706,5727
189.854,707,5727
190.172,708,5728
190.208,709,5729
191.897,710,5730
193.229,711,5730
195.082,712,5731
196.923,713,5731
197.375,714,5732
200.605,715,5732
201.221,716,5732
202.425,717,5732
202.513,718,5732
206.527,719,5733
206.799,720,5733
207.101,721,5736
207.485,722,5737
208.067,723,5740
208.883,724,5741
209.401,725,5741
211.098,726,5741
211.387,727,5741
213.214,728,5753
213.47,729,5754
214.098,730,5755
228.354,731,5755
232.619,732,5755
235.181,733,5755
235.79,734,5755
238.799,735,5756
239.092,736,5759
240.998,737,5760
243.153,738,5760
243.232,739,5761
244.073,740,5762
245.153,741,5763
246.325,742,5765
247.663,743,5766
257.152,744,5766
259.561,745,5766
261.829,746,5766
262.975,747,5766
267.745,748,5766
268.149,749,5766
270.5,750,5766
272.346,751,5766
273.528,752,5767
279.697,753,5768
284.946,754,5768
286.082,755,5768
289.177,756,5768
289.966,757,5769
294.963,758,5769
297.467,759,5770
300.136,760,5771
300.25,761,5771
300.941,762,5771
301.967,763,5771
302.851,764,5771
303.413,765,5771
305.925,766,5773
306.346,767,5774
306.364,768,5776
306.753,769,5777
307.742,770,5777
307.806,771,5777
307.822,772,5778
307.845,773,5779
307.912,774,5779
308.058,775,5780
308.186,776,5780
308.432,777,5780
308.455,778,5782
308.861,779,5784
309.136,780,5784
309.217,781,5785
309.595,782,5786
309.829,783,5786
310.334,784,5786
310.633,785,5786
311.381,786,5786
311.435,787,5787
311.541,788,5790
311.647,789,5791
311.788,790,5791
312.286,791,5795
312.756,792,5795
312.787,793,5796
312.839,794,5798
313.134,795,5798
313.44,796,5798
313.47,797,5799
313.838,798,5800
313.871,799,5800
313.93,800,5801
314.095,801,5801
314.44,802,5801
315.243,803,5803
316.686,804,5803
316.94,805,5803
317.886,806,5803
318.427,807,5803
318.499,808,5804
318.596,809,5807
318.728,810,5807
319.697,811,5807
319.871,812,5810
320.906,813,5810
321.351,814,5811
322.151,815,5811
322.554,816,5812
323.293,817,5820
324.825,818,5821
325.198,819,5821
325.23,820,5822
325.647,821,5825
326.258,822,5825
327.366,823,5826
327.528,824,5826
327.76,825,5827
328.014,826,5827
328.272,827,5827
329.708,828,5827
330.133,829,5827
330.775,830,5827
331.276,831,5828
331.558,832,5828
332.415,833,5828
332.485,834,5829
334.405,835,5830
334.535,836,5830
335.249,837,5834
335.97,838,5835
336.721,839,5835
336.819,840,5836
337.428,841,5837
337.903,842,5837
338.005,843,5837
338.647,844,5840
339.092,845,5841
339.933,846,5841
341.938,847,5842
342.146,848,5842
343.173,849,5843
343.499,850,5843
343.621,851,5844
344.336,852,5844
344.436,853,5844
344.596,854,5844
344.956,855,5844
346.06,856,5845
346.77,857,5845
347.006,858,5845
347.295,859,5849
347.415,860,5849
348.415,861,5849
348.968,862,5849
349.839,863,5850
350.766,864,5850
351.875,865,5850
352.705,866,5850
352.921,867,5850
354.332,868,5851
355.086,869,5851
355.347,870,5851
355.78,871,5851
356.249,872,5851
356.402,873,5851
356.727,874,5851
358.988,875,5851
359.365,876,5851
359.546,877,5851
359.599,878,5851
361.077,879,5852
361.129,880,5852
363.539,881,5852
367.402,882,5852
368.137,883,5852
368.527,884,5852
369.373,885,5852
370.048,886,5852
370.992,887,5853
371.498,888,5853
373.161,889,5856
373.416,890,5858
375.389,891,5858
383.023,892,5860
383.763,893,5862
384.346,894,5863
385.731,895,5863
386.671,896,5863
387.963,897,5863
388.129,898,5864
388.423,899,5864
390.146,900,5864
391.734,901,5864
391.89,902,5864
395.255,903,5865
395.527,904,5866
398.027,905,5866
403.456,906,5868
404.981,907,5868
407.704,908,5868
408.473,909,5868
412.642,910,5868
412.989,911,5868
413.651,912,5868
415.028,913,5868
415.613,914,5869
416.911,915,5869
418.348,916,5869
419.165,917,5869
421.916,918,5870
422.828,919,5871
422.934,920,5872
423.861,921,5873
424.164,922,5873
425.39,923,5873
426.319,924,5874
426.439,925,5875
429.209,926,5875
429.728,927,5875
433.45,928,5875
436.097,929,5875
437.489,930,5875
437.604,931,5875
438.066,932,5875
438.567,933,5875
439.286,934,5875
441.285,935,5875
441.971,936,5875
443.612,937,5875
446.095,938,5875
451.67,939,5876
451.76,940,5876
451.934,941,5879
451.956,942,5880
452.015,943,5883
452.287,944,5883
452.437,945,5883
452.621,946,5883
453.561,947,5883
453.589,948,5883
453.607,949,5883
453.638,950,5883
453.69,951,5883
453.727,952,5883
453.874,953,5884
453.89,954,5884
453.905,955,5884
453.945,956,5884
454.038,957,5884
454.074,958,5884
454.12,959,5884
454.162,960,5884
454.268,961,5884
454.333,962,5884
454.371,963,5884
454.578,964,5884
454.913,965,5884
454.961,966,5885
455.028,967,5886
455.049,968,5887
455.166,969,5887
455.213,970,5887
455.28,971,5888
455.307,972,5888
455.37,973,5889
455.635,974,5889
455.772,975,5900
456.072,976,5900
456.282,977,5900
456.313,978,5902
456.434,979,5902
456.506,980,5902
456.709,981,5903
456.746,982,5903
456.777,983,5903
457.205,984,5904
457.282,985,5904
457.432,986,5904
458.343,987,5905
458.361,988,5905
458.446,989,5906
458.902,990,5906
458.919,991,5906
459.396,992,5906
459.533,993,5907
459.57,994,5908
459.621,995,5908
459.661,996,5908
459.752,997,5908
460.774,998,5908
461.012,999,5908
461.174,1000,5909
461.732,1001,5909
462.075,1002,5911
462.393,1003,5911
462.847,1004,5911
463.032,1005,5912
463.161,1006,5913
463.685,1007,5913
463.8,1008,5913
464.214,1009,5914
465.613,1010,5914
465.644,1011,5914
466.241,1012,5915
466.392,1013,5915
467.183,1014,5915
467.467,1015,5915
468.376,1016,5916
469.048,1017,5916
469.549,1018,5916
470.337,1019,5916
471.258,1020,5916
471.455,1021,5916
472.737,1022,5916
473.906,1023,5916
475.415,1024,5917
475.968,1025,5918
477.373,1026,5918
477.426,1027,5918
478.271,1028,5918
478.439,1029,5918
479.899,1030,5918
480.327,1031,5918
481.168,1032,5918
481.228,1033,5918
482.655,1034,5919
484.03,1035,5920
484.21,1036,5921
485.484,1037,5921
485.656,1038,5922
487.13,1039,5922
487.29,1040,5922
487.617,1041,5923
488.627,1042,5925
489.757,1043,5926
490.029,1044,5926
491.512,1045,5926
491.697,1046,5927
493.087,1047,5927
493.602,1048,5927
499.916,1049,5927
499.95,1050,5927
500.467,1051,5928
500.841,1052,5930
500.954,1053,5930
501.421,1054,5930
501.554,1055,5930
501.801,1056,5930
501.853,1057,5930
501.872,1058,5930
501.892,1059,5930
501.915,1060,5930
501.929,1061,5930
501.943,1062,5930
501.958,1063,5930
501.974,1064,5930
501.99,1065,5930
502.013,1066,5930
502.029,1067,5930
502.044,1068,5930
502.063,1069,5930
502.079,1070,5930
502.098,1071,5930
502.135,1072,5930
502.151,1073,5931
502.168,1074,5931
502.185,1075,5931
502.205,1076,5931
502.228,1077,5931
502.247,1078,5931
502.277,1079,5931
502.301,1080,5931
502.325,1081,5932
502.519,1082,5932
502.535,1083,5932
502.556,1084,5932
502.609,1085,5932
502.629,1086,5932
502.687,1087,5933
502.711,1088,5933
502.728,1089,5933
502.745,1090,5934
502.776,1091,5934
502.791,1092,5935
502.816,1093,5935
502.86,1094,5935
502.912,1095,5935
502.96,1096,5935
502.989,1097,5935
503.015,1098,5935
503.067,1099,5935
503.094,1100,5935
503.112,1101,5935
503.144,1102,5935
503.178,1103,5935
503.204,1104,5936
503.227,1105,5936
503.257,1106,5936
503.272,1107,5937
503.289,1108,5937
503.322,1109,5937
503.344,1110,5937
503.46,1111,5937
503.483,1112,5937
503.509,1113,5937
503.544,1114,5937
503.569,1115,5937
503.621,1116,5939
503.648,1117,5939
503.681,1118,5939
503.702,1119,5939
503.722,1120,5939
503.746,1121,5939
503.793,1122,5939
503.813,1123,5939
503.836,1124,5939
503.857,1125,5939
503.892,1126,5939
503.919,1127,5940
503.938,1128,5940
503.973,1129,5940
504.021,1130,5940
504.078,1131,5940
504.095,1132,5941
504.149,1133,5941
504.246,1134,5941
504.289,1135,5941
504.313,1136,5945
504.351,1137,5945
504.386,1138,5945
504.454,1139,5945
504.536,1140,5945
504.567,1141,5945
504.612,1142,5946
504.64,1143,5946
504.751,1144,5946
504.775,1145,5946
504.823,1146,5946
504.843,1147,5947
504.899,1148,5947
504.916,1149,5947
504.952,1150,5947
505.026,1151,5947
505.287,1152,5947
505.336,1153,5947
505.427,1154,5947
505.602,1155,5951
505.711,1156,5951
505.734,1157,5951
505.948,1158,5951
505.999,1159,5951
506.158,1160,5951
506.174,1161,5951
506.212,1162,5951
506.245,1163,5951
506.485,1164,5957
506.506,1165,5958
506.532,1166,5958
506.65,1167,5958
506.863,1168,5958
507.073,1169,5958
507.139,1170,5958
507.196,1171,5958
507.406,1172,5958
507.442,1173,5958
507.552,1174,5958
507.566,1175,5958
507.624,1176,5958
507.683,1177,5959
507.785,1178,5959
507.988,1179,5960
508.065,1180,5961
508.336,1181,5961
508.372,1182,5961
508.453,1183,5961
508.483,1184,5961
508.592,1185,5961
508.608,1186,5961
508.749,1187,5961
508.819,1188,5964
508.84,1189,5964
508.937,1190,5965
509.116,1191,5966
509.153,1192,5966
509.224,1193,5966
509.305,1194,5966
509.329,1195,5966
509.431,1196,5966
509.511,1197,5966
509.646,1198,5966
509.709,1199,5967
509.949,1200,5968
510.276,1201,5968
510.337,1202,5968
510.39,1203,5968
510.516,1204,5968
510.744,1205,5968
511.4,1206,5969
511.454,1207,5970
511.652,1208,5971
511.917,1209,5972
512.15,1210,5973
512.388,1211,5973
512.574,1212,5973
512.872,1213,5973
512.92,1214,5973
513.625,1215,5973
513.699,1216,5973
513.955,1217,5973
513.999,1218,5973
515.314,1219,5974
515.804,1220,5974
516.27,1221,5974
516.641,1222,5974
516.957,1223,5975
517.628,1224,5975
518.137,1225,5975
518.441,1226,5976
518.522,1227,5977
518.874,1228,5978
519.004,1229,5979
519.543,1230,5979
519.654,1231,5979
519.758,1232,5979
519.778,1233,5980
520.238,1234,5980
520.283,1235,5980
520.598,1236,5980
521.067,1237,5980
521.129,1238,5980
521.21,1239,5980
521.308,1240,5980
522.205,1241,5980
522.458,1242,5980
522.747,1243,5981
523.095,1244,5984
523.252,1245,5984
523.347,1246,5984
523.36,1247,5985
524.844,1248,5985
524.874,1249,5986
526.439,1250,5987
526.586,1251,5987
527.198,1252,5987
527.475,1253,5989
527.575,1254,5989
527.895,1255,5989
528.293,1256,5989
529.265,1257,5989
529.959,1258,5989
530.639,1259,5989
530.665,1260,5989
530.852,1261,5989
530.963,1262,5989
531.222,1263,5989
531.521,1264,5989
532.925,1265,5989
533.028,1266,5989
533.128,1267,5989
533.226,1268,5989
534.435,1269,5989
535.055,1270,5989
535.209,1271,5989
535.786,1272,5989
537.728,1273,5990
537.773,1274,5990
538.436,1275,5990
539.123,1276,5990
539.583,1277,5990
539.749,1278,5990
540.002,1279,5990
540.036,1280,5990
540.809,1281,5990
541.54,1282,5991
543.095,1283,5991
543.18,1284,5992
543.808,1285,5992
544.072,1286,5992
544.127,1287,5992
545.413,1288,5992
548.927,1289,5992
549.591,1290,5992
549.927,1291,5992
549.994,1292,5992
551.102,1293,5992
551.458,1294,5993
553.075,1295,5993
553.951,1296,5994
554.654,1297,5994
554.822,1298,5995
555.695,1299,5996
557.765,1300,5996
558.35,1301,5997
559.338,1302,6001
560.115,1303,6003
563.063,1304,6003
563.285,1305,6003
563.501,1306,6003
563.531,1307,6004
569.635,1308,6004
572.018,1309,6005
572.813,1310,6006
577.077,1311,6006
585.618,1312,6006
593.52,1313,6007
594.035,1314,6007
597.988,1315,6007
598.958,1316,6007
604.421,1317,6007
613.525,1318,6007
615.49,1319,6008
617.867,1320,6008
628.721,1321,6009
634.681,1322,6009
634.919,1323,6010
638.224,1324,6011
643.264,1325,6012
650.092,1326,6013
651.836,1327,6013
656.337,1328,6013
657.516,1329,6013
659.46,1330,6013
660.401,1331,6014
663.515,1332,6015
674.102,1333,6015
677.169,1334,6016
689.228,1335,6016
689.243,1336,6016
689.661,1337,6016
689.684,1338,6017
689.748,1339,6017
689.767,1340,6017
704.041,1341,6018
704.07,1342,6025
704.925,1343,6025
705.143,1344,6025
705.259,1345,6025
705.417,1346,6026
713.788,1347,6027
713.839,1348,6027
713.929,1349,6027
714.403,1350,6027
715.014,1351,6027
715.801,1352,6027
715.835,1353,6027
715.888,1354,6027
716.003,1355,6027
716.055,1356,6027
716.187,1357,6027
716.209,1358,6027
716.283,1359,6089
716.641,1360,6089
717.059,1361,6090
717.254,1362,6097
717.31,1363,6097
717.432,1364,6098
717.848,1365,6098
718.212,1366,6098
718.316,1367,6098
718.569,1368,6098
718.779,1369,6099
719.015,1370,6100
719.108,1371,6100
719.293,1372,6100
719.565,1373,6102
719.968,1374,6103
720.024,1375,6103
720.373,1376,6103
720.459,1377,6103
721.41,1378,6103
721.524,1379,6103
721.55,1380,6103
721.588,1381,6104
721.744,1382,6104
722.239,1383,6104
722.284,1384,6105
723.624,1385,6113
724.242,1386,6114
726.353,1387,6115
726.772,1388,6115
728.84,1389,6127
729.381,1390,6127
729.437,1391,6128
729.793,1392,6128
730.938,1393,6128
731.481,1394,6128
731.552,1395,6128
732.856,1396,6128
734.322,1397,6129
736.032,1398,6129
736.183,1399,6129
737.565,1400,6129
737.71,1401,6130
738.035,1402,6148
740.29,1403,6148
740.866,1404,6149
741.027,1405,6149
741.519,1406,6149
743.063,1407,6149
743.653,1408,6149
745.592,1409,6149
745.677,1410,6149
746.106,1411,6152
747.635,1412,6153
748.299,1413,6153
750.476,1414,6153
750.537,1415,6153
750.702,1416,6153
750.731,1417,6153
750.834,1418,6153
750.924,1419,6153
750.973,1420,6153
751.108,1421,6153
751.258,1422,6153
751.396,1423,6153
751.538,1424,6153
751.585,1425,6153
752.081,1426,6154
752.111,1427,6154
752.214,1428,6154
752.226,1429,6154
752.247,1430,6154
752.259,1431,6154
752.32,1432,6155
752.676,1433,6155
752.726,1434,6156
752.738,1435,6156
753.152,1436,6156
753.857,1437,6156
754.131,1438,6156
755.02,1439,6157
755.2,1440,6158
756.105,1441,6158
756.65,1442,6158
756.748,1443,6159
757.498,1444,6160
758.589,1445,6160
758.69,1446,6160
759.538,1447,6160
760.317,1448,6160
760.502,1449,6160
761.263,1450,6160
761.339,1451,6160
762.312,1452,6161
763.021,1453,6162
765.572,1454,6162
766.294,1455,6162
766.54,1456,6163
767.435,1457,6163
769.869,1458,6163
771.349,1459,6163
773.687,1460,6163
773.975,1461,6164
775.438,1462,6164
779.991,1463,6164
783.257,1464,6166
790.53,1465,6166
792.359,1466,6166
792.397,1467,6166
792.653,1468,6166
792.856,1469,6166
793.712,1470,6166
794.858,1471,6187
796.402,1472,6188
798.089,1473,6188
802.036,1474,6190
802.991,1475,6190
805.137,1476,6209
808.111,1477,6209
808.945,1478,6214
813.03,1479,6215
816.177,1480,6216
818.39,1481,6216
818.495,1482,6235
819.049,1483,6236
821.284,1484,6236
821.492,1485,6261
822.707,1486,6261
823.732,1487,6261
826.74,1488,6261
827.37,1489,6262
832.858,1490,6321
834.603,1491,6338
834.973,1492,6349
836.411,1493,6349
837.683,1494,6349
838.682,1495,6349
839.349,1496,6351
839.896,1497,6352
840.68,1498,6352
854.233,1499,6352
854.652,1500,6353
855.562,1501,6353
855.685,1502,6353
855.751,1503,6354
856.494,1504,6354
858.018,1505,6354
858.207,1506,6355
858.665,1507,6355
859.186,1508,6355
859.285,1509,6356
862.11,1510,6357
862.334,1511,6357
865.971,1512,6358
867.522,1513,6358
867.735,1514,6358
867.963,1515,6358
868.974,1516,6358
874.955,1517,6358
876.031,1518,6358
876.159,1519,6358
878.706,1520,6358
878.77,1521,6359
879.93,1522,6360
881.732,1523,6360
882.876,1524,6360
884.495,1525,6360
887.157,1526,6360
889.052,1527,6361
889.592,1528,6361
893.043,1529,6361
893.965,1530,6368
896.398,1531,6369
896.642,1532,6369
905.384,1533,6370
907.29,1534,6371
909.542,1535,6372
911.783,1536,6386
911.811,1537,6386
912.376,1538,6387
912.833,1539,6387
913.389,1540,6388
913.737,1541,6389
916.855,1542,6389
924.179,1543,6393
924.38,1544,6393
925.937,1545,6393
928.072,1546,6393
928.12,1547,6393
930.224,1548,6393
931.62,1549,6393
933.518,1550,6393
946.489,1551,6394
950.094,1552,6395
950.21,1553,6395
951.206,1554,6395
951.913,1555,6395
954.438,1556,6396
957.953,1557,6396
967.361,1558,6396
968.565,1559,6399
970.766,1560,6399
971.049,1561,6399
973.021,1562,6402
979.193,1563,6404
980.99,1564,6404
981.174,1565,6405
981.879,1566,6406
981.895,1567,6407
981.92,1568,6408
983.386,1569,6408
983.866,1570,6408
984.773,1571,6408
985.182,1572,6414
985.246,1573,6414
988.286,1574,6414
989.704,1575,6414
990.354,1576,6414
994.16,1577,6414
996.91,1578,6415
1001.953,1579,6415
1002.299,1580,6415
1005.79,1581,6415
1009.326,1582,6416
1012.862,1583,6416
1013.947,1584,6416
1014.764,1585,6416
1016.12,1586,6416
1018.921,1587,6416
1021.532,1588,6416
1023.511,1589,6417
1024.451,1590,6418
1025.866,1591,6419
1032.907,1592,6419
1036.899,1593,6420
1039.642,1594,6420
1046.784,1595,6420
1048.219,1596,6420
1057.858,1597,6424
1058.861,1598,6425
1065.595,1599,6426
1070.342,1600,6427
1074.163,1601,6427
1074.901,1602,6429
1076.467,1603,6429
1078.75,1604,6430
1095.727,1605,6430
1096.404,1606,6431
1101.647,1607,6431
1104.568,1608,6432
1110.619,1609,6433
1112.497,1610,6434
1113.597,1611,6435
1127.358,1612,6435
1142.912,1613,6435
1153.974,1614,6435
1154.405,1615,6435
1154.63,1616,6435
1155.828,1617,6435
1163.888,1618,6435
1163.925,1619,6435
1163.981,1620,6435
1164.034,1621,6435
1164.213,1622,6435
1164.261,1623,6435
1167.33,1624,6441
1167.78,1625,6441
1168.161,1626,6441
1172.0,1627,6441
1173.968,1628,6441
1175.4,1629,6441
1178.416,1630,6441
1178.532,1631,6441
1190.965,1632,6441
1191.234,1633,6441
1209.659,1634,6441
1211.747,1635,6441
1223.842,1636,6444
1223.974,1637,6445
1224.072,1638,6445
1224.218,1639,6445
1224.466,1640,6449
1224.75,1641,6449
1225.229,1642,6449
1225.315,1643,6449
1225.451,1644,6449
1225.601,1645,6449
1226.043,1646,6456
1226.235,1647,6456
1226.367,1648,6456
1226.768,1649,6459
1227.087,1650,6459
1227.139,1651,6459
1227.661,1652,6472
1228.027,1653,6473
1229.809,1654,6474
1229.909,1655,6474
1230.587,1656,6476
1231.2,1657,6478
1233.392,1658,6496
1234.314,1659,6500
1234.581,1660,6500
1234.796,1661,6501
1235.077,1662,6501
1238.31,1663,6502
1239.164,1664,6502
1241.867,1665,6504
1242.147,1666,6507
1242.633,1667,6507
1243.134,1668,6507
1243.627,1669,6507
1244.764,1670,6507
1245.06,1671,6509
1245.647,1672,6553
1248.421,1673,6553
1251.507,1674,6553
1253.471,1675,6553
1253.829,1676,6553
1255.865,1677,6555
1259.562,1678,6556
1259.704,1679,6557
1266.063,1680,6557
1266.272,1681,6558
1266.334,1682,6563
1266.37,1683,6564
1266.522,1684,6573
1266.583,1685,6585
1266.744,1686,6586
1277.502,1687,6586
1277.864,1688,6586
1277.92,1689,6586
1278.964,1690,6586
1279.423,1691,6586
1281.055,1692,6586
1283.097,1693,6586
1285.808,1694,6586
1286.96,1695,6586
1287.149,1696,6586
1287.415,1697,6586
1290.803,1698,6586
1290.939,1699,6587
1291.579,1700,6587
1295.729,1701,6587
1297.001,1702,6587
1334.493,1703,6587
1336.503,1704,6587
1336.657,1705,6587
1336.914,1706,6587
1345.059,1707,6587
1345.228,1708,6587
1345.415,1709,6587
1346.3,1710,6587
1346.555,1711,6587
1346.999,1712,6587
1347.29,1713,6587
1347.548,1714,6587
1347.933,1715,6587
1347.995,1716,6587
1348.39,1717,6587
1348.577,1718,6587
1348.611,1719,6587
1348.81,1720,6587
1349.341,1721,6587
1349.683,1722,6587
1350.369,1723,6594
1353.271,1724,6609
1354.118,1725,6609
1355.127,1726,6609
1355.692,1727,6609
1358.839,1728,6609
1360.19,1729,6609
1363.087,1730,6609
1363.909,1731,6610
1364.878,1732,6610
1365.027,1733,6610
1368.724,1734,6610
1370.432,1735,6610
1372.307,1736,6610
1373.244,1737,6610
1375.56,1738,6610
1377.562,1739,6611
1379.131,1740,6612
1381.976,1741,6612
1391.356,1742,6612
1392.802,1743,6612
1393.069,1744,6615
1394.725,1745,6615
1395.254,1746,6615
1395.365,1747,6615
1396.184,1748,6615
1396.409,1749,6615
1396.828,1750,6615
1397.068,1751,6615
1402.33,1752,6621
1404.33,1753,6622
1410.018,1754,6622
1410.147,1755,6622
1410.568,1756,6622
1410.585,1757,6622
1410.899,1758,6622
1411.023,1759,6622
1411.999,1760,6622
1412.022,1761,6622
1412.038,1762,6622
1412.112,1763,6622
1412.156,1764,6622
1412.222,1765,6622
1412.251,1766,6623
1412.28,1767,6623
1412.301,1768,6623
1412.323,1769,6623
1412.347,1770,6623
1412.41,1771,6623
1412.431,1772,6623
1412.5,1773,6623
1412.517,1774,6623
1412.599,1775,6623
1412.831,1776,6623
1412.894,1777,6623
1413.063,1778,6623
1413.128,1779,6623
1413.324,1780,6623
1413.495,1781,6623
1413.623,1782,6623
1413.73,1783,6623
1413.987,1784,6623
1415.451,1785,6624
1415.75,1786,6624
1415.828,1787,6624
1416.439,1788,6624
1416.701,1789,6624
1418.33,1790,6625
1418.785,1791,6626
1419.169,1792,6626
1420.561,1793,6626
1421.591,1794,6626
1421.658,1795,6627
1421.766,1796,6627
1422.244,1797,6627
1422.312,1798,6627
1422.333,1799,6627
1423.167,1800,6628
1423.374,1801,6628
1423.449,1802,6628
1424.107,1803,6628
1424.57,1804,6629
1425.255,1805,6629
1427.2,1806,6629
1428.129,1807,6629
1428.658,1808,6630
1428.756,1809,6630
1429.001,1810,6630
1429.262,1811,6631
1429.989,1812,6631
1430.539,1813,6631
1431.157,1814,6631
1431.749,1815,6631
1431.965,1816,6631
1432.001,1817,6631
1432.878,1818,6631
1433.851,1819,6632
1433.967,1820,6632
1436.542,1821,6632
1436.747,1822,6632
1437.47,1823,6632
1438.967,1824,6632
1440.203,1825,6632
1442.283,1826,6632
1443.245,1827,6633
1445.013,1828,6634
1454.593,1829,6634
1454.617,1830,6634
1454.638,1831,6634
1454.656,1832,6634
1455.354,1833,6634
1455.445,1834,6634
1460.649,1835,6634
1461.116,1836,6634
1465.197,1837,6634
1475.382,1838,6634
1518.057,1839,6672
1519.385,1840,6673
1525.842,1841,6674
1525.856,1842,6679
1525.887,1843,6681
1531.61,1844,6681
1532.113,1845,6681
1533.352,1846,6681
1533.392,1847,6681
1533.484,1848,6681
1533.593,1849,6681
1533.71,1850,6683
1535.952,1851,6683
1536.386,1852,6683
1536.424,1853,6684
1538.157,1854,6684
1539.48,1855,6684
1540.939,1856,6684
1544.996,1857,6684
1545.263,1858,6685
1546.383,1859,6686
1552.63,1860,6686
1573.087,1861,6687
1573.121,1862,6687
1573.427,1863,6748
1573.474,1864,6764
1573.498,1865,6764
1573.573,1866,6764
1573.623,1867,6764
1574.063,1868,6764
1574.759,1869,6764
1574.78,1870,6764
1574.798,1871,6764
1574.816,1872,6764
1574.84,1873,6768
1574.861,1874,6770
1574.9,1875,6775
1574.938,1876,6775
1574.963,1877,6775
1574.983,1878,6775
1575.014,1879,6775
1575.059,1880,6775
1575.084,1881,6775
1575.11,1882,6775
1575.131,1883,6779
1575.152,1884,6779
1575.181,1885,6779
1575.208,1886,6779
1575.53,1887,6779
1575.632,1888,6779
1576.542,1889,6779
1576.616,1890,6779
1576.738,1891,6781
1576.787,1892,6781
1576.826,1893,6781
1576.917,1894,6781
1576.996,1895,6781
1577.1,1896,6781
1577.433,1897,6782
1577.46,1898,6782
1577.486,1899,6783
1577.507,1900,6788
1577.589,1901,6788
1577.631,1902,6788
1577.787,1903,6799
1577.855,1904,6799
1578.11,1905,6800
1578.13,1906,6801
1578.23,1907,6801
1578.258,1908,6801
1578.278,1909,6801
1578.321,1910,6801
1578.341,1911,6801
1578.372,1912,6801
1578.453,1913,6801
1578.477,1914,6801
1578.501,1915,6801
1578.532,1916,6801
1578.553,1917,6801
1578.578,1918,6801
1578.642,1919,6809
1578.693,1920,6809
1578.784,1921,6809
1578.812,1922,6809
1578.939,1923,6809
1579.0,1924,6812
1579.043,1925,6813
1579.092,1926,6813
1579.203,1927,6813
1579.232,1928,6813
1579.284,1929,6814
1579.32,1930,6814
1579.348,1931,6815
1579.394,1932,6815
1579.413,1933,6817
1579.439,1934,6817
1579.517,1935,6817
1579.538,1936,6818
1579.566,1937,6818
1579.597,1938,6822
1579.626,1939,6822
1579.773,1940,6822
1579.802,1941,6822
1579.851,1942,6822
1579.949,1943,6822
1580.077,1944,6822
1580.158,1945,6822
1580.248,1946,6823
1580.274,1947,6823
1580.322,1948,6824
1580.465,1949,6824
1580.481,1950,6824
1580.573,1951,6825
1580.641,1952,6825
1580.793,1953,6825
1580.925,1954,6825
1580.95,1955,6828
1580.976,1956,6828
1581.14,1957,6828
1581.262,1958,6829
1581.309,1959,6830
1581.545,1960,6834
1581.565,1961,6834
1581.612,1962,6835
1581.697,1963,6836
1581.728,1964,6836
1581.761,1965,6837
1581.781,1966,6837
1581.809,1967,6837
1581.848,1968,6837
1581.889,1969,6842
1581.929,1970,6842
1582.059,1971,6843
1582.117,1972,6843
1582.155,1973,6843
1582.214,1974,6843
1582.237,1975,6843
1582.378,1976,6843
1582.467,1977,6843
1582.531,1978,6843
1582.561,1979,6843
1582.581,1980,6843
1582.652,1981,6850
1582.679,1982,6850
1583.096,1983,6850
1583.201,1984,6851
1583.229,1985,6851
1583.348,1986,6851
1583.378,1987,6851
1583.522,1988,6851
1583.818,1989,6851
1583.928,1990,6851
1584.029,1991,6851
1584.069,1992,6851
1584.223,1993,6851
1584.314,1994,6851
1584.34,1995,6851
1584.421,1996,6855
1584.442,1997,6856
1584.464,1998,6856
1584.485,1999,6856
1584.609,2000,6857
1584.63,2001,6858
1584.679,2002,6858
1584.766,2003,6858
1584.912,2004,6859
1584.932,2005,6859
1584.957,2006,6860
1585.103,2007,6860
1585.153,2008,6861
1585.189,2009,6862
1585.22,2010,6862
1585.246,2011,6862
1585.347,2012,6862
1585.402,2013,6863
1585.466,2014,6863
1585.525,2015,6864
1585.589,2016,6864
1585.703,2017,6864
1585.824,2018,6864
1585.958,2019,6864
1586.357,2020,6864
1586.378,2021,6864
1586.404,2022,6864
1586.502,2023,6864
1586.525,2024,6864
1586.588,2025,6864
1586.642,2026,6864
1586.672,2027,6864
1586.788,2028,6864
1586.894,2029,6864
1586.924,2030,6864
1587.051,2031,6864
1587.081,2032,6864
1587.227,2033,6864
1587.341,2034,6864
1587.436,2035,6864
1587.52,2036,6864
1587.57,2037,6864
1587.62,2038,6865
1587.862,2039,6865
1588.327,2040,6865
1588.359,2041,6866
1588.46,2042,6866
1588.522,2043,6866
1588.594,2044,6866
1588.717,2045,6866
1588.847,2046,6866
1588.968,2047,6866
1589.055,2048,6868
1589.109,2049,6868
1589.234,2050,6868
1589.358,2051,6868
1589.483,2052,6868
1589.856,2053,6868
1589.887,2054,6868
1590.004,2055,6869
1590.031,2056,6869
1590.151,2057,6869
1590.272,2058,6869
1590.322,2059,6869
1590.529,2060,6869
1590.771,2061,6869
1590.901,2062,6869
1591.024,2063,6869
1591.144,2064,6871
1591.177,2065,6871
1591.421,2066,6871
1591.564,2067,6871
1591.627,2068,6871
1592.222,2069,6871
1592.498,2070,6871
1592.532,2071,6871
1592.706,2072,6871
1592.773,2073,6872
1592.833,2074,6872
1592.858,2075,6872
1593.232,2076,6872
1593.255,2077,6881
1593.275,2078,6883
1593.351,2079,6884
1593.371,2080,6885
1593.412,2081,6885
1593.47,2082,6885
1593.68,2083,6885
1593.844,2084,6885
1593.864,2085,6885
1593.975,2086,6886
1594.033,2087,6887
1594.062,2088,6888
1594.242,2089,6889
1594.261,2090,6889
1594.615,2091,6889
1594.649,2092,6889
1594.748,2093,6889
1595.12,2094,6889
1595.477,2095,6890
1595.713,2096,6914
1595.988,2097,6918
1596.081,2098,6918
1596.105,2099,6922
1596.536,2100,6924
1596.564,2101,6924
1596.626,2102,6925
1596.816,2103,6925
1597.115,2104,6927
1597.135,2105,6928
1597.164,2106,6929
1597.469,2107,6930
1597.494,2108,6931
1597.596,2109,6932
1597.704,2110,6933
1597.724,2111,6934
1597.832,2112,6934
1597.992,2113,6934
1598.035,2114,6934
1598.169,2115,6935
1598.394,2116,6935
1598.69,2117,6935
1599.24,2118,6938
1599.261,2119,6939
1599.316,2120,6939
1599.694,2121,6944
1599.722,2122,6944
1599.863,2123,6945
1599.926,2124,6945
1600.175,2125,6945
1600.424,2126,6946
1600.444,2127,6947
1600.534,2128,6948
1600.652,2129,6948
1600.709,2130,6948
1601.123,2131,6948
1601.769,2132,6948
1601.923,2133,6948
1601.943,2134,6949
1602.077,2135,6954
1602.435,2136,6954
1603.052,2137,6955
1603.435,2138,6955
1604.205,2139,6956
1604.823,2140,6956
1605.355,2141,6957
1605.396,2142,6957
1606.101,2143,6958
1606.293,2144,6959
1606.409,2145,6963
1606.645,2146,6970
1606.776,2147,6971
1607.849,2148,6975
1608.239,2149,6977
1609.563,2150,6977
1610.893,2151,6977
1611.09,2152,6977
1611.114,2153,6985
1612.39,2154,6986
1612.41,2155,6986
1612.43,2156,6986
1612.451,2157,6986
1613.114,2158,6987
1613.134,2159,6987
1613.155,2160,6987
1613.197,2161,6987
1613.438,2162,6988
1613.518,2163,6989
1613.714,2164,6990
1613.809,2165,6991
1614.174,2166,6991
1614.197,2167,6991
1616.332,2168,6991
1616.425,2169,6991
1616.45,2170,6991
1616.561,2171,6991
1616.584,2172,6991
1616.843,2173,6991
1617.075,2174,6992
1617.319,2175,6992
1618.667,2176,6993
1618.739,2177,6994
1618.919,2178,6995
1619.003,2179,6996
1619.967,2180,6996
1620.039,2181,6996
1621.631,2182,6997
1621.669,2183,6998
1622.207,2184,6998
1622.618,2185,7000
1622.673,2186,7000
1623.588,2187,7000
1623.644,2188,7001
1623.703,2189,7002
1626.532,2190,7002
1628.275,2191,7005
1630.879,2192,7005
1631.457,2193,7005
1631.478,2194,7006
1631.656,2195,7007
1632.294,2196,7008
1632.317,2197,7008
1632.362,2198,7010
1632.976,2199,7011
1634.17,2200,7012
1634.194,2201,7012
1634.217,2202,7013
1634.249,2203,7013
1634.273,2204,7014
1634.41,2205,7016
1634.431,2206,7017
1634.532,2207,7017
1635.213,2208,7018
1636.352,2209,7019
1640.975,2210,7028
1642.304,2211,7028
1645.359,2212,7028
1646.811,2213,7029
1647.492,2214,7029
1647.662,2215,7031
1652.305,2216,7031
1653.28,2217,7031
1654.433,2218,7035
1654.672,2219,7035
1658.738,2220,7035
1658.781,2221,7035
1659.411,2222,7035
1659.475,2223,7035
1659.526,2224,7035
1659.619,2225,7035
1659.826,2226,7035
1664.059,2227,7035
1690.134,2228,7036
1690.203,2229,7036
1690.421,2230,7036
1702.037,2231,7036
1702.212,2232,7036
1702.501,2233,7036
1702.682,2234,7036
1702.725,2235,7036
1703.063,2236,7036
1703.138,2237,7036
1703.322,2238,7036
1703.432,2239,7036
1704.216,2240,7036
1704.255,2241,7036
1704.408,2242,7036
1704.48,2243,7036
1705.069,2244,7036
1705.279,2245,7036
1705.362,2246,7036
1705.844,2247,7036
1707.501,2248,7036
1707.546,2249,7037
1708.132,2250,7037
1708.802,2251,7038
1709.242,2252,7038
1710.302,2253,7038
1710.358,2254,7038
1710.566,2255,7038
1710.72,2256,7038
1710.829,2257,7038
1710.938,2258,7038
1714.849,2259,7039
1715.312,2260,7039
1715.423,2261,7040
1715.792,2262,7045
1715.945,2263,7045
1716.403,2264,7045
1716.675,2265,7045
1716.78,2266,7045
1717.259,2267,7045
1717.456,2268,7045
1717.669,2269,7046
1718.278,2270,7046
1718.326,2271,7046
1718.736,2272,7046
1718.97,2273,7046
1719.817,2274,7048
1720.151,2275,7048
1720.691,2276,7048
1721.341,2277,7050
1722.223,2278,7051
1722.259,2279,7056
1722.575,2280,7057
1723.247,2281,7057
1723.579,2282,7057
1724.022,2283,7057
1724.059,2284,7057
1724.272,2285,7057
1724.473,2286,7057
1725.832,2287,7058
1726.404,2288,7059
1727.34,2289,7059
1727.794,2290,7059
1728.08,2291,7059
1728.395,2292,7059
1730.407,2293,7059
1732.524,2294,7059
1732.577,2295,7059
1732.801,2296,7059
1733.517,2297,7060
1734.984,2298,7077
1735.257,2299,7078
1735.922,2300,7078
1736.456,2301,7078
1737.354,2302,7078
1737.402,2303,7078
1737.563,2304,7078
1738.049,2305,7078
1738.671,2306,7078
1740.646,2307,7078
1743.812,2308,7078
1744.49,2309,7089
1746.423,2310,7089
1746.467,2311,7090
1749.414,2312,7091
1750.0,2313,7091
1750.281,2314,7091
1753.966,2315,7091
1754.407,2316,7093
1756.27,2317,7093
1761.751,2318,7093
1763.969,2319,7093
1764.854,2320,7093
1765.005,2321,7098
1765.478,2322,7099
1765.892,2323,7101
1766.761,2324,7101
1767.213,2325,7102
1767.642,2326,7102
1768.989,2327,7102
1769.19,2328,7102
1769.41,2329,7102
1771.721,2330,7103
1772.054,2331,7110
1772.993,2332,7110
1774.521,2333,7110
1775.247,2334,7110
1776.988,2335,7111
1777.17,2336,7111
1779.354,2337,7111
1782.145,2338,7111
1785.101,2339,7111
1788.071,2340,7111
1788.653,2341,7111
1788.728,2342,7111
1790.344,2343,7151
1791.501,2344,7151
1791.536,2345,7151
1793.312,2346,7151
1793.639,2347,7152
1793.748,2348,7152
1796.459,2349,7152
1799.709,2350,7152
1800.283,2351,7152
1803.032,2352,7153
1803.871,2353,7153
1807.782,2354,7154
1809.106,2355,7154
1809.214,2356,7154
1810.644,2357,7154
1811.411,2358,7154
1811.769,2359,7154
1827.649,2360,7155
1839.437,2361,7156
1848.52,2362,7156
1848.932,2363,7156
1849.938,2364,7156
1860.053,2365,7156
1860.207,2366,7156
1860.286,2367,7159
1860.586,2368,7159
1860.654,2369,7159
1860.737,2370,7159
1865.384,2371,7159
1865.658,2372,7160
1871.414,2373,7160
1872.039,2374,7160
1872.599,2375,7160
1873.328,2376,7160
1873.35,2377,7160
1873.366,2378,7160
1873.49,2379,7160
1873.658,2380,7160
1873.711,2381,7160
1874.877,2382,7160
1874.979,2383,7161
1876.866,2384,7161
1880.652,2385,7161
1881.189,2386,7161
1881.368,2387,7161
1881.703,2388,7161
1881.852,2389,7161
1883.626,2390,7162
1885.551,2391,7162
1885.794,2392,7162
1887.325,2393,7162
1888.711,2394,7162
1895.681,2395,7163
1896.122,2396,7163
1896.474,2397,7165
1900.419,2398,7165
1900.761,2399,7165
1903.273,2400,7166
1904.613,2401,7166
1907.938,2402,7166
1908.167,2403,7166
1910.317,2404,7166
1913.275,2405,7166
1923.762,2406,7166
1923.78,2407,7166
1923.804,2408,7167
1923.841,2409,7167
1924.866,2410,7167
1925.367,2411,7168
1925.844,2412,7168
1926.344,2413,7168
1926.469,2414,7168
1927.965,2415,7169
1928.192,2416,7169
1928.559,2417,7169
1930.367,2418,7169
1930.439,2419,7169
1930.933,2420,7169
1932.383,2421,7169
1942.877,2422,7171
1944.418,2423,7171
1945.892,2424,7171
1947.765,2425,7172
1950.222,2426,7172
1951.427,2427,7173
1955.742,2428,7173
1955.971,2429,7173
1956.27,2430,7173
1968.871,2431,7174
1969.261,2432,7174
1969.618,2433,7174
1969.641,2434,7174
1969.885,2435,7174
1970.296,2436,7174
1970.57,2437,7174
1972.07,2438,7175
1972.767,2439,7175
1973.184,2440,7175
1978.799,2441,7176
1979.837,2442,7176
1980.119,2443,7176
1982.468,2444,7189
1988.903,2445,7189
1991.995,2446,7190
1992.818,2447,7190
1997.526,2448,7190
2013.407,2449,7191
2013.452,2450,7191
2013.493,2451,7191
2013.533,2452,7192
2013.608,2453,7193
2013.659,2454,7194
2013.8,2455,7194
2013.887,2456,7206
2014.922,2457,7206
2014.959,2458,7206
2016.916,2459,7206
2018.623,2460,7206
2023.929,2461,7206
2024.275,2462,7206
2024.578,2463,7206
2025.186,2464,7206
2025.319,2465,7206
2028.556,2466,7206
2030.617,2467,7206
2030.669,2468,7206
2030.724,2469,7206
2032.346,2470,7206
2033.804,2471,7206
2034.35,2472,7206
2038.617,2473,7208
2039.084,2474,7209
2044.496,2475,7209
2045.255,2476,7210
2046.147,2477,7210
2048.208,2478,7210
2048.759,2479,7211
2052.342,2480,7211
2054.488,2481,7211
2055.622,2482,7211
2055.905,2483,7212
2091.143,2484,7212
2091.258,2485,7212
2091.4,2486,7212
2092.37,2487,7212
2092.476,2488,7212
2092.499,2489,7212
2092.564,2490,7212
2095.25,2491,7212
2110.937,2492,7212
2111.693,2493,7212
2129.1,2494,7212
2158.184,2495,7212
2158.39,2496,7212
2159.638,2497,7212
2159.714,2498,7212
2160.059,2499,7214
2160.236,2500,7214
2160.77,2501,7214
2161.235,2502,7215
2161.813,2503,7215
2161.906,2504,7215
2162.16,2505,7215
2162.722,2506,7215
2163.475,2507,7216
2163.699,2508,7217
2164.06,2509,7218
2164.417,2510,7219
2165.562,2511,7219
2165.975,2512,7219
2166.203,2513,7219
2166.397,2514,7220
2166.769,2515,7220
2167.284,2516,7221
2167.762,2517,7221
2167.835,2518,7221
2168.336,2519,7221
2169.548,2520,7221
2171.969,2521,7227
2174.259,2522,7227
2174.632,2523,7256
2178.142,2524,7257
2178.812,2525,7260
2178.848,2526,7260
2179.301,2527,7260
2180.967,2528,7260
2182.188,2529,7260
2182.804,2530,7262
2183.445,2531,7263
2185.499,2532,7263
2185.529,2533,7263
2186.592,2534,7264
2186.701,2535,7267
2186.921,2536,7267
2186.985,2537,7267
2187.066,2538,7267
2187.448,2539,7270
2189.364,2540,7270
2190.304,2541,7270
2191.057,2542,7275
2212.515,2543,7275
2260.578,2544,7277
2260.594,2545,7281
2260.61,2546,7282
2260.642,2547,7282
2260.661,2548,7284
2263.218,2549,7284
2263.735,2550,7284
2268.091,2551,7284
2282.089,2552,7284
2284.611,2553,7284
2300.818,2554,7284
2308.11,2555,7284
2322.859,2556,7284
2322.92,2557,7284
2323.661,2558,7285
2339.969,2559,7285
2340.082,2560,7285
2340.957,2561,7286
2350.961,2562,7286
2351.455,2563,7287
2353.334,2564,7287
2353.358,2565,7287
2353.384,2566,7287
2353.409,2567,7287
2353.68,2568,7287
2353.697,2569,7287
2353.98,2570,7287
2354.001,2571,7287
2354.396,2572,7287
2355.641,2573,7287
2357.022,2574,7287
2358.426,2575,7287
2359.589,2576,7287
2360.425,2577,7287
2369.438,2578,7287
2380.584,2579,7287
2382.715,2580,7287
2382.758,2581,7287
2385.674,2582,7287
2389.86,2583,7287
2389.969,2584,7287
2389.982,2585,7287
2390.971,2586,7287
2391.049,2587,7287
2391.192,2588,7287
2391.349,2589,7288
2391.367,2590,7289
2391.383,2591,7304
2391.468,2592,7304
2391.578,2593,7305
2391.85,2594,7305
2391.863,2595,7314
2391.876,2596,7315
2392.27,2597,7318
2392.617,2598,7325
2392.916,2599,7325
2393.745,2600,7325
2393.924,2601,7325
2394.409,2602,7325
2397.701,2603,7325
2397.811,2604,7325
2397.828,2605,7325
2398.212,2606,7325
2398.826,2607,7325
2399.198,2608,7327
2401.033,2609,7327
2401.135,2610,7327
2402.086,2611,7327
2402.322,2612,7327
2403.049,2613,7327
2403.15,2614,7328
2404.021,2615,7330
2404.095,2616,7330
2406.356,2617,7330
2409.277,2618,7330
2412.707,2619,7331
2415.938,2620,7332
2417.135,2621,7332
2417.539,2622,7333
2419.072,2623,7334
2419.528,2624,7335
2422.55,2625,7335
2438.809,2626,7335
2438.843,2627,7335
2439.21,2628,7335
2439.719,2629,7335
2440.166,2630,7335
2440.322,2631,7335
2440.47,2632,7335
2441.803,2633,7335
2441.837,2634,7335
2445.051,2635,7335
2446.868,2636,7335
2449.027,2637,7335
2451.454,2638,7335
2456.762,2639,7335
2475.889,2640,7335
2482.029,2641,7335
2494.541,2642,7335
2498.39,2643,7335
2514.081,2644,7335
2514.227,2645,7335
2514.299,2646,7335
2526.11,2647,7335
2526.267,2648,7335
2526.31,2649,7335
2550.998,2650,7335
2558.625,2651,7335
2562.287,2652,7335
2565.928,2653,7336
2568.6,2654,7336
2569.093,2655,7336
2570.298,2656,7337
2574.862,2657,7338
2574.9,2658,7339
2577.291,2659,7339
2588.653,2660,7339
2588.791,2661,7339
2588.876,2662,7339
2589.359,2663,7339
2589.785,2664,7339
2589.948,2665,7339
2590.141,2666,7339
2591.196,2667,7339
2592.955,2668,7339
2602.232,2669,7339
2627.078,2670,7339
2629.435,2671,7339
2629.543,2672,7339
2629.652,2673,7339
2630.545,2674,7339
2630.734,2675,7339
2635.725,2676,7339
2646.567,2677,7342
2651.827,2678,7342
2651.988,2679,7342
2652.033,2680,7342
2663.672,2681,7342
2663.832,2682,7342
2664.554,2683,7342
2678.032,2684,7342
2678.193,2685,7342
2678.237,2686,7342
2688.048,2687,7342
2689.166,2688,7342
2690.084,2689,7347
2690.917,2690,7347
2690.997,2691,7347
2691.508,2692,7348
2691.84,2693,7348
2692.267,2694,7348
2692.932,2695,7352
2694.134,2696,7352
2694.377,2697,7352
2695.555,2698,7353
2700.767,2699,7357
2704.447,2700,7357
2706.676,2701,7357
2710.669,2702,7357
2712.41,2703,7357
2712.53,2704,7358
2714.691,2705,7363
2715.9,2706,7363
2716.529,2707,7364
2720.363,2708,7364
2736.767,2709,7364
2738.064,2710,7364
2738.319,2711,7380
2741.385,2712,7396
2742.869,2713,7396
2744.453,2714,7396
2749.525,2715,7401
2749.875,2716,7401
2750.12,2717,7402
2750.183,2718,7404
2750.586,2719,7404
2750.627,2720,7407
2751.171,2721,7407
2751.315,2722,7411
2751.335,2723,7413
2751.356,2724,7413
2751.381,2725,7416
2751.401,2726,7418
2751.439,2727,7428
2751.462,2728,7433
2751.492,2729,7435
2755.366,2730,7435
2756.613,2731,7436
2756.697,2732,7438
2757.664,2733,7438
2758.07,2734,7438
2758.756,2735,7438
2759.212,2736,7438
2763.799,2737,7438
2764.157,2738,7438
2764.684,2739,7444
2765.839,2740,7444
2765.907,2741,7444
2766.435,2742,7444
2767.84,2743,7446
2770.298,2744,7446
2772.066,2745,7446
2776.17,2746,7446
2776.792,2747,7447
2777.218,2748,7447
2777.363,2749,7447
2777.537,2750,7447
2777.858,2751,7448
2778.853,2752,7448
2782.099,2753,7448
2782.458,2754,7448
2782.487,2755,7448
2782.63,2756,7453
2782.783,2757,7453
2784.178,2758,7455
2788.883,2759,7455
2789.906,2760,7456
2790.285,2761,7456
2792.793,2762,7456
2793.171,2763,7456
2794.938,2764,7456
2795.708,2765,7456
2796.384,2766,7456
2797.02,2767,7456
2799.013,2768,7456
2800.311,2769,7458
2801.799,2770,7461
2805.261,2771,7462
2805.788,2772,7462
2810.121,2773,7462
2810.542,2774,7462
2811.401,2775,7462
2811.482,2776,7463
2811.975,2777,7465
2817.162,2778,7465
2817.774,2779,7465
2819.318,2780,7465
2819.65,2781,7467
2820.927,2782,7467
2822.218,2783,7476
2823.611,2784,7476
2823.788,2785,7476
2824.316,2786,7476
2825.937,2787,7476
2826.872,2788,7476
2829.196,2789,7478
2830.554,2790,7478
2832.612,2791,7478
2833.025,2792,7478
2837.786,2793,7478
2838.055,2794,7479
2841.789,2795,7479
2844.034,2796,7479
2846.608,2797,7482
2846.767,2798,7486
2847.736,2799,7488
2848.615,2800,7488
2849.995,2801,7488
2850.321,2802,7488
2852.37,2803,7488
2853.184,2804,7489
2853.238,2805,7489
2853.913,2806,7491
2858.59,2807,7499
2858.982,2808,7499
2859.367,2809,7501
2861.027,2810,7501
2861.747,2811,7501
2862.645,2812,7502
2864.483,2813,7502
2866.638,2814,7502
2867.302,2815,7503
2867.886,2816,7504
2868.58,2817,7504
2871.166,2818,7504
2871.683,2819,7504
2873.576,2820,7504
2874.466,2821,7504
2875.888,2822,7505
2876.748,2823,7506
2878.091,2824,7506
2911.239,2825,7506
2911.893,2826,7506
2912.213,2827,7506
2913.959,2828,7506
2915.745,2829,7506
2916.184,2830,7508
2917.016,2831,7508
2918.364,2832,7511
2920.615,2833,7511
2920.803,2834,7516
2924.872,2835,7516
2925.301,2836,7516
2926.997,2837,7516
2930.171,2838,7516
2931.168,2839,7516
2940.664,2840,7516
2951.634,2841,7516
2971.707,2842,7516
2972.076,2843,7517
2978.068,2844,7517
2982.616,2845,7517
2982.777,2846,7517
3004.696,2847,7517
3006.857,2848,7517
3007.254,2849,7517
3008.561,2850,7517
3008.887,2851,7518
3009.456,2852,7518
3009.768,2853,7518
3010.273,2854,7518
3011.956,2855,7518
3012.44,2856,7519
3013.432,2857,7530
3014.902,2858,7530
3015.431,2859,7530
3015.603,2860,7530
3015.747,2861,7531
3019.786,2862,7553
3021.72,2863,7553
3022.004,2864,7553
3022.29,2865,7553
3023.097,2866,7553
3023.408,2867,7553
3023.547,2868,7553
3024.496,2869,7555
3026.204,2870,7555
3026.23,2871,7557
3027.784,2872,7558
3030.724,2873,7561
3030.861,2874,7561
3031.011,2875,7563
3036.568,2876,7564
3041.731,2877,7564
3058.157,2878,7564
3058.318,2879,7564
3061.005,2880,7564
3061.499,2881,7565
3061.832,2882,7565
3062.006,2883,7574
3062.288,2884,7575
3065.032,2885,7575
3065.075,2886,7575
3079.393,2887,7575
3080.133,2888,7575
3080.165,2889,7575
3094.225,2890,7575
3094.621,2891,7576
3095.759,2892,7576
3095.797,2893,7576
3099.362,2894,7576
3099.633,2895,7576
3102.648,2896,7577
3105.214,2897,7577
3105.369,2898,7577
3112.877,2899,7577
3115.692,2900,7577
3117.233,2901,7577
3118.846,2902,7577
3121.539,2903,7578
3122.162,2904,7578
3127.392,2905,7578
3150.672,2906,7579
3151.088,2907,7579
3152.089,2908,7579
3152.372,2909,7579
3152.571,2910,7579
3153.706,2911,7579
3155.021,2912,7579
3155.068,2913,7579
3156.643,2914,7579
3160.042,2915,7593
3161.628,2916,7594
3162.495,2917,7594
3163.45,2918,7594
3165.045,2919,7594
3165.22,2920,7594
3166.127,2921,7594
3166.266,2922,7594
3167.405,2923,7594
3170.238,2924,7594
3177.21,2925,7595
3178.732,2926,7595
3180.265,2927,7595
3180.656,2928,7595
3182.626,2929,7597
3183.287,2930,7597
3184.032,2931,7597
3185.342,2932,7597
3186.634,2933,7598
3198.261,2934,7598
3200.584,2935,7598
3209.737,2936,7599
3210.426,2937,7599
3227.402,2938,7599
3227.9,2939,7599
3236.678,2940,7599
3237.154,2941,7599
3250.425,2942,7599
3260.056,2943,7599
3270.219,2944,7599
3287.431,2945,7599
3287.509,2946,7603
3288.464,2947,7603
3300.914,2948,7603
3301.106,2949,7603
3301.422,2950,7603
3302.259,2951,7603
3302.313,2952,7603
3317.768,2953,7603
3318.014,2954,7603
3318.058,2955,7603
3319.566,2956,7604
3325.108,2957,7604
3327.794,2958,7605
3328.272,2959,7606
3341.469,2960,7608
3341.485,2961,7608
3341.591,2962,7608
3341.708,2963,7608
3341.769,2964,7608
3341.781,2965,7608
3341.97,2966,7608
3342.045,2967,7608
3342.119,2968,7609
3342.247,2969,7612
3342.484,2970,7618
3344.832,2971,7618
3345.002,2972,7619
3345.052,2973,7619
3345.141,2974,7619
3345.384,2975,7631
3345.68,2976,7632
3345.805,2977,7632
3347.002,2978,7633
3348.014,2979,7634
3348.171,2980,7634
3348.281,2981,7634
3348.363,2982,7634
3349.343,2983,7637
3350.329,2984,7638
3350.399,2985,7638
3350.702,2986,7638
3350.894,2987,7638
3350.967,2988,7638
3351.074,2989,7649
3352.406,2990,7654
3352.798,2991,7655
3353.04,2992,7656
3353.799,2993,7656
3354.127,2994,7656
3354.36,2995,7656
3355.099,2996,7656
3355.965,2997,7656
3356.027,2998,7657
3356.247,2999,7662
3356.415,3000,7662
3357.058,3001,7663
3357.636,3002,7663
3357.965,3003,7664
3358.901,3004,7673
3359.927,3005,7673
3361.47,3006,7674
3361.752,3007,7674
3365.147,3008,7674
3366.668,3009,7675
3366.886,3010,7675
3368.044,3011,7675
3368.784,3012,7675
3369.39,3013,7676
3369.47,3014,7676
3371.019,3015,7676
3372.259,3016,7676
3372.389,3017,7676
3372.445,3018,7679
3372.814,3019,7679
3374.298,3020,7679
3375.264,3021,7680
3375.545,3022,7681
3375.589,3023,7681
3375.736,3024,7686
3375.913,3025,7686
3376.081,3026,7686
3376.353,3027,7687
3376.505,3028,7687
3377.243,3029,7691
3377.624,3030,7697
3377.824,3031,7697
3378.128,3032,7702
3378.629,3033,7709
3378.809,3034,7711
3379.747,3035,7711
3379.766,3036,7711
3380.4,3037,7711
3382.044,3038,7715
3382.093,3039,7716
3382.455,3040,7718
3382.723,3041,7719
3383.371,3042,7719
3383.639,3043,7722
3384.281,3044,7722
3387.251,3045,7723
3388.267,3046,7725
3388.502,3047,7725
3389.614,3048,7725
3390.577,3049,7728
3391.121,3050,7729
3392.342,3051,7730
3392.599,3052,7731
3395.179,3053,7731
3396.484,3054,7732
3396.712,3055,7735
3397.46,3056,7736
3397.537,3057,7736
3398.536,3058,7736
3403.449,3059,7737
3410.162,3060,7737
3410.263,3061,7737
3411.29,3062,7737
3420.951,3063,7738
3425.667,3064,7738
3432.979,3065,7751
3433.194,3066,7774
3433.218,3067,7780
3433.248,3068,7786
3433.283,3069,7786
3433.312,3070,7792
3433.333,3071,7794
3434.458,3072,7803
3436.949,3073,7803
3439.984,3074,7803
3443.67,3075,7810
3444.785,3076,7853
3445.195,3077,7853
3447.029,3078,7853
3450.814,3079,7854
3453.779,3080,7857
3454.668,3081,7857
3456.033,3082,7857
3458.591,3083,7857
3459.483,3084,7857
3459.558,3085,7857
3461.002,3086,7860
3461.93,3087,7860
3464.199,3088,7860
3468.57,3089,7863
3471.88,3090,7863
3472.821,3091,7863
3475.067,3092,7863
3478.531,3093,7864
3481.078,3094,7864
3487.999,3095,7865
3489.628,3096,7865
3489.765,3097,7865
3491.287,3098,7865
3492.141,3099,7865
3492.723,3100,7866
3492.918,3101,7869
3493.136,3102,7876
3494.317,3103,7878
3494.506,3104,7878
3498.178,3105,7878
3498.587,3106,7878
3507.759,3107,7878
3509.949,3108,7878
3511.881,3109,7889
3513.771,3110,7890
3514.963,3111,7890
3516.942,3112,7890
3523.013,3113,7890
3528.18,3114,7900
3529.058,3115,7900
3531.302,3116,7906
3533.233,3117,7906
3534.327,3118,7906
3540.356,3119,7906
3543.572,3120,7907
3545.16,3121,7907
3549.837,3122,7907
3550.104,3123,7907
3559.745,3124,7907
3564.062,3125,7907
3564.288,3126,7907
3565.465,3127,7907
3565.552,3128,7907
3565.632,3129,7907
3565.818,3130,7907
3566.107,3131,7907
3566.44,3132,7907
3566.798,3133,7907
3568.046,3134,7907
3568.959,3135,7908
3573.228,3136,7908
3573.992,3137,7910
3575.17,3138,7911
3575.679,3139,7911
3576.858,3140,7911
3581.118,3141,7911
3583.511,3142,7911
3583.838,3143,7912
3587.204,3144,7912
3587.256,3145,7912
3589.041,3146,7914
3591.493,3147,7914
3593.684,3148,7914
3594.268,3149,7914
3594.952,3150,7914
3595.187,3151,7914
3599.776,3152,7914
3601.576,3153,7914
3601.865,3154,7914
3602.112,3155,7914
3613.326,3156,7914
3613.404,3157,7914
3613.45,3158,7914
3613.771,3159,7914
3614.136,3160,7914
3614.519,3161,7915
3615.252,3162,7915
3615.268,3163,7915
3615.298,3164,7915
3615.366,3165,7917
3615.427,3166,7917
3615.482,3167,7917
3615.524,3168,7917
3615.555,3169,7917
3615.709,3170,7917
3615.871,3171,7917
3615.92,3172,7917
3615.964,3173,7917
3616.003,3174,7917
3616.637,3175,7917
3616.687,3176,7917
3616.785,3177,7917
3616.878,3178,7917
3617.098,3179,7917
3617.4,3180,7917
3617.427,3181,7917
3618.234,3182,7917
3618.538,3183,7918
3618.616,3184,7919
3618.991,3185,7919
3619.014,3186,7919
3622.105,3187,7919
3622.213,3188,7919
3623.535,3189,7919
3623.83,3190,7919
3624.181,3191,7919
3628.907,3192,7919
3629.121,3193,7919
3629.236,3194,7919
3629.849,3195,7919
3631.531,3196,7919
3633.422,3197,7919
3638.859,3198,7919
3688.067,3199,7919
3724.531,3200,7919
3725.478,3201,7919
3746.901,3202,7920
3754.875,3203,7921
3814.841,3204,7921
3859.781,3205,7921
3860.064,3206,7921
3861.614,3207,7921
3861.824,3208,7921
3862.487,3209,7921
3863.955,3210,7921
3865.43,3211,7921
3865.887,3212,7921
3871.424,3213,7921
3873.043,3214,7921
3874.881,3215,7921
3876.102,3216,7921
3883.81,3217,7921
3899.542,3218,7921
3910.018,3219,7921
3910.21,3220,7921
3915.15,3221,7921
3925.201,3222,7921
3927.816,3223,7921
3928.087,3224,7921
3942.43,3225,7923
3942.485,3226,7923
3944.292,3227,7923
3944.368,3228,7923
3944.545,3229,7923
3944.878,3230,7923
3944.978,3231,7923
3945.129,3232,7923
3945.476,3233,7923
3945.641,3234,7923
3945.757,3235,7923
3945.945,3236,7923
3948.324,3237,7923
3948.552,3238,7924
3948.614,3239,7924
3949.439,3240,7924
3949.726,3241,7924
3949.981,3242,7924
3950.258,3243,7924
3950.882,3244,7924
3952.795,3245,7924
3953.114,3246,7925
3953.753,3247,7925
3953.828,3248,7925
3959.142,3249,7926
3960.214,3250,7926
3961.463,3251,7927
3961.891,3252,7927
3962.591,3253,7927
3963.732,3254,7927
3964.158,3255,7927
3968.524,3256,7927
3971.371,3257,7927
3971.476,3258,7927
3974.213,3259,7929
3999.57,3260,7930
4000.026,3261,7930
4000.427,3262,7931
4005.267,3263,7931
4005.973,3264,7931
4006.076,3265,7931
4006.993,3266,7931
4011.192,3267,7931
4011.348,3268,7931
4011.4,3269,7931
4013.62,3270,7931
4022.205,3271,7931
4022.522,3272,7931
4023.086,3273,7931
4023.239,3274,7931
4024.091,3275,7931
4024.238,3276,7932
4029.471,3277,7939
4029.715,3278,7939
4031.765,3279,7942
4035.685,3280,7955
4037.079,3281,7955
4045.313,3282,7955
4045.542,3283,7955
4069.053,3284,7955
4069.082,3285,7956
4069.448,3286,7956
4069.596,3287,7957
4069.708,3288,7957
4069.84,3289,7957
4071.034,3290,7958
4073.632,3291,7959
4074.748,3292,7961
4074.834,3293,7962
4075.839,3294,7962
4076.497,3295,7962
4077.213,3296,7962
4077.704,3297,7963
4078.887,3298,7963
4078.959,3299,7963
4085.101,3300,7963
4085.154,3301,7963
4085.358,3302,7965
4090.603,3303,7965
4091.715,3304,7966
4093.246,3305,7967
4094.178,3306,7967
4099.715,3307,7968
4102.927,3308,7969
4103.512,3309,7971
4103.801,3310,7971
4103.911,3311,7973
4104.084,3312,7974
4104.289,3313,7974
4104.946,3314,7975
4105.361,3315,7975
4105.596,3316,7975
4106.961,3317,7975
4107.626,3318,7975
4107.855,3319,7980
4108.885,3320,7983
4109.412,3321,7986
4109.981,3322,7988
4110.376,3323,7989
4110.433,3324,7991
4113.719,3325,7996
4114.75,3326,7997
4115.983,3327,7999
4116.086,3328,8002
4119.814,3329,8004
4120.655,3330,8004
4121.993,3331,8004
4124.129,3332,8005
4124.691,3333,8005
4127.234,3334,8006
4128.438,3335,8006
4129.397,3336,8009
4130.42,3337,8010
4132.188,3338,8010
4136.247,3339,8010
4151.261,3340,8011
4151.442,3341,8011
4162.519,3342,8011
4162.907,3343,8013
4163.323,3344,8014
4165.101,3345,8014
4197.987,3346,8014
4198.254,3347,8014
4198.333,3348,8014
4199.229,3349,8014
4199.413,3350,8014
4200.012,3351,8014
4200.431,3352,8014
4202.09,3353,8014
4204.362,3354,8014
4204.729,3355,8014
4208.316,3356,8014
4209.916,3357,8014
4210.657,3358,8014
4210.669,3359,8014
4210.834,3360,8014
4216.162,3361,8014
4216.845,3362,8014
4220.227,3363,8014
4221.984,3364,8014
4223.029,3365,8015
4226.076,3366,8015
4234.606,3367,8015
4234.62,3368,8015
4234.825,3369,8015
4234.876,3370,8015
4234.938,3371,8015
4235.16,3372,8015
4235.37,3373,8015
4235.394,3374,8015
4235.796,3375,8015
4235.811,3376,8015
4236.131,3377,8015
4236.404,3378,8015
4236.542,3379,8015
4236.929,3380,8016
4236.968,3381,8016
4237.242,3382,8016
4238.423,3383,8016
4240.856,3384,8016
4242.355,3385,8016
4242.588,3386,8016
4242.633,3387,8016
4242.708,3388,8016
4243.318,3389,8016
4244.328,3390,8016
4252.809,3391,8027
4261.594,3392,8028
4275.035,3393,8028
4279.869,3394,8029
4287.025,3395,8030
4295.383,3396,8030
4347.771,3397,8030
4348.134,3398,8030
4385.554,3399,8030
4388.583,3400,8030
4410.268,3401,8030
4442.128,3402,8030
4442.22,3403,8031
4442.631,3404,8031
4443.822,3405,8032
4445.013,3406,8032
4446.695,3407,8033
4447.476,3408,8033
4448.475,3409,8034
4449.092,3410,8035
4450.403,3411,8036
4451.406,3412,8036
4452.821,3413,8039
4452.918,3414,8039
4454.272,3415,8039
4456.965,3416,8039
4457.522,3417,8042
4458.257,3418,8042
4463.556,3419,8042
4470.179,3420,8044
4470.87,3421,8048
4556.796,3422,8048
4574.353,3423,8048
4611.291,3424,8048
4620.533,3425,8048
4620.58,3426,8048
4620.607,3427,8048
4620.638,3428,8048
4622.106,3429,8048
4622.519,3430,8048
4626.045,3431,8054
4628.886,3432,8056
4630.467,3433,8058
4632.342,3434,8058
4634.233,3435,8058
4635.054,3436,8059
4636.578,3437,8064
4637.385,3438,8064
4638.726,3439,8064
4639.763,3440,8064
4640.531,3441,8064
4641.435,3442,8064
4642.566,3443,8064
4644.272,3444,8064
4644.401,3445,8064
4647.955,3446,8064
4648.395,3447,8064
4650.136,3448,8065
4651.37,3449,8066
4652.839,3450,8066
4656.461,3451,8066
4664.491,3452,8066
4666.807,3453,8068
4667.07,3454,8068
4669.418,3455,8068
4672.208,3456,8068
4673.235,3457,8069
4676.469,3458,8069
4678.574,3459,8069
4679.226,3460,8071
4679.405,3461,8071
4679.542,3462,8071
4680.054,3463,8071
4680.432,3464,8071
4682.153,3465,8074
4684.603,3466,8074
4688.128,3467,8074
4688.839,3468,8081
4691.224,3469,8081
4691.335,3470,8087
4693.981,3471,8093
4696.072,3472,8094
4698.392,3473,8094
4701.377,3474,8094
4702.358,3475,8094
4702.562,3476,8094
4704.843,3477,8094
4709.639,3478,8095
4711.884,3479,8095
4712.039,3480,8095
4712.746,3481,8095
4713.809,3482,8096
4714.792,3483,8096
4725.193,3484,8096
4726.244,3485,8096
4729.11,3486,8096
4729.383,3487,8096
4730.745,3488,8096
4734.099,3489,8096
4735.558,3490,8100
4742.197,3491,8100
4742.955,3492,8100
4743.193,3493,8101
4743.548,3494,8101
4745.502,3495,8101
4745.591,3496,8103
4790.731,3497,8103
4831.049,3498,8103
4831.12,3499,8103
4831.165,3500,8103
4831.449,3501,8103
4831.629,3502,8103
4879.475,3503,8103
4879.573,3504,8103
4879.627,3505,8104
4879.956,3506,8106
4880.262,3507,8106
4880.276,3508,8106
4880.293,3509,8108
4880.533,3510,8109
4880.699,3511,8109
4880.932,3512,8121
4880.977,3513,8121
4881.229,3514,8121
4881.637,3515,8122
4882.081,3516,8123
4883.898,3517,8124
4884.755,3518,8124
4885.324,3519,8125
4885.555,3520,8125
4886.991,3521,8126
4887.016,3522,8126
4888.678,3523,8126
4888.751,3524,8126
4889.681,3525,8126
4889.903,3526,8127
4890.124,3527,8127
4890.524,3528,8127
4890.56,3529,8127
4892.308,3530,8127
4894.202,3531,8127
4895.464,3532,8127
4895.483,3533,8127
4895.971,3534,8128
4896.748,3535,8128
4898.618,3536,8128
4900.649,3537,8128
4901.398,3538,8128
4902.758,3539,8128
4903.562,3540,8128
4903.588,3541,8128
4906.453,3542,8128
4908.734,3543,8128
4933.246,3544,8130
4933.41,3545,8131
4933.575,3546,8132
4940.793,3547,8132
4940.899,3548,8132
4941.358,3549,8132
4941.435,3550,8132
4941.626,3551,8132
4942.04,3552,8132
4942.496,3553,8133
4942.915,3554,8133
4943.361,3555,8133
4943.827,3556,8133
4944.013,3557,8133
4944.765,3558,8133
4945.134,3559,8133
4945.185,3560,8133
4945.223,3561,8133
4945.294,3562,8134
4946.465,3563,8134
4949.072,3564,8134
4953.506,3565,8134
4955.218,3566,8134
4960.665,3567,8134
4965.13,3568,8135
4965.331,3569,8135
4969.469,3570,8135
4973.67,3571,8135
4976.85,3572,8136
4977.082,3573,8137
4983.116,3574,8138
4983.358,3575,8138
4983.945,3576,8139
4984.612,3577,8140
4997.637,3578,8140
5002.299,3579,8142
5003.257,3580,8144
5007.85,3581,8144
5024.843,3582,8161
5025.334,3583,8161
5037.43,3584,8163
5038.455,3585,8164
5063.033,3586,8165
5066.884,3587,8165
5066.973,3588,8165
5070.247,3589,8167
5071.151,3590,8167
5071.55,3591,8168
5071.849,3592,8171
5076.401,3593,8171
5076.802,3594,8171
5079.15,3595,8172
5079.419,3596,8176
5090.686,3597,8177
5091.494,3598,8178
5092.17,3599,8208
5094.237,3600,8228
5095.138,3601,8228
5096.858,3602,8228
5097.114,3603,8228
5104.656,3604,8268
5116.166,3605,8269
5116.677,3606,8269
5123.676,3607,8269
5127.511,3608,8270
5127.942,3609,8271
5128.055,3610,8273
5135.809,3611,8274
5145.179,3612,8274
5155.565,3613,8274
5159.812,3614,8275
5162.244,3615,8275
5167.271,3616,8275
5168.437,3617,8276
5173.117,3618,8279
5194.68,3619,8280
5198.036,3620,8280
5198.564,3621,8280
5214.641,3622,8280
5224.491,3623,8280
5230.998,3624,8282
5233.957,3625,8282
5252.352,3626,8283
5283.47,3627,8283
5283.957,3628,8285
5284.196,3629,8287
5284.56,3630,8299
5284.655,3631,8300
5285.584,3632,8301
5286.085,3633,8302
5286.117,3634,8306
5286.275,3635,8307
5286.62,3636,8308
5286.696,3637,8310
5288.318,3638,8310
5289.176,3639,8311
5289.4,3640,8313
5289.453,3641,8314
5289.589,3642,8315
5289.692,3643,8315
5290.052,3644,8315
5290.831,3645,8315
5291.326,3646,8316
5291.818,3647,8316
5292.878,3648,8317
5292.972,3649,8317
5293.533,3650,8318
5293.846,3651,8318
5296.51,3652,8318
5296.549,3653,8319
5296.958,3654,8320
5297.089,3655,8328
5297.958,3656,8329
5298.549,3657,8330
5298.582,3658,8331
5299.197,3659,8334
5299.506,3660,8334
5300.811,3661,8335
5300.956,3662,8338
5301.474,3663,8339
5304.983,3664,8340
5306.197,3665,8343
5308.859,3666,8344
5309.116,3667,8345
5310.394,3668,8346
5311.652,3669,8346
5312.29,3670,8347
5313.373,3671,8347
5323.076,3672,8348
5382.764,3673,8349
5389.677,3674,8349
5434.264,3675,8349
5436.895,3676,8350
5442.229,3677,8350
5449.302,3678,8353
5449.496,3679,8356
5449.871,3680,8358
5451.7,3681,8359
5468.929,3682,8359
5469.342,3683,8366
5469.41,3684,8366
5469.618,3685,8366
5481.071,3686,8366
5481.092,3687,8369
5481.143,3688,8375
5481.165,3689,8375
5485.897,3690,8375
5486.271,3691,8375
5486.317,3692,8380
5486.338,3693,8380
5486.368,3694,8380
5486.416,3695,8380
5486.438,3696,8380
5486.461,3697,8380
5486.483,3698,8380
5486.849,3699,8381
5486.89,3700,8381
5486.916,3701,8383
5486.992,3702,8383
5487.352,3703,8384
5487.399,3704,8384
5489.859,3705,8386
5489.889,3706,8387
5490.147,3707,8389
5490.177,3708,8389
5490.22,3709,8391
5490.299,3710,8391
5491.585,3711,8392
5492.535,3712,8395
5509.402,3713,8395
5510.785,3714,8395
5511.055,3715,8395
5513.12,3716,8395
5514.965,3717,8399
5515.335,3718,8399
5517.557,3719,8399
5518.537,3720,8399
5519.109,3721,8399
5522.254,3722,8399
5525.784,3723,8399
5528.034,3724,8399
5530.343,3725,8399
5539.354,3726,8399
5540.541,3727,8399
5540.715,3728,8399
5563.051,3729,8400
5563.086,3730,8405
5588.931,3731,8409
5588.959,3732,8409
5589.015,3733,8410
5590.139,3734,8410
5590.216,3735,8410
5590.273,3736,8411
5590.323,3737,8411
5590.665,3738,8411
5590.716,3739,8414
5590.824,3740,8415
5590.849,3741,8415
5591.103,3742,8416
5591.258,3743,8420
5591.59,3744,8420
5591.618,3745,8420
5592.166,3746,8420
5592.461,3747,8420
5593.29,3748,8421
5593.841,3749,8421
5594.03,3750,8421
5594.18,3751,8427
5594.924,3752,8429
5595.335,3753,8429
5595.831,3754,8438
5596.121,3755,8440
5598.883,3756,8440
5599.561,3757,8440
5600.244,3758,8441
5600.81,3759,8442
5600.969,3760,8446
5601.568,3761,8446
5601.995,3762,8447
5602.172,3763,8447
5603.142,3764,8448
5603.984,3765,8450
5604.3,3766,8450
5606.213,3767,8453
5606.963,3768,8454
5609.523,3769,8454
5609.952,3770,8454
5610.205,3771,8454
5611.276,3772,8454
5611.772,3773,8455
5620.053,3774,8455
5632.627,3775,8455
5635.502,3776,8455
5635.735,3777,8455
5637.812,3778,8455
5648.714,3779,8455
5658.09,3780,8459
5671.214,3781,8459
5671.253,3782,8459
5671.465,3783,8459
5671.748,3784,8459
5672.047,3785,8459
5672.752,3786,8459
5674.073,3787,8459
5675.032,3788,8459
5678.374,3789,8460
5679.174,3790,8460
5679.779,3791,8460
5682.433,3792,8460
5684.924,3793,8460
5686.733,3794,8460
5712.48,3795,8460
5720.417,3796,8460
5725.651,3797,8461
5726.006,3798,8461
5726.45,3799,8462
5726.479,3800,8462
5726.523,3801,8464
5727.057,3802,8465
5727.115,3803,8466
5727.97,3804,8466
5728.628,3805,8466
5730.603,3806,8467
5730.818,3807,8467
5731.501,3808,8468
5731.735,3809,8468
5733.787,3810,8469
5735.589,3811,8469
5735.607,3812,8469
5736.84,3813,8469
5740.257,3814,8469
5740.991,3815,8469
5743.559,3816,8469
5755.604,3817,8469
5761.691,3818,8469
5761.781,3819,8474
5762.323,3820,8474
5770.181,3821,8474
5770.488,3822,8474
5770.5,3823,8474
5770.819,3824,8474
5771.089,3825,8475
5771.507,3826,8476
5771.619,3827,8477
5772.131,3828,8480
5773.256,3829,8484
5775.017,3830,8484
5776.406,3831,8484
5776.439,3832,8484
5780.361,3833,8484
5783.987,3834,8485
5785.014,3835,8485
5787.812,3836,8488
5789.472,3837,8488
5790.477,3838,8488
5791.617,3839,8491
5794.158,3840,8492
5794.39,3841,8492
5795.601,3842,8492
5796.997,3843,8492
5798.364,3844,8493
5806.678,3845,8493
5814.101,3846,8495
5815.655,3847,8496
5816.301,3848,8497
5816.438,3849,8498
5816.777,3850,8499
5818.615,3851,8500
5818.855,3852,8503
5819.004,3853,8503
5819.836,3854,8504
5820.131,3855,8505
5820.365,3856,8506
5821.981,3857,8506
5822.377,3858,8518
5822.614,3859,8518
5825.197,3860,8519
5825.957,3861,8520
5834.71,3862,8520
5836.181,3863,8520
5836.704,3864,8520
5838.214,3865,8522
5838.584,3866,8523
5838.69,3867,8525
5838.869,3868,8527
5841.061,3869,8528
5846.468,3870,8529
5846.538,3871,8529
5853.165,3872,8529
5854.287,3873,8529
5862.607,3874,8529
5862.792,3875,8529
5863.454,3876,8530
5864.215,3877,8530
5868.216,3878,8530
5870.552,3879,8530
5900.112,3880,8530
5900.191,3881,8530
5909.649,3882,8530
5909.677,3883,8530
5942.438,3884,8531
5956.513,3885,8531
5963.053,3886,8531
5963.065,3887,8531
5985.237,3888,8531
5985.398,3889,8536
6004.379,3890,8536
6048.635,3891,8536
6073.94,3892,8536
6091.747,3893,8537
6121.108,3894,8537
6121.532,3895,8537
6121.562,3896,8537
6133.533,3897,8537
6139.043,3898,8537
6139.177,3899,8539
6139.275,3900,8539
6139.618,3901,8539
6140.926,3902,8539
6141.872,3903,8539
6142.702,3904,8539
6143.753,3905,8539
6144.532,3906,8539
6145.068,3907,8539
6145.389,3908,8543
6145.668,3909,8543
6146.949,3910,8543
6148.094,3911,8543
6149.66,3912,8543
6149.794,3913,8543
6160.506,3914,8543
6161.085,3915,8543
6161.849,3916,8543
6162.907,3917,8543
6163.575,3918,8543
6165.54,3919,8543
6166.883,3920,8543
6168.093,3921,8543
6168.499,3922,8543
6170.846,3923,8543
6173.979,3924,8543
6174.836,3925,8543
6174.913,3926,8543
6177.363,3927,8543
6201.707,3928,8543
6201.765,3929,8543
6201.803,3930,8543
6201.827,3931,8543
6201.847,3932,8543
6201.938,3933,8543
6208.329,3934,8543
6211.41,3935,8543
6211.827,3936,8543
6214.853,3937,8543
6216.878,3938,8543
6239.671,3939,8543
6248.162,3940,8544
6288.195,3941,8544
6294.359,3942,8544
6319.951,3943,8545
6319.97,3944,8551
6320.039,3945,8551
6320.06,3946,8551
6320.534,3947,8568
6320.565,3948,8568
6320.632,3949,8568
6320.686,3950,8568
6320.76,3951,8568
6320.777,3952,8568
6320.905,3953,8568
6320.94,3954,8569
6321.004,3955,8570
6321.075,3956,8570
6321.204,3957,8570
6321.454,3958,8575
6321.467,3959,8575
6321.509,3960,8575
6321.901,3961,8575
6322.144,3962,8576
6322.324,3963,8576
6322.883,3964,8576
6322.982,3965,8577
6323.541,3966,8577
6323.612,3967,8577
6323.765,3968,8581
6323.784,3969,8584
6323.895,3970,8590
6323.912,3971,8590
6323.966,3972,8590
6324.376,3973,8590
6324.538,3974,8590
6324.702,3975,8590
6325.191,3976,8590
6325.876,3977,8590
6326.01,3978,8591
6326.177,3979,8591
6326.994,3980,8591
6327.71,3981,8592
6327.734,3982,8593
6328.295,3983,8593
6328.484,3984,8593
6328.689,3985,8593
6328.75,3986,8593
6328.796,3987,8593
6328.921,3988,8593
6329.482,3989,8594
6329.505,3990,8594
6330.11,3991,8594
6334.167,3992,8596
6335.199,3993,8596
6335.317,3994,8596
6335.385,3995,8605
6336.118,3996,8605
6336.413,3997,8605
6337.451,3998,8605
6337.513,3999,8605
6337.822,4000,8605
6337.91,4001,8606
6338.771,4002,8607
6338.844,4003,8613
6339.203,4004,8613
6339.57,4005,8613
6347.394,4006,8613
6348.623,4007,8613
6350.606,4008,8613
6352.06,4009,8613
6379.091,4010,8613
6379.216,4011,8613
6410.835,4012,8613
6415.804,4013,8613
6415.823,4014,8613
6415.843,4015,8613
6415.91,4016,8613
6422.358,4017,8613
6423.841,4018,8614
6427.862,4019,8614
6427.903,4020,8617
6429.485,4021,8617
6434.973,4022,8617
6435.287,4023,8617
6438.613,4024,8617
6439.561,4025,8617
6440.188,4026,8617
6440.286,4027,8617
6441.591,4028,8617
6448.0,4029,8617
6450.355,4030,8617
6451.821,4031,8617
6452.197,4032,8617
6456.7,4033,8617
6459.883,4034,8617
6461.091,4035,8617
6465.802,4036,8617
6469.31,4037,8617
6479.788,4038,8617
6484.934,4039,8617
6489.784,4040,8617
6491.523,4041,8617
6498.742,4042,8617
6502.467,4043,8617
6510.213,4044,8617
6528.325,4045,8617
6535.564,4046,8617
6547.919,4047,8618
6559.934,4048,8618
6568.698,4049,8618
6583.496,4050,8618
6589.523,4051,8619
6590.2,4052,8620
6610.517,4053,8620
6610.671,4054,8620
6610.812,4055,8620
6612.372,4056,8621
6612.662,4057,8621
6612.868,4058,8621
6614.091,4059,8621
6615.46,4060,8621
6616.704,4061,8621
6617.686,4062,8621
6617.799,4063,8621
6621.996,4064,8621
6622.573,4065,8621
6623.702,4066,8621
6625.206,4067,8621
6625.25,4068,8621
6625.835,4069,8621
6625.962,4070,8622
6626.79,4071,8625
6630.804,4072,8626
6632.422,4073,8626
6633.257,4074,8626
6638.157,4075,8626
6661.208,4076,8626
6662.483,4077,8626
6692.03,4078,8626
6711.859,4079,8646
6712.146,4080,8646
6712.649,4081,8647
6725.272,4082,8647
6739.634,4083,8649
6742.37,4084,8650
6744.213,4085,8651
6744.635,4086,8651
6755.857,4087,8651
6767.558,4088,8651
6767.616,4089,8651
6768.571,4090,8651
6781.579,4091,8651
6781.655,4092,8652
6782.004,4093,8653
6791.575,4094,8653
6795.856,4095,8653
6811.171,4096,8653
6830.754,4097,8653
6830.799,4098,8654
6831.313,4099,8655
6832.344,4100,8663
6832.803,4101,8663
6834.257,4102,8663
6836.326,4103,8663
6838.437,4104,8667
6841.019,4105,8668
6842.703,4106,8669
6843.196,4107,8669
6843.449,4108,8669
6845.51,4109,8669
6845.706,4110,8670
6845.812,4111,8670
6846.225,4112,8670
6848.274,4113,8672
6848.92,4114,8672
6850.933,4115,8672
6852.653,4116,8673
6853.43,4117,8676
6854.78,4118,8678
6855.985,4119,8679
6858.827,4120,8680
6859.404,4121,8680
6862.413,4122,8681
6865.296,4123,8681
6902.988,4124,8681
6913.962,4125,8681
6914.555,4126,8681
6918.704,4127,8682
6925.667,4128,8682
6976.554,4129,8682
6976.576,4130,8682
6976.854,4131,8685
6977.723,4132,8685
6977.856,4133,8685
6978.442,4134,8686
6979.584,4135,8686
6982.626,4136,8686
6982.678,4137,8686
6984.886,4138,8688
6985.916,4139,8688
6986.173,4140,8689
6986.206,4141,8690
6989.167,4142,8690
6994.708,4143,8693
6997.412,4144,8693
6998.239,4145,8704
6998.854,4146,8705
6999.432,4147,8705
6999.683,4148,8711
7000.671,4149,8711
7000.697,4150,8711
7003.031,4151,8711
7004.478,4152,8711
7005.591,4153,8711
7015.372,4154,8711
7015.86,4155,8711
7033.01,4156,8711
7051.009,4157,8711
7051.51,4158,8713
7090.943,4159,8713
7090.978,4160,8713
7091.034,4161,8713
7091.065,4162,8713
7091.12,4163,8713
7091.187,4164,8713
7092.079,4165,8713
7092.805,4166,8713
7093.111,4167,8713
7093.247,4168,8713
7094.062,4169,8714
7096.716,4170,8715
7101.735,4171,8715
7106.804,4172,8715
7109.867,4173,8715
7113.966,4174,8715
7115.06,4175,8715
7138.349,4176,8715
7169.762,4177,8715
7170.17,4178,8717
7180.247,4179,8717
7200.133,4180,8717
7211.838,4181,8717
7238.735,4182,8717
7238.755,4183,8718
7238.874,4184,8718
7239.219,4185,8718
7239.451,4186,8718
7240.419,4187,8721
7243.51,4188,8721
7244.849,4189,8721
7246.819,4190,8721
7283.576,4191,8721
7283.774,4192,8721
7284.008,4193,8722
7284.247,4194,8722
7284.383,4195,8723
7284.962,4196,8723
7285.568,4197,8723
7286.225,4198,8724
7286.254,4199,8724
7286.711,4200,8725
7287.037,4201,8725
7287.273,4202,8726
7288.465,4203,8726
7289.09,4204,8728
7289.257,4205,8728
7290.352,4206,8728
7290.598,4207,8728
7291.34,4208,8728
7291.73,4209,8728
7292.87,4210,8728
7293.513,4211,8728
7293.982,4212,8728
7294.72,4213,8728
7294.952,4214,8728
7295.308,4215,8728
7296.017,4216,8728
7296.121,4217,8728
7296.281,4218,8729
7296.318,4219,8729
7297.133,4220,8729
7297.262,4221,8730
7298.375,4222,8731
7299.761,4223,8734
7299.818,4224,8734
7300.572,4225,8734
7300.963,4226,8735
7302.645,4227,8735
7302.716,4228,8735
7302.778,4229,8737
7304.601,4230,8737
7305.034,4231,8737
7305.786,4232,8737
7306.364,4233,8737
7306.981,4234,8737
7308.596,4235,8737
7308.829,4236,8737
7311.543,4237,8738
7312.993,4238,8739
7346.261,4239,8739
7355.501,4240,8739
7355.85,4241,8739
7387.756,4242,8739
7388.735,4243,8741
7388.789,4244,8741
7389.749,4245,8741
7390.108,4246,8741
7394.677,4247,8741
7394.704,4248,8741
7394.907,4249,8741
7394.93,4250,8741
7395.357,4251,8741
7398.205,4252,8741
7399.087,4253,8741
7400.332,4254,8745
7400.352,4255,8745
7402.197,4256,8745
7403.015,4257,8747
7403.988,4258,8747
7404.007,4259,8747
7415.75,4260,8748
7417.675,4261,8748
7420.83,4262,8748
7421.77,4263,8748
7445.219,4264,8748
7462.086,4265,8749
7486.939,4266,8749
7488.543,4267,8750
7488.587,4268,8750
7488.608,4269,8750
7489.974,4270,8755
7493.161,4271,8756
7501.809,4272,8756
7502.482,4273,8757
7503.527,4274,8758
7509.236,4275,8758
7511.976,4276,8759
7529.925,4277,8759
7539.623,4278,8760
7539.749,4279,8760
7540.799,4280,8761
7575.042,4281,8761
7585.556,4282,8776
7588.597,4283,8776
7612.288,4284,8776
7618.387,4285,8776
7618.5,4286,8776
7618.78,4287,8776
7619.272,4288,8776
7620.164,4289,8777
7620.301,4290,8777
7620.603,4291,8777
7623.596,4292,8777
7623.713,4293,8779
7625.102,4294,8786
7626.048,4295,8786
7627.718,4296,8786
7629.104,4297,8786
7629.262,4298,8787
7630.178,4299,8787
7631.842,4300,8787
7632.805,4301,8788
7634.257,4302,8788
7634.597,4303,8790
7646.363,4304,8791
7646.72,4305,8792
7646.856,4306,8792
7647.494,4307,8794
7649.621,4308,8796
7653.847,4309,8796
7693.952,4310,8797
7694.475,4311,8798
7695.655,4312,8799
7695.667,4313,8799
7695.892,4314,8799
7696.414,4315,8803
7696.447,4316,8803
7698.713,4317,8822
7699.824,4318,8824
7700.722,4319,8827
7701.187,4320,8829
7702.654,4321,8829
7703.644,4322,8829
7705.851,4323,8829
7707.164,4324,8832
7707.46,4325,8832
7710.098,4326,8834
7711.661,4327,8834
7716.061,4328,8834
7719.621,4329,8834
7721.812,4330,8835
7725.439,4331,8835
7726.959,4332,8836
7727.95,4333,8837
7728.02,4334,8837
7729.723,4335,8837
7730.674,4336,8838
7730.739,4337,8838
7731.212,4338,8838
7731.403,4339,8838
7732.112,4340,8838
7732.755,4341,8838
7734.52,4342,8839
7735.773,4343,8840
7736.234,4344,8840
7739.888,4345,8842
7742.113,4346,8844
7745.089,4347,8844
7746.763,4348,8844
7747.77,4349,8844
7748.285,4350,8844
7752.44,4351,8844
7754.262,4352,8844
7756.739,4353,8845
7760.584,4354,8845
7769.595,4355,8846
7770.26,4356,8849
7775.704,4357,8852
7778.2,4358,8853
7778.305,4359,8854
7778.325,4360,8856
7779.207,4361,8858
7783.111,4362,8859
7783.66,4363,8859
7784.054,4364,8861
7790.359,4365,8862
7791.635,4366,8865
7791.968,4367,8872
7792.43,4368,8873
7794.135,4369,8873
7796.219,4370,8878
7797.812,4371,8878
7799.815,4372,8880
7806.954,4373,8880
7825.323,4374,8881
7846.529,4375,8881
7847.796,4376,8881
7854.512,4377,8881
7854.635,4378,8882
7856.654,4379,8882
7857.954,4380,8882
7858.588,4381,8882
7859.342,4382,8883
7865.961,4383,8883
7868.455,4384,8885
7872.628,4385,8885
7874.364,4386,8885
7875.909,4387,8885
7884.537,4388,8886
7895.599,4389,8886
7906.678,4390,8886
7906.947,4391,8886
7908.295,4392,8886
7911.258,4393,8886
7911.315,4394,8886
7915.777,4395,8886
7920.935,4396,8887
7924.969,4397,8887
7925.876,4398,8887
7926.829,4399,8887
7940.089,4400,8887
7940.304,4401,8887
7956.402,4402,8888
7956.492,4403,8895
7956.53,4404,8898
7956.692,4405,8898
7956.788,4406,8899
7957.536,4407,8902
7957.719,4408,8902
7957.782,4409,8903
7958.037,4410,8903
7958.203,4411,8903
7958.496,4412,8908
7958.619,4413,8911
7958.802,4414,8911
7959.6,4415,8916
7960.376,4416,8916
7960.651,4417,8916
7960.664,4418,8916
7960.851,4419,8916
7961.184,4420,8916
7962.907,4421,8917
7963.979,4422,8922
7967.736,4423,8923
7968.575,4424,8923
7968.704,4425,8924
7969.228,4426,8925
7969.261,4427,8926
7971.435,4428,8926
7971.924,4429,8926
7972.178,4430,8926
7972.374,4431,8926
7975.946,4432,8928
7976.696,4433,8929
7978.92,4434,8932
7979.084,4435,8932
7979.95,4436,8933
7980.618,4437,8933
7981.851,4438,8933
7985.265,4439,8933
7985.731,4440,8937
7997.011,4441,8938
7997.165,4442,8938
8021.92,4443,8938
8021.973,4444,8938
8022.313,4445,8938
8023.836,4446,8940
8025.535,4447,8941
8030.878,4448,8941
8031.418,4449,8941
8031.713,4450,8942
8034.457,4451,8942
8038.309,4452,8942
8045.749,4453,8942
8046.5,4454,8942
8051.807,4455,8950
8070.176,4456,8950
8070.484,4457,8950
8074.545,4458,8950
8074.629,4459,8950
8074.904,4460,8951
8075.043,4461,8951
8080.715,4462,8952
8082.108,4463,8953
8093.274,4464,8956
8098.566,4465,8957
8113.491,4466,8958
8113.573,4467,8958
8116.947,4468,8958
8118.396,4469,8958
8118.437,4470,8958
8125.603,4471,8958
8126.065,4472,8958
8126.151,4473,8958
8127.605,4474,8958
8129.167,4475,8958
8129.266,4476,8958
8129.956,4477,8958
8130.198,4478,8958
8130.484,4479,8958
8132.397,4480,8958
8135.305,4481,8958
8136.836,4482,8958
8137.072,4483,8958
8139.827,4484,8959
8140.394,4485,8959
8141.226,4486,8959
8142.071,4487,8960
8143.109,4488,8963
8144.379,4489,8964
8145.081,4490,8964
8146.936,4491,8964
8147.374,4492,8964
8148.53,4493,8964
8155.222,4494,8965
8182.716,4495,8965
8192.178,4496,8966
8193.447,4497,8967
8205.573,4498,8967
8205.811,4499,8968
8205.939,4500,8968
8206.078,4501,8968
8206.244,4502,8968
8206.64,4503,8968
8211.377,4504,8970
8211.558,4505,8971
8212.002,4506,8971
8212.087,4507,8974
8212.886,4508,8974
8214.495,4509,8977
8215.252,4510,8977
8217.172,4511,8977
8218.684,4512,8977
8219.153,4513,8978
8219.208,4514,8979
8221.237,4515,8980
8225.919,4516,8980
8226.091,4517,8980
8226.171,4518,8980
8228.965,4519,8980
8229.343,4520,8980
8229.944,4521,8980
8230.543,4522,8981
8233.163,4523,8986
8235.147,4524,8986
8235.717,4525,8987
8236.671,4526,8987
8236.789,4527,8987
8238.894,4528,8987
8239.007,4529,8987
8239.826,4530,8987
8240.52,4531,8988
8246.596,4532,8988
8249.415,4533,8988
8249.975,4534,8989
8250.052,4535,8990
8251.745,4536,8990
8254.793,4537,8990
8258.042,4538,8990
8270.751,4539,8990
8274.571,4540,8990
8281.213,4541,8990
8284.023,4542,8991
8284.68,4543,8991
8285.562,4544,8991
8286.37,4545,8992
8286.397,4546,8992
8287.259,4547,8992
8287.428,4548,8993
8287.5,4549,8995
8288.045,4550,8995
8288.286,4551,8995
8289.498,4552,8996
8289.702,4553,8997
8289.719,4554,8997
8290.51,4555,8998
8295.446,4556,8999
8295.556,4557,8999
8295.688,4558,8999
8296.744,4559,9001
8297.379,4560,9003
8299.404,4561,9004
8300.405,4562,9004
8302.104,4563,9004
8302.399,4564,9004
8308.104,4565,9007
8308.799,4566,9008
8309.452,4567,9008
8310.247,4568,9008
8319.52,4569,9008
8319.605,4570,9009
8319.827,4571,9009
8320.611,4572,9009
8321.66,4573,9009
8324.603,4574,9010
8327.046,4575,9011
8329.284,4576,9012
8329.426,4577,9015
8331.135,4578,9017
8331.25,4579,9018
8332.339,4580,9018
8332.542,4581,9018
8333.369,4582,9018
8339.05,4583,9018
8340.466,4584,9020
8340.786,4585,9022
8343.479,4586,9023
8343.592,4587,9023
8345.165,4588,9026
8345.416,4589,9027
8345.873,4590,9028
8346.421,4591,9029
8346.538,4592,9031
8348.805,4593,9032
8350.713,4594,9033
8351.073,4595,9033
8356.301,4596,9034
8356.344,4597,9035
8356.373,4598,9036
8362.712,4599,9036
8367.179,4600,9037
8374.132,4601,9038
8382.227,4602,9038
8382.739,4603,9038
8383.657,4604,9039
8386.353,4605,9040
8386.727,4606,9040
8386.898,4607,9043
8413.977,4608,9044
8418.99,4609,9044
8443.058,4610,9044
8453.472,4611,9044
8453.667,4612,9044
8454.322,4613,9044
8461.862,4614,9044
8465.328,4615,9044
8472.14,4616,9045
8472.994,4617,9045
8477.561,4618,9045
8477.914,4619,9046
8489.732,4620,9046
8491.406,4621,9046
8491.428,4622,9046
8491.66,4623,9046
8491.747,4624,9046
8492.313,4625,9046
8492.568,4626,9046
8492.673,4627,9047
8493.031,4628,9048
8494.169,4629,9048
8494.291,4630,9048
8495.194,4631,9048
8496.824,4632,9048
8497.396,4633,9049
8501.408,4634,9049
8507.276,4635,9049
8512.395,4636,9050
8517.789,4637,9050
8517.89,4638,9050
8517.971,4639,9051
8518.392,4640,9051
8519.887,4641,9051
8522.345,4642,9052
8524.466,4643,9053
8542.164,4644,9053
8547.014,4645,9055
8575.516,4646,9055
8575.638,4647,9055
8575.748,4648,9055
8576.418,4649,9055
8577.757,4650,9055
8578.001,4651,9055
8578.231,4652,9055
8580.179,4653,9055
8586.741,4654,9055
8588.817,4655,9055
8596.924,4656,9056
8602.689,4657,9056
8629.714,4658,9059
8630.051,4659,9059
8631.329,4660,9059
8633.499,4661,9065
8636.438,4662,9065
8638.49,4663,9080
8639.05,4664,9081
8639.407,4665,9082
8639.459,4666,9082
8640.178,4667,9085
8644.619,4668,9085
8645.502,4669,9085
8649.148,4670,9086
8649.947,4671,9086
8650.291,4672,9086
8652.483,4673,9087
8653.904,4674,9087
8669.155,4675,9087
8669.196,4676,9087
8670.279,4677,9087
8671.449,4678,9088
8671.56,4679,9088
8672.917,4680,9088
8674.516,4681,9088
8675.403,4682,9088
8676.093,4683,9089
8677.691,4684,9089
8680.892,4685,9089
8688.745,4686,9089
8690.606,4687,9089
8691.168,4688,9100
8692.941,4689,9113
8699.366,4690,9113
8708.421,4691,9115
8709.348,4692,9115
8723.159,4693,9117
8724.842,4694,9117
8725.648,4695,9117
8741.558,4696,9117
8741.572,4697,9117
8741.715,4698,9117
8743.742,4699,9117
8744.853,4700,9118
8746.317,4701,9118
8750.515,4702,9118
8750.856,4703,9118
8751.148,4704,9118
8754.482,4705,9118
8758.273,4706,9118
8764.656,4707,9118
8766.536,4708,9120
8770.804,4709,9120
8779.79,4710,9120
8781.299,4711,9120
8781.52,4712,9120
8782.246,4713,9122
8782.922,4714,9127
8783.334,4715,9127
8783.492,4716,9127
8783.766,4717,9129
8784.141,4718,9130
8786.951,4719,9132
8787.367,4720,9133
8792.622,4721,9134
8796.072,4722,9135
8796.898,4723,9135
8801.711,4724,9137
8803.307,4725,9137
8804.368,4726,9138
8805.868,4727,9139
8815.243,4728,9140
8821.556,4729,9141
8821.774,4730,9141
8824.335,4731,9141
8824.937,4732,9142
8833.111,4733,9142
8835.148,4734,9142
8835.418,4735,9142
8836.835,4736,9142
8836.866,4737,9142
8837.513,4738,9142
8838.334,4739,9143
8838.762,4740,9144
8850.346,4741,9144
8853.277,4742,9150
8853.678,4743,9160
8854.42,4744,9160
8859.431,4745,9164
8859.753,4746,9164
8859.857,4747,9164
8861.227,4748,9166
8862.134,4749,9167
8862.195,4750,9167
8863.008,4751,9168
8864.469,4752,9169
8864.807,4753,9171
8865.554,4754,9171
8867.717,4755,9171
8868.554,4756,9174
8868.871,4757,9174
8869.647,4758,9177
8875.054,4759,9177
8884.175,4760,9177
8888.811,4761,9182
8889.712,4762,9182
8891.247,4763,9185
8914.493,4764,9185
8914.54,4765,9185
8914.869,4766,9185
8914.944,4767,9185
8916.229,4768,9185
8919.341,4769,9185
8931.33,4770,9185
8934.875,4771,9185
8968.367,4772,9186
8988.453,4773,9186
8999.184,4774,9186
8999.299,4775,9186
9001.354,4776,9188
9029.821,4777,9192
9029.841,4778,9192
9038.336,4779,9194
9042.642,4780,9196
9043.477,4781,9196
9044.26,4782,9196
9044.336,4783,9196
9097.494,4784,9198
9100.518,4785,9198
9126.21,4786,9198
9127.404,4787,9198
9127.968,4788,9198
9128.105,4789,9198
9158.454,4790,9198
9171.817,4791,9198
9172.514,4792,9198
9172.581,4793,9199
9173.385,4794,9199
9173.692,4795,9199
9174.311,4796,9199
9174.525,4797,9199
9176.282,4798,9199
9178.561,4799,9199
9190.943,4800,9199
9191.093,4801,9199
9195.415,4802,9199
9195.571,4803,9201
9198.504,4804,9201
9202.002,4805,9201
9204.716,4806,9201
9226.353,4807,9202
9226.717,4808,9202
9228.154,4809,9202
9231.71,4810,9202
9232.202,4811,9202
9232.346,4812,9202
9233.47,4813,9202
9264.708,4814,9202
9264.788,4815,9202
9264.854,4816,9202
9265.075,4817,9202
9265.489,4818,9202
9270.856,4819,9202
9271.593,4820,9202
9272.379,4821,9202
9272.767,4822,9202
9277.331,4823,9202
9280.96,4824,9202
9282.043,4825,9202
9301.858,4826,9202
9302.197,4827,9202
9303.22,4828,9207
9324.827,4829,9207
9325.227,4830,9208
9338.539,4831,9209
9338.621,4832,9209
9338.723,4833,9212
9339.776,4834,9212
9339.855,4835,9214
9339.937,4836,9214
9340.118,4837,9216
9340.198,4838,9219
9341.383,4839,9220
9341.686,4840,9220
9342.901,4841,9224
9343.29,4842,9225
9344.839,4843,9225
9345.591,4844,9226
9348.223,4845,9226
9350.732,4846,9226
9350.897,4847,9227
9350.978,4848,9228
9352.71,4849,9229
9354.955,4850,9230
9359.559,4851,9230
9362.75,4852,9231
9380.139,4853,9231
9382.499,4854,9232
9382.659,4855,9232
9382.756,4856,9232
9383.018,4857,9232
9383.687,4858,9232
9384.392,4859,9232
9384.663,4860,9233
9385.45,4861,9233
9386.352,4862,9233
9386.919,4863,9233
9387.603,4864,9233
9387.796,4865,9233
9391.106,4866,9233
9391.579,4867,9234
9392.708,4868,9234
9396.541,4869,9235
9396.808,4870,9236
9398.267,4871,9236
9399.918,4872,9237
9417.98,4873,9237
9418.1,4874,9241
9430.628,4875,9242
9431.579,4876,9244
9431.643,4877,9244
9433.366,4878,9244
9433.589,4879,9247
9438.232,4880,9247
9441.354,4881,9249
9442.225,4882,9250
9444.646,4883,9250
9446.224,4884,9250
9446.457,4885,9250
9447.931,4886,9250
9447.957,4887,9250
9448.961,4888,9250
9450.129,4889,9253
9451.782,4890,9253
9458.663,4891,9253
9462.552,4892,9270
9462.762,4893,9270
9469.856,4894,9270
9470.485,4895,9270
9471.269,4896,9270
9473.336,4897,9270
9474.563,4898,9274
9480.372,4899,9274
9480.761,4900,9274
9485.625,4901,9274
9489.996,4902,9274
9490.773,4903,9274
9491.045,4904,9275
9492.428,4905,9275
9495.147,4906,9275
9498.901,4907,9275
9502.855,4908,9275
9502.914,4909,9275
9503.239,4910,9276
9518.81,4911,9276
9536.73,4912,9276
9537.713,4913,9276
9537.805,4914,9276
9538.324,4915,9276
9541.549,4916,9283
9547.34,4917,9284
9547.466,4918,9286
9548.129,4919,9286
9549.215,4920,9288
9549.275,4921,9288
9550.381,4922,9288
9550.854,4923,9288
9552.363,4924,9309
9553.943,4925,9310
9556.676,4926,9313
9557.91,4927,9315
9559.888,4928,9315
9563.668,4929,9316
9566.046,4930,9316
9567.156,4931,9316
9569.589,4932,9316
9570.014,4933,9317
9574.548,4934,9317
9577.762,4935,9318
9582.714,4936,9321
9583.825,4937,9321
9584.081,4938,9321
9585.291,4939,9321
9585.306,4940,9321
9585.319,4941,9321
9585.753,4942,9321
9610.692,4943,9321
9611.869,4944,9321
9612.01,4945,9321
9612.94,4946,9321
9613.976,4947,9321
9615.478,4948,9325
9618.427,4949,9325
9621.687,4950,9326
9623.115,4951,9326
9625.316,4952,9326
9625.957,4953,9326
9627.11,4954,9326
9628.394,4955,9327
9628.537,4956,9328
9637.03,4957,9328
9638.24,4958,9328
9638.773,4959,9329
9639.06,4960,9331
9640.851,4961,9331
9642.307,4962,9332
9642.927,4963,9333
9642.956,4964,9333
9644.499,4965,9334
9644.943,4966,9334
9646.742,4967,9334
9649.217,4968,9335
9651.005,4969,9335
9661.39,4970,9335
9669.45,4971,9335
9672.681,4972,9336
9672.925,4973,9336
9673.068,4974,9337
9692.517,4975,9337
9692.557,4976,9337
9692.908,4977,9337
9695.408,4978,9339
9695.842,4979,9340
9695.955,4980,9341
9700.386,4981,9341
9701.366,4982,9343
9702.765,4983,9343
9703.228,4984,9345
9711.077,4985,9345
9711.439,4986,9345
9713.292,4987,9346
9725.196,4988,9346
9740.616,4989,9346
9747.242,4990,9346
9747.344,4991,9346
9747.815,4992,9346
9749.152,4993,9346
9752.25,4994,9347
9752.877,4995,9347
9752.919,4996,9348
9754.116,4997,9348
9754.563,4998,9348
9757.623,4999,9348
9769.745,5000,9349
9775.288,5001,9350
9782.355,5002,9351
9783.563,5003,9352
9785.632,5004,9353
9787.241,5005,9354
9787.274,5006,9357
9793.792,5007,9357
9794.694,5008,9357
9796.89,5009,9358
9797.681,5010,9358
9798.764,5011,9358
9824.692,5012,9358
9850.827,5013,9358
9850.983,5014,9358
9851.404,5015,9358
9853.866,5016,9358
9856.547,5017,9358
9868.844,5018,9358
9893.822,5019,9359
9905.004,5020,9359
9911.532,5021,9359
9914.85,5022,9361
9915.873,5023,9361
9915.958,5024,9361
9917.308,5025,9362
9917.481,5026,9363
9922.986,5027,9364
9923.34,5028,9364
9924.087,5029,9365
9927.555,5030,9366
9928.433,5031,9366
9933.318,5032,9368
9938.657,5033,9370
9939.035,5034,9372
9943.53,5035,9373
9945.196,5036,9373
9945.211,5037,9374
9946.733,5038,9374
9948.898,5039,9375
9950.483,5040,9375
9960.988,5041,9375
9963.423,5042,9375
9964.526,5043,9375
9966.244,5044,9376
9967.458,5045,9377
9967.583,5046,9377
9969.113,5047,9377
9969.174,5048,9379
9971.41,5049,9379
9972.073,5050,9379
9973.819,5051,9379
9973.985,5052,9380
9974.441,5053,9381
9977.791,5054,9382
9984.457,5055,9383
9984.993,5056,9393
9985.132,5057,9399
9988.497,5058,9399
9992.751,5059,9400
10010.21,5060,9400
10011.996,5061,9400
10012.617,5062,9400
10012.784,5063,9400
10013.144,5064,9400
10024.223,5065,9401
10024.802,5066,9401
10025.813,5067,9401
10026.825,5068,9401
10028.623,5069,9402
10030.899,5070,9403
10062.407,5071,9403
10063.452,5072,9404
10064.656,5073,9405
10064.944,5074,9408
10065.186,5075,9409
10065.259,5076,9409
10066.888,5077,9409
10066.96,5078,9409
10068.181,5079,9409
10071.545,5080,9409
10072.012,5081,9412
10073.998,5082,9414
10075.249,5083,9414
10080.114,5084,9415
10080.391,5085,9416
10080.697,5086,9416
10083.635,5087,9416
10084.148,5088,9416
10085.536,5089,9417
10089.328,5090,9419
10089.374,5091,9419
10090.8,5092,9420
10090.877,5093,9421
10092.64,5094,9423
10094.273,5095,9423
10094.98,5096,9423
10095.642,5097,9423
10100.706,5098,9423
10100.771,5099,9423
10102.766,5100,9423
10102.783,5101,9423
10103.0,5102,9423
10105.093,5103,9423
10108.571,5104,9423
10127.926,5105,9424
10154.848,5106,9426
10155.085,5107,9426
10155.208,5108,9427
10155.703,5109,9427
10155.866,5110,9429
10156.156,5111,9429
10156.782,5112,9429
10158.947,5113,9429
10166.454,5114,9429
10170.052,5115,9430
10174.698,5116,9431
10175.022,5117,9432
10177.6,5118,9432
10182.322,5119,9432
10197.549,5120,9432
10197.626,5121,9432
10199.731,5122,9432
10200.012,5123,9433
10203.259,5124,9433
10203.796,5125,9433
10204.112,5126,9433
10204.997,5127,9434
10206.176,5128,9434
10209.511,5129,9434
10209.78,5130,9434
10210.214,5131,9434
10210.333,5132,9435
10211.542,5133,9435
10223.267,5134,9435
10223.302,5135,9436
10227.598,5136,9436
10227.622,5137,9436
10227.957,5138,9436
10228.044,5139,9436
10228.238,5140,9436
10228.798,5141,9436
10229.205,5142,9438
10231.063,5143,9438
10233.13,5144,9438
10233.349,5145,9438
10233.791,5146,9438
10237.082,5147,9438
10238.054,5148,9438
10240.423,5149,9438
10244.509,5150,9438
10248.032,5151,9439
10248.406,5152,9439
10248.474,5153,9439
10248.609,5154,9439
10249.647,5155,9439
10253.473,5156,9439
10253.897,5157,9439
10254.442,5158,9439
10258.836,5159,9439
10262.701,5160,9439
10268.649,5161,9439
10268.789,5162,9439
10286.476,5163,9440
10287.036,5164,9440
10287.71,5165,9440
10291.166,5166,9440
10299.991,5167,9440
10301.313,5168,9440
10302.245,5169,9440
10303.16,5170,9440
10315.465,5171,9440
10317.013,5172,9440
10319.577,5173,9440
10319.813,5174,9440
10319.85,5175,9440
10321.087,5176,9441
10324.266,5177,9441
10324.367,5178,9441
10327.08,5179,9441
10330.4,5180,9441
10332.676,5181,9441
10347.152,5182,9441
10347.671,5183,9442
10350.489,5184,9442
10350.626,5185,9442
10351.417,5186,9442
10354.072,5187,9442
10357.194,5188,9442
10357.566,5189,9442
10358.268,5190,9443
10361.442,5191,9443
10362.474,5192,9444
10365.187,5193,9444
10366.496,5194,9445
10366.861,5195,9445
10368.228,5196,9445
10372.906,5197,9445
10373.056,5198,9446
10392.548,5199,9446
10392.875,5200,9447
10393.674,5201,9448
10400.028,5202,9449
10401.153,5203,9449
10404.251,5204,9449
10405.861,5205,9449
10412.279,5206,9449
10412.298,5207,9449
10412.422,5208,9449
10422.548,5209,9449
10422.699,5210,9449
10422.877,5211,9449
10425.21,5212,9450
10427.344,5213,9450
10427.569,5214,9451
10427.723,5215,9451
10427.972,5216,9453
10428.062,5217,9455
10428.463,5218,9455
10432.168,5219,9455
10439.175,5220,9455
10440.062,5221,9455
10441.591,5222,9455
10446.103,5223,9455
10447.987,5224,9456
10452.188,5225,9456
10456.171,5226,9458
10458.31,5227,9458
10458.392,5228,9458
10458.805,5229,9459
10460.502,5230,9459
10464.03,5231,9459
10464.163,5232,9459
10464.338,5233,9459
10467.678,5234,9461
10472.374,5235,9461
10473.3,5236,9461
10486.37,5237,9461
10487.026,5238,9461
10494.777,5239,9461
10508.108,5240,9461
10509.288,5241,9461
10523.435,5242,9461
10526.776,5243,9462
10527.846,5244,9463
10528.063,5245,9463
10528.16,5246,9464
10528.501,5247,9464
10528.813,5248,9464
10529.471,5249,9464
10529.517,5250,9466
10530.285,5251,9466
10532.29,5252,9466
10532.404,5253,9466
10532.798,5254,9466
10533.792,5255,9467
10535.554,5256,9469
10539.449,5257,9469
10544.168,5258,9469
10547.217,5259,9470
10555.031,5260,9470
10573.259,5261,9470
10577.164,5262,9470
10578.78,5263,9472
10578.938,5264,9472
10580.943,5265,9473
10580.977,5266,9475
10581.663,5267,9476
10582.007,5268,9477
10583.05,5269,9478
10587.072,5270,9478
10587.19,5271,9479
10587.96,5272,9479
10589.205,5273,9479
10589.229,5274,9480
10589.704,5275,9481
10590.222,5276,9482
10595.723,5277,9482
10602.143,5278,9483
10603.126,5279,9485
10604.539,5280,9485
10604.875,5281,9486
10611.49,5282,9486
10612.373,5283,9486
10613.104,5284,9487
10613.118,5285,9487
10613.571,5286,9487
10613.671,5287,9488
10613.753,5288,9489
10613.976,5289,9489
10614.07,5290,9489
10616.3,5291,9490
10616.321,5292,9490
10616.543,5293,9490
10617.213,5294,9491
10618.215,5295,9491
10618.237,5296,9491
10620.943,5297,9491
10621.324,5298,9491
10622.032,5299,9492
10625.616,5300,9492
10625.773,5301,9492
10626.597,5302,9493
10627.032,5303,9493
10630.954,5304,9493
10633.831,5305,9497
10643.87,5306,9497
10649.18,5307,9497
10650.139,5308,9497
10650.297,5309,9497
10650.856,5310,9497
10650.969,5311,9497
10651.892,5312,9497
10652.092,5313,9497
10652.788,5314,9497
10653.992,5315,9497
10655.753,5316,9497
10657.34,5317,9497
10662.572,5318,9497
10664.573,5319,9497
10670.008,5320,9497
10670.833,5321,9498
10671.351,5322,9498
10673.222,5323,9499
10673.35,5324,9499
10673.502,5325,9499
10673.829,5326,9499
10677.296,5327,9499
10679.071,5328,9500
10679.269,5329,9500
10680.197,5330,9500
10681.122,5331,9501
10682.309,5332,9501
10682.464,5333,9504
10683.726,5334,9504
10686.999,5335,9504
10687.611,5336,9504
10691.285,5337,9504
10692.524,5338,9504
10695.523,5339,9506
10696.868,5340,9507
10701.908,5341,9507
10706.946,5342,9508
10707.113,5343,9508
10708.373,5344,9508
10709.779,5345,9511
10710.105,5346,9512
10710.397,5347,9525
10710.769,5348,9526
10713.216,5349,9527
10713.482,5350,9529
10713.918,5351,9529
10716.014,5352,9530
10717.376,5353,9531
10717.726,5354,9531
10718.947,5355,9544
10718.998,5356,9544
10723.172,5357,9544
10724.115,5358,9544
10739.377,5359,9544
10740.075,5360,9544
10741.103,5361,9551
10741.463,5362,9552
10743.931,5363,9553
10744.489,5364,9553
10744.77,5365,9553
10745.861,5366,9553
10747.274,5367,9553
10748.366,5368,9553
10755.098,5369,9553
10760.044,5370,9554
10765.74,5371,9555
10766.614,5372,9555
10777.056,5373,9555
10779.173,5374,9555
10793.059,5375,9555
10794.121,5376,9555
10800.127,5377,9555
10801.571,5378,9555
10804.812,5379,9557
10807.911,5380,9557
10835.493,5381,9557
10837.179,5382,9557
10839.904,5383,9557
10842.003,5384,9557
10849.04,5385,9557
10855.716,5386,9557
10856.034,5387,9557
10866.098,5388,9557
10867.242,5389,9557
10867.691,5390,9557
10870.154,5391,9557
10878.869,5392,9557
10881.166,5393,9558
10881.186,5394,9558
10881.67,5395,9559
10881.69,5396,9560
10881.797,5397,9561
10885.241,5398,9561
10885.783,5399,9562
10887.279,5400,9562
10889.475,5401,9562
10890.866,5402,9562
10891.11,5403,9562
10892.103,5404,9562
10892.208,5405,9563
10893.103,5406,9566
10893.264,5407,9566
10894.954,5408,9566
10901.548,5409,9566
10903.106,5410,9568
10903.164,5411,9568
10907.185,5412,9571
10917.202,5413,9572
10930.69,5414,9572
10940.179,5415,9572
10942.007,5416,9572
10942.022,5417,9573
10944.122,5418,9574
10948.879,5419,9575
10949.35,5420,9578
10950.548,5421,9578
10957.706,5422,9578
10958.923,5423,9578
10961.306,5424,9579
10961.498,5425,9579
10962.452,5426,9580
10965.193,5427,9581
10967.166,5428,9582
10967.604,5429,9583
10971.075,5430,9583
10979.572,5431,9583
10985.215,5432,9584
10987.023,5433,9584
10987.054,5434,9584
10987.455,5435,9584
10989.173,5436,9584
10992.818,5437,9584
10992.89,5438,9584
10993.335,5439,9584
10995.513,5440,9586
11001.3,5441,9586
11006.567,5442,9586
11007.109,5443,9586
11012.547,5444,9586
11012.662,5445,9586
11012.995,5446,9586
11013.12,5447,9589
11013.388,5448,9592
11013.426,5449,9594
11013.454,5450,9594
11014.077,5451,9594
11015.454,5452,9594
11015.739,5453,9594
11016.87,5454,9594
11017.607,5455,9594
11019.924,5456,9595
11021.113,5457,9595
11024.519,5458,9596
11038.062,5459,9597
11038.436,5460,9598
11049.374,5461,9598
11049.393,5462,9599
11063.35,5463,9600
11063.415,5464,9600
11063.735,5465,9600
11067.477,5466,9611
11068.095,5467,9613
11068.378,5468,9615
11076.47,5469,9615
11080.787,5470,9615
11083.347,5471,9615
11086.73,5472,9615
11087.366,5473,9615
11088.313,5474,9619
11088.682,5475,9619
11095.464,5476,9620
11098.504,5477,9620
11098.855,5478,9620
11101.5,5479,9620
11101.788,5480,9621
11103.732,5481,9640
11106.982,5482,9640
11107.177,5483,9641
11110.989,5484,9641
11119.568,5485,9641
11120.301,5486,9641
11120.32,5487,9641
11120.37,5488,9642
11120.782,5489,9642
11123.024,5490,9642
11123.44,5491,9642
11123.582,5492,9643
11123.788,5493,9643
11124.103,5494,9643
11125.185,5495,9644
11125.707,5496,9646
11125.976,5497,9646
11127.642,5498,9648
11129.06,5499,9648
11132.448,5500,9648
11133.449,5501,9648
11142.148,5502,9649
11143.049,5503,9649
11144.472,5504,9649
11151.36,5505,9649
11152.192,5506,9649
11152.474,5507,9649
11153.135,5508,9649
11153.317,5509,9649
11153.343,5510,9649
11161.87,5511,9650
11163.582,5512,9650
11167.695,5513,9650
11170.793,5514,9650
11172.574,5515,9650
11180.177,5516,9650
11180.401,5517,9650
11181.833,5518,9652
11182.348,5519,9652
11185.275,5520,9652
11186.278,5521,9652
11186.556,5522,9655
11188.985,5523,9655
11192.228,5524,9655
11194.617,5525,9655
11194.767,5526,9656
11195.361,5527,9656
11198.08,5528,9657
11208.427,5529,9658
11223.744,5530,9658
11231.517,5531,9659
11244.423,5532,9659
11246.73,5533,9660
11247.337,5534,9660
11247.945,5535,9661
11250.289,5536,9661
11250.984,5537,9661
11275.048,5538,9661
11278.109,5539,9661
11278.14,5540,9661
11279.772,5541,9661
11287.395,5542,9664
11287.517,5543,9664
11287.756,5544,9664
11288.43,5545,9664
11289.014,5546,9664
11289.299,5547,9664
11289.646,5548,9664
11290.741,5549,9664
11291.314,5550,9664
11294.321,5551,9665
11295.993,5552,9665
11297.737,5553,9666
11298.238,5554,9666
11299.998,5555,9667
11300.361,5556,9667
11301.726,5557,9667
11301.753,5558,9667
11306.773,5559,9670
11308.586,5560,9670
11309.513,5561,9671
11317.269,5562,9672
11319.182,5563,9672
11320.123,5564,9674
11321.313,5565,9675
11321.721,5566,9677
11322.003,5567,9677
11328.68,5568,9678
11330.315,5569,9680
11332.285,5570,9680
11333.682,5571,9680
11334.905,5572,9680
11338.073,5573,9680
11338.456,5574,9680
11340.127,5575,9680
11351.907,5576,9680
11353.448,5577,9680
11358.264,5578,9681
11358.362,5579,9682
11358.516,5580,9683
11370.745,5581,9683
11370.873,5582,9683
11372.581,5583,9684
11386.899,5584,9684
11396.24,5585,9684
11396.844,5586,9684
11397.283,5587,9684
11398.39,5588,9684
11398.501,5589,9684
11399.63,5590,9686
11402.072,5591,9686
11402.452,5592,9686
11404.91,5593,9687
11410.674,5594,9689
11414.61,5595,9689
11415.202,5596,9690
11415.456,5597,9690
11416.82,5598,9691
11419.293,5599,9692
11427.411,5600,9693
11427.865,5601,9694
11430.756,5602,9694
11430.844,5603,9694
11439.248,5604,9694
11440.696,5605,9694
11444.182,5606,9694
11448.436,5607,9694
11448.622,5608,9694
11464.508,5609,9694
11475.905,5610,9694
11476.912,5611,9694
11478.903,5612,9694
11479.637,5613,9694
11482.675,5614,9694
11485.949,5615,9694
11486.027,5616,9694
11486.202,5617,9694
11487.006,5618,9695
11490.258,5619,9695
11491.364,5620,9696
11491.515,5621,9697
11493.772,5622,9697
11496.008,5623,9699
11496.13,5624,9699
11501.638,5625,9699
11502.769,5626,9700
11511.218,5627,9700
11511.543,5628,9704
11520.395,5629,9704
11525.786,5630,9704
11526.437,5631,9704
11527.34,5632,9705
11529.506,5633,9706
11532.536,5634,9706
11534.24,5635,9706
11536.079,5636,9706
11545.469,5637,9706
11547.136,5638,9706
11547.181,5639,9706
11548.543,5640,9706
11548.556,5641,9706
11548.689,5642,9706
11550.772,5643,9706
11550.821,5644,9706
11553.563,5645,9707
11557.783,5646,9707
11563.396,5647,9707
11574.783,5648,9707
11574.805,5649,9707
11589.69,5650,9707
11589.8,5651,9707
11589.879,5652,9707
11590.16,5653,9707
11592.18,5654,9707
11592.312,5655,9707
11593.582,5656,9707
11593.687,5657,9709
11593.889,5658,9709
11595.276,5659,9712
11595.295,5660,9712
11595.323,5661,9712
11601.218,5662,9712
11611.49,5663,9714
11613.744,5664,9715
11613.884,5665,9715
11616.286,5666,9715
11616.677,5667,9715
11617.153,5668,9717
11621.515,5669,9717
11631.777,5670,9718
11633.752,5671,9718
11633.794,5672,9719
11635.281,5673,9719
11643.73,5674,9719
11645.936,5675,9719
11646.066,5676,9720
11646.599,5677,9720
11652.042,5678,9722
11655.921,5679,9723
11656.098,5680,9724
11658.822,5681,9724
11659.724,5682,9725
11662.38,5683,9726
11662.558,5684,9727
11662.709,5685,9727
11664.21,5686,9727
11674.641,5687,9727
11682.268,5688,9728
11700.812,5689,9728
11716.813,5690,9729
11716.845,5691,9729
11716.871,5692,9729
11716.884,5693,9731
11716.906,5694,9731
11717.002,5695,9731
11717.05,5696,9732
11717.075,5697,9732
11717.114,5698,9733
11717.309,5699,9733
11717.4,5700,9740
11717.907,5701,9740
11718.04,5702,9743
11718.201,5703,9744
11718.511,5704,9747
11718.569,5705,9749
11718.863,5706,9749
11718.882,5707,9749
11719.327,5708,9749
11719.394,5709,9750
11719.471,5710,9751
11719.588,5711,9751
11720.143,5712,9751
11720.713,5713,9752
11721.042,5714,9752
11721.078,5715,9753
11721.905,5716,9754
11723.145,5717,9755
11723.362,5718,9756
11727.847,5719,9757
11728.845,5720,9757
11730.746,5721,9757
11730.969,5722,9758
11731.452,5723,9759
11732.652,5724,9759
11766.102,5725,9759
11780.026,5726,9760
11780.977,5727,9760
11783.116,5728,9760
11785.5,5729,9760
11785.56,5730,9760
11786.822,5731,9760
11787.829,5732,9760
11790.96,5733,9760
11795.229,5734,9761
11804.122,5735,9765
11808.298,5736,9765
11811.513,5737,9767
11811.633,5738,9768
11815.227,5739,9768
11817.745,5740,9768
11831.535,5741,9769
11838.263,5742,9769
11863.749,5743,9769
11864.222,5744,9769
11868.102,5745,9771
11869.378,5746,9771
11871.87,5747,9771
11875.004,5748,9771
11875.1,5749,9771
11876.405,5750,9772
11876.499,5751,9772
11877.294,5752,9772
11877.872,5753,9772
11880.604,5754,9772
11883.228,5755,9772
11884.339,5756,9773
11889.037,5757,9773
11889.487,5758,9773
11891.639,5759,9773
11892.595,5760,9773
11899.308,5761,9773
11901.496,5762,9773
11918.097,5763,9773
11920.027,5764,9773
11928.595,5765,9774
11928.624,5766,9775
11929.47,5767,9775
11933.209,5768,9776
11933.275,5769,9778
11936.863,5770,9778
11936.92,5771,9778
11937.44,5772,9778
11937.473,5773,9782
11937.593,5774,9782
11938.554,5775,9782
11939.548,5776,9783
11947.313,5777,9783
11954.421,5778,9783
11961.885,5779,9783
11961.905,5780,9783
11962.259,5781,9784
11962.462,5782,9784
11962.526,5783,9784
11963.159,5784,9784
11963.593,5785,9784
11964.654,5786,9784
11964.799,5787,9784
11966.408,5788,9784
11966.939,5789,9784
11967.149,5790,9784
11967.849,5791,9784
11970.789,5792,9784
11970.805,5793,9785
11982.316,5794,9785
11986.954,5795,9785
11994.664,5796,9785
12000.133,5797,9785
12000.177,5798,9785
12000.487,5799,9785
12000.53,5800,9785
12000.957,5801,9785
12001.156,5802,9785
12001.198,5803,9785
12001.545,5804,9785
12007.791,5805,9785
12019.735,5806,9785
12029.712,5807,9785
12030.642,5808,9785
12032.176,5809,9785
12032.539,5810,9785
12032.661,5811,9785
12032.79,5812,9785
12036.72,5813,9787
12054.133,5814,9787
12054.5,5815,9787
12054.652,5816,9787
12065.434,5817,9787
12069.12,5818,9790
12070.188,5819,9791
12072.735,5820,9793
12072.933,5821,9795
12073.567,5822,9795
12073.99,5823,9796
12074.199,5824,9796
12075.55,5825,9796
12077.779,5826,9797
12080.444,5827,9798
12080.61,5828,9798
12088.505,5829,9798
12099.785,5830,9800
12100.377,5831,9800
12100.99,5832,9800
12101.24,5833,9801
12104.012,5834,9801
12112.709,5835,9801
12125.905,5836,9803
12141.313,5837,9803
12141.841,5838,9803
12146.857,5839,9806
12155.651,5840,9810
12155.834,5841,9811
12157.565,5842,9811
12194.915,5843,9811
12194.943,5844,9811
12195.097,5845,9813
12197.728,5846,9814
12202.29,5847,9815
12202.492,5848,9815
12206.738,5849,9815
12215.633,5850,9815
12216.998,5851,9815
12225.076,5852,9815
12225.258,5853,9815
12226.442,5854,9815
12227.462,5855,9815
12227.907,5856,9815
12231.206,5857,9815
12237.082,5858,9815
12254.53,5859,9816
12270.434,5860,9816
12271.179,5861,9816
12273.397,5862,9816
12291.66,5863,9816
12291.698,5864,9817
12294.724,5865,9819
12297.753,5866,9819
12298.323,5867,9819
12301.646,5868,9819
12301.708,5869,9821
12302.771,5870,9822
12312.694,5871,9822
12315.344,5872,9825
12316.173,5873,9825
12318.299,5874,9825
12326.378,5875,9825
12332.996,5876,9826
12333.356,5877,9826
12333.468,5878,9826
12333.63,5879,9826
12335.827,5880,9827
12336.935,5881,9828
12352.056,5882,9828
12358.377,5883,9829
12358.603,5884,9830
12362.246,5885,9830
12380.274,5886,9831
12380.649,5887,9831
12380.967,5888,9831
12386.876,5889,9831
12393.049,5890,9831
12394.352,5891,9831
12394.775,5892,9831
12394.881,5893,9831
12418.338,5894,9831
12419.133,5895,9831
12421.319,5896,9831
12428.259,5897,9831
12428.311,5898,9831
12428.613,5899,9831
12428.903,5900,9832
12429.847,5901,9832
12431.166,5902,9832
12431.458,5903,9832
12431.983,5904,9832
12435.428,5905,9832
12453.62,5906,9832
12456.956,5907,9832
12475.795,5908,9832
12476.781,5909,9832
12476.796,5910,9832
12477.176,5911,9832
12477.405,5912,9832
12477.453,5913,9832
12477.678,5914,9832
12477.883,5915,9832
12479.872,5916,9847
12480.928,5917,9847
12482.242,5918,9847
12484.121,5919,9847
12484.941,5920,9847
12485.177,5921,9847
12491.087,5922,9847
12498.068,5923,9847
12499.589,5924,9849
12502.013,5925,9851
12504.483,5926,9851
12505.682,5927,9851
12507.304,5928,9852
12507.674,5929,9853
12507.852,5930,9853
12509.913,5931,9853
12514.762,5932,9853
12525.198,5933,9854
12530.903,5934,9854
12538.192,5935,9854
12538.375,5936,9854
12539.352,5937,9854
12539.513,5938,9854
12557.424,5939,9854
12557.449,5940,9854
12579.64,5941,9854
12616.695,5942,9854
12616.724,5943,9854
12618.927,5944,9854
12652.033,5945,9855
12653.517,5946,9856
12661.514,5947,9856
12669.974,5948,9856
12671.23,5949,9856
12672.118,5950,9856
12672.145,5951,9856
12672.339,5952,9856
12672.362,5953,9856
12672.495,5954,9856
12672.695,5955,9856
12672.78,5956,9856
12673.085,5957,9856
12673.403,5958,9856
12673.431,5959,9856
12673.753,5960,9856
12673.85,5961,9856
12674.231,5962,9856
12675.889,5963,9856
12677.379,5964,9857
12678.637,5965,9857
12679.904,5966,9858
12680.235,5967,9858
12681.077,5968,9858
12682.655,5969,9858
12683.165,5970,9858
12683.659,5971,9858
12684.426,5972,9858
12685.309,5973,9859
12686.898,5974,9859
12687.159,5975,9859
12688.662,5976,9859
12699.219,5977,9859
12701.833,5978,9859
12702.735,5979,9859
12719.278,5980,9859
12722.021,5981,9859
12723.044,5982,9859
12743.417,5983,9859
12743.608,5984,9860
12763.152,5985,9861
12763.19,5986,9862
12763.266,5987,9863
12763.282,5988,9863
12763.318,5989,9864
12763.334,5990,9864
12763.41,5991,9865
12763.448,5992,9866
12763.843,5993,9867
12764.028,5994,9868
12764.1,5995,9869
12807.847,5996,9869
12807.907,5997,9869
12823.739,5998,9869
12835.943,5999,9869
12836.149,6000,9869
12836.588,6001,9869
12836.627,6002,9869
12838.401,6003,9869
12838.597,6004,9869
12838.657,6005,9869
12840.988,6006,9869
12842.391,6007,9869
12846.238,6008,9869
12854.216,6009,9869
12864.97,6010,9869
12883.91,6011,9869
12884.083,6012,9869
12884.546,6013,9869
12919.63,6014,9870
12926.56,6015,9870
12931.647,6016,9870
12933.604,6017,9870
12936.185,6018,9870
12940.043,6019,9870
12943.269,6020,9870
12965.08,6021,9870
12973.321,6022,9870
12981.839,6023,9870
12984.849,6024,9870
12991.317,6025,9870
13005.978,6026,9870
13009.075,6027,9870
13014.967,6028,9870
13015.375,6029,9870
13032.218,6030,9870
13048.823,6031,9870
13049.479,6032,9870
13059.394,6033,9870
13063.758,6034,9870
13077.403,6035,9871
13086.548,6036,9872
13087.153,6037,9872
13088.607,6038,9872
13093.217,6039,9872
13099.516,6040,9872
13099.618,6041,9872
13099.9,6042,9872
13099.999,6043,9872
13100.045,6044,9872
13101.607,6045,9872
13150.331,6046,9872
13161.335,6047,9872
13168.949,6048,9872
13169.221,6049,9872
13169.306,6050,9875
13169.809,6051,9876
13170.046,6052,9876
13171.002,6053,9876
13175.471,6054,9876
13176.793,6055,9876
13191.264,6056,9876
13204.073,6057,9877
13219.313,6058,9877
13219.879,6059,9877
13220.693,6060,9877
13220.868,6061,9877
13221.189,6062,9877
13221.601,6063,9877
13222.105,6064,9877
13223.953,6065,9877
13224.112,6066,9877
13224.335,6067,9877
13224.751,6068,9877
13225.273,6069,9877
13228.716,6070,9877
13230.626,6071,9877
13231.295,6072,9877
13238.613,6073,9877
13241.224,6074,9877
13241.613,6075,9877
13250.329,6076,9877
13252.377,6077,9877
13254.115,6078,9877
13260.047,6079,9877
13276.748,6080,9877
13277.153,6081,9877
13291.923,6082,9877
13299.168,6083,9878
13339.898,6084,9878
13365.901,6085,9880
13381.095,6086,9880
13385.45,6087,9880
13385.473,6088,9880
13425.237,6089,9880
13433.931,6090,9880
13443.464,6091,9880
13443.567,6092,9880
13444.434,6093,9880
13445.473,6094,9880
13451.938,6095,9880
13452.93,6096,9883
13457.022,6097,9883
13457.323,6098,9883
13462.898,6099,9883
13467.616,6100,9885
13468.658,6101,9887
13505.355,6102,9887
13531.178,6103,9887
13549.436,6104,9887
13614.221,6105,9887
13615.886,6106,9887
13621.2,6107,9887
13625.98,6108,9888
13667.356,6109,9888
13674.016,6110,9888
13675.187,6111,9888
13677.009,6112,9888
13678.382,6113,9889
13679.894,6114,9889
13681.279,6115,9889
13681.38,6116,9889
13687.015,6117,9889
13687.53,6118,9889
13691.705,6119,9891
13693.174,6120,9891
13698.783,6121,9891
13699.095,6122,9891
13710.04,6123,9891
13733.143,6124,9891
13733.248,6125,9913
13733.276,6126,9913
13757.889,6127,9913
13771.979,6128,9913
13791.511,6129,9913
13791.52,6130,9913
13792.011,6131,9913
13792.167,6132,9915
13793.023,6133,9915
13793.855,6134,9916
13794.853,6135,9921
13800.601,6136,9921
13802.08,6137,9921
13804.928,6138,9921
13811.243,6139,9922
13845.513,6140,9922
13846.016,6141,9923
13871.614,6142,9923
13898.044,6143,9928
13898.079,6144,9928
13927.709,6145,9935
13927.759,6146,9935
13927.975,6147,9935
13928.036,6148,9935
13954.902,6149,9936
13955.838,6150,9936
14008.837,6151,9936
14013.273,6152,9936
14026.344,6153,9937
14029.45,6154,9937
14046.081,6155,9938
14055.41,6156,9938
14067.345,6157,9938
14076.819,6158,9938
14082.194,6159,9938
14097.093,6160,9938
14120.152,6161,9939
14137.029,6162,9939
14138.653,6163,9940
14146.434,6164,9940
14148.045,6165,9940
14148.189,6166,9940
14148.354,6167,9940
14150.101,6168,9940
14150.247,6169,9940
14156.849,6170,9940
14161.655,6171,9940
14163.686,6172,9940
14165.517,6173,9940
14190.867,6174,9940
14209.433,6175,9940
14210.702,6176,9940
14217.07,6177,9940
14217.19,6178,9940
14217.197,6179,9940
14220.213,6180,9941
14221.281,6181,9941
14222.616,6182,9941
14225.642,6183,9941
14227.289,6184,9941
14227.867,6185,9941
14235.818,6186,9941
14248.407,6187,9941
14248.511,6188,9941
14249.074,6189,9941
14266.59,6190,9941
14266.75,6191,9941
14267.928,6192,9942
14268.997,6193,9942
14269.189,6194,9942
14283.962,6195,9942
14284.718,6196,9942
14284.879,6197,9942
14291.1,6198,9942
14312.124,6199,9943
14312.24,6200,9943
14313.044,6201,9943
14313.517,6202,9943
14313.844,6203,9943
14313.875,6204,9943
14314.663,6205,9943
14315.018,6206,9943
14316.032,6207,9943
14316.319,6208,9943
14317.19,6209,9944
14319.291,6210,9944
14319.884,6211,9944
14320.363,6212,9944
14320.97,6213,9944
14321.145,6214,9946
14322.059,6215,9946
14323.16,6216,9946
14324.65,6217,9946
14325.51,6218,9947
14329.485,6219,9947
14357.823,6220,9947
14357.87,6221,9948
14363.889,6222,9948
14370.464,6223,9955
14370.792,6224,9957
14372.693,6225,9957
14373.212,6226,9957
14380.362,6227,9957
14381.365,6228,9957
14381.467,6229,9957
14381.736,6230,9957
14384.645,6231,9957
14396.142,6232,9957
14411.838,6233,9957
14412.124,6234,9957
14412.259,6235,9957
14412.613,6236,9957
14412.783,6237,9957
14412.845,6238,9957
14412.88,6239,9957
14413.541,6240,9957
14413.797,6241,9957
14414.222,6242,9957
14414.382,6243,9957
14415.513,6244,9957
14416.82,6245,9957
14417.069,6246,9957
14418.049,6247,9957
14418.991,6248,9957
14419.217,6249,9957
14419.289,6250,9957
14430.771,6251,9959
14432.0,6252,9961
14442.581,6253,9961
14442.666,6254,9961
14443.662,6255,9961
14443.736,6256,9961
14444.244,6257,9961
14477.539,6258,9961
14485.094,6259,9961
14486.323,6260,9961
14495.867,6261,9961
14496.843,6262,9961
14518.476,6263,9961
14519.211,6264,9961
14519.237,6265,9961
14546.049,6266,9961
14553.539,6267,9962
14560.574,6268,9962
14596.171,6269,9962
14622.647,6270,9962
14627.662,6271,9962
14676.948,6272,9962
14682.413,6273,9962
14682.931,6274,9962
14689.074,6275,9965
14689.313,6276,9965
14691.073,6277,9965
14691.547,6278,9966
14723.809,6279,9967
14737.88,6280,9967
14759.814,6281,9967
14768.285,6282,9967
14768.396,6283,9967
14768.941,6284,9967
14776.738,6285,9967
14780.128,6286,9967
14782.06,6287,9967
14797.522,6288,9967
14807.643,6289,9967
14807.731,6290,9967
14824.19,6291,9967
14824.209,6292,9967
14824.244,6293,9968
14824.266,6294,9968
14824.383,6295,9969
14824.467,6296,9970
14824.642,6297,9971
14824.673,6298,9971
14825.491,6299,9971
14828.39,6300,9971
14828.869,6301,9971
14828.983,6302,9971
14829.338,6303,9971
14829.858,6304,9971
14830.499,6305,9971
14837.035,6306,9971
14859.516,6307,9971
14864.028,6308,9971
14864.241,6309,9971
14865.029,6310,9971
14865.902,6311,9972
14866.604,6312,9972
14887.464,6313,9976
14892.692,6314,9976
14900.34,6315,9976
14900.493,6316,9976
14902.998,6317,9977
14903.505,6318,9977
14904.374,6319,9978
14905.965,6320,9978
14921.932,6321,9978
14923.126,6322,9978
14924.695,6323,9983
14934.234,6324,9983
14952.783,6325,9983
14952.805,6326,9983
14952.94,6327,9983
14953.632,6328,9983
14954.17,6329,9983
14954.506,6330,9983
14956.062,6331,9983
14958.363,6332,9983
14960.603,6333,9983
14986.325,6334,9983
14992.746,6335,9985
14992.785,6336,9986
14992.811,6337,9987
14993.184,6338,9988
14993.499,6339,9993
14994.059,6340,9993
14994.657,6341,9994
14994.819,6342,9997
14995.146,6343,9997
14996.054,6344,9999
14997.661,6345,10001
14998.444,6346,10003
14998.822,6347,10004
15000.205,6348,10006
15004.494,6349,10011
15028.684,6350,10011
15028.735,6351,10011
15028.815,6352,10012
15029.185,6353,10014
15029.473,6354,10014
15029.773,6355,10015
15030.244,6356,10016
15030.705,6357,10016
15031.231,6358,10016
15046.593,6359,10016
15049.238,6360,10016
15066.708,6361,10016
15066.722,6362,10016
15066.742,6363,10016
15066.852,6364,10016
15078.975,6365,10016
15084.939,6366,10016
15085.026,6367,10016
15085.52,6368,10018
15085.596,6369,10018
15086.545,6370,10018
15087.047,6371,10018
15091.984,6372,10018
15092.52,6373,10018
15096.403,6374,10018
15096.676,6375,10018
15097.64,6376,10028
15118.928,6377,10028
15120.15,6378,10028
15135.75,6379,10028
15136.005,6380,10028
15137.634,6381,10028
15142.706,6382,10028
15147.759,6383,10028
15162.157,6384,10028
15163.458,6385,10028
15163.975,6386,10028
15164.751,6387,10028
15165.635,6388,10028
15167.122,6389,10028
15168.148,6390,10028
15170.563,6391,10028
15192.373,6392,10028
15193.928,6393,10028
15194.66,6394,10029
15196.612,6395,10029
15198.675,6396,10029
15199.166,6397,10029
15200.498,6398,10029
15203.572,6399,10029
15203.78,6400,10029
15204.303,6401,10030
15204.557,6402,10030
15225.717,6403,10030
15231.786,6404,10030
15242.747,6405,10030
15264.849,6406,10030
15268.641,6407,10031
15272.475,6408,10032
15279.606,6409,10032
15286.834,6410,10032
15311.83,6411,10032
15312.764,6412,10032
15323.417,6413,10032
15333.582,6414,10032
15346.283,6415,10032
15346.397,6416,10032
15354.575,6417,10032
15362.391,6418,10032
15368.944,6419,10032
15370.098,6420,10032
15370.303,6421,10032
15380.92,6422,10032
15402.663,6423,10032
15402.69,6424,10032
15410.758,6425,10032
15411.897,6426,10032
15411.95,6427,10032
15412.01,6428,10032
15412.047,6429,10032
15412.254,6430,10032
15412.281,6431,10032
15412.578,6432,10032
15412.799,6433,10032
15412.919,6434,10032
15414.471,6435,10032
15414.751,6436,10032
15417.967,6437,10032
15418.047,6438,10032
15418.433,6439,10032
15420.045,6440,10032
15420.411,6441,10033
15421.411,6442,10033
15421.767,6443,10035
15428.872,6444,10035
15444.215,6445,10035
15445.341,6446,10035
15464.436,6447,10036
15471.369,6448,10036
15471.388,6449,10036
15471.434,6450,10036
15472.475,6451,10036
15473.303,6452,10036
15473.674,6453,10036
15488.636,6454,10037
15498.276,6455,10037
15498.647,6456,10037
15500.87,6457,10037
15500.898,6458,10037
15501.423,6459,10037
15503.744,6460,10041
15505.765,6461,10041
15506.06,6462,10041
15506.441,6463,10041
15506.688,6464,10041
15512.23,6465,10041
15513.123,6466,10042
15513.975,6467,10042
15514.506,6468,10042
15520.19,6469,10043
15530.641,6470,10043
15530.8,6471,10058
15540.869,6472,10058
15552.614,6473,10058
15615.922,6474,10058
15616.405,6475,10058
15616.631,6476,10058
15616.664,6477,10059
15619.919,6478,10059
15626.266,6479,10059
15627.603,6480,10059
15634.455,6481,10061
15634.563,6482,10063
15634.706,6483,10065
15635.301,6484,10067
15635.992,6485,10067
15638.374,6486,10068
15638.564,6487,10074
15670.932,6488,10074
15679.143,6489,10074
15689.019,6490,10074
15690.929,6491,10074
15703.108,6492,10077
15703.333,6493,10080
15703.866,6494,10080
15711.985,6495,10081
15722.206,6496,10081
15780.155,6497,10081
15793.685,6498,10081
15802.637,6499,10081
15803.033,6500,10082
15803.502,6501,10082
15823.785,6502,10084
15826.609,6503,10084
15826.839,6504,10084
15826.853,6505,10084
15835.187,6506,10084
15845.421,6507,10084
15852.482,6508,10085
15874.108,6509,10096
15881.739,6510,10096
15882.007,6511,10096
15882.347,6512,10096
15883.93,6513,10097
15884.223,6514,10097
15884.875,6515,10097
15886.485,6516,10102
15887.724,6517,10103
15888.667,6518,10103
15889.069,6519,10104
15889.724,6520,10107
15890.743,6521,10108
15892.782,6522,10109
15904.123,6523,10111
15904.187,6524,10111
15904.291,6525,10111
15905.081,6526,10111
15905.158,6527,10111
15905.205,6528,10111
15905.815,6529,10111
15907.04,6530,10112
15941.833,6531,10112
15950.11,6532,10116
15950.262,6533,10120
15950.342,6534,10120
15950.351,6535,10121
15950.668,6536,10122
15950.969,6537,10122
15951.137,6538,10123
15951.776,6539,10124
15952.454,6540,10125
15953.499,6541,10127
15955.206,6542,10127
15958.07,6543,10128
15959.49,6544,10128
15960.679,6545,10130
15961.161,6546,10131
15964.223,6547,10131
15969.249,6548,10131
15970.127,6549,10131
15981.856,6550,10132
15990.34,6551,10136
15992.518,6552,10136
15997.534,6553,10136
15998.038,6554,10137
15998.13,6555,10137
15998.407,6556,10137
16000.083,6557,10138
16002.51,6558,10138
16002.54,6559,10138
16008.199,6560,10138
16008.333,6561,10138
16011.409,6562,10138
16019.484,6563,10138
16025.422,6564,10138
16028.61,6565,10139
16031.735,6566,10139
16032.52,6567,10145
16032.96,6568,10147
16034.615,6569,10147
16038.304,6570,10147
16040.056,6571,10147
16040.322,6572,10147
16045.967,6573,10148
16060.711,6574,10148
16068.059,6575,10149
16081.739,6576,10149
16104.391,6577,10149
16105.44,6578,10149
16106.841,6579,10149
16120.881,6580,10149
16128.105,6581,10150
16160.834,6582,10150
16160.855,6583,10150
16160.973,6584,10150
16162.265,6585,10152
16163.081,6586,10153
16192.322,6587,10153
16197.459,6588,10153
16197.491,6589,10155
16197.633,6590,10155
16197.681,6591,10155
16199.047,6592,10156
16203.459,6593,10156
16203.518,6594,10156
16204.836,6595,10157
16205.715,6596,10157
16209.791,6597,10157
16217.297,6598,10157
16218.794,6599,10157
16224.721,6600,10158
16225.364,6601,10158
16226.347,6602,10158
16228.095,6603,10158
16243.738,6604,10158
16277.184,6605,10158
16277.93,6606,10158
16330.181,6607,10158
16330.254,6608,10158
16332.186,6609,10158
16333.157,6610,10158
16338.641,6611,10159
16341.615,6612,10159
16354.176,6613,10159
16376.756,6614,10159
16377.475,6615,10159
16383.443,6616,10159
16407.107,6617,10160
16414.869,6618,10160
16438.746,6619,10160
16440.466,6620,10160
16460.406,6621,10160
16468.769,6622,10160
16477.552,6623,10160
16477.871,6624,10161
16496.805,6625,10161
16511.37,6626,10161
16517.845,6627,10161
16517.876,6628,10161
16517.956,6629,10161
16519.387,6630,10161
16519.859,6631,10161
16520.836,6632,10161
16523.566,6633,10161
16523.622,6634,10161
16524.741,6635,10161
16542.906,6636,10161
16543.059,6637,10161
16543.135,6638,10161
16543.78,6639,10161
16544.951,6640,10161
16545.194,6641,10161
16545.948,6642,10161
16549.149,6643,10161
16549.401,6644,10162
16553.093,6645,10162
16565.915,6646,10162
16580.501,6647,10162
16580.532,6648,10162
16580.81,6649,10162
16581.586,6650,10164
16592.484,6651,10164
16592.533,6652,10164
16592.564,6653,10164
16592.615,6654,10164
16593.661,6655,10164
16594.074,6656,10164
16594.1,6657,10164
16594.18,6658,10164
16594.594,6659,10164
16595.797,6660,10164
16595.942,6661,10164
16597.363,6662,10164
16597.871,6663,10164
16598.625,6664,10164
16600.575,6665,10164
16602.91,6666,10164
16605.134,6667,10164
16605.406,6668,10164
16605.6,6669,10164
16606.655,6670,10164
16612.407,6671,10164
16612.721,6672,10164
16616.735,6673,10164
16618.033,6674,10164
16619.702,6675,10165
16634.151,6676,10165
16655.174,6677,10165
16655.914,6678,10165
16659.425,6679,10165
16660.604,6680,10165
16660.63,6681,10165
16667.046,6682,10169
16681.901,6683,10169
16681.924,6684,10169
16681.94,6685,10169
16682.947,6686,10169
16683.205,6687,10169
16683.292,6688,10169
16684.02,6689,10169
16684.299,6690,10169
16684.357,6691,10169
16684.51,6692,10169
16684.888,6693,10169
16684.961,6694,10169
16685.229,6695,10169
16686.074,6696,10169
16686.13,6697,10169
16688.422,6698,10169
16688.559,6699,10169
16688.701,6700,10169
16690.076,6701,10169
16690.203,6702,10169
16690.714,6703,10169
16692.325,6704,10169
16693.214,6705,10169
16693.341,6706,10169
16694.102,6707,10170
16694.934,6708,10170
16694.957,6709,10170
16695.04,6710,10170
16697.807,6711,10170
16698.55,6712,10170
16699.313,6713,10170
16699.445,6714,10170
16699.774,6715,10170
16712.256,6716,10171
16737.007,6717,10171
16737.615,6718,10171
16746.59,6719,10171
16768.279,6720,10171
16768.748,6721,10173
16768.899,6722,10173
16769.182,6723,10178
16769.398,6724,10178
16769.465,6725,10178
16769.609,6726,10178
16769.674,6727,10179
16769.864,6728,10179
16770.097,6729,10179
16770.199,6730,10180
16770.65,6731,10180
16772.692,6732,10180
16773.992,6733,10181
16775.352,6734,10182
16775.946,6735,10182
16778.063,6736,10182
16780.746,6737,10190
16781.272,6738,10190
16798.298,6739,10190
16805.02,6740,10190
16812.224,6741,10190
16814.617,6742,10234
16815.247,6743,10236
16815.264,6744,10236
16815.332,6745,10238
16815.558,6746,10239
16815.566,6747,10239
16815.666,6748,10241
16815.693,6749,10241
16815.781,6750,10250
16877.54,6751,10250
16877.582,6752,10250
16877.622,6753,10250
16877.636,6754,10250
16890.543,6755,10252
16893.094,6756,10252
16901.247,6757,10252
16901.403,6758,10252
16908.41,6759,10255
16915.354,6760,10255
16915.611,6761,10255
16926.014,6762,10255
16926.656,6763,10255
16929.268,6764,10255
16934.169,6765,10255
16934.358,6766,10255
16935.892,6767,10255
16938.526,6768,10255
16945.875,6769,10255
16946.396,6770,10255
16947.242,6771,10255
16947.645,6772,10255
16948.832,6773,10255
16959.794,6774,10255
16972.954,6775,10256
16978.072,6776,10256
16978.208,6777,10258
16979.087,6778,10258
16981.923,6779,10258
16983.312,6780,10258
16986.567,6781,10258
16988.473,6782,10258
16991.395,6783,10258
16993.978,6784,10258
16998.47,6785,10258
16998.505,6786,10258
16998.524,6787,10258
16999.81,6788,10258
17007.642,6789,10258
17007.697,6790,10259
17008.057,6791,10260
17008.321,6792,10260
17008.38,6793,10260
17008.81,6794,10262
17009.113,6795,10262
17009.418,6796,10263
17010.275,6797,10263
17014.579,6798,10263
17016.994,6799,10266
17019.544,6800,10266
17022.323,6801,10266
17031.249,6802,10266
17032.244,6803,10266
17033.013,6804,10266
17033.054,6805,10266
17033.126,6806,10266
17034.615,6807,10267
17035.064,6808,10268
17046.334,6809,10269
17049.212,6810,10269
17064.571,6811,10269
17064.601,6812,10269
17065.298,6813,10269
17066.262,6814,10269
17066.66,6815,10269
17066.742,6816,10269
17067.189,6817,10270
17067.655,6818,10270
17074.614,6819,10270
17080.965,6820,10270
17081.092,6821,10270
17094.587,6822,10270
17094.893,6823,10270
17104.655,6824,10270
17111.406,6825,10270
17117.82,6826,10270
17132.296,6827,10270
17134.163,6828,10270
17171.719,6829,10270
17171.761,6830,10270
17185.216,6831,10272
17185.269,6832,10274
17203.282,6833,10275
17213.146,6834,10275
17221.278,6835,10277
17230.83,6836,10277
17230.96,6837,10277
17231.653,6838,10277
17233.886,6839,10277
17235.887,6840,10277
17237.232,6841,10277
17237.887,6842,10278
17247.695,6843,10278
17252.337,6844,10278
17265.503,6845,10281
17267.285,6846,10281
17267.3,6847,10281
17267.317,6848,10281
17267.337,6849,10281
17267.515,6850,10281
17267.848,6851,10281
17268.612,6852,10281
17269.149,6853,10281
17269.444,6854,10281
17269.987,6855,10281
17270.234,6856,10281
17273.717,6857,10281
17274.959,6858,10281
17285.463,6859,10281
17285.601,6860,10281
17293.188,6861,10281
17301.884,6862,10282
17311.669,6863,10284
17311.721,6864,10284
17312.282,6865,10284
17313.59,6866,10284
17313.788,6867,10284
17313.87,6868,10284
17314.296,6869,10284
17318.032,6870,10284
17322.72,6871,10284
17324.181,6872,10284
17325.173,6873,10284
17325.894,6874,10284
17325.913,6875,10284
17326.211,6876,10284
17326.239,6877,10284
17328.911,6878,10284
17329.428,6879,10284
17329.963,6880,10284
17330.522,6881,10286
17330.559,6882,10286
17331.25,6883,10286
17331.533,6884,10286
17333.167,6885,10286
17336.546,6886,10286
17337.252,6887,10286
17337.638,6888,10286
17339.587,6889,10286
17351.028,6890,10286
17402.331,6891,10286
17403.06,6892,10286
17411.622,6893,10288
17412.436,6894,10288
17412.503,6895,10288
17422.546,6896,10288
17425.572,6897,10288
17431.847,6898,10288
17432.103,6899,10288
17433.227,6900,10288
17438.695,6901,10288
17438.825,6902,10288
17439.683,6903,10288
17439.759,6904,10288
17439.838,6905,10288
17441.064,6906,10288
17446.723,6907,10288
17447.953,6908,10288
17462.695,6909,10288
17463.297,6910,10288
17468.66,6911,10288
17468.683,6912,10288
17468.705,6913,10288
17468.738,6914,10288
17468.807,6915,10288
17468.856,6916,10288
17468.875,6917,10288
17468.911,6918,10288
17468.933,6919,10288
17470.037,6920,10288
17470.441,6921,10288
17472.777,6922,10288
17472.965,6923,10288
17475.253,6924,10288
17476.217,6925,10288
17478.544,6926,10289
17478.98,6927,10290
17480.516,6928,10290
17483.486,6929,10290
17484.884,6930,10292
17485.369,6931,10292
17491.551,6932,10293
17492.123,6933,10294
17493.73,6934,10294
17518.894,6935,10294
17520.667,6936,10294
17520.693,6937,10294
17520.72,6938,10294
17520.739,6939,10294
17520.86,6940,10294
17521.324,6941,10294
17521.881,6942,10294
17526.0,6943,10294
17533.897,6944,10294
17536.002,6945,10294
17553.103,6946,10294
17559.058,6947,10294
17560.498,6948,10294
17561.991,6949,10294
17563.638,6950,10294
17564.099,6951,10294
17567.445,6952,10295
17571.176,6953,10295
17571.38,6954,10295
17581.653,6955,10296
17582.126,6956,10296
17582.815,6957,10298
17599.054,6958,10299
17599.061,6959,10299
17606.764,6960,10299
17606.875,6961,10299
17607.356,6962,10299
17607.402,6963,10299
17608.137,6964,10300
17609.157,6965,10300
17609.24,6966,10300
17611.792,6967,10300
17613.53,6968,10300
17613.597,6969,10301
17614.53,6970,10301
17616.92,6971,10301
17623.615,6972,10301
17623.916,6973,10301
17625.333,6974,10301
17626.972,6975,10301
17627.488,6976,10301
17628.209,6977,10301
17631.48,6978,10301
17635.451,6979,10301
17636.32,6980,10301
17651.798,6981,10301
17657.629,6982,10301
17657.764,6983,10301
17661.331,6984,10301
17672.829,6985,10301
17672.886,6986,10301
17673.049,6987,10301
17697.603,6988,10301
17697.668,6989,10301
17699.631,6990,10301
17704.761,6991,10302
17711.735,6992,10302
17713.823,6993,10302
17740.005,6994,10302
17740.022,6995,10302
17740.045,6996,10302
17740.082,6997,10302
17740.102,6998,10302
17740.132,6999,10302
17740.151,7000,10302
17741.568,7001,10302
17741.856,7002,10302
17741.99,7003,10302
17742.127,7004,10302
17742.242,7005,10302
17742.974,7006,10302
17743.843,7007,10302
17747.439,7008,10302
17747.601,7009,10302
17748.115,7010,10302
17751.183,7011,10304
17753.641,7012,10304
17754.211,7013,10304
17773.875,7014,10304
17775.292,7015,10304
17776.001,7016,10304
17817.252,7017,10304
17825.645,7018,10304
17826.257,7019,10304
17828.077,7020,10304
17828.489,7021,10304
17829.512,7022,10304
17829.933,7023,10304
17829.96,7024,10304
17830.205,7025,10304
17830.688,7026,10304
17831.999,7027,10304
17834.069,7028,10304
17837.153,7029,10304
17838.497,7030,10304
17846.902,7031,10304
17855.381,7032,10304
17857.634,7033,10304
17858.38,7034,10304
17859.69,7035,10304
17860.931,7036,10304
17861.64,7037,10304
17875.441,7038,10304
17877.244,7039,10304
17877.325,7040,10304
17877.691,7041,10304
17879.132,7042,10304
17879.662,7043,10304
17879.778,7044,10304
17881.305,7045,10304
17885.423,7046,10305
17885.51,7047,10305
17888.642,7048,10307
17889.126,7049,10308
17896.439,7050,10308
17898.141,7051,10308
17898.739,7052,10309
17901.345,7053,10309
17902.523,7054,10310
17902.853,7055,10310
17903.072,7056,10310
17906.947,7057,10310
17907.033,7058,10310
17907.745,7059,10310
17908.076,7060,10310
17908.44,7061,10310
17911.973,7062,10310
17912.474,7063,10310
17912.909,7064,10310
17913.267,7065,10310
17914.24,7066,10310
17918.953,7067,10310
17918.973,7068,10310
17919.043,7069,10310
17919.075,7070,10310
17919.113,7071,10310
17919.739,7072,10310
17920.357,7073,10310
17921.045,7074,10310
17921.63,7075,10310
17922.452,7076,10310
17923.105,7077,10310
17923.44,7078,10310
17924.894,7079,10310
17927.303,7080,10310
17928.899,7081,10310
17929.156,7082,10310
17930.377,7083,10310
17931.253,7084,10310
17931.572,7085,10310
17934.005,7086,10310
17934.651,7087,10310
17940.755,7088,10310
17940.95,7089,10310
17946.721,7090,10310
17949.433,7091,10310
17949.68,7092,10311
17950.196,7093,10311
17954.422,7094,10311
17955.264,7095,10311
17959.864,7096,10311
17961.036,7097,10311
17961.247,7098,10311
17961.552,7099,10311
17962.625,7100,10311
17966.363,7101,10311
17983.377,7102,10311
17983.515,7103,10311
17984.661,7104,10312
17991.041,7105,10313
17992.16,7106,10313
18005.147,7107,10313
18006.633,7108,10313
18009.145,7109,10313
18010.391,7110,10313
18015.205,7111,10313
18016.603,7112,10313
18041.918,7113,10313
18043.087,7114,10313
18045.348,7115,10314
18045.542,7116,10315
18046.028,7117,10316
18046.944,7118,10316
18053.476,7119,10316
18054.621,7120,10316
18054.639,7121,10316
18059.783,7122,10317
18060.765,7123,10317
18060.862,7124,10317
18061.838,7125,10317
18062.275,7126,10318
18063.84,7127,10318
18066.809,7128,10318
18066.999,7129,10318
18073.553,7130,10318
18075.043,7131,10318
18078.727,7132,10318
18093.875,7133,10318
18095.625,7134,10318
18098.106,7135,10318
18098.13,7136,10318
18099.643,7137,10318
18099.741,7138,10318
18100.038,7139,10318
18100.076,7140,10318
18100.186,7141,10318
18100.409,7142,10318
18102.92,7143,10318
18103.86,7144,10318
18104.457,7145,10318
18105.948,7146,10318
18106.31,7147,10318
18114.074,7148,10318
18128.401,7149,10318
18129.304,7150,10318
18129.334,7151,10318
18129.787,7152,10318
18130.227,7153,10318
18131.828,7154,10318
18137.804,7155,10318
18141.562,7156,10318
18148.171,7157,10318
18148.237,7158,10318
18150.704,7159,10318
18150.8,7160,10318
18151.026,7161,10318
18151.141,7162,10318
18154.446,7163,10318
18155.983,7164,10318
18159.382,7165,10320
18159.987,7166,10320
18162.172,7167,10320
18165.375,7168,10320
18167.344,7169,10320
18168.459,7170,10320
18169.354,7171,10320
18173.751,7172,10320
18175.976,7173,10320
18180.045,7174,10320
18180.859,7175,10320
18187.569,7176,10320
18194.297,7177,10320
18203.512,7178,10320
18207.965,7179,10320
18215.337,7180,10320
18217.196,7181,10322
18223.573,7182,10322
18224.647,7183,10322
18225.022,7184,10322
18225.815,7185,10322
18244.949,7186,10322
18252.764,7187,10322
18253.594,7188,10322
18253.801,7189,10322
18253.85,7190,10322
18255.821,7191,10322
18256.51,7192,10322
18257.351,7193,10322
18258.024,7194,10322
18259.57,7195,10323
18262.92,7196,10323
18263.122,7197,10323
18263.305,7198,10323
18263.333,7199,10323
18263.355,7200,10323
18263.456,7201,10323
18265.437,7202,10323
18267.388,7203,10323
18269.843,7204,10323
18271.17,7205,10323
18271.199,7206,10323
18271.555,7207,10323
18276.847,7208,10323
18301.335,7209,10323
18307.87,7210,10323
18308.696,7211,10323
18311.094,7212,10323
18319.658,7213,10323
18333.204,7214,10323
18340.67,7215,10323
18342.204,7216,10323
18346.294,7217,10323
18347.945,7218,10323
18370.257,7219,10323
18370.563,7220,10323
18371.71,7221,10323
18373.052,7222,10323
18376.765,7223,10323
18376.782,7224,10323
18378.326,7225,10323
18381.97,7226,10323
18382.059,7227,10323
18384.298,7228,10323
18395.097,7229,10323
18399.524,7230,10323
18399.652,7231,10323
18399.666,7232,10323
18409.36,7233,10323
18412.992,7234,10324
18425.476,7235,10324
18427.392,7236,10324
18427.484,7237,10327
18438.634,7238,10327
18441.163,7239,10328
18441.891,7240,10328
18443.397,7241,10328
18445.354,7242,10328
18445.779,7243,10328
18446.267,7244,10328
18447.081,7245,10328
18447.414,7246,10328
18448.595,7247,10328
18449.034,7248,10328
18449.244,7249,10328
18449.361,7250,10328
18449.41,7251,10329
18449.606,7252,10329
18450.164,7253,10329
18450.654,7254,10329
18452.414,7255,10329
18452.59,7256,10329
18452.62,7257,10329
18453.083,7258,10331
18455.574,7259,10331
18455.718,7260,10331
18455.884,7261,10331
18456.403,7262,10331
18459.431,7263,10331
18461.568,7264,10331
18462.194,7265,10331
18463.522,7266,10332
18473.097,7267,10332
18477.673,7268,10332
18478.352,7269,10332
18485.401,7270,10332
18485.549,7271,10332
18486.405,7272,10332
18488.115,7273,10332
18488.946,7274,10332
18490.006,7275,10332
18492.413,7276,10332
18496.982,7277,10332
18498.56,7278,10332
18500.793,7279,10332
18503.435,7280,10332
18503.815,7281,10332
18504.56,7282,10332
18511.246,7283,10332
18517.336,7284,10332
18518.925,7285,10332
18534.717,7286,10332
18537.632,7287,10332
18537.645,7288,10332
18537.685,7289,10332
18538.684,7290,10332
18540.267,7291,10332
18556.21,7292,10332
18556.256,7293,10332
18556.279,7294,10332
18556.303,7295,10332
18556.326,7296,10332
18556.364,7297,10332
18557.427,7298,10332
18557.722,7299,10332
18557.97,7300,10332
18558.817,7301,10332
18560.867,7302,10332
18563.497,7303,10332
18567.953,7304,10332
18574.332,7305,10332
18576.534,7306,10332
18576.644,7307,10332
18576.669,7308,10332
18576.703,7309,10332
18578.215,7310,10332
18578.434,7311,10332
18578.693,7312,10332
18578.826,7313,10332
18580.734,7314,10332
18580.993,7315,10332
18581.601,7316,10332
18582.821,7317,10332
18582.901,7318,10332
18584.397,7319,10332
18586.432,7320,10332
18586.698,7321,10332
18589.783,7322,10332
18593.737,7323,10332
18595.367,7324,10332
18595.84,7325,10332
18596.086,7326,10332
18596.624,7327,10332
18596.841,7328,10332
18598.521,7329,10332
18599.371,7330,10332
18599.441,7331,10332
18600.635,7332,10332
18601.266,7333,10332
18602.054,7334,10332
18602.794,7335,10333
18603.132,7336,10333
18605.364,7337,10333
18605.975,7338,10333
18606.806,7339,10333
18618.392,7340,10333
18628.883,7341,10333
18629.691,7342,10333
18633.498,7343,10334
18634.59,7344,10334
18634.704,7345,10334
18634.786,7346,10334
18635.498,7347,10334
18639.135,7348,10334
18649.503,7349,10334
18651.553,7350,10334
18652.993,7351,10334
18653.288,7352,10334
18653.534,7353,10334
18654.06,7354,10334
18654.316,7355,10334
18655.103,7356,10334
18655.643,7357,10334
18656.539,7358,10334
18656.756,7359,10334
18657.191,7360,10334
18657.405,7361,10334
18662.061,7362,10334
18664.576,7363,10336
18664.723,7364,10336
18674.668,7365,10336
18675.042,7366,10336
18675.664,7367,10336
18697.17,7368,10336
18708.146,7369,10336
18709.653,7370,10336
18711.094,7371,10336
18711.539,7372,10336
18712.675,7373,10336
18722.813,7374,10336
18724.396,7375,10336
18724.967,7376,10336
18725.651,7377,10336
18726.469,7378,10336
18727.381,7379,10336
18727.796,7380,10336
18727.827,7381,10336
18729.784,7382,10336
18730.079,7383,10336
18730.717,7384,10336
18731.258,7385,10336
18732.295,7386,10336
18734.453,7387,10336
18736.391,7388,10336
18736.437,7389,10336
18737.063,7390,10336
18738.104,7391,10336
18738.19,7392,10337
18743.547,7393,10337
18747.137,7394,10337
18747.447,7395,10337
18747.862,7396,10337
18748.299,7397,10337
18748.661,7398,10337
18755.121,7399,10337
18755.551,7400,10337
18766.497,7401,10337
18767.157,7402,10341
18770.008,7403,10341
18770.021,7404,10341
18774.975,7405,10341
18775.651,7406,10341
18786.588,7407,10341
18788.977,7408,10342
18790.522,7409,10342
18790.846,7410,10342
18790.883,7411,10342
18798.354,7412,10342
18798.56,7413,10344
18798.958,7414,10344
18800.459,7415,10344
18800.992,7416,10344
18801.216,7417,10344
18801.3,7418,10344
18809.512,7419,10344
18810.613,7420,10344
18813.88,7421,10344
18822.589,7422,10344
18823.211,7423,10345
18823.7,7424,10346
18827.398,7425,10346
18827.428,7426,10346
18827.896,7427,10346
18836.123,7428,10346
18842.628,7429,10346
18853.713,7430,10346
18856.777,7431,10349
18858.625,7432,10349
18858.799,7433,10349
18859.738,7434,10349
18861.409,7435,10349
18862.294,7436,10349
18866.288,7437,10349
18867.953,7438,10349
18870.384,7439,10349
18871.007,7440,10349
18871.653,7441,10349
18872.109,7442,10349
18872.694,7443,10349
18875.045,7444,10349
18875.417,7445,10349
18877.41,7446,10349
18882.121,7447,10349
18883.772,7448,10349
18885.199,7449,10349
18887.604,7450,10349
18887.65,7451,10349
18887.684,7452,10349
18887.714,7453,10349
18889.926,7454,10349
18898.181,7455,10349
18900.693,7456,10349
18901.376,7457,10349
18922.381,7458,10349
18931.628,7459,10349
18933.711,7460,10349
18934.304,7461,10349
18934.825,7462,10349
18935.72,7463,10349
18939.111,7464,10349
18947.409,7465,10349
18948.115,7466,10349
18957.63,7467,10349
18963.312,7468,10349
18965.083,7469,10349
18975.542,7470,10349
19032.113,7471,10349
19039.484,7472,10349
19040.427,7473,10349
19040.819,7474,10349
19043.868,7475,10349
19047.781,7476,10349
19051.014,7477,10349
19053.524,7478,10349
19057.102,7479,10349
19061.897,7480,10349
19073.268,7481,10349
19073.3,7482,10349
19073.332,7483,10349
19073.804,7484,10349
19075.579,7485,10349
19086.796,7486,10349
19086.853,7487,10350
19088.345,7488,10350
19110.511,7489,10350
19110.535,7490,10350
19110.546,7491,10350
19129.041,7492,10350
19158.419,7493,10350
19161.664,7494,10350
19161.754,7495,10350
19161.839,7496,10350
19163.613,7497,10352
19163.677,7498,10352
19163.944,7499,10352
19163.979,7500,10352
19165.187,7501,10352
19166.033,7502,10352
19166.424,7503,10352
19166.713,7504,10352
19167.489,7505,10352
19167.598,7506,10353
19167.657,7507,10353
19170.398,7508,10353
19171.76,7509,10353
19172.469,7510,10353
19199.892,7511,10353
19243.47,7512,10353
19249.924,7513,10353
19251.582,7514,10353
19268.012,7515,10353
19268.776,7516,10353
19273.463,7517,10353
19284.533,7518,10353
19284.706,7519,10353
19300.289,7520,10353
19323.095,7521,10353
19346.206,7522,10354
19374.314,7523,10354
19399.425,7524,10354
19400.186,7525,10354
19400.814,7526,10354
19401.107,7527,10354
19403.269,7528,10354
19403.639,7529,10354
19403.86,7530,10354
19404.114,7531,10354
19404.486,7532,10354
19408.679,7533,10354
19419.158,7534,10354
19419.694,7535,10355
19421.758,7536,10355
19422.801,7537,10355
19425.678,7538,10355
19426.109,7539,10355
19428.171,7540,10355
19430.582,7541,10355
19432.89,7542,10355
19434.092,7543,10355
19436.612,7544,10356
19445.938,7545,10356
19449.719,7546,10356
19472.857,7547,10356
19485.041,7548,10356
19490.801,7549,10356
19503.342,7550,10356
19506.437,7551,10356
19525.356,7552,10356
19531.146,7553,10356
19541.934,7554,10356
19556.003,7555,10356
19573.181,7556,10356
19615.268,7557,10356
19632.606,7558,10357
19656.829,7559,10358
19668.764,7560,10358
19673.895,7561,10358
19675.535,7562,10360
19676.858,7563,10360
19677.46,7564,10360
19688.749,7565,10360
19691.352,7566,10360
19691.479,7567,10360
19691.588,7568,10360
19692.175,7569,10360
19692.219,7570,10360
19692.998,7571,10360
19693.044,7572,10360
19693.303,7573,10360
19693.959,7574,10360
19704.87,7575,10360
19716.728,7576,10361
19717.041,7577,10361
19718.055,7578,10362
19729.949,7579,10363
19733.903,7580,10363
19758.706,7581,10363
19762.94,7582,10363
19763.382,7583,10363
19776.131,7584,10363
19780.256,7585,10363
19800.009,7586,10363
19800.262,7587,10363
19813.032,7588,10363
19820.503,7589,10364
19826.051,7590,10365
19826.553,7591,10366
19826.609,7592,10367
19855.67,7593,10367
19855.722,7594,10367
19856.525,7595,10367
19887.757,7596,10367
19902.264,7597,10375
19902.51,7598,10378
19902.567,7599,10381
19903.207,7600,10388
19904.277,7601,10389
19906.961,7602,10390
19910.703,7603,10391
19910.768,7604,10392
19921.924,7605,10393
19922.718,7606,10393
19923.727,7607,10396
19924.006,7608,10397
19924.123,7609,10397
19924.527,7610,10398
19925.854,7611,10400
19929.921,7612,10400
19936.355,7613,10400
19936.761,7614,10400
19940.838,7615,10401
19941.548,7616,10401
19988.742,7617,10401
19989.229,7618,10401
20027.511,7619,10401
20045.478,7620,10401
20046.166,7621,10401
20047.822,7622,10401
20048.609,7623,10401
20052.304,7624,10401
20055.681,7625,10401
20075.735,7626,10401
20078.936,7627,10401
20082.907,7628,10401
20083.132,7629,10401
20083.255,7630,10401
20091.69,7631,10401
20106.865,7632,10401
20110.211,7633,10401
20110.33,7634,10401
20114.476,7635,10401
20114.738,7636,10401
20148.088,7637,10401
20190.579,7638,10401
20190.973,7639,10401
20191.098,7640,10401
20191.108,7641,10401
20193.49,7642,10401
20193.571,7643,10401
20197.068,7644,10401
20200.874,7645,10401
20219.67,7646,10401
20220.119,7647,10401
20221.143,7648,10401
20223.442,7649,10401
20226.691,7650,10401
20227.869,7651,10401
20228.755,7652,10401
20229.023,7653,10401
20233.773,7654,10401
20234.785,7655,10401
20235.769,7656,10401
20238.54,7657,10401
20238.664,7658,10401
20238.792,7659,10401
20257.826,7660,10401
20265.942,7661,10401
20266.53,7662,10401
20267.031,7663,10401
20267.527,7664,10401
20268.948,7665,10401
20269.481,7666,10401
20270.089,7667,10401
20280.035,7668,10401
20281.922,7669,10401
20283.822,7670,10401
20286.088,7671,10401
20297.89,7672,10401
20305.054,7673,10401
20315.303,7674,10401
20315.638,7675,10401
20330.827,7676,10402
20331.338,7677,10402
20347.627,7678,10404
20353.512,7679,10405
20356.98,7680,10405
20399.448,7681,10405
20402.801,7682,10405
20402.887,7683,10405
20411.692,7684,10408
20432.595,7685,10409
20471.46,7686,10409
20476.506,7687,10409
20476.609,7688,10409
20477.447,7689,10409
20480.21,7690,10409
20480.437,7691,10409
20480.639,7692,10409
20480.987,7693,10409
20481.717,7694,10409
20485.613,7695,10409
20488.272,7696,10409
20489.409,7697,10409
20490.269,7698,10409
20490.911,7699,10409
20491.22,7700,10411
20495.044,7701,10411
20547.088,7702,10411
20548.679,7703,10413
20550.504,7704,10413
20554.214,7705,10413
20554.971,7706,10413
20570.411,7707,10413
20575.964,7708,10413
20576.523,7709,10413
20577.033,7710,10413
20624.484,7711,10413
20627.349,7712,10419
20627.717,7713,10420
20630.023,7714,10420
20640.896,7715,10420
20641.022,7716,10420
20641.105,7717,10420
20644.086,7718,10420
20650.053,7719,10420
20650.183,7720,10420
20664.709,7721,10420
20664.989,7722,10420
20667.71,7723,10420
20701.039,7724,10420
20702.529,7725,10420
20739.217,7726,10421
20758.14,7727,10421
20779.387,7728,10422
20786.21,7729,10422
20791.824,7730,10422
20791.936,7731,10422
20793.972,7732,10422
20801.194,7733,10422
20818.575,7734,10422
20820.251,7735,10422
20852.169,7736,10422
20869.319,7737,10422
20877.728,7738,10422
20894.254,7739,10422
20895.12,7740,10422
20895.985,7741,10422
20900.578,7742,10422
20901.953,7743,10422
20903.467,7744,10422
20904.353,7745,10422
20905.905,7746,10422
20906.979,7747,10422
20907.777,7748,10422
20909.564,7749,10422
20910.533,7750,10422
20911.833,7751,10422
20913.693,7752,10423
20916.88,7753,10423
20917.36,7754,10423
20931.197,7755,10423
20941.714,7756,10423
20941.885,7757,10423
20960.426,7758,10423
20972.386,7759,10423
20972.68,7760,10423
20972.968,7761,10423
20983.14,7762,10424
20991.467,7763,10424
20991.503,7764,10424
20991.832,7765,10424
20993.631,7766,10424
21000.959,7767,10424
21005.629,7768,10424
21045.311,7769,10424
21045.33,7770,10424
21045.821,7771,10424
21048.416,7772,10424
21051.298,7773,10424
21053.487,7774,10424
21053.66,7775,10424
21078.537,7776,10424
21078.565,7777,10424
21078.656,7778,10424
21079.951,7779,10424
21080.877,7780,10424
21086.356,7781,10424
21090.019,7782,10424
21108.412,7783,10424
21121.114,7784,10424
21131.95,7785,10424
21132.137,7786,10424
21159.357,7787,10425
21159.596,7788,10426
21164.153,7789,10426
21164.613,7790,10426
21165.8,7791,10426
21169.556,7792,10426
21172.173,7793,10426
21172.692,7794,10426
21181.391,7795,10426
21185.24,7796,10426
21209.191,7797,10426
21231.148,7798,10427
21234.677,7799,10427
21238.883,7800,10427
21239.243,7801,10427
21239.262,7802,10427
21240.995,7803,10427
21250.92,7804,10427
21255.071,7805,10427
21256.135,7806,10427
21256.826,7807,10427
21257.208,7808,10427
21259.379,7809,10427
21264.464,7810,10427
21287.208,7811,10427
21287.927,7812,10427
21291.735,7813,10427
21298.565,7814,10427
21306.239,7815,10427
21310.988,7816,10427
21312.574,7817,10427
21315.168,7818,10427
21316.95,7819,10427
21318.194,7820,10427
21333.945,7821,10427
21339.042,7822,10428
21339.301,7823,10428
21339.893,7824,10428
21348.687,7825,10428
21350.706,7826,10428
21354.734,7827,10428
21354.758,7828,10428
21366.43,7829,10428
21371.139,7830,10428
21397.295,7831,10428
21397.856,7832,10429
21398.396,7833,10429
21398.429,7834,10432
21399.491,7835,10433
21400.004,7836,10434
21401.777,7837,10436
21402.991,7838,10436
21409.658,7839,10438
21409.866,7840,10439
21410.029,7841,10443
21410.244,7842,10443
21410.3,7843,10443
21412.478,7844,10443
21445.166,7845,10443
21448.459,7846,10443
21451.722,7847,10444
21462.34,7848,10444
21463.214,7849,10444
21468.011,7850,10444
21468.052,7851,10444
21468.836,7852,10444
21469.404,7853,10444
21469.635,7854,10444
21469.792,7855,10444
21470.183,7856,10444
21470.404,7857,10444
21474.396,7858,10444
21478.913,7859,10444
21483.006,7860,10444
21506.223,7861,10444
21506.24,7862,10444
21506.965,7863,10444
21507.1,7864,10445
21507.46,7865,10445
21507.505,7866,10445
21508.096,7867,10445
21509.458,7868,10445
21511.518,7869,10445
21511.74,7870,10445
21512.069,7871,10445
21512.826,7872,10445
21513.838,7873,10445
21514.298,7874,10445
21515.853,7875,10445
21515.917,7876,10445
21516.243,7877,10445
21520.548,7878,10445
21520.768,7879,10445
21521.664,7880,10445
21521.698,7881,10445
21522.873,7882,10445
21525.363,7883,10445
21549.933,7884,10445
21553.908,7885,10445
21560.524,7886,10445
21561.445,7887,10445
21567.002,7888,10445
21567.18,7889,10445
21567.219,7890,10445
21595.396,7891,10445
21610.032,7892,10445
21622.683,7893,10445
21624.443,7894,10445
21629.506,7895,10445
21668.262,7896,10446
21695.111,7897,10447
21695.711,7898,10447
21715.894,7899,10447
21722.502,7900,10447
21730.94,7901,10447
21732.431,7902,10447
21735.483,7903,10447
21735.774,7904,10447
21741.619,7905,10447
21787.065,7906,10447
21787.98,7907,10447
21792.224,7908,10447
21793.54,7909,10447
21794.791,7910,10447
21795.69,7911,10447
21797.222,7912,10447
21798.148,7913,10447
21798.313,7914,10447
21799.806,7915,10447
21799.883,7916,10447
21801.515,7917,10447
21803.855,7918,10447
21805.199,7919,10447
21809.07,7920,10447
21823.908,7921,10447
21871.613,7922,10447
21871.909,7923,10447
21887.371,7924,10447
21887.433,7925,10447
21891.677,7926,10447
21897.345,7927,10447
21902.615,7928,10448
21909.455,7929,10448
21911.316,7930,10448
21920.964,7931,10448
21950.511,7932,10450
21955.136,7933,10450
21993.828,7934,10450
21994.209,7935,10450
21994.393,7936,10450
21994.539,7937,10450
21996.285,7938,10453
21998.483,7939,10454
22000.422,7940,10458
22000.442,7941,10458
22016.212,7942,10458
22028.246,7943,10458
22063.626,7944,10458
22064.253,7945,10458
22064.795,7946,10458
22065.145,7947,10458
22067.167,7948,10458
22067.606,7949,10458
22067.932,7950,10458
22068.906,7951,10458
22072.499,7952,10461
22076.462,7953,10462
22077.092,7954,10463
22079.903,7955,10463
22084.629,7956,10463
22092.957,7957,10465
22094.955,7958,10466
22105.543,7959,10468
22122.042,7960,10468
22123.805,7961,10468
22134.755,7962,10468
22145.229,7963,10468
22145.879,7964,10468
22147.211,7965,10468
22147.997,7966,10468
22150.007,7967,10470
22151.211,7968,10470
22152.984,7969,10470
22209.176,7970,10470
22209.376,7971,10470
22210.22,7972,10470
22224.37,7973,10470
22234.667,7974,10470
22242.014,7975,10470
22242.153,7976,10471
22242.76,7977,10471
22243.346,7978,10471
22247.399,7979,10471
22253.583,7980,10471
22257.152,7981,10471
22261.016,7982,10471
22264.358,7983,10471
22274.769,7984,10471
22274.933,7985,10471
22287.688,7986,10471
22293.948,7987,10471
22294.822,7988,10471
22301.222,7989,10471
22303.946,7990,10471
22304.672,7991,10471
22305.455,7992,10471
22319.386,7993,10471
22324.7,7994,10471
22333.839,7995,10471
22337.73,7996,10472
22339.344,7997,10472
22342.177,7998,10472
22347.386,7999,10474
22365.661,8000,10474
22366.107,8001,10474
22366.669,8002,10474
22373.174,8003,10477
22381.223,8004,10478
22429.874,8005,10478
22435.906,8006,10478
22443.662,8007,10478
22447.635,8008,10479
22536.718,8009,10479
22536.843,8010,10479
22538.359,8011,10479
22540.358,8012,10479
22568.237,8013,10479
22584.516,8014,10479
22597.788,8015,10479
22597.992,8016,10479
22611.977,8017,10479
22618.716,8018,10479
22626.533,8019,10479
22636.426,8020,10479
22660.913,8021,10479
22686.277,8022,10479
22686.894,8023,10479
22712.77,8024,10479
22728.351,8025,10479
22729.124,8026,10479
22743.207,8027,10479
22751.116,8028,10479
22787.884,8029,10479
22788.108,8030,10479
22789.378,8031,10479
22794.401,8032,10479
22795.171,8033,10480
22795.74,8034,10481
22862.811,8035,10481
22867.019,8036,10482
22867.594,8037,10482
22885.353,8038,10482
22891.381,8039,10482
22898.665,8040,10482
22931.555,8041,10482
22951.191,8042,10483
22965.323,8043,10484
22969.643,8044,10484
22986.529,8045,10484
23018.911,8046,10487
23019.425,8047,10488
23020.531,8048,10492
23021.524,8049,10492
23022.575,8050,10492
23034.402,8051,10492
23036.975,8052,10492
23056.027,8053,10492
23059.639,8054,10492
23076.578,8055,10492
23078.469,8056,10492
23079.077,8057,10492
23079.092,8058,10492
23079.549,8059,10492
23082.91,8060,10492
23083.181,8061,10494
23083.207,8062,10494
23089.073,8063,10494
23093.614,8064,10494
23095.968,8065,10494
23097.615,8066,10494
23097.833,8067,10494
23125.174,8068,10494
23125.217,8069,10494
23125.407,8070,10494
23128.185,8071,10494
23145.105,8072,10494
23149.036,8073,10494
23149.722,8074,10494
23163.523,8075,10510
23163.689,8076,10511
23163.985,8077,10513
23165.368,8078,10516
23165.811,8079,10518
23166.821,8080,10518
23166.852,8081,10519
23169.13,8082,10520
23172.863,8083,10524
23172.9,8084,10524
23173.223,8085,10526
23174.581,8086,10527
23176.223,8087,10528
23176.312,8088,10528
23176.762,8089,10529
23181.224,8090,10529
23207.335,8091,10529
23207.728,8092,10529
23224.106,8093,10529
23228.077,8094,10529
23228.544,8095,10529
23248.972,8096,10530
23253.454,8097,10530
23257.806,8098,10532
23257.862,8099,10532
23261.717,8100,10532
23283.267,8101,10533
23317.576,8102,10533
23330.669,8103,10533
23332.057,8104,10533
23335.155,8105,10533
23344.193,8106,10534
23347.044,8107,10534
23371.109,8108,10534
23412.17,8109,10534
23427.201,8110,10535
23461.031,8111,10535
23469.627,8112,10535
23510.772,8113,10536
23510.856,8114,10536
23511.303,8115,10537
23511.743,8116,10538
23511.768,8117,10539
23511.952,8118,10539
23513.299,8119,10539
23515.064,8120,10541
23515.202,8121,10542
23515.234,8122,10549
23517.028,8123,10550
23517.098,8124,10550
23527.663,8125,10550
23544.474,8126,10550
23544.95,8127,10550
23546.14,8128,10550
23546.2,8129,10550
23547.762,8130,10552
23569.222,8131,10552
23571.127,8132,10552
23571.218,8133,10553
23571.76,8134,10557
23575.117,8135,10558
23575.676,8136,10561
23576.159,8137,10561
23576.473,8138,10563
23576.759,8139,10564
23579.283,8140,10564
23583.336,8141,10564
23584.897,8142,10565
23589.579,8143,10565
23591.037,8144,10566
23601.375,8145,10566
23602.189,8146,10566
23602.862,8147,10566
23603.351,8148,10566
23604.252,8149,10566
23604.845,8150,10568
23605.664,8151,10568
23610.703,8152,10568
23612.299,8153,10568
23624.816,8154,10569
23626.304,8155,10569
23626.945,8156,10569
23628.487,8157,10569
23633.001,8158,10569
23675.001,8159,10569
23678.559,8160,10569
23680.042,8161,10569
23680.205,8162,10569
23681.229,8163,10569
23681.952,8164,10569
23687.797,8165,10570
23689.93,8166,10570
23690.022,8167,10570
23692.134,8168,10570
23702.394,8169,10570
23706.547,8170,10570
23725.646,8171,10571
23726.313,8172,10572
23726.649,8173,10573
23743.329,8174,10573
23747.12,8175,10573
23747.565,8176,10573
23748.791,8177,10573
23750.224,8178,10574
23752.652,8179,10574
23755.683,8180,10574
23766.87,8181,10574
23767.251,8182,10574
23769.838,8183,10574
23771.724,8184,10574
23784.542,8185,10574
23837.616,8186,10574
23838.221,8187,10574
23871.873,8188,10574
23873.386,8189,10574
23873.461,8190,10574
23879.356,8191,10574
23882.747,8192,10574
23884.459,8193,10574
23923.172,8194,10575
23924.487,8195,10575
23940.216,8196,10575
23973.552,8197,10576
23979.285,8198,10576
23979.394,8199,10576
23980.728,8200,10576
23980.758,8201,10576
23981.858,8202,10576
23982.183,8203,10576
23984.441,8204,10576
23989.134,8205,10576
23991.121,8206,10576
24000.44,8207,10576
24001.002,8208,10576
24003.837,8209,10576
24005.673,8210,10576
24014.6,8211,10576
24025.509,8212,10576
24037.007,8213,10576
24047.082,8214,10576
24048.022,8215,10576
24067.007,8216,10577
24080.306,8217,10577
24083.356,8218,10577
24084.264,8219,10577
24098.948,8220,10578
24106.734,8221,10579
24118.802,8222,10579
24140.299,8223,10579
24149.708,8224,10580
24150.833,8225,10580
24153.518,8226,10580
24204.893,8227,10580
24234.767,8228,10580
24235.251,8229,10580
24247.188,8230,10581
24255.963,8231,10581
24272.509,8232,10581
24292.805,8233,10581
24308.917,8234,10581
24313.356,8235,10581
24313.652,8236,10581
24332.944,8237,10581
24350.977,8238,10581
24351.394,8239,10581
24353.094,8240,10581
24353.53,8241,10581
24355.217,8242,10581
24356.61,8243,10581
24356.854,8244,10581
24362.629,8245,10581
24366.731,8246,10581
24386.828,8247,10581
24392.348,8248,10581
24392.83,8249,10581
24395.658,8250,10582
24396.977,8251,10582
24399.264,8252,10582
24399.648,8253,10582
24400.488,8254,10583
24402.741,8255,10583
24405.148,8256,10584
24405.193,8257,10584
24432.604,8258,10584
24441.781,8259,10584
24441.993,8260,10584
24447.422,8261,10584
24450.122,8262,10584
24506.124,8263,10585
24535.462,8264,10585
24544.405,8265,10585
24550.904,8266,10585
24567.321,8267,10590
24567.854,8268,10590
24569.505,8269,10590
24584.078,8270,10590
24586.402,8271,10590
24606.96,8272,10590
24612.912,8273,10590
24613.101,8274,10590
24622.665,8275,10591
24628.401,8276,10593
24628.543,8277,10593
24628.95,8278,10593
24634.398,8279,10594
24651.802,8280,10594
24652.72,8281,10596
24659.602,8282,10596
24680.25,8283,10596
24701.29,8284,10597
24706.413,8285,10597
24718.827,8286,10597
24744.076,8287,10597
24744.279,8288,10597
24744.309,8289,10599
24744.447,8290,10599
24746.084,8291,10599
24746.51,8292,10600
24759.511,8293,10600
24763.882,8294,10600
24766.94,8295,10600
24769.084,8296,10600
24775.392,8297,10600
24775.49,8298,10600
24778.784,8299,10600
24780.159,8300,10600
24783.4,8301,10602
24784.591,8302,10603
24791.721,8303,10603
24792.601,8304,10603
24815.212,8305,10603
24818.416,8306,10603
24822.022,8307,10603
24857.333,8308,10603
24871.446,8309,10603
24879.749,8310,10603
24915.47,8311,10603
24946.704,8312,10603
24958.601,8313,10603
24965.337,8314,10603
24971.881,8315,10603
25157.89,8316,10603
27614.272,8317,10603
34226.595,8318,10603
37964.571,8319,10603
37995.001,8320,10604
38141.399,8321,10605
38141.71,8322,10605
38163.417,8323,10605
38237.494,8324,10605
38256.635,8325,10605
38269.369,8326,10605
38278.492,8327,10605
38278.539,8328,10605
38278.754,8329,10605
38285.613,8330,10606
38287.061,8331,10606
38288.792,8332,10606
38292.865,8333,10606
38312.213,8334,10606
38319.048,8335,10606
38334.733,8336,10606
38361.777,8337,10606
38393.903,8338,10626
38415.837,8339,10626
38429.137,8340,10626
38438.355,8341,10626
38438.361,8342,10627
38438.718,8343,10628
38438.743,8344,10628
38439.366,8345,10628
38439.475,8346,10630
38439.588,8347,10631
38439.646,8348,10631
38439.724,8349,10631
38440.632,8350,10632
38440.685,8351,10632
38440.801,8352,10632
38440.99,8353,10632
38441.094,8354,10632
38441.301,8355,10632
38441.372,8356,10632
38441.378,8357,10632
38441.836,8358,10632
38441.917,8359,10632
38442.338,8360,10632
38442.984,8361,10632
38444.258,8362,10632
38444.43,8363,10632
38446.091,8364,10632
38448.712,8365,10632
38448.95,8366,10633
38450.345,8367,10634
38456.157,8368,10634
38466.564,8369,10635
38466.687,8370,10635
38480.25,8371,10635
38480.296,8372,10635
38480.415,8373,10635
38504.235,8374,10635
38620.753,8375,10635
38652.95,8376,10635
38666.538,8377,10635
38692.217,8378,10636
38719.469,8379,10636
38813.388,8380,10636
38823.473,8381,10636
38844.59,8382,10636
38845.594,8383,10642
38889.503,8384,10642
38926.098,8385,10643
38988.684,8386,10645
39006.76,8387,10645
39031.864,8388,10645
39031.975,8389,10645
39047.406,8390,10645
39070.634,8391,10646
39070.885,8392,10646
39071.937,8393,10646
39072.203,8394,10647
39072.743,8395,10647
39108.22,8396,10647
39192.78,8397,10648
39230.535,8398,10648
39249.931,8399,10648
39312.174,8400,10650
39443.207,8401,10650
39477.797,8402,10650
39514.421,8403,10650
39555.84,8404,10650
39590.423,8405,10651
39635.769,8406,10651
39658.448,8407,10651
39670.68,8408,10652
39759.582,8409,10653
39760.318,8410,10653
39760.416,8411,10653
39788.278,8412,10653
39855.785,8413,10653
39894.715,8414,10655
39910.278,8415,10656
40019.724,8416,10656
40073.371,8417,10657
40111.527,8418,10657
40133.536,8419,10657
40136.859,8420,10657
40139.581,8421,10657
40160.496,8422,10657
40182.353,8423,10657
40189.294,8424,10657
40191.663,8425,10658
40206.185,8426,10658
40206.221,8427,10658
40252.362,8428,10658
40252.372,8429,10658
40252.86,8430,10658
40253.562,8431,10658
40254.868,8432,10658
40256.474,8433,10658
40258.581,8434,10658
40258.755,8435,10658
40259.913,8436,10658
40264.538,8437,10658
40268.597,8438,10658
40312.503,8439,10658
40312.579,8440,10658
40312.825,8441,10658
40317.051,8442,10658
40317.387,8443,10658
40317.656,8444,10658
40317.753,8445,10658
40319.059,8446,10658
40322.275,8447,10658
40322.375,8448,10658
40323.269,8449,10658
40324.089,8450,10658
40324.175,8451,10658
40324.909,8452,10658
40328.109,8453,10658
40330.225,8454,10658
40333.796,8455,10658
40339.784,8456,10658
40359.954,8457,10658
40419.65,8458,10658
40436.819,8459,10658
40507.244,8460,10658
40548.798,8461,10658
40549.663,8462,10658
40553.491,8463,10659
40557.446,8464,10659
40570.823,8465,10659
40577.913,8466,10659
40587.189,8467,10659
40593.053,8468,10659
40611.558,8469,10659
40644.734,8470,10660
40686.065,8471,10660
40777.078,8472,10661
41530.575,8473,10661
41864.555,8474,10661
55713.128,8475,10661
55714.184,8476,10661
55717.384,8477,10661
55775.273,8478,10661
55803.286,8479,10661
55803.451,8480,10661
55803.594,8481,10661
55803.61,8482,10661
55803.866,8483,10661
55806.992,8484,10661
55808.358,8485,10661
55808.433,8486,10661
55811.789,8487,10661
55814.578,8488,10661
55814.596,8489,10661
55815.213,8490,10661
55815.543,8491,10661
55816.055,8492,10661
55816.337,8493,10661
55816.344,8494,10661
55816.422,8495,10661
55816.752,8496,10661
55816.92,8497,10661
55816.97,8498,10661
55834.551,8499,10662
55845.397,8500,10662
55850.465,8501,10662
55850.521,8502,10662
55850.844,8503,10662
55870.925,8504,10663
55871.324,8505,10663
55882.683,8506,10663
55883.837,8507,10663
55884.97,8508,10663
55886.357,8509,10663
55886.377,8510,10663
55888.52,8511,10663
55891.973,8512,10663
55892.02,8513,10663
55897.782,8514,10663
55905.7,8515,10663
55911.251,8516,10663
56009.945,8517,10663
56011.329,8518,10663
56023.626,8519,10663
56036.669,8520,10663
56039.997,8521,10663
56053.126,8522,10663
56053.287,8523,10663
56056.486,8524,10663
56076.066,8525,10663
56098.158,8526,10663
56135.479,8527,10663
56140.358,8528,10663
56140.369,8529,10663
56140.386,8530,10663
56140.398,8531,10663
56140.408,8532,10663
56140.498,8533,10663
56140.626,8534,10663
56140.659,8535,10663
56140.664,8536,10663
56140.68,8537,10663
56140.902,8538,10663
56140.965,8539,10663
56140.986,8540,10663
56141.039,8541,10663
56141.232,8542,10663
56142.297,8543,10663
56142.467,8544,10663
56142.581,8545,10663
56142.653,8546,10663
56144.098,8547,10663
56144.454,8548,10663
56144.704,8549,10663
56145.083,8550,10663
56145.179,8551,10663
56145.268,8552,10663
56145.388,8553,10663
56145.458,8554,10663
56146.009,8555,10663
56146.241,8556,10663
56146.266,8557,10663
56147.422,8558,10663
56147.457,8559,10663
56148.036,8560,10663
56149.167,8561,10663
56149.53,8562,10663
56175.794,8563,10663
56175.858,8564,10663
56175.864,8565,10663
56176.068,8566,10663
56176.11,8567,10663
56176.132,8568,10663
56176.138,8569,10663
56176.148,8570,10663
56176.211,8571,10663
56176.313,8572,10663
56176.386,8573,10663
56176.406,8574,10663
56176.5,8575,10663
56176.711,8576,10663
56176.799,8577,10663
56176.889,8578,10663
56177.098,8579,10663
56177.12,8580,10663
56177.244,8581,10663
56177.286,8582,10663
56177.609,8583,10663
56177.682,8584,10663
56177.72,8585,10663
56178.045,8586,10663
56178.109,8587,10663
56178.332,8588,10663
56178.535,8589,10663
56178.91,8590,10663
56179.231,8591,10663
56179.38,8592,10663
56179.5,8593,10663
56179.628,8594,10663
56179.656,8595,10663
56179.693,8596,10663
56180.049,8597,10663
56180.288,8598,10663
56180.462,8599,10663
56180.779,8600,10663
56180.871,8601,10663
56181.011,8602,10663
56181.137,8603,10663
56181.454,8604,10663
56181.641,8605,10663
56181.781,8606,10663
56192.069,8607,10663
56202.908,8608,10663
56217.319,8609,10663
56217.442,8610,10663
56217.472,8611,10663
56217.566,8612,10663
56217.622,8613,10663
56217.857,8614,10663
56218.006,8615,10663
56218.024,8616,10663
56218.135,8617,10663
56218.191,8618,10663
56219.2,8619,10663
56219.636,8620,10663
56220.042,8621,10663
56220.433,8622,10663
56220.862,8623,10663
56221.033,8624,10663
56221.119,8625,10663
56221.642,8626,10663
56221.708,8627,10663
56221.847,8628,10663
56222.317,8629,10663
56222.759,8630,10663
56223.302,8631,10663
56223.613,8632,10663
56224.226,8633,10663
56224.671,8634,10663
56224.8,8635,10663
56224.839,8636,10663
56225.009,8637,10663
56236.612,8638,10664
56264.061,8639,10664
56276.406,8640,10664
56283.063,8641,10664
56283.077,8642,10664
56283.155,8643,10664
56283.277,8644,10664
56283.652,8645,10664
56283.658,8646,10664
56283.689,8647,10664
56284.048,8648,10664
56284.115,8649,10664
56284.278,8650,10664
56284.333,8651,10664
56285.364,8652,10664
56285.465,8653,10664
56285.605,8654,10664
56285.668,8655,10664
56285.724,8656,10664
56285.861,8657,10664
56286.413,8658,10664
56287.875,8659,10664
56288.086,8660,10664
56288.127,8661,10664
56288.257,8662,10664
56288.375,8663,10664
56288.582,8664,10664
56288.599,8665,10664
56288.889,8666,10664
56289.969,8667,10664
56290.019,8668,10664
56290.659,8669,10664
56291.065,8670,10664
56291.26,8671,10664
56349.369,8672,10664
56360.925,8673,10664
56363.34,8674,10664
56363.359,8675,10664
56363.46,8676,10664
56363.555,8677,10664
56364.308,8678,10664
56365.082,8679,10664
56365.435,8680,10664
56367.075,8681,10664
56368.157,8682,10664
56368.364,8683,10664
56377.178,8684,10665
56377.23,8685,10665
56387.612,8686,10665
56387.631,8687,10665
56387.636,8688,10665
56387.674,8689,10665
56387.687,8690,10665
56387.794,8691,10665
56387.865,8692,10665
56388.059,8693,10665
56389.843,8694,10665
56390.035,8695,10665
56391.03,8696,10665
56391.853,8697,10665
56392.338,8698,10665
56407.867,8699,10665
56407.876,8700,10665
56407.925,8701,10665
56407.978,8702,10665
56408.491,8703,10665
56409.283,8704,10665
56409.824,8705,10665
56411.103,8706,10665
56411.752,8707,10665
56415.704,8708,10665
56418.017,8709,10665
56418.449,8710,10666
56418.64,8711,10666
56423.244,8712,10666
56423.314,8713,10666
56423.824,8714,10666
56440.126,8715,10666
56443.086,8716,10666
56448.567,8717,10666
56449.002,8718,10666
56449.173,8719,10666
56449.352,8720,10666
56449.515,8721,10666
56449.583,8722,10666
56449.949,8723,10666
56449.985,8724,10666
56450.303,8725,10666
56450.738,8726,10666
56451.25,8727,10666
56451.266,8728,10666
56451.469,8729,10666
56451.733,8730,10666
56451.769,8731,10666
56451.797,8732,10666
56451.934,8733,10666
56453.643,8734,10666
56455.729,8735,10666
56456.746,8736,10666
56461.568,8737,10666
56468.579,8738,10666
56469.557,8739,10666
56469.582,8740,10666
56469.586,8741,10666
56469.627,8742,10666
56469.669,8743,10666
56469.675,8744,10666
56469.701,8745,10666
56469.728,8746,10666
56469.737,8747,10666
56469.786,8748,10666
56469.799,8749,10666
56469.835,8750,10666
56469.897,8751,10666
56469.952,8752,10666
56469.993,8753,10666
56470.146,8754,10666
56470.43,8755,10666
56470.451,8756,10666
56470.97,8757,10666
56471.06,8758,10666
56471.125,8759,10666
56471.184,8760,10666
56471.26,8761,10666
56471.424,8762,10666
56471.918,8763,10666
56471.923,8764,10666
56472.402,8765,10666
56472.499,8766,10666
56472.512,8767,10666
56472.535,8768,10666
56473.025,8769,10666
56473.478,8770,10666
56473.551,8771,10666
56473.871,8772,10666
56473.969,8773,10666
56474.187,8774,10666
56474.228,8775,10666
56474.551,8776,10666
56474.851,8777,10666
56474.995,8778,10666
56475.339,8779,10666
56477.967,8780,10666
56528.561,8781,10666
56548.72,8782,10666
56553.077,8783,10678
56554.52,8784,10678
56623.807,8785,10678
56637.119,8786,10679
56637.869,8787,10679
56640.298,8788,10679
56640.608,8789,10679
56664.947,8790,10680
56668.375,8791,10681
56669.494,8792,10681
56691.963,8793,10681
56692.049,8794,10681
56692.069,8795,10681
56692.597,8796,10681
56693.399,8797,10681
56693.619,8798,10682
56693.76,8799,10682
56694.986,8800,10682
56695.082,8801,10682
56696.705,8802,10682
56697.013,8803,10682
56697.466,8804,10682
56698.374,8805,10682
56699.377,8806,10682
56700.913,8807,10682
56726.63,8808,10682
56727.204,8809,10682
56728.457,8810,10682
56728.944,8811,10682
56729.514,8812,10682
56730.134,8813,10682
56730.602,8814,10683
56734.294,8815,10683
56768.753,8816,10683
56853.493,8817,10683
56866.182,8818,10683
56888.159,8819,10683
56911.598,8820,10684
56912.04,8821,10684
56928.034,8822,10685
56942.92,8823,10685
56942.975,8824,10685
56942.991,8825,10685
56943.005,8826,10685
56943.068,8827,10685
56943.492,8828,10685
56943.518,8829,10685
56943.634,8830,10685
56943.833,8831,10685
56944.542,8832,10685
56944.741,8833,10685
56946.091,8834,10685
56950.198,8835,10685
56950.294,8836,10685
56950.577,8837,10685
56979.958,8838,10686
56988.045,8839,10687
57005.045,8840,10687
57005.066,8841,10687
57005.136,8842,10687
57005.484,8843,10687
57007.521,8844,10687
57008.77,8845,10687
57008.92,8846,10687
57008.939,8847,10687
57011.014,8848,10687
57012.433,8849,10687
57012.677,8850,10687
57043.62,8851,10687
57044.209,8852,10687
57047.855,8853,10687
57055.263,8854,10687
57071.067,8855,10687
57082.385,8856,10687
57148.537,8857,10687
57148.555,8858,10688
57226.228,8859,10688
57305.557,8860,10688
57305.631,8861,10688
57307.337,8862,10688
57307.708,8863,10688
57346.156,8864,10688
57346.17,8865,10688
57352.951,8866,10688
57352.959,8867,10688
57356.427,8868,10688
57383.219,8869,10688
57390.043,8870,10689
57390.883,8871,10689
57404.05,8872,10689
57405.99,8873,10689
57440.524,8874,10689
57488.962,8875,10689
57512.124,8876,10689
57512.325,8877,10689
57517.726,8878,10689
57517.741,8879,10689
57521.341,8880,10689
57522.237,8881,10689
57522.555,8882,10689
57522.572,8883,10689
57524.33,8884,10689
57524.722,8885,10691
57526.314,8886,10692
57528.144,8887,10692
57532.171,8888,10692
57532.756,8889,10692
57533.819,8890,10692
57547.624,8891,10692
57548.68,8892,10692
57556.914,8893,10692
57557.392,8894,10692
57557.515,8895,10692
57557.57,8896,10692
57586.553,8897,10692
57596.271,8898,10692
57601.228,8899,10692
57601.563,8900,10692
57601.717,8901,10692
57602.159,8902,10692
57603.222,8903,10692
57603.559,8904,10692
57606.752,8905,10692
57607.622,8906,10692
57612.57,8907,10692
57623.45,8908,10692
57624.634,8909,10692
57631.676,8910,10692
57632.715,8911,10692
57645.633,8912,10692
57647.27,8913,10692
57653.784,8914,10692
57654.573,8915,10692
57656.148,8916,10693
57711.139,8917,10693
57713.043,8918,10693
57713.184,8919,10693
57742.911,8920,10693
57744.419,8921,10693
57750.639,8922,10693
57753.43,8923,10693
57753.504,8924,10693
57761.684,8925,10693
57786.107,8926,10693
57786.132,8927,10693
57786.301,8928,10693
57786.311,8929,10693
57786.336,8930,10693
57787.115,8931,10693
57806.094,8932,10693
57817.295,8933,10693
57817.442,8934,10693
57822.279,8935,10693
57822.368,8936,10693
57829.181,8937,10693
57841.272,8938,10693
57844.913,8939,10693
57846.066,8940,10693
57846.141,8941,10693
57851.846,8942,10693
57864.552,8943,10695
57873.424,8944,10695
57892.085,8945,10695
57894.055,8946,10695
57896.69,8947,10695
57897.822,8948,10695
57926.646,8949,10695
57942.083,8950,10695
57996.107,8951,10695
57996.507,8952,10695
57997.265,8953,10695
58018.214,8954,10697
58034.304,8955,10697
58062.616,8956,10697
58062.963,8957,10697
58063.226,8958,10698
58064.465,8959,10700
58079.701,8960,10700
58080.773,8961,10700
58081.937,8962,10700
58082.048,8963,10700
58085.471,8964,10700
58122.605,8965,10700
58148.544,8966,10700
58149.738,8967,10700
58150.868,8968,10700
58151.192,8969,10700
58151.677,8970,10700
58153.446,8971,10700
58161.057,8972,10700
58169.195,8973,10700
58169.322,8974,10700
58179.367,8975,10700
58194.899,8976,10700
58199.984,8977,10700
58200.031,8978,10700
58202.49,8979,10700
58230.218,8980,10700
58231.114,8981,10700
58231.157,8982,10700
58249.807,8983,10700
58252.486,8984,10712
58259.637,8985,10712
58346.056,8986,10712
58346.371,8987,10712
58371.312,8988,10712
58371.392,8989,10714
58416.731,8990,10714
58416.784,8991,10714
58426.2,8992,10715
58426.524,8993,10715
58450.023,8994,10715
58450.074,8995,10715
58466.191,8996,10715
58466.283,8997,10715
58466.478,8998,10715
58503.494,8999,10715
58657.93,9000,10715
58669.091,9001,10715
58669.174,9002,10715
58669.217,9003,10715
58692.571,9004,10715
58694.47,9005,10716
58694.564,9006,10716
58694.67,9007,10716
58694.9,9008,10716
58695.678,9009,10716
58696.43,9010,10716
58696.882,9011,10716
58699.166,9012,10716
58708.322,9013,10716
58709.875,9014,10716
58713.592,9015,10716
58713.949,9016,10716
58774.003,9017,10716
58775.18,9018,10718
58775.288,9019,10718
58775.623,9020,10718
58775.791,9021,10718
58776.929,9022,10718
58779.217,9023,10718
58782.124,9024,10718
58784.603,9025,10718
58786.701,9026,10718
58794.608,9027,10718
58794.666,9028,10718
58794.8,9029,10718
58796.376,9030,10718
58806.17,9031,10718
58807.738,9032,10718
58868.507,9033,10718
58868.69,9034,10718
58869.889,9035,10718
58870.935,9036,10718
58888.077,9037,10718
58918.198,9038,10718
59008.762,9039,10718
59111.993,9040,10718
59112.931,9041,10718
59112.96,9042,10718
59113.613,9043,10718
59115.302,9044,10718
59115.385,9045,10718
59191.793,9046,10718
59191.816,9047,10718
59193.032,9048,10718
59193.177,9049,10719
59193.883,9050,10719
59195.733,9051,10721
59197.313,9052,10722
59206.724,9053,10723
59207.792,9054,10724
59249.369,9055,10727
59276.999,9056,10729
59278.404,9057,10729
59278.519,9058,10729
59283.362,9059,10729
59283.549,9060,10729
59322.808,9061,10729
59325.405,9062,10729
59327.307,9063,10730
59408.244,9064,10731
59509.098,9065,10731
59509.137,9066,10732
59509.279,9067,10733
59509.576,9068,10733
59509.716,9069,10734
59511.492,9070,10734
59512.273,9071,10735
59512.302,9072,10736
59512.381,9073,10736
59513.224,9074,10737
59513.409,9075,10738
59514.95,9076,10739
59515.37,9077,10740
59515.473,9078,10741
59515.76,9079,10741
59519.347,9080,10741
59522.364,9081,10742
59523.182,9082,10743
59525.705,9083,10743
59526.709,9084,10744
59527.735,9085,10745
59549.192,9086,10745
59686.45,9087,10745
59686.484,9088,10746
59686.561,9089,10746
59686.661,9090,10747
59687.882,9091,10748
59689.261,9092,10749
59690.639,9093,10750
59692.071,9094,10751
59702.482,9095,10751
59704.968,9096,10751
59708.138,9097,10752
59711.908,9098,10752
59717.329,9099,10752
59733.073,9100,10752
59763.808,9101,10752
59802.197,9102,10752
59802.501,9103,10752
59829.929,9104,10752
59830.768,9105,10752
59838.326,9106,10752
59857.436,9107,10752
59860.348,9108,10752
59860.587,9109,10753
59881.234,9110,10753
59881.729,9111,10753
59882.491,9112,10754
59883.181,9113,10754
59885.652,9114,10754
59885.887,9115,10754
59885.996,9116,10754
59886.083,9117,10754
59887.939,9118,10754
59888.014,9119,10754
59891.11,9120,10754
59891.935,9121,10754
59903.687,9122,10754
59924.783,9123,10754
59924.873,9124,10754
59925.029,9125,10754
59973.793,9126,10754
59981.78,9127,10754
59981.912,9128,10754
59990.81,9129,10754
60013.531,9130,10754
60015.086,9131,10754
60060.809,9132,10754
60140.057,9133,10754
60140.83,9134,10754
60158.941,9135,10754
60177.258,9136,10754
60210.48,9137,10755
60324.255,9138,10755
60324.591,9139,10755
60325.793,9140,10755
60386.54,9141,10755
60420.824,9142,10758
60456.651,9143,10758
60549.946,9144,10758
60560.503,9145,10758
60611.723,9146,10758
60720.529,9147,10758
60723.622,9148,10758
60898.394,9149,10758
61072.508,9150,10758
61077.798,9151,10758
61078.088,9152,10758
61079.285,9153,10758
61081.463,9154,10758
61433.448,9155,10758
61543.598,9156,10758
61550.004,9157,10758
61551.546,9158,10758
61551.603,9159,10758
61551.648,9160,10758
61554.897,9161,10758
61562.185,9162,10758
61564.112,9163,10758
61565.103,9164,10758
61568.93,9165,10758
61617.706,9166,10758
61623.856,9167,10758
61624.295,9168,10758
61630.395,9169,10758
61705.917,9170,10758
61710.872,9171,10758
61788.627,9172,10758
62314.612,9173,10758
62314.754,9174,10760
62327.003,9175,10764
62368.369,9176,10764
62378.056,9177,10764
62378.182,9178,10764
62379.085,9179,10764
62636.023,9180,10764
62636.548,9181,10764
62657.716,9182,10764
62700.678,9183,10765
62906.133,9184,10765
62906.489,9185,10765
62987.603,9186,10765
63004.024,9187,10765
63004.136,9188,10765
63008.337,9189,10766
63009.868,9190,10767
63166.278,9191,10767
63178.003,9192,10767
63387.309,9193,10767
63387.338,9194,10767
63397.118,9195,10767
63414.748,9196,10767
63444.506,9197,10767
63571.577,9198,10767
63652.601,9199,10767
63777.664,9200,10767
63780.35,9201,10767
63782.344,9202,10767
63783.062,9203,10767
63790.307,9204,10767
63900.507,9205,10767
64095.866,9206,10767
64161.235,9207,10767
64219.625,9208,10767
64234.264,9209,10767
64234.302,9210,10767
64238.818,9211,10767
64475.384,9212,10767
64560.682,9213,10767
64562.099,9214,10767
64562.175,9215,10767
64564.443,9216,10767
64688.39,9217,10767
64688.529,9218,10767
64691.747,9219,10767
64691.813,9220,10768
64691.885,9221,10768
64692.876,9222,10768
64693.969,9223,10768
64695.736,9224,10768
64697.554,9225,10768
64700.541,9226,10768
64708.666,9227,10768
64712.977,9228,10768
64716.085,9229,10768
64716.124,9230,10768
64717.785,9231,10768
64717.843,9232,10768
64718.466,9233,10768
64720.372,9234,10768
64725.858,9235,10768
64736.638,9236,10768
64736.847,9237,10768
64739.243,9238,10768
64739.527,9239,10768
64739.833,9240,10768
64742.841,9241,10768
64745.63,9242,10768
64760.546,9243,10768
64790.474,9244,10768
64790.896,9245,10768
64791.481,9246,10768
64804.687,9247,10768
64806.125,9248,10768
64806.381,9249,10768
64806.559,9250,10768
64806.843,9251,10768
64807.122,9252,10768
64816.492,9253,10768
64827.996,9254,10768
64829.637,9255,10768
64843.429,9256,10768
64844.578,9257,10768
64846.425,9258,10768
64850.803,9259,10768
64917.883,9260,10768
65008.181,9261,10768
65089.984,9262,10768
65128.082,9263,10768
65146.7,9264,10768
65267.684,9265,10768
65323.86,9266,10768
65323.988,9267,10768
65327.433,9268,10768
65413.365,9269,10768
65601.459,9270,10768
65616.708,9271,10768
65633.598,9272,10768
65633.768,9273,10768
65634.585,9274,10768
65638.709,9275,10768
65831.85,9276,10768
65841.699,9277,10768
65881.899,9278,10768
65969.428,9279,10768
65986.111,9280,10768
65999.248,9281,10768
66001.344,9282,10768
66129.709,9283,10768
66235.064,9284,10768
66396.524,9285,10768
66403.785,9286,10768
66404.28,9287,10768
66410.509,9288,10768
66411.383,9289,10768
66413.167,9290,10768
66433.481,9291,10768
66526.334,9292,10768
66556.813,9293,10769
66557.159,9294,10769
66589.346,9295,10769
66590.815,9296,10769
66590.976,9297,10769
66591.044,9298,10769
66593.691,9299,10769
66720.22,9300,10769
66720.59,9301,10769
66840.477,9302,10769
66840.585,9303,10769
66842.751,9304,10769
66846.073,9305,10769
66912.082,9306,10769
66912.265,9307,10769
66912.571,9308,10769
67005.758,9309,10769
67041.118,9310,10770
67041.685,9311,10770
67143.627,9312,10770
67183.109,9313,10770
67248.903,9314,10770
67249.162,9315,10770
67251.605,9316,10770
67253.728,9317,10770
67258.918,9318,10770
67262.059,9319,10770
67262.38,9320,10770
67272.324,9321,10770
67272.539,9322,10770
67272.594,9323,10770
67272.636,9324,10770
67272.744,9325,10770
67274.032,9326,10770
67275.072,9327,10770
67319.986,9328,10770
67320.043,9329,10770
67321.601,9330,10770
67325.925,9331,10770
67329.756,9332,10770
67331.082,9333,10770
67343.157,9334,10770
67344.869,9335,10770
67347.041,9336,10770
67351.655,9337,10770
67353.404,9338,10770
67354.001,9339,10770
67412.083,9340,10770
67459.521,9341,10771
67461.149,9342,10773
67652.64,9343,10773
67750.928,9344,10773
67770.407,9345,10773
67827.228,9346,10773
67950.88,9347,10773
68006.659,9348,10773
68021.031,9349,10774
68124.304,9350,10774
68137.044,9351,10776
68153.078,9352,10776
68153.142,9353,10776
68153.178,9354,10776
68153.312,9355,10776
68157.77,9356,10776
68211.598,9357,10776
68211.691,9358,10777
68218.261,9359,10777
68218.401,9360,10778
68251.612,9361,10778
68278.208,9362,10778
68287.175,9363,10778
68320.648,9364,10778
68325.413,9365,10779
68333.338,9366,10781
68444.667,9367,10781
68461.502,9368,10784
68461.787,9369,10784
68463.751,9370,10784
68465.999,9371,10784
68506.614,9372,10784
68529.198,9373,10784
68531.671,9374,10784
68556.923,9375,10785
68558.275,9376,10785
68579.77,9377,10785
68580.289,9378,10785
68580.357,9379,10785
68580.407,9380,10785
68580.419,9381,10785
68599.84,9382,10785
68604.121,9383,10785
68604.376,9384,10785
68637.064,9385,10785
68646.658,9386,10785
68722.667,9387,10786
68730.619,9388,10786
68730.9,9389,10787
68730.956,9390,10787
68805.386,9391,10787
68822.643,9392,10787
68845.228,9393,10788
68866.606,9394,10788
68868.169,9395,10788
68875.16,9396,10788
68885.616,9397,10788
68915.249,9398,10789
68924.498,9399,10789
68966.505,9400,10790
69001.731,9401,10790
69097.862,9402,10790
69098.328,9403,10795
69098.661,9404,10795
69128.63,9405,10795
69128.724,9406,10795
69129.043,9407,10795
69129.318,9408,10795
69129.431,9409,10795
69129.696,9410,10795
69130.851,9411,10795
69171.17,9412,10795
69171.567,9413,10795
69207.771,9414,10795
69236.431,9415,10796
69236.481,9416,10797
69236.676,9417,10797
69236.858,9418,10798
69237.698,9419,10799
69238.914,9420,10799
69242.399,9421,10800
69242.873,9422,10801
69243.516,9423,10801
69267.167,9424,10801
69267.581,9425,10801
69287.338,9426,10801
69288.601,9427,10801
69314.653,9428,10801
69316.319,9429,10801
69316.479,9430,10801
69324.876,9431,10801
69343.911,9432,10801
69344.513,9433,10801
69345.134,9434,10801
69345.147,9435,10801
69345.162,9436,10801
69345.185,9437,10801
69347.311,9438,10801
69350.204,9439,10801
69361.323,9440,10801
69372.323,9441,10802
69378.787,9442,10802
69415.254,9443,10803
69435.229,9444,10803
69437.24,9445,10803
69449.524,9446,10803
69450.014,9447,10805
69456.705,9448,10806
69456.824,9449,10808
69456.973,9450,10809
69457.776,9451,10811
69457.96,9452,10812
69458.074,9453,10813
69465.918,9454,10814
69467.581,9455,10814
69468.386,9456,10814
69498.353,9457,10817
69532.33,9458,10818
69535.315,9459,10819
69547.599,9460,10821
69560.997,9461,10821
69561.863,9462,10821
69562.723,9463,10821
69582.618,9464,10827
69587.694,9465,10827
69595.856,9466,10827
69595.986,9467,10827
69644.604,9468,10827
69670.562,9469,10827
69670.765,9470,10827
69683.668,9471,10828
69753.126,9472,10832
69775.0,9473,10832
69823.481,9474,10836
69829.464,9475,10836
69886.735,9476,10836
69918.614,9477,10838
69928.001,9478,10839
69928.065,9479,10846
69928.805,9480,10847
69980.329,9481,10847
69999.12,9482,10848
70045.009,9483,10850
70051.041,9484,10850
70086.618,9485,10851
70086.839,9486,10851
70088.198,9487,10851
70113.216,9488,10851
70133.003,9489,10851
70140.696,9490,10868
70140.776,9491,10870
70152.197,9492,10870
70152.208,9493,10870
70191.597,9494,10870
70213.374,9495,10870
70241.442,9496,10871
70242.035,9497,10871
70242.242,9498,10871
70275.057,9499,10871
70276.844,9500,10871
70337.093,9501,10871
70338.454,9502,10871
70338.718,9503,10871
70338.752,9504,10872
70338.875,9505,10872
70339.312,9506,10872
70340.203,9507,10872
70343.137,9508,10872
70343.405,9509,10872
70344.319,9510,10872
70344.852,9511,10874
70344.934,9512,10876
70345.788,9513,10876
70351.325,9514,10876
70364.575,9515,10876
70393.151,9516,10876
70407.409,9517,10876
70407.437,9518,10876
70415.613,9519,10876
70435.928,9520,10876
70437.312,9521,10876
70468.843,9522,10876
70478.835,9523,10876
70522.276,9524,10877
70538.688,9525,10877
70551.167,9526,10877
70553.14,9527,10878
70553.217,9528,10884
70560.847,9529,10884
70601.576,9530,10884
70602.786,9531,10884
70608.373,9532,10885
70619.349,9533,10885
70620.829,9534,10885
70656.811,9535,10885
70665.467,9536,10885
70712.843,9537,10885
70713.001,9538,10886
70740.894,9539,10886
70755.633,9540,10886
70755.712,9541,10886
70757.57,9542,10887
70757.599,9543,10888
70757.722,9544,10894
70759.402,9545,10901
70762.002,9546,10901
70762.139,9547,10905
70762.253,9548,10905
70827.376,9549,10907
70827.406,9550,10907
70827.858,9551,10907
70828.528,9552,10910
70828.775,9553,10912
70832.44,9554,10913
70837.424,9555,10914
70838.568,9556,10915
70877.735,9557,10915
70878.644,9558,10915
70907.31,9559,10915
70962.082,9560,10915
70974.345,9561,10915
70974.612,9562,10915
70974.717,9563,10915
71017.045,9564,10915
71036.91,9565,10915
71040.573,9566,10915
71040.766,9567,10915
71046.432,9568,10916
71063.998,9569,10916
71074.041,9570,10916
71076.027,9571,10916
71115.217,9572,10917
71127.906,9573,10918
71143.999,9574,10918
71147.24,9575,10918
71166.217,9576,10918
71173.04,9577,10921
71178.834,9578,10921
71202.181,9579,10921
71235.244,9580,10921
71235.827,9581,10921
71235.841,9582,10921
71237.16,9583,10921
71240.569,9584,10922
71292.549,9585,10922
71299.319,9586,10922
71301.958,9587,10922
71333.915,9588,10926
71353.824,9589,10926
71402.396,9590,10926
71414.202,9591,10929
71435.243,9592,10929
71466.605,9593,10929
71473.152,9594,10930
71473.419,9595,10933
71474.395,9596,10933
71475.596,9597,10933
71475.83,9598,10933
71476.107,9599,10933
71476.517,9600,10933
71482.558,9601,10937
71486.567,9602,10938
71489.162,9603,10938
71506.326,9604,10938
71506.396,9605,10939
71507.397,9606,10939
71525.814,9607,10939
71534.198,9608,10939
71546.053,9609,10939
71548.627,9610,10939
71548.947,9611,10939
71554.721,9612,10939
71567.336,9613,10939
71570.584,9614,10939
71570.877,9615,10939
71571.047,9616,10939
71571.725,9617,10939
71571.863,9618,10939
71577.467,9619,10939
71581.822,9620,10939
71599.139,9621,10942
71607.381,9622,10942
71607.905,9623,10942
71609.207,9624,10943
71609.312,9625,10944
71639.592,9626,10945
71655.893,9627,10945
71667.307,9628,10945
71689.898,9629,10945
71705.929,9630,10946
71717.164,9631,10946
71726.067,9632,10948
71732.349,9633,10948
71733.237,9634,10948
71733.258,9635,10948
71748.358,9636,10948
71784.495,9637,10949
71786.703,9638,10950
71788.105,9639,10950
71800.375,9640,10950
71801.199,9641,10950
71803.08,9642,10950
71806.506,9643,10950
71811.499,9644,10950
71827.189,9645,10950
71840.069,9646,10951
71840.078,9647,10951
71840.088,9648,10953
71840.763,9649,10953
71843.308,9650,10954
71858.635,9651,10954
71869.994,9652,10954
71870.088,9653,10954
71870.102,9654,10954
71870.119,9655,10954
71871.143,9656,10954
71871.24,9657,10954
71871.453,9658,10955
71872.501,9659,10955
71872.665,9660,10956
71872.693,9661,10956
71873.346,9662,10956
71873.895,9663,10956
71874.779,9664,10956
71875.838,9665,10956
71877.587,9666,10956
71878.497,9667,10956
71879.144,9668,10957
71880.806,9669,10957
71881.122,9670,10959
71896.778,9671,10961
71896.793,9672,10961
71898.033,9673,10961
71898.144,9674,10961
71900.006,9675,10961
71900.235,9676,10961
71901.8,9677,10961
71902.698,9678,10961
71904.441,9679,10961
71905.717,9680,10961
71905.74,9681,10961
71920.489,9682,10961
71921.226,9683,10961
71922.001,9684,10961
71923.626,9685,10961
71923.866,9686,10961
71935.457,9687,10961
71936.923,9688,10961
71946.129,9689,10961
71947.719,9690,10961
72089.582,9691,10961
72262.352,9692,10961
72262.371,9693,10961
72295.799,9694,10961
72296.343,9695,10961
72311.818,9696,10961
72316.48,9697,10962
72371.216,9698,10962
72517.573,9699,10963
72531.088,9700,10963
72604.917,9701,10963
73033.818,9702,10963
73169.067,9703,10964
73204.136,9704,10964
73246.889,9705,10964
73292.029,9706,10964
73292.089,9707,10964
73292.915,9708,10964
73293.259,9709,10964
73471.958,9710,10964
73525.039,9711,10964
73583.93,9712,10964
73584.269,9713,10964
73585.94,9714,10965
73882.472,9715,10965
74080.18,9716,10965
74148.492,9717,10966
74148.769,9718,10966
74149.39,9719,10966
74151.294,9720,10966
74152.702,9721,10966
74159.971,9722,10966
74167.044,9723,10967
74169.148,9724,10967
74169.283,9725,10967
74169.637,9726,10967
74171.949,9727,10967
74172.269,9728,10967
74172.759,9729,10967
74615.267,9730,10967
74686.809,9731,10967
75086.628,9732,10967
75715.512,9733,10967
76278.137,9734,10967
76278.72,9735,10967
76678.941,9736,10967
76679.827,9737,10967
76681.485,9738,10967
76681.766,9739,10967
76937.973,9740,10967
76943.227,9741,10968
77002.688,9742,10968
77061.295,9743,10968
77199.34,9744,10968
77199.587,9745,10968
77199.733,9746,10968
77201.487,9747,10968
77290.855,9748,10968
77291.902,9749,10968
77292.461,9750,10968
77295.406,9751,10968
77296.161,9752,10968
77301.157,9753,10968
77538.479,9754,10969
77669.479,9755,10969
77669.941,9756,10969
77678.026,9757,10969
77678.808,9758,10969
77823.894,9759,10969
77852.82,9760,10969
77954.888,9761,10970
77955.316,9762,10970
77994.24,9763,10970
78004.759,9764,10971
78097.83,9765,10972
78097.893,9766,10973
78099.935,9767,10974
78155.613,9768,10975
78157.089,9769,10975
78228.129,9770,10976
78228.772,9771,10977
78271.637,9772,10977
78312.089,9773,10978
78465.287,9774,10978
78468.535,9775,10979
78469.096,9776,10980
78600.716,9777,10980
78601.289,9778,10980
78654.931,9779,10981
78739.639,9780,10981
78843.683,9781,10981
78853.247,9782,10981
78906.473,9783,10981
79088.27,9784,10981
79108.508,9785,10982
79333.258,9786,10982
79361.78,9787,10982
79434.437,9788,10982
79611.984,9789,10982
79699.873,9790,10982
79721.778,9791,10982
79795.748,9792,10982
79892.398,9793,10990
80132.063,9794,10990
80133.035,9795,10993
80133.403,9796,10996
80135.364,9797,10998
80136.727,9798,10999
80138.231,9799,10999
80143.117,9800,10999
80147.345,9801,11002
80151.457,9802,11004
80154.465,9803,11004
80180.618,9804,11004
80188.612,9805,11007
80189.176,9806,11007
80189.95,9807,11007
80193.519,9808,11007
80197.731,9809,11007
80198.363,9810,11008
80199.084,9811,11009
80199.978,9812,11011
80215.034,9813,11012
80255.53,9814,11012
80264.372,9815,11012
80264.466,9816,11012
80265.697,9817,11013
80274.483,9818,11017
80335.122,9819,11017
80499.064,9820,11017
80499.865,9821,11017
80503.751,9822,11017
80504.391,9823,11017
80505.906,9824,11017
80506.165,9825,11017
80506.604,9826,11017
80516.557,9827,11017
80520.592,9828,11017
80571.036,9829,11017
80571.172,9830,11017
80863.51,9831,11017
80914.128,9832,11017
80952.296,9833,11017
80953.575,9834,11017
80961.221,9835,11017
81016.782,9836,11017
81079.919,9837,11017
81096.649,9838,11017
81184.448,9839,11017
81194.86,9840,11017
81195.256,9841,11017
81222.627,9842,11018
81282.658,9843,11018
81302.319,9844,11018
81326.794,9845,11018
81411.408,9846,11018
81411.653,9847,11018
81414.016,9848,11018
81414.03,9849,11018
81414.043,9850,11018
81414.086,9851,11018
81414.102,9852,11018
81414.424,9853,11018
81414.452,9854,11018
81427.473,9855,11018
81444.075,9856,11020
81446.224,9857,11020
81481.076,9858,11021
81483.872,9859,11021
81506.562,9860,11022
81573.878,9861,11022
81684.545,9862,11022
81694.674,9863,11022
81790.597,9864,11022
81794.441,9865,11025
81848.696,9866,11026
81890.133,9867,11026
81913.541,9868,11026
81957.897,9869,11026
81961.42,9870,11026
81964.074,9871,11027
81998.75,9872,11027
82018.004,9873,11028
82091.797,9874,11028
82104.558,9875,11028
82118.962,9876,11028
82130.1,9877,11028
82222.574,9878,11028
82238.147,9879,11028
82245.137,9880,11028
82245.662,9881,11028
82252.167,9882,11028
82252.527,9883,11028
82272.205,9884,11029
82358.641,9885,11029
82416.229,9886,11030
82416.582,9887,11035
82435.335,9888,11035
82435.361,9889,11035
82435.981,9890,11035
82466.499,9891,11035
82466.722,9892,11036
82468.04,9893,11037
82634.676,9894,11037
82650.105,9895,11037
82681.049,9896,11037
82681.541,9897,11037
82753.512,9898,11037
82757.842,9899,11037
82804.889,9900,11037
82910.088,9901,11038
82910.135,9902,11038
82910.616,9903,11038
82911.188,9904,11038
82912.778,9905,11038
82961.286,9906,11038
82961.716,9907,11038
82975.775,9908,11038
83007.105,9909,11038
83055.038,9910,11038
83086.763,9911,11040
83089.979,9912,11043
83097.381,9913,11043
83097.627,9914,11045
83106.888,9915,11045
83107.608,9916,11045
83109.895,9917,11045
83126.777,9918,11045
83199.137,9919,11045
83204.132,9920,11045
83207.241,9921,11054
83217.285,9922,11054
83246.824,9923,11054
83247.028,9924,11055
83247.182,9925,11061
83247.218,9926,11062
83248.504,9927,11062
83276.647,9928,11062
83278.557,9929,11062
83278.935,9930,11062
83313.63,9931,11062
83320.247,9932,11062
83363.314,9933,11062
83401.466,9934,11063
83414.524,9935,11063
83442.423,9936,11063
83443.557,9937,11063
83443.584,9938,11063
83464.88,9939,11063
83467.078,9940,11063
83467.598,9941,11063
83478.623,9942,11063
83523.43,9943,11063
83523.76,9944,11063
83523.964,9945,11063
83525.08,9946,11063
83549.262,9947,11063
83565.799,9948,11063
83565.897,9949,11063
83566.431,9950,11063
83567.286,9951,11064
83590.105,9952,11064
83590.62,9953,11064
83622.038,9954,11065
83633.136,9955,11065
83697.569,9956,11066
83732.014,9957,11066
83736.298,9958,11066
83736.499,9959,11066
83736.513,9960,11066
83736.913,9961,11066
83737.009,9962,11066
83737.538,9963,11066
83744.759,9964,11066
83764.464,9965,11066
83764.847,9966,11066
83765.184,9967,11066
83765.237,9968,11066
83765.267,9969,11067
83765.283,9970,11067
83765.336,9971,11067
83783.522,9972,11067
83797.875,9973,11067
83860.221,9974,11081
83862.972,9975,11083
83863.013,9976,11083
83894.076,9977,11083
83935.194,9978,11083
83936.252,9979,11083
83936.624,9980,11083
83937.084,9981,11083
83995.46,9982,11083
84011.117,9983,11086
84021.641,9984,11086
84124.322,9985,11086
84166.595,9986,11086
84166.884,9987,11086
84191.804,9988,11086
84197.616,9989,11086
84208.988,9990,11086
84212.342,9991,11086
84238.8,9992,11086
84243.455,9993,11086
84250.961,9994,11086
84256.619,9995,11086
84259.172,9996,11087
84264.485,9997,11087
84294.866,9998,11087
84314.735,9999,11088
84333.021,10000,11088
84354.775,10001,11089
84367.273,10002,11090
84402.1,10003,11090
84402.993,10004,11091
84417.934,10005,11091
84442.296,10006,11091
84443.793,10007,11091
84460.396,10008,11091
84478.496,10009,11091
84499.908,10010,11091
84513.651,10011,11092
84537.181,10012,11092
84543.303,10013,11092
84567.345,10014,11092
84575.373,10015,11092
84576.212,10016,11092
84577.081,10017,11092
84577.923,10018,11092
84578.658,10019,11092
84586.592,10020,11092
84587.483,10021,11092
84587.666,10022,11092
84591.208,10023,11092
84636.812,10024,11092
84675.143,10025,11092
84696.599,10026,11092
84699.598,10027,11092
84700.09,10028,11092
84700.127,10029,11092
84701.785,10030,11092
84703.493,10031,11092
84704.943,10032,11092
84708.287,10033,11092
84709.136,10034,11092
84710.751,10035,11092
84710.917,10036,11092
84712.203,10037,11092
84714.469,10038,11092
84727.175,10039,11092
84728.072,10040,11092
84729.646,10041,11092
84737.368,10042,11092
84737.384,10043,11092
84737.493,10044,11092
84737.601,10045,11092
84738.109,10046,11092
84738.204,10047,11092
84739.456,10048,11092
84740.832,10049,11092
84742.557,10050,11092
84742.865,10051,11092
84745.426,10052,11092
84755.297,10053,11092
84802.422,10054,11092
84809.972,10055,11092
84810.259,10056,11092
84810.744,10057,11092
84810.79,10058,11092
84811.606,10059,11092
84812.126,10060,11092
84812.534,10061,11092
84814.292,10062,11092
84817.648,10063,11092
84818.68,10064,11092
84841.36,10065,11092
84845.059,10066,11094
84847.002,10067,11094
84864.815,10068,11094
84864.83,10069,11095
84865.118,10070,11095
84865.715,10071,11096
84865.995,10072,11096
84866.889,10073,11097
84869.167,10074,11097
84869.301,10075,11097
84869.613,10076,11097
84870.339,10077,11099
84871.061,10078,11099
84872.783,10079,11099
84876.734,10080,11099
84880.72,10081,11099
84881.351,10082,11099
84899.085,10083,11099
84931.519,10084,11099
84951.735,10085,11099
84953.656,10086,11099
84959.703,10087,11099
85029.001,10088,11099
85031.507,10089,11099
85031.768,10090,11099
85031.887,10091,11100
85032.795,10092,11100
85033.41,10093,11100
85035.467,10094,11101
85036.163,10095,11102
85038.998,10096,11102
85042.926,10097,11103
85045.841,10098,11103
85046.64,10099,11103
85047.378,10100,11103
85047.397,10101,11103
85049.765,10102,11104
85050.462,10103,11104
85059.092,10104,11104
85060.903,10105,11104
85067.2,10106,11105
85067.216,10107,11106
85072.332,10108,11107
85076.588,10109,11108
85098.512,10110,11108
85105.091,10111,11108
85112.249,10112,11108
85113.713,10113,11108
85116.528,10114,11108
85117.71,10115,11108
85132.45,10116,11109
85137.794,10117,11109
85153.161,10118,11109
85180.107,10119,11109
85182.12,10120,11109
85184.12,10121,11110
85187.173,10122,11110
85200.943,10123,11110
85203.658,10124,11110
85266.07,10125,11110
85272.922,10126,11110
85272.93,10127,11110
85272.95,10128,11110
85273.004,10129,11110
85273.018,10130,11110
85275.053,10131,11110
85280.078,10132,11110
85281.879,10133,11110
85290.272,10134,11110
85309.851,10135,11110
85311.878,10136,11110
85313.43,10137,11110
85330.437,10138,11110
85330.535,10139,11110
85353.471,10140,11110
85356.472,10141,11110
85370.978,10142,11110
85379.735,10143,11110
85380.341,10144,11110
85380.376,10145,11110
85381.832,10146,11110
85382.198,10147,11110
85384.786,10148,11110
85388.949,10149,11111
85389.385,10150,11111
85390.257,10151,11111
85391.019,10152,11111
85392.15,10153,11112
85407.011,10154,11112
85407.447,10155,11112
85424.061,10156,11112
85425.026,10157,11112
85428.512,10158,11112
85439.178,10159,11112
85439.768,10160,11114
85443.242,10161,11114
85446.075,10162,11114
85446.867,10163,11114
85449.045,10164,11114
85449.194,10165,11114
85454.103,10166,11114
85492.481,10167,11115
85492.708,10168,11115
85492.917,10169,11115
85493.765,10170,11115
85493.802,10171,11115
85495.323,10172,11115
85495.922,10173,11116
85496.936,10174,11116
85498.822,10175,11126
85498.923,10176,11126
85499.008,10177,11126
85501.795,10178,11126
85506.399,10179,11126
85516.699,10180,11126
85539.945,10181,11127
85540.041,10182,11127
85540.049,10183,11127
85540.084,10184,11128
85540.436,10185,11128
85542.044,10186,11128
85542.264,10187,11128
85543.321,10188,11128
85544.293,10189,11128
85544.835,10190,11128
85548.899,10191,11129
85550.19,10192,11129
85577.165,10193,11129
85593.086,10194,11129
85603.704,10195,11129
85611.491,10196,11129
85613.652,10197,11129
85614.11,10198,11129
85616.125,10199,11129
85635.969,10200,11129
85695.032,10201,11129
85720.182,10202,11129
85720.283,10203,11129
85721.322,10204,11129
85728.079,10205,11129
85736.037,10206,11129
85744.047,10207,11129
85748.653,10208,11129
85788.331,10209,11129
85794.49,10210,11129
85804.302,10211,11129
85804.582,10212,11129
85838.184,10213,11129
85838.368,10214,11129
85883.529,10215,11129
85910.768,10216,11130
85947.82,10217,11130
85983.641,10218,11130
