time_s,inputs,cumulative_edges
0.0,1,2325
0.0,2,2424
0.0,3,2443
0.0,4,2490
0.0,5,2591
0.0,6,2595
0.0,7,2904
0.0,8,2961
0.0,9,3364
0.0,10,3398
0.0,11,3400
0.0,12,3500
0.0,13,3502
0.0,14,3509
0.0,15,3527
0.0,16,3527
0.0,17,3528
0.0,18,3548
0.0,19,3721
0.0,20,3730
0.0,21,3732
0.0,22,3734
0.0,23,3743
0.0,24,3743
0.0,25,3744
0.0,26,3773
0.0,27,3773
0.0,28,3779
0.0,29,3795
0.0,30,3796
0.0,31,3802
0.0,32,3805
0.0,33,3825
0.0,34,3825
0.0,35,3833
0.0,36,3833
0.0,37,3847
0.0,38,3852
0.0,39,3855
0.0,40,3855
0.0,41,3871
0.0,42,3872
0.0,43,3910
0.0,44,3932
0.0,45,3967
0.0,46,3992
0.0,47,3997
0.0,48,4001
0.0,49,4037
0.0,50,4052
0.0,51,4052
0.0,52,4055
0.0,53,4055
0.0,54,4067
0.0,55,4144
0.0,56,4144
0.0,57,4150
0.0,58,4157
0.0,59,4161
0.0,60,4164
0.0,61,4174
0.0,62,4174
0.0,63,4194
0.0,64,4194
0.0,65,4194
0.0,66,4194
0.0,67,4194
0.0,68,4196
0.0,69,4200
0.0,70,4200
0.0,71,4206
0.0,72,4206
0.0,73,4206
0.0,74,4210
0.0,75,4211
0.0,76,4212
0.0,77,4212
0.0,78,4212
0.0,79,4212
0.0,80,4212
0.0,81,4245
0.0,82,4246
0.0,83,4248
0.0,84,4248
0.0,85,4248
0.0,86,4250
0.0,87,4256
0.0,88,4379
0.0,89,4447
0.0,90,4451
0.0,91,4454
0.0,92,4454
0.0,93,4458
0.0,94,4458
0.0,95,4458
0.0,96,4458
0.0,97,4487
0.0,98,4493
0.0,99,4504
0.0,100,4504
0.0,101,4517
0.0,102,4518
0.0,103,4518
0.0,104,4518
0.0,105,4518
0.0,106,4518
0.0,107,4520
0.0,108,4521
0.0,109,4523
0.0,110,4523
0.0,111,4523
0.0,112,4527
0.0,113,4527
0.0,114,4532
0.0,115,4534
0.0,116,4538
0.0,117,4539
0.0,118,4539
0.0,119,4539
0.0,120,4550
0.0,121,4550
0.0,122,4550
0.0,123,4550
0.0,124,4552
0.0,125,4552
0.0,126,4552
0.0,127,4563
0.0,128,4913
0.0,129,4914
0.0,130,4914
0.0,131,4914
0.0,132,4914
0.0,133,4914
0.0,134,4914
0.0,135,4915
0.0,136,4915
0.0,137,4915
0.0,138,4923
0.0,139,4923
0.0,140,4923
0.0,141,4924
0.0,142,4927
0.0,143,4927
0.0,144,4927
0.0,145,5011
0.0,146,5011
0.0,147,5016
0.0,148,5016
0.0,149,5016
0.0,150,5016
0.0,151,5023
0.0,152,5023
0.0,153,5029
0.0,154,5031
0.0,155,5031
0.0,156,5031
0.0,157,5031
0.0,158,5032
0.0,159,5113
0.0,160,5113
0.0,161,5113
0.0,162,5123
0.0,163,5124
0.0,164,5124
0.0,165,5124
0.0,166,5124
0.0,167,5125
0.0,168,5136
0.0,169,5140
0.0,170,5141
0.0,171,5141
0.0,172,5144
0.0,173,5170
0.0,174,5176
0.0,175,5176
0.0,176,5180
0.0,177,5182
0.0,178,5182
0.016,179,5182
0.032,180,5182
0.045,181,5185
0.056,182,5185
0.078,183,5185
0.107,184,5186
0.135,185,5186
0.146,186,5191
0.162,187,5192
0.173,188,5194
0.191,189,5194
0.216,190,5194
0.283,191,5195
0.306,192,5195
0.36,193,5196
0.42,194,5197
0.483,195,5197
0.554,196,5198
0.586,197,5198
0.611,198,5198
0.625,199,5199
0.657,200,5200
0.792,201,5205
0.806,202,5206
0.82,203,5207
0.839,204,5208
0.857,205,5209
0.879,206,5210
0.898,207,5211
0.998,208,5212
1.013,209,5213
1.296,210,5213
1.559,211,5213
1.571,212,5214
1.593,213,5216
1.618,214,5224
1.64,215,5225
1.685,216,5225
1.706,217,5226
1.72,218,5226
1.731,219,5226
1.784,220,5227
1.842,221,5228
1.854,222,5229
1.88,223,5230
1.901,224,5232
1.92,225,5232
1.942,226,5232
1.96,227,5232
2.008,228,5232
2.033,229,5232
2.114,230,5233
2.137,231,5233
2.156,232,5233
2.184,233,5234
2.211,234,5235
2.244,235,5236
2.271,236,5236
2.315,237,5236
2.343,238,5236
2.362,239,5237
2.381,240,5237
2.422,241,5238
2.436,242,5238
2.496,243,5238
2.511,244,5238
2.549,245,5238
2.568,246,5238
2.602,247,5239
2.692,248,5240
2.725,249,5241
2.774,250,5241
2.803,251,5241
2.82,252,5241
2.839,253,5243
2.886,254,5243
2.905,255,5244
2.938,256,5244
2.953,257,5244
2.976,258,5245
2.994,259,5245
3.008,260,5246
3.046,261,5248
3.069,262,5249
3.086,263,5250
3.101,264,5250
3.122,265,5251
3.155,266,5253
3.193,267,5253
3.217,268,5255
3.236,269,5256
3.248,270,5256
3.296,271,5256
3.315,272,5256
3.33,273,5258
3.421,274,5258
3.454,275,5258
3.473,276,5258
3.497,277,5259
3.58,278,5262
3.646,279,5263
3.688,280,5263
3.725,281,5263
3.766,282,5266
3.78,283,5266
3.923,284,5266
4.005,285,5266
4.061,286,5269
4.097,287,5269
4.122,288,5270
4.196,289,5270
4.251,290,5271
4.346,291,5272
4.368,292,5272
4.476,293,5272
4.533,294,5272
4.554,295,5274
4.574,296,5274
4.605,297,5275
4.63,298,5276
4.786,299,5277
4.821,300,5279
4.859,301,5280
4.9,302,5282
5.128,303,5291
5.197,304,5292
5.209,305,5292
5.244,306,5292
5.263,307,5292
5.287,308,5293
5.299,309,5293
5.332,310,5294
5.459,311,5295
5.507,312,5296
5.588,313,5297
5.616,314,5297
5.631,315,5297
5.652,316,5298
5.706,317,5298
5.818,318,5299
5.915,319,5299
6.187,320,5299
6.281,321,5299
6.302,322,5310
6.336,323,5310
6.376,324,5316
6.477,325,5317
6.492,326,5318
6.522,327,5318
6.541,328,5319
6.552,329,5320
6.604,330,5320
6.673,331,5320
6.687,332,5323
6.741,333,5323
6.77,334,5323
6.911,335,5324
6.998,336,5324
7.039,337,5324
7.07,338,5324
7.107,339,5324
7.166,340,5325
7.192,341,5325
7.245,342,5326
7.318,343,5326
7.349,344,5326
7.412,345,5326
7.605,346,5326
7.617,347,5326
7.693,348,5326
7.83,349,5326
7.951,350,5327
8.035,351,5328
8.084,352,5330
8.111,353,5330
8.175,354,5331
8.311,355,5331
8.356,356,5332
8.465,357,5334
8.585,358,5334
8.602,359,5335
8.679,360,5335
8.94,361,5338
8.955,362,5339
9.159,363,5339
9.216,364,5339
9.258,365,5339
9.319,366,5339
9.346,367,5339
9.46,368,5339
9.521,369,5340
9.568,370,5340
9.676,371,5340
9.704,372,5340
9.76,373,5340
9.774,374,5341
9.8,375,5343
10.032,376,5344
10.128,377,5344
10.168,378,5345
10.231,379,5345
10.269,380,5346
10.365,381,5347
10.382,382,5348
10.408,383,5349
10.507,384,5350
10.57,385,5356
10.584,386,5356
10.655,387,5356
10.718,388,5356
10.909,389,5356
10.922,390,5363
10.976,391,5369
10.989,392,5370
11.038,393,5372
11.061,394,5372
11.106,395,5373
11.12,396,5373
11.298,397,5375
11.333,398,5378
11.418,399,5378
11.473,400,5379
11.554,401,5379
11.585,402,5379
11.618,403,5379
11.686,404,5379
11.835,405,5382
11.957,406,5382
12.139,407,5383
12.158,408,5385
12.305,409,5386
12.319,410,5386
12.389,411,5386
12.51,412,5386
12.585,413,5386
12.611,414,5386
12.637,415,5386
12.749,416,5386
12.803,417,5386
12.903,418,5386
12.924,419,5387
13.112,420,5387
13.129,421,5387
13.25,422,5391
13.37,423,5391
13.494,424,5392
13.567,425,5394
13.651,426,5394
13.75,427,5394
13.889,428,5395
14.11,429,5395
14.183,430,5395
14.234,431,5397
14.27,432,5397
14.281,433,5397
14.42,434,5397
14.441,435,5397
14.5,436,5397
14.536,437,5397
14.719,438,5397
14.857,439,5402
14.992,440,5402
15.063,441,5403
15.155,442,5403
15.275,443,5403
15.334,444,5404
15.367,445,5404
15.444,446,5405
15.538,447,5406
15.608,448,5406
15.755,449,5409
15.784,450,5410
16.094,451,5412
16.209,452,5412
16.309,453,5413
16.932,454,5413
17.145,455,5414
17.248,456,5414
17.305,457,5415
17.446,458,5415
17.477,459,5416
17.519,460,5417
17.673,461,5418
17.72,462,5419
17.781,463,5419
18.069,464,5420
18.207,465,5420
18.236,466,5420
18.288,467,5420
18.346,468,5422
18.527,469,5423
18.549,470,5423
18.563,471,5423
18.758,472,5425
18.814,473,5426
18.856,474,5426
19.197,475,5431
19.269,476,5432
19.321,477,5433
19.43,478,5433
19.508,479,5434
19.71,480,5435
19.852,481,5437
20.243,482,5437
20.264,483,5438
20.309,484,5438
20.33,485,5442
20.453,486,5442
20.581,487,5443
20.727,488,5445
20.812,489,5445
20.854,490,5447
20.953,491,5448
20.976,492,5452
20.998,493,5452
21.049,494,5452
21.117,495,5452
21.301,496,5452
21.318,497,5453
21.356,498,5453
21.682,499,5453
21.818,500,5453
22.07,501,5453
22.391,502,5453
22.44,503,5453
22.616,504,5454
22.652,505,5455
22.706,506,5455
22.803,507,5455
23.177,508,5457
23.246,509,5457
23.933,510,5458
23.997,511,5548
24.026,512,5556
24.052,513,5556
24.376,514,5563
24.737,515,5564
24.899,516,5565
24.993,517,5565
25.054,518,5566
25.361,519,5567
25.424,520,5568
26.623,521,5568
26.69,522,5569
26.798,523,5569
26.812,524,5569
26.855,525,5569
27.139,526,5570
27.285,527,5571
27.663,528,5571
27.774,529,5572
27.979,530,5572
28.447,531,5572
28.594,532,5572
28.608,533,5572
28.714,534,5572
28.74,535,5573
29.002,536,5573
29.558,537,5573
29.676,538,5573
29.856,539,5573
29.945,540,5581
30.122,541,5581
30.331,542,5582
30.557,543,5583
30.638,544,5585
31.097,545,5586
31.186,546,5587
31.513,547,5596
31.636,548,5596
31.695,549,5596
31.726,550,5597
32.192,551,5597
32.623,552,5598
32.669,553,5599
32.768,554,5600
32.919,555,5600
32.955,556,5600
33.136,557,5600
33.287,558,5600
33.544,559,5600
34.075,560,5601
34.104,561,5601
35.245,562,5601
35.364,563,5601
35.573,564,5602
35.597,565,5604
35.689,566,5606
36.257,567,5607
36.285,568,5607
36.688,569,5607
37.07,570,5607
37.084,571,5607
37.113,572,5608
37.515,573,5608
37.614,574,5608
37.966,575,5609
38.016,576,5609
38.056,577,5610
38.584,578,5610
38.809,579,5611
38.923,580,5611
39.047,581,5612
39.082,582,5612
39.095,583,5614
39.494,584,5614
39.626,585,5614
39.695,586,5614
39.827,587,5614
40.633,588,5614
42.532,589,5614
43.313,590,5614
43.381,591,5614
43.568,592,5620
44.045,593,5620
44.071,594,5620
44.457,595,5620
44.6,596,5621
45.054,597,5622
45.189,598,5622
45.425,599,5622
45.625,600,5622
46.028,601,5623
46.169,602,5624
46.254,603,5624
46.282,604,5624
46.388,605,5624
46.61,606,5624
46.888,607,5625
47.335,608,5625
47.683,609,5625
47.772,610,5626
47.993,611,5626
48.181,612,5627
48.259,613,5627
48.426,614,5627
48.624,615,5628
48.653,616,5629
49.123,617,5629
49.289,618,5629
49.599,619,5629
49.937,620,5629
50.006,621,5629
50.225,622,5629
50.619,623,5630
51.019,624,5630
51.23,625,5631
51.736,626,5633
52.023,627,5634
52.087,628,5634
52.178,629,5634
52.308,630,5634
52.359,631,5634
53.144,632,5635
53.39,633,5635
53.503,634,5635
53.922,635,5643
54.142,636,5645
54.961,637,5645
54.975,638,5646
55.062,639,5647
55.332,640,5651
55.501,641,5652
57.045,642,5652
57.723,643,5653
57.789,644,5654
57.971,645,5655
58.529,646,5657
59.545,647,5658
59.613,648,5659
59.882,649,5660
60.007,650,5660
60.283,651,5661
60.494,652,5661
60.731,653,5662
62.061,654,5662
64.218,655,5663
64.865,656,5664
65.133,657,5664
65.471,658,5664
65.495,659,5664
66.44,660,5664
66.527,661,5664
67.008,662,5664
67.212,663,5664
67.606,664,5664
68.397,665,5667
68.935,666,5669
69.055,667,5672
69.333,668,5673
70.236,669,5673
70.949,670,5673
71.076,671,5674
71.823,672,5674
72.77,673,5675
72.793,674,5675
73.459,675,5675
73.789,676,5675
73.819,677,5676
74.183,678,5676
74.295,679,5676
74.823,680,5676
75.756,681,5677
75.904,682,5678
75.918,683,5678
75.974,684,5678
76.262,685,5679
76.303,686,5681
76.601,687,5682
76.746,688,5685
76.758,689,5685
77.543,690,5686
77.634,691,5686
77.678,692,5686
78.408,693,5687
78.617,694,5688
79.896,695,5689
79.939,696,5690
80.09,697,5691
80.134,698,5691
80.435,699,5692
80.924,700,5693
81.344,701,5693
82.116,702,5694
83.049,703,5694
83.192,704,5695
83.932,705,5696
84.947,706,5697
86.124,707,5697
86.594,708,5701
86.643,709,5701
86.845,710,5702
87.114,711,5702
87.208,712,5702
87.913,713,5702
88.437,714,5706
89.497,715,5706
89.511,716,5709
89.585,717,5711
89.633,718,5711
90.264,719,5711
90.689,720,5724
90.725,721,5724
90.955,722,5724
91.75,723,5726
91.94,724,5728
92.291,725,5729
93.008,726,5730
93.279,727,5730
93.611,728,5730
93.937,729,5730
94.205,730,5730
94.527,731,5734
94.6,732,5734
94.798,733,5734
95.114,734,5735
95.323,735,5736
95.835,736,5736
96.285,737,5736
96.52,738,5736
96.548,739,5736
96.835,740,5737
96.854,741,5738
97.182,742,5739
98.04,743,5739
98.173,744,5739
99.064,745,5740
99.299,746,5740
100.026,747,5740
100.569,748,5742
100.708,749,5745
100.737,750,5746
100.807,751,5746
102.782,752,5746
102.829,753,5746
102.927,754,5746
103.539,755,5747
103.802,756,5748
103.908,757,5748
104.357,758,5748
104.406,759,5752
104.971,760,5753
105.778,761,5753
105.991,762,5754
106.699,763,5754
106.993,764,5755
107.919,765,5756
107.964,766,5756
108.239,767,5756
108.506,768,5757
108.843,769,5757
109.013,770,5757
109.402,771,5759
109.622,772,5760
110.519,773,5790
111.289,774,5790
111.5,775,5791
111.6,776,5791
112.722,777,5791
112.895,778,5791
113.062,779,5791
113.208,780,5792
113.483,781,5792
114.033,782,5793
115.189,783,5793
115.962,784,5793
116.186,785,5794
117.196,786,5795
119.987,787,5796
120.124,788,5796
120.333,789,5797
120.554,790,5801
120.615,791,5802
121.166,792,5802
121.373,793,5803
122.148,794,5804
122.491,795,5804
123.118,796,5807
123.447,797,5807
123.515,798,5807
123.801,799,5807
123.862,800,5809
123.956,801,5809
124.021,802,5810
124.096,803,5810
125.151,804,5810
125.231,805,5811
125.343,806,5812
125.475,807,5812
126.981,808,5812
127.028,809,5813
127.937,810,5813
128.395,811,5814
130.825,812,5816
131.979,813,5816
132.372,814,5816
132.907,815,5817
133.146,816,5817
133.302,817,5817
133.77,818,5818
134.289,819,5819
134.324,820,5821
135.534,821,5821
138.858,822,5821
139.411,823,5821
140.577,824,5821
143.279,825,5821
143.851,826,5822
145.652,827,5824
147.941,828,5824
147.985,829,5824
148.101,830,5824
149.512,831,5824
149.526,832,5824
155.361,833,5824
156.518,834,5824
158.27,835,5824
160.844,836,5824
162.763,837,5825
164.889,838,5825
164.941,839,5825
166.008,840,5828
166.524,841,5829
166.926,842,5829
167.471,843,5830
169.889,844,5831
171.619,845,5832
172.565,846,5832
174.823,847,5832
175.103,848,5832
176.768,849,5832
177.942,850,5832
182.216,851,5832
187.54,852,5833
191.268,853,5833
192.883,854,5833
194.249,855,5833
195.313,856,5834
198.77,857,5834
203.795,858,5835
206.009,859,5835
208.135,860,5835
217.97,861,5843
226.388,862,5843
235.553,863,5843
239.551,864,5843
240.085,865,5843
240.127,866,5844
240.304,867,5844
241.236,868,5848
243.179,869,5848
243.784,870,5849
246.606,871,5849
246.86,872,5857
247.645,873,5857
248.168,874,5858
256.438,875,5858
256.549,876,5860
257.223,877,5860
257.526,878,5862
258.275,879,5863
258.326,880,5864
259.129,881,5864
259.526,882,5867
262.079,883,5868
263.049,884,5868
264.068,885,5868
266.181,886,5869
268.693,887,5869
269.56,888,5869
269.709,889,5870
272.453,890,5872
274.434,891,5872
276.488,892,5872
276.56,893,5875
277.12,894,5875
283.818,895,5876
284.058,896,5876
286.427,897,5876
289.292,898,5877
289.88,899,5878
292.543,900,5879
293.337,901,5879
294.419,902,5879
294.966,903,5879
296.144,904,5880
296.353,905,5881
298.398,906,5881
298.761,907,5882
299.265,908,5883
299.325,909,5885
299.363,910,5885
299.393,911,5885
299.436,912,5887
299.661,913,5887
301.164,914,5888
301.323,915,5888
301.651,916,5889
301.688,917,5890
301.733,918,5890
301.985,919,5890
302.16,920,5891
302.21,921,5891
302.347,922,5892
302.385,923,5893
302.455,924,5893
302.47,925,5893
302.657,926,5893
302.89,927,5894
302.985,928,5894
303.007,929,5894
303.289,930,5895
303.445,931,5895
303.572,932,5895
303.658,933,5896
304.159,934,5896
304.272,935,5896
304.35,936,5896
304.668,937,5896
304.709,938,5897
304.793,939,5897
304.857,940,5899
304.955,941,5899
305.223,942,5899
305.269,943,5899
305.559,944,5900
305.703,945,5901
306.118,946,5901
306.409,947,5902
307.223,948,5902
307.247,949,5904
307.488,950,5905
307.546,951,5905
307.601,952,5905
307.688,953,5905
307.795,954,5905
308.037,955,5906
308.375,956,5906
308.8,957,5906
308.984,958,5906
309.082,959,5906
309.581,960,5906
309.633,961,5906
309.704,962,5906
309.818,963,5906
310.033,964,5906
312.839,965,5909
313.431,966,5910
313.591,967,5911
314.174,968,5911
314.303,969,5914
314.546,970,5914
316.131,971,5914
316.172,972,5914
316.5,973,5915
316.57,974,5915
316.647,975,5915
316.732,976,5915
316.907,977,5915
317.112,978,5915
317.236,979,5915
317.562,980,5915
318.281,981,5916
318.344,982,5917
318.459,983,5918
318.899,984,5918
319.278,985,5918
319.668,986,5919
321.872,987,5920
322.006,988,5920
322.587,989,5920
323.416,990,5920
325.629,991,5939
325.954,992,5939
326.094,993,5939
326.371,994,5939
326.678,995,5939
327.245,996,5940
328.032,997,5940
329.045,998,5940
330.725,999,5941
332.042,1000,5943
332.195,1001,5943
333.363,1002,5943
333.713,1003,5943
335.471,1004,5943
336.381,1005,5944
336.817,1006,5944
339.372,1007,5944
341.25,1008,5944
341.926,1009,5944
342.978,1010,5944
343.741,1011,5945
344.369,1012,5945
344.808,1013,5945
344.864,1014,5945
345.28,1015,5945
346.113,1016,5945
346.425,1017,5945
347.582,1018,5945
348.622,1019,5945
349.233,1020,5945
349.948,1021,5945
350.724,1022,5945
350.806,1023,5945
351.308,1024,5945
352.777,1025,5945
353.97,1026,5945
354.312,1027,5945
354.402,1028,5945
355.216,1029,5945
357.326,1030,5945
357.468,1031,5946
359.229,1032,5946
359.624,1033,5946
359.639,1034,5947
359.691,1035,5947
362.22,1036,5947
364.71,1037,5950
367.847,1038,5950
368.026,1039,5951
370.417,1040,5952
371.539,1041,5953
372.122,1042,5953
372.567,1043,5954
375.359,1044,5954
375.957,1045,5954
376.255,1046,5954
377.292,1047,5954
382.072,1048,5954
382.142,1049,5954
383.605,1050,5957
384.097,1051,5957
387.086,1052,5957
389.794,1053,5957
391.84,1054,5958
392.872,1055,5959
394.643,1056,5959
395.369,1057,5959
395.562,1058,5960
396.332,1059,5960
396.381,1060,5960
400.021,1061,5961
400.29,1062,5962
400.627,1063,5962
401.564,1064,5962
401.79,1065,5962
402.517,1066,5962
404.117,1067,5962
404.989,1068,5962
405.915,1069,5962
415.925,1070,5962
416.851,1071,5963
417.881,1072,5963
418.813,1073,5964
419.342,1074,5964
420.448,1075,5965
422.435,1076,5965
429.84,1077,5966
438.09,1078,5968
438.113,1079,5968
438.172,1080,5972
438.411,1081,5972
438.562,1082,5972
439.133,1083,5972
439.775,1084,5972
439.86,1085,5972
439.935,1086,5972
440.254,1087,5972
440.318,1088,5972
440.581,1089,5972
440.724,1090,5990
440.773,1091,5990
441.36,1092,5990
441.384,1093,5991
441.51,1094,5991
441.699,1095,5991
441.718,1096,5991
441.856,1097,5991
441.888,1098,5991
441.978,1099,5991
442.727,1100,5991
443.05,1101,5991
443.144,1102,5991
443.442,1103,5991
443.71,1104,5992
443.789,1105,5992
443.949,1106,5992
444.052,1107,5993
444.153,1108,5994
444.279,1109,5994
444.592,1110,5994
444.855,1111,5994
446.196,1112,5994
446.83,1113,5994
447.546,1114,5994
448.193,1115,5995
448.705,1116,5995
449.785,1117,5995
449.964,1118,5996
450.219,1119,5997
450.644,1120,5997
451.221,1121,5997
451.645,1122,5997
451.762,1123,5997
452.093,1124,5997
452.2,1125,5997
454.214,1126,5997
454.652,1127,5998
455.009,1128,5998
458.039,1129,6001
458.815,1130,6002
458.925,1131,6002
459.066,1132,6002
460.276,1133,6003
462.221,1134,6003
462.82,1135,6004
464.833,1136,6005
465.323,1137,6006
465.411,1138,6006
467.323,1139,6006
467.639,1140,6006
472.909,1141,6006
475.945,1142,6006
476.382,1143,6006
477.101,1144,6006
477.555,1145,6007
478.552,1146,6008
479.538,1147,6008
480.099,1148,6009
480.279,1149,6009
489.469,1150,6009
489.503,1151,6009
490.021,1152,6010
490.396,1153,6012
490.508,1154,6012
490.973,1155,6012
491.107,1156,6012
491.354,1157,6012
491.409,1158,6013
491.424,1159,6013
491.441,1160,6013
491.458,1161,6013
491.475,1162,6013
491.491,1163,6013
491.511,1164,6013
491.526,1165,6013
491.54,1166,6013
491.564,1167,6013
491.583,1168,6013
491.6,1169,6013
491.614,1170,6013
491.628,1171,6013
491.641,1172,6013
491.658,1173,6013
491.672,1174,6013
491.695,1175,6013
491.711,1176,6013
491.729,1177,6013
491.755,1178,6013
491.774,1179,6013
491.788,1180,6014
491.805,1181,6014
491.827,1182,6015
491.846,1183,6015
491.862,1184,6015
491.89,1185,6015
491.909,1186,6015
491.941,1187,6015
491.982,1188,6015
491.998,1189,6015
492.019,1190,6015
492.049,1191,6015
492.067,1192,6015
492.121,1193,6015
492.139,1194,6015
492.183,1195,6015
492.204,1196,6015
492.254,1197,6016
492.308,1198,6016
492.327,1199,6016
492.362,1200,6016
492.396,1201,6016
492.415,1202,6016
492.432,1203,6016
492.446,1204,6016
492.463,1205,6016
492.479,1206,6016
492.497,1207,6016
492.523,1208,6016
492.618,1209,6016
492.64,1210,6016
492.68,1211,6016
492.731,1212,6016
492.756,1213,6016
492.778,1214,6016
492.844,1215,6016
492.869,1216,6016
492.915,1217,6016
493.091,1218,6017
493.211,1219,6017
493.246,1220,6017
493.337,1221,6017
493.35,1222,6017
493.384,1223,6017
493.407,1224,6017
493.448,1225,6017
493.497,1226,6017
493.568,1227,6018
493.605,1228,6018
493.635,1229,6018
493.65,1230,6018
493.678,1231,6018
493.796,1232,6018
493.858,1233,6018
493.908,1234,6018
493.961,1235,6019
494.002,1236,6019
494.091,1237,6020
494.112,1238,6020
494.222,1239,6020
494.235,1240,6020
494.297,1241,6020
494.312,1242,6021
494.351,1243,6022
494.371,1244,6022
494.492,1245,6022
494.606,1246,6024
494.747,1247,6024
494.79,1248,6024
494.917,1249,6024
494.96,1250,6024
495.11,1251,6024
495.16,1252,6024
495.255,1253,6024
495.353,1254,6024
495.431,1255,6024
495.495,1256,6024
495.586,1257,6024
495.638,1258,6026
495.657,1259,6026
495.745,1260,6027
495.909,1261,6027
495.999,1262,6028
496.019,1263,6028
496.062,1264,6028
496.11,1265,6028
496.337,1266,6028
496.539,1267,6029
496.581,1268,6029
496.656,1269,6029
496.729,1270,6029
497.083,1271,6029
497.272,1272,6029
497.726,1273,6030
497.777,1274,6030
497.833,1275,6030
497.893,1276,6030
498.021,1277,6030
498.247,1278,6031
498.275,1279,6031
498.438,1280,6032
498.659,1281,6032
498.731,1282,6038
498.75,1283,6038
498.914,1284,6039
498.975,1285,6039
499.383,1286,6039
499.61,1287,6039
499.69,1288,6039
499.867,1289,6039
500.021,1290,6040
500.361,1291,6040
501.189,1292,6040
501.23,1293,6040
501.309,1294,6040
501.34,1295,6041
501.485,1296,6041
501.503,1297,6041
501.631,1298,6041
502.071,1299,6041
502.104,1300,6041
502.209,1301,6042
502.261,1302,6042
502.368,1303,6043
502.468,1304,6044
502.677,1305,6044
502.76,1306,6044
502.907,1307,6046
503.748,1308,6046
504.4,1309,6046
504.668,1310,6047
504.705,1311,6047
504.763,1312,6047
504.942,1313,6047
505.013,1314,6047
505.074,1315,6047
505.157,1316,6047
505.293,1317,6047
505.557,1318,6048
505.763,1319,6051
505.907,1320,6051
505.923,1321,6052
505.947,1322,6052
507.207,1323,6052
507.568,1324,6052
508.096,1325,6052
508.25,1326,6052
509.186,1327,6052
509.359,1328,6052
509.39,1329,6052
509.672,1330,6052
509.703,1331,6052
510.093,1332,6052
510.303,1333,6053
510.776,1334,6054
511.786,1335,6054
512.099,1336,6054
512.317,1337,6055
512.608,1338,6056
512.918,1339,6056
513.097,1340,6056
513.193,1341,6056
513.347,1342,6058
513.634,1343,6058
514.138,1344,6058
514.867,1345,6058
515.828,1346,6058
515.868,1347,6058
516.229,1348,6059
516.523,1349,6059
516.905,1350,6059
517.29,1351,6060
518.739,1352,6060
519.043,1353,6061
519.88,1354,6061
520.043,1355,6061
520.967,1356,6061
522.355,1357,6061
522.778,1358,6061
523.953,1359,6061
524.715,1360,6061
524.756,1361,6061
526.664,1362,6061
527.48,1363,6061
527.588,1364,6061
527.853,1365,6061
528.36,1366,6061
529.446,1367,6061
529.96,1368,6062
530.91,1369,6062
531.711,1370,6062
532.006,1371,6063
532.194,1372,6063
535.86,1373,6064
536.902,1374,6064
537.051,1375,6065
538.822,1376,6073
541.004,1377,6073
542.102,1378,6074
543.108,1379,6075
547.138,1380,6075
549.345,1381,6075
551.735,1382,6075
552.736,1383,6075
554.93,1384,6076
556.978,1385,6076
558.911,1386,6076
561.41,1387,6077
566.056,1388,6077
570.125,1389,6077
574.056,1390,6078
576.515,1391,6078
577.497,1392,6078
581.266,1393,6078
583.546,1394,6078
585.317,1395,6078
588.385,1396,6078
591.438,1397,6078
592.699,1398,6078
594.777,1399,6078
596.974,1400,6078
598.594,1401,6079
607.504,1402,6080
611.11,1403,6080
621.072,1404,6081
621.559,1405,6082
622.824,1406,6083
623.5,1407,6083
625.194,1408,6083
630.013,1409,6084
631.812,1410,6085
633.176,1411,6086
635.31,1412,6087
655.46,1413,6087
658.324,1414,6087
672.104,1415,6087
676.753,1416,6087
682.553,1417,6087
691.99,1418,6087
700.369,1419,6087
700.765,1420,6087
700.856,1421,6087
701.602,1422,6087
702.51,1423,6087
702.543,1424,6087
702.698,1425,6091
702.837,1426,6091
703.077,1427,6091
703.109,1428,6091
707.018,1429,6126
708.224,1430,6126
709.693,1431,6133
711.078,1432,6133
712.8,1433,6133
713.337,1434,6133
715.466,1435,6133
716.565,1436,6134
717.204,1437,6134
719.168,1438,6135
720.98,1439,6136
720.999,1440,6136
724.48,1441,6138
726.098,1442,6139
727.159,1443,6139
727.198,1444,6139
729.38,1445,6158
729.599,1446,6162
729.809,1447,6162
729.83,1448,6205
737.937,1449,6205
741.465,1450,6205
748.759,1451,6207
756.249,1452,6208
758.041,1453,6210
758.355,1454,6217
762.886,1455,6222
764.523,1456,6224
765.844,1457,6224
765.919,1458,6225
767.083,1459,6226
768.643,1460,6228
768.705,1461,6228
769.099,1462,6229
769.264,1463,6230
771.928,1464,6235
775.932,1465,6239
785.427,1466,6239
786.21,1467,6241
789.606,1468,6248
790.152,1469,6248
790.45,1470,6248
791.714,1471,6249
792.131,1472,6249
792.576,1473,6249
794.029,1474,6249
796.527,1475,6249
797.074,1476,6250
798.781,1477,6251
800.289,1478,6253
803.033,1479,6258
806.045,1480,6259
808.403,1481,6295
814.221,1482,6295
816.668,1483,6295
816.735,1484,6298
817.102,1485,6302
822.724,1486,6303
825.683,1487,6304
826.63,1488,6306
831.186,1489,6313
831.365,1490,6314
832.225,1491,6314
837.507,1492,6314
840.592,1493,6314
842.557,1494,6317
845.854,1495,6319
846.112,1496,6338
846.68,1497,6338
848.158,1498,6338
853.356,1499,6344
859.504,1500,6345
862.201,1501,6345
864.789,1502,6347
866.228,1503,6347
867.044,1504,6358
868.169,1505,6363
869.372,1506,6363
871.651,1507,6363
874.775,1508,6364
878.969,1509,6376
879.422,1510,6388
881.949,1511,6391
884.372,1512,6392
890.045,1513,6392
892.35,1514,6392
898.98,1515,6392
904.529,1516,6393
905.081,1517,6393
905.141,1518,6394
912.358,1519,6395
917.201,1520,6395
921.014,1521,6400
921.998,1522,6402
926.396,1523,6402
930.98,1524,6402
931.041,1525,6402
931.206,1526,6402
931.235,1527,6402
931.338,1528,6402
931.465,1529,6402
931.6,1530,6402
931.75,1531,6402
931.888,1532,6402
931.996,1533,6402
932.042,1534,6402
932.594,1535,6402
932.729,1536,6402
932.776,1537,6402
932.824,1538,6402
932.854,1539,6402
933.195,1540,6402
933.22,1541,6402
933.541,1542,6402
933.718,1543,6403
933.812,1544,6404
933.827,1545,6404
934.666,1546,6405
935.261,1547,6405
935.732,1548,6405
935.925,1549,6406
937.638,1550,6406
938.243,1551,6407
938.659,1552,6407
940.216,1553,6408
940.428,1554,6408
940.755,1555,6409
941.269,1556,6410
941.665,1557,6410
942.922,1558,6410
946.782,1559,6410
948.553,1560,6410
949.467,1561,6410
949.594,1562,6410
949.692,1563,6410
951.149,1564,6410
952.965,1565,6411
956.799,1566,6411
958.274,1567,6411
960.083,1568,6413
960.929,1569,6413
963.366,1570,6414
971.561,1571,6414
973.413,1572,6414
973.701,1573,6414
975.642,1574,6435
975.826,1575,6435
977.517,1576,6435
979.086,1577,6435
979.274,1578,6435
981.17,1579,6437
985.948,1580,6456
986.313,1581,6458
989.086,1582,6458
994.952,1583,6458
996.732,1584,6459
998.747,1585,6460
999.655,1586,6460
999.761,1587,6479
1002.779,1588,6500
1003.057,1589,6500
1005.323,1590,6500
1006.706,1591,6500
1008.754,1592,6501
1014.284,1593,6556
1016.238,1594,6571
1016.648,1595,6583
1017.037,1596,6584
1020.391,1597,6584
1021.519,1598,6584
1035.044,1599,6584
1035.382,1600,6584
1036.675,1601,6585
1037.434,1602,6585
1039.091,1603,6585
1042.555,1604,6585
1042.684,1605,6586
1047.073,1606,6587
1047.511,1607,6587
1048.028,1608,6587
1048.759,1609,6587
1048.933,1610,6590
1050.249,1611,6593
1054.338,1612,6594
1055.051,1613,6599
1056.377,1614,6600
1057.408,1615,6603
1060.491,1616,6604
1062.099,1617,6605
1063.062,1618,6607
1064.272,1619,6608
1067.105,1620,6609
1067.997,1621,6610
1068.039,1622,6610
1069.638,1623,6611
1070.138,1624,6611
1073.794,1625,6611
1091.036,1626,6611
1108.581,1627,6616
1113.306,1628,6620
1115.656,1629,6621
1120.982,1630,6621
1121.519,1631,6622
1128.015,1632,6623
1133.332,1633,6623
1135.889,1634,6623
1138.367,1635,6624
1140.105,1636,6624
1142.45,1637,6624
1151.892,1638,6625
1163.382,1639,6625
1178.852,1640,6625
1180.354,1641,6626
1183.945,1642,6626
1184.076,1643,6626
1184.185,1644,6626
1184.446,1645,6626
1184.556,1646,6627
1185.524,1647,6629
1186.234,1648,6629
1186.608,1649,6629
1187.035,1650,6630
1187.975,1651,6631
1188.773,1652,6631
1191.802,1653,6631
1191.868,1654,6631
1194.494,1655,6631
1199.853,1656,6631
1200.641,1657,6631
1202.789,1658,6632
1203.467,1659,6634
1204.12,1660,6635
1206.448,1661,6639
1206.935,1662,6640
1207.341,1663,6640
1207.616,1664,6641
1208.058,1665,6642
1210.081,1666,6642
1211.088,1667,6642
1211.65,1668,6642
1211.684,1669,6642
1212.524,1670,6642
1213.175,1671,6642
1214.574,1672,6643
1214.772,1673,6647
1214.967,1674,6647
1228.359,1675,6647
1232.075,1676,6647
1232.246,1677,6647
1232.352,1678,6647
1232.386,1679,6647
1232.615,1680,6647
1232.802,1681,6647
1232.898,1682,6647
1233.386,1683,6647
1235.053,1684,6648
1235.685,1685,6648
1235.713,1686,6649
1236.203,1687,6649
1242.546,1688,6649
1243.452,1689,6650
1244.094,1690,6650
1245.091,1691,6650
1245.224,1692,6650
1249.063,1693,6650
1252.098,1694,6650
1253.633,1695,6651
1254.433,1696,6651
1255.446,1697,6652
1255.541,1698,6652
1262.306,1699,6652
1275.439,1700,6652
1276.606,1701,6652
1279.617,1702,6652
1279.947,1703,6652
1280.338,1704,6652
1293.975,1705,6652
1302.959,1706,6652
1303.053,1707,6652
1303.078,1708,6652
1303.097,1709,6652
1303.119,1710,6652
1303.136,1711,6652
1303.162,1712,6652
1303.215,1713,6652
1303.285,1714,6652
1303.317,1715,6652
1303.976,1716,6653
1305.53,1717,6653
1305.666,1718,6653
1306.168,1719,6653
1308.96,1720,6654
1310.555,1721,6654
1310.667,1722,6654
1313.501,1723,6655
1314.655,1724,6655
1317.629,1725,6655
1318.833,1726,6656
1325.452,1727,6657
1329.634,1728,6657
1332.989,1729,6657
1335.586,1730,6657
1339.256,1731,6657
1347.376,1732,6658
1349.677,1733,6659
1353.861,1734,6662
1353.994,1735,6663
1354.227,1736,6663
1354.364,1737,6663
1354.487,1738,6667
1354.515,1739,6667
1354.641,1740,6667
1354.793,1741,6667
1355.052,1742,6667
1355.17,1743,6667
1355.306,1744,6667
1355.456,1745,6667
1355.961,1746,6669
1366.03,1747,6669
1366.065,1748,6669
1366.095,1749,6669
1367.545,1750,6669
1371.977,1751,6669
1382.527,1752,6669
1386.291,1753,6669
1403.377,1754,6669
1406.741,1755,6670
1407.076,1756,6674
1420.882,1757,6674
1422.418,1758,6674
1422.464,1759,6674
1426.174,1760,6674
1428.167,1761,6675
1431.215,1762,6675
1449.459,1763,6675
1450.127,1764,6675
1450.949,1765,6675
1451.175,1766,6675
1453.529,1767,6681
1462.438,1768,6681
1462.949,1769,6681
1462.966,1770,6681
1463.28,1771,6681
1464.437,1772,6681
1464.451,1773,6682
1464.477,1774,6682
1464.498,1775,6682
1464.516,1776,6682
1464.567,1777,6682
1464.592,1778,6682
1464.629,1779,6682
1464.647,1780,6682
1464.677,1781,6682
1464.698,1782,6682
1464.736,1783,6682
1464.774,1784,6682
1464.946,1785,6682
1465.017,1786,6682
1465.056,1787,6682
1465.163,1788,6682
1465.22,1789,6682
1465.307,1790,6682
1465.777,1791,6687
1465.908,1792,6687
1466.021,1793,6687
1466.122,1794,6687
1466.168,1795,6687
1466.262,1796,6687
1466.345,1797,6687
1466.488,1798,6687
1466.606,1799,6687
1466.951,1800,6688
1467.025,1801,6688
1467.666,1802,6689
1467.707,1803,6689
1468.339,1804,6690
1468.456,1805,6690
1469.082,1806,6690
1469.716,1807,6691
1469.822,1808,6691
1469.848,1809,6691
1470.307,1810,6691
1471.049,1811,6691
1471.327,1812,6691
1471.648,1813,6691
1473.011,1814,6691
1474.059,1815,6691
1474.488,1816,6692
1475.681,1817,6693
1476.769,1818,6693
1477.866,1819,6693
1478.053,1820,6693
1479.011,1821,6693
1479.035,1822,6693
1479.592,1823,6693
1480.848,1824,6693
1482.707,1825,6694
1483.912,1826,6694
1484.925,1827,6695
1488.041,1828,6695
1489.324,1829,6695
1489.487,1830,6695
1490.292,1831,6695
1490.743,1832,6697
1490.964,1833,6697
1492.209,1834,6698
1492.306,1835,6702
1492.401,1836,6703
1492.533,1837,6703
1492.93,1838,6703
1495.864,1839,6704
1499.537,1840,6704
1517.518,1841,6704
1519.205,1842,6704
1519.224,1843,6704
1526.222,1844,6705
1526.237,1845,6710
1526.267,1846,6712
1528.062,1847,6716
1528.442,1848,6718
1529.108,1849,6720
1533.834,1850,6720
1534.337,1851,6720
1534.453,1852,6720
1535.595,1853,6720
1535.757,1854,6720
1536.201,1855,6720
1536.49,1856,6720
1537.721,1857,6720
1538.217,1858,6720
1543.806,1859,6720
1543.916,1860,6720
1544.853,1861,6721
1544.931,1862,6721
1554.432,1863,6722
1554.499,1864,6722
1558.542,1865,6722
1558.651,1866,6723
1561.679,1867,6723
1562.578,1868,6724
1569.713,1869,6725
1581.111,1870,6728
1581.151,1871,6728
1581.276,1872,6801
1581.433,1873,6802
1581.519,1874,6802
1581.595,1875,6811
1581.646,1876,6811
1582.784,1877,6811
1582.804,1878,6811
1582.823,1879,6811
1582.841,1880,6811
1582.865,1881,6815
1582.886,1882,6815
1582.925,1883,6819
1582.963,1884,6819
1582.988,1885,6819
1583.008,1886,6819
1583.039,1887,6819
1583.085,1888,6819
1583.11,1889,6819
1583.136,1890,6819
1583.157,1891,6819
1583.178,1892,6819
1583.207,1893,6819
1583.496,1894,6819
1583.859,1895,6819
1584.522,1896,6819
1584.588,1897,6819
1585.183,1898,6819
1585.212,1899,6824
1585.542,1900,6824
1585.563,1901,6824
1585.587,1902,6824
1585.619,1903,6824
1585.701,1904,6825
1585.743,1905,6825
1585.811,1906,6830
1585.852,1907,6831
1585.978,1908,6833
1585.998,1909,6833
1586.256,1910,6834
1586.358,1911,6834
1586.385,1912,6834
1586.41,1913,6834
1586.461,1914,6834
1586.561,1915,6834
1586.6,1916,6834
1586.621,1917,6834
1586.649,1918,6834
1586.692,1919,6835
1586.718,1920,6839
1586.761,1921,6840
1586.794,1922,6840
1586.889,1923,6841
1586.915,1924,6841
1586.975,1925,6841
1587.069,1926,6841
1587.169,1927,6841
1587.202,1928,6841
1587.269,1929,6841
1587.29,1930,6841
1587.318,1931,6841
1587.36,1932,6841
1587.38,1933,6841
1587.405,1934,6841
1587.475,1935,6841
1587.495,1936,6841
1587.519,1937,6842
1587.566,1938,6842
1587.598,1939,6842
1587.647,1940,6849
1587.693,1941,6849
1587.739,1942,6853
1587.768,1943,6853
1587.815,1944,6853
1587.901,1945,6853
1587.93,1946,6853
1588.014,1947,6853
1588.061,1948,6853
1588.09,1949,6853
1588.249,1950,6853
1588.277,1951,6853
1588.319,1952,6853
1588.457,1953,6853
1588.506,1954,6854
1588.619,1955,6854
1588.655,1956,6854
1588.68,1957,6854
1588.827,1958,6854
1588.979,1959,6854
1589.051,1960,6855
1589.122,1961,6856
1589.153,1962,6856
1589.319,1963,6857
1589.488,1964,6857
1589.59,1965,6857
1589.703,1966,6861
1589.748,1967,6865
1589.768,1968,6865
1589.868,1969,6866
1589.934,1970,6866
1589.96,1971,6866
1589.984,1972,6866
1590.267,1973,6872
1590.352,1974,6879
1590.507,1975,6880
1590.768,1976,6881
1590.95,1977,6881
1591.297,1978,6881
1591.369,1979,6882
1591.584,1980,6882
1591.822,1981,6882
1591.849,1982,6882
1592.057,1983,6882
1592.089,1984,6893
1592.321,1985,6893
1592.408,1986,6897
1592.433,1987,6898
1592.453,1988,6899
1592.577,1989,6900
1592.634,1990,6900
1592.725,1991,6901
1592.888,1992,6902
1592.909,1993,6902
1593.044,1994,6902
1593.099,1995,6903
1593.159,1996,6903
1593.243,1997,6904
1593.279,1998,6904
1593.381,1999,6904
1593.442,2000,6905
1593.483,2001,6905
1593.525,2002,6905
1593.553,2003,6905
1593.598,2004,6905
1593.669,2005,6905
1593.786,2006,6905
1593.913,2007,6905
1593.969,2008,6906
1594.027,2009,6907
1594.22,2010,6907
1594.322,2011,6907
1594.352,2012,6907
1594.447,2013,6911
1594.476,2014,6911
1594.57,2015,6911
1594.6,2016,6911
1594.716,2017,6911
1594.822,2018,6911
1594.852,2019,6911
1594.977,2020,6911
1595.276,2021,6911
1595.465,2022,6911
1595.491,2023,6911
1595.599,2024,6911
1595.689,2025,6911
1596.226,2026,6912
1596.357,2027,6912
1596.474,2028,6912
1596.534,2029,6912
1596.606,2030,6912
1596.723,2031,6914
1596.749,2032,6914
1596.981,2033,6914
1597.215,2034,6914
1597.436,2035,6915
1597.465,2036,6915
1597.574,2037,6915
1597.599,2038,6916
1597.626,2039,6916
1597.757,2040,6916
1597.88,2041,6916
1597.999,2042,6916
1598.123,2043,6916
1598.321,2044,6918
1598.811,2045,6918
1598.937,2046,6918
1599.065,2047,6918
1599.151,2048,6918
1599.306,2049,6919
1599.346,2050,6920
1599.376,2051,6920
1600.035,2052,6920
1600.151,2053,6920
1600.225,2054,6921
1600.447,2055,6921
1600.529,2056,6924
1600.598,2057,6927
1600.716,2058,6928
1600.795,2059,6929
1600.817,2060,6937
1600.943,2061,6937
1600.968,2062,6937
1600.997,2063,6951
1601.017,2064,6953
1601.093,2065,6954
1601.114,2066,6955
1601.144,2067,6958
1601.17,2068,6960
1601.233,2069,6960
1601.49,2070,6960
1601.708,2071,6961
1601.737,2072,6961
1601.854,2073,6961
1602.036,2074,6961
1602.106,2075,6961
1602.58,2076,6961
1603.146,2077,6962
1603.507,2078,6964
1603.539,2079,6964
1603.654,2080,6964
1603.768,2081,6964
1603.797,2082,6965
1603.928,2083,6966
1604.018,2084,6966
1604.054,2085,6966
1604.103,2086,6967
1604.136,2087,6967
1604.78,2088,6968
1604.801,2089,6970
1604.849,2090,6971
1604.869,2091,6972
1605.012,2092,6973
1605.121,2093,6973
1605.347,2094,6974
1605.868,2095,6974
1605.897,2096,6975
1605.922,2097,6976
1605.971,2098,6977
1606.42,2099,6978
1606.503,2100,6979
1606.859,2101,6979
1606.892,2102,6979
1606.913,2103,6979
1607.066,2104,6979
1607.087,2105,6980
1607.124,2106,6981
1607.375,2107,6981
1607.582,2108,6982
1607.649,2109,6983
1607.729,2110,6983
1607.909,2111,6983
1608.266,2112,6988
1608.466,2113,6988
1608.599,2114,6988
1609.219,2115,6988
1609.764,2116,6989
1610.453,2117,6990
1610.851,2118,6991
1611.349,2119,6992
1611.813,2120,6995
1611.864,2121,6996
1612.429,2122,6996
1612.773,2123,6997
1612.936,2124,6997
1613.008,2125,6998
1613.204,2126,6999
1613.73,2127,6999
1613.769,2128,7001
1614.124,2129,7001
1614.23,2130,7002
1614.827,2131,7003
1616.43,2132,7003
1616.471,2133,7004
1616.899,2134,7008
1617.004,2135,7009
1617.025,2136,7016
1617.094,2137,7016
1618.079,2138,7016
1618.099,2139,7016
1618.12,2140,7016
1618.141,2141,7016
1618.88,2142,7017
1618.901,2143,7017
1618.924,2144,7017
1619.809,2145,7017
1619.832,2146,7017
1620.661,2147,7018
1621.049,2148,7018
1621.142,2149,7018
1621.167,2150,7018
1621.279,2151,7018
1622.063,2152,7020
1622.218,2153,7020
1622.328,2154,7020
1622.609,2155,7020
1622.727,2156,7020
1622.839,2157,7020
1624.499,2158,7020
1624.746,2159,7021
1624.939,2160,7021
1625.041,2161,7023
1625.168,2162,7024
1625.67,2163,7025
1625.959,2164,7025
1626.005,2165,7026
1627.455,2166,7026
1627.494,2167,7026
1627.691,2168,7026
1627.82,2169,7026
1627.905,2170,7027
1627.937,2171,7028
1629.441,2172,7033
1632.055,2173,7033
1637.055,2174,7033
1637.076,2175,7034
1637.105,2176,7034
1641.706,2177,7035
1642.86,2178,7035
1644.805,2179,7035
1647.819,2180,7035
1647.989,2181,7036
1648.703,2182,7036
1655.436,2183,7036
1655.981,2184,7038
1685.968,2185,7039
1686.037,2186,7039
1686.516,2187,7039
1697.045,2188,7040
1697.566,2189,7040
1697.846,2190,7040
1698.101,2191,7040
1698.921,2192,7040
1699.012,2193,7040
1699.21,2194,7044
1699.262,2195,7044
1699.626,2196,7044
1699.802,2197,7044
1700.12,2198,7045
1700.146,2199,7045
1700.341,2200,7048
1700.38,2201,7049
1700.695,2202,7049
1700.841,2203,7051
1701.354,2204,7051
1701.442,2205,7051
1702.168,2206,7051
1702.249,2207,7051
1702.368,2208,7051
1702.9,2209,7051
1703.874,2210,7051
1703.959,2211,7051
1704.772,2212,7051
1705.195,2213,7052
1705.492,2214,7053
1706.34,2215,7053
1706.701,2216,7057
1706.748,2217,7057
1707.859,2218,7059
1708.047,2219,7059
1708.122,2220,7059
1708.642,2221,7059
1709.108,2222,7059
1709.362,2223,7059
1709.596,2224,7059
1710.771,2225,7059
1710.845,2226,7063
1710.869,2227,7063
1711.149,2228,7063
1712.948,2229,7063
1713.724,2230,7063
1713.916,2231,7063
1714.891,2232,7064
1715.13,2233,7067
1716.232,2234,7068
1716.363,2235,7074
1716.605,2236,7075
1717.211,2237,7076
1717.933,2238,7076
1717.972,2239,7083
1718.896,2240,7084
1719.01,2241,7089
1719.405,2242,7089
1719.737,2243,7089
1721.821,2244,7090
1722.401,2245,7090
1722.886,2246,7090
1722.955,2247,7090
1723.225,2248,7090
1724.719,2249,7090
1724.923,2250,7090
1726.721,2251,7093
1726.796,2252,7093
1728.384,2253,7093
1729.334,2254,7098
1730.292,2255,7099
1730.52,2256,7099
1730.752,2257,7099
1731.61,2258,7100
1733.334,2259,7100
1734.714,2260,7100
1734.794,2261,7116
1735.559,2262,7117
1735.675,2263,7132
1735.725,2264,7132
1736.17,2265,7172
1736.689,2266,7172
1737.119,2267,7173
1737.631,2268,7173
1737.706,2269,7173
1740.643,2270,7174
1740.766,2271,7175
1741.083,2272,7175
1742.174,2273,7175
1742.443,2274,7175
1743.033,2275,7175
1743.261,2276,7175
1744.364,2277,7175
1745.011,2278,7175
1745.052,2279,7175
1745.49,2280,7175
1745.732,2281,7175
1746.094,2282,7185
1748.939,2283,7188
1750.364,2284,7189
1750.927,2285,7189
1752.143,2286,7190
1752.572,2287,7190
1753.187,2288,7190
1753.948,2289,7191
1755.326,2290,7191
1755.901,2291,7194
1755.989,2292,7194
1758.164,2293,7194
1758.33,2294,7196
1758.363,2295,7196
1759.108,2296,7196
1759.336,2297,7196
1760.094,2298,7196
1761.248,2299,7197
1761.391,2300,7203
1762.899,2301,7203
1762.931,2302,7203
1764.06,2303,7203
1764.989,2304,7203
1767.188,2305,7205
1767.834,2306,7205
1769.781,2307,7205
1769.825,2308,7205
1770.268,2309,7205
1771.298,2310,7205
1771.434,2311,7205
1774.404,2312,7209
1774.876,2313,7209
1775.123,2314,7209
1775.414,2315,7209
1779.222,2316,7210
1779.469,2317,7210
1784.341,2318,7226
1784.977,2319,7255
1785.026,2320,7256
1785.113,2321,7257
1785.841,2322,7257
1786.713,2323,7257
1787.591,2324,7257
1788.701,2325,7257
1790.252,2326,7258
1791.15,2327,7258
1791.28,2328,7259
1791.511,2329,7259
1791.946,2330,7259
1793.202,2331,7259
1793.782,2332,7259
1794.68,2333,7259
1794.978,2334,7259
1796.007,2335,7260
1796.483,2336,7260
1797.556,2337,7262
1798.725,2338,7263
1799.333,2339,7263
1799.622,2340,7268
1800.558,2341,7268
1800.807,2342,7268
1802.302,2343,7269
1811.01,2344,7269
1812.909,2345,7269
1813.82,2346,7269
1814.733,2347,7269
1815.567,2348,7269
1822.685,2349,7269
1829.256,2350,7269
1829.628,2351,7269
1829.732,2352,7269
1829.905,2353,7269
1830.047,2354,7269
1830.082,2355,7269
1830.401,2356,7269
1832.654,2357,7269
1837.343,2358,7269
1839.745,2359,7270
1841.052,2360,7270
1845.157,2361,7271
1846.123,2362,7271
1848.352,2363,7272
1850.358,2364,7272
1853.261,2365,7272
1878.502,2366,7273
1879.289,2367,7273
1879.533,2368,7273
1888.329,2369,7273
1888.744,2370,7273
1889.844,2371,7274
1901.027,2372,7274
1901.056,2373,7278
1901.263,2374,7289
1901.347,2375,7290
1901.582,2376,7290
1901.626,2377,7291
1901.77,2378,7292
1902.235,2379,7293
1903.033,2380,7293
1903.079,2381,7293
1903.208,2382,7293
1904.025,2383,7293
1907.205,2384,7293
1907.86,2385,7293
1909.209,2386,7293
1909.545,2387,7293
1909.854,2388,7294
1910.238,2389,7295
1912.841,2390,7295
1913.15,2391,7295
1914.48,2392,7295
1917.539,2393,7295
1918.071,2394,7295
1921.451,2395,7295
1928.493,2396,7295
1930.333,2397,7295
1931.581,2398,7296
1932.906,2399,7297
1933.646,2400,7297
1938.732,2401,7297
1940.376,2402,7297
1945.118,2403,7297
1945.448,2404,7297
1945.558,2405,7298
1945.641,2406,7298
1946.211,2407,7301
1946.875,2408,7301
1948.447,2409,7301
1949.131,2410,7302
1949.503,2411,7303
1950.833,2412,7305
1952.967,2413,7305
1955.388,2414,7305
1955.502,2415,7305
1956.117,2416,7305
1957.603,2417,7306
1958.32,2418,7307
1960.583,2419,7307
1963.768,2420,7308
1965.866,2421,7309
1966.707,2422,7309
1968.819,2423,7309
1969.719,2424,7309
1975.889,2425,7309
1976.349,2426,7309
1983.967,2427,7309
1984.408,2428,7309
1985.693,2429,7309
1985.713,2430,7309
1985.825,2431,7309
1985.858,2432,7309
1985.951,2433,7309
1986.329,2434,7309
1986.448,2435,7309
1986.555,2436,7309
1987.543,2437,7310
1987.601,2438,7310
1987.859,2439,7310
1988.263,2440,7310
1988.804,2441,7310
1991.133,2442,7311
1997.241,2443,7311
2000.526,2444,7311
2001.003,2445,7312
2001.771,2446,7314
2002.341,2447,7314
2004.994,2448,7314
2009.572,2449,7314
2014.125,2450,7314
2014.883,2451,7314
2016.984,2452,7314
2029.825,2453,7314
2036.168,2454,7314
2036.181,2455,7314
2045.974,2456,7314
2046.003,2457,7314
2046.566,2458,7314
2046.95,2459,7314
2047.843,2460,7314
2048.179,2461,7314
2049.012,2462,7314
2049.068,2463,7314
2049.898,2464,7316
2051.773,2465,7316
2059.451,2466,7317
2064.346,2467,7317
2069.611,2468,7317
2071.121,2469,7317
2071.544,2470,7319
2072.618,2471,7319
2081.938,2472,7320
2082.413,2473,7320
2082.808,2474,7321
2092.067,2475,7322
2092.241,2476,7324
2092.371,2477,7324
2092.48,2478,7324
2092.547,2479,7325
2092.757,2480,7325
2092.848,2481,7343
2093.003,2482,7367
2102.303,2483,7367
2102.458,2484,7367
2102.5,2485,7367
2102.61,2486,7367
2109.137,2487,7367
2129.084,2488,7367
2129.46,2489,7368
2129.683,2490,7368
2135.46,2491,7368
2141.861,2492,7369
2150.043,2493,7369
2176.486,2494,7369
2193.823,2495,7369
2193.935,2496,7369
2194.002,2497,7369
2201.731,2498,7369
2203.825,2499,7369
2209.166,2500,7369
2209.71,2501,7370
2211.418,2502,7370
2245.906,2503,7371
2257.816,2504,7371
2257.831,2505,7373
2257.848,2506,7377
2257.864,2507,7378
2257.895,2508,7378
2257.915,2509,7380
2270.655,2510,7380
2270.782,2511,7380
2271.779,2512,7381
2273.093,2513,7381
2275.229,2514,7381
2277.512,2515,7381
2278.174,2516,7381
2281.873,2517,7381
2282.506,2518,7381
2282.804,2519,7381
2283.229,2520,7381
2283.989,2521,7381
2291.81,2522,7381
2303.19,2523,7381
2310.754,2524,7381
2323.227,2525,7388
2324.487,2526,7389
2329.225,2527,7389
2330.231,2528,7389
2338.799,2529,7389
2346.86,2530,7390
2347.98,2531,7390
2348.209,2532,7391
2348.484,2533,7391
2349.026,2534,7391
2349.085,2535,7391
2349.672,2536,7391
2349.916,2537,7392
2349.953,2538,7397
2350.603,2539,7397
2355.297,2540,7398
2376.55,2541,7399
2379.65,2542,7400
2379.739,2543,7400
2410.255,2544,7404
2434.132,2545,7404
2456.565,2546,7404
2476.654,2547,7404
2478.143,2548,7404
2483.028,2549,7405
2484.712,2550,7405
2484.775,2551,7405
2486.168,2552,7405
2486.674,2553,7405
2487.458,2554,7406
2489.558,2555,7406
2489.777,2556,7406
2492.512,2557,7406
2493.075,2558,7406
2493.469,2559,7406
2494.985,2560,7407
2496.941,2561,7407
2498.611,2562,7414
2499.575,2563,7415
2501.773,2564,7415
2502.399,2565,7415
2507.995,2566,7416
2512.696,2567,7416
2512.869,2568,7417
2514.484,2569,7420
2515.833,2570,7420
2515.859,2571,7420
2525.832,2572,7420
2526.268,2573,7421
2526.336,2574,7422
2526.363,2575,7423
2526.819,2576,7425
2526.938,2577,7426
2527.049,2578,7427
2527.209,2579,7427
2527.25,2580,7427
2527.409,2581,7428
2527.535,2582,7429
2527.885,2583,7429
2527.943,2584,7429
2527.979,2585,7430
2528.149,2586,7431
2528.23,2587,7432
2528.307,2588,7434
2528.548,2589,7435
2528.674,2590,7436
2528.768,2591,7440
2529.027,2592,7441
2530.149,2593,7441
2530.294,2594,7442
2530.461,2595,7445
2530.73,2596,7446
2530.87,2597,7448
2531.066,2598,7461
2531.118,2599,7464
2531.386,2600,7465
2531.608,2601,7466
2531.668,2602,7466
2532.114,2603,7467
2532.278,2604,7468
2532.382,2605,7475
2532.86,2606,7476
2532.901,2607,7477
2532.963,2608,7477
2532.99,2609,7478
2533.692,2610,7495
2533.941,2611,7499
2534.718,2612,7500
2534.959,2613,7500
2535.253,2614,7501
2537.363,2615,7502
2537.503,2616,7504
2537.532,2617,7505
2538.025,2618,7505
2538.099,2619,7505
2541.781,2620,7506
2542.927,2621,7507
2543.888,2622,7507
2544.324,2623,7508
2546.378,2624,7509
2546.434,2625,7510
2546.75,2626,7511
2546.886,2627,7514
2548.852,2628,7514
2550.363,2629,7514
2554.111,2630,7515
2557.073,2631,7515
2578.31,2632,7515
2581.774,2633,7515
2595.27,2634,7515
2595.581,2635,7515
2611.432,2636,7515
2613.533,2637,7521
2613.684,2638,7521
2631.884,2639,7521
2632.626,2640,7521
2632.785,2641,7523
2641.359,2642,7523
2641.447,2643,7523
2641.652,2644,7523
2641.845,2645,7523
2642.059,2646,7523
2642.205,2647,7523
2642.637,2648,7523
2642.658,2649,7523
2644.56,2650,7523
2644.696,2651,7523
2645.232,2652,7523
2646.965,2653,7523
2648.145,2654,7523
2654.632,2655,7523
2665.58,2656,7523
2672.003,2657,7523
2672.482,2658,7523
2672.772,2659,7523
2673.773,2660,7526
2673.819,2661,7528
2673.867,2662,7528
2674.048,2663,7530
2674.923,2664,7531
2675.173,2665,7532
2675.341,2666,7533
2675.868,2667,7534
2675.991,2668,7535
2676.346,2669,7537
2678.098,2670,7546
2680.182,2671,7547
2680.596,2672,7547
2681.026,2673,7549
2681.334,2674,7550
2682.391,2675,7550
2682.779,2676,7550
2683.088,2677,7551
2683.698,2678,7554
2683.814,2679,7555
2684.467,2680,7556
2685.179,2681,7560
2685.451,2682,7560
2686.868,2683,7560
2686.88,2684,7560
2688.023,2685,7569
2689.72,2686,7569
2690.535,2687,7569
2691.043,2688,7571
2692.576,2689,7576
2694.379,2690,7577
2694.555,2691,7579
2694.819,2692,7579
2696.275,2693,7579
2697.276,2694,7579
2698.955,2695,7580
2699.413,2696,7580
2702.111,2697,7581
2703.195,2698,7581
2703.876,2699,7587
2714.936,2700,7587
2731.025,2701,7587
2732.66,2702,7588
2733.135,2703,7588
2742.912,2704,7591
2745.541,2705,7591
2745.679,2706,7591
2756.62,2707,7592
2756.641,2708,7593
2756.663,2709,7594
2757.705,2710,7595
2757.725,2711,7595
2757.746,2712,7596
2766.683,2713,7596
2766.862,2714,7596
2768.556,2715,7596
2768.972,2716,7596
2770.403,2717,7596
2772.536,2718,7596
2782.652,2719,7596
2783.232,2720,7596
2787.247,2721,7596
2787.404,2722,7596
2787.442,2723,7596
2787.548,2724,7596
2789.114,2725,7600
2789.733,2726,7600
2803.876,2727,7600
2804.036,2728,7600
2804.083,2729,7600
2804.162,2730,7600
2804.208,2731,7600
2804.813,2732,7603
2806.637,2733,7603
2806.798,2734,7603
2814.098,2735,7603
2818.959,2736,7619
2819.334,2737,7619
2819.745,2738,7619
2825.978,2739,7619
2828.755,2740,7619
2829.022,2741,7619
2829.121,2742,7619
2829.186,2743,7632
2830.357,2744,7636
2833.994,2745,7636
2834.124,2746,7636
2835.278,2747,7636
2843.15,2748,7636
2855.582,2749,7636
2856.164,2750,7637
2857.77,2751,7637
2863.863,2752,7637
2902.925,2753,7637
2914.024,2754,7637
2914.317,2755,7637
2918.313,2756,7637
2920.617,2757,7637
2920.808,2758,7637
2920.886,2759,7637
2922.436,2760,7638
2922.897,2761,7638
2932.697,2762,7638
2935.348,2763,7640
2935.379,2764,7645
2935.391,2765,7649
2935.423,2766,7649
2935.438,2767,7649
2935.536,2768,7649
2935.574,2769,7649
2935.593,2770,7649
2935.687,2771,7658
2935.73,2772,7680
2935.759,2773,7693
2935.772,2774,7694
2935.834,2775,7694
2935.847,2776,7695
2935.909,2777,7696
2936.061,2778,7696
2936.262,2779,7706
2936.408,2780,7706
2936.458,2781,7712
2936.517,2782,7712
2936.73,2783,7712
2936.889,2784,7757
2936.924,2785,7759
2937.058,2786,7759
2937.168,2787,7761
2937.262,2788,7762
2937.343,2789,7762
2937.441,2790,7763
2937.665,2791,7763
2937.962,2792,7764
2938.106,2793,7766
2938.515,2794,7766
2938.713,2795,7767
2938.968,2796,7787
2939.204,2797,7787
2939.346,2798,7787
2939.583,2799,7790
2939.663,2800,7790
2940.037,2801,7791
2940.087,2802,7794
2940.685,2803,7795
2940.836,2804,7795
2941.649,2805,7804
2942.117,2806,7805
2942.468,2807,7810
2943.139,2808,7811
2943.435,2809,7818
2944.127,2810,7818
2944.878,2811,7820
2944.893,2812,7824
2944.925,2813,7826
2945.575,2814,7826
2945.989,2815,7829
2946.13,2816,7831
2947.021,2817,7832
2947.536,2818,7835
2947.964,2819,7836
2948.29,2820,7836
2948.521,2821,7837
2948.866,2822,7838
2950.018,2823,7847
2950.502,2824,7850
2952.569,2825,7850
2953.126,2826,7851
2953.238,2827,7852
2954.438,2828,7856
2955.883,2829,7856
2957.94,2830,7856
2959.383,2831,7857
2960.605,2832,7857
2961.743,2833,7857
2961.918,2834,7858
2962.82,2835,7858
2963.009,2836,7858
2963.804,2837,7859
2964.838,2838,7861
2966.766,2839,7861
2966.785,2840,7861
2966.856,2841,7862
2967.226,2842,7862
2967.336,2843,7863
2967.397,2844,7863
2967.619,2845,7863
2968.302,2846,7866
2968.511,2847,7867
2969.337,2848,7867
2969.695,2849,7868
2969.764,2850,7868
2970.059,2851,7868
2970.134,2852,7870
2970.396,2853,7870
2970.657,2854,7870
2970.965,2855,7870
2971.465,2856,7871
2972.716,2857,7872
2973.308,2858,7872
2973.598,2859,7873
2974.089,2860,7873
2975.107,2861,7874
2976.345,2862,7874
2977.635,2863,7876
2979.874,2864,7876
2980.682,2865,7876
2980.872,2866,7877
2980.922,2867,7877
2981.711,2868,7877
2984.379,2869,7877
2985.342,2870,7877
2985.481,2871,7877
2985.704,2872,7879
2985.971,2873,7881
2986.447,2874,7881
2989.948,2875,7881
2990.186,2876,7881
2990.498,2877,7881
2990.518,2878,7883
2991.391,2879,7883
2991.426,2880,7887
2991.639,2881,7888
2993.234,2882,7888
2993.658,2883,7891
2994.345,2884,7893
2994.689,2885,7893
2995.368,2886,7893
2998.405,2887,7893
2999.085,2888,7893
3000.347,2889,7893
3007.596,2890,7893
3007.714,2891,7893
3008.733,2892,7893
3015.09,2893,7894
3015.621,2894,7901
3017.194,2895,7901
3025.922,2896,7902
3026.3,2897,7902
3026.439,2898,7904
3027.156,2899,7904
3027.335,2900,7905
3027.566,2901,7906
3035.506,2902,7907
3043.606,2903,7909
3046.609,2904,7910
3047.936,2905,7912
3048.103,2906,7914
3049.641,2907,7914
3052.794,2908,7914
3055.05,2909,7914
3056.22,2910,7914
3056.823,2911,7914
3057.079,2912,7916
3072.909,2913,7916
3073.277,2914,7917
3090.916,2915,7917
3091.844,2916,7917
3098.374,2917,7917
3102.821,2918,7917
3102.977,2919,7917
3127.376,2920,7917
3134.313,2921,7917
3148.146,2922,7917
3171.023,2923,7930
3171.124,2924,7930
3171.455,2925,7930
3171.618,2926,7930
3171.728,2927,7930
3171.848,2928,7930
3172.366,2929,7930
3172.559,2930,7931
3172.757,2931,7931
3172.769,2932,7931
3172.871,2933,7931
3172.94,2934,7932
3173.219,2935,7932
3173.783,2936,7934
3174.129,2937,7937
3174.416,2938,7939
3175.258,2939,7939
3175.846,2940,7939
3176.011,2941,7939
3176.206,2942,7942
3178.067,2943,7943
3178.173,2944,7944
3178.22,2945,7944
3178.538,2946,7944
3179.182,2947,7944
3179.263,2948,7944
3179.987,2949,7945
3180.098,2950,7946
3180.986,2951,7946
3181.124,2952,7947
3181.256,2953,7949
3181.65,2954,7949
3182.179,2955,7950
3183.5,2956,7952
3184.301,2957,7952
3184.764,2958,7954
3185.146,2959,7955
3185.647,2960,7955
3185.921,2961,7955
3185.969,2962,7955
3186.941,2963,7957
3186.973,2964,7958
3187.28,2965,7964
3187.818,2966,7965
3188.224,2967,7965
3188.654,2968,7965
3189.683,2969,7965
3191.041,2970,7965
3191.373,2971,7965
3192.552,2972,7965
3192.675,2973,7970
3194.195,2974,7973
3195.148,2975,7977
3196.761,2976,7977
3197.191,2977,7977
3197.498,2978,7981
3198.541,2979,7981
3198.581,2980,7981
3198.853,2981,7985
3198.887,2982,7985
3198.911,2983,7985
3199.211,2984,7986
3200.216,2985,7988
3201.297,2986,7991
3209.037,2987,7996
3209.936,2988,7997
3210.209,2989,7998
3210.332,2990,7999
3210.385,2991,8000
3211.581,2992,8004
3211.673,2993,8004
3212.837,2994,8006
3214.512,2995,8008
3217.479,2996,8008
3219.045,2997,8009
3221.767,2998,8011
3223.31,2999,8011
3225.075,3000,8011
3225.804,3001,8011
3228.352,3002,8013
3235.766,3003,8014
3237.234,3004,8015
3239.017,3005,8015
3239.899,3006,8015
3240.109,3007,8015
3245.45,3008,8015
3276.183,3009,8015
3281.147,3010,8016
3309.24,3011,8016
3309.602,3012,8016
3328.292,3013,8016
3351.367,3014,8018
3364.376,3015,8019
3377.723,3016,8021
3377.744,3017,8023
3377.798,3018,8023
3379.546,3019,8023
3379.925,3020,8024
3384.815,3021,8026
3384.854,3022,8029
3384.881,3023,8031
3384.901,3024,8031
3384.949,3025,8031
3384.982,3026,8031
3385.049,3027,8031
3385.171,3028,8031
3385.807,3029,8033
3385.84,3030,8033
3385.883,3031,8033
3385.909,3032,8033
3385.934,3033,8033
3386.012,3034,8033
3386.048,3035,8034
3386.117,3036,8034
3386.221,3037,8034
3386.321,3038,8034
3386.52,3039,8034
3387.374,3040,8036
3387.414,3041,8038
3387.741,3042,8038
3395.455,3043,8038
3395.616,3044,8038
3395.663,3045,8038
3395.742,3046,8038
3395.789,3047,8038
3396.43,3048,8038
3397.773,3049,8038
3413.015,3050,8038
3413.475,3051,8038
3413.853,3052,8038
3418.659,3053,8038
3418.672,3054,8039
3418.683,3055,8039
3419.065,3056,8048
3422.597,3057,8048
3431.062,3058,8048
3432.226,3059,8048
3432.294,3060,8049
3433.187,3061,8049
3433.295,3062,8051
3434.97,3063,8051
3435.14,3064,8054
3435.316,3065,8055
3435.508,3066,8055
3435.589,3067,8055
3436.694,3068,8055
3436.892,3069,8055
3437.12,3070,8056
3437.207,3071,8064
3437.441,3072,8064
3437.534,3073,8064
3438.048,3074,8068
3438.492,3075,8068
3438.524,3076,8070
3439.194,3077,8070
3439.759,3078,8070
3440.87,3079,8070
3441.166,3080,8070
3441.374,3081,8070
3441.878,3082,8070
3442.284,3083,8070
3442.425,3084,8071
3442.782,3085,8071
3442.884,3086,8072
3443.545,3087,8073
3444.05,3088,8073
3445.765,3089,8073
3445.862,3090,8073
3447.169,3091,8073
3447.677,3092,8079
3449.326,3093,8082
3450.532,3094,8084
3450.77,3095,8084
3451.805,3096,8084
3451.91,3097,8085
3451.997,3098,8087
3455.559,3099,8089
3455.898,3100,8093
3456.732,3101,8093
3456.808,3102,8093
3458.055,3103,8093
3458.819,3104,8094
3460.719,3105,8094
3461.546,3106,8094
3462.664,3107,8095
3463.591,3108,8095
3464.994,3109,8095
3465.923,3110,8095
3466.993,3111,8095
3470.708,3112,8095
3471.718,3113,8095
3472.22,3114,8096
3482.384,3115,8097
3497.804,3116,8099
3497.872,3117,8099
3499.08,3118,8100
3499.366,3119,8101
3510.182,3120,8101
3510.858,3121,8103
3510.875,3122,8103
3518.966,3123,8103
3519.751,3124,8104
3520.094,3125,8104
3520.781,3126,8104
3520.863,3127,8104
3521.585,3128,8104
3521.611,3129,8104
3522.706,3130,8104
3522.917,3131,8104
3524.441,3132,8104
3528.204,3133,8104
3532.375,3134,8104
3533.045,3135,8104
3559.265,3136,8104
3560.196,3137,8104
3560.236,3138,8104
3560.39,3139,8104
3560.751,3140,8104
3561.534,3141,8104
3562.152,3142,8104
3562.573,3143,8104
3562.879,3144,8104
3564.939,3145,8104
3565.044,3146,8104
3565.295,3147,8109
3567.705,3148,8109
3569.968,3149,8109
3573.817,3150,8109
3574.44,3151,8109
3574.788,3152,8109
3575.101,3153,8109
3575.742,3154,8109
3576.645,3155,8109
3578.717,3156,8110
3579.46,3157,8110
3580.556,3158,8110
3581.236,3159,8110
3581.473,3160,8110
3591.739,3161,8110
3593.296,3162,8110
3594.03,3163,8110
3603.238,3164,8110
3603.494,3165,8110
3603.633,3166,8110
3605.053,3167,8110
3605.329,3168,8110
3605.921,3169,8126
3606.035,3170,8127
3606.948,3171,8139
3607.829,3172,8139
3612.424,3173,8143
3616.714,3174,8156
3621.489,3175,8156
3622.533,3176,8156
3622.949,3177,8156
3624.338,3178,8157
3636.764,3179,8157
3638.881,3180,8157
3640.091,3181,8161
3647.718,3182,8161
3650.402,3183,8161
3668.314,3184,8161
3668.504,3185,8161
3668.583,3186,8161
3670.796,3187,8161
3672.583,3188,8161
3673.45,3189,8162
3673.612,3190,8162
3673.633,3191,8167
3673.709,3192,8169
3674.287,3193,8169
3674.421,3194,8169
3674.791,3195,8169
3674.968,3196,8170
3675.326,3197,8172
3675.38,3198,8173
3675.613,3199,8173
3675.689,3200,8174
3676.311,3201,8174
3676.345,3202,8174
3676.365,3203,8174
3676.549,3204,8174
3676.664,3205,8176
3677.074,3206,8176
3677.331,3207,8176
3677.386,3208,8176
3677.617,3209,8176
3678.972,3210,8179
3679.176,3211,8179
3680.296,3212,8180
3682.136,3213,8181
3683.707,3214,8187
3685.118,3215,8187
3685.67,3216,8187
3686.061,3217,8187
3688.341,3218,8188
3688.672,3219,8188
3690.369,3220,8188
3692.04,3221,8188
3693.125,3222,8188
3693.307,3223,8188
3693.895,3224,8189
3693.926,3225,8189
3694.579,3226,8196
3696.174,3227,8196
3697.751,3228,8196
3698.237,3229,8196
3699.014,3230,8196
3699.97,3231,8196
3700.962,3232,8197
3701.051,3233,8197
3702.688,3234,8198
3703.033,3235,8200
3703.785,3236,8201
3709.96,3237,8202
3710.453,3238,8202
3728.763,3239,8202
3729.199,3240,8202
3750.37,3241,8202
3798.418,3242,8202
3808.536,3243,8202
3817.915,3244,8203
3819.189,3245,8203
3820.6,3246,8203
3820.643,3247,8203
3834.947,3248,8204
3842.689,3249,8204
3851.209,3250,8204
3853.653,3251,8204
3859.581,3252,8204
3861.637,3253,8204
3865.566,3254,8204
3885.552,3255,8205
3885.88,3256,8205
3886.007,3257,8205
3894.957,3258,8205
3926.585,3259,8205
3967.267,3260,8205
4023.943,3261,8205
4023.958,3262,8205
4055.954,3263,8205
4074.372,3264,8205
4074.561,3265,8205
4077.24,3266,8205
4081.115,3267,8205
4081.571,3268,8205
4081.881,3269,8205
4081.913,3270,8205
4082.392,3271,8205
4100.159,3272,8207
4109.009,3273,8207
4109.029,3274,8208
4109.058,3275,8209
4109.078,3276,8209
4119.199,3277,8210
4123.334,3278,8211
4123.435,3279,8213
4124.092,3280,8213
4124.149,3281,8213
4124.289,3282,8213
4124.857,3283,8214
4125.06,3284,8214
4216.831,3285,8214
4228.142,3286,8214
4287.945,3287,8217
4301.31,3288,8219
4404.09,3289,8219
4413.592,3290,8219
4413.612,3291,8219
4413.732,3292,8219
4413.751,3293,8219
4413.829,3294,8219
4415.912,3295,8219
4420.516,3296,8219
4423.638,3297,8220
4439.108,3298,8220
4471.939,3299,8220
4472.15,3300,8220
4472.363,3301,8220
4472.627,3302,8220
4475.029,3303,8220
4477.565,3304,8220
4484.393,3305,8220
4485.476,3306,8220
4486.156,3307,8220
4486.497,3308,8220
4491.375,3309,8221
4514.955,3310,8229
4515.274,3311,8229
4516.417,3312,8229
4516.984,3313,8229
4526.843,3314,8229
4527.257,3315,8235
4568.136,3316,8235
4568.473,3317,8235
4568.592,3318,8238
4568.76,3319,8241
4569.157,3320,8243
4569.334,3321,8244
4569.394,3322,8244
4569.476,3323,8247
4570.565,3324,8248
4570.629,3325,8249
4571.044,3326,8251
4571.434,3327,8252
4572.938,3328,8254
4573.438,3329,8255
4573.557,3330,8255
4574.607,3331,8256
4574.892,3332,8257
4576.341,3333,8258
4576.412,3334,8258
4578.074,3335,8258
4578.461,3336,8258
4578.613,3337,8259
4580.012,3338,8260
4580.644,3339,8261
4581.59,3340,8270
4584.032,3341,8270
4585.059,3342,8270
4591.869,3343,8270
4592.569,3344,8277
4593.312,3345,8278
4593.902,3346,8279
4594.382,3347,8280
4596.12,3348,8280
4596.987,3349,8280
4607.499,3350,8280
4608.04,3351,8280
4608.641,3352,8282
4608.754,3353,8282
4608.974,3354,8283
4610.344,3355,8284
4610.797,3356,8284
4615.302,3357,8287
4618.108,3358,8289
4621.769,3359,8290
4624.725,3360,8291
4626.131,3361,8291
4626.553,3362,8295
4627.619,3363,8295
4628.867,3364,8295
4629.634,3365,8295
4635.384,3366,8295
4648.74,3367,8295
4649.871,3368,8295
4649.964,3369,8295
4674.641,3370,8298
4674.899,3371,8298
4675.16,3372,8298
4675.182,3373,8298
4675.272,3374,8299
4675.561,3375,8299
4675.958,3376,8299
4676.887,3377,8300
4678.114,3378,8303
4678.205,3379,8307
4678.519,3380,8308
4678.757,3381,8308
4678.797,3382,8309
4679.506,3383,8331
4680.16,3384,8332
4680.485,3385,8333
4682.974,3386,8348
4683.014,3387,8348
4684.568,3388,8348
4685.915,3389,8350
4688.785,3390,8350
4689.804,3391,8350
4691.273,3392,8350
4692.673,3393,8350
4694.934,3394,8351
4696.092,3395,8351
4696.356,3396,8351
4696.371,3397,8351
4698.52,3398,8351
4698.694,3399,8352
4699.28,3400,8352
4703.014,3401,8352
4704.811,3402,8353
4706.152,3403,8362
4721.1,3404,8362
4735.508,3405,8363
4735.8,3406,8363
4746.462,3407,8364
4784.98,3408,8364
4785.349,3409,8364
4786.435,3410,8365
4787.558,3411,8365
4790.183,3412,8365
4792.174,3413,8365
4792.951,3414,8365
4793.322,3415,8368
4795.099,3416,8368
4795.302,3417,8369
4797.841,3418,8372
4797.962,3419,8372
4799.685,3420,8372
4800.373,3421,8372
4802.504,3422,8372
4803.92,3423,8372
4810.196,3424,8381
4810.327,3425,8381
4810.584,3426,8381
4812.419,3427,8381
4813.185,3428,8381
4813.885,3429,8382
4827.08,3430,8383
4849.356,3431,8383
4849.579,3432,8383
4850.042,3433,8383
4850.337,3434,8383
4859.448,3435,8385
4865.497,3436,8385
4884.745,3437,8385
4884.763,3438,8385
4884.938,3439,8385
4886.112,3440,8385
4888.498,3441,8385
4891.664,3442,8385
4891.883,3443,8385
4893.305,3444,8385
4919.582,3445,8385
4919.918,3446,8385
4920.598,3447,8385
4921.608,3448,8385
4922.022,3449,8385
4923.831,3450,8385
4923.869,3451,8385
4925.043,3452,8385
4925.326,3453,8385
4928.393,3454,8385
4928.995,3455,8385
4932.549,3456,8385
4936.873,3457,8388
4938.551,3458,8388
4941.261,3459,8388
4941.94,3460,8388
4947.578,3461,8389
4951.821,3462,8391
4952.564,3463,8392
4953.524,3464,8393
4987.542,3465,8393
4987.658,3466,8393
4987.716,3467,8393
4988.544,3468,8393
4992.359,3469,8394
4995.623,3470,8394
5002.218,3471,8395
5006.77,3472,8395
5010.761,3473,8395
5011.463,3474,8395
5023.775,3475,8396
5025.639,3476,8396
5030.916,3477,8396
5040.199,3478,8396
5045.761,3479,8397
5065.967,3480,8397
5086.078,3481,8398
5098.004,3482,8398
5098.27,3483,8404
5098.709,3484,8405
5099.081,3485,8406
5099.157,3486,8409
5099.777,3487,8412
5101.006,3488,8412
5101.27,3489,8412
5101.339,3490,8415
5101.993,3491,8418
5103.929,3492,8419
5104.318,3493,8420
5104.536,3494,8420
5104.66,3495,8421
5107.638,3496,8421
5108.322,3497,8421
5108.506,3498,8424
5109.049,3499,8424
5109.472,3500,8431
5109.772,3501,8432
5109.967,3502,8434
5110.364,3503,8439
5110.696,3504,8440
5117.495,3505,8453
5118.239,3506,8455
5120.215,3507,8455
5122.586,3508,8455
5124.871,3509,8459
5126.51,3510,8460
5127.205,3511,8467
5136.464,3512,8467
5137.168,3513,8467
5137.442,3514,8467
5139.554,3515,8488
5140.177,3516,8488
5140.753,3517,8488
5140.788,3518,8488
5143.003,3519,8489
5144.044,3520,8492
5144.422,3521,8492
5145.98,3522,8492
5146.412,3523,8493
5147.164,3524,8493
5154.886,3525,8494
5160.758,3526,8495
5166.777,3527,8495
5169.179,3528,8497
5235.157,3529,8497
5235.35,3530,8497
5244.89,3531,8497
5249.878,3532,8497
5249.894,3533,8498
5268.626,3534,8498
5285.783,3535,8498
5285.943,3536,8499
5286.094,3537,8500
5286.32,3538,8501
5286.912,3539,8501
5288.595,3540,8503
5289.489,3541,8504
5290.035,3542,8508
5296.793,3543,8510
5297.062,3544,8511
5299.445,3545,8514
5299.658,3546,8515
5300.035,3547,8516
5301.22,3548,8517
5305.06,3549,8517
5306.418,3550,8517
5306.522,3551,8517
5311.824,3552,8528
5314.127,3553,8528
5314.516,3554,8529
5321.89,3555,8529
5322.404,3556,8530
5333.029,3557,8530
5342.279,3558,8530
5360.579,3559,8530
5360.603,3560,8530
5365.874,3561,8530
5370.266,3562,8530
5371.352,3563,8530
5381.478,3564,8530
5414.543,3565,8530
5414.688,3566,8530
5416.338,3567,8530
5416.494,3568,8530
5430.672,3569,8530
5430.694,3570,8532
5431.051,3571,8533
5431.37,3572,8533
5431.757,3573,8534
5431.961,3574,8535
5432.845,3575,8536
5433.495,3576,8536
5435.484,3577,8536
5435.528,3578,8539
5436.198,3579,8541
5436.367,3580,8541
5436.849,3581,8542
5438.356,3582,8542
5439.316,3583,8542
5443.213,3584,8543
5444.773,3585,8543
5445.397,3586,8543
5446.402,3587,8543
5448.206,3588,8547
5448.431,3589,8547
5448.695,3590,8547
5448.796,3591,8548
5448.825,3592,8549
5450.914,3593,8549
5451.296,3594,8550
5451.929,3595,8560
5452.403,3596,8560
5452.586,3597,8560
5453.017,3598,8560
5453.645,3599,8561
5459.658,3600,8561
5467.011,3601,8561
5468.929,3602,8562
5475.172,3603,8562
5492.048,3604,8562
5524.753,3605,8563
5546.196,3606,8563
5547.019,3607,8563
5548.641,3608,8563
5581.66,3609,8563
5581.698,3610,8565
5581.96,3611,8565
5581.981,3612,8565
5582.168,3613,8566
5593.026,3614,8566
5593.195,3615,8566
5593.248,3616,8567
5597.956,3617,8567
5598.113,3618,8567
5598.134,3619,8567
5598.167,3620,8567
5598.197,3621,8567
5598.232,3622,8567
5598.254,3623,8567
5598.276,3624,8567
5598.297,3625,8567
5598.526,3626,8568
5599.131,3627,8568
5601.383,3628,8570
5601.412,3629,8571
5601.772,3630,8572
5601.892,3631,8574
5604.59,3632,8579
5614.879,3633,8579
5623.04,3634,8582
5623.5,3635,8584
5623.696,3636,8585
5624.223,3637,8586
5626.862,3638,8587
5627.404,3639,8587
5628.929,3640,8587
5630.149,3641,8589
5631.756,3642,8589
5631.978,3643,8589
5632.902,3644,8589
5635.155,3645,8590
5635.496,3646,8594
5637.289,3647,8595
5638.839,3648,8596
5639.08,3649,8598
5639.924,3650,8598
5641.322,3651,8599
5644.012,3652,8600
5645.56,3653,8601
5646.473,3654,8601
5646.889,3655,8601
5647.928,3656,8601
5648.125,3657,8601
5651.061,3658,8601
5651.841,3659,8614
5651.975,3660,8614
5652.522,3661,8615
5681.606,3662,8615
5689.861,3663,8615
5709.171,3664,8616
5709.265,3665,8616
5709.418,3666,8619
5709.955,3667,8620
5710.287,3668,8620
5710.416,3669,8621
5710.533,3670,8622
5712.249,3671,8624
5713.71,3672,8624
5715.007,3673,8625
5718.862,3674,8625
5720.41,3675,8625
5720.484,3676,8626
5720.993,3677,8628
5722.606,3678,8631
5723.213,3679,8631
5725.18,3680,8631
5733.864,3681,8631
5738.92,3682,8631
5739.02,3683,8631
5761.709,3684,8631
5796.903,3685,8664
5796.933,3686,8665
5797.047,3687,8665
5797.274,3688,8666
5797.377,3689,8666
5797.757,3690,8666
5797.778,3691,8666
5797.859,3692,8666
5797.941,3693,8666
5798.065,3694,8667
5798.267,3695,8667
5798.367,3696,8667
5798.717,3697,8667
5798.803,3698,8667
5799.537,3699,8667
5799.579,3700,8667
5800.409,3701,8667
5800.796,3702,8669
5801.272,3703,8669
5801.642,3704,8669
5802.708,3705,8669
5807.87,3706,8669
5810.149,3707,8669
5811.051,3708,8669
5814.309,3709,8669
5817.572,3710,8669
5819.576,3711,8669
5819.957,3712,8669
5824.82,3713,8669
5837.011,3714,8669
5848.036,3715,8669
5848.728,3716,8669
5849.744,3717,8670
5850.416,3718,8670
5854.06,3719,8671
5854.191,3720,8672
5858.745,3721,8674
5859.186,3722,8674
5859.373,3723,8674
5860.939,3724,8674
5883.367,3725,8675
5883.558,3726,8679
5883.588,3727,8680
5883.629,3728,8680
5884.323,3729,8681
5885.359,3730,8682
5886.276,3731,8683
5887.257,3732,8683
5887.27,3733,8683
5887.356,3734,8684
5887.369,3735,8684
5889.791,3736,8685
5890.831,3737,8687
5891.788,3738,8687
5894.433,3739,8688
5895.005,3740,8689
5895.517,3741,8690
5895.757,3742,8690
5896.382,3743,8690
5897.443,3744,8690
5897.626,3745,8690
5900.52,3746,8690
5900.986,3747,8690
5905.965,3748,8698
5910.617,3749,8698
5911.356,3750,8698
5911.566,3751,8698
5912.946,3752,8701
5913.674,3753,8702
5918.823,3754,8702
5925.745,3755,8703
5935.568,3756,8703
5935.738,3757,8703
5940.73,3758,8703
5965.582,3759,8703
5966.653,3760,8705
5972.899,3761,8705
5984.229,3762,8705
5984.243,3763,8705
5984.306,3764,8706
5986.037,3765,8706
6005.404,3766,8706
6005.894,3767,8706
6006.021,3768,8709
6006.316,3769,8710
6006.786,3770,8710
6009.088,3771,8710
6009.366,3772,8713
6010.931,3773,8714
6011.039,3774,8716
6012.31,3775,8716
6012.93,3776,8716
6018.31,3777,8716
6021.307,3778,8716
6022.236,3779,8718
6026.103,3780,8720
6026.754,3781,8720
6034.59,3782,8720
6041.095,3783,8720
6056.571,3784,8721
6064.022,3785,8721
6065.001,3786,8722
6092.754,3787,8723
6113.296,3788,8723
6113.524,3789,8723
6134.807,3790,8724
6152.695,3791,8724
6159.582,3792,8726
6163.168,3793,8729
6163.499,3794,8730
6163.579,3795,8730
6164.759,3796,8731
6166.375,3797,8733
6166.428,3798,8733
6166.757,3799,8733
6167.829,3800,8734
6171.184,3801,8736
6175.747,3802,8736
6178.134,3803,8736
6178.795,3804,8759
6182.994,3805,8760
6183.83,3806,8762
6185.765,3807,8765
6192.227,3808,8765
6192.924,3809,8765
6202.4,3810,8765
6209.982,3811,8765
6210.953,3812,8765
6236.266,3813,8765
6236.323,3814,8765
6236.386,3815,8765
6236.523,3816,8767
6237.025,3817,8767
6238.113,3818,8767
6238.474,3819,8767
6238.53,3820,8767
6238.744,3821,8767
6242.126,3822,8767
6243.139,3823,8775
6246.858,3824,8776
6248.601,3825,8776
6250.173,3826,8777
6256.439,3827,8779
6264.345,3828,8779
6295.952,3829,8780
6312.141,3830,8780
6327.942,3831,8780
6328.477,3832,8781
6330.227,3833,8781
6330.308,3834,8793
6330.555,3835,8794
6330.765,3836,8794
6331.443,3837,8797
6332.247,3838,8798
6332.483,3839,8799
6332.553,3840,8799
6333.169,3841,8799
6333.453,3842,8801
6333.735,3843,8802
6334.523,3844,8802
6335.023,3845,8803
6336.366,3846,8803
6336.584,3847,8803
6337.36,3848,8805
6337.713,3849,8809
6338.337,3850,8810
6339.481,3851,8810
6339.737,3852,8810
6343.742,3853,8811
6344.212,3854,8812
6345.769,3855,8812
6346.473,3856,8814
6347.443,3857,8816
6350.42,3858,8816
6353.765,3859,8818
6355.036,3860,8819
6357.126,3861,8820
6357.732,3862,8828
6359.562,3863,8828
6360.913,3864,8830
6361.001,3865,8830
6361.157,3866,8830
6361.811,3867,8830
6361.923,3868,8845
6362.915,3869,8847
6371.811,3870,8847
6372.916,3871,8847
6374.029,3872,8847
6374.302,3873,8847
6374.343,3874,8848
6374.367,3875,8849
6374.405,3876,8849
6374.547,3877,8850
6374.835,3878,8851
6376.072,3879,8852
6376.703,3880,8853
6377.657,3881,8854
6377.768,3882,8854
6378.597,3883,8856
6378.633,3884,8856
6380.173,3885,8857
6380.23,3886,8860
6380.339,3887,8860
6380.448,3888,8860
6383.646,3889,8861
6384.07,3890,8861
6385.204,3891,8861
6385.356,3892,8861
6386.693,3893,8863
6387.341,3894,8863
6387.462,3895,8864
6388.254,3896,8865
6389.182,3897,8865
6392.107,3898,8865
6393.124,3899,8867
6395.671,3900,8868
6396.045,3901,8868
6396.471,3902,8869
6397.219,3903,8869
6397.815,3904,8869
6399.603,3905,8880
6400.017,3906,8881
6400.754,3907,8881
6402.068,3908,8881
6402.144,3909,8883
6404.653,3910,8883
6406.255,3911,8884
6406.363,3912,8886
6406.686,3913,8889
6406.717,3914,8891
6406.831,3915,8893
6408.124,3916,8894
6408.584,3917,8894
6408.654,3918,8894
6409.125,3919,8894
6411.111,3920,8895
6411.56,3921,8897
6412.642,3922,8897
6412.922,3923,8897
6413.12,3924,8898
6415.842,3925,8898
6417.681,3926,8899
6418.226,3927,8900
6418.66,3928,8901
6418.721,3929,8901
6421.203,3930,8902
6423.831,3931,8902
6424.122,3932,8902
6424.644,3933,8902
6428.838,3934,8902
6432.874,3935,8903
6435.174,3936,8903
6436.161,3937,8904
6446.224,3938,8906
6446.313,3939,8906
6447.016,3940,8908
6449.218,3941,8908
6449.309,3942,8909
6454.513,3943,8910
6468.607,3944,8910
6470.522,3945,8911
6470.549,3946,8915
6475.76,3947,8917
6478.359,3948,8917
6479.57,3949,8917
6480.092,3950,8918
6481.468,3951,8918
6481.66,3952,8918
6481.959,3953,8918
6482.01,3954,8919
6482.671,3955,8919
6486.863,3956,8920
6488.885,3957,8921
6489.286,3958,8921
6489.621,3959,8921
6489.996,3960,8921
6490.048,3961,8921
6492.913,3962,8921
6494.117,3963,8921
6494.725,3964,8922
6495.761,3965,8922
6497.095,3966,8924
6498.023,3967,8924
6498.215,3968,8925
6498.895,3969,8933
6500.235,3970,8933
6501.071,3971,8933
6501.234,3972,8933
6501.778,3973,8934
6502.292,3974,8935
6503.589,3975,8935
6503.692,3976,8936
6513.026,3977,8937
6513.05,3978,8938
6513.151,3979,8938
6513.303,3980,8938
6513.317,3981,8940
6513.427,3982,8941
6513.959,3983,8941
6514.346,3984,8942
6514.604,3985,8943
6514.833,3986,8943
6515.316,3987,8943
6520.427,3988,8943
6521.093,3989,8945
6521.87,3990,8947
6522.108,3991,8948
6522.271,3992,8948
6524.98,3993,8948
6526.337,3994,8949
6527.615,3995,8949
6532.101,3996,8949
6536.949,3997,8949
6541.393,3998,8949
6545.072,3999,8949
6545.473,4000,8950
6545.6,4001,8950
6545.731,4002,8950
6545.825,4003,8950
6546.206,4004,8950
6546.242,4005,8951
6546.501,4006,8952
6546.874,4007,8953
6547.237,4008,8954
6548.051,4009,8954
6548.066,4010,8955
6548.166,4011,8955
6548.863,4012,8955
6553.321,4013,8955
6553.964,4014,8956
6554.907,4015,8957
6556.886,4016,8957
6562.434,4017,8957
6566.813,4018,8958
6566.913,4019,8958
6569.8,4020,8958
6572.505,4021,8958
6574.116,4022,8958
6575.151,4023,8958
6575.259,4024,8958
6576.653,4025,8959
6576.91,4026,8960
6577.466,4027,8960
6577.572,4028,8962
6581.495,4029,8964
6581.67,4030,8976
6582.573,4031,8977
6582.946,4032,8977
6586.462,4033,8977
6590.849,4034,8980
6591.055,4035,8983
6591.803,4036,8985
6593.806,4037,8985
6595.128,4038,8985
6596.432,4039,8986
6602.684,4040,8987
6608.309,4041,8987
6608.577,4042,8987
6612.527,4043,8988
6612.717,4044,8989
6616.453,4045,8990
6626.889,4046,8990
6627.663,4047,8991
6627.807,4048,8991
6628.061,4049,8991
6630.986,4050,8991
6631.105,4051,8991
6632.531,4052,8991
6635.003,4053,8992
6639.819,4054,8992
6640.634,4055,8993
6641.218,4056,8993
6641.607,4057,8993
6642.822,4058,8993
6643.245,4059,8993
6643.82,4060,8994
6645.739,4061,9000
6647.864,4062,9000
6653.141,4063,9000
6657.975,4064,9001
6665.057,4065,9001
6665.292,4066,9001
6665.98,4067,9002
6666.604,4068,9004
6667.567,4069,9005
6668.091,4070,9007
6669.883,4071,9007
6670.068,4072,9007
6671.054,4073,9007
6673.313,4074,9007
6679.517,4075,9007
6681.783,4076,9007
6682.335,4077,9010
6683.265,4078,9010
6691.368,4079,9010
6692.963,4080,9010
6693.976,4081,9010
6715.804,4082,9010
6723.693,4083,9011
6728.089,4084,9012
6738.379,4085,9012
6738.85,4086,9012
6757.721,4087,9012
6757.752,4088,9012
6757.765,4089,9012
6757.889,4090,9012
6758.287,4091,9012
6758.501,4092,9012
6758.649,4093,9012
6758.834,4094,9012
6758.883,4095,9012
6758.968,4096,9012
6759.085,4097,9012
6759.239,4098,9012
6759.405,4099,9012
6759.419,4100,9012
6759.59,4101,9012
6759.639,4102,9012
6759.811,4103,9012
6759.832,4104,9012
6760.248,4105,9014
6760.431,4106,9014
6760.453,4107,9014
6761.577,4108,9014
6762.557,4109,9014
6762.882,4110,9014
6763.556,4111,9014
6763.642,4112,9014
6763.838,4113,9014
6764.112,4114,9014
6764.387,4115,9014
6764.759,4116,9014
6770.013,4117,9014
6770.375,4118,9014
6770.52,4119,9015
6771.307,4120,9015
6772.508,4121,9015
6772.853,4122,9015
6773.247,4123,9015
6773.376,4124,9015
6777.682,4125,9015
6777.964,4126,9016
6778.48,4127,9016
6780.105,4128,9016
6780.323,4129,9016
6794.324,4130,9016
6795.445,4131,9016
6799.762,4132,9016
6802.034,4133,9017
6802.088,4134,9017
6802.255,4135,9018
6802.583,4136,9018
6802.652,4137,9020
6802.805,4138,9021
6803.186,4139,9022
6803.484,4140,9022
6803.512,4141,9023
6803.919,4142,9023
6803.973,4143,9023
6804.105,4144,9023
6804.27,4145,9023
6804.436,4146,9023
6805.719,4147,9023
6806.375,4148,9024
6807.621,4149,9024
6808.356,4150,9024
6818.985,4151,9024
6819.98,4152,9024
6825.242,4153,9026
6825.677,4154,9026
6827.4,4155,9027
6828.812,4156,9027
6833.882,4157,9027
6837.624,4158,9028
6838.713,4159,9028
6863.309,4160,9035
6863.408,4161,9036
6863.538,4162,9039
6864.419,4163,9043
6864.545,4164,9043
6865.692,4165,9045
6865.944,4166,9046
6870.696,4167,9047
6877.48,4168,9047
6878.094,4169,9051
6881.493,4170,9051
6882.994,4171,9051
6885.314,4172,9051
6886.859,4173,9051
6899.308,4174,9051
6899.35,4175,9051
6915.049,4176,9051
6925.205,4177,9052
6928.956,4178,9052
6931.228,4179,9054
6931.642,4180,9055
6931.849,4181,9055
6932.866,4182,9055
6933.736,4183,9055
6935.06,4184,9056
6937.659,4185,9056
6940.06,4186,9056
6940.708,4187,9058
6942.922,4188,9058
6944.525,4189,9059
6948.994,4190,9072
6950.307,4191,9072
6955.401,4192,9072
6956.149,4193,9072
6956.664,4194,9072
6957.278,4195,9074
6958.158,4196,9074
7001.557,4197,9075
7019.976,4198,9075
7020.5,4199,9075
7026.213,4200,9078
7038.984,4201,9078
7039.952,4202,9078
7041.36,4203,9078
7042.328,4204,9079
7047.11,4205,9079
7053.192,4206,9079
7056.426,4207,9080
7060.925,4208,9081
7061.749,4209,9081
7080.623,4210,9081
7080.751,4211,9081
7081.018,4212,9089
7081.843,4213,9092
7082.942,4214,9092
7082.995,4215,9092
7083.03,4216,9094
7084.202,4217,9094
7084.281,4218,9094
7086.806,4219,9094
7086.864,4220,9094
7088.634,4221,9094
7091.396,4222,9094
7092.16,4223,9094
7104.376,4224,9099
7111.07,4225,9099
7111.88,4226,9099
7118.75,4227,9099
7118.978,4228,9099
7119.15,4229,9099
7128.551,4230,9099
7128.971,4231,9099
7129.831,4232,9099
7130.118,4233,9099
7130.894,4234,9099
7131.22,4235,9099
7132.616,4236,9099
7133.703,4237,9100
7139.241,4238,9101
7139.491,4239,9101
7140.202,4240,9101
7141.167,4241,9101
7142.459,4242,9102
7143.985,4243,9104
7145.885,4244,9104
7147.58,4245,9104
7149.114,4246,9104
7152.26,4247,9107
7153.574,4248,9107
7155.982,4249,9107
7158.222,4250,9107
7159.2,4251,9112
7159.285,4252,9116
7159.472,4253,9118
7160.333,4254,9121
7160.473,4255,9122
7161.244,4256,9123
7161.672,4257,9125
7162.264,4258,9126
7162.391,4259,9127
7162.61,4260,9128
7164.156,4261,9131
7165.748,4262,9146
7173.382,4263,9148
7175.692,4264,9148
7176.991,4265,9149
7177.713,4266,9150
7178.602,4267,9151
7181.674,4268,9152
7187.244,4269,9152
7194.519,4270,9152
7194.873,4271,9153
7195.596,4272,9156
7195.836,4273,9156
7196.454,4274,9156
7196.575,4275,9158
7197.501,4276,9158
7197.749,4277,9158
7203.233,4278,9158
7205.722,4279,9159
7207.657,4280,9159
7209.231,4281,9164
7209.791,4282,9164
7210.683,4283,9165
7211.297,4284,9165
7213.811,4285,9165
7214.143,4286,9171
7217.806,4287,9171
7219.256,4288,9171
7220.154,4289,9171
7233.786,4290,9171
7234.95,4291,9171
7235.087,4292,9171
7235.31,4293,9171
7235.375,4294,9171
7235.441,4295,9171
7235.469,4296,9171
7235.489,4297,9171
7235.634,4298,9171
7235.912,4299,9171
7236.716,4300,9171
7236.752,4301,9171
7242.301,4302,9171
7250.337,4303,9171
7253.145,4304,9171
7258.168,4305,9173
7262.643,4306,9173
7270.422,4307,9174
7272.675,4308,9174
7273.384,4309,9174
7274.903,4310,9174
7276.911,4311,9174
7277.231,4312,9174
7277.463,4313,9174
7278.065,4314,9175
7280.986,4315,9176
7281.257,4316,9180
7285.71,4317,9180
7293.442,4318,9180
7302.001,4319,9180
7302.718,4320,9180
7303.555,4321,9181
7303.958,4322,9181
7304.155,4323,9181
7305.118,4324,9181
7305.139,4325,9182
7305.376,4326,9183
7305.424,4327,9183
7306.712,4328,9189
7308.688,4329,9189
7309.993,4330,9190
7312.74,4331,9191
7313.332,4332,9192
7320.01,4333,9192
7320.978,4334,9193
7321.503,4335,9193
7321.55,4336,9193
7322.639,4337,9194
7326.343,4338,9194
7328.436,4339,9194
7344.887,4340,9194
7344.921,4341,9195
7345.241,4342,9195
7345.421,4343,9195
7345.455,4344,9195
7345.569,4345,9195
7345.982,4346,9195
7345.995,4347,9195
7346.08,4348,9195
7346.855,4349,9195
7348.069,4350,9195
7348.769,4351,9195
7348.787,4352,9195
7350.905,4353,9195
7352.469,4354,9195
7354.032,4355,9195
7354.468,4356,9195
7354.724,4357,9195
7355.784,4358,9195
7358.077,4359,9195
7358.4,4360,9195
7360.631,4361,9195
7362.509,4362,9195
7363.442,4363,9195
7364.233,4364,9197
7364.781,4365,9197
7369.457,4366,9197
7369.667,4367,9200
7369.795,4368,9200
7371.412,4369,9204
7371.525,4370,9205
7372.093,4371,9205
7372.343,4372,9205
7372.625,4373,9205
7374.0,4374,9205
7377.121,4375,9205
7377.896,4376,9206
7391.371,4377,9207
7392.447,4378,9207
7394.034,4379,9208
7394.105,4380,9209
7394.571,4381,9210
7395.779,4382,9210
7401.612,4383,9210
7402.25,4384,9210
7406.789,4385,9211
7407.217,4386,9211
7411.458,4387,9211
7411.555,4388,9212
7412.643,4389,9213
7412.823,4390,9213
7412.993,4391,9214
7413.907,4392,9214
7419.672,4393,9214
7419.923,4394,9214
7423.306,4395,9215
7424.378,4396,9216
7433.555,4397,9216
7437.901,4398,9216
7441.109,4399,9217
7442.094,4400,9217
7443.164,4401,9217
7445.288,4402,9217
7445.593,4403,9217
7445.71,4404,9217
7446.141,4405,9217
7447.615,4406,9217
7448.792,4407,9217
7451.511,4408,9218
7454.182,4409,9218
7454.281,4410,9218
7454.861,4411,9218
7456.686,4412,9218
7457.699,4413,9218
7460.527,4414,9219
7461.277,4415,9221
7461.37,4416,9221
7462.278,4417,9221
7463.037,4418,9221
7463.125,4419,9222
7463.149,4420,9222
7463.315,4421,9222
7463.672,4422,9222
7463.798,4423,9223
7464.45,4424,9223
7465.092,4425,9223
7465.958,4426,9223
7466.259,4427,9223
7468.104,4428,9224
7469.712,4429,9224
7471.52,4430,9226
7473.2,4431,9227
7473.347,4432,9228
7473.457,4433,9228
7473.539,4434,9228
7473.579,4435,9228
7473.866,4436,9228
7474.031,4437,9229
7474.071,4438,9231
7474.196,4439,9231
7474.284,4440,9231
7474.322,4441,9231
7475.862,4442,9231
7475.879,4443,9231
7477.437,4444,9231
7478.561,4445,9232
7478.92,4446,9234
7479.097,4447,9234
7479.217,4448,9234
7479.884,4449,9234
7480.249,4450,9236
7480.493,4451,9238
7481.723,4452,9239
7482.691,4453,9240
7484.827,4454,9240
7484.842,4455,9240
7485.07,4456,9240
7486.136,4457,9240
7486.414,4458,9240
7486.926,4459,9240
7490.154,4460,9240
7491.526,4461,9241
7494.403,4462,9241
7494.754,4463,9241
7501.473,4464,9241
7505.19,4465,9241
7514.9,4466,9241
7516.786,4467,9242
7517.238,4468,9242
7518.05,4469,9243
7523.599,4470,9244
7530.054,4471,9244
7571.895,4472,9245
7601.652,4473,9245
7604.923,4474,9245
7604.968,4475,9245
7605.143,4476,9246
7606.061,4477,9247
7607.136,4478,9247
7607.272,4479,9247
7607.456,4480,9247
7608.222,4481,9247
7608.485,4482,9247
7612.234,4483,9247
7613.476,4484,9247
7613.755,4485,9248
7614.03,4486,9248
7614.205,4487,9248
7614.269,4488,9249
7616.101,4489,9249
7623.259,4490,9253
7633.625,4491,9258
7637.601,4492,9262
7638.051,4493,9263
7650.44,4494,9263
7650.462,4495,9265
7650.567,4496,9266
7650.591,4497,9267
7651.331,4498,9268
7651.844,4499,9268
7653.147,4500,9269
7653.482,4501,9270
7661.49,4502,9270
7668.182,4503,9271
7679.0,4504,9271
7683.825,4505,9271
7686.793,4506,9271
7686.892,4507,9271
7688.251,4508,9271
7688.389,4509,9271
7688.82,4510,9271
7691.492,4511,9271
7694.948,4512,9271
7694.979,4513,9272
7695.884,4514,9273
7696.239,4515,9274
7697.932,4516,9274
7702.585,4517,9274
7703.363,4518,9274
7706.172,4519,9277
7706.561,4520,9278
7709.134,4521,9278
7710.133,4522,9278
7712.28,4523,9279
7716.222,4524,9279
7719.122,4525,9279
7719.867,4526,9280
7720.615,4527,9281
7721.452,4528,9281
7723.43,4529,9281
7728.088,4530,9281
7735.498,4531,9281
7746.756,4532,9281
7766.33,4533,9281
7766.342,4534,9281
7766.355,4535,9281
7766.602,4536,9281
7767.106,4537,9281
7767.607,4538,9281
7768.083,4539,9281
7768.308,4540,9281
7768.54,4541,9281
7769.544,4542,9281
7771.043,4543,9281
7771.801,4544,9281
7772.813,4545,9281
7773.796,4546,9281
7774.867,4547,9281
7775.677,4548,9281
7777.316,4549,9281
7782.635,4550,9282
7785.777,4551,9283
7786.785,4552,9283
7787.015,4553,9284
7790.241,4554,9286
7790.842,4555,9286
7793.291,4556,9286
7794.367,4557,9286
7794.465,4558,9286
7795.348,4559,9286
7830.368,4560,9286
7830.475,4561,9287
7831.796,4562,9287
7831.951,4563,9287
7832.019,4564,9287
7832.063,4565,9289
7832.284,4566,9289
7832.816,4567,9289
7837.622,4568,9289
7839.042,4569,9289
7842.132,4570,9290
7844.553,4571,9291
7852.869,4572,9291
7857.315,4573,9291
7860.932,4574,9292
7861.964,4575,9292
7862.222,4576,9292
7863.813,4577,9292
7871.616,4578,9293
7872.383,4579,9294
7874.18,4580,9294
7874.384,4581,9294
7875.322,4582,9294
7878.044,4583,9294
7878.559,4584,9295
7880.033,4585,9296
7880.554,4586,9296
7880.766,4587,9297
7883.11,4588,9298
7884.426,4589,9298
7884.439,4590,9310
7885.821,4591,9312
7885.906,4592,9312
7885.933,4593,9321
7886.602,4594,9321
7886.809,4595,9325
7891.129,4596,9325
7891.261,4597,9327
7893.294,4598,9332
7898.449,4599,9332
7904.471,4600,9336
7913.337,4601,9336
7919.419,4602,9336
7921.418,4603,9336
7921.475,4604,9336
7924.44,4605,9337
7925.833,4606,9339
7930.904,4607,9339
7932.044,4608,9339
7932.973,4609,9339
7936.514,4610,9342
7945.226,4611,9342
7946.089,4612,9342
7947.794,4613,9342
7948.907,4614,9344
7949.601,4615,9344
7949.831,4616,9345
7950.122,4617,9345
7950.512,4618,9345
7951.555,4619,9345
7956.341,4620,9347
7959.743,4621,9347
7960.193,4622,9347
7969.094,4623,9348
7972.1,4624,9349
7974.089,4625,9349
7976.679,4626,9350
7979.977,4627,9350
7983.735,4628,9350
7984.529,4629,9351
7987.952,4630,9352
7990.761,4631,9352
7991.501,4632,9352
8002.206,4633,9352
8007.816,4634,9352
8015.394,4635,9352
8021.263,4636,9352
8021.791,4637,9352
8024.601,4638,9353
8036.426,4639,9353
8039.862,4640,9354
8040.041,4641,9354
8041.296,4642,9354
8041.608,4643,9355
8041.651,4644,9355
8042.157,4645,9355
8044.043,4646,9355
8044.351,4647,9355
8045.02,4648,9355
8050.79,4649,9355
8062.438,4650,9358
8063.722,4651,9359
8117.101,4652,9359
8117.178,4653,9359
8118.285,4654,9359
8119.691,4655,9360
8119.756,4656,9360
8120.506,4657,9360
8125.655,4658,9361
8126.889,4659,9362
8129.694,4660,9367
8132.94,4661,9367
8138.091,4662,9367
8142.001,4663,9367
8142.424,4664,9369
8142.963,4665,9369
8144.831,4666,9376
8144.891,4667,9376
8146.233,4668,9376
8147.691,4669,9376
8147.942,4670,9381
8157.061,4671,9381
8158.603,4672,9381
8160.576,4673,9385
8166.377,4674,9386
8170.578,4675,9386
8171.665,4676,9386
8171.703,4677,9387
8172.097,4678,9390
8173.419,4679,9391
8173.935,4680,9391
8174.206,4681,9394
8176.005,4682,9394
8178.295,4683,9397
8178.402,4684,9397
8185.671,4685,9398
8191.848,4686,9399
8195.653,4687,9400
8196.668,4688,9400
8217.274,4689,9400
8217.393,4690,9401
8246.936,4691,9401
8247.752,4692,9403
8252.619,4693,9403
8254.993,4694,9404
8256.545,4695,9405
8263.75,4696,9405
8270.465,4697,9405
8276.081,4698,9405
8289.005,4699,9406
8289.232,4700,9406
8293.517,4701,9406
8296.77,4702,9406
8297.366,4703,9406
8299.047,4704,9406
8299.951,4705,9406
8300.084,4706,9406
8311.697,4707,9406
8313.193,4708,9407
8316.678,4709,9407
8322.851,4710,9407
8323.278,4711,9408
8323.719,4712,9411
8324.043,4713,9411
8324.76,4714,9411
8325.789,4715,9411
8326.446,4716,9411
8327.043,4717,9411
8327.302,4718,9411
8332.526,4719,9411
8332.831,4720,9411
8336.938,4721,9411
8338.176,4722,9411
8343.945,4723,9411
8345.152,4724,9411
8349.257,4725,9420
8349.495,4726,9420
8349.558,4727,9421
8350.452,4728,9423
8356.529,4729,9423
8360.294,4730,9424
8361.816,4731,9424
8374.116,4732,9429
8387.735,4733,9429
8388.089,4734,9429
8388.169,4735,9429
8388.337,4736,9429
8388.386,4737,9429
8388.543,4738,9429
8388.61,4739,9429
8388.767,4740,9429
8388.884,4741,9429
8389.964,4742,9429
8390.553,4743,9429
8390.878,4744,9429
8390.944,4745,9429
8392.031,4746,9429
8393.649,4747,9429
8395.616,4748,9429
8396.76,4749,9429
8396.927,4750,9429
8396.957,4751,9429
8399.079,4752,9429
8400.854,4753,9429
8400.921,4754,9431
8401.435,4755,9431
8401.88,4756,9432
8403.882,4757,9432
8407.219,4758,9432
8408.709,4759,9432
8408.951,4760,9432
8412.698,4761,9433
8421.76,4762,9438
8427.232,4763,9438
8431.334,4764,9438
8431.347,4765,9438
8431.424,4766,9438
8431.465,4767,9438
8431.569,4768,9438
8432.526,4769,9438
8433.464,4770,9438
8433.54,4771,9439
8435.102,4772,9439
8435.591,4773,9439
8436.825,4774,9439
8436.984,4775,9439
8439.892,4776,9439
8440.634,4777,9439
8441.369,4778,9439
8444.896,4779,9440
8446.656,4780,9440
8464.672,4781,9440
8487.155,4782,9440
8488.956,4783,9440
8490.354,4784,9440
8511.562,4785,9440
8514.277,4786,9440
8514.752,4787,9440
8516.351,4788,9440
8528.516,4789,9440
8530.333,4790,9441
8534.906,4791,9441
8536.532,4792,9441
8543.926,4793,9441
8554.321,4794,9444
8581.262,4795,9451
8587.056,4796,9451
8601.578,4797,9451
8610.738,4798,9452
8610.838,4799,9453
8611.123,4800,9453
8612.473,4801,9453
8613.25,4802,9454
8614.9,4803,9454
8615.28,4804,9455
8615.461,4805,9455
8617.023,4806,9455
8626.693,4807,9455
8630.549,4808,9455
8631.198,4809,9455
8642.076,4810,9455
8642.091,4811,9455
8642.11,4812,9455
8642.569,4813,9455
8642.723,4814,9455
8642.835,4815,9455
8644.197,4816,9455
8646.622,4817,9455
8648.08,4818,9455
8648.207,4819,9455
8652.089,4820,9455
8652.781,4821,9455
8653.297,4822,9463
8653.703,4823,9463
8656.205,4824,9464
8656.945,4825,9465
8658.097,4826,9465
8662.753,4827,9465
8666.934,4828,9465
8668.976,4829,9466
8670.726,4830,9466
8680.258,4831,9467
8689.921,4832,9467
8689.936,4833,9467
8701.888,4834,9467
8703.848,4835,9467
8703.978,4836,9467
8706.745,4837,9467
8712.078,4838,9467
8716.11,4839,9467
8716.548,4840,9468
8716.75,4841,9472
8716.804,4842,9475
8717.438,4843,9476
8717.522,4844,9477
8717.719,4845,9478
8718.127,4846,9479
8718.331,4847,9481
8718.743,4848,9482
8718.881,4849,9483
8719.182,4850,9483
8719.809,4851,9484
8719.981,4852,9487
8720.317,4853,9488
8720.551,4854,9488
8720.716,4855,9489
8720.839,4856,9491
8722.28,4857,9491
8722.489,4858,9495
8723.445,4859,9496
8723.871,4860,9496
8725.71,4861,9497
8726.021,4862,9499
8726.515,4863,9500
8726.657,4864,9501
8726.947,4865,9505
8727.812,4866,9507
8729.308,4867,9507
8729.583,4868,9508
8730.641,4869,9508
8731.047,4870,9510
8731.986,4871,9510
8733.559,4872,9511
8733.856,4873,9513
8739.647,4874,9513
8741.542,4875,9514
8744.049,4876,9517
8746.799,4877,9518
8766.906,4878,9518
8767.034,4879,9520
8767.154,4880,9520
8767.483,4881,9520
8767.496,4882,9522
8767.556,4883,9522
8767.993,4884,9522
8768.05,4885,9522
8769.203,4886,9522
8771.154,4887,9522
8771.176,4888,9522
8773.199,4889,9522
8777.477,4890,9522
8778.397,4891,9522
8778.646,4892,9522
8784.958,4893,9523
8786.906,4894,9523
8786.923,4895,9524
8793.727,4896,9524
8794.012,4897,9524
8794.455,4898,9524
8795.989,4899,9524
8797.745,4900,9524
8799.086,4901,9525
8801.944,4902,9525
8802.911,4903,9525
8805.161,4904,9525
8808.015,4905,9529
8812.604,4906,9529
8819.969,4907,9529
8820.517,4908,9529
8823.23,4909,9529
8836.405,4910,9529
8837.94,4911,9530
8838.314,4912,9531
8840.766,4913,9532
8841.976,4914,9532
8841.991,4915,9532
8842.601,4916,9533
8847.737,4917,9533
8847.891,4918,9534
8848.18,4919,9534
8862.412,4920,9535
8863.39,4921,9536
8863.407,4922,9550
8871.753,4923,9550
8880.291,4924,9550
8892.582,4925,9552
8892.722,4926,9554
8893.186,4927,9554
8896.186,4928,9554
8897.139,4929,9554
8897.898,4930,9554
8912.047,4931,9555
8914.733,4932,9555
8919.269,4933,9557
8927.184,4934,9557
8937.228,4935,9557
8937.386,4936,9558
8937.434,4937,9560
8938.435,4938,9561
8938.615,4939,9562
8940.75,4940,9570
8941.266,4941,9570
8941.867,4942,9574
8942.215,4943,9574
8943.792,4944,9574
8944.632,4945,9575
8947.028,4946,9575
8947.429,4947,9575
8948.574,4948,9575
8949.217,4949,9576
8949.702,4950,9578
8950.749,4951,9578
8952.927,4952,9579
8956.333,4953,9580
8959.853,4954,9581
8959.986,4955,9581
8965.071,4956,9581
8966.303,4957,9582
8970.326,4958,9582
8970.474,4959,9582
8970.498,4960,9582
8970.627,4961,9582
8972.486,4962,9583
8972.699,4963,9583
8975.014,4964,9583
8975.565,4965,9583
8982.859,4966,9583
8992.054,4967,9583
8993.293,4968,9583
8997.305,4969,9584
8998.929,4970,9584
9001.137,4971,9584
9001.4,4972,9584
9005.63,4973,9584
9011.764,4974,9584
9012.289,4975,9584
9013.513,4976,9588
9017.148,4977,9588
9017.26,4978,9589
9017.529,4979,9590
9020.494,4980,9592
9023.099,4981,9592
9024.48,4982,9592
9024.603,4983,9592
9024.618,4984,9592
9025.346,4985,9592
9033.635,4986,9593
9036.985,4987,9593
9045.982,4988,9593
9047.555,4989,9593
9057.154,4990,9593
9057.181,4991,9594
9061.545,4992,9594
9075.113,4993,9594
9076.743,4994,9595
9076.774,4995,9596
9076.821,4996,9596
9076.93,4997,9596
9076.989,4998,9596
9077.089,4999,9597
9077.148,5000,9599
9077.333,5001,9599
9077.737,5002,9599
9077.921,5003,9599
9078.415,5004,9599
9078.492,5005,9599
9079.248,5006,9599
9081.082,5007,9599
9082.863,5008,9599
9083.67,5009,9599
9087.263,5010,9599
9094.767,5011,9600
9097.523,5012,9600
9108.04,5013,9601
9108.27,5014,9601
9108.638,5015,9601
9111.598,5016,9601
9111.988,5017,9603
9115.75,5018,9604
9120.883,5019,9605
9152.759,5020,9606
9153.231,5021,9606
9154.116,5022,9607
9156.754,5023,9607
9156.837,5024,9607
9162.655,5025,9607
9162.952,5026,9607
9164.013,5027,9607
9169.141,5028,9607
9170.866,5029,9607
9177.958,5030,9607
9195.657,5031,9607
9198.054,5032,9607
9199.548,5033,9607
9199.641,5034,9608
9201.614,5035,9608
9203.938,5036,9608
9204.629,5037,9610
9208.045,5038,9610
9237.299,5039,9610
9239.409,5040,9612
9239.67,5041,9613
9242.574,5042,9613
9259.044,5043,9613
9262.524,5044,9613
9263.468,5045,9615
9263.814,5046,9615
9264.383,5047,9615
9264.927,5048,9617
9265.454,5049,9621
9266.427,5050,9622
9267.054,5051,9623
9268.199,5052,9623
9268.416,5053,9623
9270.025,5054,9624
9270.292,5055,9625
9271.058,5056,9625
9273.546,5057,9626
9274.366,5058,9627
9274.471,5059,9631
9276.052,5060,9632
9277.746,5061,9632
9278.795,5062,9632
9281.9,5063,9633
9282.029,5064,9636
9289.256,5065,9639
9295.124,5066,9640
9295.65,5067,9641
9295.978,5068,9642
9296.515,5069,9643
9300.92,5070,9643
9313.413,5071,9654
9319.45,5072,9654
9319.734,5073,9654
9321.569,5074,9654
9321.984,5075,9654
9322.073,5076,9654
9328.109,5077,9654
9332.045,5078,9654
9335.272,5079,9654
9335.289,5080,9655
9335.426,5081,9655
9338.317,5082,9655
9338.875,5083,9655
9342.584,5084,9655
9345.53,5085,9655
9346.05,5086,9655
9346.226,5087,9656
9347.568,5088,9656
9348.71,5089,9656
9349.963,5090,9656
9364.49,5091,9656
9365.955,5092,9656
9377.021,5093,9658
9377.97,5094,9659
9403.167,5095,9659
9416.747,5096,9659
9417.037,5097,9659
9417.093,5098,9659
9418.1,5099,9659
9419.03,5100,9660
9419.551,5101,9660
9419.865,5102,9660
9420.866,5103,9660
9421.592,5104,9660
9422.429,5105,9660
9423.668,5106,9660
9435.174,5107,9660
9450.393,5108,9661
9464.273,5109,9661
9464.311,5110,9661
9464.51,5111,9661
9465.019,5112,9661
9465.772,5113,9662
9469.406,5114,9662
9470.032,5115,9662
9473.57,5116,9662
9476.909,5117,9662
9477.18,5118,9662
9480.879,5119,9662
9481.174,5120,9662
9489.263,5121,9663
9490.891,5122,9664
9494.409,5123,9664
9495.256,5124,9664
9496.17,5125,9664
9496.873,5126,9664
9498.762,5127,9664
9500.879,5128,9664
9502.052,5129,9664
9506.9,5130,9664
9519.475,5131,9664
9520.042,5132,9664
9520.151,5133,9664
9525.186,5134,9664
9532.119,5135,9664
9533.424,5136,9664
9534.851,5137,9664
9537.967,5138,9664
9550.527,5139,9664
9551.467,5140,9664
9551.648,5141,9664
9551.834,5142,9664
9554.988,5143,9665
9556.498,5144,9665
9556.635,5145,9665
9568.103,5146,9665
9568.176,5147,9665
9569.292,5148,9665
9573.593,5149,9665
9578.193,5150,9665
9578.838,5151,9665
9579.248,5152,9665
9590.916,5153,9665
9606.705,5154,9666
9606.773,5155,9668
9609.351,5156,9668
9609.383,5157,9669
9609.436,5158,9671
9609.751,5159,9672
9610.206,5160,9672
9615.518,5161,9673
9616.554,5162,9674
9621.783,5163,9675
9624.23,5164,9675
9624.614,5165,9675
9627.245,5166,9676
9627.651,5167,9677
9633.696,5168,9678
9639.637,5169,9678
9642.614,5170,9678
9644.052,5171,9678
9644.167,5172,9678
9645.371,5173,9678
9645.678,5174,9678
9645.694,5175,9678
9647.576,5176,9678
9649.394,5177,9678
9650.671,5178,9678
9651.269,5179,9678
9652.732,5180,9678
9655.727,5181,9678
9663.676,5182,9678
9676.331,5183,9678
9677.248,5184,9678
9679.404,5185,9678
9683.02,5186,9678
9683.165,5187,9678
9683.267,5188,9678
9683.584,5189,9678
9684.829,5190,9678
9685.941,5191,9678
9692.531,5192,9678
9693.193,5193,9678
9699.565,5194,9678
9702.123,5195,9679
9703.91,5196,9679
9708.902,5197,9681
9716.146,5198,9681
9719.34,5199,9681
9721.365,5200,9682
9722.372,5201,9682
9722.415,5202,9682
9722.684,5203,9682
9723.71,5204,9682
9730.939,5205,9682
9730.954,5206,9682
9731.268,5207,9682
9732.054,5208,9682
9732.374,5209,9682
9738.044,5210,9682
9746.685,5211,9683
9760.191,5212,9688
9761.638,5213,9688
9765.223,5214,9688
9766.33,5215,9688
9776.023,5216,9688
9778.842,5217,9688
9779.774,5218,9688
9782.681,5219,9688
9795.361,5220,9688
9795.591,5221,9688
9795.698,5222,9688
9795.826,5223,9688
9795.96,5224,9689
9796.458,5225,9689
9798.282,5226,9689
9798.636,5227,9690
9798.668,5228,9696
9799.549,5229,9696
9800.767,5230,9696
9801.01,5231,9696
9803.213,5232,9696
9805.812,5233,9696
9815.378,5234,9696
9819.636,5235,9696
9819.743,5236,9697
9821.63,5237,9697
9826.256,5238,9697
9832.522,5239,9697
9832.539,5240,9697
9832.85,5241,9702
9832.894,5242,9703
9834.301,5243,9703
9835.637,5244,9703
9838.426,5245,9708
9839.547,5246,9709
9844.13,5247,9710
9844.468,5248,9710
9844.65,5249,9711
9848.171,5250,9711
9852.733,5251,9712
9856.755,5252,9714
9866.702,5253,9714
9877.678,5254,9715
9880.883,5255,9715
9881.472,5256,9716
9882.262,5257,9716
9884.519,5258,9716
9887.489,5259,9716
9888.953,5260,9716
9891.362,5261,9716
9893.22,5262,9716
9895.563,5263,9716
9895.936,5264,9716
9901.132,5265,9716
9904.512,5266,9717
9908.673,5267,9717
9923.11,5268,9718
9923.975,5269,9719
9927.469,5270,9721
9927.844,5271,9721
9928.916,5272,9722
9929.345,5273,9746
9929.88,5274,9747
9930.969,5275,9750
9933.158,5276,9751
9938.969,5277,9752
9940.241,5278,9754
9953.066,5279,9754
9954.937,5280,9754
9960.59,5281,9754
9963.108,5282,9754
9963.258,5283,9754
9968.033,5284,9754
9968.364,5285,9755
9968.747,5286,9756
9980.333,5287,9757
9980.486,5288,9759
9984.122,5289,9759
9985.029,5290,9761
9987.352,5291,9761
9989.718,5292,9761
9994.144,5293,9762
9994.158,5294,9763
9994.17,5295,9763
9994.359,5296,9765
9994.411,5297,9765
9994.717,5298,9765
9994.877,5299,9765
9995.928,5300,9766
9997.111,5301,9766
9997.13,5302,9766
9998.398,5303,9766
9998.527,5304,9766
9999.009,5305,9766
9999.097,5306,9766
9999.114,5307,9766
9999.565,5308,9766
9999.607,5309,9767
9999.752,5310,9768
10000.453,5311,9768
10004.258,5312,9770
10005.952,5313,9782
10009.107,5314,9782
10010.386,5315,9782
10015.624,5316,9783
10016.446,5317,9787
10020.415,5318,9787
10023.869,5319,9788
10027.096,5320,9788
10034.658,5321,9788
10034.717,5322,9788
10034.922,5323,9788
10036.689,5324,9788
10037.308,5325,9788
10037.552,5326,9788
10039.618,5327,9788
10048.191,5328,9788
10056.783,5329,9788
10062.191,5330,9788
10075.078,5331,9788
10084.01,5332,9788
10085.945,5333,9788
10086.686,5334,9788
10088.292,5335,9788
10088.6,5336,9788
10089.687,5337,9788
10091.099,5338,9788
10096.647,5339,9788
10096.812,5340,9788
10101.216,5341,9788
10102.788,5342,9789
10103.107,5343,9790
10103.822,5344,9790
10103.957,5345,9790
10104.283,5346,9791
10105.507,5347,9791
10105.53,5348,9793
10106.736,5349,9795
10107.156,5350,9797
10108.477,5351,9800
10108.797,5352,9802
10110.218,5353,9802
10117.146,5354,9802
10117.625,5355,9802
10119.328,5356,9802
10120.055,5357,9802
10123.866,5358,9809
10145.34,5359,9812
10145.524,5360,9812
10150.134,5361,9812
10150.27,5362,9812
10151.323,5363,9812
10159.794,5364,9813
10162.201,5365,9814
10162.395,5366,9815
10167.317,5367,9815
10167.423,5368,9815
10168.559,5369,9815
10169.402,5370,9815
10174.517,5371,9815
10177.565,5372,9816
10214.6,5373,9816
10226.578,5374,9820
10227.526,5375,9820
10228.446,5376,9820
10230.207,5377,9820
10232.831,5378,9820
10237.808,5379,9820
10238.093,5380,9820
10252.891,5381,9820
10255.922,5382,9820
10273.688,5383,9820
10285.024,5384,9823
10286.449,5385,9823
10286.61,5386,9823
10286.748,5387,9823
10287.039,5388,9823
10287.11,5389,9823
10287.31,5390,9823
10292.671,5391,9823
10294.124,5392,9823
10297.889,5393,9824
10303.146,5394,9824
10329.544,5395,9828
10329.774,5396,9829
10330.144,5397,9829
10330.2,5398,9830
10330.296,5399,9832
10332.05,5400,9832
10332.213,5401,9833
10342.109,5402,9833
10342.278,5403,9834
10352.445,5404,9835
10353.348,5405,9838
10355.261,5406,9843
10367.026,5407,9843
10368.204,5408,9843
10368.332,5409,9843
10368.782,5410,9843
10370.039,5411,9843
10376.626,5412,9843
10377.642,5413,9843
10381.405,5414,9843
10383.957,5415,9844
10413.257,5416,9845
10413.297,5417,9845
10413.674,5418,9847
10414.808,5419,9847
10421.559,5420,9849
10421.609,5421,9849
10421.644,5422,9850
10425.16,5423,9851
10425.349,5424,9851
10426.578,5425,9851
10427.309,5426,9851
10427.851,5427,9851
10429.579,5428,9851
10448.716,5429,9852
10456.09,5430,9852
10466.668,5431,9852
10466.72,5432,9852
10466.753,5433,9852
10466.77,5434,9852
10466.784,5435,9852
10466.796,5436,9852
10466.84,5437,9852
10466.961,5438,9852
10467.007,5439,9852
10467.033,5440,9852
10467.061,5441,9852
10467.243,5442,9852
10467.316,5443,9853
10467.332,5444,9854
10467.524,5445,9854
10467.55,5446,9854
10467.678,5447,9854
10468.7,5448,9854
10470.411,5449,9854
10477.488,5450,9854
10481.08,5451,9854
10484.264,5452,9854
10499.671,5453,9855
10501.597,5454,9855
10511.455,5455,9857
10511.478,5456,9858
10511.616,5457,9859
10512.256,5458,9866
10514.207,5459,9867
10515.008,5460,9870
10523.31,5461,9871
10523.635,5462,9872
10532.937,5463,9873
10540.654,5464,9873
10541.33,5465,9875
10541.774,5466,9876
10543.923,5467,9876
10546.638,5468,9876
10548.386,5469,9876
10551.468,5470,9876
10564.515,5471,9877
10566.799,5472,9878
10566.938,5473,9879
10573.256,5474,9879
10573.313,5475,9879
10573.619,5476,9881
10575.305,5477,9881
10576.514,5478,9881
10579.524,5479,9881
10580.42,5480,9881
10584.159,5481,9881
10586.582,5482,9881
10587.159,5483,9881
10587.888,5484,9881
10590.246,5485,9881
10596.667,5486,9881
10604.561,5487,9881
10605.075,5488,9882
10606.599,5489,9883
10607.391,5490,9883
10607.91,5491,9883
10610.351,5492,9883
10611.024,5493,9883
10612.544,5494,9883
10615.273,5495,9884
10627.838,5496,9885
10650.988,5497,9885
10659.544,5498,9885
10659.904,5499,9885
10661.381,5500,9885
10679.594,5501,9885
10692.473,5502,9885
10693.788,5503,9885
10693.833,5504,9885
10693.879,5505,9885
10694.386,5506,9885
10695.396,5507,9885
10695.592,5508,9885
10696.016,5509,9885
10696.253,5510,9885
10710.77,5511,9885
10728.975,5512,9885
10730.802,5513,9885
10731.065,5514,9885
10731.696,5515,9885
10731.748,5516,9885
10732.5,5517,9885
10742.848,5518,9885
10747.605,5519,9885
10760.719,5520,9886
10763.067,5521,9886
10763.108,5522,9886
10765.619,5523,9887
10766.641,5524,9887
10773.598,5525,9887
10787.859,5526,9887
10793.139,5527,9888
10794.91,5528,9888
10797.583,5529,9888
10808.527,5530,9888
10808.855,5531,9888
10810.14,5532,9888
10811.824,5533,9888
10811.873,5534,9888
10812.388,5535,9888
10813.145,5536,9888
10816.031,5537,9888
10817.916,5538,9888
10817.946,5539,9888
10823.873,5540,9888
10824.125,5541,9888
10824.275,5542,9888
10825.317,5543,9888
10832.815,5544,9888
10848.852,5545,9888
10853.057,5546,9888
10858.122,5547,9888
10861.709,5548,9888
10871.014,5549,9890
10887.952,5550,9891
10889.567,5551,9892
10893.385,5552,9892
10894.224,5553,9892
10894.321,5554,9892
10894.763,5555,9892
10895.548,5556,9892
10895.732,5557,9892
10896.747,5558,9892
10903.08,5559,9893
10907.846,5560,9893
10913.449,5561,9893
10913.578,5562,9893
10915.975,5563,9893
10920.425,5564,9893
10921.767,5565,9893
10922.431,5566,9893
10923.562,5567,9893
10957.89,5568,9893
10958.651,5569,9894
10959.312,5570,9894
10962.279,5571,9894
10970.387,5572,9894
10977.392,5573,9894
10986.663,5574,9894
10988.862,5575,9894
10998.833,5576,9894
11000.944,5577,9894
11008.941,5578,9894
11009.109,5579,9894
11009.323,5580,9894
11011.773,5581,9894
11012.669,5582,9894
11013.068,5583,9894
11017.226,5584,9894
11019.274,5585,9894
11031.619,5586,9894
11045.132,5587,9894
11045.36,5588,9894
11045.395,5589,9894
11045.817,5590,9894
11046.022,5591,9894
11046.458,5592,9894
11049.604,5593,9894
11051.011,5594,9894
11054.119,5595,9894
11059.637,5596,9894
11084.702,5597,9895
11096.454,5598,9895
11119.616,5599,9895
11122.465,5600,9897
11124.423,5601,9897
11134.855,5602,9898
11134.961,5603,9898
11145.788,5604,9898
11146.588,5605,9898
11149.638,5606,9899
11150.503,5607,9899
11151.606,5608,9899
11151.644,5609,9899
11154.336,5610,9899
11159.772,5611,9899
11161.555,5612,9899
11167.991,5613,9899
11180.836,5614,9899
11211.985,5615,9899
11218.673,5616,9899
11218.772,5617,9899
11225.917,5618,9899
11226.145,5619,9899
11227.332,5620,9899
11250.97,5621,9899
11251.077,5622,9899
11251.458,5623,9899
11257.739,5624,9899
11264.491,5625,9899
11265.979,5626,9899
11267.738,5627,9899
11267.839,5628,9899
11282.521,5629,9899
11298.782,5630,9900
11340.07,5631,9901
11341.515,5632,9901
11346.912,5633,9902
11347.542,5634,9902
11351.701,5635,9902
11364.242,5636,9905
11374.575,5637,9905
11376.637,5638,9905
11376.668,5639,9905
11376.753,5640,9905
11376.8,5641,9905
11376.927,5642,9905
11376.949,5643,9906
11377.49,5644,9906
11377.718,5645,9906
11377.875,5646,9906
11377.916,5647,9906
11378.453,5648,9906
11378.957,5649,9906
11379.549,5650,9906
11380.396,5651,9907
11380.462,5652,9907
11381.732,5653,9907
11383.186,5654,9907
11384.039,5655,9907
11384.974,5656,9907
11384.994,5657,9907
11387.039,5658,9908
11388.872,5659,9908
11389.034,5660,9908
11389.227,5661,9909
11390.598,5662,9909
11390.817,5663,9909
11391.44,5664,9929
11394.202,5665,9929
11394.946,5666,9929
11397.734,5667,9929
11398.816,5668,9930
11400.176,5669,9930
11400.201,5670,9930
11402.248,5671,9930
11402.83,5672,9930
11410.041,5673,9930
11418.36,5674,9930
11426.42,5675,9930
11433.035,5676,9930
11456.146,5677,9930
11457.91,5678,9930
11459.707,5679,9930
11464.017,5680,9930
11468.959,5681,9930
11469.065,5682,9930
11469.798,5683,9930
11469.869,5684,9930
11469.89,5685,9930
11469.909,5686,9930
11469.931,5687,9930
11469.953,5688,9930
11469.974,5689,9930
11469.995,5690,9930
11470.016,5691,9930
11470.035,5692,9930
11470.057,5693,9930
11470.078,5694,9930
11470.099,5695,9930
11470.12,5696,9930
11470.142,5697,9930
11470.163,5698,9930
11470.184,5699,9930
11470.206,5700,9930
11471.116,5701,9930
11473.745,5702,9931
11479.957,5703,9931
11483.264,5704,9932
11497.341,5705,9932
11503.472,5706,9933
11506.844,5707,9933
11517.204,5708,9934
11535.831,5709,9934
11545.61,5710,9934
11569.2,5711,9935
11569.915,5712,9935
11569.971,5713,9935
11575.245,5714,9935
11575.584,5715,9935
11587.487,5716,9935
11589.923,5717,9935
11628.237,5718,9935
11628.293,5719,9935
11655.392,5720,9935
11655.666,5721,9936
11657.985,5722,9936
11658.206,5723,9937
11659.543,5724,9937
11666.778,5725,9937
11677.274,5726,9937
11691.849,5727,9937
11692.443,5728,9937
11694.179,5729,9937
11701.96,5730,9937
11702.959,5731,9937
11703.64,5732,9937
11703.907,5733,9937
11704.393,5734,9937
11704.711,5735,9937
11705.425,5736,9937
11706.557,5737,9937
11707.46,5738,9937
11707.994,5739,9937
11708.669,5740,9939
11709.245,5741,9939
11710.736,5742,9939
11713.084,5743,9939
11713.369,5744,9939
11715.275,5745,9940
11737.148,5746,9940
11742.404,5747,9940
11762.371,5748,9940
11779.059,5749,9940
11785.56,5750,9940
11787.364,5751,9940
11787.387,5752,9940
11787.916,5753,9940
11787.957,5754,9941
11788.065,5755,9941
11789.84,5756,9941
11790.416,5757,9941
11792.122,5758,9941
11792.641,5759,9942
11792.682,5760,9943
11794.112,5761,9943
11810.491,5762,9944
11810.608,5763,9944
11810.845,5764,9944
11810.878,5765,9944
11813.708,5766,9944
11814.22,5767,9944
11814.55,5768,9948
11816.491,5769,9948
11827.671,5770,9948
11828.851,5771,9948
11835.803,5772,9948
11845.311,5773,9948
11845.41,5774,9970
11845.437,5775,9970
11845.727,5776,9970
11845.788,5777,9970
11845.809,5778,9970
11846.166,5779,9970
11846.358,5780,9970
11846.408,5781,9970
11846.765,5782,9970
11847.032,5783,9970
11847.474,5784,9970
11847.57,5785,9970
11847.838,5786,9970
11848.064,5787,9970
11848.194,5788,9970
11848.267,5789,9970
11848.34,5790,9970
11848.426,5791,9970
11849.382,5792,9970
11849.901,5793,9970
11849.921,5794,9970
11850.309,5795,9970
11850.972,5796,9970
11851.155,5797,9970
11851.517,5798,9970
11851.984,5799,9970
11852.631,5800,9970
11853.594,5801,9972
11853.941,5802,9972
11854.044,5803,9972
11854.34,5804,9972
11854.643,5805,9972
11854.813,5806,9972
11855.278,5807,9972
11856.292,5808,9972
11857.927,5809,9972
11867.984,5810,9972
11868.956,5811,9972
11870.248,5812,9974
11875.769,5813,9974
11875.814,5814,9974
11875.829,5815,9974
11876.82,5816,9975
11877.455,5817,9975
11878.748,5818,9975
11880.394,5819,9975
11881.126,5820,9975
11881.488,5821,9975
11881.779,5822,9975
11884.431,5823,9975
11892.783,5824,9975
11893.434,5825,9975
11894.039,5826,9975
11895.086,5827,9977
11895.335,5828,9978
11896.39,5829,9978
11899.995,5830,9978
11901.345,5831,9980
11902.041,5832,9981
11902.263,5833,9981
11903.204,5834,9981
11905.722,5835,9981
11906.975,5836,9981
11907.581,5837,9981
11907.603,5838,9981
11907.691,5839,9981
11908.499,5840,9982
11908.836,5841,9982
11910.01,5842,9982
11911.235,5843,9982
11914.816,5844,9982
11919.45,5845,9982
11921.725,5846,9982
11923.659,5847,9982
11925.404,5848,9982
11928.403,5849,9982
11932.166,5850,9982
11938.693,5851,9982
11942.218,5852,9982
11943.755,5853,9984
11944.361,5854,9987
11945.919,5855,9987
11959.298,5856,9987
11959.369,5857,9987
11959.553,5858,9987
11960.954,5859,9987
11961.027,5860,9987
11961.231,5861,9987
11961.267,5862,9987
11961.309,5863,9987
11961.337,5864,9987
11961.42,5865,9987
11961.434,5866,9987
11961.513,5867,9987
11961.586,5868,9988
11962.961,5869,9988
11971.997,5870,9988
11972.019,5871,9988
11978.399,5872,9988
11986.465,5873,9989
11987.83,5874,9989
11988.078,5875,9989
11988.129,5876,9989
11988.433,5877,9989
11989.097,5878,9989
11989.711,5879,9989
11990.519,5880,9989
11990.622,5881,9992
11991.243,5882,9992
11991.423,5883,9992
11991.762,5884,9992
11998.701,5885,9992
11999.443,5886,9992
12004.881,5887,9993
12004.917,5888,9993
12006.595,5889,9994
12006.715,5890,9994
12007.163,5891,9995
12007.302,5892,9996
12007.318,5893,9996
12007.704,5894,9997
12007.721,5895,9997
12007.862,5896,9998
12008.249,5897,9999
12009.32,5898,10000
12009.396,5899,10001
12011.996,5900,10002
12016.721,5901,10002
12017.066,5902,10002
12018.38,5903,10002
12021.075,5904,10003
12023.526,5905,10003
12023.846,5906,10003
12025.232,5907,10003
12028.454,5908,10003
12028.699,5909,10003
12029.058,5910,10003
12033.339,5911,10003
12034.491,5912,10003
12037.95,5913,10003
12039.267,5914,10003
12045.139,5915,10004
12047.628,5916,10004
12058.182,5917,10004
12062.067,5918,10004
12072.947,5919,10015
12081.887,5920,10017
12091.039,5921,10017
12101.109,5922,10017
12102.897,5923,10017
12105.334,5924,10019
12120.647,5925,10020
12126.41,5926,10020
12129.432,5927,10020
12129.51,5928,10020
12131.779,5929,10020
12140.699,5930,10020
12142.178,5931,10020
12145.69,5932,10020
12147.909,5933,10020
12148.036,5934,10020
12187.19,5935,10020
12195.341,5936,10020
12197.108,5937,10020
12197.129,5938,10020
12197.14,5939,10020
12197.186,5940,10020
12197.333,5941,10020
12197.558,5942,10020
12198.72,5943,10020
12199.475,5944,10020
12199.702,5945,10020
12207.492,5946,10020
12208.135,5947,10020
12218.696,5948,10020
12237.028,5949,10022
12259.398,5950,10022
12272.801,5951,10022
12275.125,5952,10022
12365.149,5953,10022
12371.56,5954,10022
12377.177,5955,10022
12380.939,5956,10022
12382.392,5957,10022
12395.139,5958,10022
12395.212,5959,10022
12423.958,5960,10022
12426.144,5961,10022
12426.23,5962,10022
12428.552,5963,10022
12452.136,5964,10023
12494.027,5965,10023
12495.435,5966,10023
12524.386,5967,10023
12541.52,5968,10023
12552.024,5969,10023
12552.031,5970,10023
12552.728,5971,10025
12553.052,5972,10027
12553.35,5973,10027
12554.621,5974,10027
12554.707,5975,10027
12554.923,5976,10027
12555.946,5977,10027
12558.84,5978,10027
12563.04,5979,10028
12563.463,5980,10028
12564.996,5981,10028
12581.131,5982,10029
12581.292,5983,10029
12581.317,5984,10029
12581.372,5985,10029
12581.932,5986,10029
12583.612,5987,10029
12583.701,5988,10029
12585.697,5989,10029
12587.335,5990,10029
12599.979,5991,10029
12636.148,5992,10029
12649.102,5993,10029
12667.637,5994,10029
12667.702,5995,10029
12679.851,5996,10029
12680.119,5997,10029
12686.819,5998,10029
12690.73,5999,10029
12691.15,6000,10029
12696.818,6001,10029
12702.428,6002,10031
12703.584,6003,10031
12716.593,6004,10031
12730.203,6005,10031
12737.43,6006,10031
12758.76,6007,10031
12759.216,6008,10031
12759.255,6009,10031
12759.35,6010,10031
12760.049,6011,10031
12761.554,6012,10031
12761.935,6013,10031
12762.649,6014,10031
12762.868,6015,10031
12763.22,6016,10031
12765.13,6017,10031
12791.069,6018,10031
12809.392,6019,10031
12830.232,6020,10031
12866.294,6021,10031
12868.17,6022,10031
12868.23,6023,10031
12868.372,6024,10031
12868.519,6025,10031
12868.996,6026,10031
12872.308,6027,10031
12872.527,6028,10031
12875.861,6029,10031
12877.413,6030,10031
12878.553,6031,10031
12879.287,6032,10031
12894.161,6033,10031
12894.523,6034,10031
12895.03,6035,10031
12895.148,6036,10031
12896.139,6037,10031
12898.82,6038,10031
12899.155,6039,10031
12899.497,6040,10031
12900.253,6041,10031
12901.677,6042,10031
12902.545,6043,10031
12913.011,6044,10033
12929.289,6045,10033
12949.044,6046,10033
12951.281,6047,10034
12992.817,6048,10034
12992.91,6049,10034
12993.444,6050,10034
12995.152,6051,10034
12995.173,6052,10035
12995.207,6053,10036
13041.169,6054,10036
13042.31,6055,10036
13042.599,6056,10038
13051.686,6057,10038
13054.494,6058,10038
13055.562,6059,10038
13057.39,6060,10038
13091.681,6061,10038
13092.638,6062,10038
13093.344,6063,10038
13093.628,6064,10038
13094.595,6065,10038
13098.219,6066,10038
13098.732,6067,10038
13114.027,6068,10039
13115.477,6069,10039
13122.931,6070,10039
13129.404,6071,10039
13129.55,6072,10039
13130.155,6073,10040
13130.913,6074,10041
13131.033,6075,10041
13131.656,6076,10043
13132.739,6077,10044
13146.551,6078,10045
13159.012,6079,10045
13159.474,6080,10045
13161.08,6081,10045
13161.199,6082,10045
13181.178,6083,10045
13181.663,6084,10045
13181.722,6085,10045
13194.25,6086,10045
13214.797,6087,10045
13237.816,6088,10045
13311.007,6089,10045
13311.044,6090,10045
13311.335,6091,10045
13311.762,6092,10045
13311.822,6093,10045
13311.894,6094,10045
13313.198,6095,10047
13314.359,6096,10048
13324.096,6097,10048
13342.862,6098,10048
13343.66,6099,10049
13360.78,6100,10049
13363.382,6101,10050
13384.335,6102,10052
13384.384,6103,10052
13384.407,6104,10052
13384.589,6105,10052
13384.702,6106,10052
13384.878,6107,10055
13385.02,6108,10055
13385.064,6109,10055
13385.268,6110,10055
13385.366,6111,10055
13385.526,6112,10055
13385.561,6113,10055
13385.899,6114,10055
13385.964,6115,10056
13386.317,6116,10056
13386.839,6117,10056
13387.144,6118,10056
13387.221,6119,10056
13387.663,6120,10056
13387.969,6121,10056
13388.204,6122,10056
13388.701,6123,10056
13388.82,6124,10056
13389.519,6125,10056
13391.888,6126,10056
13393.674,6127,10056
13395.122,6128,10056
13404.3,6129,10056
13416.863,6130,10056
13417.115,6131,10056
13447.38,6132,10056
13447.657,6133,10056
13452.778,6134,10056
13466.63,6135,10056
13467.224,6136,10056
13476.222,6137,10056
13487.727,6138,10056
13501.171,6139,10056
13508.778,6140,10056
13516.484,6141,10059
13516.89,6142,10059
13524.01,6143,10060
13572.479,6144,10060
13574.096,6145,10060
13574.41,6146,10060
13577.198,6147,10061
13577.223,6148,10061
13577.55,6149,10061
13579.627,6150,10061
13582.36,6151,10061
13584.685,6152,10061
13584.737,6153,10061
13588.157,6154,10061
13690.518,6155,10062
13690.616,6156,10062
13697.382,6157,10062
13714.034,6158,10062
13722.862,6159,10062
13722.962,6160,10062
13737.965,6161,10066
13740.265,6162,10066
13757.17,6163,10066
13757.276,6164,10068
13757.703,6165,10069
13758.03,6166,10071
13759.213,6167,10072
13762.895,6168,10075
13763.171,6169,10077
13763.879,6170,10077
13765.653,6171,10078
13771.312,6172,10079
13779.743,6173,10080
13795.695,6174,10080
13824.651,6175,10080
13829.574,6176,10081
13835.309,6177,10081
13835.793,6178,10081
13842.708,6179,10081
13849.881,6180,10081
13852.408,6181,10081
13856.424,6182,10081
13856.916,6183,10090
13860.095,6184,10091
13860.111,6185,10092
13860.275,6186,10092
13860.35,6187,10092
13862.649,6188,10092
13864.757,6189,10094
13868.647,6190,10094
13869.378,6191,10094
13872.653,6192,10094
13873.265,6193,10094
13874.85,6194,10094
13875.089,6195,10094
13875.916,6196,10094
13876.866,6197,10094
13877.342,6198,10094
13877.949,6199,10094
13882.101,6200,10096
13884.457,6201,10096
13885.604,6202,10096
13886.178,6203,10096
13894.59,6204,10096
13896.72,6205,10096
13898.041,6206,10096
13898.991,6207,10096
13900.396,6208,10096
13901.978,6209,10096
13909.717,6210,10096
13914.498,6211,10097
13916.658,6212,10097
13918.525,6213,10097
13935.23,6214,10104
13936.053,6215,10105
13936.497,6216,10106
13936.646,6217,10107
13937.134,6218,10107
13937.783,6219,10108
13938.441,6220,10109
13948.523,6221,10109
14004.276,6222,10109
14004.567,6223,10109
14029.616,6224,10110
14035.964,6225,10110
14038.754,6226,10111
14043.909,6227,10111
14043.968,6228,10111
14061.099,6229,10111
14061.249,6230,10111
14074.685,6231,10111
14074.696,6232,10111
14074.956,6233,10111
14076.278,6234,10111
14128.205,6235,10111
14128.232,6236,10111
14128.264,6237,10111
14129.91,6238,10111
14129.953,6239,10111
14129.992,6240,10111
14130.023,6241,10111
14130.548,6242,10111
14130.701,6243,10111
14130.86,6244,10111
14131.123,6245,10111
14131.702,6246,10111
14132.035,6247,10111
14133.698,6248,10111
14135.601,6249,10111
14135.922,6250,10111
14138.567,6251,10111
14140.756,6252,10111
14143.983,6253,10111
14156.825,6254,10112
14157.797,6255,10112
14181.63,6256,10112
14193.824,6257,10112
14195.55,6258,10112
14195.705,6259,10112
14197.247,6260,10112
14198.043,6261,10112
14200.629,6262,10113
14204.772,6263,10113
14205.012,6264,10113
14231.18,6265,10113
14231.271,6266,10113
14232.386,6267,10113
14235.938,6268,10113
14236.751,6269,10115
14240.724,6270,10115
14243.307,6271,10115
14243.869,6272,10115
14245.249,6273,10115
14254.057,6274,10115
14261.57,6275,10115
14278.799,6276,10115
14299.191,6277,10115
14300.459,6278,10115
14300.668,6279,10116
14301.997,6280,10116
14302.211,6281,10116
14302.493,6282,10116
14303.481,6283,10116
14303.739,6284,10116
14304.459,6285,10116
14305.496,6286,10116
14305.58,6287,10116
14305.929,6288,10116
14306.901,6289,10116
14309.621,6290,10116
14310.293,6291,10116
14310.888,6292,10123
14316.51,6293,10124
14316.821,6294,10125
14346.334,6295,10126
14347.925,6296,10126
14353.769,6297,10126
14357.932,6298,10127
14365.432,6299,10127
14366.985,6300,10127
14380.52,6301,10127
14380.742,6302,10127
14381.139,6303,10127
14381.622,6304,10128
14381.816,6305,10130
14382.073,6306,10131
14382.111,6307,10131
14382.28,6308,10131
14383.956,6309,10131
14384.027,6310,10131
14384.66,6311,10131
14385.442,6312,10131
14391.303,6313,10131
14407.682,6314,10131
14407.925,6315,10131
14413.747,6316,10131
14417.587,6317,10131
14426.97,6318,10131
14427.233,6319,10133
14444.643,6320,10133
14446.433,6321,10133
14462.264,6322,10135
14475.971,6323,10136
14476.66,6324,10136
14477.924,6325,10136
14487.279,6326,10137
14494.062,6327,10139
14494.988,6328,10140
14512.123,6329,10140
14512.202,6330,10140
14512.277,6331,10140
14513.729,6332,10140
14514.125,6333,10140
14514.218,6334,10140
14514.273,6335,10140
14515.328,6336,10140
14516.693,6337,10140
14520.207,6338,10140
14521.607,6339,10141
14549.118,6340,10142
14549.193,6341,10142
14550.058,6342,10142
14572.922,6343,10142
14573.076,6344,10142
14580.465,6345,10142
14580.474,6346,10142
14582.549,6347,10142
14582.858,6348,10142
14585.404,6349,10142
14587.217,6350,10142
14587.242,6351,10143
14607.376,6352,10143
14607.708,6353,10143
14634.144,6354,10143
14634.696,6355,10144
14640.709,6356,10144
14642.194,6357,10144
14645.78,6358,10144
14647.317,6359,10144
14647.653,6360,10144
14648.501,6361,10144
14648.705,6362,10144
14652.317,6363,10144
14653.23,6364,10144
14658.384,6365,10144
14661.791,6366,10144
14663.459,6367,10145
14672.091,6368,10145
14685.706,6369,10145
14713.552,6370,10145
14720.735,6371,10146
14720.81,6372,10147
14768.879,6373,10147
14777.08,6374,10147
14812.795,6375,10147
14834.433,6376,10147
14849.431,6377,10147
14852.105,6378,10147
14865.675,6379,10148
14865.683,6380,10149
14879.753,6381,10149
14899.319,6382,10149
14899.349,6383,10149
14899.916,6384,10149
14902.911,6385,10150
14904.603,6386,10150
14905.576,6387,10151
14906.068,6388,10151
14908.741,6389,10154
14910.664,6390,10154
14911.221,6391,10155
14913.071,6392,10155
14940.983,6393,10157
14951.4,6394,10157
14956.844,6395,10157
14956.862,6396,10157
14956.916,6397,10157
14957.12,6398,10157
14958.984,6399,10157
14959.831,6400,10157
14966.821,6401,10157
14984.151,6402,10157
14985.597,6403,10158
15007.965,6404,10158
15035.86,6405,10158
15042.05,6406,10158
15062.096,6407,10158
15085.032,6408,10158
15087.808,6409,10158
15088.494,6410,10158
15088.833,6411,10158
15094.29,6412,10158
15096.439,6413,10158
15096.925,6414,10158
15098.957,6415,10158
15100.549,6416,10158
15109.99,6417,10158
15110.646,6418,10158
15113.413,6419,10159
15119.904,6420,10159
15140.243,6421,10159
15144.763,6422,10159
15149.684,6423,10159
15149.701,6424,10159
15151.442,6425,10159
15151.464,6426,10159
15151.645,6427,10159
15152.041,6428,10159
15158.231,6429,10159
15158.603,6430,10161
15159.166,6431,10162
15160.239,6432,10162
15161.286,6433,10162
15161.369,6434,10162
15162.459,6435,10162
15165.296,6436,10163
15166.292,6437,10164
15166.315,6438,10164
15180.124,6439,10164
15193.549,6440,10164
15193.58,6441,10164
15194.027,6442,10164
15202.416,6443,10164
15203.286,6444,10164
15253.938,6445,10164
15254.628,6446,10164
15254.821,6447,10164
15256.223,6448,10164
15257.454,6449,10164
15260.728,6450,10164
15262.121,6451,10164
15265.367,6452,10164
15271.837,6453,10164
15271.977,6454,10164
15272.478,6455,10164
15272.497,6456,10164
15272.7,6457,10164
15273.057,6458,10164
15274.532,6459,10164
15280.342,6460,10165
15283.23,6461,10165
15286.018,6462,10165
15307.173,6463,10165
15307.228,6464,10165
15369.572,6465,10165
15383.992,6466,10165
15404.8,6467,10168
15411.548,6468,10168
15417.59,6469,10168
15445.363,6470,10169
15445.761,6471,10169
15452.695,6472,10169
15474.148,6473,10170
15487.248,6474,10170
15487.989,6475,10170
15488.314,6476,10174
15491.714,6477,10175
15496.872,6478,10176
15497.539,6479,10177
15499.12,6480,10177
15504.885,6481,10177
15517.304,6482,10177
15522.534,6483,10177
15525.65,6484,10177
15532.796,6485,10177
15571.892,6486,10178
15582.486,6487,10178
15614.099,6488,10178
15629.85,6489,10178
15631.422,6490,10178
15661.138,6491,10178
15678.756,6492,10178
15679.094,6493,10179
15721.531,6494,10179
15721.606,6495,10180
15730.944,6496,10181
15731.756,6497,10181
15742.763,6498,10182
15742.868,6499,10183
15773.01,6500,10184
15773.036,6501,10184
15780.776,6502,10185
15781.769,6503,10186
15782.421,6504,10186
15784.565,6505,10186
15785.184,6506,10186
15788.368,6507,10186
15788.614,6508,10186
15803.393,6509,10187
15810.322,6510,10187
15825.567,6511,10189
15842.548,6512,10189
15842.57,6513,10189
15842.813,6514,10190
15842.958,6515,10190
15843.171,6516,10191
15843.194,6517,10191
15843.23,6518,10191
15843.656,6519,10191
15844.027,6520,10191
15844.478,6521,10191
15844.664,6522,10191
15844.695,6523,10191
15846.421,6524,10191
15847.097,6525,10191
15847.344,6526,10191
15847.828,6527,10192
15848.737,6528,10192
15848.857,6529,10192
15851.632,6530,10192
15852.225,6531,10192
15870.08,6532,10192
15870.995,6533,10192
15871.061,6534,10192
15871.841,6535,10192
15871.873,6536,10192
15871.931,6537,10192
15872.262,6538,10192
15872.509,6539,10192
15872.779,6540,10192
15881.559,6541,10192
15883.774,6542,10192
15886.291,6543,10193
15887.331,6544,10194
15888.84,6545,10194
15889.971,6546,10194
15890.175,6547,10194
15906.115,6548,10194
15906.929,6549,10196
15916.081,6550,10196
15920.119,6551,10196
15920.143,6552,10196
15923.626,6553,10197
15945.768,6554,10200
15963.245,6555,10200
15973.268,6556,10200
15973.944,6557,10200
15973.96,6558,10200
15975.459,6559,10200
15975.538,6560,10200
15975.569,6561,10200
15976.034,6562,10200
15976.198,6563,10200
15976.387,6564,10200
15976.796,6565,10200
15979.946,6566,10200
15980.206,6567,10200
15980.65,6568,10200
15983.758,6569,10200
15986.69,6570,10200
15989.889,6571,10200
15990.563,6572,10200
15990.638,6573,10200
16012.284,6574,10200
16012.901,6575,10200
16013.994,6576,10200
16014.144,6577,10200
16014.604,6578,10200
16018.85,6579,10200
16018.931,6580,10200
16030.049,6581,10200
16046.462,6582,10200
16063.657,6583,10200
16067.673,6584,10200
16071.91,6585,10200
16071.926,6586,10200
16072.008,6587,10200
16073.573,6588,10200
16074.428,6589,10201
16074.906,6590,10201
16075.667,6591,10202
16083.326,6592,10202
16092.652,6593,10203
16110.219,6594,10203
16110.578,6595,10203
16134.522,6596,10203
16136.168,6597,10203
16144.28,6598,10203
16154.023,6599,10206
16158.75,6600,10206
16158.868,6601,10206
16159.414,6602,10206
16160.363,6603,10206
16161.917,6604,10207
16162.014,6605,10207
16166.791,6606,10207
16168.102,6607,10207
16169.332,6608,10207
16169.503,6609,10207
16169.881,6610,10207
16173.07,6611,10207
16173.168,6612,10207
16173.428,6613,10207
16173.808,6614,10207
16174.417,6615,10207
16178.839,6616,10208
16183.203,6617,10209
16186.188,6618,10209
16187.01,6619,10209
16187.943,6620,10209
16188.171,6621,10209
16188.838,6622,10209
16188.866,6623,10209
16189.209,6624,10209
16190.298,6625,10209
16190.374,6626,10209
16190.627,6627,10209
16190.721,6628,10211
16194.618,6629,10211
16194.851,6630,10211
16197.785,6631,10211
16199.381,6632,10211
16202.267,6633,10211
16208.029,6634,10211
16208.084,6635,10211
16208.098,6636,10211
16213.077,6637,10211
16213.791,6638,10211
16223.417,6639,10212
16224.224,6640,10212
16228.165,6641,10212
16238.224,6642,10212
16239.496,6643,10212
16239.974,6644,10212
16240.015,6645,10212
16241.153,6646,10212
16241.193,6647,10212
16241.208,6648,10212
16241.415,6649,10212
16241.812,6650,10212
16241.849,6651,10212
16247.07,6652,10212
16247.776,6653,10212
16252.681,6654,10212
16259.65,6655,10212
16262.96,6656,10212
16275.095,6657,10212
16278.269,6658,10212
16278.305,6659,10212
16278.669,6660,10212
16292.371,6661,10212
16294.048,6662,10212
16298.689,6663,10212
16311.239,6664,10212
16318.819,6665,10212
16326.596,6666,10212
16326.9,6667,10212
16330.305,6668,10212
16330.392,6669,10212
16332.685,6670,10212
16333.087,6671,10213
16333.198,6672,10213
16333.98,6673,10213
16334.32,6674,10213
16334.959,6675,10213
16336.383,6676,10215
16337.214,6677,10215
16337.369,6678,10215
16337.485,6679,10215
16340.091,6680,10216
16340.873,6681,10216
16340.984,6682,10216
16341.045,6683,10216
16343.055,6684,10216
16343.65,6685,10216
16347.897,6686,10216
16351.385,6687,10217
16353.975,6688,10218
16355.564,6689,10218
16356.864,6690,10218
16364.695,6691,10218
16368.216,6692,10218
16368.277,6693,10218
16368.752,6694,10218
16381.911,6695,10218
16382.116,6696,10218
16382.264,6697,10218
16384.378,6698,10218
16386.508,6699,10218
16392.491,6700,10218
16404.961,6701,10218
16406.234,6702,10218
16426.489,6703,10218
16437.108,6704,10218
16446.243,6705,10218
16451.965,6706,10218
16452.011,6707,10218
16453.676,6708,10218
16454.281,6709,10218
16454.944,6710,10218
16455.866,6711,10218
16458.566,6712,10218
16464.169,6713,10218
16464.431,6714,10218
16467.34,6715,10218
16495.963,6716,10218
16496.015,6717,10218
16496.085,6718,10218
16496.093,6719,10218
16496.124,6720,10218
16496.142,6721,10218
16496.225,6722,10218
16496.281,6723,10218
16496.424,6724,10218
16496.616,6725,10218
16496.65,6726,10218
16496.708,6727,10218
16496.785,6728,10218
16498.131,6729,10218
16514.001,6730,10218
16536.614,6731,10218
16537.978,6732,10218
16564.443,6733,10218
16571.084,6734,10218
16577.073,6735,10219
16577.311,6736,10219
16577.765,6737,10220
16584.429,6738,10220
16584.481,6739,10220
16584.506,6740,10220
16585.563,6741,10220
16585.925,6742,10220
16587.016,6743,10220
16587.807,6744,10220
16589.493,6745,10220
16590.112,6746,10220
16590.668,6747,10220
16592.347,6748,10220
16594.752,6749,10220
16595.511,6750,10220
16595.564,6751,10220
16597.84,6752,10220
16600.409,6753,10220
16605.171,6754,10220
16610.212,6755,10220
16624.486,6756,10220
16641.833,6757,10221
16660.908,6758,10221
16661.065,6759,10222
16661.15,6760,10223
16661.824,6761,10223
16673.013,6762,10223
16674.799,6763,10223
16675.414,6764,10223
16681.909,6765,10223
16682.011,6766,10223
16698.186,6767,10223
16700.098,6768,10223
16700.244,6769,10223
16707.224,6770,10223
16722.358,6771,10223
16723.5,6772,10223
16723.683,6773,10223
16723.788,6774,10223
16724.021,6775,10223
16724.321,6776,10223
16738.073,6777,10223
16744.007,6778,10223
16744.054,6779,10224
16745.368,6780,10224
16745.701,6781,10225
16749.971,6782,10225
16752.006,6783,10227
16752.13,6784,10227
16752.851,6785,10228
16754.001,6786,10228
16755.612,6787,10228
16763.135,6788,10228
16779.495,6789,10228
16785.929,6790,10229
16786.725,6791,10229
16787.256,6792,10229
16788.615,6793,10230
16789.348,6794,10230
16790.881,6795,10230
16793.301,6796,10230
16794.568,6797,10230
16800.175,6798,10230
16808.745,6799,10230
16813.874,6800,10230
16815.555,6801,10230
16833.463,6802,10230
16844.384,6803,10230
16844.505,6804,10230
16846.098,6805,10230
16850.131,6806,10230
16850.956,6807,10230
16856.021,6808,10230
16889.181,6809,10230
16913.674,6810,10230
16923.366,6811,10230
16923.692,6812,10230
16924.295,6813,10231
16925.855,6814,10232
16926.29,6815,10232
16929.27,6816,10232
16932.759,6817,10232
16945.951,6818,10232
16950.659,6819,10232
16952.88,6820,10232
16952.954,6821,10232
16952.995,6822,10232
16953.037,6823,10232
16954.408,6824,10238
16956.487,6825,10238
16957.421,6826,10238
16961.592,6827,10238
16965.623,6828,10238
16968.213,6829,10238
16968.662,6830,10238
16973.664,6831,10238
16991.257,6832,10238
16997.556,6833,10238
16999.908,6834,10238
17007.723,6835,10238
17008.779,6836,10238
17009.665,6837,10238
17010.692,6838,10239
17010.83,6839,10239
17017.389,6840,10239
17017.408,6841,10239
17039.803,6842,10239
17061.796,6843,10240
17062.717,6844,10240
17062.737,6845,10240
17062.796,6846,10240
17063.009,6847,10240
17063.05,6848,10240
17063.218,6849,10240
17064.474,6850,10242
17068.497,6851,10242
17075.048,6852,10242
17076.253,6853,10242
17076.353,6854,10243
17084.169,6855,10243
17085.063,6856,10243
17094.867,6857,10243
17098.606,6858,10243
17112.309,6859,10243
17117.222,6860,10243
17132.874,6861,10243
17132.964,6862,10243
17133.024,6863,10243
17133.843,6864,10243
17170.69,6865,10243
17177.483,6866,10243
17177.517,6867,10243
17177.656,6868,10243
17177.868,6869,10243
17178.032,6870,10243
17182.929,6871,10243
17184.545,6872,10243
17195.695,6873,10243
17204.827,6874,10243
17204.97,6875,10243
17205.237,6876,10243
17205.492,6877,10243
17205.694,6878,10243
17205.865,6879,10243
17205.912,6880,10243
17206.248,6881,10243
17206.592,6882,10243
17207.951,6883,10243
17208.182,6884,10243
17217.106,6885,10243
17218.557,6886,10243
17218.732,6887,10243
17218.957,6888,10243
17219.507,6889,10243
17230.327,6890,10243
17230.739,6891,10243
17231.364,6892,10243
17231.401,6893,10243
17231.474,6894,10243
17233.234,6895,10243
17233.559,6896,10243
17234.909,6897,10243
17236.967,6898,10243
17237.588,6899,10243
17253.579,6900,10243
17265.665,6901,10243
17268.603,6902,10243
17291.21,6903,10243
17297.586,6904,10243
17308.188,6905,10243
17314.819,6906,10243
17314.998,6907,10243
17319.225,6908,10243
17319.241,6909,10243
17342.265,6910,10243
17404.804,6911,10243
17404.828,6912,10243
17451.819,6913,10243
17452.642,6914,10244
17459.674,6915,10244
17507.823,6916,10244
17511.966,6917,10244
17512.763,6918,10244
17513.152,6919,10244
17513.946,6920,10244
17526.106,6921,10244
17527.552,6922,10244
17527.571,6923,10244
17533.882,6924,10244
17544.769,6925,10244
17563.947,6926,10244
17565.532,6927,10244
17574.725,6928,10244
17575.226,6929,10244
17577.33,6930,10244
17582.906,6931,10244
17590.346,6932,10244
17590.364,6933,10244
17590.659,6934,10244
17590.732,6935,10244
17639.787,6936,10244
17644.653,6937,10244
17650.555,6938,10248
17654.17,6939,10248
17656.045,6940,10248
17661.065,6941,10248
17666.618,6942,10248
17677.863,6943,10248
17682.967,6944,10249
17684.775,6945,10249
17686.772,6946,10249
17689.271,6947,10249
17692.884,6948,10249
17692.991,6949,10249
17703.622,6950,10249
17704.816,6951,10249
17709.92,6952,10249
17710.534,6953,10249
17717.918,6954,10249
17739.5,6955,10249
17744.036,6956,10249
17745.703,6957,10249
17752.741,6958,10250
17753.074,6959,10250
17761.299,6960,10250
17761.747,6961,10250
17761.94,6962,10250
17764.138,6963,10251
17766.896,6964,10251
17767.394,6965,10251
17780.394,6966,10251
17787.434,6967,10251
17789.051,6968,10295
17789.071,6969,10295
17789.13,6970,10305
17789.195,6971,10305
17789.214,6972,10306
17789.304,6973,10306
17789.331,6974,10306
17789.368,6975,10306
17789.423,6976,10306
17789.531,6977,10306
17789.591,6978,10306
17789.696,6979,10306
17790.13,6980,10307
17790.729,6981,10308
17791.65,6982,10309
17792.495,6983,10309
17793.378,6984,10310
17793.677,6985,10310
17793.893,6986,10310
17793.979,6987,10310
17795.361,6988,10311
17796.427,6989,10313
17800.166,6990,10314
17804.088,6991,10315
17816.183,6992,10315
17816.201,6993,10315
17816.635,6994,10315
17817.648,6995,10315
17820.19,6996,10315
17822.36,6997,10316
17824.658,6998,10316
17824.936,6999,10316
17826.336,7000,10317
17844.975,7001,10317
17864.181,7002,10317
17884.311,7003,10317
17926.904,7004,10317
17930.299,7005,10317
17930.619,7006,10317
17933.471,7007,10317
17933.612,7008,10318
17933.874,7009,10318
17934.915,7010,10318
17938.645,7011,10318
17938.742,7012,10318
17938.788,7013,10318
17939.007,7014,10318
17939.735,7015,10318
17940.428,7016,10318
17945.375,7017,10318
17996.724,7018,10318
18010.621,7019,10318
18011.324,7020,10318
18018.282,7021,10318
18020.282,7022,10318
18023.831,7023,10318
18030.4,7024,10318
18036.581,7025,10318
18036.923,7026,10318
18041.867,7027,10318
18053.646,7028,10318
18054.204,7029,10318
18062.179,7030,10318
18062.296,7031,10319
18062.335,7032,10319
18063.211,7033,10319
18064.551,7034,10320
18075.687,7035,10321
18152.651,7036,10321
18158.56,7037,10321
18160.717,7038,10321
18164.757,7039,10322
18176.634,7040,10322
18194.074,7041,10322
18196.25,7042,10322
18202.233,7043,10322
18238.441,7044,10327
18238.487,7045,10327
18245.986,7046,10329
18266.78,7047,10329
18267.94,7048,10340
18270.232,7049,10341
18273.087,7050,10341
18300.98,7051,10341
18306.504,7052,10342
18349.848,7053,10342
18432.768,7054,10343
18433.142,7055,10344
18436.928,7056,10344
18438.135,7057,10347
18439.93,7058,10347
18442.903,7059,10347
18446.269,7060,10347
18447.059,7061,10347
18447.148,7062,10347
18448.233,7063,10347
18451.646,7064,10347
18452.537,7065,10347
18452.625,7066,10347
18453.844,7067,10347
18478.103,7068,10347
18478.186,7069,10347
18478.37,7070,10347
18478.942,7071,10347
18501.472,7072,10347
18503.314,7073,10347
18522.183,7074,10347
18535.569,7075,10348
18545.905,7076,10348
18555.673,7077,10348
18555.787,7078,10348
18557.49,7079,10353
18560.673,7080,10353
18562.86,7081,10353
18565.992,7082,10353
18576.432,7083,10355
18585.441,7084,10355
18598.197,7085,10355
18606.392,7086,10355
18608.775,7087,10355
18626.323,7088,10361
18631.837,7089,10361
18640.249,7090,10361
18669.981,7091,10361
18671.802,7092,10361
18685.201,7093,10361
18712.764,7094,10361
18712.977,7095,10367
18740.376,7096,10367
18740.395,7097,10370
18741.236,7098,10370
18741.569,7099,10370
18741.789,7100,10371
18749.559,7101,10371
18770.436,7102,10371
18770.957,7103,10372
18786.559,7104,10372
18840.276,7105,10373
18897.932,7106,10373
18898.204,7107,10373
18919.477,7108,10374
18919.854,7109,10375
18920.648,7110,10375
18921.978,7111,10375
18933.64,7112,10376
18934.625,7113,10376
18936.96,7114,10376
18941.893,7115,10376
18942.629,7116,10377
18944.854,7117,10378
18983.116,7118,10379
18983.236,7119,10380
18983.281,7120,10381
19007.959,7121,10381
19019.343,7122,10381
19031.628,7123,10381
19036.68,7124,10381
19036.906,7125,10381
19059.006,7126,10381
19064.736,7127,10381
19073.701,7128,10381
19076.671,7129,10381
19103.742,7130,10381
19123.723,7131,10381
19126.09,7132,10381
19128.054,7133,10381
19135.98,7134,10381
19136.092,7135,10381
19143.667,7136,10381
19170.072,7137,10381
19188.465,7138,10381
19189.503,7139,10381
19190.106,7140,10381
19190.219,7141,10381
19191.299,7142,10381
19191.36,7143,10381
19194.167,7144,10383
19196.367,7145,10383
19197.307,7146,10383
19198.487,7147,10383
19200.683,7148,10383
19201.638,7149,10383
19201.927,7150,10383
19202.73,7151,10383
19207.826,7152,10383
19209.666,7153,10383
19209.757,7154,10383
19209.924,7155,10383
19210.374,7156,10383
19210.853,7157,10383
19213.327,7158,10383
19223.364,7159,10383
19223.447,7160,10383
19225.932,7161,10383
19238.422,7162,10383
19243.798,7163,10383
19244.219,7164,10383
19245.34,7165,10384
19257.686,7166,10384
19258.395,7167,10384
19262.706,7168,10384
19264.895,7169,10384
19276.566,7170,10384
19278.519,7171,10384
19309.593,7172,10384
19309.942,7173,10391
19310.142,7174,10391
19310.184,7175,10392
19311.444,7176,10393
19312.119,7177,10394
19316.291,7178,10395
19316.712,7179,10396
19357.884,7180,10396
19358.108,7181,10396
19359.07,7182,10396
19359.893,7183,10396
19360.229,7184,10396
19361.318,7185,10396
19361.332,7186,10396
19362.118,7187,10396
19378.184,7188,10396
19378.316,7189,10398
19379.352,7190,10400
19401.707,7191,10401
19411.935,7192,10401
19413.687,7193,10401
19438.72,7194,10401
19440.151,7195,10401
19440.41,7196,10401
19444.097,7197,10402
19453.119,7198,10402
19454.259,7199,10402
19472.394,7200,10402
19473.544,7201,10402
19477.792,7202,10402
19484.709,7203,10402
19522.301,7204,10402
19522.704,7205,10402
19538.804,7206,10402
19552.09,7207,10402
19564.629,7208,10402
19595.192,7209,10402
19602.19,7210,10402
19619.907,7211,10404
19620.874,7212,10406
19631.954,7213,10406
19638.38,7214,10406
19639.658,7215,10408
19653.479,7216,10408
19654.001,7217,10408
19657.863,7218,10409
19661.438,7219,10409
19680.066,7220,10409
19681.566,7221,10409
19707.26,7222,10409
19712.497,7223,10409
19732.482,7224,10409
19740.223,7225,10409
19741.048,7226,10409
19752.4,7227,10409
19753.675,7228,10409
19757.788,7229,10409
19757.919,7230,10409
19758.097,7231,10409
19758.388,7232,10409
19788.354,7233,10409
19788.553,7234,10409
19789.058,7235,10409
19789.645,7236,10409
19791.026,7237,10409
19791.144,7238,10409
19792.987,7239,10409
19793.391,7240,10409
19794.073,7241,10409
19794.3,7242,10409
19794.43,7243,10409
19795.114,7244,10409
19795.169,7245,10409
19795.951,7246,10409
19795.977,7247,10409
19797.015,7248,10409
19798.077,7249,10409
19802.305,7250,10409
19803.304,7251,10409
19807.251,7252,10409
19807.874,7253,10409
19807.884,7254,10409
19819.49,7255,10409
19834.785,7256,10409
19842.708,7257,10409
19843.379,7258,10409
19855.99,7259,10409
19857.422,7260,10410
19862.148,7261,10410
19865.883,7262,10410
19866.306,7263,10410
19867.051,7264,10410
19868.34,7265,10410
19890.335,7266,10410
19907.898,7267,10411
19923.841,7268,10411
19928.954,7269,10411
19936.22,7270,10412
19936.487,7271,10414
19936.611,7272,10415
19936.665,7273,10416
19937.124,7274,10417
19947.556,7275,10418
19948.744,7276,10419
19948.986,7277,10420
19949.243,7278,10421
19949.481,7279,10422
19950.591,7280,10423
19950.646,7281,10425
19955.344,7282,10426
19956.218,7283,10427
19963.525,7284,10427
19982.356,7285,10427
19993.615,7286,10427
19996.839,7287,10428
19996.927,7288,10429
19997.114,7289,10430
19997.231,7290,10431
19997.263,7291,10432
19997.371,7292,10433
19997.46,7293,10434
19997.639,7294,10434
19997.934,7295,10437
19997.965,7296,10438
19998.113,7297,10439
19998.449,7298,10440
19998.506,7299,10441
19998.696,7300,10442
19999.668,7301,10443
20000.359,7302,10444
20001.635,7303,10445
20003.195,7304,10446
20004.903,7305,10447
20005.34,7306,10448
20066.765,7307,10448
20091.597,7308,10449
20091.912,7309,10449
20111.735,7310,10449
20112.363,7311,10450
20123.058,7312,10450
20123.223,7313,10450
20123.658,7314,10450
20130.171,7315,10450
20138.611,7316,10451
20149.291,7317,10451
20149.385,7318,10451
20149.955,7319,10451
20150.738,7320,10451
20151.618,7321,10451
20152.422,7322,10451
20154.407,7323,10451
20159.932,7324,10451
20164.42,7325,10451
20176.309,7326,10451
20177.385,7327,10451
20178.308,7328,10451
20183.425,7329,10451
20186.817,7330,10451
20190.737,7331,10451
20235.161,7332,10451
20243.166,7333,10452
20270.805,7334,10452
20272.444,7335,10452
20272.463,7336,10452
20276.43,7337,10453
20288.159,7338,10453
20288.522,7339,10455
20298.688,7340,10455
20313.753,7341,10456
20317.191,7342,10459
20333.306,7343,10459
20351.768,7344,10459
20360.279,7345,10459
20373.942,7346,10459
20375.518,7347,10460
20390.492,7348,10460
20394.716,7349,10460
20413.527,7350,10461
20426.687,7351,10469
20426.84,7352,10469
20427.246,7353,10469
20442.669,7354,10469
20454.712,7355,10469
20458.523,7356,10469
20459.089,7357,10469
20459.39,7358,10469
20462.563,7359,10469
20489.666,7360,10469
20492.7,7361,10471
20519.006,7362,10471
20536.491,7363,10472
20536.962,7364,10473
20536.98,7365,10473
20537.347,7366,10474
20538.048,7367,10474
20552.923,7368,10474
20563.678,7369,10474
20581.802,7370,10474
20581.944,7371,10474
20587.572,7372,10474
20595.84,7373,10474
20611.642,7374,10474
20644.734,7375,10474
20645.487,7376,10475
20647.603,7377,10475
20649.585,7378,10475
20653.906,7379,10475
20670.893,7380,10475
20671.179,7381,10475
20689.189,7382,10475
20690.564,7383,10475
20712.274,7384,10475
20713.808,7385,10475
20733.606,7386,10475
20734.94,7387,10475
20735.034,7388,10475
20735.326,7389,10477
20765.446,7390,10477
20775.205,7391,10477
20775.544,7392,10482
20787.319,7393,10482
20807.057,7394,10482
20807.327,7395,10482
20839.03,7396,10482
20844.543,7397,10482
20847.91,7398,10482
20849.493,7399,10482
20882.35,7400,10482
20888.332,7401,10482
20888.613,7402,10482
20888.963,7403,10482
20889.184,7404,10482
20889.424,7405,10482
20889.695,7406,10482
20890.152,7407,10482
20890.331,7408,10482
20893.044,7409,10482
20901.788,7410,10482
20912.855,7411,10482
20940.846,7412,10484
20952.565,7413,10485
20957.591,7414,10485
20973.431,7415,10485
20978.704,7416,10485
20983.483,7417,10485
20985.626,7418,10486
20988.537,7419,10486
20995.316,7420,10486
20995.357,7421,10486
20998.329,7422,10486
21003.338,7423,10486
21005.947,7424,10487
21020.032,7425,10494
21020.116,7426,10496
21022.715,7427,10497
21029.955,7428,10497
21037.425,7429,10497
21038.831,7430,10497
21052.204,7431,10498
21053.127,7432,10498
21053.369,7433,10498
21060.345,7434,10499
21072.501,7435,10499
21113.653,7436,10499
21114.581,7437,10500
21145.274,7438,10500
21147.761,7439,10500
21148.231,7440,10500
21149.661,7441,10500
21149.739,7442,10500
21150.289,7443,10500
21154.614,7444,10500
21156.768,7445,10501
21174.991,7446,10502
21175.52,7447,10502
21190.853,7448,10502
21210.382,7449,10502
21214.977,7450,10502
21238.847,7451,10502
21253.83,7452,10502
21255.652,7453,10502
21256.343,7454,10505
21267.368,7455,10505
21268.386,7456,10505
21272.489,7457,10505
21272.516,7458,10505
21277.224,7459,10506
21277.545,7460,10506
21277.915,7461,10506
21290.908,7462,10506
21292.385,7463,10507
21294.81,7464,10507
21348.706,7465,10507
21349.6,7466,10507
21349.633,7467,10507
21374.983,7468,10507
21375.049,7469,10508
21376.306,7470,10508
21383.139,7471,10508
21444.228,7472,10508
21451.821,7473,10508
21452.819,7474,10508
21453.396,7475,10508
21455.084,7476,10508
21459.45,7477,10508
21463.733,7478,10508
21464.783,7479,10508
21474.172,7480,10508
21481.929,7481,10508
21493.721,7482,10510
21520.686,7483,10510
21530.588,7484,10510
21532.914,7485,10510
21538.588,7486,10511
21539.096,7487,10512
21548.382,7488,10512
21559.488,7489,10514
21560.041,7490,10514
21576.138,7491,10514
21589.53,7492,10514
21595.233,7493,10518
21595.88,7494,10519
21595.984,7495,10519
21597.944,7496,10521
21602.6,7497,10521
21631.029,7498,10521
21634.859,7499,10521
21634.874,7500,10521
21635.4,7501,10521
21638.097,7502,10521
21648.882,7503,10521
21649.354,7504,10521
21658.778,7505,10521
21669.656,7506,10523
21677.798,7507,10523
21684.153,7508,10523
21702.437,7509,10523
21708.615,7510,10523
21708.813,7511,10523
21737.256,7512,10523
21737.271,7513,10523
21738.354,7514,10523
21752.17,7515,10523
21759.304,7516,10523
21761.652,7517,10523
21761.853,7518,10523
21761.965,7519,10523
21773.135,7520,10523
21799.399,7521,10523
21809.898,7522,10523
21826.693,7523,10523
21829.889,7524,10523
21830.123,7525,10523
21830.167,7526,10523
21842.793,7527,10523
21850.472,7528,10523
21855.667,7529,10525
21863.257,7530,10525
21865.695,7531,10526
21880.983,7532,10527
21887.403,7533,10527
21900.565,7534,10528
21908.193,7535,10528
21911.593,7536,10528
21911.653,7537,10528
21912.036,7538,10528
21912.68,7539,10528
21913.364,7540,10530
21923.704,7541,10530
21923.958,7542,10530
21924.069,7543,10530
21924.358,7544,10530
21928.534,7545,10530
21935.082,7546,10530
21948.061,7547,10530
21949.314,7548,10530
21950.02,7549,10530
21955.626,7550,10530
21957.236,7551,10530
21992.354,7552,10530
21992.661,7553,10530
21993.856,7554,10530
21994.187,7555,10530
21994.871,7556,10530
22005.973,7557,10530
22030.481,7558,10530
22032.794,7559,10530
22077.028,7560,10530
22078.53,7561,10531
22086.098,7562,10531
22089.303,7563,10532
22098.079,7564,10532
22104.572,7565,10533
22108.55,7566,10533
22109.474,7567,10533
22114.075,7568,10533
22119.51,7569,10538
22130.12,7570,10538
22130.656,7571,10538
22134.586,7572,10538
22147.687,7573,10538
22174.229,7574,10538
22189.639,7575,10538
22211.232,7576,10539
22211.467,7577,10539
22229.264,7578,10539
22233.429,7579,10540
22251.698,7580,10540
22251.766,7581,10540
22258.224,7582,10540
22275.999,7583,10540
22276.436,7584,10540
22288.279,7585,10541
22288.949,7586,10541
22289.636,7587,10541
22296.325,7588,10541
22307.1,7589,10541
22318.23,7590,10541
22319.524,7591,10541
22325.718,7592,10542
22347.925,7593,10542
22353.655,7594,10542
22353.868,7595,10542
22371.924,7596,10543
22374.065,7597,10543
22381.126,7598,10543
22381.363,7599,10546
22387.199,7600,10546
22412.312,7601,10546
22418.195,7602,10546
22419.276,7603,10546
22437.075,7604,10546
22437.105,7605,10546
22437.416,7606,10546
22441.648,7607,10548
22441.767,7608,10548
22442.055,7609,10550
22442.362,7610,10551
22442.497,7611,10551
22447.194,7612,10551
22463.24,7613,10551
22463.285,7614,10564
22464.433,7615,10564
22470.666,7616,10564
22475.692,7617,10564
22476.013,7618,10564
22483.967,7619,10564
22484.267,7620,10564
22484.491,7621,10564
22491.814,7622,10565
22497.092,7623,10565
22509.449,7624,10565
22509.781,7625,10565
22510.673,7626,10565
22523.036,7627,10594
22539.78,7628,10594
22539.982,7629,10594
22543.29,7630,10594
22544.837,7631,10594
22547.807,7632,10595
22549.215,7633,10595
22549.937,7634,10595
22550.412,7635,10595
22554.826,7636,10595
22570.942,7637,10595
22571.095,7638,10595
22593.731,7639,10595
22593.789,7640,10595
22594.173,7641,10595
22594.288,7642,10595
22595.008,7643,10596
22603.959,7644,10596
22604.306,7645,10596
22604.331,7646,10598
22605.135,7647,10599
22605.371,7648,10599
22606.333,7649,10600
22606.601,7650,10600
22607.527,7651,10600
22630.239,7652,10600
22634.869,7653,10600
22635.107,7654,10600
22635.154,7655,10600
22635.581,7656,10600
22637.857,7657,10600
22664.949,7658,10600
22664.963,7659,10600
22666.668,7660,10600
22671.964,7661,10600
22674.658,7662,10600
22690.693,7663,10600
22691.971,7664,10600
22713.607,7665,10600
22722.898,7666,10600
22723.103,7667,10600
22723.227,7668,10600
22723.368,7669,10600
22723.865,7670,10600
22724.105,7671,10600
22724.542,7672,10600
22726.31,7673,10600
22726.38,7674,10600
22726.95,7675,10600
22727.235,7676,10600
22727.267,7677,10600
22730.12,7678,10600
22732.542,7679,10600
22768.444,7680,10600
22768.468,7681,10600
22768.555,7682,10600
22770.166,7683,10600
22770.361,7684,10601
22778.098,7685,10601
22778.465,7686,10601
22778.769,7687,10602
22778.9,7688,10602
22780.072,7689,10603
22781.617,7690,10603
22782.297,7691,10603
22784.905,7692,10604
22785.903,7693,10604
22797.025,7694,10604
22797.116,7695,10604
22797.645,7696,10604
22797.846,7697,10604
22802.924,7698,10604
22802.991,7699,10604
22836.201,7700,10604
22836.243,7701,10604
22836.3,7702,10604
22836.319,7703,10604
22836.342,7704,10604
22836.37,7705,10604
22836.397,7706,10604
22836.422,7707,10604
22836.441,7708,10604
22836.493,7709,10604
22836.515,7710,10604
22836.581,7711,10604
22836.786,7712,10604
22836.818,7713,10604
22836.941,7714,10604
22837.183,7715,10604
22837.437,7716,10604
22837.934,7717,10604
22838.424,7718,10604
22839.611,7719,10604
22840.513,7720,10604
22841.283,7721,10604
22841.8,7722,10604
22842.657,7723,10604
22849.04,7724,10604
22857.414,7725,10604
22862.184,7726,10604
22869.044,7727,10604
22887.676,7728,10604
22887.999,7729,10604
22888.734,7730,10604
22904.401,7731,10605
22904.524,7732,10606
22904.689,7733,10607
22904.753,7734,10608
22905.296,7735,10610
22905.703,7736,10611
22913.927,7737,10612
22914.872,7738,10613
22916.611,7739,10614
22950.464,7740,10615
22968.182,7741,10615
22975.657,7742,10615
22998.084,7743,10615
23005.106,7744,10615
23027.442,7745,10615
23028.192,7746,10615
23028.58,7747,10615
23028.889,7748,10615
23028.998,7749,10615
23031.015,7750,10615
23032.388,7751,10617
23032.479,7752,10617
23036.574,7753,10617
23039.743,7754,10617
23040.722,7755,10617
23040.807,7756,10617
23041.108,7757,10617
23041.467,7758,10617
23050.823,7759,10617
23052.153,7760,10617
23054.336,7761,10617
23057.059,7762,10617
23057.068,7763,10617
23057.15,7764,10618
23057.571,7765,10618
23057.819,7766,10619
23058.419,7767,10619
23058.601,7768,10620
23058.757,7769,10620
23059.976,7770,10620
23060.012,7771,10620
23060.234,7772,10620
23060.971,7773,10620
23061.237,7774,10621
23062.144,7775,10621
23064.489,7776,10621
23066.02,7777,10623
23084.607,7778,10623
23086.078,7779,10623
23086.417,7780,10623
23086.927,7781,10623
23089.267,7782,10623
23132.798,7783,10623
23139.992,7784,10623
23162.317,7785,10623
23164.891,7786,10624
23185.787,7787,10624
23185.839,7788,10624
23191.178,7789,10624
23192.97,7790,10624
23205.761,7791,10624
23212.175,7792,10624
23213.946,7793,10624
23216.391,7794,10624
23229.611,7795,10624
23232.415,7796,10624
23232.902,7797,10624
23234.962,7798,10624
23243.795,7799,10624
23252.871,7800,10624
23253.212,7801,10624
23253.387,7802,10624
23253.735,7803,10624
23254.053,7804,10624
23260.799,7805,10624
23261.03,7806,10624
23262.903,7807,10624
23270.564,7808,10624
23271.839,7809,10624
23283.454,7810,10624
23285.983,7811,10624
23298.162,7812,10627
23298.847,7813,10627
23298.98,7814,10627
23299.056,7815,10628
23303.699,7816,10628
23311.543,7817,10628
23331.191,7818,10629
23370.57,7819,10629
23375.15,7820,10629
23425.671,7821,10630
23456.256,7822,10630
23497.641,7823,10630
23497.7,7824,10630
23497.867,7825,10630
23498.012,7826,10630
23498.047,7827,10630
23498.578,7828,10630
23499.001,7829,10630
23502.419,7830,10630
23502.444,7831,10630
23502.86,7832,10630
23503.062,7833,10630
23503.126,7834,10631
23504.632,7835,10631
23506.075,7836,10631
23510.399,7837,10631
23511.439,7838,10631
23518.954,7839,10631
23519.046,7840,10631
23531.23,7841,10632
23562.715,7842,10632
23580.646,7843,10632
23721.103,7844,10632
23734.089,7845,10632
23770.147,7846,10632
23844.606,7847,10633
23918.205,7848,10633
23930.629,7849,10633
23939.177,7850,10635
23939.397,7851,10636
23999.318,7852,10636
24063.527,7853,10636
24063.543,7854,10636
24063.771,7855,10636
24063.879,7856,10636
24102.672,7857,10636
24109.16,7858,10636
24131.828,7859,10637
24143.725,7860,10637
24144.394,7861,10637
24144.527,7862,10637
24144.592,7863,10637
24145.662,7864,10638
24194.463,7865,10638
24198.819,7866,10638
24208.196,7867,10640
24208.366,7868,10640
24226.1,7869,10640
24245.724,7870,10640
24246.42,7871,10640
24348.793,7872,10640
24358.234,7873,10640
24373.529,7874,10640
24434.326,7875,10640
24435.037,7876,10640
24461.87,7877,10641
24463.584,7878,10641
24466.457,7879,10641
24468.007,7880,10641
24468.22,7881,10641
24545.844,7882,10642
24562.49,7883,10642
24562.506,7884,10643
24676.132,7885,10643
24676.206,7886,10643
24690.792,7887,10644
24690.862,7888,10645
24690.936,7889,10646
24690.987,7890,10647
24691.281,7891,10648
24691.366,7892,10649
24692.316,7893,10650
24692.676,7894,10651
24692.895,7895,10652
24692.916,7896,10653
24692.962,7897,10654
24693.449,7898,10655
24694.445,7899,10656
24695.26,7900,10657
24696.877,7901,10658
24697.663,7902,10659
24698.441,7903,10660
24698.525,7904,10661
24712.103,7905,10661
24735.044,7906,10662
24735.482,7907,10662
24756.315,7908,10662
24758.237,7909,10662
24758.323,7910,10662
24759.546,7911,10662
24760.557,7912,10662
24766.223,7913,10662
24770.479,7914,10662
24792.586,7915,10662
24798.708,7916,10663
24798.763,7917,10663
24799.001,7918,10664
24799.212,7919,10664
24799.405,7920,10665
24799.83,7921,10666
24800.297,7922,10666
24801.673,7923,10666
24801.83,7924,10667
24802.054,7925,10667
24804.335,7926,10667
24804.653,7927,10668
24841.959,7928,10669
24842.648,7929,10669
24863.411,7930,10669
24863.553,7931,10669
24863.739,7932,10670
24864.008,7933,10671
24881.484,7934,10672
24881.946,7935,10673
24882.438,7936,10674
24882.862,7937,10676
24882.898,7938,10677
24883.335,7939,10677
24884.653,7940,10677
24887.534,7941,10677
24887.576,7942,10677
24887.894,7943,10677
24921.368,7944,10677
24930.011,7945,10677
24938.813,7946,10677
24939.002,7947,10677
24939.209,7948,10680
24942.342,7949,10680
24951.364,7950,10680
24952.072,7951,10680
24958.027,7952,10680
24973.888,7953,10680
24991.216,7954,10680
25031.539,7955,10681
25031.606,7956,10681
25031.768,7957,10681
25031.792,7958,10681
25032.791,7959,10681
25036.854,7960,10682
25037.655,7961,10682
25037.85,7962,10682
25067.088,7963,10682
25076.202,7964,10682
25104.845,7965,10682
25133.709,7966,10682
25134.992,7967,10682
25135.585,7968,10682
25154.668,7969,10682
25165.49,7970,10682
25196.073,7971,10682
25202.666,7972,10682
25203.975,7973,10682
25210.497,7974,10682
25248.031,7975,10682
25268.365,7976,10682
25284.626,7977,10682
25292.073,7978,10682
25336.083,7979,10682
25344.501,7980,10682
25350.445,7981,10682
25351.446,7982,10682
25365.411,7983,10682
25370.263,7984,10682
25386.788,7985,10683
25387.037,7986,10683
25397.024,7987,10683
25414.891,7988,10683
25415.171,7989,10683
25416.897,7990,10684
25422.118,7991,10684
25437.177,7992,10684
25471.598,7993,10684
25485.625,7994,10684
25505.633,7995,10684
25509.677,7996,10684
25513.074,7997,10684
25517.915,7998,10684
25518.59,7999,10684
25527.362,8000,10684
25615.997,8001,10684
25622.638,8002,10684
25655.514,8003,10684
25656.867,8004,10685
25680.837,8005,10686
25716.212,8006,10686
25717.155,8007,10686
25718.94,8008,10686
25746.577,8009,10686
25748.943,8010,10686
25772.743,8011,10686
25815.596,8012,10686
25837.014,8013,10686
25837.123,8014,10686
25855.698,8015,10686
25875.731,8016,10686
25875.744,8017,10686
25876.162,8018,10686
25877.009,8019,10686
25877.053,8020,10686
25880.89,8021,10686
25881.148,8022,10686
25996.997,8023,10686
26033.865,8024,10686
26033.952,8025,10686
26045.528,8026,10686
26106.643,8027,10686
26126.528,8028,10686
26145.639,8029,10687
26146.902,8030,10688
26149.239,8031,10688
26184.213,8032,10688
26184.563,8033,10688
26184.695,8034,10688
26184.738,8035,10688
26185.216,8036,10690
26190.128,8037,10696
26191.257,8038,10697
26192.494,8039,10697
26249.976,8040,10697
26286.176,8041,10697
26304.116,8042,10697
26320.182,8043,10697
26328.522,8044,10697
26338.047,8045,10697
26340.656,8046,10697
26357.997,8047,10697
26371.662,8048,10697
26494.81,8049,10697
26523.515,8050,10697
26523.575,8051,10697
26532.426,8052,10697
26582.888,8053,10698
26676.299,8054,10698
26720.903,8055,10698
26721.402,8056,10698
26724.719,8057,10698
26735.245,8058,10698
26773.085,8059,10698
26779.859,8060,10698
26792.203,8061,10698
26810.601,8062,10698
26828.916,8063,10699
26829.551,8064,10700
26829.654,8065,10700
26838.478,8066,10701
26838.681,8067,10701
26838.913,8068,10704
26839.913,8069,10705
26858.96,8070,10705
26858.966,8071,10705
26898.795,8072,10705
26899.704,8073,10705
26899.86,8074,10705
26899.988,8075,10705
26900.029,8076,10705
26900.468,8077,10705
26901.543,8078,10705
26902.503,8079,10705
26902.915,8080,10705
26903.199,8081,10705
26904.178,8082,10706
26909.311,8083,10706
26921.136,8084,10706
26925.524,8085,10706
26925.589,8086,10706
26947.299,8087,10706
26951.771,8088,10706
26985.722,8089,10706
26990.533,8090,10706
27050.406,8091,10706
27051.204,8092,10707
27068.424,8093,10709
27092.949,8094,10709
27122.598,8095,10709
27131.088,8096,10709
27150.274,8097,10709
27150.327,8098,10709
27172.325,8099,10710
27177.781,8100,10725
27225.782,8101,10725
27226.083,8102,10725
27226.089,8103,10725
27227.455,8104,10725
27227.633,8105,10725
27228.337,8106,10725
27228.805,8107,10728
27229.202,8108,10728
27230.679,8109,10728
27232.859,8110,10728
27233.86,8111,10728
27242.611,8112,10728
27255.517,8113,10728
27257.787,8114,10728
27289.023,8115,10728
27289.043,8116,10728
27290.261,8117,10728
27290.351,8118,10728
27290.769,8119,10728
27322.389,8120,10728
27328.111,8121,10728
27328.202,8122,10728
27340.661,8123,10728
27362.278,8124,10728
27379.783,8125,10728
27379.817,8126,10728
27379.88,8127,10728
27381.964,8128,10729
27405.781,8129,10729
27405.951,8130,10729
27439.139,8131,10729
27439.189,8132,10729
27439.277,8133,10729
27439.483,8134,10729
27444.356,8135,10729
27444.767,8136,10729
27446.316,8137,10729
27451.821,8138,10729
27453.524,8139,10729
27454.476,8140,10729
27487.286,8141,10729
27492.515,8142,10729
27497.748,8143,10729
27500.319,8144,10730
27510.267,8145,10730
27510.917,8146,10730
27511.623,8147,10730
27513.928,8148,10730
27547.441,8149,10730
27550.119,8150,10730
27572.187,8151,10731
27579.602,8152,10731
27579.733,8153,10731
27584.518,8154,10731
27593.743,8155,10731
27596.099,8156,10731
27611.244,8157,10731
27619.858,8158,10731
27620.175,8159,10731
27636.223,8160,10731
27672.601,8161,10732
27719.746,8162,10732
27719.802,8163,10732
27719.914,8164,10732
27719.926,8165,10732
27721.008,8166,10732
27742.549,8167,10733
27747.475,8168,10733
27747.731,8169,10733
27747.969,8170,10733
27756.986,8171,10733
27771.016,8172,10733
27787.935,8173,10735
27788.487,8174,10735
27788.558,8175,10735
27788.574,8176,10735
27808.245,8177,10735
27812.045,8178,10735
27813.377,8179,10735
27820.264,8180,10735
27837.401,8181,10735
27839.224,8182,10736
27848.875,8183,10736
27849.154,8184,10736
27889.675,8185,10737
27964.566,8186,10737
27986.292,8187,10738
27995.241,8188,10738
28003.584,8189,10738
28005.354,8190,10738
28005.552,8191,10738
28006.355,8192,10739
28028.436,8193,10739
28032.803,8194,10739
28033.239,8195,10740
28035.389,8196,10741
28047.684,8197,10742
28070.83,8198,10742
28071.558,8199,10742
28088.775,8200,10743
28091.568,8201,10743
28125.366,8202,10743
28125.381,8203,10743
28125.45,8204,10743
28125.598,8205,10743
28137.329,8206,10743
28155.782,8207,10743
28170.531,8208,10743
28189.627,8209,10743
28206.709,8210,10743
28210.948,8211,10743
28211.672,8212,10743
28239.264,8213,10743
28253.052,8214,10743
28253.363,8215,10743
28255.997,8216,10745
28258.812,8217,10745
28265.668,8218,10745
28269.199,8219,10745
28278.746,8220,10745
28278.877,8221,10745
28278.895,8222,10745
28278.918,8223,10745
28279.692,8224,10745
28280.4,8225,10745
28280.47,8226,10745
28280.532,8227,10745
28280.793,8228,10745
28280.934,8229,10745
28281.003,8230,10745
28287.09,8231,10745
28288.491,8232,10746
28289.973,8233,10746
28290.288,8234,10746
28299.575,8235,10746
28329.887,8236,10746
28329.897,8237,10746
28329.922,8238,10746
28329.969,8239,10746
28330.302,8240,10746
28330.332,8241,10746
28331.567,8242,10746
28331.693,8243,10746
28331.724,8244,10746
28338.057,8245,10746
28338.094,8246,10746
28338.133,8247,10746
28338.151,8248,10746
28338.558,8249,10746
28338.581,8250,10746
28338.607,8251,10747
28338.752,8252,10747
28339.079,8253,10747
28339.106,8254,10747
28339.132,8255,10747
28340.506,8256,10747
28345.237,8257,10747
28347.365,8258,10747
28351.025,8259,10747
28354.334,8260,10748
28355.008,8261,10749
28358.528,8262,10749
28361.843,8263,10749
28365.641,8264,10750
28370.429,8265,10750
28373.53,8266,10750
28374.872,8267,10750
28375.031,8268,10750
28375.857,8269,10750
28379.815,8270,10750
28390.759,8271,10750
28394.479,8272,10751
28395.67,8273,10751
28403.211,8274,10751
28404.257,8275,10751
28404.301,8276,10751
28404.441,8277,10751
28404.741,8278,10751
28406.297,8279,10751
28407.583,8280,10751
28411.011,8281,10751
28415.223,8282,10751
28417.08,8283,10751
28426.728,8284,10751
28426.783,8285,10751
28426.944,8286,10751
28442.203,8287,10751
28442.218,8288,10751
28447.076,8289,10751
28447.088,8290,10751
28452.554,8291,10751
28453.904,8292,10751
28454.235,8293,10751
28454.265,8294,10751
28462.542,8295,10751
28463.134,8296,10751
28463.279,8297,10751
28466.899,8298,10751
28489.118,8299,10751
28489.173,8300,10751
28497.273,8301,10751
28497.376,8302,10751
28498.936,8303,10752
28500.109,8304,10752
28501.071,8305,10752
28501.976,8306,10752
28507.171,8307,10752
28508.628,8308,10752
28508.881,8309,10752
28535.147,8310,10752
28595.656,8311,10752
28607.046,8312,10752
28620.426,8313,10752
28655.308,8314,10752
28682.84,8315,10752
28685.798,8316,10752
28686.167,8317,10752
28690.276,8318,10752
28702.084,8319,10754
28740.577,8320,10754
28757.548,8321,10754
28757.925,8322,10754
28759.916,8323,10754
28761.087,8324,10754
28762.326,8325,10754
28764.644,8326,10754
28773.183,8327,10754
28801.545,8328,10757
28807.578,8329,10757
28811.294,8330,10757
28814.724,8331,10757
28823.84,8332,10757
28863.692,8333,10758
28906.279,8334,10758
28911.404,8335,10758
28912.955,8336,10759
28924.993,8337,10759
28943.845,8338,10759
28968.513,8339,10759
28969.697,8340,10759
28975.103,8341,10759
28985.152,8342,10759
28986.158,8343,10759
28986.473,8344,10759
29000.887,8345,10759
29043.433,8346,10760
29043.839,8347,10761
29045.802,8348,10761
29046.364,8349,10761
29070.025,8350,10761
29084.538,8351,10761
29091.716,8352,10761
29092.055,8353,10762
29092.548,8354,10762
29106.58,8355,10763
29115.658,8356,10763
29121.156,8357,10763
29133.225,8358,10763
29134.66,8359,10763
29163.872,8360,10765
29170.076,8361,10765
29174.575,8362,10765
29176.241,8363,10765
29176.339,8364,10765
29176.372,8365,10765
29194.436,8366,10765
29194.72,8367,10765
29195.203,8368,10765
29221.866,8369,10765
29228.491,8370,10765
29241.888,8371,10765
29288.067,8372,10765
29295.768,8373,10765
29306.321,8374,10765
29306.339,8375,10765
29306.368,8376,10765
29307.414,8377,10765
29309.663,8378,10765
29314.082,8379,10765
29322.832,8380,10765
29335.651,8381,10765
29347.691,8382,10765
29451.101,8383,10765
29471.009,8384,10766
29478.477,8385,10766
29489.73,8386,10767
29489.929,8387,10767
29503.345,8388,10767
29516.508,8389,10767
29526.301,8390,10769
29526.922,8391,10769
29527.829,8392,10769
29566.518,8393,10769
29580.368,8394,10769
29580.405,8395,10769
29582.225,8396,10769
29585.865,8397,10769
29601.496,8398,10769
29625.745,8399,10771
29640.355,8400,10771
29658.628,8401,10771
29659.855,8402,10771
29693.552,8403,10771
29750.732,8404,10771
29774.052,8405,10771
29776.467,8406,10771
29791.592,8407,10772
29806.188,8408,10772
29806.243,8409,10772
29806.288,8410,10772
29808.251,8411,10772
29813.372,8412,10772
29825.482,8413,10772
29834.665,8414,10772
29834.844,8415,10772
29879.043,8416,10774
29895.941,8417,10774
29895.986,8418,10774
29897.854,8419,10774
29914.242,8420,10774
29914.291,8421,10774
29949.155,8422,10774
29962.717,8423,10774
29979.826,8424,10774
29994.578,8425,10774
29995.394,8426,10774
29996.349,8427,10774
29998.4,8428,10775
30013.389,8429,10776
30013.49,8430,10783
30069.706,8431,10784
30102.545,8432,10784
30132.92,8433,10787
30137.109,8434,10788
30156.899,8435,10788
30159.842,8436,10789
30160.676,8437,10789
30163.549,8438,10790
30165.041,8439,10790
30165.395,8440,10790
30170.519,8441,10790
30175.78,8442,10791
30183.32,8443,10792
30194.93,8444,10792
30206.254,8445,10792
30208.191,8446,10792
30210.621,8447,10792
30254.185,8448,10792
30295.234,8449,10793
30330.399,8450,10793
30330.483,8451,10793
30331.89,8452,10793
30335.521,8453,10793
30336.684,8454,10793
30346.211,8455,10793
30346.413,8456,10793
30347.16,8457,10793
30359.198,8458,10794
30365.101,8459,10794
30379.806,8460,10794
30415.228,8461,10801
30425.114,8462,10801
30425.828,8463,10801
30429.379,8464,10802
30437.024,8465,10802
30489.484,8466,10802
30502.196,8467,10802
30503.485,8468,10803
30511.726,8469,10803
30511.901,8470,10804
30547.549,8471,10806
30599.209,8472,10806
30692.256,8473,10806
30697.049,8474,10806
30715.258,8475,10807
30731.038,8476,10807
30744.521,8477,10807
30745.661,8478,10807
30748.877,8479,10808
30748.91,8480,10813
30751.669,8481,10814
30753.016,8482,10820
30775.916,8483,10820
30777.04,8484,10820
30778.165,8485,10820
30787.745,8486,10820
30815.072,8487,10821
30820.738,8488,10821
30829.202,8489,10822
30841.96,8490,10822
30841.996,8491,10822
30855.529,8492,10822
30884.307,8493,10823
30889.504,8494,10823
30889.608,8495,10823
30889.77,8496,10823
30889.874,8497,10823
30914.525,8498,10823
30914.554,8499,10823
30914.93,8500,10823
30933.773,8501,10823
30968.013,8502,10826
31005.583,8503,10826
31011.267,8504,10826
31019.193,8505,10827
31021.404,8506,10827
31021.846,8507,10827
31021.924,8508,10827
31022.583,8509,10827
31026.566,8510,10827
31049.674,8511,10827
31155.374,8512,10827
31155.528,8513,10827
31155.638,8514,10827
31155.72,8515,10827
31157.353,8516,10827
31157.364,8517,10827
31157.722,8518,10827
31159.598,8519,10827
31161.352,8520,10827
31162.696,8521,10827
31165.386,8522,10828
31170.606,8523,10828
31177.415,8524,10828
31177.747,8525,10828
31178.012,8526,10828
31180.454,8527,10828
31181.555,8528,10828
31181.662,8529,10828
31181.764,8530,10828
31181.775,8531,10828
31181.803,8532,10828
31204.719,8533,10828
31208.466,8534,10828
31209.965,8535,10828
31234.509,8536,10828
31249.408,8537,10828
31287.531,8538,10828
31300.56,8539,10828
31305.316,8540,10828
31310.604,8541,10828
31338.168,8542,10828
31342.26,8543,10828
31348.972,8544,10828
31370.591,8545,10828
31389.724,8546,10828
31399.846,8547,10828
31399.865,8548,10833
31400.894,8549,10833
31401.077,8550,10833
31401.372,8551,10833
31401.643,8552,10833
31403.259,8553,10833
31405.866,8554,10833
31409.317,8555,10833
31410.995,8556,10833
31413.168,8557,10833
31419.507,8558,10833
31439.922,8559,10833
31465.529,8560,10834
31481.162,8561,10834
31499.547,8562,10834
31549.647,8563,10834
31564.051,8564,10834
31565.626,8565,10834
31565.735,8566,10834
31565.813,8567,10834
31566.219,8568,10834
31584.163,8569,10834
31584.626,8570,10838
31584.944,8571,10838
31585.047,8572,10838
31585.086,8573,10838
31586.105,8574,10838
31586.892,8575,10838
31595.222,8576,10838
31616.351,8577,10839
31635.932,8578,10839
31646.149,8579,10839
31646.174,8580,10839
31646.21,8581,10839
31653.196,8582,10839
31683.724,8583,10840
31689.528,8584,10840
31710.147,8585,10840
31710.178,8586,10841
31727.945,8587,10841
31728.632,8588,10841
31731.762,8589,10841
31750.566,8590,10841
31793.761,8591,10841
31822.334,8592,10841
31844.528,8593,10841
31845.812,8594,10841
31865.877,8595,10841
31908.863,8596,10841
31917.301,8597,10841
31920.854,8598,10841
31930.674,8599,10841
31937.119,8600,10841
31939.138,8601,10841
31967.805,8602,10841
31973.299,8603,10841
32008.743,8604,10841
32008.853,8605,10841
32009.016,8606,10841
32009.49,8607,10841
32009.522,8608,10841
32010.197,8609,10841
32010.326,8610,10841
32011.353,8611,10841
32011.621,8612,10841
32016.707,8613,10841
32018.3,8614,10841
32026.523,8615,10843
32049.874,8616,10843
32056.838,8617,10843
32059.29,8618,10843
32060.798,8619,10843
32064.911,8620,10843
32078.571,8621,10843
32079.183,8622,10844
32084.727,8623,10845
32087.189,8624,10845
32099.952,8625,10846
32117.051,8626,10846
32117.149,8627,10846
32117.499,8628,10846
32118.392,8629,10846
32119.668,8630,10846
32124.409,8631,10846
32140.998,8632,10846
32152.854,8633,10846
32153.45,8634,10846
32170.082,8635,10846
32216.397,8636,10846
32217.411,8637,10846
32217.909,8638,10846
32217.921,8639,10846
32217.941,8640,10846
32218.036,8641,10846
32225.304,8642,10852
32229.28,8643,10852
32237.076,8644,10852
32280.115,8645,10852
32325.366,8646,10852
32325.604,8647,10852
32334.762,8648,10852
32364.648,8649,10852
32366.517,8650,10852
32367.098,8651,10852
32378.277,8652,10854
32400.915,8653,10855
32409.274,8654,10855
32417.317,8655,10855
32425.135,8656,10855
32425.162,8657,10855
32425.832,8658,10856
32461.87,8659,10856
32465.989,8660,10856
32466.213,8661,10856
32481.323,8662,10856
32559.12,8663,10856
32569.839,8664,10856
32572.51,8665,10856
32602.745,8666,10856
32603.774,8667,10856
32604.301,8668,10856
32604.316,8669,10856
32605.576,8670,10856
32628.69,8671,10856
32645.882,8672,10856
32651.888,8673,10856
32652.465,8674,10856
32691.372,8675,10856
32705.148,8676,10856
32705.17,8677,10856
32708.026,8678,10856
32717.528,8679,10856
32729.62,8680,10856
32729.667,8681,10856
32729.7,8682,10856
32730.193,8683,10856
32745.263,8684,10858
32766.843,8685,10858
32772.372,8686,10858
32772.531,8687,10858
32797.502,8688,10858
32805.417,8689,10858
32845.806,8690,10859
32871.103,8691,10859
32899.799,8692,10860
32900.437,8693,10860
32909.169,8694,10860
32935.886,8695,10860
32960.191,8696,10860
32961.66,8697,10861
33002.174,8698,10861
33024.328,8699,10863
33024.422,8700,10863
33024.58,8701,10863
33024.886,8702,10863
33026.873,8703,10863
33032.328,8704,10863
33046.035,8705,10863
33047.577,8706,10863
33047.615,8707,10863
33047.626,8708,10863
33048.839,8709,10863
33056.093,8710,10863
33057.228,8711,10863
33063.543,8712,10863
33064.428,8713,10863
33065.53,8714,10864
33078.657,8715,10864
33086.161,8716,10864
33086.349,8717,10864
33086.675,8718,10864
33086.964,8719,10864
33094.305,8720,10864
33100.185,8721,10864
33100.207,8722,10864
33113.743,8723,10864
33125.588,8724,10864
33142.343,8725,10865
33150.06,8726,10865
33150.245,8727,10865
33175.95,8728,10865
33234.803,8729,10865
33241.392,8730,10865
33275.966,8731,10865
33275.993,8732,10865
33276.022,8733,10865
33276.244,8734,10865
33277.889,8735,10865
33298.902,8736,10865
33312.252,8737,10867
33316.09,8738,10868
33316.798,8739,10868
33316.936,8740,10868
33317.762,8741,10868
33317.945,8742,10868
33328.17,8743,10868
33328.213,8744,10868
33328.29,8745,10868
33328.357,8746,10868
33398.721,8747,10868
33398.919,8748,10868
33418.323,8749,10869
33420.144,8750,10869
33428.495,8751,10869
33428.756,8752,10873
33435.675,8753,10873
33516.818,8754,10874
33518.516,8755,10874
33524.411,8756,10874
33524.684,8757,10874
33572.647,8758,10874
33572.955,8759,10874
33573.604,8760,10875
33573.898,8761,10875
33576.131,8762,10875
33640.048,8763,10875
33650.693,8764,10875
33653.003,8765,10875
33667.301,8766,10875
33688.663,8767,10875
33696.74,8768,10875
33697.272,8769,10885
33701.355,8770,10886
33712.485,8771,10886
33718.412,8772,10886
33749.531,8773,10886
33750.475,8774,10886
33772.77,8775,10888
33773.525,8776,10888
33785.911,8777,10888
33787.314,8778,10888
33787.369,8779,10888
33817.195,8780,10888
33818.609,8781,10888
33819.129,8782,10888
33823.602,8783,10890
33823.734,8784,10891
33839.845,8785,10891
33839.932,8786,10891
33839.95,8787,10891
33840.059,8788,10891
33859.113,8789,10891
33861.212,8790,10891
33880.491,8791,10891
33885.324,8792,10891
33885.471,8793,10891
33891.093,8794,10893
33992.604,8795,10898
34017.26,8796,10898
34019.338,8797,10900
34031.409,8798,10900
34036.127,8799,10901
34046.164,8800,10901
34070.233,8801,10901
34072.39,8802,10901
34110.57,8803,10902
34180.875,8804,10903
34216.487,8805,10904
34225.295,8806,10904
34257.169,8807,10904
34284.769,8808,10904
34302.945,8809,10904
34346.181,8810,10904
34352.699,8811,10904
34368.134,8812,10905
34388.582,8813,10905
34391.168,8814,10905
34391.796,8815,10905
34391.822,8816,10905
34391.859,8817,10905
34392.113,8818,10905
34393.218,8819,10905
34399.297,8820,10905
34438.891,8821,10905
34439.79,8822,10905
34440.207,8823,10905
34440.366,8824,10905
34440.862,8825,10905
34441.456,8826,10905
34446.431,8827,10905
34447.583,8828,10905
34458.156,8829,10905
34458.639,8830,10905
34474.841,8831,10905
34510.533,8832,10905
34518.209,8833,10905
34518.303,8834,10905
34518.377,8835,10905
34518.631,8836,10905
34520.404,8837,10905
34542.717,8838,10905
34544.409,8839,10905
34572.738,8840,10906
34582.0,8841,10906
34602.6,8842,10906
34603.078,8843,10906
34606.228,8844,10906
34615.734,8845,10906
34619.6,8846,10906
34620.828,8847,10906
34621.402,8848,10906
34621.528,8849,10906
34622.623,8850,10906
34627.965,8851,10906
34630.725,8852,10906
34695.117,8853,10906
34735.7,8854,10906
34746.241,8855,10907
34763.368,8856,10907
34763.517,8857,10907
34763.74,8858,10907
34765.329,8859,10907
34815.068,8860,10908
34862.085,8861,10908
34862.281,8862,10908
34863.719,8863,10908
34863.868,8864,10908
34863.977,8865,10908
34863.999,8866,10908
34864.167,8867,10908
34888.551,8868,10916
34905.038,8869,10917
34905.103,8870,10917
34930.109,8871,10917
34967.97,8872,10917
34987.417,8873,10917
34987.498,8874,10917
35019.211,8875,10917
35019.493,8876,10917
35019.81,8877,10917
35020.517,8878,10917
35033.89,8879,10917
35041.522,8880,10917
35041.544,8881,10917
35041.662,8882,10917
35042.103,8883,10917
35052.746,8884,10917
35057.91,8885,10917
35086.728,8886,10917
35086.861,8887,10917
35111.615,8888,10918
35111.654,8889,10918
35112.762,8890,10919
35158.161,8891,10919
35180.427,8892,10919
35208.582,8893,10920
35215.861,8894,10920
35216.696,8895,10920
35218.773,8896,10921
35219.769,8897,10921
35226.609,8898,10921
35226.681,8899,10921
35226.813,8900,10921
35227.264,8901,10921
35237.796,8902,10921
35252.936,8903,10921
35281.677,8904,10921
35315.117,8905,10921
35324.348,8906,10921
35326.051,8907,10921
35434.381,8908,10921
35434.5,8909,10921
35443.035,8910,10921
35443.66,8911,10921
35444.297,8912,10921
35466.954,8913,10924
35488.907,8914,10924
35542.093,8915,10924
35550.18,8916,10924
35550.235,8917,10924
35550.735,8918,10924
35551.846,8919,10924
35582.154,8920,10925
35588.272,8921,10925
35598.6,8922,10925
35618.352,8923,10928
35618.566,8924,10931
35618.745,8925,10932
35619.311,8926,10933
35622.189,8927,10933
35625.129,8928,10935
35648.28,8929,10935
35650.869,8930,10935
35650.972,8931,10935
35663.222,8932,10935
35671.1,8933,10935
35671.24,8934,10935
35672.126,8935,10935
35686.244,8936,10935
35686.405,8937,10935
35687.473,8938,10935
35690.183,8939,10935
35690.197,8940,10935
35692.629,8941,10935
35696.822,8942,10935
35699.703,8943,10935
35701.364,8944,10935
35713.957,8945,10935
35714.272,8946,10942
35717.317,8947,10942
35717.358,8948,10943
35718.284,8949,10943
35718.636,8950,10943
35719.45,8951,10943
35719.744,8952,10943
35720.286,8953,10943
35720.926,8954,10943
35721.239,8955,10943
35722.982,8956,10943
35723.074,8957,10944
35723.151,8958,10944
35723.805,8959,10944
35725.436,8960,10944
35726.525,8961,10944
35726.586,8962,10944
35735.88,8963,10944
35743.289,8964,10944
35743.608,8965,10944
35748.951,8966,10944
35749.78,8967,10944
35758.996,8968,10944
35759.545,8969,10944
35759.89,8970,10944
35760.685,8971,10944
35762.443,8972,10944
35762.496,8973,10944
35762.53,8974,10944
35762.818,8975,10944
35763.345,8976,10944
35763.696,8977,10944
35763.955,8978,10944
35766.556,8979,10947
35769.811,8980,10947
35769.862,8981,10947
35770.371,8982,10948
35773.404,8983,10949
35774.018,8984,10949
35774.365,8985,10949
35774.415,8986,10949
35774.545,8987,10949
35774.706,8988,10949
35780.173,8989,10949
35780.247,8990,10950
35784.224,8991,10950
35784.263,8992,10950
35790.39,8993,10950
35791.755,8994,10950
35792.492,8995,10950
35793.485,8996,10950
35796.689,8997,10950
35807.57,8998,10950
35812.25,8999,10950
35823.944,9000,10950
35823.971,9001,10950
35824.025,9002,10950
35857.863,9003,10950
35859.125,9004,10950
35861.521,9005,10950
35861.557,9006,10950
35862.501,9007,10950
35863.74,9008,10950
35867.468,9009,10950
35869.792,9010,10950
35872.58,9011,10951
35875.611,9012,10951
35875.863,9013,10951
35877.984,9014,10951
35878.177,9015,10951
35898.184,9016,10951
35900.054,9017,10951
35900.081,9018,10951
35900.107,9019,10951
35900.115,9020,10951
35903.533,9021,10951
35911.5,9022,10951
35912.323,9023,10951
35952.098,9024,10951
35952.374,9025,10951
35957.286,9026,10951
35960.626,9027,10951
35965.071,9028,10951
35965.279,9029,10951
35971.233,9030,10951
35974.412,9031,10951
35976.252,9032,10951
35990.435,9033,10951
35998.449,9034,10951
36001.155,9035,10951
36011.079,9036,10951
36023.393,9037,10951
36026.69,9038,10951
36029.9,9039,10951
36040.399,9040,10951
36041.415,9041,10951
36041.433,9042,10951
36048.69,9043,10951
36048.886,9044,10951
36054.629,9045,10951
36084.342,9046,10951
36089.358,9047,10951
36089.442,9048,10952
36089.543,9049,10952
36090.363,9050,10952
36094.023,9051,10952
36094.533,9052,10952
36095.343,9053,10952
36095.966,9054,10952
36097.169,9055,10952
36097.415,9056,10954
36097.934,9057,10954
36098.384,9058,10954
36098.789,9059,10954
36099.697,9060,10954
36100.748,9061,10954
36101.454,9062,10954
36106.568,9063,10954
36116.875,9064,10954
36131.15,9065,10954
36131.586,9066,10954
36133.192,9067,10954
36146.632,9068,10954
36183.891,9069,10954
36191.823,9070,10954
36209.166,9071,10954
36209.199,9072,10954
36209.484,9073,10954
36209.546,9074,10954
36209.569,9075,10954
36212.659,9076,10954
36225.748,9077,10954
36227.03,9078,10954
36229.607,9079,10954
36238.891,9080,10954
36253.314,9081,10954
36260.682,9082,10954
36262.382,9083,10954
36263.622,9084,10954
36272.743,9085,10954
36276.994,9086,10955
36279.192,9087,10957
36286.213,9088,10957
36291.827,9089,10957
36292.011,9090,10957
36296.06,9091,10957
36309.434,9092,10957
36309.591,9093,10962
36310.265,9094,10963
36312.18,9095,10967
36312.364,9096,10967
36312.502,9097,10968
36312.556,9098,10968
36315.282,9099,10968
36321.87,9100,10969
36321.909,9101,10969
36333.693,9102,10969
36337.692,9103,10969
36338.047,9104,10969
36351.748,9105,10969
36369.29,9106,10969
36382.513,9107,10969
36409.919,9108,10970
36409.945,9109,10970
36410.748,9110,10970
36423.941,9111,10970
36424.245,9112,10970
36424.618,9113,10971
36450.838,9114,10971
36459.912,9115,10971
36460.14,9116,10971
36460.165,9117,10971
36475.271,9118,10971
36477.204,9119,10971
36493.318,9120,10971
36493.481,9121,10971
36495.202,9122,10971
36495.821,9123,10971
36502.732,9124,10971
36503.741,9125,10971
36517.436,9126,10971
36517.684,9127,10971
36517.969,9128,10971
36526.195,9129,10971
36526.241,9130,10971
36533.544,9131,10971
36533.77,9132,10971
36540.496,9133,10971
36552.314,9134,10971
36554.238,9135,10971
36555.159,9136,10971
36570.688,9137,10971
36571.846,9138,10971
36574.005,9139,10971
36583.696,9140,10971
36586.619,9141,10971
36586.656,9142,10971
36594.593,9143,10971
36597.218,9144,10971
36598.331,9145,10971
36600.142,9146,10971
36600.253,9147,10971
36601.901,9148,10971
36604.494,9149,10971
36610.095,9150,10971
36610.428,9151,10971
36612.85,9152,10971
36613.241,9153,10971
36615.227,9154,10971
36621.812,9155,10971
36634.41,9156,10971
36634.51,9157,10971
36641.063,9158,10971
36641.501,9159,10971
36641.508,9160,10971
36642.489,9161,10971
36642.887,9162,10971
36643.963,9163,10971
36644.971,9164,10971
36648.302,9165,10971
36648.453,9166,10971
36648.558,9167,10971
36648.708,9168,10971
36649.502,9169,10971
36668.282,9170,10971
36673.077,9171,10971
36673.161,9172,10971
36673.563,9173,10971
36677.513,9174,10971
36677.677,9175,10971
36678.165,9176,10971
36698.303,9177,10971
36698.332,9178,10971
36701.602,9179,10971
36712.864,9180,10971
36714.661,9181,10971
36719.868,9182,10971
36734.266,9183,10971
36734.282,9184,10971
36738.716,9185,10971
36739.071,9186,10971
36739.597,9187,10971
36740.269,9188,10971
36758.399,9189,10971
36763.734,9190,10971
36795.444,9191,10971
36795.728,9192,10971
36801.352,9193,10971
36806.147,9194,10972
36813.757,9195,10972
36819.301,9196,10972
36819.483,9197,10972
36823.705,9198,10972
36826.134,9199,10972
36835.538,9200,10972
36854.242,9201,10973
36866.793,9202,10973
36888.99,9203,10973
36889.899,9204,10973
36897.537,9205,10974
36910.109,9206,10974
36914.041,9207,10974
36916.202,9208,10974
36927.858,9209,10974
36929.897,9210,10974
36953.202,9211,10974
36953.219,9212,10974
36953.335,9213,10974
36956.968,9214,10974
36957.315,9215,10974
36962.9,9216,10974
36963.966,9217,10974
36974.176,9218,10974
36974.322,9219,10974
36992.436,9220,10974
37017.811,9221,10974
37025.397,9222,10974
37048.284,9223,10974
37068.138,9224,10974
37079.149,9225,10974
37082.743,9226,10974
37083.322,9227,10974
37083.786,9228,10974
37084.181,9229,10974
37086.689,9230,10974
37089.121,9231,10979
37089.421,9232,10979
37104.894,9233,10979
37117.973,9234,10979
37118.124,9235,10979
37118.318,9236,10979
37129.124,9237,10980
37129.669,9238,10980
37129.732,9239,10980
37129.836,9240,10981
37130.439,9241,10981
37131.358,9242,10981
37131.762,9243,10981
37160.659,9244,10981
37182.556,9245,10981
37188.388,9246,10981
37199.446,9247,10981
37199.726,9248,10981
37199.809,9249,10981
37200.954,9250,10981
37202.115,9251,10981
37209.8,9252,10981
37212.021,9253,10981
37212.042,9254,10981
37212.073,9255,10981
37212.121,9256,10981
37212.398,9257,10981
37212.489,9258,10981
37212.984,9259,10981
37213.029,9260,10981
37214.649,9261,10981
37215.377,9262,10981
37216.129,9263,10981
37216.291,9264,10981
37217.974,9265,10981
37218.484,9266,10981
37228.8,9267,10981
37250.981,9268,10981
37267.797,9269,10981
37267.823,9270,10981
37297.949,9271,10981
37298.12,9272,10981
37298.164,9273,10981
37298.471,9274,10981
37299.014,9275,10981
37299.295,9276,10981
37303.645,9277,10981
37308.345,9278,11003
37309.271,9279,11003
37309.397,9280,11005
37309.488,9281,11005
37309.804,9282,11007
37309.906,9283,11007
37322.518,9284,11007
37325.76,9285,11007
37344.022,9286,11007
37344.071,9287,11007
37354.019,9288,11007
37354.78,9289,11007
37355.168,9290,11007
37357.808,9291,11007
37384.054,9292,11007
37393.955,9293,11007
37400.141,9294,11007
37400.318,9295,11007
37400.421,9296,11007
37400.48,9297,11007
37402.319,9298,11007
37403.881,9299,11007
37407.777,9300,11007
37408.201,9301,11007
37408.982,9302,11007
37428.66,9303,11008
37437.841,9304,11008
37438.062,9305,11008
37441.686,9306,11008
37469.135,9307,11008
37471.13,9308,11008
37482.091,9309,11008
37500.723,9310,11008
37500.811,9311,11008
37503.305,9312,11008
37503.336,9313,11008
37503.621,9314,11008
37503.761,9315,11008
37503.968,9316,11008
37505.635,9317,11008
37508.02,9318,11008
37509.374,9319,11008
37512.893,9320,11008
37519.104,9321,11008
37519.205,9322,11008
37538.708,9323,11008
37539.316,9324,11008
37548.899,9325,11008
37548.913,9326,11008
37569.956,9327,11008
37570.807,9328,11008
37578.858,9329,11008
37585.752,9330,11008
37598.562,9331,11008
37599.441,9332,11008
37603.102,9333,11008
37616.963,9334,11008
37621.005,9335,11008
37624.354,9336,11008
37624.534,9337,11008
37626.541,9338,11008
37659.221,9339,11008
37683.779,9340,11008
37683.963,9341,11008
37684.897,9342,11008
37685.49,9343,11008
37685.552,9344,11008
37687.195,9345,11008
37687.929,9346,11008
37688.536,9347,11008
37688.979,9348,11008
37690.313,9349,11008
37691.505,9350,11008
37692.06,9351,11008
37702.517,9352,11009
37713.325,9353,11009
37726.668,9354,11010
37742.97,9355,11010
37743.148,9356,11010
37743.202,9357,11010
37743.276,9358,11010
37744.46,9359,11010
37744.519,9360,11010
37744.54,9361,11010
37744.56,9362,11010
37745.055,9363,11010
37746.931,9364,11010
37748.102,9365,11010
37749.025,9366,11010
37749.385,9367,11010
37751.998,9368,11010
37752.851,9369,11010
37755.351,9370,11010
37756.311,9371,11010
37756.673,9372,11012
37756.691,9373,11013
37757.06,9374,11013
37757.074,9375,11013
37766.32,9376,11013
37767.149,9377,11013
37770.153,9378,11013
37774.76,9379,11013
37774.766,9380,11013
37774.823,9381,11013
37775.316,9382,11013
37776.273,9383,11013
37798.245,9384,11013
37798.367,9385,11014
37802.47,9386,11014
37816.485,9387,11014
37816.503,9388,11014
37816.987,9389,11014
37818.364,9390,11014
37838.078,9391,11014
37838.359,9392,11014
37839.484,9393,11014
37849.88,9394,11014
37850.373,9395,11014
37852.86,9396,11014
37854.643,9397,11014
37893.669,9398,11014
37895.181,9399,11014
37895.434,9400,11014
37896.511,9401,11014
37896.629,9402,11014
37896.875,9403,11014
37898.833,9404,11014
37907.21,9405,11014
37914.657,9406,11014
37914.793,9407,11014
37915.108,9408,11014
37915.476,9409,11014
37930.577,9410,11014
37930.587,9411,11014
37933.4,9412,11014
37955.551,9413,11014
37956.199,9414,11014
37956.68,9415,11014
37956.723,9416,11014
37956.822,9417,11014
37957.409,9418,11014
37957.733,9419,11014
37961.827,9420,11015
37962.236,9421,11015
37966.252,9422,11015
37971.988,9423,11015
37978.259,9424,11015
37981.079,9425,11015
37981.354,9426,11015
37981.423,9427,11015
37986.657,9428,11015
37986.664,9429,11016
37986.805,9430,11016
37987.027,9431,11017
37991.746,9432,11017
37992.393,9433,11017
37995.82,9434,11017
37997.705,9435,11017
37998.332,9436,11017
37999.482,9437,11017
38000.431,9438,11017
38003.593,9439,11017
38003.702,9440,11017
38005.243,9441,11017
38013.683,9442,11017
38014.023,9443,11017
38017.468,9444,11017
38017.751,9445,11017
38018.251,9446,11019
38025.109,9447,11019
38025.18,9448,11019
38025.271,9449,11020
38025.538,9450,11020
38025.681,9451,11020
38025.854,9452,11021
38026.095,9453,11021
38026.512,9454,11021
38027.126,9455,11021
38027.191,9456,11022
38028.045,9457,11022
38029.126,9458,11022
38033.857,9459,11022
38034.304,9460,11022
38034.407,9461,11023
38035.908,9462,11023
38041.733,9463,11023
38042.031,9464,11023
38045.27,9465,11023
38045.491,9466,11025
38045.745,9467,11026
38046.378,9468,11026
38047.008,9469,11026
38047.566,9470,11026
38047.632,9471,11026
38048.404,9472,11026
38048.683,9473,11026
38048.809,9474,11026
38054.99,9475,11026
38055.935,9476,11026
38060.615,9477,11026
38061.327,9478,11026
38071.019,9479,11026
38071.163,9480,11026
38078.187,9481,11026
38078.439,9482,11026
38080.988,9483,11026
38082.074,9484,11026
38088.661,9485,11026
38088.821,9486,11026
38090.028,9487,11026
38113.901,9488,11026
38114.087,9489,11026
38115.149,9490,11026
38121.101,9491,11026
38140.906,9492,11026
38153.458,9493,11026
38154.614,9494,11026
38155.541,9495,11026
38172.516,9496,11026
38197.846,9497,11026
38198.784,9498,11026
38202.621,9499,11026
38213.189,9500,11034
38217.743,9501,11034
38229.559,9502,11034
38249.043,9503,11034
38252.259,9504,11034
38287.11,9505,11034
38288.495,9506,11034
38288.502,9507,11034
38290.085,9508,11034
38290.142,9509,11034
38290.772,9510,11034
38327.439,9511,11034
38333.338,9512,11034
38345.579,9513,11034
38346.838,9514,11034
38357.526,9515,11034
38365.002,9516,11034
38365.213,9517,11034
38365.797,9518,11034
38366.865,9519,11035
38367.357,9520,11036
38394.6,9521,11036
38394.734,9522,11036
38395.001,9523,11036
38395.809,9524,11036
38395.949,9525,11036
38398.674,9526,11036
38404.484,9527,11036
38404.547,9528,11036
38405.77,9529,11036
38420.298,9530,11037
38421.982,9531,11037
38422.117,9532,11037
38422.385,9533,11037
38450.476,9534,11037
38454.877,9535,11037
38454.909,9536,11037
38455.382,9537,11038
38456.103,9538,11038
38458.987,9539,11038
38481.656,9540,11038
38481.753,9541,11038
38482.736,9542,11038
38482.749,9543,11038
38488.18,9544,11038
38488.366,9545,11038
38500.438,9546,11038
38502.613,9547,11038
38519.993,9548,11038
38553.414,9549,11038
38566.356,9550,11038
38566.423,9551,11038
38566.758,9552,11038
38567.07,9553,11038
38568.907,9554,11038
38569.317,9555,11038
38569.485,9556,11038
38572.921,9557,11038
38573.369,9558,11038
38573.978,9559,11039
38576.882,9560,11039
38577.196,9561,11039
38578.683,9562,11039
38580.404,9563,11040
38581.105,9564,11040
38588.699,9565,11040
38588.839,9566,11040
38589.338,9567,11040
38590.626,9568,11040
38590.855,9569,11040
38591.681,9570,11040
38591.941,9571,11040
38592.427,9572,11040
38593.031,9573,11040
38593.296,9574,11040
38595.907,9575,11040
38596.566,9576,11040
38597.103,9577,11040
38597.258,9578,11040
38598.374,9579,11040
38600.631,9580,11040
38607.016,9581,11040
38609.012,9582,11040
38609.985,9583,11040
38610.669,9584,11040
38612.269,9585,11040
38613.71,9586,11040
38615.049,9587,11040
38615.556,9588,11040
38619.211,9589,11040
38620.538,9590,11040
38622.259,9591,11040
38622.283,9592,11040
38622.32,9593,11040
38622.484,9594,11040
38623.068,9595,11040
38623.265,9596,11040
38624.173,9597,11040
38624.219,9598,11040
38624.551,9599,11040
38625.762,9600,11040
38636.296,9601,11040
38636.606,9602,11040
38636.635,9603,11040
38646.089,9604,11040
38668.233,9605,11040
38668.466,9606,11040
38670.148,9607,11040
38676.212,9608,11040
38695.916,9609,11040
38711.945,9610,11040
38712.687,9611,11040
38714.593,9612,11040
38715.313,9613,11040
38715.622,9614,11040
38716.46,9615,11040
38718.314,9616,11040
38734.199,9617,11040
38734.329,9618,11040
38734.359,9619,11040
38734.422,9620,11040
38735.291,9621,11040
38735.373,9622,11040
38736.288,9623,11040
38736.332,9624,11040
38738.414,9625,11040
38741.128,9626,11040
38741.932,9627,11040
38744.992,9628,11040
38745.025,9629,11040
38758.819,9630,11040
38766.202,9631,11040
38768.005,9632,11040
38771.436,9633,11040
38771.488,9634,11040
38771.516,9635,11040
38772.003,9636,11040
38772.675,9637,11041
38773.687,9638,11041
38773.88,9639,11041
38774.679,9640,11041
38774.716,9641,11041
38779.943,9642,11041
38781.972,9643,11041
38783.177,9644,11041
38783.232,9645,11041
38783.7,9646,11041
38787.354,9647,11041
38787.474,9648,11041
38788.192,9649,11041
38788.834,9650,11041
38802.416,9651,11041
38802.461,9652,11041
38811.668,9653,11041
38819.502,9654,11041
38819.765,9655,11041
38827.08,9656,11041
38827.44,9657,11041
38836.482,9658,11041
38838.193,9659,11041
38845.963,9660,11041
38850.928,9661,11041
38854.304,9662,11041
38854.438,9663,11041
38854.493,9664,11041
38855.124,9665,11041
38855.445,9666,11041
38857.02,9667,11041
38857.041,9668,11041
38861.643,9669,11041
38868.76,9670,11041
38879.545,9671,11041
38889.105,9672,11041
38893.139,9673,11041
38893.366,9674,11041
38893.621,9675,11041
38895.292,9676,11041
38900.923,9677,11041
38901.194,9678,11041
38902.48,9679,11041
38903.257,9680,11041
38904.033,9681,11041
38919.895,9682,11041
38920.753,9683,11041
38932.719,9684,11041
38946.641,9685,11041
38950.744,9686,11041
38951.29,9687,11042
38952.814,9688,11042
38953.941,9689,11042
38954.842,9690,11042
38957.484,9691,11042
38965.404,9692,11042
38969.36,9693,11042
38971.687,9694,11042
38971.823,9695,11042
38975.565,9696,11042
38975.623,9697,11044
38976.587,9698,11044
38976.646,9699,11044
38976.654,9700,11044
38976.89,9701,11044
38977.003,9702,11044
38977.449,9703,11044
38978.596,9704,11044
38979.124,9705,11044
38979.841,9706,11044
38984.936,9707,11044
38993.905,9708,11044
38994.938,9709,11044
38994.944,9710,11044
38995.016,9711,11044
38995.441,9712,11044
38996.131,9713,11044
38996.638,9714,11044
39005.106,9715,11044
39005.255,9716,11044
39032.89,9717,11044
39033.582,9718,11044
39041.581,9719,11044
39052.754,9720,11044
39055.591,9721,11044
39058.706,9722,11044
39079.232,9723,11044
39079.338,9724,11044
39084.625,9725,11044
39084.731,9726,11044
39085.2,9727,11044
39099.297,9728,11044
39118.055,9729,11044
39118.32,9730,11044
39119.228,9731,11044
39125.791,9732,11044
39129.509,9733,11044
39131.855,9734,11044
39133.141,9735,11044
39134.204,9736,11044
39134.236,9737,11044
39149.071,9738,11044
39166.266,9739,11044
39189.073,9740,11044
39196.519,9741,11044
39202.062,9742,11044
39214.102,9743,11044
39234.201,9744,11044
39234.285,9745,11044
39249.985,9746,11044
39252.877,9747,11045
39254.104,9748,11045
39262.848,9749,11045
39263.013,9750,11045
39263.256,9751,11045
39266.685,9752,11045
39267.912,9753,11045
39268.222,9754,11045
39269.252,9755,11045
39269.334,9756,11046
39275.893,9757,11046
39282.825,9758,11046
39302.088,9759,11046
39307.934,9760,11046
39310.126,9761,11046
39317.177,9762,11046
39339.411,9763,11046
39339.541,9764,11046
39343.587,9765,11046
39344.44,9766,11046
39344.868,9767,11046
39344.881,9768,11046
39346.41,9769,11046
39351.191,9770,11046
39351.617,9771,11046
39352.95,9772,11046
39355.219,9773,11047
39357.804,9774,11047
39366.407,9775,11047
39372.927,9776,11047
39378.352,9777,11047
39378.364,9778,11047
39378.426,9779,11047
39378.501,9780,11047
39378.564,9781,11047
39385.724,9782,11047
39386.269,9783,11047
39387.696,9784,11047
39393.565,9785,11047
39393.653,9786,11047
39413.345,9787,11047
39422.231,9788,11047
39422.311,9789,11047
39425.67,9790,11047
39426.366,9791,11047
39433.134,9792,11048
39438.763,9793,11048
39443.427,9794,11048
39458.105,9795,11048
39458.151,9796,11048
39462.628,9797,11048
39464.455,9798,11048
39464.578,9799,11048
39464.616,9800,11048
39477.071,9801,11048
39477.226,9802,11048
39478.147,9803,11048
39492.135,9804,11048
39522.144,9805,11048
39563.215,9806,11048
39563.492,9807,11048
39563.838,9808,11048
39564.095,9809,11048
39565.146,9810,11048
39565.507,9811,11048
39571.227,9812,11048
39574.747,9813,11048
39580.384,9814,11048
39591.5,9815,11048
39592.221,9816,11048
39606.736,9817,11048
39606.952,9818,11048
39607.089,9819,11048
39611.28,9820,11048
39614.984,9821,11048
39616.348,9822,11048
39651.885,9823,11049
39652.276,9824,11049
39654.907,9825,11050
39656.793,9826,11050
39659.981,9827,11050
39677.412,9828,11050
39677.655,9829,11050
39678.22,9830,11050
39678.229,9831,11050
39680.88,9832,11050
39681.152,9833,11050
39682.292,9834,11050
39685.404,9835,11050
39689.649,9836,11055
39692.847,9837,11055
39700.118,9838,11055
39714.518,9839,11055
39714.58,9840,11055
39720.729,9841,11055
39725.831,9842,11055
39726.095,9843,11055
39729.198,9844,11055
39743.742,9845,11055
39762.685,9846,11055
39763.595,9847,11055
39763.795,9848,11055
39771.485,9849,11055
39774.365,9850,11055
39774.41,9851,11056
39777.264,9852,11056
39777.818,9853,11057
39778.169,9854,11057
39779.561,9855,11057
39809.385,9856,11057
39812.944,9857,11057
39813.857,9858,11057
39813.905,9859,11057
39815.3,9860,11057
39820.956,9861,11057
39821.707,9862,11057
39839.211,9863,11057
39850.775,9864,11057
39858.032,9865,11057
39858.639,9866,11057
39859.28,9867,11057
39859.289,9868,11057
39859.329,9869,11057
39860.428,9870,11057
39860.695,9871,11057
39860.834,9872,11057
39861.294,9873,11057
39861.741,9874,11057
39861.88,9875,11057
39862.107,9876,11057
39864.258,9877,11057
39866.117,9878,11057
39866.376,9879,11057
39866.826,9880,11057
39866.86,9881,11057
39868.317,9882,11066
39868.593,9883,11066
39869.877,9884,11066
39870.498,9885,11066
39870.84,9886,11066
39870.926,9887,11066
39874.62,9888,11066
39875.279,9889,11066
39876.511,9890,11066
39876.589,9891,11066
39878.851,9892,11066
39884.631,9893,11066
39886.095,9894,11070
39886.461,9895,11072
39886.502,9896,11073
39886.53,9897,11073
39886.811,9898,11074
39886.949,9899,11074
39889.747,9900,11074
39903.292,9901,11074
39913.326,9902,11074
39914.356,9903,11074
39916.04,9904,11074
39946.302,9905,11075
39961.066,9906,11075
39961.139,9907,11075
39963.531,9908,11075
39965.992,9909,11075
39996.252,9910,11075
40002.672,9911,11075
40002.807,9912,11075
40013.669,9913,11075
40017.455,9914,11075
40021.022,9915,11075
40032.993,9916,11075
40035.26,9917,11075
40036.818,9918,11075
40036.84,9919,11075
40037.003,9920,11075
40038.26,9921,11075
40065.199,9922,11076
40065.496,9923,11076
40090.606,9924,11076
40119.213,9925,11076
40128.935,9926,11076
40145.732,9927,11077
40178.818,9928,11077
40216.166,9929,11077
40216.602,9930,11077
40216.71,9931,11078
40217.125,9932,11078
40217.564,9933,11078
40217.676,9934,11078
40217.687,9935,11078
40218.145,9936,11079
40220.396,9937,11079
40225.002,9938,11079
40231.346,9939,11079
40232.715,9940,11079
40233.75,9941,11079
40246.775,9942,11079
40253.239,9943,11079
40253.403,9944,11172
40254.025,9945,11172
40254.054,9946,11172
40261.117,9947,11172
40262.813,9948,11172
40279.094,9949,11172
40291.976,9950,11172
40310.765,9951,11172
40312.553,9952,11172
40322.906,9953,11172
40329.346,9954,11172
40329.386,9955,11172
40337.172,9956,11172
40350.491,9957,11172
40351.715,9958,11172
40360.677,9959,11172
40364.111,9960,11172
40387.429,9961,11172
40388.652,9962,11172
40391.087,9963,11172
40391.139,9964,11172
40391.223,9965,11172
40392.037,9966,11172
40392.629,9967,11173
40393.128,9968,11173
40404.909,9969,11173
40408.901,9970,11173
40409.022,9971,11173
40421.339,9972,11173
40455.931,9973,11173
40465.354,9974,11173
40465.419,9975,11173
40468.41,9976,11173
40485.554,9977,11173
40507.722,9978,11173
40527.5,9979,11174
40557.043,9980,11175
40570.503,9981,11175
40570.604,9982,11175
40570.818,9983,11175
40571.351,9984,11175
40571.459,9985,11175
40573.385,9986,11175
40575.184,9987,11175
40579.594,9988,11175
40590.618,9989,11175
40597.213,9990,11175
40597.642,9991,11175
40601.067,9992,11175
40620.01,9993,11175
40620.068,9994,11175
40627.559,9995,11175
40637.828,9996,11175
40638.258,9997,11175
40638.891,9998,11175
40639.605,9999,11175
40641.983,10000,11175
40661.584,10001,11175
40662.535,10002,11175
40666.239,10003,11175
40677.457,10004,11175
40680.493,10005,11175
40693.698,10006,11175
40693.746,10007,11175
40695.974,10008,11175
40696.152,10009,11175
40697.773,10010,11175
40699.308,10011,11175
40704.553,10012,11175
40704.596,10013,11175
40724.141,10014,11175
40749.575,10015,11175
40767.675,10016,11175
40798.737,10017,11175
40810.988,10018,11175
40815.886,10019,11175
40815.944,10020,11175
40820.784,10021,11175
40823.225,10022,11175
40826.511,10023,11175
40832.284,10024,11175
40833.387,10025,11176
40841.148,10026,11176
40847.465,10027,11176
40847.995,10028,11176
40848.532,10029,11176
40849.224,10030,11176
40861.967,10031,11176
40887.771,10032,11177
40901.851,10033,11177
40904.749,10034,11177
40919.915,10035,11177
40926.931,10036,11177
40928.116,10037,11177
40932.114,10038,11177
40937.525,10039,11177
40947.946,10040,11177
40948.891,10041,11177
40959.095,10042,11177
40971.795,10043,11177
40982.137,10044,11177
40982.41,10045,11177
40982.453,10046,11177
40983.709,10047,11177
40985.215,10048,11177
40986.222,10049,11177
40986.976,10050,11177
40990.561,10051,11177
40995.535,10052,11177
40995.578,10053,11177
40999.037,10054,11179
41010.714,10055,11179
41019.181,10056,11179
41019.392,10057,11179
41041.232,10058,11179
41041.417,10059,11179
41041.796,10060,11179
41079.524,10061,11179
41094.041,10062,11179
41098.651,10063,11179
41130.774,10064,11179
41158.25,10065,11179
41159.328,10066,11179
41159.675,10067,11179
41159.914,10068,11179
41166.822,10069,11179
41173.319,10070,11179
41177.675,10071,11179
41177.703,10072,11180
41210.569,10073,11180
41210.903,10074,11180
41211.605,10075,11180
41222.221,10076,11180
41222.522,10077,11180
41222.673,10078,11180
41222.892,10079,11180
41226.021,10080,11180
41228.651,10081,11180
41229.405,10082,11180
41230.311,10083,11180
41230.393,10084,11180
41230.976,10085,11180
41231.557,10086,11180
41231.594,10087,11180
41232.877,10088,11180
41236.873,10089,11180
41264.66,10090,11180
41264.761,10091,11180
41276.662,10092,11180
41288.464,10093,11180
41301.237,10094,11180
41325.549,10095,11180
41325.676,10096,11180
41326.8,10097,11180
41327.448,10098,11180
41328.545,10099,11180
41329.266,10100,11180
41357.442,10101,11180
41358.525,10102,11180
41358.833,10103,11180
41368.954,10104,11180
41397.417,10105,11181
41397.737,10106,11181
41398.574,10107,11185
41402.738,10108,11185
41405.841,10109,11186
41406.061,10110,11186
41423.161,10111,11186
41424.156,10112,11186
41438.025,10113,11186
41444.018,10114,11186
41450.391,10115,11186
41450.524,10116,11186
41450.923,10117,11186
41451.453,10118,11186
41453.673,10119,11186
41453.782,10120,11186
41453.835,10121,11186
41454.077,10122,11186
41454.11,10123,11186
41454.162,10124,11186
41468.848,10125,11186
41482.01,10126,11186
41489.493,10127,11186
41491.393,10128,11186
41491.636,10129,11186
41491.943,10130,11186
41497.499,10131,11186
41498.834,10132,11186
41499.013,10133,11186
41499.032,10134,11186
41502.403,10135,11186
41503.198,10136,11187
41503.306,10137,11187
41564.529,10138,11187
41564.838,10139,11187
41564.933,10140,11187
41566.016,10141,11187
41567.481,10142,11187
41569.299,10143,11187
41569.427,10144,11191
41573.442,10145,11191
41573.506,10146,11191
41576.577,10147,11192
41586.482,10148,11192
41586.626,10149,11192
41587.025,10150,11192
41587.459,10151,11192
41588.397,10152,11192
41589.423,10153,11192
41589.555,10154,11192
41589.843,10155,11192
41590.068,10156,11192
41591.509,10157,11192
41591.821,10158,11192
41603.655,10159,11192
41621.083,10160,11192
41627.14,10161,11192
41632.982,10162,11192
41659.544,10163,11192
41667.241,10164,11192
41667.48,10165,11192
41667.796,10166,11192
41668.26,10167,11192
41668.522,10168,11192
41672.003,10169,11192
41673.259,10170,11192
41674.907,10171,11192
41676.989,10172,11192
41677.199,10173,11192
41677.666,10174,11192
41677.704,10175,11192
41679.09,10176,11192
41684.806,10177,11192
41685.791,10178,11192
41695.817,10179,11192
41698.08,10180,11192
41705.743,10181,11192
41706.989,10182,11192
41729.522,10183,11192
41730.123,10184,11192
41757.227,10185,11192
41757.384,10186,11192
41767.681,10187,11192
41775.8,10188,11192
41777.146,10189,11192
41777.507,10190,11192
41778.389,10191,11193
41779.765,10192,11194
41784.499,10193,11194
41789.399,10194,11194
41799.243,10195,11194
41808.261,10196,11195
41808.531,10197,11195
41815.916,10198,11195
41820.0,10199,11195
41821.254,10200,11195
41821.928,10201,11195
41832.533,10202,11195
41832.759,10203,11195
41832.772,10204,11195
41846.838,10205,11195
41859.716,10206,11195
41862.476,10207,11195
41881.468,10208,11195
41909.884,10209,11195
41920.343,10210,11195
41931.302,10211,11195
41935.975,10212,11195
41953.729,10213,11195
41953.829,10214,11195
41961.277,10215,11195
41976.234,10216,11201
41986.88,10217,11201
42003.591,10218,11201
42028.473,10219,11201
42054.127,10220,11201
42081.493,10221,11201
42083.465,10222,11201
42116.235,10223,11202
42116.675,10224,11202
42122.196,10225,11202
42122.434,10226,11202
42132.291,10227,11202
42133.517,10228,11202
42134.469,10229,11202
42135.072,10230,11202
42155.755,10231,11202
42155.902,10232,11202
42155.941,10233,11207
42156.876,10234,11207
42159.494,10235,11207
42160.67,10236,11207
42161.232,10237,11207
42163.553,10238,11207
42164.194,10239,11207
42165.049,10240,11207
42169.704,10241,11207
42169.79,10242,11207
42170.154,10243,11207
42170.167,10244,11214
42170.599,10245,11214
42171.641,10246,11214
42171.781,10247,11214
42184.329,10248,11214
42193.379,10249,11214
42193.628,10250,11214
42194.862,10251,11214
42201.98,10252,11214
42207.933,10253,11214
42244.579,10254,11214
42244.679,10255,11214
42271.318,10256,11214
42277.576,10257,11214
42313.12,10258,11214
42338.097,10259,11214
42340.734,10260,11214
42341.703,10261,11214
42342.786,10262,11214
42343.034,10263,11214
42344.967,10264,11214
42346.381,10265,11214
42350.712,10266,11214
42356.531,10267,11214
42357.197,10268,11214
42361.214,10269,11214
42361.249,10270,11214
42361.331,10271,11214
42364.614,10272,11214
42367.159,10273,11214
42417.73,10274,11215
42417.926,10275,11215
42420.25,10276,11215
42445.218,10277,11215
42445.289,10278,11215
42445.352,10279,11215
42445.711,10280,11215
42446.29,10281,11215
42453.498,10282,11215
42457.075,10283,11215
42485.092,10284,11215
42495.698,10285,11215
42504.032,10286,11215
42507.965,10287,11216
42512.28,10288,11216
42512.371,10289,11216
42533.376,10290,11216
42576.663,10291,11216
42584.779,10292,11218
42589.298,10293,11218
42598.211,10294,11219
42600.84,10295,11219
42607.174,10296,11219
42610.411,10297,11219
42610.587,10298,11219
42610.868,10299,11219
42633.214,10300,11219
42633.239,10301,11219
42633.487,10302,11219
42636.695,10303,11219
42647.606,10304,11219
42647.94,10305,11219
42648.332,10306,11219
42671.532,10307,11221
42672.12,10308,11221
42684.757,10309,11221
42689.513,10310,11221
42710.34,10311,11221
42717.693,10312,11221
42718.71,10313,11221
42722.657,10314,11221
42722.737,10315,11221
42730.068,10316,11221
42730.183,10317,11221
42730.738,10318,11221
42731.416,10319,11221
42733.72,10320,11221
42734.133,10321,11221
42736.971,10322,11221
42737.603,10323,11221
42738.473,10324,11221
42740.741,10325,11221
42740.89,10326,11221
42741.121,10327,11221
42743.961,10328,11221
42745.543,10329,11221
42748.918,10330,11221
42749.036,10331,11221
42767.823,10332,11221
42776.315,10333,11221
42779.798,10334,11221
42782.094,10335,11221
42786.904,10336,11222
42811.782,10337,11222
42813.72,10338,11222
42823.447,10339,11222
42851.011,10340,11222
42861.286,10341,11222
42870.2,10342,11222
42905.66,10343,11222
42917.343,10344,11222
42935.064,10345,11222
42935.205,10346,11222
42942.314,10347,11222
42966.188,10348,11222
42969.854,10349,11222
42974.575,10350,11222
42977.444,10351,11222
42984.729,10352,11222
43048.659,10353,11222
43067.782,10354,11222
43074.001,10355,11222
43096.252,10356,11222
43096.997,10357,11222
43105.646,10358,11222
43107.349,10359,11222
43152.639,10360,11222
43157.144,10361,11222
43157.174,10362,11222
43157.313,10363,11222
43158.483,10364,11222
43162.404,10365,11222
43200.201,10366,11222
43213.315,10367,11222
43226.052,10368,11222
43239.868,10369,11222
43257.257,10370,11222
43257.34,10371,11222
43257.804,10372,11222
43258.976,10373,11222
43260.53,10374,11222
43266.821,10375,11222
43270.72,10376,11223
43277.647,10377,11223
43287.816,10378,11223
43288.058,10379,11223
43292.438,10380,11223
43294.809,10381,11223
43317.934,10382,11224
43323.566,10383,11224
43326.191,10384,11224
43356.629,10385,11224
43356.961,10386,11224
43356.978,10387,11224
43361.473,10388,11224
43397.868,10389,11224
43399.598,10390,11224
43402.987,10391,11224
43412.224,10392,11224
43412.295,10393,11224
43414.121,10394,11224
43415.249,10395,11224
43415.589,10396,11224
43415.64,10397,11224
43415.697,10398,11224
43419.597,10399,11224
43420.726,10400,11224
43422.874,10401,11224
43426.257,10402,11224
43427.086,10403,11224
43430.433,10404,11224
43446.227,10405,11224
43446.475,10406,11224
43450.782,10407,11224
43473.433,10408,11224
43473.996,10409,11224
43478.626,10410,11224
43479.003,10411,11224
43504.51,10412,11224
43510.38,10413,11224
43522.887,10414,11224
43525.544,10415,11224
43572.794,10416,11224
43585.059,10417,11224
43585.359,10418,11224
43610.706,10419,11224
43630.499,10420,11224
43641.287,10421,11224
43642.118,10422,11224
43644.701,10423,11224
43646.615,10424,11224
43648.508,10425,11224
43667.344,10426,11224
43668.049,10427,11224
43690.102,10428,11224
43694.785,10429,11224
43713.091,10430,11224
43713.152,10431,11224
43713.381,10432,11224
43717.307,10433,11224
43718.464,10434,11224
43720.847,10435,11224
43725.179,10436,11224
43730.842,10437,11224
43737.388,10438,11224
43778.856,10439,11224
43807.288,10440,11224
43809.288,10441,11224
43821.017,10442,11224
43821.567,10443,11224
43822.219,10444,11224
43822.35,10445,11224
43848.566,10446,11224
43854.557,10447,11224
43855.534,10448,11224
43859.164,10449,11224
43859.277,10450,11224
43859.433,10451,11224
43868.605,10452,11224
43868.832,10453,11224
43876.372,10454,11224
43877.897,10455,11224
43893.072,10456,11224
43897.093,10457,11224
43928.284,10458,11224
43984.067,10459,11224
43988.014,10460,11224
43992.949,10461,11224
44004.544,10462,11224
44019.906,10463,11224
44027.03,10464,11224
44044.545,10465,11224
44044.719,10466,11224
44066.057,10467,11224
44095.572,10468,11224
44101.887,10469,11224
44105.087,10470,11224
44109.669,10471,11224
44114.992,10472,11224
44127.594,10473,11224
44137.127,10474,11224
44159.034,10475,11224
44159.457,10476,11224
44159.739,10477,11224
44183.396,10478,11224
44185.497,10479,11224
44206.729,10480,11225
44226.109,10481,11225
44252.002,10482,11225
44263.808,10483,11225
44285.592,10484,11225
44288.138,10485,11225
44289.995,10486,11225
44292.469,10487,11225
44295.863,10488,11225
44315.599,10489,11225
44315.699,10490,11225
44315.744,10491,11225
44315.903,10492,11225
44316.841,10493,11225
44316.92,10494,11225
44317.173,10495,11225
44320.488,10496,11225
44325.884,10497,11225
44327.323,10498,11225
44329.057,10499,11225
44331.669,10500,11225
44332.719,10501,11225
44333.442,10502,11225
44341.421,10503,11227
44341.434,10504,11227
44341.447,10505,11227
44341.49,10506,11229
44360.925,10507,11229
44360.994,10508,11229
44378.523,10509,11229
44380.265,10510,11229
44400.862,10511,11229
44403.389,10512,11229
44405.082,10513,11229
44409.009,10514,11229
44418.402,10515,11229
44418.854,10516,11229
44420.022,10517,11229
44432.328,10518,11229
44437.756,10519,11229
44439.049,10520,11229
44439.251,10521,11229
44439.849,10522,11229
44441.608,10523,11230
44442.843,10524,11230
44444.48,10525,11230
44447.664,10526,11230
44448.913,10527,11230
44449.264,10528,11230
44464.559,10529,11230
44472.124,10530,11230
44472.311,10531,11230
44476.736,10532,11230
44478.18,10533,11230
44478.214,10534,11230
44478.673,10535,11230
44480.26,10536,11230
44480.78,10537,11230
44480.862,10538,11230
44481.69,10539,11230
44481.77,10540,11230
44483.158,10541,11230
44483.693,10542,11230
44486.095,10543,11230
44486.267,10544,11230
44486.45,10545,11230
44487.167,10546,11230
44488.349,10547,11230
44491.975,10548,11230
44493.742,10549,11230
44495.015,10550,11230
44495.052,10551,11230
44495.464,10552,11230
44501.463,10553,11230
44501.61,10554,11230
44542.395,10555,11231
44543.59,10556,11231
44548.646,10557,11231
44551.992,10558,11231
44556.955,10559,11231
44557.79,10560,11231
44559.316,10561,11232
44618.007,10562,11232
44618.032,10563,11232
44632.094,10564,11232
44647.155,10565,11232
44653.218,10566,11232
44658.439,10567,11232
44666.676,10568,11232
44666.703,10569,11232
44667.237,10570,11232
44675.625,10571,11232
44676.912,10572,11245
44687.94,10573,11247
44695.562,10574,11248
44734.001,10575,11248
44734.814,10576,11248
44768.878,10577,11248
44794.969,10578,11248
44840.078,10579,11248
44840.511,10580,11248
44846.847,10581,11248
44851.277,10582,11248
44864.594,10583,11248
44865.803,10584,11248
44865.903,10585,11248
44866.161,10586,11248
44866.354,10587,11248
44869.454,10588,11248
44870.37,10589,11248
44907.678,10590,11248
44907.801,10591,11258
44920.173,10592,11258
44923.243,10593,11258
44927.83,10594,11258
44927.865,10595,11258
44927.957,10596,11258
44931.039,10597,11258
44932.411,10598,11258
44934.619,10599,11258
44934.693,10600,11258
44938.949,10601,11258
44939.234,10602,11258
44972.051,10603,11258
44982.925,10604,11258
44983.616,10605,11260
44988.344,10606,11260
45000.029,10607,11260
45002.317,10608,11260
45018.984,10609,11260
45019.039,10610,11260
45019.177,10611,11260
45042.788,10612,11260
45043.195,10613,11260
45051.497,10614,11260
45087.5,10615,11260
45087.529,10616,11260
45089.039,10617,11260
45100.904,10618,11265
45106.314,10619,11265
45112.617,10620,11265
45112.79,10621,11265
45112.838,10622,11265
45112.951,10623,11265
45113.989,10624,11265
45114.226,10625,11265
45115.077,10626,11265
45116.944,10627,11265
45121.28,10628,11265
45123.771,10629,11265
45124.079,10630,11265
45131.718,10631,11265
45133.847,10632,11265
45147.129,10633,11265
45172.759,10634,11265
45184.885,10635,11265
45185.605,10636,11266
45226.584,10637,11266
45227.731,10638,11266
45229.508,10639,11267
45247.345,10640,11267
45247.699,10641,11267
45248.276,10642,11267
45250.537,10643,11267
45258.067,10644,11267
45259.575,10645,11267
45260.323,10646,11267
45261.707,10647,11267
45262.078,10648,11267
45268.585,10649,11267
45278.935,10650,11267
45285.922,10651,11267
45286.005,10652,11267
45286.053,10653,11267
45287.26,10654,11267
45287.906,10655,11267
45288.247,10656,11267
45289.395,10657,11267
45303.834,10658,11267
45305.428,10659,11267
45316.07,10660,11267
45339.597,10661,11269
45339.677,10662,11269
45355.038,10663,11269
45375.049,10664,11269
45383.717,10665,11269
45399.492,10666,11269
45402.02,10667,11269
45402.162,10668,11269
45416.883,10669,11269
45425.823,10670,11269
45441.86,10671,11269
45455.264,10672,11269
45461.055,10673,11269
45461.936,10674,11269
45462.86,10675,11269
45465.492,10676,11269
45466.712,10677,11269
45472.105,10678,11269
45472.995,10679,11269
45486.656,10680,11269
45520.794,10681,11269
45521.973,10682,11269
45527.676,10683,11269
45527.741,10684,11269
45527.88,10685,11269
45531.731,10686,11269
45536.612,10687,11269
45555.154,10688,11269
45564.515,10689,11269
45564.583,10690,11269
45564.617,10691,11269
45566.105,10692,11269
45571.679,10693,11269
45573.398,10694,11269
45575.489,10695,11269
45593.552,10696,11270
45605.605,10697,11270
45624.693,10698,11270
45624.771,10699,11270
45628.748,10700,11270
45635.085,10701,11270
45647.877,10702,11270
45648.138,10703,11270
45651.467,10704,11271
45651.54,10705,11271
45664.12,10706,11271
45664.531,10707,11271
45665.033,10708,11271
45671.264,10709,11271
45671.497,10710,11271
45671.667,10711,11271
45672.17,10712,11271
45681.632,10713,11271
45723.114,10714,11271
45723.774,10715,11271
45735.357,10716,11272
45742.522,10717,11272
45756.498,10718,11272
45782.944,10719,11272
45786.093,10720,11272
45804.589,10721,11272
45808.4,10722,11272
45818.941,10723,11272
45825.307,10724,11272
45889.76,10725,11272
45889.947,10726,11272
45899.767,10727,11272
45899.867,10728,11272
45900.634,10729,11272
45902.797,10730,11272
45903.008,10731,11272
45903.641,10732,11272
45907.885,10733,11272
45908.74,10734,11272
45908.903,10735,11272
45914.104,10736,11272
45914.198,10737,11272
45928.927,10738,11272
45933.916,10739,11272
45933.929,10740,11272
45933.942,10741,11272
45934.476,10742,11272
45934.83,10743,11272
45935.639,10744,11272
45936.229,10745,11272
45941.981,10746,11272
45964.286,10747,11272
45964.459,10748,11272
45967.601,10749,11272
45969.56,10750,11272
45972.542,10751,11272
45974.653,10752,11273
45975.565,10753,11273
45976.367,10754,11274
45977.601,10755,11274
45988.173,10756,11274
45988.51,10757,11274
46014.63,10758,11277
46014.855,10759,11277
46015.359,10760,11277
46017.744,10761,11278
46018.687,10762,11278
46027.81,10763,11278
46050.599,10764,11278
46055.022,10765,11279
46055.262,10766,11279
46056.651,10767,11279
46056.678,10768,11279
46056.87,10769,11279
46066.266,10770,11279
46066.861,10771,11279
46074.005,10772,11279
46077.707,10773,11279
46104.798,10774,11279
46106.333,10775,11279
46116.656,10776,11279
46138.775,10777,11279
46141.209,10778,11279
46153.652,10779,11279
46160.133,10780,11279
46176.917,10781,11279
46187.694,10782,11279
46216.848,10783,11279
46221.755,10784,11279
46249.08,10785,11279
46249.112,10786,11279
46249.194,10787,11279
46249.379,10788,11279
46249.735,10789,11279
46252.582,10790,11279
46256.093,10791,11279
46258.781,10792,11279
46276.023,10793,11279
46277.813,10794,11279
46288.785,10795,11279
46289.571,10796,11279
46318.914,10797,11279
46319.014,10798,11279
46319.025,10799,11279
46319.643,10800,11279
46319.711,10801,11279
46322.124,10802,11279
46324.6,10803,11279
46327.932,10804,11279
46337.133,10805,11279
46353.057,10806,11279
46353.762,10807,11279
46361.827,10808,11279
46366.678,10809,11279
46367.573,10810,11279
46371.523,10811,11279
46381.822,10812,11279
46381.901,10813,11279
46382.034,10814,11279
46383.033,10815,11279
46384.832,10816,11279
46386.006,10817,11279
46386.861,10818,11279
46389.346,10819,11279
46389.482,10820,11279
46390.915,10821,11279
46391.578,10822,11279
46393.229,10823,11279
46394.549,10824,11280
46394.821,10825,11280
46395.975,10826,11280
46399.806,10827,11280
46420.76,10828,11280
46425.972,10829,11280
46430.298,10830,11280
46430.641,10831,11280
46431.899,10832,11280
46432.887,10833,11280
46433.167,10834,11280
46435.912,10835,11280
46436.768,10836,11280
46442.927,10837,11281
46444.715,10838,11281
46448.287,10839,11283
46449.95,10840,11283
46451.304,10841,11283
46451.376,10842,11283
46451.454,10843,11283
46451.503,10844,11283
46451.661,10845,11283
46469.727,10846,11283
46527.076,10847,11284
46527.116,10848,11285
46547.722,10849,11285
46565.635,10850,11285
46661.596,10851,11285
46670.734,10852,11285
46673.149,10853,11285
46675.095,10854,11285
46688.856,10855,11286
46701.732,10856,11287
46710.361,10857,11287
46725.397,10858,11287
46732.43,10859,11287
46732.525,10860,11287
46738.115,10861,11287
46738.153,10862,11287
46739.163,10863,11287
46740.918,10864,11287
46743.85,10865,11287
46744.227,10866,11287
46746.493,10867,11287
46752.019,10868,11287
46790.257,10869,11287
46817.998,10870,11287
46818.985,10871,11287
46823.865,10872,11287
46824.107,10873,11287
46825.848,10874,11287
46835.586,10875,11288
46871.607,10876,11288
46872.21,10877,11288
46872.863,10878,11288
46873.967,10879,11288
46892.05,10880,11288
46896.648,10881,11288
46901.788,10882,11288
46903.913,10883,11288
46908.705,10884,11288
46917.313,10885,11288
46923.593,10886,11288
46942.841,10887,11288
46958.542,10888,11288
46962.306,10889,11288
46967.375,10890,11288
46967.582,10891,11288
47010.316,10892,11288
47045.895,10893,11288
47047.767,10894,11288
47062.246,10895,11288
47063.169,10896,11288
47070.968,10897,11288
47072.63,10898,11288
47079.704,10899,11288
47079.817,10900,11288
47091.995,10901,11288
47103.745,10902,11288
47108.831,10903,11288
47119.174,10904,11288
47126.242,10905,11288
47133.437,10906,11288
47134.552,10907,11288
47138.041,10908,11288
47138.215,10909,11288
47182.74,10910,11288
47201.224,10911,11288
47201.235,10912,11288
47201.276,10913,11288
47201.422,10914,11288
47202.352,10915,11288
47205.501,10916,11288
47206.219,10917,11288
47206.591,10918,11288
47210.552,10919,11288
47212.742,10920,11288
47214.197,10921,11288
47214.61,10922,11288
47219.156,10923,11288
47219.447,10924,11288
47221.129,10925,11288
47221.156,10926,11288
47221.242,10927,11288
47221.49,10928,11288
47243.825,10929,11288
47246.596,10930,11288
47268.257,10931,11288
47268.3,10932,11288
47268.781,10933,11288
47274.144,10934,11288
47277.998,10935,11289
47299.939,10936,11289
47316.27,10937,11289
47316.35,10938,11289
47317.111,10939,11289
47342.705,10940,11289
47372.068,10941,11289
47382.776,10942,11289
47393.748,10943,11289
47393.778,10944,11289
47393.873,10945,11289
47399.79,10946,11289
47401.491,10947,11289
47405.617,10948,11289
47409.413,10949,11289
47409.697,10950,11289
47410.126,10951,11289
47473.717,10952,11289
47476.597,10953,11289
47478.251,10954,11289
47478.788,10955,11289
47479.216,10956,11289
47479.565,10957,11289
47487.456,10958,11289
47490.618,10959,11289
47490.672,10960,11289
47491.337,10961,11289
47493.233,10962,11289
47495.571,10963,11289
47508.174,10964,11289
47524.108,10965,11291
47533.263,10966,11291
47533.476,10967,11291
47536.845,10968,11291
47544.409,10969,11291
47544.439,10970,11291
47545.751,10971,11291
47545.841,10972,11291
47547.112,10973,11291
47548.547,10974,11291
47548.587,10975,11291
47551.184,10976,11291
47552.026,10977,11291
47553.329,10978,11291
47558.404,10979,11291
47558.52,10980,11291
47560.141,10981,11291
47560.518,10982,11291
47587.556,10983,11291
47587.738,10984,11291
47602.589,10985,11291
47605.799,10986,11291
47605.85,10987,11291
47606.77,10988,11293
47619.663,10989,11293
47623.028,10990,11293
47625.399,10991,11293
47635.58,10992,11293
47637.423,10993,11293
47641.836,10994,11293
47643.699,10995,11293
47648.668,10996,11293
47651.538,10997,11293
47654.956,10998,11293
47685.66,10999,11293
47686.112,11000,11293
47688.388,11001,11293
47689.6,11002,11293
47689.791,11003,11293
47698.072,11004,11293
47705.245,11005,11293
47705.349,11006,11293
47705.852,11007,11293
47706.422,11008,11293
47709.798,11009,11293
47713.849,11010,11293
47719.289,11011,11293
47724.236,11012,11293
47748.759,11013,11293
47749.109,11014,11293
47760.473,11015,11293
47764.121,11016,11293
47764.962,11017,11294
47780.532,11018,11294
47780.588,11019,11294
47791.92,11020,11294
47792.514,11021,11294
47795.469,11022,11294
47795.479,11023,11294
47795.776,11024,11294
47800.388,11025,11294
47810.472,11026,11294
47816.379,11027,11294
47840.264,11028,11294
47840.444,11029,11295
47862.617,11030,11295
47862.97,11031,11295
47880.188,11032,11296
47894.694,11033,11296
47943.293,11034,11296
47948.965,11035,11296
47959.861,11036,11296
47965.961,11037,11296
47967.208,11038,11296
47971.209,11039,11296
47975.441,11040,11296
47992.274,11041,11296
48013.645,11042,11296
48016.083,11043,11296
48032.8,11044,11296
48110.119,11045,11296
48113.86,11046,11296
48113.996,11047,11296
48114.47,11048,11296
48114.497,11049,11296
48114.74,11050,11296
48115.096,11051,11296
48117.907,11052,11296
48118.133,11053,11296
48121.856,11054,11296
48123.079,11055,11296
48123.95,11056,11296
48125.136,11057,11296
48125.821,11058,11296
48127.552,11059,11296
48129.968,11060,11296
48130.16,11061,11296
48130.306,11062,11296
48134.305,11063,11296
48135.794,11064,11296
48138.032,11065,11296
48138.707,11066,11296
48139.202,11067,11296
48149.693,11068,11296
48149.74,11069,11296
48149.871,11070,11296
48150.143,11071,11296
48151.241,11072,11296
48151.299,11073,11296
48151.373,11074,11296
48162.68,11075,11296
48172.696,11076,11296
48185.247,11077,11296
48185.291,11078,11296
48187.137,11079,11296
48187.395,11080,11296
48187.783,11081,11296
48222.346,11082,11296
48223.38,11083,11296
48224.908,11084,11296
48234.708,11085,11296
48234.816,11086,11296
48234.879,11087,11296
48235.178,11088,11296
48237.35,11089,11296
48247.909,11090,11296
48250.82,11091,11296
48261.943,11092,11296
48278.852,11093,11296
48280.401,11094,11296
48280.86,11095,11296
48281.115,11096,11296
48293.365,11097,11296
48294.231,11098,11296
48305.003,11099,11297
48305.469,11100,11298
48306.484,11101,11298
48316.524,11102,11298
48321.858,11103,11298
48321.869,11104,11298
48321.934,11105,11298
48324.184,11106,11298
48328.285,11107,11298
48328.364,11108,11298
48329.091,11109,11298
48334.663,11110,11298
48334.718,11111,11298
48335.272,11112,11298
48336.03,11113,11298
48342.66,11114,11298
48366.017,11115,11298
48376.396,11116,11298
48391.883,11117,11298
48391.903,11118,11298
48391.924,11119,11298
48392.155,11120,11298
48395.889,11121,11298
48409.475,11122,11298
48440.866,11123,11298
48443.587,11124,11298
48446.743,11125,11298
48450.674,11126,11298
48452.188,11127,11298
48454.851,11128,11298
48455.043,11129,11298
48458.774,11130,11298
48458.806,11131,11298
48472.692,11132,11298
48473.726,11133,11298
48490.003,11134,11298
48490.459,11135,11298
48490.916,11136,11298
48492.067,11137,11298
48494.32,11138,11298
48501.337,11139,11298
48502.925,11140,11298
48519.026,11141,11298
48519.372,11142,11298
48519.846,11143,11298
48520.992,11144,11298
48521.331,11145,11298
48538.069,11146,11298
48564.688,11147,11298
48591.533,11148,11298
48591.702,11149,11298
48593.473,11150,11298
48598.364,11151,11298
48599.065,11152,11298
48606.784,11153,11298
48622.61,11154,11299
48623.177,11155,11300
48627.659,11156,11303
48645.829,11157,11303
48646.976,11158,11303
48649.557,11159,11303
48657.46,11160,11303
48662.599,11161,11303
48662.784,11162,11303
48665.949,11163,11303
48696.997,11164,11303
48707.863,11165,11303
48722.876,11166,11303
48737.748,11167,11303
48737.844,11168,11303
48741.061,11169,11303
48750.346,11170,11303
48750.497,11171,11303
48750.697,11172,11303
48750.721,11173,11303
48750.945,11174,11303
48764.61,11175,11303
48764.808,11176,11303
48773.064,11177,11303
48774.961,11178,11303
48776.605,11179,11303
48776.629,11180,11303
48789.287,11181,11303
48790.264,11182,11303
48806.84,11183,11303
48822.51,11184,11303
48822.628,11185,11303
48824.441,11186,11303
48833.186,11187,11303
48835.596,11188,11303
48835.748,11189,11303
48851.711,11190,11303
48859.138,11191,11303
48861.364,11192,11303
48866.797,11193,11304
48866.862,11194,11304
48868.816,11195,11304
48870.43,11196,11304
48876.651,11197,11304
48877.862,11198,11304
48893.078,11199,11304
48929.241,11200,11304
48935.137,11201,11304
48950.29,11202,11304
48951.408,11203,11304
48952.282,11204,11304
48955.601,11205,11304
48967.601,11206,11304
48969.017,11207,11304
48971.802,11208,11304
48971.865,11209,11304
48971.973,11210,11304
48973.241,11211,11304
48986.304,11212,11304
48986.361,11213,11304
48986.893,11214,11304
48988.984,11215,11304
48997.865,11216,11304
49003.27,11217,11304
49003.592,11218,11304
49008.985,11219,11304
49038.103,11220,11305
49038.163,11221,11305
49047.331,11222,11305
49047.431,11223,11305
49047.892,11224,11305
49048.118,11225,11305
49063.831,11226,11305
49064.978,11227,11305
49067.92,11228,11305
49068.079,11229,11305
49074.739,11230,11305
49082.174,11231,11305
49082.756,11232,11305
49095.192,11233,11305
49108.016,11234,11305
49121.295,11235,11305
49123.626,11236,11305
49136.748,11237,11305
49136.912,11238,11305
49168.402,11239,11305
49168.467,11240,11305
49168.574,11241,11305
49168.787,11242,11305
49168.912,11243,11305
49168.936,11244,11306
49169.428,11245,11306
49184.186,11246,11306
49191.219,11247,11306
49192.214,11248,11306
49201.472,11249,11306
49218.391,11250,11306
49221.956,11251,11306
49228.902,11252,11307
49234.911,11253,11307
49235.015,11254,11307
49237.598,11255,11307
49248.163,11256,11307
49256.234,11257,11307
49266.968,11258,11310
49279.623,11259,11310
49281.094,11260,11310
49281.164,11261,11310
49281.217,11262,11310
49283.522,11263,11310
49286.365,11264,11310
49289.709,11265,11310
49314.964,11266,11310
49327.668,11267,11310
49361.836,11268,11310
49364.541,11269,11310
49364.59,11270,11310
49364.687,11271,11310
49365.224,11272,11310
49365.463,11273,11310
49365.775,11274,11310
49366.196,11275,11310
49366.223,11276,11311
49386.672,11277,11311
49386.979,11278,11311
49387.298,11279,11312
49398.025,11280,11312
49424.561,11281,11312
49427.693,11282,11312
49427.73,11283,11312
49428.123,11284,11312
49428.95,11285,11312
49429.289,11286,11312
49430.5,11287,11312
49430.776,11288,11312
49431.614,11289,11312
49431.966,11290,11312
49433.961,11291,11312
49434.993,11292,11312
49438.886,11293,11312
49443.927,11294,11312
49443.955,11295,11312
49445.693,11296,11312
49448.287,11297,11312
49454.798,11298,11312
49456.018,11299,11312
49461.96,11300,11312
49468.129,11301,11312
49469.87,11302,11312
49476.411,11303,11312
49483.349,11304,11312
49486.023,11305,11312
49486.444,11306,11312
49495.079,11307,11312
49495.491,11308,11312
49503.847,11309,11312
49503.962,11310,11312
49519.077,11311,11312
49520.71,11312,11312
49524.316,11313,11326
49553.99,11314,11326
49581.697,11315,11326
49581.88,11316,11326
49584.672,11317,11326
49596.652,11318,11326
49597.559,11319,11326
49598.277,11320,11326
49600.371,11321,11326
49600.972,11322,11327
49604.772,11323,11327
49605.577,11324,11327
49607.904,11325,11327
49608.109,11326,11327
49608.825,11327,11327
49609.15,11328,11327
49609.978,11329,11327
49622.505,11330,11327
49622.638,11331,11327
49622.705,11332,11327
49623.185,11333,11327
49623.374,11334,11327
49623.435,11335,11327
49623.848,11336,11327
49624.261,11337,11327
49624.509,11338,11327
49624.804,11339,11327
49625.225,11340,11327
49626.306,11341,11327
49627.217,11342,11327
49627.864,11343,11327
49631.264,11344,11327
49631.385,11345,11327
49632.46,11346,11327
49632.868,11347,11327
49633.311,11348,11327
49634.378,11349,11329
49635.732,11350,11330
49637.655,11351,11330
49645.863,11352,11330
49645.96,11353,11330
49648.121,11354,11330
49655.189,11355,11330
49656.494,11356,11330
49658.271,11357,11330
49658.489,11358,11330
49659.307,11359,11330
49677.736,11360,11330
49680.006,11361,11330
49686.078,11362,11330
49686.103,11363,11330
49697.121,11364,11330
49702.457,11365,11330
49702.995,11366,11331
49706.812,11367,11331
49708.535,11368,11334
49708.59,11369,11334
49709.726,11370,11334
49721.523,11371,11334
49729.191,11372,11334
49737.039,11373,11334
49737.223,11374,11335
49739.554,11375,11335
49740.728,11376,11335
49740.993,11377,11335
49749.467,11378,11335
49751.447,11379,11335
49759.504,11380,11335
49769.942,11381,11335
49777.355,11382,11335
49777.625,11383,11336
49777.927,11384,11336
49779.219,11385,11336
49791.826,11386,11336
49791.994,11387,11336
49792.07,11388,11336
49792.288,11389,11336
49792.375,11390,11336
49792.438,11391,11336
49792.753,11392,11336
49792.993,11393,11336
49793.214,11394,11336
49794.671,11395,11336
49795.723,11396,11336
49797.502,11397,11336
49813.183,11398,11336
49830.521,11399,11336
49831.039,11400,11336
49832.091,11401,11336
49832.383,11402,11336
49836.046,11403,11336
49847.976,11404,11336
49848.834,11405,11336
49853.011,11406,11336
49853.028,11407,11336
49853.572,11408,11336
49858.994,11409,11336
49862.817,11410,11336
49869.631,11411,11336
49870.192,11412,11336
49872.554,11413,11336
49874.387,11414,11336
49875.407,11415,11336
49875.544,11416,11336
49876.191,11417,11336
49879.231,11418,11336
49891.855,11419,11336
49892.496,11420,11336
49893.119,11421,11336
49917.598,11422,11336
49917.72,11423,11336
49919.835,11424,11336
49921.304,11425,11336
49922.312,11426,11336
49922.36,11427,11336
49924.301,11428,11336
49925.116,11429,11336
49926.03,11430,11336
49926.051,11431,11336
49926.074,11432,11336
49929.108,11433,11336
49931.012,11434,11336
49935.261,11435,11336
49943.949,11436,11336
49974.337,11437,11336
49976.981,11438,11336
49977.858,11439,11336
49979.642,11440,11336
49980.123,11441,11336
49980.667,11442,11340
49983.276,11443,11340
49986.637,11444,11340
49987.257,11445,11340
49990.107,11446,11340
49995.243,11447,11340
49997.049,11448,11340
50005.844,11449,11340
50015.367,11450,11340
50016.297,11451,11340
50016.314,11452,11340
50016.641,11453,11340
50016.794,11454,11340
50042.354,11455,11340
50042.394,11456,11340
50044.006,11457,11340
50052.12,11458,11340
50053.512,11459,11340
50054.667,11460,11340
50062.662,11461,11340
50067.594,11462,11340
50067.68,11463,11340
50069.442,11464,11340
50076.505,11465,11340
50076.91,11466,11340
50077.049,11467,11340
50090.824,11468,11340
50099.268,11469,11340
50109.691,11470,11340
50109.795,11471,11340
50113.711,11472,11340
50113.74,11473,11340
50121.807,11474,11340
50128.043,11475,11340
50136.675,11476,11340
50137.07,11477,11340
50137.458,11478,11340
50140.035,11479,11340
50141.524,11480,11340
50143.732,11481,11340
50145.191,11482,11340
50149.753,11483,11340
50151.323,11484,11340
50152.031,11485,11340
50156.133,11486,11340
50159.67,11487,11340
50161.136,11488,11340
50164.811,11489,11340
50172.527,11490,11340
50175.42,11491,11340
50175.568,11492,11340
50179.982,11493,11346
50181.577,11494,11346
50184.737,11495,11346
50184.765,11496,11346
50196.844,11497,11346
50196.981,11498,11346
50197.144,11499,11346
50200.157,11500,11346
50202.075,11501,11346
50202.814,11502,11346
50205.382,11503,11346
50205.427,11504,11346
50205.707,11505,11346
50206.137,11506,11346
50207.904,11507,11346
50209.491,11508,11346
50210.467,11509,11346
50215.118,11510,11346
50216.168,11511,11346
50216.315,11512,11346
50219.268,11513,11346
50223.324,11514,11346
50223.355,11515,11346
50225.451,11516,11346
50225.95,11517,11346
50232.677,11518,11346
50232.931,11519,11346
50234.877,11520,11346
50238.771,11521,11346
50238.777,11522,11346
50245.125,11523,11346
50246.688,11524,11346
50248.818,11525,11346
50253.864,11526,11346
50256.096,11527,11346
50256.381,11528,11346
50259.789,11529,11346
50265.506,11530,11346
50267.916,11531,11346
50277.555,11532,11346
50288.2,11533,11346
50288.847,11534,11346
50288.91,11535,11346
50294.946,11536,11346
50295.961,11537,11346
50296.054,11538,11346
50296.066,11539,11346
50296.124,11540,11346
50296.208,11541,11346
50296.236,11542,11346
50296.476,11543,11346
50296.62,11544,11346
50296.973,11545,11346
50297.046,11546,11346
50297.084,11547,11346
50297.202,11548,11346
50300.742,11549,11347
50300.834,11550,11347
50303.166,11551,11347
50303.374,11552,11347
50303.62,11553,11347
50303.676,11554,11347
50305.05,11555,11347
50305.567,11556,11347
50305.9,11557,11347
50306.353,11558,11347
50310.212,11559,11347
50310.959,11560,11347
50314.364,11561,11347
50334.226,11562,11347
50349.868,11563,11347
50363.609,11564,11347
50364.133,11565,11347
50365.212,11566,11347
50365.836,11567,11347
50371.869,11568,11347
50375.755,11569,11347
50382.907,11570,11347
50383.806,11571,11347
50393.146,11572,11347
50393.553,11573,11347
50394.144,11574,11347
50394.628,11575,11347
50396.685,11576,11347
50400.874,11577,11347
50410.938,11578,11347
50411.489,11579,11349
50411.761,11580,11349
50412.173,11581,11349
50412.412,11582,11349
50413.183,11583,11349
50413.921,11584,11349
50416.114,11585,11349
50417.418,11586,11349
50417.603,11587,11349
50418.298,11588,11349
50420.171,11589,11349
50421.074,11590,11349
50423.538,11591,11349
50435.236,11592,11349
50435.475,11593,11349
50437.529,11594,11349
50463.811,11595,11349
50471.543,11596,11349
50471.76,11597,11349
50472.334,11598,11349
50474.528,11599,11349
50480.24,11600,11349
50486.311,11601,11349
50490.716,11602,11349
50492.647,11603,11349
50496.354,11604,11349
50497.938,11605,11349
50498.466,11606,11349
50498.541,11607,11349
50498.579,11608,11349
50499.16,11609,11349
50507.107,11610,11349
50507.624,11611,11349
50515.707,11612,11349
50529.453,11613,11349
50532.389,11614,11349
50537.366,11615,11349
50548.445,11616,11350
50557.22,11617,11350
50557.478,11618,11350
50557.766,11619,11350
50559.978,11620,11350
50565.813,11621,11350
50573.401,11622,11350
50575.068,11623,11350
50577.93,11624,11350
50578.648,11625,11350
50583.509,11626,11350
50606.377,11627,11350
50607.559,11628,11350
50607.677,11629,11350
50607.854,11630,11350
50607.953,11631,11350
50612.997,11632,11350
50613.541,11633,11350
50616.184,11634,11350
50620.466,11635,11350
50650.267,11636,11350
50656.315,11637,11350
50656.609,11638,11350
50663.833,11639,11350
50664.209,11640,11350
50665.154,11641,11350
50665.224,11642,11350
50665.509,11643,11350
50666.089,11644,11350
50666.79,11645,11350
50667.691,11646,11350
50669.584,11647,11350
50670.391,11648,11350
50671.914,11649,11350
50679.251,11650,11350
50681.159,11651,11350
50684.319,11652,11350
50686.7,11653,11352
50696.577,11654,11352
50698.319,11655,11352
50700.506,11656,11352
50708.72,11657,11352
50713.646,11658,11352
50713.886,11659,11352
50719.703,11660,11352
50720.237,11661,11352
50722.602,11662,11352
50724.687,11663,11352
50724.778,11664,11352
50725.078,11665,11352
50727.936,11666,11352
50735.387,11667,11352
50735.446,11668,11352
50737.686,11669,11352
50740.631,11670,11352
50743.217,11671,11352
50755.0,11672,11352
50765.124,11673,11352
50772.658,11674,11352
50774.986,11675,11352
50781.489,11676,11352
50788.148,11677,11352
50792.54,11678,11352
50799.956,11679,11352
50807.016,11680,11353
50807.983,11681,11353
50826.157,11682,11353
50826.316,11683,11353
50826.415,11684,11353
50826.817,11685,11353
50828.522,11686,11353
50828.876,11687,11353
50829.913,11688,11353
50832.566,11689,11353
50834.497,11690,11353
50836.973,11691,11353
50837.07,11692,11353
50840.866,11693,11353
50844.423,11694,11353
50846.261,11695,11353
50853.769,11696,11353
50867.878,11697,11353
50867.896,11698,11353
50867.952,11699,11353
50867.986,11700,11353
50868.357,11701,11353
50868.395,11702,11353
50868.802,11703,11353
50869.509,11704,11353
50873.248,11705,11353
50875.078,11706,11353
50877.917,11707,11353
50878.915,11708,11353
50885.44,11709,11353
50886.366,11710,11353
50886.728,11711,11353
50899.521,11712,11353
50905.475,11713,11353
50917.819,11714,11353
50922.178,11715,11353
50938.003,11716,11353
50938.068,11717,11353
50941.134,11718,11353
50950.408,11719,11353
50952.584,11720,11353
50956.0,11721,11353
50956.234,11722,11353
50956.264,11723,11353
50956.691,11724,11353
50959.158,11725,11353
50960.054,11726,11353
50960.287,11727,11353
50964.755,11728,11353
50966.208,11729,11356
50966.818,11730,11357
50974.118,11731,11357
50974.166,11732,11357
50985.395,11733,11357
50985.407,11734,11357
50985.48,11735,11357
50988.023,11736,11357
50991.76,11737,11357
50991.857,11738,11357
50991.992,11739,11357
50995.154,11740,11357
50995.271,11741,11357
50995.813,11742,11357
50997.273,11743,11357
50997.712,11744,11358
51001.352,11745,11358
51017.383,11746,11358
51017.623,11747,11358
51018.838,11748,11359
51019.828,11749,11359
51021.141,11750,11359
51021.813,11751,11360
51025.069,11752,11360
51025.85,11753,11360
51028.887,11754,11360
51029.705,11755,11360
51033.278,11756,11360
51045.331,11757,11360
51045.637,11758,11360
51066.161,11759,11360
51066.857,11760,11360
51067.396,11761,11360
51069.119,11762,11360
51073.576,11763,11362
51073.82,11764,11362
51075.079,11765,11362
51079.211,11766,11363
51084.701,11767,11363
51090.812,11768,11363
51104.011,11769,11363
51105.231,11770,11363
51122.939,11771,11363
51124.077,11772,11363
51130.942,11773,11363
51145.398,11774,11363
51148.779,11775,11363
51148.968,11776,11363
51149.85,11777,11363
51150.776,11778,11363
51153.86,11779,11363
51154.618,11780,11363
51157.746,11781,11363
51161.672,11782,11363
51173.681,11783,11363
51193.202,11784,11363
51202.366,11785,11365
51203.108,11786,11365
51203.222,11787,11365
51209.847,11788,11365
51210.589,11789,11365
51221.076,11790,11365
51221.118,11791,11365
51235.293,11792,11365
51241.917,11793,11365
51242.261,11794,11365
51242.296,11795,11365
51242.716,11796,11365
51246.983,11797,11365
51247.694,11798,11365
51248.453,11799,11365
51251.38,11800,11365
51259.038,11801,11365
51274.135,11802,11365
51281.276,11803,11365
51281.96,11804,11365
51282.876,11805,11365
51282.95,11806,11365
51289.487,11807,11365
51292.844,11808,11366
51297.842,11809,11366
51299.653,11810,11366
51301.541,11811,11366
51302.093,11812,11374
51302.101,11813,11376
51302.222,11814,11376
51302.365,11815,11377
51302.593,11816,11378
51302.878,11817,11383
51303.059,11818,11386
51303.556,11819,11386
51303.769,11820,11398
51304.367,11821,11399
51304.738,11822,11399
51305.806,11823,11400
51306.044,11824,11401
51306.123,11825,11402
51306.827,11826,11402
51307.213,11827,11409
51307.558,11828,11409
51307.686,11829,11409
51308.502,11830,11413
51308.929,11831,11414
51308.997,11832,11414
51309.206,11833,11415
51309.901,11834,11418
51310.147,11835,11420
51310.161,11836,11421
51310.818,11837,11430
51311.2,11838,11430
51311.471,11839,11430
51311.958,11840,11432
51312.523,11841,11432
51313.405,11842,11435
51313.982,11843,11435
51313.997,11844,11435
51314.022,11845,11436
51314.053,11846,11436
51314.084,11847,11437
51314.098,11848,11437
51314.107,11849,11437
51314.137,11850,11437
51314.152,11851,11438
51314.164,11852,11440
51314.17,11853,11442
51314.274,11854,11443
51314.292,11855,11445
51314.317,11856,11445
51314.323,11857,11453
51314.346,11858,11456
51314.385,11859,11456
51314.393,11860,11456
51314.467,11861,11458
51314.496,11862,11458
51314.505,11863,11458
51314.561,11864,11458
51314.569,11865,11459
51314.578,11866,11459
51314.588,11867,11459
51314.649,11868,11461
51314.663,11869,11462
51314.678,11870,11462
51314.818,11871,11462
51314.89,11872,11464
51314.911,11873,11464
51314.93,11874,11464
51314.985,11875,11473
51314.996,11876,11473
51315.034,11877,11475
51315.047,11878,11475
51315.105,11879,11475
51315.153,11880,11475
51315.199,11881,11475
51315.274,11882,11475
51315.281,11883,11475
51315.293,11884,11475
51315.421,11885,11475
51315.453,11886,11475
51315.558,11887,11475
51315.622,11888,11475
51315.667,11889,11475
51315.828,11890,11478
51315.937,11891,11478
51316.201,11892,11479
51316.215,11893,11479
51316.244,11894,11479
51316.366,11895,11479
51316.444,11896,11479
51316.508,11897,11479
51316.584,11898,11479
51316.67,11899,11479
51316.752,11900,11479
51316.825,11901,11479
51316.964,11902,11481
51317.073,11903,11481
51317.134,11904,11482
51317.168,11905,11483
51317.188,11906,11483
51317.301,11907,11483
51317.308,11908,11483
51317.462,11909,11483
51317.473,11910,11483
51317.567,11911,11483
51317.585,11912,11483
51317.639,11913,11483
51317.692,11914,11484
51317.71,11915,11484
51317.821,11916,11484
51317.966,11917,11484
51318.056,11918,11484
51318.068,11919,11484
51318.2,11920,11484
51318.247,11921,11484
51318.451,11922,11484
51318.476,11923,11490
51318.572,11924,11491
51318.808,11925,11491
51318.832,11926,11491
51319.071,11927,11491
51319.084,11928,11491
51319.246,11929,11491
51319.68,11930,11494
51319.763,11931,11495
51319.827,11932,11495
51320.022,11933,11495
51320.054,11934,11495
51320.211,11935,11496
51320.359,11936,11496
51320.638,11937,11497
51320.713,11938,11497
51320.946,11939,11497
51321.361,11940,11499
51321.65,11941,11500
51322.168,11942,11500
51322.485,11943,11500
51322.767,11944,11500
51323.044,11945,11500
51323.438,11946,11500
51323.498,11947,11500
51323.529,11948,11500
51323.794,11949,11503
51323.838,11950,11503
51324.101,11951,11504
51324.143,11952,11505
51324.325,11953,11505
51324.66,11954,11505
51324.831,11955,11505
51325.0,11956,11505
51325.444,11957,11506
51325.532,11958,11506
51326.031,11959,11506
51326.283,11960,11506
51326.348,11961,11506
51326.432,11962,11506
51327.291,11963,11506
51330.36,11964,11509
51330.619,11965,11509
51330.643,11966,11509
51332.793,11967,11509
51333.114,11968,11509
51333.621,11969,11509
51333.667,11970,11509
51334.166,11971,11509
51334.574,11972,11509
51334.718,11973,11509
51334.796,11974,11509
51334.92,11975,11509
51335.732,11976,11509
51335.981,11977,11509
51336.116,11978,11509
51337.17,11979,11509
51337.872,11980,11512
51338.514,11981,11512
51339.012,11982,11512
51339.347,11983,11512
51339.486,11984,11512
51339.845,11985,11515
51344.91,11986,11515
51345.077,11987,11515
51345.284,11988,11515
51345.649,11989,11515
51346.517,11990,11515
51347.054,11991,11515
51347.687,11992,11515
51347.971,11993,11515
51348.402,11994,11515
51348.909,11995,11515
51349.483,11996,11517
51349.616,11997,11517
51351.756,11998,11517
51352.012,11999,11517
51353.149,12000,11517
51353.949,12001,11517
51354.178,12002,11517
51354.25,12003,11517
51355.05,12004,11517
51357.08,12005,11517
51357.17,12006,11517
51358.342,12007,11517
51358.625,12008,11517
51360.445,12009,11517
51361.074,12010,11517
51361.578,12011,11517
51361.702,12012,11517
51363.194,12013,11517
51363.641,12014,11517
51364.79,12015,11517
51364.812,12016,11517
51367.333,12017,11517
51368.053,12018,11517
51369.318,12019,11517
51370.012,12020,11519
51372.017,12021,11519
51372.128,12022,11520
51373.923,12023,11520
51377.046,12024,11520
51377.809,12025,11520
51378.211,12026,11520
51378.236,12027,11520
51378.276,12028,11520
51378.372,12029,11520
51378.849,12030,11521
51378.931,12031,11521
51378.952,12032,11521
51379.454,12033,11521
51379.926,12034,11521
51380.102,12035,11522
51380.339,12036,11522
51380.366,12037,11522
51380.478,12038,11523
51380.516,12039,11525
51380.624,12040,11526
51380.727,12041,11534
51380.895,12042,11538
51381.533,12043,11538
51381.869,12044,11538
51382.029,12045,11538
51382.138,12046,11540
51383.116,12047,11543
51383.361,12048,11543
51383.554,12049,11543
51383.712,12050,11543
51383.729,12051,11543
51383.776,12052,11543
51384.36,12053,11543
51384.428,12054,11543
51384.529,12055,11543
51384.672,12056,11543
51385.149,12057,11543
51385.474,12058,11543
51385.718,12059,11543
51385.928,12060,11544
51386.528,12061,11544
51387.929,12062,11544
51389.259,12063,11545
51389.288,12064,11545
51390.272,12065,11545
51390.975,12066,11545
51391.177,12067,11545
51391.625,12068,11545
51391.79,12069,11546
51391.823,12070,11549
51392.244,12071,11549
51393.177,12072,11549
51394.683,12073,11549
51395.546,12074,11550
51395.913,12075,11550
51396.038,12076,11550
51396.951,12077,11551
51397.084,12078,11551
51397.199,12079,11551
51398.56,12080,11551
51398.902,12081,11551
51399.032,12082,11551
51400.627,12083,11551
51400.851,12084,11551
51403.543,12085,11551
51404.611,12086,11551
51405.613,12087,11554
51406.455,12088,11554
51407.071,12089,11554
51408.015,12090,11555
51408.56,12091,11559
51413.34,12092,11559
51413.847,12093,11561
51413.937,12094,11561
51414.081,12095,11561
51415.333,12096,11562
51415.995,12097,11562
51416.713,12098,11562
51420.392,12099,11562
51426.158,12100,11562
51426.537,12101,11563
51428.043,12102,11563
51429.522,12103,11563
51429.532,12104,11563
51430.049,12105,11564
51432.898,12106,11564
51433.174,12107,11564
51440.7,12108,11564
51440.841,12109,11564
51443.192,12110,11564
51444.209,12111,11564
51444.342,12112,11565
51444.484,12113,11565
51444.717,12114,11565
51445.139,12115,11565
51445.315,12116,11565
51445.344,12117,11565
51445.363,12118,11565
51446.263,12119,11566
51446.39,12120,11566
51446.877,12121,11568
51447.074,12122,11568
51447.958,12123,11568
51448.058,12124,11568
51448.678,12125,11568
51449.83,12126,11568
51449.839,12127,11568
51449.907,12128,11576
51450.193,12129,11576
51452.618,12130,11576
51452.653,12131,11576
51452.996,12132,11576
51454.995,12133,11576
51455.036,12134,11577
51455.6,12135,11578
51455.721,12136,11578
51456.944,12137,11578
51458.029,12138,11578
51458.269,12139,11579
51458.301,12140,11581
51459.044,12141,11584
51459.377,12142,11584
51461.974,12143,11584
51468.488,12144,11586
51468.514,12145,11587
51469.006,12146,11587
51469.574,12147,11587
51470.495,12148,11587
51470.945,12149,11587
51472.176,12150,11587
51473.209,12151,11587
51474.951,12152,11587
51475.345,12153,11587
51475.781,12154,11587
51476.283,12155,11587
51476.615,12156,11587
51478.559,12157,11587
51478.984,12158,11588
51480.765,12159,11589
51481.582,12160,11589
51484.525,12161,11589
51484.657,12162,11589
51485.105,12163,11591
51485.779,12164,11592
51485.828,12165,11592
51498.984,12166,11592
51504.722,12167,11592
51512.535,12168,11592
51513.695,12169,11592
51515.151,12170,11592
51516.506,12171,11592
51520.053,12172,11592
51520.793,12173,11592
51521.032,12174,11592
51521.979,12175,11593
51541.124,12176,11593
51545.918,12177,11593
51545.936,12178,11595
51546.061,12179,11596
51546.515,12180,11596
51547.879,12181,11596
51548.171,12182,11596
51554.611,12183,11596
51557.881,12184,11596
51559.062,12185,11596
51559.159,12186,11596
51560.664,12187,11596
51565.479,12188,11596
51565.801,12189,11596
51566.533,12190,11596
51571.631,12191,11596
51571.657,12192,11596
51571.704,12193,11597
51573.15,12194,11597
51573.849,12195,11597
51576.141,12196,11597
51576.215,12197,11598
51577.785,12198,11598
51577.918,12199,11598
51578.177,12200,11598
51579.172,12201,11598
51579.396,12202,11598
51579.592,12203,11598
51584.94,12204,11598
51586.354,12205,11599
51587.423,12206,11599
51590.426,12207,11601
51592.563,12208,11601
51593.036,12209,11602
51594.705,12210,11602
51595.832,12211,11603
51597.331,12212,11603
51598.552,12213,11605
51598.824,12214,11607
51601.036,12215,11608
51606.312,12216,11608
51617.914,12217,11608
51620.578,12218,11608
51626.452,12219,11610
51626.691,12220,11612
51631.15,12221,11612
51632.487,12222,11612
51632.512,12223,11612
51632.52,12224,11612
51632.538,12225,11612
51632.569,12226,11612
51632.958,12227,11612
51633.154,12228,11612
51633.257,12229,11612
51635.25,12230,11614
51636.868,12231,11614
51641.291,12232,11614
51642.742,12233,11614
51646.393,12234,11614
51646.904,12235,11614
51647.115,12236,11615
51647.421,12237,11615
51648.402,12238,11615
51649.064,12239,11615
51651.498,12240,11615
51652.83,12241,11615
51653.329,12242,11615
51658.262,12243,11615
51663.431,12244,11615
51676.389,12245,11615
51676.538,12246,11616
51676.62,12247,11616
51676.758,12248,11616
51676.874,12249,11617
51677.173,12250,11617
51678.436,12251,11618
51678.806,12252,11618
51681.236,12253,11618
51697.318,12254,11618
51705.801,12255,11618
51714.795,12256,11618
51715.267,12257,11618
51715.82,12258,11618
51726.738,12259,11618
51726.816,12260,11618
51726.987,12261,11618
51728.246,12262,11618
51729.259,12263,11618
51729.765,12264,11618
51731.066,12265,11618
51731.628,12266,11618
51731.804,12267,11618
51732.395,12268,11618
51734.862,12269,11621
51734.958,12270,11621
51741.48,12271,11621
51752.397,12272,11621
51763.072,12273,11621
51767.606,12274,11621
51787.105,12275,11621
51787.66,12276,11621
51797.893,12277,11621
51799.84,12278,11621
51800.026,12279,11623
51800.267,12280,11623
51810.156,12281,11623
51810.193,12282,11623
51810.226,12283,11624
51810.243,12284,11624
51810.943,12285,11624
51810.971,12286,11624
51813.967,12287,11626
51814.017,12288,11626
51815.383,12289,11626
51816.211,12290,11626
51818.744,12291,11626
51822.123,12292,11626
51823.807,12293,11626
51828.276,12294,11626
51830.526,12295,11626
51840.269,12296,11626
51840.594,12297,11626
51841.86,12298,11626
51850.604,12299,11626
51850.825,12300,11626
51854.915,12301,11626
51855.533,12302,11626
51861.589,12303,11626
51861.665,12304,11626
51868.913,12305,11626
51870.812,12306,11626
51870.834,12307,11626
51870.869,12308,11626
51875.485,12309,11626
51875.621,12310,11626
51876.879,12311,11626
51883.951,12312,11626
51883.969,12313,11626
51884.095,12314,11626
51884.154,12315,11626
51885.042,12316,11626
51886.557,12317,11628
51887.049,12318,11628
51888.59,12319,11628
51894.935,12320,11628
51896.911,12321,11628
51897.391,12322,11628
51898.906,12323,11628
51900.317,12324,11628
51900.993,12325,11628
51910.364,12326,11628
51915.838,12327,11628
51927.951,12328,11628
51936.703,12329,11628
51949.652,12330,11628
51962.427,12331,11628
51962.486,12332,11628
51964.136,12333,11628
51967.353,12334,11628
51969.107,12335,11628
51985.307,12336,11628
51985.36,12337,11628
51985.8,12338,11628
51987.196,12339,11628
51989.347,12340,11628
51989.672,12341,11628
52003.19,12342,11628
52003.368,12343,11628
52007.877,12344,11628
52012.36,12345,11628
52012.769,12346,11628
52027.597,12347,11628
52033.104,12348,11628
52034.437,12349,11628
52036.067,12350,11628
52037.287,12351,11628
52041.168,12352,11628
52049.238,12353,11628
52052.477,12354,11628
52065.967,12355,11628
52066.157,12356,11628
52066.688,12357,11628
52071.929,12358,11628
52074.522,12359,11628
52074.747,12360,11628
52077.248,12361,11628
52079.211,12362,11628
52081.888,12363,11628
52083.249,12364,11628
52085.208,12365,11628
52085.822,12366,11628
52095.512,12367,11628
52095.758,12368,11628
52098.279,12369,11628
52103.48,12370,11628
52113.509,12371,11628
52118.881,12372,11628
52137.894,12373,11628
52138.064,12374,11628
52138.371,12375,11628
52158.402,12376,11628
52160.37,12377,11628
52169.815,12378,11628
52175.124,12379,11628
52180.145,12380,11628
52188.137,12381,11628
52199.967,12382,11628
52200.281,12383,11628
52206.241,12384,11628
52206.588,12385,11628
52216.518,12386,11628
52216.552,12387,11628
52219.356,12388,11628
52219.709,12389,11628
52226.059,12390,11628
52232.852,12391,11628
52233.884,12392,11628
52245.769,12393,11628
52253.517,12394,11628
52256.035,12395,11628
52257.709,12396,11628
52273.426,12397,11628
52290.142,12398,11628
52293.73,12399,11628
52293.748,12400,11628
52314.201,12401,11628
52320.864,12402,11628
52340.297,12403,11628
52350.134,12404,11628
52376.969,12405,11628
52379.614,12406,11628
52397.583,12407,11628
52400.847,12408,11628
52410.578,12409,11628
52410.736,12410,11628
52411.079,12411,11628
52411.531,12412,11628
52414.339,12413,11628
52429.783,12414,11630
52430.11,12415,11631
52430.175,12416,11631
52430.455,12417,11631
52430.962,12418,11631
52432.582,12419,11631
52433.264,12420,11631
52433.346,12421,11631
52440.66,12422,11631
52443.718,12423,11631
52444.785,12424,11631
52448.076,12425,11631
52448.697,12426,11631
52450.535,12427,11631
52452.365,12428,11631
52463.645,12429,11631
52464.788,12430,11631
52467.646,12431,11631
52470.553,12432,11631
52470.619,12433,11631
52470.844,12434,11631
52471.136,12435,11631
52475.485,12436,11631
52476.614,12437,11631
52478.807,12438,11631
52480.397,12439,11631
52481.468,12440,11631
52484.99,12441,11631
52496.28,12442,11631
52503.341,12443,11631
52539.355,12444,11631
52539.405,12445,11631
52539.477,12446,11631
52540.787,12447,11631
52554.885,12448,11631
52556.558,12449,11631
52560.491,12450,11632
52568.445,12451,11632
52568.551,12452,11632
52569.217,12453,11632
52575.856,12454,11632
52577.216,12455,11632
52591.571,12456,11632
52591.755,12457,11632
52599.361,12458,11633
52599.833,12459,11633
52599.951,12460,11633
52600.071,12461,11633
52600.888,12462,11633
52608.004,12463,11633
52612.52,12464,11633
52612.67,12465,11633
52613.373,12466,11633
52615.453,12467,11633
52615.6,12468,11633
52616.37,12469,11633
52622.665,12470,11633
52623.398,12471,11633
52628.667,12472,11633
52628.953,12473,11634
52628.973,12474,11634
52635.508,12475,11635
52638.447,12476,11637
52641.886,12477,11637
52644.37,12478,11637
52649.137,12479,11637
52662.512,12480,11637
52662.533,12481,11637
52665.375,12482,11637
52674.236,12483,11637
52679.617,12484,11637
52692.518,12485,11637
52700.809,12486,11637
52700.825,12487,11637
52705.313,12488,11637
52717.329,12489,11637
52717.362,12490,11637
52717.668,12491,11637
52717.762,12492,11637
52717.942,12493,11637
52720.603,12494,11637
52724.098,12495,11637
52728.31,12496,11637
52730.03,12497,11637
52737.533,12498,11637
52742.53,12499,11637
52764.573,12500,11637
52764.758,12501,11637
52765.244,12502,11637
52785.28,12503,11637
52787.708,12504,11637
52791.68,12505,11637
52799.595,12506,11637
52805.26,12507,11637
52805.587,12508,11638
52807.831,12509,11638
52809.97,12510,11640
52815.43,12511,11640
52821.601,12512,11640
52823.0,12513,11640
52825.003,12514,11640
52831.92,12515,11640
52835.35,12516,11640
52848.117,12517,11640
52848.208,12518,11640
52849.681,12519,11640
52853.038,12520,11640
52856.061,12521,11640
52861.228,12522,11640
52866.075,12523,11640
52866.696,12524,11640
52866.915,12525,11640
52870.562,12526,11640
52891.216,12527,11640
52892.764,12528,11640
52906.782,12529,11640
52926.23,12530,11640
52928.932,12531,11640
52929.708,12532,11640
52988.738,12533,11640
52988.802,12534,11640
52990.916,12535,11640
52991.107,12536,11640
52991.884,12537,11640
52995.041,12538,11640
52998.227,12539,11640
53000.766,12540,11641
53044.945,12541,11642
53050.961,12542,11642
53051.025,12543,11642
53051.521,12544,11642
53058.785,12545,11642
53059.31,12546,11642
53059.879,12547,11642
53060.418,12548,11646
53060.979,12549,11646
53061.604,12550,11646
53068.753,12551,11646
53076.934,12552,11646
53080.167,12553,11646
53088.193,12554,11646
53090.365,12555,11646
53099.668,12556,11646
53100.701,12557,11646
53103.942,12558,11646
53108.262,12559,11646
53109.346,12560,11646
53118.165,12561,11646
53125.463,12562,11646
53132.918,12563,11647
53138.111,12564,11647
53144.064,12565,11647
53146.211,12566,11647
53146.916,12567,11647
53148.509,12568,11648
53159.303,12569,11648
53159.438,12570,11648
53169.49,12571,11648
53173.812,12572,11648
53174.97,12573,11648
53175.065,12574,11648
53175.88,12575,11649
53177.423,12576,11649
53177.516,12577,11649
53178.328,12578,11650
53180.204,12579,11650
53180.242,12580,11650
53181.334,12581,11650
53184.165,12582,11650
53195.878,12583,11650
53196.418,12584,11650
53196.452,12585,11650
53196.934,12586,11650
53197.78,12587,11650
53198.306,12588,11650
53199.905,12589,11650
53201.514,12590,11650
53203.914,12591,11650
53214.906,12592,11650
53218.127,12593,11650
53220.088,12594,11650
53227.328,12595,11650
53258.893,12596,11650
53262.235,12597,11650
53268.422,12598,11650
53268.781,12599,11650
53273.136,12600,11650
53273.779,12601,11650
53278.954,12602,11650
53281.17,12603,11650
53283.025,12604,11650
53285.35,12605,11650
53285.507,12606,11650
53286.619,12607,11650
53292.74,12608,11658
53300.972,12609,11658
53311.854,12610,11658
53316.206,12611,11658
53318.961,12612,11658
53319.055,12613,11658
53319.383,12614,11658
53319.397,12615,11658
53319.726,12616,11658
53320.547,12617,11658
53321.884,12618,11658
53322.847,12619,11658
53325.351,12620,11658
53327.827,12621,11658
53332.44,12622,11658
53388.227,12623,11658
53390.724,12624,11658
53399.11,12625,11658
53401.012,12626,11658
53402.941,12627,11658
53402.991,12628,11658
53407.497,12629,11658
53409.058,12630,11658
53412.023,12631,11658
53417.624,12632,11658
53422.127,12633,11659
53434.09,12634,11659
53438.006,12635,11659
53441.948,12636,11659
53448.25,12637,11659
53448.612,12638,11659
53454.991,12639,11659
53458.143,12640,11659
53460.79,12641,11659
53460.92,12642,11659
53462.302,12643,11659
53473.824,12644,11659
53474.005,12645,11659
53474.127,12646,11659
53479.283,12647,11659
53479.616,12648,11661
53479.684,12649,11661
53485.848,12650,11661
53485.928,12651,11661
53486.502,12652,11661
53493.432,12653,11661
53493.762,12654,11661
53500.402,12655,11661
53502.851,12656,11661
53518.889,12657,11661
53538.253,12658,11661
53544.017,12659,11661
53544.212,12660,11661
53544.239,12661,11661
53545.296,12662,11661
53545.636,12663,11661
53548.797,12664,11661
53548.815,12665,11661
53550.356,12666,11661
53552.311,12667,11661
53554.859,12668,11661
53559.641,12669,11661
53572.513,12670,11661
53592.528,12671,11661
53596.593,12672,11661
53607.12,12673,11664
53615.235,12674,11664
53615.258,12675,11664
53615.317,12676,11664
53615.635,12677,11664
53616.32,12678,11664
53617.226,12679,11664
53617.4,12680,11664
53617.642,12681,11664
53620.113,12682,11664
53623.036,12683,11664
53626.048,12684,11664
53627.249,12685,11664
53643.739,12686,11664
53670.735,12687,11664
53683.72,12688,11665
53695.126,12689,11665
53695.289,12690,11665
53695.709,12691,11665
53699.937,12692,11665
53706.738,12693,11665
53712.918,12694,11665
53713.915,12695,11665
53714.545,12696,11665
53714.586,12697,11666
53717.74,12698,11667
53717.75,12699,11667
53719.715,12700,11667
53723.682,12701,11667
53727.925,12702,11667
53727.954,12703,11667
53728.883,12704,11667
53741.179,12705,11667
53741.668,12706,11667
53745.03,12707,11667
53752.687,12708,11667
53752.841,12709,11667
53754.757,12710,11667
53755.149,12711,11667
53760.001,12712,11667
53779.818,12713,11667
53784.702,12714,11670
53796.819,12715,11671
53811.658,12716,11671
53812.445,12717,11671
53812.624,12718,11671
53812.976,12719,11671
53815.844,12720,11671
53828.694,12721,11671
53829.712,12722,11671
53835.068,12723,11671
53848.819,12724,11671
53854.136,12725,11671
53860.395,12726,11671
53869.041,12727,11671
53875.907,12728,11671
53877.565,12729,11671
53886.354,12730,11671
53886.361,12731,11671
53886.38,12732,11671
53886.413,12733,11671
53886.426,12734,11671
53886.437,12735,11671
53886.494,12736,11671
53886.521,12737,11671
53886.529,12738,11671
53886.741,12739,11671
53886.828,12740,11671
53887.457,12741,11671
53887.861,12742,11671
53888.191,12743,11671
53888.366,12744,11671
53888.799,12745,11671
53889.191,12746,11671
53889.935,12747,11671
53890.193,12748,11671
53891.478,12749,11671
53891.849,12750,11671
53906.032,12751,11671
53916.273,12752,11671
53916.457,12753,11671
53917.668,12754,11671
53921.439,12755,11671
53944.943,12756,11671
53949.719,12757,11671
53960.155,12758,11671
53960.16,12759,11671
53960.181,12760,11671
53960.399,12761,11671
53961.141,12762,11671
53963.196,12763,11671
53963.497,12764,11671
53965.648,12765,11671
53976.952,12766,11671
53997.58,12767,11671
54000.79,12768,11671
54007.861,12769,11674
54013.861,12770,11674
54013.912,12771,11674
54014.204,12772,11674
54025.397,12773,11674
54030.625,12774,11674
54033.086,12775,11674
54034.491,12776,11674
54036.322,12777,11674
54036.333,12778,11674
54036.381,12779,11674
54053.371,12780,11674
54056.674,12781,11674
54065.742,12782,11674
54067.705,12783,11675
54068.902,12784,11675
54068.928,12785,11675
54085.639,12786,11675
54112.577,12787,11675
54113.437,12788,11675
54113.45,12789,11675
54113.474,12790,11675
54115.098,12791,11675
54116.646,12792,11675
54117.016,12793,11675
54117.137,12794,11675
54117.721,12795,11675
54118.484,12796,11675
54121.377,12797,11675
54121.532,12798,11675
54121.701,12799,11675
54125.197,12800,11675
54126.47,12801,11675
54134.587,12802,11675
54175.473,12803,11675
54175.972,12804,11675
54176.329,12805,11675
54177.315,12806,11675
54178.185,12807,11675
54195.342,12808,11675
54216.269,12809,11675
54216.273,12810,11675
54223.374,12811,11675
54230.33,12812,11675
54230.473,12813,11675
54230.705,12814,11675
54232.078,12815,11675
54233.678,12816,11675
54236.466,12817,11675
54244.195,12818,11675
54245.545,12819,11675
54256.704,12820,11675
54263.032,12821,11675
54288.605,12822,11675
54290.823,12823,11675
54303.048,12824,11675
54316.903,12825,11675
54398.107,12826,11675
54398.929,12827,11675
54405.551,12828,11675
54411.592,12829,11675
54413.025,12830,11675
54426.272,12831,11675
54426.898,12832,11675
54429.686,12833,11675
54433.013,12834,11675
54434.285,12835,11675
54435.021,12836,11675
54440.916,12837,11675
54444.165,12838,11675
54445.736,12839,11675
54464.295,12840,11675
54471.56,12841,11675
54479.226,12842,11675
54479.297,12843,11675
54480.233,12844,11675
54480.47,12845,11675
54480.501,12846,11675
54482.048,12847,11675
54483.049,12848,11675
54483.733,12849,11675
54494.603,12850,11675
54498.488,12851,11675
54500.772,12852,11677
54503.096,12853,11677
54513.768,12854,11677
54530.25,12855,11678
54559.046,12856,11678
54572.617,12857,11678
54572.621,12858,11678
54572.638,12859,11678
54573.856,12860,11678
54574.983,12861,11678
54577.244,12862,11678
54577.295,12863,11678
54595.044,12864,11678
54604.118,12865,11678
54604.516,12866,11678
54604.59,12867,11678
54605.661,12868,11678
54607.723,12869,11678
54608.787,12870,11678
54612.847,12871,11678
54615.774,12872,11678
54619.785,12873,11678
54627.902,12874,11678
54628.237,12875,11678
54644.362,12876,11678
54644.562,12877,11678
54648.213,12878,11678
54658.609,12879,11678
54666.442,12880,11678
54668.035,12881,11678
54672.925,12882,11678
54673.906,12883,11678
54695.746,12884,11678
54697.184,12885,11678
54697.528,12886,11678
54698.517,12887,11678
54710.586,12888,11678
54715.582,12889,11678
54715.601,12890,11678
54715.863,12891,11678
54716.014,12892,11678
54717.188,12893,11678
54729.325,12894,11678
54738.794,12895,11678
54747.465,12896,11678
54749.169,12897,11678
54752.75,12898,11678
54766.191,12899,11678
54778.507,12900,11678
54780.799,12901,11678
54788.358,12902,11678
54789.123,12903,11678
54795.563,12904,11678
54795.718,12905,11678
54796.19,12906,11678
54798.568,12907,11678
54814.682,12908,11678
54816.322,12909,11678
54822.184,12910,11678
54831.335,12911,11678
54839.348,12912,11678
54839.433,12913,11678
54839.562,12914,11678
54839.619,12915,11678
54842.361,12916,11678
54844.677,12917,11678
54852.883,12918,11678
54853.485,12919,11678
54853.9,12920,11678
54856.604,12921,11678
54861.06,12922,11678
54861.313,12923,11678
54875.218,12924,11678
54878.899,12925,11678
54884.442,12926,11678
54884.489,12927,11678
54885.667,12928,11679
54887.046,12929,11679
54889.783,12930,11679
54895.008,12931,11679
54913.426,12932,11679
54917.986,12933,11680
54927.248,12934,11680
54927.654,12935,11681
54928.278,12936,11681
54929.554,12937,11686
54930.865,12938,11686
54933.643,12939,11686
54934.416,12940,11687
54934.862,12941,11687
54940.648,12942,11687
54940.949,12943,11687
54941.146,12944,11687
54943.186,12945,11687
54943.831,12946,11687
54952.5,12947,11687
54952.765,12948,11687
54957.786,12949,11687
54967.411,12950,11687
54968.735,12951,11687
54969.2,12952,11687
54999.898,12953,11687
55003.656,12954,11687
55007.524,12955,11687
55008.311,12956,11688
55009.669,12957,11688
55009.859,12958,11688
55011.121,12959,11688
55015.58,12960,11688
55017.2,12961,11688
55019.412,12962,11689
55041.206,12963,11689
55041.611,12964,11689
55042.194,12965,11689
55043.568,12966,11689
55043.888,12967,11691
55045.106,12968,11691
55045.161,12969,11691
55045.528,12970,11691
55050.241,12971,11691
55052.06,12972,11691
55057.519,12973,11691
55059.377,12974,11691
55061.795,12975,11691
55062.585,12976,11691
55078.419,12977,11692
55102.444,12978,11692
55103.025,12979,11692
55103.036,12980,11692
55109.239,12981,11693
55109.576,12982,11693
55109.927,12983,11694
55110.189,12984,11694
55111.224,12985,11694
55111.345,12986,11694
55111.965,12987,11694
55112.332,12988,11694
55113.208,12989,11694
55113.713,12990,11694
55113.736,12991,11700
55114.483,12992,11700
55114.953,12993,11700
55115.221,12994,11700
55116.376,12995,11700
55119.199,12996,11700
55121.078,12997,11700
55121.654,12998,11700
55126.718,12999,11700
55134.389,13000,11701
55134.517,13001,11701
55136.757,13002,11701
55139.318,13003,11701
55142.308,13004,11701
55143.931,13005,11701
55152.144,13006,11701
55153.289,13007,11701
55156.972,13008,11701
55162.281,13009,11701
55166.991,13010,11701
55172.559,13011,11701
55172.758,13012,11701
55174.387,13013,11701
55174.404,13014,11701
55190.368,13015,11701
55192.584,13016,11701
55192.657,13017,11701
55192.805,13018,11702
55195.013,13019,11702
55196.368,13020,11702
55210.186,13021,11702
55213.577,13022,11702
55213.759,13023,11702
55223.5,13024,11703
55225.634,13025,11703
55244.548,13026,11703
55259.849,13027,11703
55273.002,13028,11703
55296.407,13029,11703
55305.605,13030,11703
55349.133,13031,11703
55349.422,13032,11703
55354.41,13033,11703
55356.585,13034,11703
55364.584,13035,11703
55365.145,13036,11703
55366.121,13037,11703
55369.068,13038,11703
55374.516,13039,11703
55375.434,13040,11703
55378.208,13041,11703
55379.476,13042,11703
55397.606,13043,11703
55397.638,13044,11703
55398.435,13045,11711
55398.577,13046,11711
55401.263,13047,11711
55413.466,13048,11711
55468.161,13049,11711
55472.975,13050,11711
55473.918,13051,11711
55492.378,13052,11711
55509.493,13053,11711
55510.114,13054,11711
55513.955,13055,11711
55514.029,13056,11711
55514.481,13057,11711
55518.181,13058,11711
55540.669,13059,11711
55540.85,13060,11711
55562.863,13061,11711
55569.052,13062,11711
55569.314,13063,11711
55569.844,13064,11711
55569.909,13065,11711
55570.038,13066,11711
55570.129,13067,11711
55571.02,13068,11711
55576.456,13069,11711
55587.451,13070,11711
55598.378,13071,11711
55602.045,13072,11711
55614.862,13073,11711
55618.685,13074,11711
55620.157,13075,11711
55624.772,13076,11711
55632.251,13077,11711
55632.426,13078,11711
55637.216,13079,11711
55644.15,13080,11711
55653.045,13081,11711
55661.595,13082,11711
55661.76,13083,11711
55662.223,13084,11711
55662.629,13085,11711
55670.565,13086,11711
55678.345,13087,11711
55678.378,13088,11711
55678.523,13089,11713
55679.109,13090,11713
55679.96,13091,11713
55687.468,13092,11714
55724.843,13093,11714
55734.47,13094,11714
55735.151,13095,11714
55738.201,13096,11714
55738.967,13097,11714
55739.657,13098,11714
55744.712,13099,11714
55752.527,13100,11714
55752.735,13101,11714
55764.303,13102,11714
55800.011,13103,11714
55802.181,13104,11714
55802.507,13105,11714
55802.529,13106,11714
55804.324,13107,11714
55808.183,13108,11714
55812.966,13109,11714
55817.603,13110,11714
55835.665,13111,11714
55836.04,13112,11714
55836.27,13113,11714
55843.973,13114,11714
55853.137,13115,11714
55858.524,13116,11714
55873.103,13117,11714
55884.746,13118,11714
55884.783,13119,11714
55884.908,13120,11714
55886.182,13121,11714
55904.022,13122,11714
55909.981,13123,11714
55910.042,13124,11714
55911.936,13125,11714
55915.933,13126,11714
55917.269,13127,11714
55923.592,13128,11714
55924.886,13129,11714
55936.472,13130,11714
55940.449,13131,11714
55958.409,13132,11714
55961.519,13133,11714
55965.718,13134,11714
55965.781,13135,11715
55991.705,13136,11715
55992.801,13137,11715
56006.175,13138,11715
56007.421,13139,11715
56007.657,13140,11715
56015.141,13141,11715
56035.666,13142,11715
56035.692,13143,11715
56036.33,13144,11715
56048.511,13145,11715
56050.504,13146,11715
56071.107,13147,11715
56071.889,13148,11715
56076.93,13149,11715
56100.937,13150,11715
56101.01,13151,11715
56123.991,13152,11715
56150.114,13153,11715
56151.711,13154,11715
56165.836,13155,11715
56210.379,13156,11715
56210.559,13157,11715
56210.824,13158,11715
56211.132,13159,11715
56212.577,13160,11715
56215.865,13161,11715
56216.489,13162,11715
56217.185,13163,11715
56225.884,13164,11715
56231.943,13165,11715
56255.684,13166,11715
56260.166,13167,11715
56273.438,13168,11715
56273.691,13169,11715
56286.049,13170,11715
56312.612,13171,11715
56315.349,13172,11715
56330.528,13173,11717
56332.231,13174,11717
56332.326,13175,11717
56332.518,13176,11717
56334.126,13177,11717
56346.789,13178,11718
56349.593,13179,11718
56349.947,13180,11718
56350.785,13181,11718
56350.818,13182,11718
56350.983,13183,11718
56361.116,13184,11719
56365.184,13185,11719
56379.279,13186,11725
56383.934,13187,11725
56395.861,13188,11725
56424.21,13189,11725
56424.309,13190,11725
56424.435,13191,11725
56429.542,13192,11725
56434.042,13193,11725
56435.252,13194,11725
56440.912,13195,11725
56445.534,13196,11725
56463.208,13197,11725
56463.409,13198,11725
56463.538,13199,11725
56463.561,13200,11725
56464.115,13201,11725
56465.017,13202,11725
56465.096,13203,11725
56465.148,13204,11725
56465.849,13205,11725
56466.721,13206,11725
56470.177,13207,11725
56470.734,13208,11725
56472.901,13209,11725
56475.768,13210,11725
56476.691,13211,11725
56487.249,13212,11725
56487.556,13213,11725
56491.932,13214,11725
56496.531,13215,11725
56507.364,13216,11725
56527.014,13217,11726
56527.72,13218,11726
56530.087,13219,11726
56534.98,13220,11726
56538.75,13221,11726
56538.759,13222,11726
56538.799,13223,11726
56538.822,13224,11726
56538.877,13225,11726
56538.891,13226,11726
56538.958,13227,11726
56539.634,13228,11726
56539.723,13229,11726
56539.74,13230,11726
56540.234,13231,11726
56540.67,13232,11726
56543.812,13233,11726
56545.12,13234,11726
56545.696,13235,11726
56546.829,13236,11726
56547.541,13237,11726
56548.143,13238,11726
56551.478,13239,11726
56551.937,13240,11726
56561.531,13241,11726
56564.413,13242,11726
56574.797,13243,11726
56632.202,13244,11726
56661.548,13245,11726
56661.596,13246,11726
56661.691,13247,11726
56663.87,13248,11726
56668.174,13249,11726
56681.392,13250,11726
56704.213,13251,11726
56706.164,13252,11726
56706.647,13253,11726
56719.871,13254,11726
56722.829,13255,11726
56722.841,13256,11726
56722.946,13257,11726
56723.264,13258,11726
56730.022,13259,11726
56730.582,13260,11726
56735.03,13261,11726
56736.918,13262,11726
56737.403,13263,11727
56742.808,13264,11727
56742.952,13265,11727
56743.075,13266,11727
56743.381,13267,11727
56745.647,13268,11727
56745.767,13269,11727
56747.491,13270,11727
56749.494,13271,11727
56753.365,13272,11727
56762.535,13273,11727
56782.624,13274,11727
56790.616,13275,11727
56794.224,13276,11727
56800.035,13277,11727
56801.937,13278,11727
56802.043,13279,11727
56803.561,13280,11727
56812.425,13281,11727
56812.441,13282,11727
56812.803,13283,11727
56815.535,13284,11727
56832.903,13285,11727
56846.41,13286,11727
56846.455,13287,11727
56848.28,13288,11727
56862.544,13289,11727
56864.453,13290,11727
56885.967,13291,11727
56887.747,13292,11727
56893.257,13293,11727
56893.311,13294,11727
56894.172,13295,11727
56898.74,13296,11727
56906.937,13297,11727
56916.616,13298,11727
56918.482,13299,11727
56928.047,13300,11727
56932.729,13301,11727
56932.772,13302,11727
56938.266,13303,11727
56942.998,13304,11727
56946.595,13305,11727
56948.827,13306,11728
56956.821,13307,11728
56969.167,13308,11728
56974.469,13309,11728
56983.389,13310,11728
56983.972,13311,11728
56992.838,13312,11728
56995.222,13313,11728
57009.304,13314,11728
57009.395,13315,11728
57009.527,13316,11728
57010.996,13317,11728
57014.517,13318,11728
57016.087,13319,11728
57016.198,13320,11728
57020.217,13321,11728
57021.106,13322,11728
57022.833,13323,11728
57029.191,13324,11729
57032.241,13325,11729
57036.961,13326,11729
57036.972,13327,11729
57039.826,13328,11729
57073.47,13329,11729
57077.062,13330,11729
57100.031,13331,11729
57100.046,13332,11729
57100.526,13333,11729
57119.333,13334,11729
57135.25,13335,11729
57151.036,13336,11729
57165.2,13337,11729
57167.572,13338,11729
57176.728,13339,11729
57181.784,13340,11729
57184.978,13341,11729
57196.429,13342,11730
57219.21,13343,11730
57232.669,13344,11730
57234.516,13345,11730
57237.096,13346,11730
57247.316,13347,11730
57247.699,13348,11730
57248.017,13349,11730
57249.841,13350,11730
57257.439,13351,11730
57260.994,13352,11730
57261.171,13353,11730
57275.417,13354,11730
57275.951,13355,11730
57276.707,13356,11730
57295.033,13357,11730
57296.296,13358,11732
57304.55,13359,11732
57313.925,13360,11732
57318.333,13361,11732
57318.516,13362,11732
57319.017,13363,11732
57319.455,13364,11732
57320.802,13365,11732
57339.059,13366,11732
57341.492,13367,11732
57342.161,13368,11732
57348.729,13369,11732
57348.789,13370,11732
57348.836,13371,11732
57355.793,13372,11732
57356.785,13373,11732
57363.235,13374,11732
57367.587,13375,11732
57367.822,13376,11732
57374.485,13377,11732
57374.745,13378,11732
57375.96,13379,11732
57378.181,13380,11732
57378.901,13381,11732
57379.787,13382,11732
57381.696,13383,11732
57381.996,13384,11732
57402.348,13385,11732
57404.547,13386,11732
57411.366,13387,11732
57420.088,13388,11732
57426.18,13389,11732
57434.502,13390,11732
57448.375,13391,11732
57458.948,13392,11732
57460.468,13393,11732
57461.808,13394,11732
57471.543,13395,11739
57475.44,13396,11740
57504.744,13397,11740
57511.72,13398,11740
57537.462,13399,11741
57551.611,13400,11741
57557.732,13401,11741
57570.51,13402,11741
57570.549,13403,11741
57575.479,13404,11741
57577.71,13405,11741
57577.769,13406,11741
57608.181,13407,11741
57608.412,13408,11741
57609.589,13409,11741
57614.449,13410,11741
57620.524,13411,11741
57620.641,13412,11741
57621.958,13413,11741
57622.351,13414,11741
57635.986,13415,11741
57636.078,13416,11741
57636.464,13417,11741
57636.502,13418,11741
57636.9,13419,11741
57636.966,13420,11741
57637.162,13421,11741
57637.97,13422,11741
57638.475,13423,11741
57638.867,13424,11741
57638.906,13425,11741
57639.956,13426,11741
57640.203,13427,11741
57640.355,13428,11741
57640.537,13429,11741
57640.565,13430,11741
57640.805,13431,11741
57641.151,13432,11741
57641.323,13433,11741
57641.615,13434,11741
57642.977,13435,11741
57645.417,13436,11741
57645.873,13437,11741
57646.353,13438,11741
57646.778,13439,11741
57647.147,13440,11741
57648.549,13441,11741
57648.69,13442,11741
57648.931,13443,11741
57650.054,13444,11741
57650.087,13445,11741
57650.626,13446,11741
57650.843,13447,11741
57651.112,13448,11741
57652.144,13449,11741
57652.859,13450,11741
57653.946,13451,11741
57654.12,13452,11741
57654.249,13453,11741
57654.559,13454,11741
57654.772,13455,11741
57654.781,13456,11741
57655.352,13457,11741
57661.077,13458,11741
57661.228,13459,11741
57661.539,13460,11741
57661.81,13461,11741
57661.959,13462,11741
57671.26,13463,11741
57673.42,13464,11741
57673.619,13465,11741
57676.112,13466,11741
57677.549,13467,11741
57678.578,13468,11741
57681.322,13469,11741
57684.806,13470,11741
57689.285,13471,11741
57691.237,13472,11741
57694.965,13473,11741
57695.191,13474,11741
57695.494,13475,11741
57696.885,13476,11741
57698.781,13477,11741
57699.216,13478,11741
57699.231,13479,11741
57699.99,13480,11741
57700.899,13481,11741
57701.562,13482,11741
57703.548,13483,11741
57704.189,13484,11741
57704.235,13485,11741
57704.602,13486,11741
57705.123,13487,11741
57705.409,13488,11741
57705.432,13489,11741
57706.068,13490,11741
57707.089,13491,11741
57708.85,13492,11741
57711.072,13493,11741
57727.486,13494,11741
57727.926,13495,11741
57735.148,13496,11741
57735.94,13497,11741
57737.026,13498,11741
57737.997,13499,11741
57738.412,13500,11741
57738.503,13501,11741
57738.536,13502,11741
57742.992,13503,11741
57745.526,13504,11741
57748.189,13505,11741
57749.616,13506,11741
57766.335,13507,11741
57768.68,13508,11741
57798.317,13509,11741
57799.904,13510,11741
57809.42,13511,11741
57831.276,13512,11741
57852.87,13513,11741
57856.605,13514,11741
57899.278,13515,11741
57912.332,13516,11741
57913.626,13517,11741
57948.29,13518,11741
57966.39,13519,11741
57966.509,13520,11741
57967.778,13521,11741
57976.413,13522,11741
57976.666,13523,11741
57976.702,13524,11741
57976.961,13525,11741
57978.771,13526,11741
57981.055,13527,11741
58000.394,13528,11741
58000.712,13529,11741
58000.867,13530,11741
58000.993,13531,11741
58001.703,13532,11741
58001.884,13533,11741
58003.19,13534,11742
58003.326,13535,11742
58004.481,13536,11742
58005.499,13537,11742
58006.042,13538,11742
58008.625,13539,11742
58009.532,13540,11742
58010.37,13541,11742
58012.416,13542,11742
58014.643,13543,11742
58016.707,13544,11742
58016.764,13545,11742
58026.58,13546,11742
58029.052,13547,11742
58037.002,13548,11742
58041.859,13549,11742
58041.944,13550,11742
58046.06,13551,11742
58075.425,13552,11743
58078.378,13553,11743
58096.136,13554,11743
58098.566,13555,11743
58101.802,13556,11743
58102.179,13557,11743
58109.348,13558,11743
58120.975,13559,11743
58128.069,13560,11743
58128.156,13561,11743
58129.27,13562,11743
58139.393,13563,11743
58139.425,13564,11743
58139.967,13565,11743
58140.17,13566,11743
58160.811,13567,11743
58172.313,13568,11743
58178.35,13569,11743
58184.21,13570,11743
58184.884,13571,11743
58199.719,13572,11743
58206.587,13573,11743
58218.873,13574,11743
58220.519,13575,11743
58221.282,13576,11743
58224.814,13577,11743
58225.099,13578,11743
58226.424,13579,11743
58237.134,13580,11743
58237.63,13581,11743
58239.682,13582,11743
58240.243,13583,11743
58241.206,13584,11743
58242.554,13585,11745
58244.159,13586,11745
58244.411,13587,11745
58245.28,13588,11745
58247.764,13589,11745
58253.728,13590,11745
58257.032,13591,11745
58270.312,13592,11745
58270.35,13593,11745
58270.765,13594,11746
58282.436,13595,11746
58305.503,13596,11746
58315.35,13597,11747
58315.431,13598,11747
58317.184,13599,11747
58318.143,13600,11747
58328.791,13601,11747
58335.824,13602,11747
58338.844,13603,11747
58340.975,13604,11747
58344.066,13605,11747
58346.521,13606,11747
58346.592,13607,11747
58351.67,13608,11747
58351.805,13609,11747
58352.139,13610,11747
58353.468,13611,11747
58354.03,13612,11747
58355.543,13613,11747
58356.017,13614,11747
58356.03,13615,11747
58356.587,13616,11747
58357.634,13617,11747
58360.03,13618,11747
58360.819,13619,11747
58366.739,13620,11747
58392.591,13621,11747
58396.838,13622,11747
58396.943,13623,11747
58396.97,13624,11747
58397.371,13625,11747
58399.303,13626,11747
58405.742,13627,11747
58407.322,13628,11747
58407.923,13629,11747
58411.88,13630,11747
58418.38,13631,11748
58422.068,13632,11748
58424.654,13633,11748
58425.646,13634,11748
58426.134,13635,11748
58427.82,13636,11748
58430.05,13637,11748
58435.046,13638,11748
58435.297,13639,11748
58435.354,13640,11748
58437.615,13641,11748
58439.736,13642,11748
58439.944,13643,11748
58443.179,13644,11748
58445.173,13645,11748
58473.946,13646,11748
58510.35,13647,11748
58517.521,13648,11748
58528.006,13649,11748
58534.02,13650,11748
58535.527,13651,11748
58550.324,13652,11748
58550.412,13653,11748
58563.175,13654,11748
58568.636,13655,11748
58570.406,13656,11749
58597.715,13657,11749
58597.866,13658,11749
58598.028,13659,11749
58603.308,13660,11749
58603.595,13661,11749
58606.218,13662,11749
58626.378,13663,11749
58628.86,13664,11749
58634.818,13665,11749
58634.953,13666,11749
58635.171,13667,11749
58653.356,13668,11749
58660.276,13669,11749
58679.553,13670,11749
58694.294,13671,11749
58700.594,13672,11749
58700.91,13673,11749
58710.852,13674,11749
58717.648,13675,11749
58729.666,13676,11749
58732.662,13677,11749
58745.18,13678,11749
58762.455,13679,11749
58773.172,13680,11749
58774.05,13681,11749
58776.372,13682,11750
58790.739,13683,11750
58796.472,13684,11750
58797.934,13685,11750
58798.708,13686,11750
58807.821,13687,11750
58818.375,13688,11750
58833.658,13689,11750
58851.398,13690,11750
58851.941,13691,11750
58858.433,13692,11750
58859.264,13693,11750
58891.24,13694,11750
58893.402,13695,11750
58893.567,13696,11750
58895.981,13697,11750
58898.722,13698,11750
58930.913,13699,11750
58938.459,13700,11750
58939.393,13701,11750
58941.877,13702,11750
58953.218,13703,11750
58964.874,13704,11750
58977.15,13705,11750
58990.332,13706,11750
58998.528,13707,11750
58999.9,13708,11750
59003.007,13709,11750
59003.225,13710,11750
59004.382,13711,11750
59004.935,13712,11750
59007.732,13713,11754
59010.02,13714,11754
59012.079,13715,11754
59012.488,13716,11754
59013.132,13717,11754
59013.739,13718,11754
59017.944,13719,11754
59023.811,13720,11754
59023.854,13721,11754
59026.016,13722,11755
59032.928,13723,11755
59033.508,13724,11755
59059.113,13725,11755
59065.761,13726,11755
59067.586,13727,11755
59080.455,13728,11755
59102.81,13729,11755
59111.979,13730,11755
59112.014,13731,11755
59121.134,13732,11755
59134.45,13733,11755
59134.701,13734,11755
59136.973,13735,11755
59152.049,13736,11755
59154.921,13737,11755
59157.542,13738,11755
59157.789,13739,11755
59162.99,13740,11755
59175.68,13741,11755
59177.3,13742,11755
59180.114,13743,11755
59193.967,13744,11755
59194.009,13745,11755
59201.36,13746,11755
59204.527,13747,11755
59204.693,13748,11755
59205.933,13749,11755
59206.332,13750,11755
59213.73,13751,11755
59214.295,13752,11755
59217.144,13753,11755
59217.78,13754,11755
59217.919,13755,11755
59219.682,13756,11755
59222.224,13757,11755
59222.382,13758,11755
59229.931,13759,11755
59241.248,13760,11755
59245.217,13761,11755
59245.337,13762,11755
59254.908,13763,11755
59267.954,13764,11755
59267.992,13765,11755
59268.063,13766,11755
59269.301,13767,11755
59275.624,13768,11755
59286.159,13769,11755
59308.578,13770,11755
59329.886,13771,11755
59338.087,13772,11755
59338.987,13773,11755
59350.238,13774,11755
59350.971,13775,11755
59351.2,13776,11755
59351.811,13777,11755
59352.642,13778,11755
59355.962,13779,11755
59356.584,13780,11755
59359.115,13781,11755
59359.827,13782,11755
59364.682,13783,11755
59367.596,13784,11755
59367.882,13785,11755
59383.512,13786,11755
59413.157,13787,11755
59414.989,13788,11755
59419.833,13789,11755
59428.514,13790,11755
59428.717,13791,11755
59430.45,13792,11755
59455.257,13793,11755
59455.296,13794,11755
59474.654,13795,11755
59474.677,13796,11755
59475.002,13797,11755
59481.813,13798,11755
59482.576,13799,11759
59483.097,13800,11759
59485.303,13801,11759
59487.427,13802,11759
59495.182,13803,11759
59503.119,13804,11759
59522.129,13805,11759
59524.35,13806,11759
59543.083,13807,11759
59543.749,13808,11759
59544.164,13809,11759
59547.86,13810,11759
59548.487,13811,11759
59548.615,13812,11759
59553.088,13813,11759
59553.952,13814,11759
59558.732,13815,11759
59564.383,13816,11760
59566.929,13817,11760
59577.415,13818,11760
59597.785,13819,11760
59603.257,13820,11760
59603.836,13821,11760
59610.625,13822,11760
59616.868,13823,11760
59627.376,13824,11760
59646.38,13825,11760
59650.231,13826,11760
59650.726,13827,11760
59651.875,13828,11760
59670.427,13829,11760
59671.434,13830,11760
59677.757,13831,11760
59679.091,13832,11760
59684.045,13833,11760
59685.399,13834,11760
59689.159,13835,11760
59692.555,13836,11760
59695.155,13837,11760
59695.668,13838,11760
59711.293,13839,11760
59713.776,13840,11760
59722.519,13841,11760
59737.066,13842,11760
59750.843,13843,11760
59751.549,13844,11760
59755.845,13845,11760
59773.787,13846,11760
59782.494,13847,11760
59787.914,13848,11760
59788.116,13849,11760
59788.213,13850,11760
59788.685,13851,11760
59821.87,13852,11760
59823.822,13853,11760
59831.886,13854,11760
59835.104,13855,11760
59848.692,13856,11760
59848.929,13857,11760
59851.897,13858,11760
59853.41,13859,11760
59863.407,13860,11760
59863.475,13861,11760
59867.842,13862,11760
59867.878,13863,11760
59873.017,13864,11760
59882.123,13865,11760
59901.636,13866,11760
59901.736,13867,11760
59902.014,13868,11761
59907.003,13869,11761
59907.26,13870,11761
59937.394,13871,11766
59937.858,13872,11766
59940.283,13873,11766
59972.35,13874,11766
60009.016,13875,11766
60017.875,13876,11767
60037.966,13877,11767
60041.187,13878,11767
60048.642,13879,11767
60051.028,13880,11767
60057.378,13881,11767
60066.681,13882,11767
60075.187,13883,11767
60084.313,13884,11767
60084.475,13885,11767
60086.269,13886,11767
60091.14,13887,11767
60092.006,13888,11767
60100.287,13889,11767
60103.327,13890,11767
60105.54,13891,11767
60105.854,13892,11768
60144.063,13893,11768
60148.802,13894,11768
60152.704,13895,11768
60152.755,13896,11768
60153.029,13897,11768
60154.942,13898,11768
60155.113,13899,11768
60156.695,13900,11768
60157.913,13901,11768
60159.738,13902,11768
60168.891,13903,11769
60168.936,13904,11770
60178.887,13905,11770
60190.505,13906,11770
60190.617,13907,11770
60191.782,13908,11770
60201.406,13909,11770
60201.938,13910,11770
60211.845,13911,11770
60213.255,13912,11770
60214.465,13913,11770
60217.47,13914,11770
60219.172,13915,11770
60248.645,13916,11770
60248.712,13917,11770
60249.109,13918,11770
60249.561,13919,11770
60261.827,13920,11770
60262.647,13921,11770
60275.662,13922,11770
60281.001,13923,11770
60300.494,13924,11770
60325.485,13925,11770
60337.367,13926,11770
60342.121,13927,11770
60342.917,13928,11770
60364.989,13929,11770
60365.745,13930,11770
60380.533,13931,11770
60395.593,13932,11770
60397.328,13933,11770
60399.443,13934,11770
60424.915,13935,11770
60456.492,13936,11770
60457.609,13937,11770
60459.051,13938,11770
60477.835,13939,11770
60482.127,13940,11770
60501.163,13941,11770
60504.939,13942,11770
60543.619,13943,11770
60544.066,13944,11770
60544.112,13945,11770
60546.693,13946,11770
60552.183,13947,11770
60556.684,13948,11770
60573.633,13949,11770
60574.495,13950,11770
60575.517,13951,11770
60577.375,13952,11770
60580.255,13953,11770
60581.987,13954,11770
60589.874,13955,11770
60590.687,13956,11770
60593.227,13957,11770
60602.632,13958,11770
60604.881,13959,11770
60611.292,13960,11770
60618.634,13961,11770
60629.556,13962,11770
60635.533,13963,11770
60649.649,13964,11770
60673.391,13965,11770
60689.716,13966,11770
60692.494,13967,11770
60715.342,13968,11770
60722.781,13969,11770
60722.85,13970,11770
60731.88,13971,11770
60741.032,13972,11770
60760.569,13973,11770
60778.275,13974,11770
60792.624,13975,11770
60792.917,13976,11770
60793.345,13977,11770
60795.13,13978,11770
60795.217,13979,11770
60798.07,13980,11770
60805.64,13981,11770
60805.662,13982,11770
60807.162,13983,11770
60810.034,13984,11770
60815.478,13985,11770
60822.392,13986,11770
60851.025,13987,11770
60857.225,13988,11770
60861.365,13989,11770
60861.962,13990,11770
60872.501,13991,11770
60873.188,13992,11770
60874.164,13993,11770
60874.473,13994,11770
60874.51,13995,11770
60874.854,13996,11770
60875.744,13997,11770
60888.682,13998,11770
60896.715,13999,11770
60906.556,14000,11770
60907.274,14001,11770
60909.34,14002,11770
60913.52,14003,11770
60914.563,14004,11770
60918.06,14005,11770
60918.806,14006,11770
60919.846,14007,11770
60920.635,14008,11770
60922.263,14009,11770
60925.632,14010,11770
60946.434,14011,11770
60970.319,14012,11770
60975.782,14013,11770
60977.627,14014,11771
60982.163,14015,11771
60985.139,14016,11771
61002.828,14017,11771
61003.333,14018,11771
61017.826,14019,11771
61021.952,14020,11771
61021.98,14021,11771
61039.644,14022,11771
61044.485,14023,11771
61056.444,14024,11771
61060.054,14025,11771
61074.741,14026,11771
61089.233,14027,11771
61150.055,14028,11771
61163.575,14029,11771
61181.779,14030,11771
61182.594,14031,11771
61189.195,14032,11771
61189.247,14033,11771
61214.03,14034,11771
61214.552,14035,11771
61215.252,14036,11771
61227.632,14037,11771
61234.514,14038,11771
61308.017,14039,11771
61308.807,14040,11771
61323.126,14041,11771
61344.646,14042,11771
61349.906,14043,11771
61362.936,14044,11771
61363.311,14045,11771
61393.823,14046,11771
61395.109,14047,11771
61412.104,14048,11771
61412.863,14049,11771
61412.985,14050,11771
61413.068,14051,11771
61417.375,14052,11771
61419.542,14053,11771
61428.365,14054,11771
61430.849,14055,11771
61460.67,14056,11771
61470.74,14057,11771
61470.87,14058,11771
61470.889,14059,11771
61476.61,14060,11771
61483.326,14061,11771
61490.778,14062,11771
61522.507,14063,11771
61534.334,14064,11771
61534.368,14065,11771
61534.428,14066,11771
61534.486,14067,11771
61535.482,14068,11771
61535.523,14069,11771
61536.507,14070,11771
61536.815,14071,11771
61537.714,14072,11771
61537.958,14073,11771
61539.045,14074,11771
61541.677,14075,11771
61545.448,14076,11771
61546.025,14077,11771
61546.719,14078,11771
61549.577,14079,11771
61551.208,14080,11771
61552.313,14081,11771
61556.839,14082,11771
61558.65,14083,11771
61559.023,14084,11771
61560.922,14085,11771
61561.324,14086,11771
61566.716,14087,11771
61567.905,14088,11771
61569.258,14089,11774
61570.556,14090,11774
61572.71,14091,11774
61589.463,14092,11774
61598.758,14093,11774
61600.963,14094,11774
61602.952,14095,11774
61607.964,14096,11774
61608.279,14097,11774
61609.233,14098,11774
61609.617,14099,11774
61611.729,14100,11774
61636.715,14101,11774
61636.762,14102,11774
61650.303,14103,11774
61660.453,14104,11774
61660.725,14105,11774
61667.67,14106,11774
61667.849,14107,11774
61675.788,14108,11774
61675.972,14109,11774
61679.793,14110,11774
61682.398,14111,11774
61682.491,14112,11774
61684.363,14113,11774
61697.517,14114,11774
61700.343,14115,11774
61703.573,14116,11774
61714.813,14117,11774
61717.632,14118,11774
61717.868,14119,11774
61729.538,14120,11774
61734.037,14121,11774
61734.533,14122,11774
61744.939,14123,11774
61767.657,14124,11774
61779.56,14125,11774
61780.452,14126,11774
61792.665,14127,11774
61802.46,14128,11774
61807.37,14129,11774
61816.987,14130,11774
61821.737,14131,11774
61835.951,14132,11774
61837.253,14133,11774
61846.603,14134,11774
61889.748,14135,11774
61895.848,14136,11774
61914.68,14137,11774
61914.843,14138,11774
61948.365,14139,11774
61957.864,14140,11774
61961.301,14141,11774
61961.512,14142,11774
61968.296,14143,11774
61980.869,14144,11774
61984.194,14145,11774
61994.765,14146,11774
61999.363,14147,11774
62004.603,14148,11774
62022.3,14149,11774
62026.439,14150,11774
62032.221,14151,11774
62032.377,14152,11774
62032.619,14153,11775
62033.433,14154,11775
62036.167,14155,11775
62036.716,14156,11775
62039.786,14157,11775
62040.122,14158,11775
62079.779,14159,11775
62079.937,14160,11775
62081.333,14161,11775
62109.237,14162,11779
62125.245,14163,11779
62131.174,14164,11779
62134.456,14165,11780
62137.093,14166,11780
62137.112,14167,11780
62144.235,14168,11780
62151.99,14169,11780
62159.683,14170,11780
62164.743,14171,11781
62171.63,14172,11781
62171.699,14173,11781
62172.607,14174,11781
62174.515,14175,11781
62184.66,14176,11781
62185.973,14177,11781
62187.225,14178,11781
62188.163,14179,11781
62193.248,14180,11781
62193.863,14181,11781
62197.415,14182,11781
62199.865,14183,11781
62232.388,14184,11781
62234.255,14185,11781
62242.55,14186,11781
62248.578,14187,11781
62249.522,14188,11781
62250.818,14189,11781
62253.224,14190,11781
62253.801,14191,11781
62260.809,14192,11781
62299.384,14193,11781
62335.229,14194,11781
62335.278,14195,11781
62348.526,14196,11781
62349.575,14197,11781
62384.454,14198,11781
62393.248,14199,11781
62399.271,14200,11781
62452.732,14201,11781
62485.48,14202,11781
62491.331,14203,11781
62491.675,14204,11781
62495.575,14205,11781
62496.029,14206,11781
62505.367,14207,11781
62505.475,14208,11781
62506.179,14209,11781
62506.739,14210,11781
62520.068,14211,11781
62562.545,14212,11781
62563.662,14213,11781
62564.462,14214,11781
62574.803,14215,11781
62578.086,14216,11781
62579.218,14217,11781
62585.976,14218,11781
62586.099,14219,11781
62587.925,14220,11781
62589.856,14221,11782
62610.366,14222,11782
62611.698,14223,11788
62619.03,14224,11788
62619.22,14225,11788
62619.24,14226,11788
62625.621,14227,11788
62625.756,14228,11788
62669.639,14229,11788
62672.428,14230,11788
62702.566,14231,11788
62711.971,14232,11788
62713.441,14233,11788
62725.868,14234,11788
62725.976,14235,11788
62739.392,14236,11788
62752.668,14237,11788
62752.697,14238,11788
62757.126,14239,11788
62773.347,14240,11788
62794.757,14241,11788
62831.749,14242,11788
62832.512,14243,11788
62838.122,14244,11788
62842.452,14245,11788
62842.927,14246,11788
62856.113,14247,11788
62857.984,14248,11788
62868.791,14249,11788
62881.538,14250,11788
62881.88,14251,11788
62882.106,14252,11788
62884.881,14253,11788
62886.59,14254,11788
62888.246,14255,11788
62896.587,14256,11788
62898.914,14257,11788
62904.629,14258,11788
62904.747,14259,11788
62913.645,14260,11788
62922.937,14261,11788
62969.638,14262,11788
62970.691,14263,11788
62996.208,14264,11788
63016.147,14265,11788
63043.331,14266,11788
63043.646,14267,11788
63044.502,14268,11788
63045.367,14269,11788
63046.343,14270,11788
63047.298,14271,11788
63048.037,14272,11788
63087.849,14273,11788
63088.098,14274,11788
63090.469,14275,11788
63102.235,14276,11788
63113.261,14277,11788
63113.585,14278,11788
63116.624,14279,11788
63119.64,14280,11788
63124.9,14281,11788
63124.99,14282,11788
63133.964,14283,11788
63134.019,14284,11788
63134.061,14285,11788
63136.086,14286,11788
63139.321,14287,11788
63167.74,14288,11788
63168.295,14289,11788
63172.229,14290,11788
63214.591,14291,11788
63227.719,14292,11789
63237.47,14293,11789
63281.77,14294,11789
63285.253,14295,11789
63316.393,14296,11789
63322.907,14297,11789
63323.267,14298,11789
63324.189,14299,11789
63324.75,14300,11790
63326.013,14301,11790
63327.26,14302,11797
63378.545,14303,11797
63383.94,14304,11797
63383.978,14305,11797
63384.045,14306,11797
63436.66,14307,11797
63477.877,14308,11797
63495.358,14309,11797
63495.383,14310,11797
63505.723,14311,11798
63505.945,14312,11798
63511.265,14313,11798
63569.143,14314,11798
63569.91,14315,11798
63573.126,14316,11798
63593.771,14317,11798
63595.346,14318,11798
63602.822,14319,11798
63604.959,14320,11798
63611.343,14321,11798
63612.161,14322,11798
63613.492,14323,11798
63615.765,14324,11798
63643.494,14325,11798
63650.622,14326,11798
63650.658,14327,11798
63650.717,14328,11798
63650.858,14329,11798
63650.88,14330,11798
63650.902,14331,11798
63652.061,14332,11798
63652.948,14333,11798
63653.066,14334,11798
63653.097,14335,11798
63653.968,14336,11798
63656.263,14337,11798
63657.559,14338,11798
63658.283,14339,11798
63660.606,14340,11798
63663.834,14341,11798
63664.963,14342,11798
63665.167,14343,11798
63666.314,14344,11798
63666.833,14345,11798
63667.281,14346,11798
63667.379,14347,11798
63668.567,14348,11798
63669.065,14349,11798
63669.136,14350,11798
63669.734,14351,11798
63669.829,14352,11798
63670.351,14353,11798
63674.162,14354,11798
63674.739,14355,11798
63682.732,14356,11798
63682.749,14357,11798
63684.838,14358,11798
63687.025,14359,11798
63688.373,14360,11798
63696.689,14361,11798
63697.727,14362,11798
63699.737,14363,11798
63700.442,14364,11798
63700.616,14365,11798
63700.913,14366,11798
63725.104,14367,11798
63729.216,14368,11798
63734.346,14369,11798
63760.433,14370,11798
63773.148,14371,11798
63808.502,14372,11798
63810.25,14373,11798
63818.998,14374,11798
63819.06,14375,11798
63819.641,14376,11798
63836.651,14377,11798
63876.854,14378,11799
63879.415,14379,11799
63880.366,14380,11799
63881.826,14381,11799
63884.976,14382,11799
63885.917,14383,11799
63886.897,14384,11799
63894.258,14385,11799
63909.903,14386,11799
63938.18,14387,11799
63957.121,14388,11799
63957.606,14389,11799
63973.288,14390,11799
63980.208,14391,11799
63998.857,14392,11799
64003.873,14393,11799
64004.009,14394,11799
64006.038,14395,11799
64015.919,14396,11799
64020.2,14397,11799
64032.129,14398,11799
64036.598,14399,11799
64047.458,14400,11799
64049.409,14401,11800
64058.981,14402,11800
64060.015,14403,11800
64081.798,14404,11800
64094.302,14405,11800
64096.771,14406,11800
64097.646,14407,11800
64098.736,14408,11800
64101.528,14409,11800
64105.951,14410,11800
64117.462,14411,11800
64117.904,14412,11800
64126.946,14413,11800
64130.868,14414,11800
64131.329,14415,11800
64133.876,14416,11800
64141.734,14417,11800
64148.273,14418,11800
64148.357,14419,11800
64148.724,14420,11800
64178.199,14421,11800
64181.077,14422,11800
64190.065,14423,11800
64199.554,14424,11800
64243.77,14425,11800
64244.356,14426,11800
64297.854,14427,11800
64298.075,14428,11800
64300.334,14429,11800
64352.231,14430,11800
64360.395,14431,11800
64365.497,14432,11800
64365.77,14433,11800
64369.284,14434,11800
64369.3,14435,11800
64384.58,14436,11800
64392.144,14437,11800
64395.955,14438,11800
64404.526,14439,11800
64408.95,14440,11800
64411.466,14441,11800
64412.702,14442,11800
64427.342,14443,11800
64443.558,14444,11800
64443.956,14445,11800
64446.693,14446,11800
64450.77,14447,11800
64454.142,14448,11800
64455.514,14449,11800
64468.753,14450,11800
64468.794,14451,11800
64469.09,14452,11800
64470.933,14453,11800
64471.937,14454,11800
64475.533,14455,11800
64477.016,14456,11800
64482.994,14457,11800
64486.601,14458,11800
64502.295,14459,11800
64503.927,14460,11800
64512.115,14461,11800
64535.655,14462,11800
64537.281,14463,11800
64540.026,14464,11800
64555.218,14465,11800
64555.369,14466,11800
64566.278,14467,11800
64575.806,14468,11800
64598.233,14469,11800
64614.845,14470,11800
64629.829,14471,11800
64629.93,14472,11800
64642.972,14473,11800
64650.787,14474,11800
64655.297,14475,11800
64664.299,14476,11800
64665.281,14477,11800
64674.233,14478,11800
64679.468,14479,11800
64684.847,14480,11800
64689.815,14481,11802
64695.195,14482,11802
64697.857,14483,11802
64724.542,14484,11802
64725.82,14485,11802
64731.816,14486,11802
64744.688,14487,11802
64753.255,14488,11805
64854.187,14489,11805
64861.125,14490,11805
64861.312,14491,11805
64893.609,14492,11805
64901.928,14493,11805
64902.286,14494,11805
64902.59,14495,11805
64911.46,14496,11805
64911.735,14497,11805
64912.441,14498,11805
64916.176,14499,11805
64916.611,14500,11805
64920.386,14501,11805
64943.241,14502,11805
64943.4,14503,11805
64943.561,14504,11805
64966.999,14505,11805
64967.29,14506,11805
64968.492,14507,11805
64972.878,14508,11805
64978.643,14509,11805
64979.941,14510,11805
64980.537,14511,11805
64988.564,14512,11805
65007.143,14513,11805
65007.725,14514,11805
65008.774,14515,11805
65010.788,14516,11805
65041.095,14517,11805
65041.834,14518,11805
65042.869,14519,11805
65045.483,14520,11805
65046.609,14521,11805
65049.537,14522,11805
65055.346,14523,11805
65081.947,14524,11805
65082.557,14525,11806
65086.178,14526,11806
65086.198,14527,11806
65094.999,14528,11806
65103.328,14529,11806
65107.906,14530,11806
65108.275,14531,11806
65117.313,14532,11806
65132.446,14533,11806
65133.605,14534,11806
65139.284,14535,11807
65148.68,14536,11808
65160.468,14537,11808
65172.7,14538,11808
65192.181,14539,11808
65199.474,14540,11808
65209.621,14541,11808
65257.047,14542,11808
65257.105,14543,11808
65258.048,14544,11808
65258.903,14545,11808
65262.02,14546,11808
65266.117,14547,11808
65267.911,14548,11808
65268.161,14549,11808
65275.869,14550,11808
65275.965,14551,11808
65279.06,14552,11808
65285.809,14553,11808
65293.842,14554,11808
65313.906,14555,11808
65351.618,14556,11808
65352.825,14557,11808
65353.098,14558,11808
65358.192,14559,11808
65374.031,14560,11808
65385.338,14561,11816
65389.385,14562,11819
65389.396,14563,11820
65389.409,14564,11821
65389.42,14565,11821
65389.434,14566,11824
65389.463,14567,11824
65389.645,14568,11824
65389.899,14569,11824
65391.925,14570,11826
65391.932,14571,11826
65391.989,14572,11826
65392.617,14573,11826
65393.004,14574,11826
65396.022,14575,11826
65397.308,14576,11826
65397.621,14577,11826
65403.144,14578,11826
65403.231,14579,11826
65405.064,14580,11826
65407.698,14581,11826
65409.803,14582,11826
65411.029,14583,11826
65417.371,14584,11826
65420.247,14585,11826
65420.9,14586,11826
65433.235,14587,11826
65433.548,14588,11828
65436.055,14589,11828
65442.809,14590,11828
65443.294,14591,11828
65443.771,14592,11828
65444.24,14593,11828
65445.961,14594,11828
65446.097,14595,11828
65447.262,14596,11828
65455.373,14597,11828
65455.955,14598,11828
65462.195,14599,11828
65468.41,14600,11828
65468.509,14601,11828
65468.624,14602,11828
65469.465,14603,11828
65484.646,14604,11828
65492.571,14605,11828
65504.04,14606,11828
65506.875,14607,11828
65508.517,14608,11828
65516.531,14609,11828
65516.664,14610,11828
65516.873,14611,11828
65517.721,14612,11828
65519.929,14613,11828
65520.973,14614,11828
65522.875,14615,11828
65523.071,14616,11828
65525.102,14617,11828
65528.413,14618,11828
65531.904,14619,11828
65534.867,14620,11829
65543.105,14621,11829
65548.138,14622,11829
65548.505,14623,11829
65555.951,14624,11829
65587.887,14625,11829
65588.855,14626,11829
65588.891,14627,11829
65594.134,14628,11829
65595.583,14629,11829
65610.424,14630,11829
65613.672,14631,11829
65615.426,14632,11829
65618.806,14633,11829
65619.514,14634,11829
65626.01,14635,11829
65635.148,14636,11829
65647.887,14637,11829
65658.565,14638,11829
65675.473,14639,11829
65679.779,14640,11829
65690.691,14641,11829
65704.111,14642,11829
65706.87,14643,11829
65718.215,14644,11829
65724.077,14645,11829
65724.127,14646,11829
65724.268,14647,11829
65726.315,14648,11829
65727.185,14649,11829
65731.908,14650,11829
65732.162,14651,11829
65732.18,14652,11829
65747.112,14653,11829
65777.79,14654,11829
65778.27,14655,11829
65783.942,14656,11829
65783.961,14657,11829
65818.308,14658,11829
65818.431,14659,11829
65818.63,14660,11830
65819.997,14661,11830
65822.672,14662,11830
65837.739,14663,11830
65839.983,14664,11830
65840.865,14665,11830
65852.624,14666,11830
65865.156,14667,11830
65904.832,14668,11830
65914.448,14669,11830
65915.153,14670,11830
65915.946,14671,11830
65916.429,14672,11830
65917.754,14673,11830
65920.469,14674,11830
65921.327,14675,11830
65922.491,14676,11830
65922.74,14677,11830
65923.397,14678,11830
65925.777,14679,11830
65926.955,14680,11830
65930.513,14681,11831
65931.434,14682,11831
65932.507,14683,11831
65935.528,14684,11831
65936.084,14685,11831
65937.027,14686,11831
65944.145,14687,11831
65944.164,14688,11831
65944.266,14689,11831
65944.365,14690,11831
65953.628,14691,11831
65960.859,14692,11831
65960.911,14693,11831
65961.137,14694,11831
65961.932,14695,11831
65964.197,14696,11831
65964.762,14697,11831
65966.578,14698,11831
65970.637,14699,11831
65971.589,14700,11831
65975.288,14701,11831
65989.738,14702,11831
65993.521,14703,11831
65995.871,14704,11831
65998.855,14705,11831
66012.617,14706,11831
66042.173,14707,11831
66042.382,14708,11831
66060.844,14709,11831
66061.204,14710,11831
66061.5,14711,11831
66087.372,14712,11831
66101.017,14713,11831
66102.064,14714,11831
66102.452,14715,11831
66108.692,14716,11836
66110.381,14717,11836
66111.112,14718,11836
66114.203,14719,11836
66141.615,14720,11836
66161.893,14721,11836
66164.962,14722,11836
66164.975,14723,11836
66165.019,14724,11836
66165.119,14725,11836
66166.507,14726,11836
66166.997,14727,11836
66186.258,14728,11836
66186.399,14729,11836
66186.499,14730,11836
66190.394,14731,11836
66191.063,14732,11836
66191.139,14733,11836
66204.794,14734,11836
66236.868,14735,11836
66239.393,14736,11836
66247.749,14737,11836
66261.784,14738,11836
66272.005,14739,11836
66276.213,14740,11836
66276.282,14741,11836
66298.042,14742,11837
66306.47,14743,11837
66307.579,14744,11838
66337.25,14745,11838
66340.423,14746,11838
66340.794,14747,11838
66369.691,14748,11838
66383.817,14749,11838
66387.376,14750,11838
66418.895,14751,11838
66439.851,14752,11838
66448.033,14753,11838
66448.629,14754,11838
66451.165,14755,11838
66452.64,14756,11838
66455.324,14757,11838
66456.329,14758,11838
66462.855,14759,11838
66466.938,14760,11838
66483.277,14761,11838
66483.322,14762,11839
66483.944,14763,11839
66488.348,14764,11839
66488.514,14765,11839
66500.024,14766,11839
66500.198,14767,11839
66503.885,14768,11839
66511.606,14769,11839
66526.207,14770,11839
66526.97,14771,11841
66533.322,14772,11841
66546.064,14773,11841
66549.956,14774,11841
66561.767,14775,11841
66561.98,14776,11841
66564.546,14777,11841
66565.076,14778,11841
66571.765,14779,11841
66572.846,14780,11841
66574.145,14781,11841
66576.594,14782,11841
66584.681,14783,11841
66589.998,14784,11841
66596.557,14785,11841
66599.727,14786,11841
66607.835,14787,11841
66618.411,14788,11841
66618.432,14789,11841
66618.512,14790,11841
66619.461,14791,11841
66620.743,14792,11841
66634.366,14793,11841
66639.453,14794,11841
66640.311,14795,11841
66652.937,14796,11841
66653.107,14797,11841
66653.281,14798,11841
66654.412,14799,11841
66656.008,14800,11845
66656.95,14801,11846
66657.245,14802,11847
66657.408,14803,11847
66682.576,14804,11847
66683.047,14805,11847
66698.972,14806,11847
66699.627,14807,11847
66700.703,14808,11847
66700.78,14809,11848
66702.993,14810,11848
66704.379,14811,11848
66705.421,14812,11849
66710.666,14813,11849
66716.847,14814,11849
66732.506,14815,11849
66767.326,14816,11849
66767.673,14817,11849
66768.381,14818,11849
66772.224,14819,11849
66791.464,14820,11849
66795.082,14821,11849
66809.955,14822,11849
66810.028,14823,11849
66826.245,14824,11849
66826.416,14825,11849
66847.695,14826,11849
66848.185,14827,11849
66851.132,14828,11849
66854.579,14829,11849
66854.684,14830,11849
66854.955,14831,11849
66868.359,14832,11849
66868.887,14833,11849
66869.991,14834,11849
66874.598,14835,11849
66887.586,14836,11849
66910.445,14837,11849
66912.286,14838,11851
66918.636,14839,11851
66918.753,14840,11851
66920.455,14841,11851
66920.521,14842,11851
66920.646,14843,11851
66922.919,14844,11851
66933.617,14845,11851
66937.726,14846,11851
66939.207,14847,11851
66946.908,14848,11851
66959.409,14849,11851
66970.648,14850,11851
66971.301,14851,11851
66972.526,14852,11851
66984.68,14853,11851
66995.158,14854,11851
66995.375,14855,11851
66996.053,14856,11851
67005.523,14857,11851
67020.594,14858,11851
67020.606,14859,11851
67021.305,14860,11851
67031.416,14861,11851
67032.994,14862,11851
67035.972,14863,11851
67040.713,14864,11851
67044.538,14865,11851
67048.381,14866,11851
67050.52,14867,11851
67051.962,14868,11851
67052.277,14869,11851
67052.343,14870,11851
67059.116,14871,11851
67082.366,14872,11851
67095.858,14873,11851
67095.993,14874,11851
67102.02,14875,11851
67102.056,14876,11851
67102.762,14877,11851
67103.215,14878,11851
67105.105,14879,11851
67118.131,14880,11851
67119.01,14881,11851
67126.683,14882,11851
67131.92,14883,11851
67131.991,14884,11851
67132.586,14885,11851
67146.011,14886,11851
67191.589,14887,11851
67196.985,14888,11851
67203.0,14889,11851
67205.604,14890,11851
67217.234,14891,11851
67218.703,14892,11851
67230.415,14893,11851
67237.742,14894,11851
67241.222,14895,11851
67242.287,14896,11851
67245.71,14897,11851
67246.892,14898,11851
67254.469,14899,11851
67267.056,14900,11851
67295.504,14901,11851
67306.83,14902,11851
67307.545,14903,11851
67310.213,14904,11851
67322.364,14905,11851
67326.883,14906,11851
67327.013,14907,11851
67329.826,14908,11851
67334.596,14909,11851
67337.536,14910,11851
67341.363,14911,11851
67363.004,14912,11851
67388.538,14913,11857
67388.935,14914,11859
67398.587,14915,11859
67408.854,14916,11859
67409.04,14917,11859
67414.554,14918,11859
67420.349,14919,11859
67421.462,14920,11860
67434.658,14921,11860
67438.252,14922,11860
67451.451,14923,11860
67474.693,14924,11860
67474.823,14925,11860
67474.992,14926,11860
67496.023,14927,11860
67501.84,14928,11860
67507.894,14929,11860
67508.376,14930,11860
67532.133,14931,11860
67534.576,14932,11860
67551.054,14933,11860
67560.093,14934,11860
67571.464,14935,11860
67572.511,14936,11860
67572.901,14937,11860
67590.084,14938,11860
67590.29,14939,11860
67590.353,14940,11860
67590.76,14941,11860
67600.499,14942,11860
67603.088,14943,11860
67603.375,14944,11860
67611.543,14945,11860
67611.613,14946,11860
67615.543,14947,11860
67643.338,14948,11860
67644.87,14949,11860
67656.722,14950,11860
67689.656,14951,11860
67697.723,14952,11860
67719.062,14953,11860
67719.455,14954,11860
67721.45,14955,11860
67732.813,14956,11860
67750.499,14957,11860
67759.178,14958,11860
67779.428,14959,11860
67785.642,14960,11860
67786.115,14961,11860
67796.547,14962,11860
67796.578,14963,11860
67799.134,14964,11860
67802.871,14965,11860
67802.915,14966,11860
67807.855,14967,11860
67807.934,14968,11860
67809.108,14969,11860
67809.989,14970,11860
67822.52,14971,11860
67852.486,14972,11860
67853.931,14973,11860
67854.437,14974,11860
67855.155,14975,11860
67862.629,14976,11860
67863.484,14977,11860
67872.531,14978,11860
67902.546,14979,11860
67911.277,14980,11860
67911.606,14981,11860
67916.532,14982,11860
67921.487,14983,11860
67949.516,14984,11860
67953.325,14985,11860
67977.236,14986,11860
67990.744,14987,11862
67991.019,14988,11864
67991.08,14989,11865
67997.998,14990,11865
68000.326,14991,11865
68029.329,14992,11865
68029.402,14993,11865
68084.937,14994,11865
68088.876,14995,11865
68089.409,14996,11865
68090.748,14997,11865
68091.467,14998,11865
68095.607,14999,11865
68102.496,15000,11865
68109.841,15001,11865
68110.605,15002,11865
68110.714,15003,11865
68124.733,15004,11865
68136.699,15005,11865
68141.859,15006,11865
68146.276,15007,11865
68146.5,15008,11865
68155.146,15009,11865
68157.043,15010,11866
68176.293,15011,11866
68177.998,15012,11866
68179.996,15013,11866
68197.905,15014,11866
68205.239,15015,11866
68223.481,15016,11866
68246.149,15017,11866
68248.328,15018,11866
68248.741,15019,11866
68249.614,15020,11866
68252.453,15021,11866
68255.106,15022,11866
68257.221,15023,11866
68264.319,15024,11866
68267.577,15025,11866
68268.651,15026,11866
68281.178,15027,11866
68283.612,15028,11866
68290.58,15029,11866
68293.132,15030,11866
68305.493,15031,11866
68338.625,15032,11866
68351.467,15033,11866
68355.083,15034,11866
68358.464,15035,11866
68360.827,15036,11866
68361.959,15037,11866
68364.844,15038,11866
68366.478,15039,11866
68366.964,15040,11866
68366.996,15041,11866
68407.176,15042,11866
68407.995,15043,11866
68411.326,15044,11866
68412.825,15045,11866
68437.049,15046,11866
68441.244,15047,11870
68501.333,15048,11870
68504.12,15049,11870
68516.551,15050,11870
68518.726,15051,11870
68523.571,15052,11870
68596.934,15053,11870
68616.61,15054,11870
68616.731,15055,11870
68636.075,15056,11870
68636.177,15057,11870
68637.757,15058,11870
68673.486,15059,11870
68673.718,15060,11870
68675.97,15061,11870
68696.165,15062,11870
68710.722,15063,11870
68722.168,15064,11870
68725.475,15065,11870
68730.051,15066,11870
68739.708,15067,11870
68740.364,15068,11870
68743.602,15069,11870
68786.463,15070,11870
68786.518,15071,11870
68788.31,15072,11870
68789.233,15073,11870
68792.625,15074,11870
68807.691,15075,11870
68808.946,15076,11870
68812.407,15077,11870
68817.634,15078,11870
68817.785,15079,11870
68867.881,15080,11870
68876.103,15081,11870
68884.76,15082,11870
68885.011,15083,11870
68905.023,15084,11870
68905.247,15085,11870
68916.015,15086,11870
68921.908,15087,11870
68924.727,15088,11870
68924.916,15089,11870
68925.702,15090,11870
68941.562,15091,11870
68947.266,15092,11870
68958.881,15093,11871
68968.874,15094,11871
68970.566,15095,11872
68985.684,15096,11872
69017.017,15097,11872
69046.48,15098,11872
69110.017,15099,11872
69132.872,15100,11872
69138.971,15101,11872
69145.284,15102,11872
69184.916,15103,11872
69185.216,15104,11872
69187.062,15105,11872
69218.961,15106,11878
69233.475,15107,11880
69238.669,15108,11880
69239.035,15109,11880
69240.171,15110,11880
69259.877,15111,11880
69269.444,15112,11880
69270.881,15113,11880
69276.256,15114,11880
69276.406,15115,11880
69283.605,15116,11880
69296.902,15117,11880
69312.644,15118,11880
69325.583,15119,11880
69329.105,15120,11880
69338.06,15121,11880
69349.287,15122,11880
69349.355,15123,11880
69361.575,15124,11880
69384.455,15125,11880
69440.986,15126,11880
69441.025,15127,11880
69453.815,15128,11880
69454.415,15129,11880
69454.731,15130,11880
69455.22,15131,11880
69455.31,15132,11880
69460.141,15133,11880
69461.388,15134,11880
69461.888,15135,11880
69466.602,15136,11880
69473.394,15137,11881
69479.37,15138,11913
69480.033,15139,11913
69483.878,15140,11913
69499.259,15141,11913
69500.913,15142,11913
69516.8,15143,11913
69522.882,15144,11913
69523.0,15145,11913
69523.319,15146,11913
69524.19,15147,11913
69537.396,15148,11913
69537.785,15149,11913
69578.028,15150,11913
69595.925,15151,11913
69606.393,15152,11913
69606.469,15153,11913
69606.743,15154,11913
69608.287,15155,11913
69612.314,15156,11913
69613.06,15157,11913
69618.272,15158,11913
69622.851,15159,11913
69631.482,15160,11913
69636.306,15161,11913
69638.045,15162,11913
69638.203,15163,11913
69640.421,15164,11913
69643.624,15165,11913
69646.098,15166,11913
69649.082,15167,11913
69652.109,15168,11913
69659.022,15169,11913
69661.98,15170,11913
69679.741,15171,11913
69680.105,15172,11913
69729.027,15173,11913
69762.131,15174,11913
69762.52,15175,11913
69763.495,15176,11913
69765.356,15177,11913
69772.349,15178,11913
69788.147,15179,11913
69801.812,15180,11914
69820.032,15181,11914
69821.328,15182,11914
69822.699,15183,11914
69827.967,15184,11914
69828.774,15185,11914
69829.752,15186,11914
69829.813,15187,11914
69839.414,15188,11914
69853.806,15189,11914
69881.511,15190,11914
69902.762,15191,11914
69904.505,15192,11914
69907.118,15193,11914
69907.477,15194,11914
69909.118,15195,11914
69910.426,15196,11914
69912.744,15197,11914
69914.407,15198,11914
69915.091,15199,11914
69915.498,15200,11914
69916.325,15201,11914
69916.427,15202,11914
69916.539,15203,11914
69918.164,15204,11914
69918.278,15205,11914
69918.389,15206,11914
69919.076,15207,11914
69923.048,15208,11914
69924.033,15209,11914
69924.707,15210,11914
69925.392,15211,11914
69925.859,15212,11914
69926.924,15213,11914
69939.03,15214,11914
69939.331,15215,11914
69995.416,15216,11914
69995.981,15217,11914
69997.147,15218,11928
70035.775,15219,11929
70066.653,15220,11929
70085.484,15221,11929
70086.057,15222,11929
70098.67,15223,11929
70098.973,15224,11929
70116.314,15225,11929
70145.582,15226,11929
70155.286,15227,11929
70161.09,15228,11929
70163.872,15229,11933
70164.158,15230,11934
70165.873,15231,11934
70172.618,15232,11934
70174.614,15233,11934
70181.416,15234,11934
70181.525,15235,11934
70183.454,15236,11934
70184.242,15237,11934
70192.518,15238,11934
70193.11,15239,11934
70193.618,15240,11934
70194.759,15241,11934
70195.31,15242,11934
70195.895,15243,11934
70197.036,15244,11934
70216.815,15245,11934
70239.054,15246,11934
70244.495,15247,11934
70288.813,15248,11934
70289.233,15249,11934
70311.96,15250,11934
70312.705,15251,11934
70342.509,15252,11934
70343.615,15253,11934
70348.897,15254,11934
70350.081,15255,11934
70356.777,15256,11934
70357.744,15257,11935
70371.135,15258,11935
70381.226,15259,11935
70390.143,15260,11936
70422.891,15261,11936
70429.034,15262,11936
70457.803,15263,11936
70459.126,15264,11936
70470.002,15265,11936
70470.085,15266,11936
70473.171,15267,11936
70475.646,15268,11936
70480.176,15269,11936
70480.875,15270,11936
70480.991,15271,11937
70487.566,15272,11937
70505.818,15273,11937
70505.871,15274,11937
70512.65,15275,11937
70516.463,15276,11937
70528.01,15277,11937
70546.159,15278,11937
70585.824,15279,11937
70585.971,15280,11937
70586.953,15281,11937
70587.678,15282,11937
70588.637,15283,11937
70593.461,15284,11937
70597.693,15285,11937
70613.336,15286,11937
70643.364,15287,11937
70644.067,15288,11937
70646.382,15289,11937
70649.39,15290,11937
70657.974,15291,11937
70680.333,15292,11938
70684.759,15293,11938
70685.261,15294,11938
70685.707,15295,11938
70686.03,15296,11938
70688.367,15297,11938
70690.209,15298,11938
70693.266,15299,11938
70698.28,15300,11938
70701.712,15301,11938
70707.27,15302,11938
70733.136,15303,11938
70742.49,15304,11938
70755.834,15305,11938
70756.282,15306,11938
70781.153,15307,11938
70781.66,15308,11938
70797.719,15309,11938
70829.898,15310,11938
70831.693,15311,11938
70832.18,15312,11938
70833.289,15313,11938
70844.953,15314,11938
70845.228,15315,11938
70851.896,15316,11938
70859.635,15317,11938
70875.806,15318,11938
70881.117,15319,11938
70881.406,15320,11938
70895.345,15321,11938
70908.055,15322,11938
70923.671,15323,11938
70927.539,15324,11938
70939.597,15325,11940
70957.955,15326,11940
70958.446,15327,11940
70981.059,15328,11940
70981.415,15329,11940
70982.521,15330,11940
70994.541,15331,11940
70994.597,15332,11940
70994.68,15333,11940
71012.984,15334,11940
71013.3,15335,11940
71014.091,15336,11940
71016.917,15337,11940
71036.757,15338,11940
71040.612,15339,11940
71064.675,15340,11940
71064.85,15341,11940
71067.727,15342,11940
71069.486,15343,11940
71073.321,15344,11940
71088.404,15345,11940
71099.537,15346,11940
71103.902,15347,11940
71104.211,15348,11940
71121.186,15349,11940
71121.558,15350,11940
71135.231,15351,11940
71154.835,15352,11940
71190.702,15353,11940
71190.978,15354,11940
71192.748,15355,11940
71193.078,15356,11941
71193.669,15357,11942
71194.355,15358,11943
71195.027,15359,11944
71214.606,15360,11944
71220.35,15361,11944
71238.094,15362,11947
71238.61,15363,11947
71242.915,15364,11947
71264.33,15365,11947
71278.957,15366,11947
71287.711,15367,11947
71288.887,15368,11960
71291.526,15369,11960
71291.541,15370,11960
71291.556,15371,11960
71291.566,15372,11961
71291.576,15373,11962
71292.866,15374,11962
71294.439,15375,11962
71298.694,15376,11962
71298.854,15377,11968
71298.964,15378,11968
71299.248,15379,11972
71299.423,15380,11972
71299.968,15381,11972
71300.08,15382,11972
71300.193,15383,11972
71301.185,15384,11972
71301.254,15385,11973
71301.522,15386,11973
71301.977,15387,11973
71302.23,15388,11973
71302.52,15389,11973
71302.708,15390,11973
71303.412,15391,11973
71305.945,15392,11973
71308.265,15393,11973
71309.854,15394,11973
71310.019,15395,11974
71312.439,15396,11974
71313.175,15397,11974
71313.206,15398,11977
71318.081,15399,11977
71320.199,15400,11977
71356.654,15401,11977
71371.714,15402,11977
71378.261,15403,11977
71383.325,15404,11977
71383.349,15405,11977
71395.125,15406,11977
71398.209,15407,11977
71401.12,15408,11977
71401.5,15409,11977
71404.126,15410,11977
71405.302,15411,11977
71406.719,15412,11977
71409.928,15413,11977
71414.409,15414,11977
71417.394,15415,11977
71417.862,15416,11977
71432.239,15417,11977
71432.616,15418,11977
71437.021,15419,11977
71454.086,15420,11977
71460.485,15421,11977
71460.751,15422,11977
71462.436,15423,11977
71464.096,15424,11977
71465.134,15425,11977
71465.563,15426,11977
71466.101,15427,11977
71478.024,15428,11977
71479.634,15429,11977
71479.721,15430,11977
71484.902,15431,11977
71504.058,15432,11977
71521.32,15433,11977
71541.748,15434,11977
71553.988,15435,11977
71555.833,15436,11977
71567.147,15437,11977
71613.791,15438,11977
71633.193,15439,11977
71710.79,15440,11977
71712.221,15441,11977
71725.737,15442,11977
71729.737,15443,11977
71730.631,15444,11977
71759.58,15445,11978
71778.283,15446,11978
71781.975,15447,11978
71792.219,15448,11978
71801.403,15449,11978
71802.282,15450,11978
71808.079,15451,11978
71808.135,15452,11978
71830.99,15453,11978
71831.188,15454,11978
71833.812,15455,11978
71839.923,15456,11978
71862.367,15457,11978
71880.669,15458,11978
71885.217,15459,11978
71892.98,15460,11978
71893.084,15461,11978
71897.637,15462,11978
71902.868,15463,11978
71907.251,15464,11978
71912.822,15465,11978
71914.71,15466,11978
71961.563,15467,11978
71963.767,15468,11978
71963.914,15469,11978
71968.403,15470,11978
71971.421,15471,11978
71975.254,15472,11978
71975.477,15473,11978
71980.643,15474,11978
71995.737,15475,11978
72062.445,15476,11979
72097.371,15477,11979
72109.947,15478,11979
72113.93,15479,11979
72114.282,15480,11979
72116.992,15481,11979
72142.642,15482,11979
72170.518,15483,11979
72184.683,15484,11979
72216.372,15485,11979
72228.9,15486,11979
72272.516,15487,11979
72290.687,15488,11980
72294.571,15489,11980
72308.283,15490,11980
72308.542,15491,11980
72321.07,15492,11980
72321.803,15493,11980
72322.798,15494,11980
72385.412,15495,11980
72410.935,15496,11980
72416.649,15497,11988
72420.199,15498,11988
72427.91,15499,11988
72430.135,15500,11988
72435.498,15501,11988
72436.355,15502,11988
72437.267,15503,11988
72441.265,15504,11988
72454.634,15505,11988
72455.271,15506,11988
72499.37,15507,11988
72522.121,15508,11988
72529.141,15509,11988
72533.451,15510,11988
72537.783,15511,11988
72541.679,15512,11988
72541.746,15513,11988
72564.561,15514,11988
72577.048,15515,11988
72577.172,15516,11988
72580.831,15517,11988
72583.313,15518,11988
72590.535,15519,11988
72590.62,15520,11988
72605.775,15521,11988
72610.671,15522,11988
72611.962,15523,11988
72615.603,15524,11988
72621.165,15525,11988
72621.183,15526,11988
72621.38,15527,11988
72622.469,15528,11988
72626.486,15529,11988
72640.438,15530,11988
72640.944,15531,11988
72668.615,15532,11988
72669.204,15533,11988
72671.479,15534,11988
72688.435,15535,11988
72691.573,15536,11988
72692.265,15537,11988
72692.756,15538,11988
72706.636,15539,11988
72718.681,15540,11988
72719.381,15541,11988
72730.281,15542,11988
72734.534,15543,11988
72734.558,15544,11988
72734.951,15545,11988
72755.136,15546,11988
72761.428,15547,11988
72803.995,15548,11988
72804.413,15549,11988
72805.496,15550,11988
72821.885,15551,11988
72845.71,15552,11988
72912.926,15553,11988
72915.909,15554,11988
72916.139,15555,11988
72925.284,15556,11988
72926.46,15557,11988
72947.34,15558,11988
72947.571,15559,11988
72965.24,15560,11988
72965.411,15561,11988
72968.499,15562,11988
72973.552,15563,11988
72990.027,15564,11989
72991.527,15565,11989
73012.163,15566,11990
73012.267,15567,11992
73012.491,15568,11992
73012.84,15569,11992
73014.16,15570,11992
73036.551,15571,11992
73053.793,15572,11992
73081.698,15573,11992
73081.832,15574,11992
73096.502,15575,11992
73115.185,15576,11992
73115.632,15577,11992
73118.619,15578,11992
73127.24,15579,11992
73140.781,15580,11992
73140.841,15581,11992
73141.261,15582,11992
73145.038,15583,11992
73145.925,15584,11992
73147.679,15585,11993
73147.827,15586,11993
73150.328,15587,11993
73154.389,15588,11993
73156.159,15589,11993
73178.694,15590,11993
73205.412,15591,11993
73205.467,15592,11993
73216.118,15593,11996
73241.82,15594,11996
73242.225,15595,11996
73262.452,15596,11996
73262.906,15597,11996
73284.041,15598,11996
73300.652,15599,11996
73300.685,15600,11996
73301.765,15601,11996
73301.948,15602,11996
73309.141,15603,11996
73309.833,15604,11996
73318.287,15605,11996
73323.589,15606,11996
73325.595,15607,11996
73336.554,15608,11996
73344.227,15609,11996
73356.622,15610,11997
73374.904,15611,11997
73375.007,15612,11997
73447.131,15613,12001
73469.907,15614,12001
73498.433,15615,12001
73527.488,15616,12001
73554.231,15617,12001
73562.139,15618,12001
73562.178,15619,12001
73562.489,15620,12001
73571.588,15621,12001
73586.885,15622,12001
73591.336,15623,12001
73591.765,15624,12001
73591.857,15625,12001
73593.253,15626,12001
73604.161,15627,12001
73604.372,15628,12001
73618.6,15629,12001
73625.094,15630,12001
73625.543,15631,12001
73628.024,15632,12001
73664.719,15633,12001
73664.863,15634,12001
73671.82,15635,12001
73682.64,15636,12001
73730.091,15637,12001
73738.412,15638,12001
73765.008,15639,12001
73805.075,15640,12001
73819.534,15641,12001
73819.686,15642,12001
73838.512,15643,12001
73871.869,15644,12001
73878.376,15645,12001
73881.949,15646,12002
73883.604,15647,12002
73890.033,15648,12002
73896.144,15649,12002
73900.03,15650,12002
73900.651,15651,12002
73902.006,15652,12002
73903.181,15653,12002
73915.194,15654,12002
73921.262,15655,12002
73939.83,15656,12002
73954.019,15657,12002
74011.849,15658,12002
74029.747,15659,12002
74029.762,15660,12002
74039.269,15661,12002
74044.844,15662,12002
74051.228,15663,12002
74052.984,15664,12002
74119.338,15665,12002
74119.596,15666,12002
74128.727,15667,12002
74139.953,15668,12002
74157.282,15669,12002
74157.655,15670,12002
74172.289,15671,12002
74172.579,15672,12002
74176.553,15673,12002
74179.029,15674,12002
74184.25,15675,12002
74187.533,15676,12002
74194.751,15677,12002
74257.893,15678,12002
74259.965,15679,12002
74299.608,15680,12002
74300.003,15681,12002
74315.639,15682,12002
74339.271,15683,12002
74339.821,15684,12002
74342.377,15685,12002
74351.574,15686,12002
74351.648,15687,12002
74362.249,15688,12002
74362.448,15689,12002
74363.05,15690,12002
74366.317,15691,12002
74381.908,15692,12002
74382.278,15693,12002
74389.138,15694,12002
74394.442,15695,12002
74406.715,15696,12002
74407.155,15697,12002
74407.94,15698,12002
74459.651,15699,12002
74461.546,15700,12002
74461.57,15701,12002
74504.871,15702,12002
74504.935,15703,12002
74526.439,15704,12002
74527.054,15705,12002
74538.526,15706,12002
74542.697,15707,12002
74543.382,15708,12003
74567.537,15709,12003
74575.291,15710,12003
74594.742,15711,12003
74595.215,15712,12003
74600.965,15713,12003
74603.716,15714,12003
74607.244,15715,12003
74612.476,15716,12003
74618.298,15717,12003
74622.039,15718,12003
74626.307,15719,12004
74638.127,15720,12004
74638.194,15721,12004
74641.905,15722,12004
74653.941,15723,12004
74655.731,15724,12004
74662.345,15725,12004
74666.409,15726,12004
74666.459,15727,12004
74666.567,15728,12004
74674.934,15729,12004
74675.098,15730,12004
74676.333,15731,12004
74676.877,15732,12004
74684.993,15733,12004
74692.906,15734,12004
74699.25,15735,12004
74699.391,15736,12004
74709.27,15737,12004
74721.988,15738,12004
74729.875,15739,12004
74730.354,15740,12004
74747.729,15741,12004
74753.898,15742,12004
74759.346,15743,12004
74771.032,15744,12004
74773.183,15745,12004
74773.384,15746,12004
74773.582,15747,12004
74774.162,15748,12004
74776.955,15749,12004
74779.738,15750,12004
74784.737,15751,12004
74790.503,15752,12004
74791.429,15753,12004
74793.286,15754,12004
74793.575,15755,12004
74832.723,15756,12004
74850.96,15757,12004
74854.519,15758,12004
74860.077,15759,12004
74863.571,15760,12004
74896.389,15761,12004
74921.272,15762,12004
74925.243,15763,12004
74934.033,15764,12004
74944.458,15765,12004
74946.824,15766,12004
74946.858,15767,12004
74962.224,15768,12004
74964.97,15769,12004
74970.361,15770,12004
74977.061,15771,12004
75031.312,15772,12004
75038.366,15773,12005
75064.536,15774,12005
75111.991,15775,12005
75145.074,15776,12005
75145.262,15777,12005
75176.986,15778,12005
75188.954,15779,12006
75198.691,15780,12006
75199.251,15781,12006
75234.957,15782,12006
75246.484,15783,12006
75251.382,15784,12006
75251.988,15785,12006
75271.647,15786,12006
75273.11,15787,12006
75284.822,15788,12007
75285.322,15789,12013
75293.75,15790,12013
75298.614,15791,12013
75316.311,15792,12013
75316.939,15793,12013
75327.591,15794,12013
75354.722,15795,12013
75363.817,15796,12013
75364.817,15797,12013
75366.346,15798,12013
75373.304,15799,12013
75384.939,15800,12013
75394.794,15801,12013
75398.011,15802,12013
75427.972,15803,12013
75434.935,15804,12022
75494.066,15805,12022
75505.902,15806,12022
75524.669,15807,12022
75527.193,15808,12022
75528.542,15809,12022
75537.283,15810,12022
75552.873,15811,12022
75568.98,15812,12022
75570.395,15813,12022
75608.233,15814,12022
75611.134,15815,12022
75611.429,15816,12022
75612.505,15817,12022
75618.465,15818,12022
75630.811,15819,12022
75637.789,15820,12022
75673.908,15821,12022
75674.687,15822,12022
75685.047,15823,12022
75706.331,15824,12022
75719.96,15825,12022
75726.49,15826,12022
75731.32,15827,12022
75737.605,15828,12022
75797.304,15829,12022
75805.004,15830,12022
75805.255,15831,12022
75805.74,15832,12022
75829.753,15833,12022
75830.814,15834,12022
75830.912,15835,12022
75831.038,15836,12022
75833.557,15837,12022
75835.419,15838,12022
75840.555,15839,12022
75845.013,15840,12022
75845.31,15841,12022
75889.117,15842,12022
75892.861,15843,12022
75898.017,15844,12022
75900.751,15845,12022
75913.068,15846,12022
75913.83,15847,12022
75922.032,15848,12022
75927.716,15849,12022
75927.859,15850,12022
75928.272,15851,12022
75936.346,15852,12022
75956.366,15853,12022
75957.525,15854,12022
75957.982,15855,12022
75965.822,15856,12022
75968.476,15857,12022
76004.242,15858,12022
76005.226,15859,12022
76006.455,15860,12022
76015.826,15861,12023
76033.604,15862,12023
76033.647,15863,12023
76034.33,15864,12023
76038.95,15865,12023
76040.717,15866,12023
76104.086,15867,12023
76120.908,15868,12023
76132.874,15869,12023
76140.691,15870,12023
76140.757,15871,12026
76167.22,15872,12026
76167.542,15873,12026
76167.83,15874,12026
76173.383,15875,12026
76175.878,15876,12026
76184.595,15877,12026
76203.144,15878,12033
76259.308,15879,12033
76263.866,15880,12033
76313.997,15881,12033
76314.62,15882,12034
76372.83,15883,12034
76372.965,15884,12034
76383.9,15885,12034
76389.399,15886,12035
76403.597,15887,12035
76420.916,15888,12035
76479.517,15889,12035
76499.606,15890,12035
76541.441,15891,12035
76551.54,15892,12037
76556.944,15893,12037
76558.157,15894,12037
76572.009,15895,12037
76577.606,15896,12037
76588.794,15897,12037
76601.525,15898,12037
76601.711,15899,12037
76601.894,15900,12037
76602.083,15901,12037
76615.469,15902,12037
76615.664,15903,12037
76615.85,15904,12037
76624.386,15905,12050
76629.826,15906,12050
76706.675,15907,12050
76715.685,15908,12050
76722.157,15909,12051
76722.8,15910,12052
76738.69,15911,12056
76739.52,15912,12057
76739.603,15913,12057
76753.922,15914,12057
76775.147,15915,12057
76810.164,15916,12057
76857.346,15917,12058
76857.823,15918,12063
76858.191,15919,12063
76878.213,15920,12063
76886.741,15921,12063
76890.075,15922,12063
76905.264,15923,12063
76913.7,15924,12063
76913.78,15925,12063
76920.98,15926,12063
76921.557,15927,12063
76930.362,15928,12063
76939.619,15929,12063
76950.384,15930,12063
76954.527,15931,12063
76961.148,15932,12063
76977.788,15933,12063
76988.664,15934,12063
76988.9,15935,12063
76989.305,15936,12063
76997.74,15937,12063
76998.246,15938,12063
77001.387,15939,12063
77003.259,15940,12063
77014.508,15941,12063
77016.578,15942,12063
77031.541,15943,12063
77032.959,15944,12064
77036.031,15945,12064
77036.06,15946,12064
77047.568,15947,12064
77052.107,15948,12064
77083.254,15949,12064
77086.114,15950,12064
77092.532,15951,12064
77116.605,15952,12064
77127.091,15953,12064
77154.04,15954,12064
77160.991,15955,12064
77161.067,15956,12064
77172.351,15957,12064
77193.178,15958,12064
77193.344,15959,12064
77212.725,15960,12065
77223.772,15961,12065
77224.012,15962,12065
77224.742,15963,12065
77241.149,15964,12065
77243.042,15965,12065
77285.812,15966,12065
77286.015,15967,12065
77312.01,15968,12065
77317.197,15969,12065
77317.204,15970,12065
77317.624,15971,12065
77319.576,15972,12065
77326.361,15973,12065
77330.387,15974,12065
77330.935,15975,12065
77343.04,15976,12065
77343.383,15977,12065
77343.401,15978,12065
77343.727,15979,12065
77372.37,15980,12065
77378.578,15981,12065
77378.751,15982,12065
77417.89,15983,12065
77425.298,15984,12065
77429.709,15985,12065
77433.433,15986,12065
77444.021,15987,12067
77469.374,15988,12068
77483.403,15989,12068
77483.741,15990,12068
77510.874,15991,12068
77531.719,15992,12068
77538.466,15993,12068
77544.864,15994,12068
77563.519,15995,12068
77569.772,15996,12068
77581.235,15997,12068
77611.463,15998,12068
77661.937,15999,12068
77661.948,16000,12068
77668.389,16001,12068
77668.563,16002,12071
77668.637,16003,12071
77677.293,16004,12071
77677.337,16005,12071
77678.117,16006,12071
77678.374,16007,12071
77679.172,16008,12071
77679.243,16009,12071
77679.58,16010,12071
77680.681,16011,12071
77681.648,16012,12071
77682.478,16013,12071
77682.585,16014,12071
77682.747,16015,12071
77683.868,16016,12071
77684.19,16017,12071
77688.106,16018,12071
77690.248,16019,12072
77703.928,16020,12072
77720.292,16021,12073
77736.624,16022,12074
77798.3,16023,12074
77811.17,16024,12074
77836.472,16025,12083
77852.572,16026,12083
77895.819,16027,12083
77902.525,16028,12083
77907.171,16029,12083
77914.68,16030,12083
77914.703,16031,12083
77914.727,16032,12083
77919.753,16033,12083
77925.893,16034,12083
77929.697,16035,12083
77937.325,16036,12083
77961.171,16037,12083
77975.276,16038,12083
77985.37,16039,12083
77993.495,16040,12083
78008.012,16041,12083
78024.121,16042,12083
78024.251,16043,12083
78028.541,16044,12083
78036.752,16045,12083
78040.668,16046,12083
78073.944,16047,12083
78073.96,16048,12083
78074.088,16049,12083
78094.89,16050,12083
78095.325,16051,12083
78117.185,16052,12083
78132.436,16053,12083
78132.642,16054,12083
78141.567,16055,12083
78145.273,16056,12083
78161.979,16057,12083
78171.496,16058,12083
78175.395,16059,12083
78210.096,16060,12083
78211.098,16061,12083
78212.076,16062,12083
78214.215,16063,12083
78216.173,16064,12083
78217.644,16065,12083
78220.076,16066,12083
78233.052,16067,12083
78242.76,16068,12083
78254.801,16069,12083
78270.358,16070,12083
78282.755,16071,12083
78291.322,16072,12083
78313.302,16073,12083
78313.846,16074,12083
78317.122,16075,12083
78324.566,16076,12083
78324.715,16077,12083
78339.147,16078,12083
78339.253,16079,12083
78340.061,16080,12083
78369.465,16081,12083
78369.641,16082,12083
78393.226,16083,12083
78399.679,16084,12083
78422.8,16085,12083
78424.051,16086,12083
78440.973,16087,12083
78450.724,16088,12083
78456.687,16089,12083
78478.379,16090,12083
78478.935,16091,12083
78503.439,16092,12083
78509.461,16093,12083
78519.627,16094,12083
78547.811,16095,12083
78558.38,16096,12083
78586.005,16097,12083
78597.654,16098,12083
78601.18,16099,12083
78601.201,16100,12083
78610.138,16101,12083
78629.445,16102,12084
78630.172,16103,12085
78713.893,16104,12085
78722.371,16105,12085
78722.557,16106,12085
78723.394,16107,12085
78723.953,16108,12085
78724.626,16109,12085
78730.862,16110,12085
78731.209,16111,12085
78731.979,16112,12085
78732.851,16113,12085
78734.917,16114,12085
78735.252,16115,12085
78737.57,16116,12085
78746.756,16117,12085
78747.661,16118,12085
78757.547,16119,12085
78782.447,16120,12085
78785.772,16121,12085
78788.367,16122,12085
78811.134,16123,12085
78845.836,16124,12085
78875.582,16125,12085
78876.284,16126,12085
78883.852,16127,12085
78886.117,16128,12085
78886.198,16129,12085
78900.753,16130,12085
78924.309,16131,12086
78935.748,16132,12086
78944.984,16133,12086
78944.995,16134,12086
78945.527,16135,12086
78946.54,16136,12087
78950.713,16137,12088
78982.199,16138,12089
78983.975,16139,12089
78988.904,16140,12089
78992.545,16141,12089
79011.798,16142,12089
79013.309,16143,12089
79015.001,16144,12089
79017.45,16145,12089
79032.893,16146,12089
79084.221,16147,12089
79092.188,16148,12089
79099.233,16149,12089
79111.17,16150,12089
79130.287,16151,12089
79135.18,16152,12089
79135.425,16153,12089
79135.48,16154,12089
79176.695,16155,12089
79180.35,16156,12089
79215.547,16157,12089
79229.925,16158,12089
79251.009,16159,12089
79260.836,16160,12089
79261.032,16161,12089
79261.977,16162,12089
79263.149,16163,12089
79333.019,16164,12089
79392.161,16165,12089
79403.769,16166,12089
79404.053,16167,12089
79422.45,16168,12089
79463.437,16169,12089
79480.421,16170,12090
79482.532,16171,12090
79507.253,16172,12090
79510.909,16173,12090
79511.688,16174,12090
79512.225,16175,12090
79525.08,16176,12090
79595.268,16177,12090
79597.914,16178,12090
79633.151,16179,12090
79654.061,16180,12090
79654.569,16181,12090
79656.342,16182,12090
79688.865,16183,12090
79693.489,16184,12090
79693.549,16185,12090
79693.96,16186,12090
79699.718,16187,12090
79731.989,16188,12090
79783.025,16189,12090
79787.634,16190,12090
79788.291,16191,12090
79788.53,16192,12090
79793.273,16193,12090
79799.003,16194,12090
79801.916,16195,12090
79808.914,16196,12090
79808.931,16197,12090
79812.264,16198,12090
79827.716,16199,12090
79859.876,16200,12090
79867.138,16201,12090
79875.845,16202,12090
79882.898,16203,12090
79882.98,16204,12090
79892.87,16205,12090
79898.558,16206,12090
79911.146,16207,12090
79911.427,16208,12090
79912.035,16209,12090
79960.318,16210,12090
79960.509,16211,12090
79960.551,16212,12090
79967.727,16213,12090
79967.936,16214,12090
79975.544,16215,12090
79975.631,16216,12090
79977.351,16217,12090
79995.769,16218,12090
80010.364,16219,12090
80021.63,16220,12096
80106.239,16221,12096
80132.537,16222,12096
80156.284,16223,12096
80170.079,16224,12096
80176.44,16225,12097
80182.631,16226,12097
80215.573,16227,12097
80216.958,16228,12100
80263.585,16229,12100
80279.433,16230,12100
80290.622,16231,12100
80321.947,16232,12100
80330.257,16233,12100
80341.87,16234,12100
80353.407,16235,12100
80368.562,16236,12100
80369.539,16237,12101
80381.784,16238,12101
80382.02,16239,12101
80399.65,16240,12101
80401.095,16241,12101
80401.975,16242,12101
80424.617,16243,12101
80437.232,16244,12101
80439.395,16245,12101
80439.847,16246,12101
80440.661,16247,12101
80460.466,16248,12101
80499.838,16249,12101
80500.002,16250,12101
80500.71,16251,12101
80501.894,16252,12101
80502.346,16253,12101
80506.428,16254,12101
80506.743,16255,12101
80507.277,16256,12101
80510.856,16257,12101
80517.659,16258,12101
80519.305,16259,12101
80524.177,16260,12101
80524.229,16261,12101
80539.177,16262,12101
80559.902,16263,12101
80586.826,16264,12101
80600.931,16265,12101
80607.849,16266,12101
80628.3,16267,12101
80650.349,16268,12101
80668.774,16269,12101
80706.409,16270,12101
80707.612,16271,12101
80712.312,16272,12109
80718.408,16273,12109
80759.522,16274,12109
80770.845,16275,12109
80781.814,16276,12109
80783.212,16277,12109
80787.972,16278,12109
80804.144,16279,12109
80806.927,16280,12109
80807.707,16281,12109
80809.022,16282,12109
80816.613,16283,12109
80827.14,16284,12109
80844.708,16285,12109
80850.279,16286,12109
80860.432,16287,12109
80874.821,16288,12109
80875.715,16289,12109
80927.009,16290,12109
80937.984,16291,12109
80968.726,16292,12109
80977.703,16293,12109
80977.786,16294,12109
80977.81,16295,12109
80977.84,16296,12109
80992.785,16297,12111
81003.669,16298,12111
81051.057,16299,12112
81066.377,16300,12112
81080.36,16301,12112
81087.73,16302,12112
81107.73,16303,12112
81116.338,16304,12112
81126.103,16305,12112
81142.079,16306,12112
81166.472,16307,12112
81166.872,16308,12112
81169.878,16309,12112
81260.325,16310,12112
81274.396,16311,12113
81287.31,16312,12113
81287.58,16313,12113
81303.544,16314,12113
81303.766,16315,12113
81307.168,16316,12114
81313.02,16317,12116
81316.216,16318,12116
81329.213,16319,12117
81330.794,16320,12117
81330.821,16321,12117
81332.526,16322,12117
81332.651,16323,12117
81332.772,16324,12117
81354.025,16325,12117
81368.596,16326,12117
81372.977,16327,12117
81397.092,16328,12117
81403.828,16329,12117
81446.208,16330,12117
81448.999,16331,12117
81450.567,16332,12117
81472.088,16333,12117
81508.223,16334,12117
81518.681,16335,12117
81526.194,16336,12117
81542.645,16337,12117
81542.939,16338,12117
81545.564,16339,12117
81570.63,16340,12117
81589.818,16341,12117
81601.479,16342,12118
81602.18,16343,12118
81602.329,16344,12118
81604.347,16345,12118
81607.482,16346,12118
81638.975,16347,12118
81664.846,16348,12118
81666.037,16349,12118
81687.642,16350,12118
81703.308,16351,12119
81722.03,16352,12119
81722.183,16353,12119
81766.033,16354,12119
81789.356,16355,12119
81789.379,16356,12119
81789.739,16357,12119
81812.414,16358,12120
81859.235,16359,12120
81859.628,16360,12120
81863.986,16361,12121
81878.382,16362,12121
81891.203,16363,12121
81896.859,16364,12122
81908.725,16365,12122
81938.108,16366,12122
82055.531,16367,12122
82061.911,16368,12122
82070.145,16369,12122
82070.363,16370,12122
82079.148,16371,12122
82158.889,16372,12122
82160.427,16373,12122
82161.014,16374,12122
82186.337,16375,12122
82187.78,16376,12122
82188.179,16377,12122
82189.362,16378,12122
82216.864,16379,12122
82217.095,16380,12122
82220.32,16381,12122
82224.112,16382,12122
82225.874,16383,12122
82237.459,16384,12122
82263.907,16385,12122
82268.87,16386,12122
82272.172,16387,12122
82293.08,16388,12122
82304.857,16389,12122
82306.024,16390,12122
82307.656,16391,12122
82309.229,16392,12122
82310.399,16393,12122
82340.715,16394,12122
82353.688,16395,12122
82405.134,16396,12122
82405.262,16397,12122
82405.82,16398,12122
82408.452,16399,12122
82409.405,16400,12122
82410.232,16401,12123
82423.358,16402,12123
82448.732,16403,12123
82477.984,16404,12123
82500.368,16405,12123
82500.605,16406,12123
82502.779,16407,12123
82505.236,16408,12123
82505.824,16409,12123
82507.718,16410,12123
82543.233,16411,12123
82549.85,16412,12123
82552.23,16413,12123
82608.049,16414,12123
82610.765,16415,12123
82611.132,16416,12123
82613.359,16417,12123
82616.141,16418,12123
82616.216,16419,12123
82622.05,16420,12123
82622.579,16421,12123
82627.203,16422,12123
82686.901,16423,12123
82698.229,16424,12125
82707.088,16425,12126
82718.544,16426,12126
82759.555,16427,12127
82759.646,16428,12127
82761.106,16429,12127
82761.567,16430,12127
82762.28,16431,12127
82776.908,16432,12129
82777.233,16433,12130
82820.386,16434,12132
82823.722,16435,12132
82851.056,16436,12132
82852.928,16437,12132
82854.383,16438,12135
82854.603,16439,12136
82866.314,16440,12136
82895.409,16441,12136
82895.804,16442,12136
82895.886,16443,12136
82904.867,16444,12136
82912.747,16445,12136
82912.829,16446,12136
82935.783,16447,12136
82939.142,16448,12136
82943.062,16449,12136
82948.212,16450,12136
82955.482,16451,12136
82967.698,16452,12136
82983.61,16453,12136
83004.628,16454,12136
83018.243,16455,12136
83026.183,16456,12136
83032.977,16457,12136
83033.071,16458,12136
83058.711,16459,12136
83088.402,16460,12136
83096.861,16461,12136
83121.374,16462,12136
83129.672,16463,12136
83131.348,16464,12136
83141.149,16465,12136
83141.459,16466,12136
83143.157,16467,12136
83147.932,16468,12136
83148.352,16469,12136
83152.577,16470,12136
83341.665,16471,12137
83381.618,16472,12137
83399.883,16473,12137
83410.231,16474,12137
83412.129,16475,12137
83419.262,16476,12137
83446.959,16477,12137
83513.365,16478,12137
83542.348,16479,12137
83566.153,16480,12137
83603.284,16481,12137
83613.555,16482,12137
83708.551,16483,12137
83729.884,16484,12137
83730.462,16485,12137
83732.487,16486,12137
83732.851,16487,12137
83732.987,16488,12137
83736.594,16489,12137
83743.876,16490,12137
83748.519,16491,12137
83751.639,16492,12137
83755.37,16493,12137
83766.182,16494,12137
83767.179,16495,12137
83774.725,16496,12137
83780.625,16497,12137
83781.044,16498,12137
83784.601,16499,12137
83809.646,16500,12137
83809.986,16501,12137
83811.671,16502,12137
83818.473,16503,12137
83844.817,16504,12137
83848.847,16505,12137
83849.372,16506,12138
83887.101,16507,12138
83895.457,16508,12138
83896.702,16509,12138
83897.477,16510,12138
83898.728,16511,12139
83899.475,16512,12139
83900.334,16513,12139
83905.866,16514,12139
83906.361,16515,12139
83910.93,16516,12139
83911.454,16517,12139
83944.689,16518,12139
83972.16,16519,12139
83973.027,16520,12139
83978.852,16521,12139
83983.475,16522,12139
83987.113,16523,12139
83991.926,16524,12139
84000.442,16525,12140
84045.631,16526,12140
84115.833,16527,12140
84123.651,16528,12140
84123.72,16529,12140
84123.854,16530,12140
84135.167,16531,12140
84138.847,16532,12140
84139.334,16533,12140
84139.803,16534,12140
84141.883,16535,12140
84146.272,16536,12140
84146.929,16537,12143
84147.974,16538,12143
84161.649,16539,12143
84228.957,16540,12143
84238.776,16541,12145
84252.1,16542,12145
84252.717,16543,12145
84300.671,16544,12145
84389.646,16545,12145
84389.954,16546,12145
84389.988,16547,12145
84393.086,16548,12145
84395.582,16549,12145
84395.597,16550,12145
84397.991,16551,12145
84401.198,16552,12145
84413.048,16553,12145
84438.711,16554,12145
84497.616,16555,12145
84498.189,16556,12145
84558.341,16557,12145
84558.379,16558,12145
84591.812,16559,12145
84591.939,16560,12146
84737.553,16561,12146
84786.646,16562,12147
84787.009,16563,12147
84787.43,16564,12147
84789.162,16565,12148
84789.861,16566,12148
84866.67,16567,12148
84878.115,16568,12148
84920.65,16569,12148
84930.984,16570,12148
84969.52,16571,12148
84993.403,16572,12148
84993.849,16573,12148
85017.03,16574,12148
85029.194,16575,12148
85039.025,16576,12148
85043.348,16577,12149
85044.363,16578,12149
85062.749,16579,12149
85071.653,16580,12149
85071.843,16581,12149
85073.316,16582,12150
85119.078,16583,12150
85125.9,16584,12150
85171.224,16585,12150
85171.46,16586,12150
85190.779,16587,12150
85222.019,16588,12150
85222.503,16589,12150
85223.083,16590,12150
85225.092,16591,12150
85225.91,16592,12150
85246.231,16593,12150
85300.438,16594,12150
85322.712,16595,12150
85378.111,16596,12150
85396.825,16597,12150
85481.399,16598,12150
85513.799,16599,12150
85514.007,16600,12150
85529.779,16601,12150
85586.996,16602,12150
85666.28,16603,12150
85667.081,16604,12150
85695.33,16605,12150
85701.402,16606,12150
85723.291,16607,12150
85747.112,16608,12150
85903.614,16609,12150
85954.393,16610,12150
86013.822,16611,12150
86052.984,16612,12150
86054.796,16613,12151
86107.157,16614,12151
86109.821,16615,12151
86159.469,16616,12151
