time_s,inputs,cumulative_edges
0.0,1,357
0.0,2,482
0.001,3,487
0.002,4,489
0.002,5,490
0.003,6,508
0.004,7,616
0.007,8,681
0.008,9,683
0.009,10,686
0.01,11,688
0.014,12,694
0.015,13,694
0.016,14,694
0.017,15,694
0.018,16,700
0.019,17,701
0.019,18,702
0.02,19,706
0.02,20,708
0.021,21,708
0.026,22,709
0.027,23,711
0.032,24,712
0.033,25,715
0.04,26,716
0.047,27,717
0.08,28,718
0.097,29,719
0.101,30,720
0.103,31,721
0.136,32,721
0.143,33,721
0.149,34,721
0.151,35,722
0.154,36,723
0.16,37,723
0.161,38,724
0.162,39,724
0.166,40,724
0.172,41,724
0.176,42,724
0.181,43,724
0.191,44,724
0.205,45,724
0.216,46,726
0.218,47,726
0.225,48,726
0.305,49,726
0.322,50,726
0.364,51,726
0.445,52,726
0.455,53,726
0.482,54,741
0.492,55,741
0.505,56,747
0.515,57,747
0.516,58,749
0.52,59,749
0.524,60,754
0.528,61,760
0.533,62,836
0.541,63,836
0.561,64,840
0.572,65,841
0.577,66,841
0.579,67,842
0.582,68,853
0.583,69,853
0.589,70,923
0.597,71,923
0.643,72,924
0.649,73,1007
0.655,74,1023
0.664,75,1023
0.669,76,1025
0.672,77,1045
0.686,78,1046
0.692,79,1046
0.695,80,1047
0.711,81,1049
0.717,82,1049
0.722,83,1049
0.725,84,1049
0.741,85,1049
0.748,86,1077
0.756,87,1078
0.762,88,1098
0.764,89,1101
0.766,90,1101
0.768,91,1105
0.772,92,1106
0.776,93,1126
0.779,94,1126
0.793,95,1128
0.8,96,1129
0.805,97,1130
0.812,98,1130
0.833,99,1130
0.843,100,1135
0.847,101,1135
0.849,102,1135
0.851,103,1137
0.858,104,1142
0.869,105,1142
0.9,106,1142
0.902,107,1142
0.916,108,1148
0.924,109,1150
0.926,110,1150
0.933,111,1150
0.944,112,1150
0.945,113,1150
0.992,114,1153
1.012,115,1153
1.017,116,1153
1.018,117,1156
1.02,118,1162
1.037,119,1163
1.046,120,1163
1.048,121,1165
1.059,122,1166
1.12,123,1167
1.122,124,1167
1.131,125,1167
1.142,126,1167
1.144,127,1169
1.158,128,1171
1.159,129,1173
1.177,130,1175
1.186,131,1176
1.197,132,1177
1.238,133,1177
1.288,134,1178
1.305,135,1178
1.338,136,1178
1.35,137,1181
1.371,138,1181
1.399,139,1182
1.42,140,1182
1.434,141,1200
1.487,142,1200
1.503,143,1201
1.547,144,1211
1.551,145,1211
1.593,146,1211
1.627,147,1211
1.646,148,1212
1.652,149,1212
1.661,150,1212
1.666,151,1212
1.676,152,1212
1.677,153,1212
1.698,154,1213
1.712,155,1213
1.718,156,1215
1.778,157,1215
1.807,158,1216
1.818,159,1216
1.872,160,1216
1.874,161,1216
1.877,162,1216
1.882,163,1217
1.884,164,1217
1.9,165,1220
1.918,166,1223
1.947,167,1223
1.986,168,1223
2.014,169,1223
2.029,170,1223
2.069,171,1223
2.099,172,1225
2.154,173,1225
2.191,174,1225
2.255,175,1226
2.26,176,1226
2.277,177,1226
2.29,178,1226
2.358,179,1226
2.385,180,1226
2.459,181,1231
2.464,182,1234
2.465,183,1237
2.472,184,1237
2.481,185,1238
2.482,186,1240
2.485,187,1244
2.499,188,1244
2.502,189,1244
2.509,190,1244
2.509,191,1244
2.51,192,1244
2.513,193,1244
2.517,194,1244
2.518,195,1244
2.519,196,1244
2.526,197,1244
2.539,198,1244
2.54,199,1244
2.544,200,1244
2.546,201,1244
2.551,202,1244
2.561,203,1246
2.563,204,1246
2.567,205,1247
2.571,206,1249
2.575,207,1249
2.585,208,1249
2.592,209,1249
2.597,210,1249
2.605,211,1249
2.607,212,1250
2.614,213,1250
2.616,214,1250
2.632,215,1250
2.638,216,1250
2.64,217,1250
2.644,218,1254
2.645,219,1254
2.653,220,1254
2.681,221,1256
2.69,222,1258
2.692,223,1259
2.695,224,1259
2.697,225,1259
2.718,226,1260
2.727,227,1263
2.733,228,1263
2.736,229,1263
2.738,230,1264
2.74,231,1264
2.759,232,1264
2.772,233,1268
2.775,234,1269
2.776,235,1269
2.785,236,1269
2.799,237,1269
2.813,238,1269
2.848,239,1269
2.886,240,1269
2.89,241,1269
2.891,242,1269
2.903,243,1269
2.923,244,1269
2.925,245,1269
2.936,246,1270
2.941,247,1270
2.958,248,1270
2.961,249,1270
3.016,250,1270
3.056,251,1270
3.06,252,1271
3.08,253,1273
3.087,254,1273
3.09,255,1274
3.119,256,1274
3.126,257,1274
3.133,258,1274
3.147,259,1274
3.15,260,1280
3.166,261,1287
3.17,262,1287
3.17,263,1287
3.173,264,1287
3.183,265,1289
3.192,266,1289
3.212,267,1290
3.218,268,1290
3.235,269,1290
3.235,270,1292
3.243,271,1296
3.246,272,1298
3.273,273,1299
3.303,274,1299
3.312,275,1301
3.327,276,1302
3.352,277,1304
3.375,278,1304
3.392,279,1304
3.397,280,1304
3.402,281,1306
3.426,282,1306
3.474,283,1306
3.479,284,1306
3.658,285,1306
3.665,286,1306
3.667,287,1308
3.669,288,1309
3.714,289,1309
3.731,290,1309
3.812,291,1309
3.932,292,1309
3.942,293,1309
3.949,294,1309
3.955,295,1309
3.986,296,1309
4.003,297,1309
4.032,298,1311
4.057,299,1311
4.06,300,1314
4.08,301,1319
4.103,302,1320
4.115,303,1320
4.117,304,1321
4.117,305,1321
4.119,306,1321
4.129,307,1321
4.153,308,1321
4.154,309,1321
4.345,310,1321
4.533,311,1321
4.63,312,1321
4.733,313,1321
4.916,314,1326
4.916,315,1329
4.92,316,1329
4.935,317,1329
4.943,318,1329
4.959,319,1329
4.974,320,1331
4.998,321,1423
5.014,322,1423
5.018,323,1423
5.027,324,1423
5.141,325,1423
5.145,326,1446
5.151,327,1448
5.171,328,1448
5.181,329,1448
5.185,330,1448
5.232,331,1448
5.268,332,1448
5.282,333,1448
5.304,334,1453
5.315,335,1453
5.347,336,1454
5.419,337,1454
5.476,338,1454
5.51,339,1455
5.605,340,1455
5.623,341,1455
5.649,342,1469
5.747,343,1469
5.775,344,1469
5.793,345,1469
5.819,346,1469
5.913,347,1469
5.94,348,1469
5.945,349,1473
5.95,350,1474
5.958,351,1474
5.962,352,1476
5.967,353,1477
5.984,354,1479
5.992,355,1480
5.999,356,1483
6.003,357,1507
6.035,358,1508
6.052,359,1509
6.07,360,1509
6.083,361,1510
6.092,362,1516
6.097,363,1517
6.103,364,1521
6.107,365,1521
6.11,366,1521
6.123,367,1522
6.163,368,1524
6.168,369,1524
6.205,370,1534
6.21,371,1544
6.225,372,1544
6.228,373,1545
6.25,374,1545
6.276,375,1547
6.28,376,1550
6.281,377,1550
6.286,378,1551
6.287,379,1551
6.311,380,1552
6.328,381,1552
6.339,382,1553
6.345,383,1553
6.369,384,1553
6.369,385,1558
6.372,386,1558
6.385,387,1559
6.393,388,1559
6.394,389,1599
6.403,390,1599
6.42,391,1599
6.427,392,1600
6.438,393,1601
6.446,394,1606
6.447,395,1607
6.47,396,1608
6.501,397,1608
6.504,398,1608
6.542,399,1608
6.566,400,1608
6.57,401,1617
6.607,402,1621
6.619,403,1623
6.62,404,1634
6.627,405,1634
6.631,406,1634
6.642,407,1645
6.675,408,1646
6.685,409,1647
6.697,410,1647
6.714,411,1648
6.748,412,1648
6.752,413,1648
6.766,414,1662
6.78,415,1663
6.802,416,1663
6.809,417,1664
6.82,418,1668
6.831,419,1669
6.846,420,1673
6.847,421,1673
6.848,422,1676
6.85,423,1676
6.853,424,1676
6.854,425,1683
6.854,426,1690
6.857,427,1694
6.861,428,1694
6.862,429,1694
6.863,430,1697
6.869,431,1698
6.87,432,1698
6.873,433,1699
6.875,434,1700
6.877,435,1700
6.88,436,1701
6.883,437,1702
6.885,438,1703
6.889,439,1712
6.897,440,1712
6.901,441,1713
6.902,442,1716
6.903,443,1717
6.906,444,1727
6.915,445,1728
6.918,446,1728
6.919,447,1730
6.92,448,1731
6.931,449,1732
6.932,450,1732
6.936,451,1734
6.943,452,1734
6.945,453,1734
6.949,454,1735
6.952,455,1735
6.953,456,1735
6.954,457,1735
6.959,458,1735
6.964,459,1735
6.971,460,1735
6.972,461,1735
6.974,462,1735
6.976,463,1736
6.979,464,1736
6.986,465,1737
7.0,466,1737
7.004,467,1737
7.012,468,1739
7.015,469,1739
7.017,470,1739
7.02,471,1740
7.02,472,1740
7.021,473,1740
7.024,474,1740
7.025,475,1740
7.026,476,1740
7.027,477,1740
7.031,478,1740
7.033,479,1740
7.036,480,1740
7.037,481,1741
7.038,482,1741
7.04,483,1741
7.041,484,1745
7.042,485,1745
7.046,486,1745
7.051,487,1747
7.053,488,1747
7.056,489,1747
7.063,490,1747
7.066,491,1747
7.068,492,1747
7.07,493,1748
7.073,494,1748
7.076,495,1750
7.077,496,1750
7.08,497,1752
7.082,498,1752
7.085,499,1752
7.089,500,1752
7.092,501,1752
7.094,502,1752
7.097,503,1754
7.098,504,1754
7.1,505,1755
7.103,506,1756
7.107,507,1756
7.108,508,1757
7.11,509,1757
7.113,510,1758
7.114,511,1758
7.115,512,1758
7.12,513,1758
7.123,514,1759
7.126,515,1759
7.129,516,1759
7.132,517,1759
7.135,518,1759
7.137,519,1759
7.139,520,1759
7.147,521,1759
7.151,522,1759
7.16,523,1759
7.163,524,1759
7.177,525,1759
7.179,526,1759
7.183,527,1760
7.184,528,1760
7.187,529,1760
7.19,530,1761
7.194,531,1762
7.199,532,1762
7.202,533,1762
7.204,534,1762
7.209,535,1762
7.215,536,1762
7.22,537,1762
7.225,538,1762
7.234,539,1762
7.238,540,1763
7.241,541,1763
7.244,542,1764
7.245,543,1764
7.247,544,1764
7.25,545,1764
7.255,546,1765
7.257,547,1766
7.26,548,1771
7.263,549,1771
7.265,550,1771
7.267,551,1771
7.271,552,1772
7.283,553,1772
7.293,554,1772
7.298,555,1772
7.304,556,1772
7.311,557,1772
7.316,558,1772
7.32,559,1772
7.326,560,1772
7.331,561,1772
7.335,562,1772
7.339,563,1774
7.344,564,1774
7.357,565,1774
7.369,566,1774
7.371,567,1774
7.376,568,1774
7.381,569,1774
7.384,570,1774
7.387,571,1774
7.398,572,1774
7.399,573,1774
7.417,574,1774
7.421,575,1774
7.426,576,1774
7.429,577,1778
7.432,578,1780
7.444,579,1781
7.447,580,1781
7.452,581,1781
7.454,582,1781
7.46,583,1782
7.465,584,1782
7.468,585,1782
7.474,586,1782
7.485,587,1782
7.487,588,1782
7.494,589,1782
7.498,590,1783
7.504,591,1783
7.506,592,1783
7.516,593,1783
7.519,594,1783
7.523,595,1783
7.526,596,1783
7.53,597,1783
7.535,598,1784
7.543,599,1784
7.544,600,1784
7.545,601,1784
7.552,602,1786
7.556,603,1786
7.557,604,1786
7.561,605,1786
7.575,606,1786
7.579,607,1786
7.592,608,1786
7.615,609,1787
7.617,610,1787
7.62,611,1787
7.626,612,1820
7.63,613,1820
7.633,614,1820
7.639,615,1820
7.641,616,1820
7.643,617,1820
7.644,618,1820
7.654,619,1820
7.656,620,1820
7.662,621,1820
7.666,622,1820
7.67,623,1820
7.674,624,1820
7.677,625,1821
7.691,626,1821
7.71,627,1821
7.714,628,1822
7.737,629,1822
7.745,630,1822
7.749,631,1822
7.765,632,1822
7.768,633,1822
7.772,634,1822
7.773,635,1822
7.782,636,1822
7.791,637,1822
7.796,638,1822
7.819,639,1822
7.822,640,1827
7.827,641,1827
7.829,642,1828
7.836,643,1828
7.844,644,1828
7.85,645,1828
7.855,646,1828
7.862,647,1828
7.871,648,1828
7.873,649,1828
7.885,650,1828
7.891,651,1828
7.897,652,1828
7.911,653,1828
7.927,654,1828
7.947,655,1830
7.955,656,1830
7.96,657,1830
7.976,658,1830
7.979,659,1830
7.992,660,1830
7.995,661,1830
8.016,662,1830
8.019,663,1830
8.024,664,1830
8.028,665,1830
8.064,666,1830
8.067,667,1830
8.073,668,1830
8.08,669,1830
8.083,670,1831
8.095,671,1831
8.107,672,1831
8.109,673,1831
8.123,674,1831
8.135,675,1832
8.154,676,1832
8.162,677,1833
8.165,678,1833
8.173,679,1833
8.18,680,1833
8.187,681,1833
8.2,682,1833
8.203,683,1833
8.207,684,1833
8.24,685,1833
8.272,686,1833
8.297,687,1833
8.31,688,1833
8.313,689,1833
8.324,690,1833
8.332,691,1834
8.339,692,1834
8.352,693,1834
8.357,694,1835
8.358,695,1835
8.36,696,1835
8.364,697,1836
8.368,698,1836
8.377,699,1836
8.384,700,1836
8.387,701,1836
8.397,702,1836
8.425,703,1836
8.43,704,1836
8.439,705,1836
8.446,706,1836
8.453,707,1836
8.476,708,1836
8.486,709,1836
8.491,710,1836
8.506,711,1836
8.513,712,1836
8.515,713,1836
8.525,714,1836
8.532,715,1836
8.576,716,1836
8.592,717,1836
8.593,718,1836
8.602,719,1836
8.615,720,1836
8.62,721,1836
8.636,722,1837
8.654,723,1837
8.659,724,1837
8.668,725,1837
8.682,726,1837
8.69,727,1837
8.737,728,1838
8.74,729,1838
8.742,730,1838
8.748,731,1838
8.752,732,1838
8.768,733,1838
8.794,734,1839
8.796,735,1839
8.806,736,1839
8.823,737,1839
8.846,738,1839
8.871,739,1839
8.877,740,1840
8.908,741,1859
8.914,742,1859
8.927,743,1859
8.928,744,1859
8.94,745,1859
8.98,746,1859
9.002,747,1859
9.025,748,1859
9.031,749,1859
9.041,750,1863
9.054,751,1863
9.066,752,1863
9.074,753,1864
9.079,754,1864
9.111,755,1864
9.122,756,1864
9.132,757,1864
9.184,758,1864
9.193,759,1865
9.229,760,1865
9.239,761,1865
9.256,762,1865
9.272,763,1865
9.287,764,1865
9.299,765,1865
9.303,766,1865
9.304,767,1865
9.358,768,1865
9.376,769,1865
9.393,770,1865
9.407,771,1865
9.424,772,1865
9.435,773,1865
9.446,774,1865
9.454,775,1865
9.46,776,1865
9.489,777,1865
9.496,778,1865
9.529,779,1865
9.572,780,1865
9.586,781,1865
9.619,782,1865
9.674,783,1865
9.726,784,1880
9.728,785,1880
9.78,786,1880
9.798,787,1881
9.815,788,1882
9.845,789,1882
9.859,790,1882
9.894,791,1883
9.941,792,1883
9.944,793,1883
9.982,794,1883
10.028,795,1888
10.048,796,1888
10.097,797,1888
10.129,798,1888
10.132,799,1888
10.153,800,1889
10.164,801,1889
10.186,802,1889
10.188,803,1889
10.196,804,1889
10.213,805,1889
10.214,806,1889
10.231,807,1890
10.273,808,1891
10.277,809,1896
10.288,810,1896
10.29,811,1896
10.293,812,1896
10.326,813,1896
10.348,814,1896
10.353,815,1896
10.378,816,1906
10.449,817,1906
10.501,818,1907
10.53,819,1907
10.607,820,1907
10.62,821,1907
10.625,822,1907
10.63,823,1907
10.656,824,1907
10.662,825,1907
10.685,826,1907
10.705,827,1907
10.71,828,1907
10.77,829,1907
10.771,830,1907
10.806,831,1907
10.815,832,1909
10.817,833,1909
10.872,834,1911
10.895,835,1911
10.91,836,1911
10.932,837,1911
10.976,838,1912
10.991,839,1912
11.002,840,1912
11.018,841,1912
11.045,842,1912
11.066,843,1912
11.111,844,1912
11.139,845,1912
11.159,846,1912
11.189,847,1912
11.197,848,1912
11.225,849,1912
11.257,850,1912
11.301,851,1912
11.33,852,1912
11.364,853,1912
11.41,854,1912
11.414,855,1912
11.514,856,1914
11.523,857,1914
11.535,858,1914
11.565,859,1914
11.646,860,1914
11.704,861,1914
11.732,862,1914
11.812,863,1914
11.842,864,1914
11.923,865,1914
12.092,866,1914
12.105,867,1914
12.137,868,1914
12.153,869,1914
12.162,870,1914
12.163,871,1914
12.18,872,1914
12.184,873,1915
12.198,874,1915
12.231,875,1915
12.25,876,1915
12.267,877,1915
12.334,878,1915
12.334,879,1915
12.346,880,1915
12.365,881,1915
12.388,882,1915
12.405,883,1915
12.411,884,1915
12.452,885,1937
12.467,886,1937
12.47,887,1938
12.484,888,1953
12.499,889,1953
12.503,890,1953
12.516,891,1953
12.555,892,1954
12.561,893,1954
12.572,894,1954
12.577,895,1954
12.585,896,1955
12.593,897,1955
12.599,898,1955
12.621,899,1956
12.69,900,1956
12.743,901,1958
12.755,902,1958
12.759,903,1958
12.772,904,1958
12.816,905,1959
12.836,906,1960
12.845,907,1960
12.849,908,1960
12.882,909,1960
12.892,910,1960
12.902,911,1961
12.91,912,1962
12.92,913,1962
12.922,914,1962
12.943,915,1962
12.946,916,1962
12.969,917,1962
12.974,918,1962
12.991,919,1963
12.992,920,1963
13.007,921,1963
13.011,922,1963
13.014,923,1963
13.051,924,1963
13.07,925,1965
13.124,926,1965
13.129,927,1965
13.16,928,1966
13.18,929,1966
13.202,930,1966
13.205,931,1966
13.235,932,1966
13.309,933,1966
13.351,934,1967
13.407,935,1967
13.431,936,1967
13.446,937,1967
13.596,938,1967
13.647,939,1968
13.692,940,1968
13.766,941,1970
13.858,942,1970
13.928,943,1970
13.949,944,1970
13.993,945,1970
14.031,946,1970
14.178,947,1970
14.313,948,1970
14.362,949,1970
14.449,950,1970
14.554,951,1970
14.7,952,1970
14.745,953,1970
14.813,954,1970
14.84,955,1970
14.87,956,1971
14.872,957,1971
14.875,958,1971
14.902,959,1971
14.909,960,1971
14.929,961,1971
14.934,962,1973
14.937,963,1973
14.969,964,1973
14.986,965,1973
14.989,966,1973
14.991,967,1973
15.046,968,1974
15.063,969,1975
15.082,970,1975
15.107,971,1975
15.118,972,1975
15.154,973,1975
15.307,974,1975
15.325,975,1976
15.334,976,1977
15.395,977,1977
15.402,978,1977
15.416,979,1977
15.434,980,1977
15.437,981,1977
15.473,982,1977
15.5,983,1977
15.509,984,1977
15.535,985,1978
15.597,986,1979
15.618,987,1979
15.638,988,1980
15.678,989,1980
15.746,990,1980
15.75,991,1981
15.781,992,1983
16.105,993,1983
16.112,994,1983
16.179,995,1983
16.272,996,1983
16.276,997,1983
16.336,998,1984
16.366,999,1984
16.379,1000,1984
16.402,1001,1984
16.505,1002,1984
16.584,1003,1984
16.59,1004,1984
16.594,1005,1984
16.636,1006,1984
16.656,1007,1984
16.697,1008,1985
16.706,1009,1985
16.824,1010,1985
16.847,1011,1985
16.852,1012,1985
16.977,1013,1985
16.982,1014,1985
17.044,1015,1985
17.134,1016,1985
17.228,1017,1985
17.262,1018,1986
17.265,1019,1986
17.302,1020,1986
17.307,1021,1987
17.311,1022,1987
17.323,1023,1987
17.424,1024,1987
17.526,1025,1987
17.556,1026,1989
17.633,1027,1989
17.699,1028,1989
17.707,1029,1989
17.724,1030,1989
17.835,1031,1990
17.907,1032,1990
18.036,1033,1990
18.099,1034,1990
18.1,1035,1990
18.133,1036,1990
18.141,1037,1990
18.24,1038,1990
18.343,1039,1990
18.403,1040,1990
18.411,1041,1990
18.441,1042,1990
18.518,1043,1990
18.665,1044,1990
18.71,1045,1990
18.727,1046,1990
18.735,1047,1991
18.743,1048,1991
18.765,1049,1991
18.843,1050,1991
18.846,1051,1991
18.867,1052,1991
18.878,1053,1991
18.897,1054,1991
19.098,1055,1991
19.099,1056,1993
19.173,1057,1993
19.241,1058,1994
19.273,1059,1994
19.283,1060,1994
19.291,1061,1994
19.335,1062,1995
19.355,1063,1996
19.384,1064,1996
19.387,1065,1996
19.446,1066,1996
19.558,1067,1996
19.609,1068,1996
19.742,1069,2002
19.749,1070,2002
19.75,1071,2002
19.758,1072,2002
19.783,1073,2002
19.834,1074,2002
19.859,1075,2002
19.894,1076,2003
19.931,1077,2007
19.994,1078,2007
20.013,1079,2007
20.025,1080,2007
20.044,1081,2009
20.117,1082,2009
20.171,1083,2009
20.242,1084,2009
20.252,1085,2011
20.273,1086,2011
20.345,1087,2011
20.373,1088,2012
20.399,1089,2012
20.419,1090,2012
20.428,1091,2012
20.442,1092,2012
20.46,1093,2012
20.538,1094,2012
20.55,1095,2012
20.573,1096,2018
20.594,1097,2018
20.618,1098,2018
20.722,1099,2019
20.794,1100,2019
20.797,1101,2019
20.865,1102,2019
20.96,1103,2021
20.99,1104,2021
21.006,1105,2021
21.01,1106,2024
21.043,1107,2024
21.062,1108,2024
21.08,1109,2026
21.089,1110,2026
21.099,1111,2027
21.117,1112,2027
21.125,1113,2027
21.145,1114,2027
21.153,1115,2027
21.19,1116,2028
21.216,1117,2028
21.234,1118,2028
21.263,1119,2028
21.267,1120,2028
21.314,1121,2028
21.338,1122,2029
21.353,1123,2029
21.372,1124,2029
21.388,1125,2029
21.459,1126,2029
21.461,1127,2029
21.519,1128,2033
21.578,1129,2033
21.596,1130,2033
21.605,1131,2033
21.619,1132,2033
21.626,1133,2033
21.631,1134,2033
21.671,1135,2033
21.715,1136,2033
21.772,1137,2033
21.828,1138,2033
21.914,1139,2033
21.958,1140,2033
21.974,1141,2033
22.092,1142,2033
22.174,1143,2033
22.229,1144,2033
22.264,1145,2033
22.27,1146,2033
22.341,1147,2033
22.424,1148,2033
22.507,1149,2033
22.517,1150,2033
22.522,1151,2033
22.525,1152,2033
22.534,1153,2033
22.548,1154,2033
22.56,1155,2033
22.594,1156,2033
22.596,1157,2033
22.609,1158,2034
22.66,1159,2035
22.999,1160,2039
23.067,1161,2041
23.17,1162,2041
23.244,1163,2041
23.302,1164,2043
23.631,1165,2043
23.647,1166,2043
23.737,1167,2043
23.74,1168,2045
23.776,1169,2045
23.909,1170,2045
23.926,1171,2047
23.989,1172,2047
23.991,1173,2047
24.006,1174,2047
24.009,1175,2047
24.018,1176,2048
24.031,1177,2048
24.039,1178,2048
24.054,1179,2048
24.07,1180,2048
24.076,1181,2048
24.089,1182,2048
24.109,1183,2048
24.119,1184,2048
24.126,1185,2048
24.129,1186,2048
24.137,1187,2048
24.144,1188,2048
24.155,1189,2048
24.182,1190,2048
24.216,1191,2048
24.228,1192,2048
24.242,1193,2048
24.251,1194,2048
24.258,1195,2048
24.312,1196,2048
24.33,1197,2048
24.348,1198,2048
24.501,1199,2048
24.595,1200,2048
24.611,1201,2048
24.614,1202,2048
24.636,1203,2048
24.702,1204,2048
24.712,1205,2050
24.718,1206,2050
24.728,1207,2050
24.905,1208,2050
24.943,1209,2050
24.96,1210,2050
25.061,1211,2050
25.092,1212,2050
25.115,1213,2050
25.486,1214,2050
25.664,1215,2050
25.683,1216,2050
25.74,1217,2050
25.774,1218,2050
25.786,1219,2050
25.797,1220,2050
25.81,1221,2050
25.969,1222,2050
26.216,1223,2051
26.269,1224,2051
26.269,1225,2051
26.27,1226,2054
26.271,1227,2056
26.314,1228,2061
26.315,1229,2062
26.315,1230,2062
26.339,1231,2062
26.399,1232,2063
26.407,1233,2065
26.409,1234,2065
26.551,1235,2065
26.561,1236,2065
26.602,1237,2065
26.611,1238,2065
26.614,1239,2065
26.619,1240,2067
26.655,1241,2067
26.668,1242,2070
26.743,1243,2070
27.046,1244,2072
27.051,1245,2072
27.754,1246,2072
27.84,1247,2072
28.244,1248,2072
28.339,1249,2072
28.526,1250,2073
28.615,1251,2073
28.62,1252,2073
28.711,1253,2073
28.784,1254,2073
28.795,1255,2073
28.798,1256,2073
28.8,1257,2073
28.808,1258,2073
28.819,1259,2073
28.824,1260,2074
28.83,1261,2074
28.839,1262,2074
28.847,1263,2075
28.862,1264,2075
28.909,1265,2075
28.962,1266,2075
28.971,1267,2075
28.989,1268,2075
29.001,1269,2075
29.049,1270,2075
29.104,1271,2076
29.162,1272,2076
29.187,1273,2076
29.219,1274,2077
29.229,1275,2077
29.261,1276,2077
29.291,1277,2077
29.296,1278,2077
29.321,1279,2078
29.329,1280,2078
29.405,1281,2078
29.427,1282,2079
29.452,1283,2080
29.48,1284,2080
29.526,1285,2080
29.532,1286,2080
29.609,1287,2080
29.622,1288,2080
29.66,1289,2080
29.732,1290,2080
29.786,1291,2080
29.796,1292,2080
29.838,1293,2080
29.86,1294,2080
29.933,1295,2081
29.963,1296,2081
30.199,1297,2081
30.221,1298,2081
30.271,1299,2081
30.279,1300,2082
30.37,1301,2082
30.391,1302,2082
30.682,1303,2084
30.69,1304,2084
30.827,1305,2084
30.887,1306,2084
30.906,1307,2084
30.956,1308,2084
30.966,1309,2084
31.175,1310,2084
31.187,1311,2084
31.219,1312,2084
31.274,1313,2084
31.341,1314,2084
31.478,1315,2084
31.595,1316,2084
31.668,1317,2085
31.93,1318,2085
31.961,1319,2085
32.031,1320,2086
32.033,1321,2086
32.249,1322,2087
32.41,1323,2087
32.476,1324,2087
32.663,1325,2092
32.728,1326,2092
32.818,1327,2092
32.937,1328,2092
33.343,1329,2093
33.472,1330,2096
33.557,1331,2096
33.678,1332,2096
33.8,1333,2096
33.959,1334,2096
34.002,1335,2096
34.172,1336,2096
34.32,1337,2096
34.404,1338,2097
34.879,1339,2097
34.89,1340,2097
35.091,1341,2097
35.121,1342,2098
35.142,1343,2098
35.306,1344,2098
35.601,1345,2098
35.74,1346,2098
35.926,1347,2098
36.074,1348,2098
36.105,1349,2100
36.659,1350,2100
36.707,1351,2100
36.724,1352,2100
36.767,1353,2101
36.784,1354,2103
36.858,1355,2103
36.897,1356,2103
36.937,1357,2103
37.014,1358,2103
37.088,1359,2103
37.301,1360,2103
37.336,1361,2103
37.559,1362,2103
37.821,1363,2103
37.866,1364,2103
38.081,1365,2103
38.189,1366,2103
38.195,1367,2104
38.196,1368,2104
38.285,1369,2104
38.29,1370,2104
38.454,1371,2104
38.534,1372,2104
38.539,1373,2105
38.549,1374,2105
38.603,1375,2105
38.63,1376,2105
38.649,1377,2105
38.676,1378,2105
38.92,1379,2105
39.032,1380,2105
39.143,1381,2106
39.525,1382,2107
39.528,1383,2108
39.807,1384,2108
39.816,1385,2108
39.872,1386,2108
39.944,1387,2108
39.994,1388,2110
40.03,1389,2110
40.059,1390,2110
40.068,1391,2110
40.145,1392,2110
40.154,1393,2110
40.17,1394,2110
40.172,1395,2110
40.211,1396,2111
40.271,1397,2111
40.373,1398,2112
40.427,1399,2113
40.496,1400,2113
40.601,1401,2114
40.615,1402,2114
40.625,1403,2114
40.765,1404,2114
40.772,1405,2114
40.905,1406,2114
41.0,1407,2114
41.317,1408,2115
41.347,1409,2115
41.393,1410,2115
41.482,1411,2130
41.543,1412,2130
41.544,1413,2130
41.552,1414,2135
42.023,1415,2135
42.298,1416,2135
42.335,1417,2135
42.374,1418,2135
42.376,1419,2135
42.457,1420,2135
42.475,1421,2135
42.498,1422,2135
42.626,1423,2135
42.65,1424,2135
42.754,1425,2135
42.932,1426,2135
43.145,1427,2135
43.187,1428,2136
43.554,1429,2136
43.568,1430,2136
44.067,1431,2137
44.1,1432,2137
44.561,1433,2137
44.657,1434,2137
44.667,1435,2137
44.72,1436,2137
44.738,1437,2137
44.788,1438,2137
44.85,1439,2150
44.876,1440,2150
45.042,1441,2150
45.715,1442,2150
45.868,1443,2150
45.884,1444,2150
46.207,1445,2150
46.47,1446,2150
46.534,1447,2150
46.535,1448,2150
46.536,1449,2150
46.707,1450,2150
46.791,1451,2150
47.079,1452,2150
47.339,1453,2150
47.387,1454,2151
47.496,1455,2151
47.591,1456,2151
47.613,1457,2151
47.646,1458,2151
47.681,1459,2151
47.764,1460,2152
48.212,1461,2152
48.781,1462,2153
48.841,1463,2154
48.86,1464,2155
48.865,1465,2156
48.93,1466,2157
48.953,1467,2157
48.973,1468,2158
48.985,1469,2158
49.406,1470,2158
49.411,1471,2158
49.474,1472,2158
49.633,1473,2158
49.638,1474,2158
49.69,1475,2158
49.801,1476,2159
50.621,1477,2160
50.955,1478,2160
50.959,1479,2162
50.964,1480,2165
51.069,1481,2166
51.073,1482,2166
51.088,1483,2166
51.127,1484,2202
51.209,1485,2202
51.244,1486,2254
51.37,1487,2254
51.427,1488,2254
51.598,1489,2254
51.733,1490,2297
51.753,1491,2297
52.74,1492,2297
53.201,1493,2297
53.457,1494,2297
53.468,1495,2297
53.495,1496,2297
53.501,1497,2300
53.528,1498,2300
53.637,1499,2300
53.715,1500,2300
54.049,1501,2301
55.313,1502,2301
55.694,1503,2302
55.741,1504,2302
55.761,1505,2302
55.789,1506,2302
55.8,1507,2302
55.871,1508,2302
56.018,1509,2303
56.104,1510,2303
56.326,1511,2303
56.522,1512,2303
56.568,1513,2303
56.573,1514,2303
56.824,1515,2303
56.844,1516,2305
56.968,1517,2305
57.165,1518,2308
57.166,1519,2308
57.167,1520,2308
57.211,1521,2308
57.249,1522,2308
57.384,1523,2308
57.386,1524,2308
57.69,1525,2309
57.695,1526,2309
57.754,1527,2309
58.024,1528,2309
58.044,1529,2310
58.049,1530,2312
58.094,1531,2313
58.107,1532,2314
58.109,1533,2315
58.152,1534,2320
58.202,1535,2320
58.254,1536,2321
58.267,1537,2321
58.375,1538,2321
58.469,1539,2322
58.634,1540,2323
58.723,1541,2323
58.794,1542,2326
58.829,1543,2326
59.111,1544,2326
59.277,1545,2326
60.449,1546,2326
61.352,1547,2326
61.902,1548,2326
61.908,1549,2327
61.909,1550,2327
61.91,1551,2327
62.061,1552,2327
62.07,1553,2327
62.111,1554,2327
62.133,1555,2327
62.135,1556,2328
62.142,1557,2328
62.15,1558,2328
62.152,1559,2329
62.165,1560,2329
62.205,1561,2329
62.215,1562,2329
62.224,1563,2329
62.274,1564,2329
62.287,1565,2329
62.3,1566,2330
62.436,1567,2330
62.553,1568,2330
62.715,1569,2330
62.735,1570,2330
62.768,1571,2330
62.823,1572,2330
62.937,1573,2330
62.958,1574,2330
63.019,1575,2330
63.081,1576,2331
63.149,1577,2331
63.25,1578,2332
63.375,1579,2356
63.379,1580,2360
63.382,1581,2361
63.388,1582,2370
63.463,1583,2370
63.483,1584,2378
63.486,1585,2383
63.493,1586,2384
63.495,1587,2385
63.5,1588,2386
63.508,1589,2387
63.51,1590,2407
63.513,1591,2408
63.521,1592,2409
63.524,1593,2410
63.529,1594,2412
63.532,1595,2413
63.539,1596,2413
63.55,1597,2414
63.564,1598,2415
63.566,1599,2416
63.569,1600,2417
63.571,1601,2418
63.574,1602,2419
63.584,1603,2419
63.59,1604,2420
63.593,1605,2420
63.602,1606,2426
63.604,1607,2428
63.606,1608,2429
63.64,1609,2429
63.663,1610,2429
63.706,1611,2435
63.708,1612,2437
63.714,1613,2438
63.734,1614,2439
63.781,1615,2439
63.789,1616,2439
63.795,1617,2439
63.803,1618,2441
63.826,1619,2443
63.838,1620,2443
63.847,1621,2443
63.86,1622,2443
63.874,1623,2444
63.886,1624,2444
63.908,1625,2444
63.912,1626,2449
63.953,1627,2449
63.956,1628,2454
63.991,1629,2455
64.019,1630,2455
64.065,1631,2458
64.098,1632,2460
64.123,1633,2464
64.132,1634,2465
64.146,1635,2466
64.15,1636,2467
64.171,1637,2469
64.199,1638,2471
64.207,1639,2471
64.223,1640,2471
64.287,1641,2471
64.389,1642,2473
64.408,1643,2473
64.427,1644,2474
64.478,1645,2475
64.5,1646,2475
64.57,1647,2475
64.612,1648,2476
64.622,1649,2478
64.687,1650,2479
64.696,1651,2480
64.71,1652,2480
64.723,1653,2482
64.73,1654,2483
64.756,1655,2488
64.759,1656,2489
64.773,1657,2489
64.864,1658,2490
65.075,1659,2491
65.126,1660,2491
65.133,1661,2491
65.141,1662,2491
65.247,1663,2492
65.276,1664,2492
65.32,1665,2492
65.382,1666,2493
65.603,1667,2493
65.764,1668,2493
65.881,1669,2493
65.91,1670,2493
65.989,1671,2493
66.149,1672,2493
66.435,1673,2493
66.454,1674,2493
66.466,1675,2493
66.528,1676,2493
66.567,1677,2494
66.583,1678,2494
66.69,1679,2494
66.876,1680,2494
67.181,1681,2494
67.537,1682,2494
67.56,1683,2496
67.57,1684,2496
67.684,1685,2496
67.746,1686,2496
67.79,1687,2496
67.805,1688,2496
67.809,1689,2496
68.135,1690,2496
68.153,1691,2496
68.244,1692,2496
68.301,1693,2496
68.381,1694,2496
68.451,1695,2496
68.538,1696,2496
68.54,1697,2496
68.555,1698,2501
68.596,1699,2501
68.658,1700,2501
68.722,1701,2501
68.77,1702,2501
68.805,1703,2501
68.906,1704,2501
69.104,1705,2501
69.129,1706,2501
69.226,1707,2501
69.235,1708,2501
69.262,1709,2523
69.346,1710,2524
69.392,1711,2524
69.508,1712,2524
69.563,1713,2524
69.6,1714,2524
69.879,1715,2525
69.923,1716,2525
69.977,1717,2525
70.036,1718,2525
70.177,1719,2525
70.264,1720,2525
70.277,1721,2526
70.488,1722,2526
70.551,1723,2527
70.62,1724,2527
70.677,1725,2529
70.943,1726,2529
71.069,1727,2529
71.143,1728,2529
71.317,1729,2529
71.51,1730,2529
71.527,1731,2529
71.534,1732,2529
71.546,1733,2548
71.629,1734,2548
71.645,1735,2548
71.651,1736,2548
71.673,1737,2548
71.733,1738,2548
71.803,1739,2548
72.212,1740,2548
73.522,1741,2548
73.588,1742,2549
73.591,1743,2550
73.592,1744,2550
73.593,1745,2550
73.614,1746,2551
73.621,1747,2551
73.852,1748,2551
73.86,1749,2551
73.892,1750,2551
73.895,1751,2551
73.946,1752,2551
73.948,1753,2552
74.024,1754,2552
74.06,1755,2552
74.102,1756,2552
74.205,1757,2552
74.234,1758,2553
74.273,1759,2553
74.296,1760,2553
74.511,1761,2553
74.56,1762,2553
74.58,1763,2553
74.648,1764,2553
74.733,1765,2553
74.737,1766,2553
74.915,1767,2553
74.978,1768,2557
74.991,1769,2557
75.007,1770,2557
75.046,1771,2557
75.212,1772,2557
75.265,1773,2557
75.56,1774,2558
75.574,1775,2567
75.642,1776,2567
75.857,1777,2567
75.917,1778,2567
76.013,1779,2567
76.023,1780,2568
76.152,1781,2568
76.252,1782,2568
76.364,1783,2568
76.369,1784,2568
77.789,1785,2568
78.04,1786,2568
78.351,1787,2568
78.377,1788,2568
78.617,1789,2568
78.881,1790,2568
79.094,1791,2568
79.225,1792,2568
79.313,1793,2568
79.401,1794,2569
79.678,1795,2569
79.737,1796,2569
79.881,1797,2569
79.921,1798,2569
80.069,1799,2569
80.268,1800,2570
81.364,1801,2570
81.969,1802,2570
82.083,1803,2570
82.379,1804,2570
82.632,1805,2571
83.004,1806,2573
83.034,1807,2575
83.066,1808,2575
83.298,1809,2575
83.355,1810,2575
84.12,1811,2575
84.202,1812,2582
84.21,1813,2582
84.26,1814,2582
84.379,1815,2582
84.744,1816,2582
84.842,1817,2583
84.862,1818,2583
85.254,1819,2583
85.32,1820,2583
85.506,1821,2585
85.51,1822,2586
85.519,1823,2589
85.559,1824,2593
85.576,1825,2613
85.577,1826,2614
85.58,1827,2615
85.582,1828,2617
85.589,1829,2618
85.591,1830,2618
85.607,1831,2618
85.681,1832,2618
85.747,1833,2618
85.759,1834,2621
85.777,1835,2622
85.79,1836,2627
85.798,1837,2627
85.8,1838,2627
85.862,1839,2627
85.867,1840,2627
85.922,1841,2629
85.948,1842,2629
85.964,1843,2629
85.987,1844,2629
86.033,1845,2629
86.064,1846,2629
86.075,1847,2638
86.09,1848,2638
86.12,1849,2640
86.134,1850,2640
86.382,1851,2640
86.477,1852,2640
86.605,1853,2641
86.71,1854,2647
86.787,1855,2648
86.832,1856,2648
86.986,1857,2648
87.091,1858,2649
87.156,1859,2649
87.63,1860,2649
88.943,1861,2649
89.902,1862,2652
90.442,1863,2654
90.511,1864,2660
90.512,1865,2661
90.681,1866,2661
90.682,1867,2661
90.707,1868,2661
90.834,1869,2661
90.862,1870,2661
90.866,1871,2661
90.931,1872,2661
90.987,1873,2661
90.999,1874,2661
91.001,1875,2662
91.058,1876,2662
91.13,1877,2664
91.238,1878,2665
91.34,1879,2665
91.423,1880,2665
91.543,1881,2665
91.547,1882,2666
91.667,1883,2666
91.726,1884,2666
92.094,1885,2666
92.137,1886,2666
92.293,1887,2667
92.293,1888,2667
92.522,1889,2667
92.532,1890,2667
92.56,1891,2667
92.579,1892,2667
92.586,1893,2667
92.706,1894,2669
92.867,1895,2669
93.101,1896,2669
93.108,1897,2669
93.234,1898,2669
93.261,1899,2669
93.36,1900,2669
93.643,1901,2669
93.655,1902,2669
93.889,1903,2669
94.183,1904,2669
94.209,1905,2669
94.458,1906,2669
94.499,1907,2669
94.629,1908,2669
94.657,1909,2669
94.733,1910,2669
95.372,1911,2670
95.421,1912,2673
95.5,1913,2673
95.609,1914,2673
95.627,1915,2673
95.687,1916,2673
95.775,1917,2675
95.943,1918,2676
96.01,1919,2677
96.026,1920,2677
96.187,1921,2679
96.553,1922,2679
96.709,1923,2679
96.95,1924,2679
97.674,1925,2679
97.869,1926,2679
98.087,1927,2680
98.099,1928,2680
98.174,1929,2680
98.205,1930,2680
98.544,1931,2680
98.547,1932,2680
98.55,1933,2680
98.578,1934,2684
98.873,1935,2684
98.9,1936,2684
99.001,1937,2684
99.005,1938,2689
99.058,1939,2689
99.074,1940,2689
99.105,1941,2694
99.142,1942,2694
99.176,1943,2694
99.192,1944,2694
99.47,1945,2694
99.543,1946,2694
99.574,1947,2694
99.608,1948,2694
99.648,1949,2697
99.777,1950,2698
99.854,1951,2698
99.934,1952,2698
100.026,1953,2699
101.183,1954,2699
101.692,1955,2700
101.701,1956,2700
101.704,1957,2700
101.71,1958,2702
101.725,1959,2703
101.806,1960,2703
101.811,1961,2703
101.839,1962,2703
101.876,1963,2703
101.888,1964,2703
101.923,1965,2703
101.939,1966,2703
101.973,1967,2703
102.587,1968,2704
102.641,1969,2704
102.705,1970,2704
102.792,1971,2704
102.796,1972,2705
103.652,1973,2705
103.658,1974,2705
103.659,1975,2705
103.668,1976,2705
103.677,1977,2705
103.684,1978,2705
103.7,1979,2706
103.706,1980,2706
103.717,1981,2706
103.722,1982,2706
103.754,1983,2706
103.8,1984,2706
103.82,1985,2707
103.837,1986,2709
103.858,1987,2710
103.861,1988,2710
103.884,1989,2710
103.885,1990,2710
103.955,1991,2710
103.981,1992,2710
104.021,1993,2710
104.112,1994,2710
104.185,1995,2710
104.305,1996,2710
104.373,1997,2710
104.457,1998,2710
104.55,1999,2710
104.577,2000,2710
104.59,2001,2710
104.726,2002,2710
104.743,2003,2712
104.932,2004,2713
104.956,2005,2713
105.208,2006,2714
105.321,2007,2714
105.59,2008,2714
105.705,2009,2714
106.216,2010,2714
106.268,2011,2714
106.436,2012,2714
106.746,2013,2716
106.971,2014,2716
107.078,2015,2717
107.098,2016,2717
108.137,2017,2717
108.15,2018,2717
108.248,2019,2717
108.262,2020,2717
108.27,2021,2717
108.343,2022,2717
108.354,2023,2717
108.541,2024,2717
108.602,2025,2717
108.738,2026,2717
108.922,2027,2717
108.987,2028,2717
108.996,2029,2717
109.52,2030,2717
109.801,2031,2717
109.915,2032,2717
110.109,2033,2718
110.146,2034,2718
110.379,2035,2718
110.663,2036,2718
110.665,2037,2718
110.668,2038,2718
110.769,2039,2724
110.809,2040,2724
110.824,2041,2725
110.843,2042,2725
110.985,2043,2725
111.124,2044,2725
111.245,2045,2725
111.251,2046,2725
111.565,2047,2725
111.606,2048,2725
111.772,2049,2725
112.402,2050,2725
112.478,2051,2726
112.865,2052,2726
112.982,2053,2726
113.227,2054,2726
113.228,2055,2726
113.23,2056,2726
113.234,2057,2726
113.241,2058,2726
113.332,2059,2726
113.454,2060,2730
113.53,2061,2730
113.543,2062,2730
113.555,2063,2730
113.603,2064,2730
113.613,2065,2730
113.966,2066,2730
114.433,2067,2730
114.435,2068,2730
114.612,2069,2730
114.62,2070,2730
114.624,2071,2732
114.694,2072,2732
114.699,2073,2732
114.751,2074,2732
114.947,2075,2732
115.014,2076,2732
115.13,2077,2732
115.276,2078,2732
115.382,2079,2732
115.417,2080,2732
115.983,2081,2732
116.128,2082,2732
117.598,2083,2732
118.479,2084,2732
118.551,2085,2732
118.605,2086,2732
118.713,2087,2732
118.739,2088,2732
118.785,2089,2732
118.836,2090,2732
118.851,2091,2732
118.879,2092,2732
118.948,2093,2732
118.953,2094,2732
119.149,2095,2732
119.198,2096,2732
119.233,2097,2732
119.375,2098,2733
119.729,2099,2733
119.75,2100,2733
119.833,2101,2733
120.243,2102,2733
120.417,2103,2733
120.778,2104,2733
120.922,2105,2733
120.956,2106,2737
121.038,2107,2737
121.087,2108,2737
121.303,2109,2737
121.498,2110,2737
122.143,2111,2737
122.347,2112,2737
122.522,2113,2737
122.532,2114,2737
123.303,2115,2737
123.395,2116,2737
123.497,2117,2748
123.868,2118,2748
123.872,2119,2748
124.13,2120,2748
124.421,2121,2748
124.436,2122,2755
125.08,2123,2755
125.117,2124,2755
125.162,2125,2755
125.197,2126,2755
125.484,2127,2757
125.631,2128,2757
125.653,2129,2757
126.024,2130,2757
126.037,2131,2757
126.038,2132,2758
126.212,2133,2758
126.728,2134,2758
127.25,2135,2760
127.252,2136,2760
127.441,2137,2760
127.443,2138,2760
127.913,2139,2769
127.955,2140,2770
128.015,2141,2770
128.018,2142,2771
128.019,2143,2772
128.038,2144,2773
128.074,2145,2773
128.09,2146,2773
128.098,2147,2777
128.127,2148,2777
128.132,2149,2778
128.215,2150,2778
128.24,2151,2779
128.275,2152,2779
128.312,2153,2781
128.321,2154,2782
128.362,2155,2782
128.37,2156,2786
128.385,2157,2787
128.437,2158,2787
128.446,2159,2787
128.524,2160,2788
128.6,2161,2789
128.687,2162,2789
128.768,2163,2789
128.867,2164,2790
128.915,2165,2791
129.015,2166,2791
129.161,2167,2791
129.214,2168,2792
129.218,2169,2792
129.402,2170,2793
129.512,2171,2793
129.659,2172,2793
129.676,2173,2793
129.744,2174,2793
129.776,2175,2794
129.869,2176,2794
130.033,2177,2796
130.449,2178,2797
130.638,2179,2797
130.704,2180,2797
130.812,2181,2797
131.038,2182,2797
131.36,2183,2797
131.414,2184,2797
131.588,2185,2797
131.648,2186,2797
131.653,2187,2797
132.054,2188,2797
132.829,2189,2797
132.964,2190,2797
133.084,2191,2797
134.329,2192,2797
134.406,2193,2797
134.763,2194,2797
134.864,2195,2797
134.869,2196,2797
134.986,2197,2797
135.037,2198,2797
135.237,2199,2797
135.445,2200,2797
135.495,2201,2797
135.597,2202,2797
135.696,2203,2797
135.914,2204,2797
135.927,2205,2797
136.168,2206,2797
136.551,2207,2797
136.671,2208,2801
136.88,2209,2801
136.904,2210,2804
137.533,2211,2804
138.801,2212,2804
138.865,2213,2805
138.877,2214,2805
138.961,2215,2805
138.975,2216,2805
139.032,2217,2805
139.293,2218,2805
139.358,2219,2805
139.368,2220,2805
140.683,2221,2805
140.864,2222,2805
141.511,2223,2805
142.533,2224,2805
142.587,2225,2805
142.705,2226,2805
142.741,2227,2805
142.812,2228,2806
142.891,2229,2806
142.94,2230,2806
143.005,2231,2806
143.222,2232,2808
143.365,2233,2808
143.388,2234,2808
143.636,2235,2808
144.149,2236,2808
144.349,2237,2808
144.556,2238,2809
144.792,2239,2810
144.85,2240,2810
146.189,2241,2810
146.799,2242,2815
148.189,2243,2815
148.789,2244,2815
149.007,2245,2815
149.051,2246,2815
149.19,2247,2815
149.572,2248,2815
149.606,2249,2816
149.646,2250,2816
150.123,2251,2819
150.149,2252,2819
151.254,2253,2819
151.29,2254,2819
151.595,2255,2821
151.606,2256,2821
151.612,2257,2821
151.67,2258,2821
151.815,2259,2822
152.246,2260,2822
152.249,2261,2822
152.28,2262,2822
152.43,2263,2822
152.641,2264,2822
152.732,2265,2822
152.801,2266,2822
153.021,2267,2822
153.746,2268,2822
153.959,2269,2822
153.982,2270,2822
154.046,2271,2822
154.058,2272,2822
154.081,2273,2822
154.161,2274,2822
154.86,2275,2822
154.91,2276,2822
155.209,2277,2825
155.333,2278,2825
156.746,2279,2826
157.066,2280,2826
157.069,2281,2826
157.07,2282,2826
157.074,2283,2826
157.08,2284,2826
157.092,2285,2826
157.104,2286,2826
157.114,2287,2826
157.118,2288,2826
157.19,2289,2826
157.251,2290,2826
157.257,2291,2826
157.342,2292,2826
157.362,2293,2826
157.376,2294,2827
157.476,2295,2827
157.57,2296,2828
157.787,2297,2829
158.001,2298,2829
158.024,2299,2829
158.119,2300,2829
158.135,2301,2829
158.31,2302,2829
158.317,2303,2830
158.34,2304,2830
158.385,2305,2830
158.545,2306,2830
158.908,2307,2830
159.433,2308,2830
159.503,2309,2832
159.695,2310,2832
160.149,2311,2832
160.96,2312,2832
160.978,2313,2832
160.987,2314,2832
161.025,2315,2832
161.183,2316,2832
161.43,2317,2832
161.526,2318,2832
161.551,2319,2832
161.832,2320,2832
162.458,2321,2832
163.01,2322,2832
163.432,2323,2832
164.169,2324,2833
164.232,2325,2836
164.466,2326,2836
165.331,2327,2836
165.415,2328,2836
165.813,2329,2836
165.832,2330,2837
165.834,2331,2837
165.839,2332,2837
165.852,2333,2838
165.952,2334,2838
166.175,2335,2838
166.413,2336,2838
166.876,2337,2838
167.427,2338,2838
167.43,2339,2838
167.494,2340,2838
167.508,2341,2839
167.518,2342,2839
167.706,2343,2839
167.951,2344,2839
168.037,2345,2839
168.73,2346,2839
168.796,2347,2839
168.814,2348,2840
168.957,2349,2840
168.968,2350,2840
168.995,2351,2840
169.755,2352,2840
170.436,2353,2840
170.501,2354,2840
170.546,2355,2840
170.609,2356,2840
170.761,2357,2840
173.418,2358,2840
174.796,2359,2840
174.892,2360,2840
174.998,2361,2840
175.047,2362,2840
175.962,2363,2840
176.11,2364,2840
176.14,2365,2840
176.216,2366,2848
176.273,2367,2848
176.297,2368,2848
176.387,2369,2848
176.4,2370,2848
176.601,2371,2848
176.767,2372,2848
176.879,2373,2848
176.944,2374,2848
177.016,2375,2848
177.224,2376,2848
178.11,2377,2848
178.285,2378,2848
178.635,2379,2848
178.684,2380,2848
178.88,2381,2848
178.889,2382,2848
178.899,2383,2848
178.909,2384,2848
178.915,2385,2848
178.967,2386,2848
178.977,2387,2848
179.021,2388,2848
179.04,2389,2848
179.056,2390,2848
179.136,2391,2848
179.222,2392,2848
179.224,2393,2848
179.338,2394,2848
179.41,2395,2848
179.416,2396,2848
179.474,2397,2848
179.543,2398,2848
179.598,2399,2848
179.601,2400,2848
179.767,2401,2848
179.935,2402,2848
179.942,2403,2848
180.009,2404,2848
180.125,2405,2848
181.589,2406,2848
181.728,2407,2848
182.051,2408,2848
182.102,2409,2848
182.201,2410,2848
182.229,2411,2849
182.99,2412,2849
183.134,2413,2849
183.176,2414,2849
183.539,2415,2849
183.541,2416,2849
183.544,2417,2849
183.645,2418,2849
183.668,2419,2849
184.933,2420,2850
184.967,2421,2850
185.113,2422,2850
185.129,2423,2850
185.242,2424,2851
185.319,2425,2851
185.379,2426,2851
185.472,2427,2851
185.72,2428,2851
186.567,2429,2851
186.623,2430,2851
186.639,2431,2851
186.704,2432,2851
186.798,2433,2851
187.683,2434,2851
187.722,2435,2851
188.329,2436,2851
188.568,2437,2851
189.553,2438,2851
189.75,2439,2851
189.967,2440,2851
190.967,2441,2851
190.994,2442,2851
191.001,2443,2851
191.218,2444,2851
191.288,2445,2851
191.338,2446,2851
192.056,2447,2851
193.076,2448,2851
193.16,2449,2852
193.653,2450,2852
193.716,2451,2852
193.746,2452,2852
193.76,2453,2852
193.836,2454,2852
193.846,2455,2852
193.89,2456,2852
193.966,2457,2852
193.977,2458,2852
194.11,2459,2852
194.395,2460,2852
194.417,2461,2853
194.496,2462,2853
194.707,2463,2853
194.774,2464,2853
194.824,2465,2853
194.842,2466,2853
195.357,2467,2853
195.554,2468,2853
196.275,2469,2853
196.276,2470,2853
196.285,2471,2853
196.308,2472,2853
196.988,2473,2853
197.283,2474,2853
197.695,2475,2856
197.702,2476,2856
197.747,2477,2856
197.794,2478,2858
197.827,2479,2858
197.84,2480,2858
197.919,2481,2859
197.938,2482,2859
198.128,2483,2859
198.297,2484,2859
198.413,2485,2859
200.807,2486,2860
201.226,2487,2861
203.653,2488,2862
203.67,2489,2862
203.706,2490,2862
203.79,2491,2862
203.821,2492,2862
204.471,2493,2862
204.748,2494,2862
204.774,2495,2862
206.163,2496,2862
206.516,2497,2862
206.81,2498,2862
207.079,2499,2862
207.101,2500,2862
207.118,2501,2862
207.861,2502,2862
209.251,2503,2862
209.275,2504,2862
209.296,2505,2862
209.727,2506,2862
210.02,2507,2862
210.071,2508,2862
210.132,2509,2862
210.218,2510,2862
210.292,2511,2862
211.26,2512,2862
211.262,2513,2862
211.757,2514,2862
211.809,2515,2862
211.947,2516,2865
212.009,2517,2865
212.079,2518,2865
212.345,2519,2865
214.071,2520,2865
214.303,2521,2865
214.671,2522,2865
214.676,2523,2865
214.747,2524,2865
214.798,2525,2865
215.459,2526,2865
215.482,2527,2865
215.913,2528,2865
216.988,2529,2865
217.067,2530,2865
217.094,2531,2865
218.198,2532,2865
218.257,2533,2865
218.652,2534,2865
219.101,2535,2865
221.757,2536,2865
222.019,2537,2865
222.085,2538,2865
222.164,2539,2865
223.233,2540,2865
224.509,2541,2865
224.649,2542,2866
226.794,2543,2866
226.811,2544,2866
227.025,2545,2866
227.686,2546,2867
229.374,2547,2867
229.438,2548,2867
229.733,2549,2867
229.944,2550,2867
229.996,2551,2867
230.272,2552,2868
230.648,2553,2868
232.315,2554,2868
232.337,2555,2868
232.998,2556,2868
234.156,2557,2868
234.667,2558,2868
235.174,2559,2868
236.506,2560,2868
240.007,2561,2868
240.148,2562,2868
240.206,2563,2868
240.287,2564,2868
240.324,2565,2868
240.454,2566,2868
240.705,2567,2868
240.813,2568,2868
240.901,2569,2868
241.53,2570,2868
242.298,2571,2868
242.596,2572,2868
243.209,2573,2868
247.282,2574,2868
247.296,2575,2868
247.335,2576,2868
247.37,2577,2868
247.385,2578,2868
247.406,2579,2868
247.56,2580,2868
247.977,2581,2868
248.19,2582,2868
248.256,2583,2868
248.534,2584,2868
248.935,2585,2868
250.13,2586,2868
252.545,2587,2868
253.023,2588,2868
253.062,2589,2868
253.147,2590,2869
253.182,2591,2869
253.241,2592,2869
253.295,2593,2869
253.355,2594,2869
253.416,2595,2869
253.445,2596,2869
253.7,2597,2869
253.734,2598,2869
253.858,2599,2869
253.969,2600,2869
254.672,2601,2869
255.077,2602,2869
255.143,2603,2869
255.293,2604,2869
256.725,2605,2869
256.989,2606,2869
258.731,2607,2869
258.889,2608,2869
259.606,2609,2869
260.682,2610,2869
260.883,2611,2869
260.999,2612,2872
262.728,2613,2872
264.001,2614,2872
264.176,2615,2873
265.316,2616,2873
266.241,2617,2873
266.874,2618,2873
267.124,2619,2873
267.823,2620,2873
268.549,2621,2873
268.59,2622,2873
270.108,2623,2873
270.12,2624,2873
270.124,2625,2873
270.134,2626,2873
270.142,2627,2873
270.171,2628,2873
270.205,2629,2873
270.208,2630,2873
270.224,2631,2873
270.241,2632,2873
270.273,2633,2873
270.337,2634,2873
270.413,2635,2873
270.444,2636,2873
270.766,2637,2873
272.074,2638,2873
273.675,2639,2873
275.494,2640,2874
276.308,2641,2874
276.6,2642,2874
278.995,2643,2874
279.849,2644,2874
280.67,2645,2874
280.752,2646,2874
280.756,2647,2874
280.762,2648,2874
280.787,2649,2874
281.052,2650,2874
281.097,2651,2874
281.443,2652,2874
281.686,2653,2874
281.729,2654,2874
282.438,2655,2874
283.687,2656,2874
284.568,2657,2874
284.632,2658,2875
285.201,2659,2875
285.257,2660,2875
285.296,2661,2875
285.308,2662,2875
285.43,2663,2875
285.583,2664,2875
285.592,2665,2875
285.626,2666,2875
285.977,2667,2875
286.375,2668,2875
286.59,2669,2875
286.878,2670,2875
288.103,2671,2875
288.18,2672,2875
288.393,2673,2875
289.745,2674,2875
290.039,2675,2875
291.417,2676,2875
292.442,2677,2875
292.784,2678,2875
293.338,2679,2875
295.08,2680,2875
296.453,2681,2875
296.843,2682,2875
298.582,2683,2875
298.607,2684,2876
300.222,2685,2876
300.452,2686,2876
300.915,2687,2876
300.941,2688,2876
300.948,2689,2876
301.111,2690,2876
302.373,2691,2876
302.607,2692,2876
303.005,2693,2876
303.026,2694,2876
303.223,2695,2876
303.883,2696,2876
303.924,2697,2876
305.063,2698,2876
306.365,2699,2876
307.96,2700,2876
308.28,2701,2876
310.082,2702,2876
310.96,2703,2876
311.511,2704,2876
312.096,2705,2876
312.57,2706,2876
313.017,2707,2876
313.056,2708,2876
313.67,2709,2876
313.873,2710,2876
313.884,2711,2876
315.181,2712,2876
315.195,2713,2876
316.858,2714,2876
317.512,2715,2876
318.124,2716,2876
318.235,2717,2876
320.328,2718,2876
323.267,2719,2876
325.173,2720,2876
327.401,2721,2876
327.633,2722,2876
327.642,2723,2876
327.666,2724,2876
328.212,2725,2876
329.512,2726,2876
330.466,2727,2876
330.517,2728,2876
330.779,2729,2876
330.956,2730,2876
331.436,2731,2886
331.461,2732,2890
331.71,2733,2890
332.005,2734,2891
332.251,2735,2891
335.6,2736,2891
339.792,2737,2891
341.303,2738,2891
341.363,2739,2891
341.642,2740,2891
344.448,2741,2891
344.839,2742,2891
345.635,2743,2891
348.433,2744,2891
354.093,2745,2891
354.119,2746,2891
354.184,2747,2891
354.584,2748,2891
355.114,2749,2891
356.261,2750,2891
356.931,2751,2891
357.382,2752,2891
357.713,2753,2891
359.801,2754,2891
360.562,2755,2891
362.844,2756,2891
368.095,2757,2891
368.173,2758,2891
368.533,2759,2892
368.77,2760,2892
369.239,2761,2892
369.385,2762,2892
372.41,2763,2892
372.453,2764,2892
372.589,2765,2892
373.352,2766,2892
374.45,2767,2892
374.695,2768,2892
375.423,2769,2892
375.708,2770,2892
375.878,2771,2892
375.982,2772,2892
376.579,2773,2892
377.914,2774,2892
378.725,2775,2892
379.227,2776,2892
380.493,2777,2892
380.83,2778,2892
381.698,2779,2892
381.707,2780,2892
383.064,2781,2892
384.458,2782,2892
384.569,2783,2892
384.94,2784,2892
385.13,2785,2892
385.348,2786,2892
385.889,2787,2892
386.046,2788,2892
386.327,2789,2892
386.67,2790,2892
388.135,2791,2892
388.207,2792,2892
388.927,2793,2892
390.252,2794,2892
391.844,2795,2892
401.877,2796,2892
402.203,2797,2892
403.257,2798,2892
403.299,2799,2892
403.427,2800,2892
403.664,2801,2892
403.973,2802,2892
404.191,2803,2892
404.39,2804,2892
404.661,2805,2892
404.812,2806,2892
404.943,2807,2892
405.185,2808,2892
405.524,2809,2892
406.277,2810,2892
407.36,2811,2892
407.588,2812,2892
407.795,2813,2892
408.454,2814,2892
409.588,2815,2892
409.786,2816,2892
409.991,2817,2892
410.936,2818,2892
411.122,2819,2892
413.239,2820,2892
416.15,2821,2892
417.853,2822,2892
421.077,2823,2892
421.85,2824,2892
422.867,2825,2893
424.098,2826,2905
424.29,2827,2905
424.825,2828,2905
424.955,2829,2905
425.916,2830,2905
426.097,2831,2905
427.038,2832,2905
427.465,2833,2905
428.299,2834,2905
430.065,2835,2905
430.066,2836,2905
430.068,2837,2905
430.072,2838,2905
430.884,2839,2905
431.172,2840,2906
431.174,2841,2907
431.229,2842,2907
431.421,2843,2907
431.518,2844,2907
432.831,2845,2907
433.287,2846,2907
433.474,2847,2907
434.056,2848,2907
435.92,2849,2907
437.087,2850,2907
437.159,2851,2907
438.158,2852,2907
438.61,2853,2907
441.191,2854,2907
449.213,2855,2907
451.682,2856,2907
451.919,2857,2907
452.971,2858,2907
455.732,2859,2907
456.23,2860,2907
458.24,2861,2907
458.269,2862,2907
458.404,2863,2907
458.721,2864,2907
458.732,2865,2907
458.902,2866,2907
458.944,2867,2907
459.302,2868,2907
459.666,2869,2907
462.247,2870,2907
463.055,2871,2907
463.958,2872,2907
463.993,2873,2907
464.034,2874,2907
464.069,2875,2907
464.1,2876,2907
464.136,2877,2907
464.171,2878,2907
464.244,2879,2907
464.279,2880,2907
464.398,2881,2907
464.516,2882,2907
464.59,2883,2907
464.661,2884,2907
464.763,2885,2907
464.811,2886,2907
465.026,2887,2907
465.184,2888,2907
465.634,2889,2907
465.721,2890,2907
466.22,2891,2907
466.461,2892,2907
466.921,2893,2907
467.333,2894,2907
467.549,2895,2907
468.455,2896,2907
469.178,2897,2907
470.795,2898,2907
475.47,2899,2907
475.79,2900,2907
479.136,2901,2907
479.783,2902,2907
486.033,2903,2907
492.115,2904,2907
492.306,2905,2907
492.326,2906,2907
492.888,2907,2907
493.963,2908,2907
493.992,2909,2907
494.024,2910,2907
497.526,2911,2907
497.53,2912,2907
501.933,2913,2907
505.073,2914,2907
506.74,2915,2907
506.779,2916,2907
507.226,2917,2907
523.193,2918,2907
524.025,2919,2907
524.388,2920,2907
525.626,2921,2907
526.87,2922,2907
527.584,2923,2907
528.824,2924,2907
534.291,2925,2908
537.798,2926,2908
537.821,2927,2908
537.828,2928,2908
538.185,2929,2908
538.793,2930,2908
539.257,2931,2908
539.961,2932,2908
541.71,2933,2908
546.837,2934,2908
546.855,2935,2908
548.615,2936,2908
550.036,2937,2908
550.059,2938,2908
551.737,2939,2908
554.214,2940,2908
554.728,2941,2908
556.265,2942,2908
556.266,2943,2908
556.327,2944,2908
558.309,2945,2908
558.501,2946,2908
559.203,2947,2908
562.928,2948,2908
565.9,2949,2908
566.323,2950,2908
566.328,2951,2908
567.082,2952,2908
568.192,2953,2908
568.272,2954,2908
568.637,2955,2908
569.203,2956,2908
569.258,2957,2908
569.677,2958,2908
570.155,2959,2908
572.498,2960,2909
573.798,2961,2909
578.28,2962,2909
578.316,2963,2909
578.319,2964,2909
578.322,2965,2909
578.325,2966,2909
579.699,2967,2909
579.732,2968,2909
580.894,2969,2909
582.69,2970,2909
582.948,2971,2909
583.086,2972,2909
590.067,2973,2909
590.352,2974,2910
590.783,2975,2910
590.786,2976,2910
592.301,2977,2910
593.219,2978,2910
594.323,2979,2910
594.9,2980,2910
595.691,2981,2910
595.702,2982,2910
595.855,2983,2910
595.951,2984,2910
595.969,2985,2910
596.195,2986,2910
597.022,2987,2910
597.491,2988,2910
600.441,2989,2910
600.94,2990,2910
601.078,2991,2910
601.35,2992,2910
601.383,2993,2910
601.396,2994,2910
610.19,2995,2910
614.503,2996,2910
614.507,2997,2910
614.61,2998,2910
615.457,2999,2910
615.801,3000,2910
616.065,3001,2910
623.165,3002,2910
626.097,3003,2910
635.906,3004,2910
636.066,3005,2910
644.045,3006,2910
646.244,3007,2910
646.265,3008,2910
646.477,3009,2910
646.785,3010,2910
646.809,3011,2910
646.833,3012,2910
648.487,3013,2910
656.61,3014,2910
657.807,3015,2910
658.917,3016,2910
658.924,3017,2910
659.0,3018,2910
660.182,3019,2910
661.052,3020,2914
662.021,3021,2914
662.068,3022,2914
663.734,3023,2914
665.159,3024,2914
665.269,3025,2914
666.297,3026,2914
666.312,3027,2914
666.339,3028,2914
666.363,3029,2914
666.382,3030,2914
666.413,3031,2914
666.492,3032,2914
666.638,3033,2914
666.659,3034,2914
667.983,3035,2914
668.714,3036,2914
668.777,3037,2914
669.145,3038,2914
670.704,3039,2914
671.239,3040,2914
674.543,3041,2914
679.911,3042,2914
680.083,3043,2914
680.268,3044,2914
681.033,3045,2914
682.579,3046,2914
683.416,3047,2914
691.356,3048,2914
695.157,3049,2914
695.167,3050,2914
696.15,3051,2914
697.622,3052,2914
700.039,3053,2914
702.474,3054,2914
702.561,3055,2914
703.004,3056,2914
703.076,3057,2914
710.135,3058,2914
717.142,3059,2914
725.34,3060,2914
725.342,3061,2914
726.123,3062,2914
731.916,3063,2914
732.253,3064,2914
732.401,3065,2914
732.463,3066,2914
732.945,3067,2914
733.069,3068,2914
733.071,3069,2914
733.266,3070,2914
733.268,3071,2914
733.493,3072,2914
733.678,3073,2914
733.999,3074,2914
734.023,3075,2914
734.053,3076,2914
734.547,3077,2914
734.757,3078,2914
734.843,3079,2914
735.462,3080,2914
735.615,3081,2914
735.929,3082,2914
736.172,3083,2914
736.182,3084,2914
736.379,3085,2914
736.451,3086,2914
736.913,3087,2914
737.746,3088,2914
737.764,3089,2914
738.016,3090,2914
738.083,3091,2914
738.614,3092,2914
738.887,3093,2914
738.898,3094,2914
738.908,3095,2914
738.979,3096,2914
739.241,3097,2914
739.389,3098,2914
740.401,3099,2914
740.526,3100,2914
741.17,3101,2914
741.396,3102,2914
742.564,3103,2914
743.77,3104,2914
744.404,3105,2914
745.632,3106,2914
747.231,3107,2914
747.536,3108,2914
747.766,3109,2914
748.856,3110,2914
751.41,3111,2914
751.942,3112,2914
752.985,3113,2914
754.884,3114,2914
756.411,3115,2914
756.799,3116,2914
757.459,3117,2914
760.292,3118,2914
766.179,3119,2914
768.534,3120,2914
769.943,3121,2914
770.625,3122,2914
771.039,3123,2914
771.188,3124,2914
771.825,3125,2914
772.416,3126,2914
772.843,3127,2914
773.04,3128,2914
774.23,3129,2914
777.72,3130,2914
777.989,3131,2914
779.727,3132,2914
779.855,3133,2914
782.178,3134,2914
783.295,3135,2914
783.724,3136,2914
784.045,3137,2914
784.467,3138,2914
786.921,3139,2914
787.531,3140,2914
787.59,3141,2914
789.338,3142,2914
794.024,3143,2914
794.402,3144,2914
794.426,3145,2914
794.467,3146,2914
794.476,3147,2914
794.673,3148,2914
794.881,3149,2914
794.99,3150,2914
795.179,3151,2914
795.93,3152,2914
797.878,3153,2914
801.589,3154,2914
801.776,3155,2914
801.793,3156,2914
801.847,3157,2914
802.283,3158,2914
802.419,3159,2914
802.479,3160,2914
802.773,3161,2914
802.967,3162,2914
803.145,3163,2914
803.992,3164,2914
804.462,3165,2914
805.333,3166,2914
805.791,3167,2914
806.24,3168,2914
806.859,3169,2914
807.078,3170,2914
809.905,3171,2915
810.397,3172,2915
810.684,3173,2915
811.167,3174,2915
811.441,3175,2915
813.679,3176,2915
815.446,3177,2915
816.829,3178,2915
819.519,3179,2915
821.273,3180,2915
827.974,3181,2915
833.039,3182,2915
833.427,3183,2915
833.601,3184,2915
833.867,3185,2915
835.208,3186,2915
836.392,3187,2915
837.798,3188,2915
839.548,3189,2915
839.936,3190,2915
846.014,3191,2915
858.581,3192,2915
860.117,3193,2915
864.685,3194,2915
867.258,3195,2915
882.303,3196,2915
894.589,3197,2915
897.808,3198,2915
897.955,3199,2915
898.131,3200,2915
898.551,3201,2915
899.18,3202,2915
899.672,3203,2915
900.116,3204,2915
901.079,3205,2915
902.737,3206,2915
914.058,3207,2915
914.326,3208,2915
914.42,3209,2915
914.897,3210,2915
916.039,3211,2915
917.574,3212,2915
917.958,3213,2915
919.989,3214,2915
921.663,3215,2915
922.796,3216,2915
923.369,3217,2915
931.422,3218,2915
934.318,3219,2915
934.442,3220,2915
937.231,3221,2915
937.955,3222,2915
939.488,3223,2915
939.964,3224,2915
942.396,3225,2915
946.708,3226,2915
946.842,3227,2915
949.222,3228,2915
951.074,3229,2915
957.013,3230,2915
959.658,3231,2915
966.32,3232,2915
966.82,3233,2915
967.176,3234,2915
968.015,3235,2915
969.149,3236,2915
969.27,3237,2915
969.695,3238,2916
977.547,3239,2916
977.914,3240,2916
980.265,3241,2916
983.731,3242,2916
983.82,3243,2916
985.87,3244,2916
987.798,3245,2916
997.201,3246,2916
997.551,3247,2916
1001.249,3248,2916
1008.763,3249,2916
1010.267,3250,2916
1010.361,3251,2916
1010.458,3252,2916
1010.499,3253,2916
1017.543,3254,2916
1022.824,3255,2916
1022.952,3256,2916
1023.045,3257,2916
1023.165,3258,2916
1023.433,3259,2916
1023.729,3260,2916
1024.195,3261,2916
1024.282,3262,2916
1026.501,3263,2916
1027.061,3264,2916
1027.522,3265,2916
1027.879,3266,2916
1028.001,3267,2916
1028.121,3268,2916
1028.607,3269,2916
1029.279,3270,2916
1031.916,3271,2916
1034.72,3272,2916
1041.616,3273,2916
1042.69,3274,2916
1045.686,3275,2916
1049.54,3276,2916
1052.375,3277,2916
1052.585,3278,2916
1055.263,3279,2916
1055.527,3280,2916
1058.321,3281,2916
1058.331,3282,2916
1058.54,3283,2916
1061.336,3284,2916
1061.394,3285,2916
1062.304,3286,2916
1062.826,3287,2916
1063.068,3288,2916
1072.393,3289,2916
1075.927,3290,2916
1079.146,3291,2916
1082.935,3292,2916
1083.556,3293,2916
1090.939,3294,2916
1091.261,3295,2916
1091.408,3296,2916
1091.704,3297,2916
1095.697,3298,2916
1096.446,3299,2916
1096.454,3300,2916
1096.458,3301,2916
1096.468,3302,2916
1096.563,3303,2916
1096.624,3304,2916
1096.693,3305,2916
1096.975,3306,2916
1097.124,3307,2916
1097.162,3308,2916
1097.283,3309,2916
1097.288,3310,2916
1097.293,3311,2917
1097.466,3312,2917
1097.525,3313,2917
1098.063,3314,2917
1106.017,3315,2917
1106.431,3316,2917
1108.143,3317,2917
1108.477,3318,2917
1108.523,3319,2917
1108.656,3320,2917
1112.388,3321,2917
1112.564,3322,2917
1115.552,3323,2917
1116.406,3324,2917
1117.217,3325,2917
1118.258,3326,2917
1118.328,3327,2917
1118.587,3328,2917
1118.64,3329,2917
1119.251,3330,2917
1119.629,3331,2917
1119.647,3332,2917
1120.099,3333,2917
1123.767,3334,2917
1124.421,3335,2917
1125.893,3336,2917
1126.249,3337,2917
1127.37,3338,2917
1128.011,3339,2917
1128.036,3340,2917
1128.478,3341,2917
1128.537,3342,2917
1136.777,3343,2917
1136.844,3344,2917
1139.056,3345,2917
1139.803,3346,2917
1155.547,3347,2917
1155.637,3348,2917
1155.81,3349,2917
1162.721,3350,2917
1164.899,3351,2917
1165.384,3352,2917
1167.5,3353,2917
1169.83,3354,2917
1196.758,3355,2917
1206.235,3356,2917
1214.153,3357,2917
1215.117,3358,2917
1215.495,3359,2917
1215.656,3360,2917
1216.956,3361,2917
1229.661,3362,2917
1229.667,3363,2917
1229.886,3364,2917
1230.433,3365,2917
1233.554,3366,2917
1233.668,3367,2917
1233.865,3368,2917
1242.689,3369,2917
1243.546,3370,2917
1245.447,3371,2917
1246.107,3372,2917
1253.083,3373,2917
1257.56,3374,2917
1258.625,3375,2917
1258.733,3376,2917
1259.073,3377,2917
1261.255,3378,2917
1274.73,3379,2917
1302.091,3380,2917
1314.44,3381,2917
1319.21,3382,2917
1319.252,3383,2917
1319.864,3384,2917
1320.0,3385,2917
1320.214,3386,2917
1320.664,3387,2917
1325.759,3388,2917
1325.938,3389,2917
1328.962,3390,2917
1328.966,3391,2917
1328.99,3392,2917
1329.04,3393,2917
1330.35,3394,2917
1330.383,3395,2917
1330.644,3396,2917
1330.934,3397,2917
1332.103,3398,2917
1332.168,3399,2917
1336.007,3400,2917
1336.023,3401,2917
1336.195,3402,2917
1336.304,3403,2917
1344.216,3404,2917
1344.239,3405,2917
1344.995,3406,2917
1349.191,3407,2917
1349.378,3408,2917
1354.721,3409,2917
1355.319,3410,2917
1355.948,3411,2917
1355.962,3412,2917
1356.562,3413,2917
1357.294,3414,2917
1361.142,3415,2917
1363.973,3416,2917
1368.487,3417,2917
1368.523,3418,2917
1368.658,3419,2917
1368.666,3420,2917
1368.703,3421,2917
1369.754,3422,2917
1369.84,3423,2917
1370.571,3424,2917
1371.259,3425,2917
1371.65,3426,2917
1371.774,3427,2917
1371.888,3428,2918
1371.918,3429,2918
1378.529,3430,2918
1383.809,3431,2918
1391.306,3432,2918
1391.311,3433,2918
1392.573,3434,2919
1395.148,3435,2919
1398.319,3436,2919
1398.645,3437,2919
1398.724,3438,2919
1398.788,3439,2919
1399.037,3440,2919
1399.96,3441,2919
1400.243,3442,2919
1408.97,3443,2919
1409.428,3444,2919
1410.315,3445,2919
1428.179,3446,2919
1428.238,3447,2919
1428.783,3448,2919
1437.047,3449,2919
1437.661,3450,2919
1438.631,3451,2919
1438.74,3452,2919
1438.988,3453,2919
1439.311,3454,2919
1439.936,3455,2919
1440.452,3456,2919
1443.545,3457,2919
1458.741,3458,2919
1468.279,3459,2919
1474.559,3460,2919
1474.632,3461,2919
1474.67,3462,2919
1474.689,3463,2919
1474.769,3464,2919
1474.955,3465,2919
1474.989,3466,2919
1479.571,3467,2919
1495.839,3468,2919
1496.186,3469,2919
1496.361,3470,2919
1496.484,3471,2919
1497.354,3472,2919
1498.269,3473,2919
1502.086,3474,2919
1507.055,3475,2919
1511.34,3476,2919
1518.532,3477,2919
1519.676,3478,2919
1526.649,3479,2919
1526.729,3480,2919
1526.926,3481,2919
1535.038,3482,2919
1535.318,3483,2919
1543.089,3484,2919
1543.186,3485,2919
1543.401,3486,2919
1545.106,3487,2919
1546.655,3488,2919
1549.714,3489,2919
1554.539,3490,2919
1555.6,3491,2919
1564.517,3492,2919
1566.942,3493,2919
1567.478,3494,2919
1578.298,3495,2919
1586.185,3496,2919
1591.084,3497,2919
1591.115,3498,2919
1591.12,3499,2919
1591.123,3500,2919
1591.145,3501,2919
1591.165,3502,2919
1591.292,3503,2919
1592.163,3504,2919
1607.119,3505,2919
1621.291,3506,2919
1623.047,3507,2919
1629.184,3508,2919
1643.112,3509,2919
1644.257,3510,2919
1644.544,3511,2919
1644.722,3512,2919
1645.669,3513,2919
1651.211,3514,2919
1651.631,3515,2919
1652.556,3516,2919
1653.217,3517,2919
1653.901,3518,2919
1654.329,3519,2919
1658.994,3520,2919
1661.602,3521,2919
1665.341,3522,2919
1672.048,3523,2919
1672.846,3524,2919
1676.858,3525,2919
1692.419,3526,2919
1697.815,3527,2919
1698.762,3528,2919
1707.595,3529,2919
1716.935,3530,2919
1718.055,3531,2919
1718.408,3532,2919
1718.499,3533,2919
1718.795,3534,2919
1719.015,3535,2919
1719.536,3536,2919
1719.993,3537,2919
1720.053,3538,2919
1722.195,3539,2919
1725.353,3540,2919
1725.93,3541,2919
1734.998,3542,2919
1735.195,3543,2919
1740.049,3544,2919
1740.203,3545,2919
1740.378,3546,2919
1740.558,3547,2919
1741.213,3548,2919
1741.617,3549,2919
1742.921,3550,2919
1744.111,3551,2919
1755.286,3552,2919
1759.937,3553,2920
1765.195,3554,2920
1766.281,3555,2920
1780.414,3556,2920
1780.582,3557,2920
1788.485,3558,2920
1788.515,3559,2920
1825.27,3560,2920
1827.928,3561,2920
1829.819,3562,2920
1833.214,3563,2920
1833.417,3564,2920
1837.336,3565,2920
1848.241,3566,2920
1851.779,3567,2920
1852.569,3568,2920
1852.803,3569,2920
1854.462,3570,2920
1860.565,3571,2920
1862.515,3572,2920
1871.433,3573,2920
1872.138,3574,2920
1874.315,3575,2920
1874.328,3576,2920
1874.432,3577,2920
1875.656,3578,2920
1884.655,3579,2920
1885.423,3580,2920
1892.79,3581,2920
1895.63,3582,2920
1918.443,3583,2920
1921.738,3584,2920
1931.66,3585,2920
1931.749,3586,2920
1933.205,3587,2920
1940.68,3588,2920
1960.49,3589,2920
1965.907,3590,2920
1999.6,3591,2920
2000.199,3592,2921
2000.993,3593,2921
2001.624,3594,2921
2002.138,3595,2921
2028.118,3596,2921
2028.226,3597,2921
2028.34,3598,2921
2028.59,3599,2921
2028.848,3600,2921
2029.086,3601,2921
2032.942,3602,2921
2036.973,3603,2921
2036.991,3604,2921
2037.105,3605,2938
2037.77,3606,2938
2038.225,3607,2938
2038.594,3608,2939
2040.647,3609,2939
2040.661,3610,2939
2040.748,3611,2939
2040.783,3612,2939
2040.803,3613,2943
2040.823,3614,2944
2041.367,3615,2944
2041.691,3616,2944
2042.027,3617,2947
2042.405,3618,2947
2043.185,3619,2947
2043.34,3620,2947
2043.786,3621,2949
2045.085,3622,2949
2045.248,3623,2950
2046.476,3624,2950
2049.67,3625,2950
2049.692,3626,2950
2062.142,3627,2950
2062.425,3628,2950
2062.737,3629,2950
2063.051,3630,2950
2064.917,3631,2950
2064.968,3632,2955
2065.066,3633,2955
2065.165,3634,2955
2065.191,3635,2958
2065.396,3636,2958
2065.99,3637,2958
2066.859,3638,2960
2066.891,3639,2963
2069.812,3640,2972
2070.379,3641,2972
2070.7,3642,2973
2071.255,3643,2973
2072.437,3644,2973
2074.774,3645,2976
2075.917,3646,2977
2076.865,3647,2978
2081.511,3648,2978
2081.613,3649,2978
2083.225,3650,2978
2083.446,3651,2978
2084.724,3652,2978
2091.41,3653,2978
2092.887,3654,2979
2092.968,3655,2979
2093.197,3656,2979
2094.599,3657,2979
2094.856,3658,2979
2095.637,3659,2979
2095.65,3660,2979
2095.695,3661,2979
2095.795,3662,2979
2096.01,3663,2979
2097.708,3664,2979
2100.633,3665,2979
2102.644,3666,2979
2102.777,3667,2979
2103.025,3668,2979
2104.202,3669,2979
2106.15,3670,2979
2110.521,3671,2979
2111.668,3672,2979
2132.555,3673,2979
2132.74,3674,2979
2135.044,3675,2979
2136.215,3676,2979
2153.364,3677,2979
2153.525,3678,2979
2154.015,3679,2979
2163.173,3680,2979
2163.232,3681,2979
2163.268,3682,2979
2163.367,3683,2979
2165.231,3684,2979
2165.761,3685,2979
2166.347,3686,2979
2166.602,3687,2983
2168.169,3688,2983
2168.189,3689,2983
2168.213,3690,2984
2168.234,3691,2984
2168.259,3692,2984
2168.27,3693,2984
2168.28,3694,2984
2168.306,3695,2984
2168.436,3696,2984
2168.679,3697,2984
2169.771,3698,2984
2170.129,3699,2985
2170.365,3700,2985
2170.717,3701,2985
2173.52,3702,2985
2177.796,3703,2985
2177.806,3704,2985
2177.83,3705,2985
2177.911,3706,2985
2177.977,3707,2985
2178.824,3708,2985
2179.845,3709,2985
2180.212,3710,2985
2180.244,3711,2985
2180.512,3712,2985
2183.394,3713,2985
2193.26,3714,2985
2208.587,3715,2985
2208.959,3716,2985
2214.426,3717,2985
2226.037,3718,2985
2226.401,3719,2985
2230.849,3720,2985
2260.834,3721,2985
2289.588,3722,2985
2292.915,3723,2985
2300.688,3724,2985
2300.796,3725,2985
2302.123,3726,2985
2303.006,3727,2985
2303.128,3728,2985
2303.221,3729,2985
2303.369,3730,2985
2305.279,3731,2985
2306.18,3732,2985
2309.426,3733,2985
2318.641,3734,2985
2327.387,3735,2985
2331.405,3736,2985
2351.454,3737,2985
2354.76,3738,2985
2354.8,3739,2985
2371.242,3740,2985
2371.96,3741,2985
2372.11,3742,2985
2373.518,3743,2985
2397.737,3744,2985
2423.602,3745,2985
2444.004,3746,2985
2447.423,3747,2985
2463.245,3748,2985
2468.379,3749,2985
2468.953,3750,2985
2469.1,3751,2985
2470.723,3752,2985
2472.886,3753,2985
2473.976,3754,2985
2476.214,3755,2985
2479.159,3756,2985
2503.913,3757,2985
2510.799,3758,2985
2511.055,3759,2985
2511.765,3760,2985
2515.999,3761,2985
2516.059,3762,2985
2520.663,3763,2985
2521.847,3764,2985
2523.979,3765,2985
2524.327,3766,2985
2525.876,3767,2985
2530.991,3768,2985
2541.966,3769,2985
2553.65,3770,2985
2554.78,3771,2985
2554.809,3772,2985
2555.82,3773,2985
2558.9,3774,2985
2562.052,3775,2985
2567.327,3776,2985
2573.654,3777,2985
2579.619,3778,2985
2580.868,3779,2985
2587.352,3780,2985
2603.537,3781,2985
2603.665,3782,2985
2603.981,3783,2985
2612.695,3784,2985
2621.986,3785,2985
2665.846,3786,2985
2683.944,3787,2985
2691.183,3788,2985
2692.491,3789,2985
2694.161,3790,2985
2696.039,3791,2985
2716.163,3792,2985
2716.769,3793,2985
2718.538,3794,2985
2728.866,3795,2985
2741.014,3796,2985
2743.806,3797,2985
2747.296,3798,2985
2747.441,3799,2985
2747.491,3800,2985
2750.58,3801,2985
2761.823,3802,2985
2761.83,3803,2985
2761.846,3804,2985
2761.863,3805,2985
2761.956,3806,2985
2762.13,3807,2985
2762.338,3808,2985
2762.485,3809,2985
2762.795,3810,2985
2762.903,3811,2985
2762.924,3812,2985
2763.032,3813,2985
2763.538,3814,2985
2763.868,3815,2985
2768.187,3816,2985
2768.393,3817,2985
2770.935,3818,2985
2771.243,3819,2985
2774.651,3820,2985
2775.659,3821,2985
2789.052,3822,2985
2802.961,3823,2985
2807.279,3824,2985
2811.333,3825,2985
2811.348,3826,2985
2811.367,3827,2985
2812.219,3828,2985
2813.046,3829,2985
2813.345,3830,2985
2844.548,3831,2985
2857.469,3832,2985
2857.522,3833,2985
2876.319,3834,2985
2892.579,3835,2985
2899.0,3836,2985
2899.022,3837,2985
2899.08,3838,2985
2899.104,3839,2985
2899.384,3840,2985
2900.007,3841,2986
2900.22,3842,2986
2900.221,3843,2986
2901.043,3844,2986
2901.116,3845,2986
2907.528,3846,2986
2925.608,3847,2986
2967.736,3848,2986
2967.761,3849,2986
2968.057,3850,2986
2972.0,3851,2986
2975.283,3852,2986
2986.969,3853,2986
2991.146,3854,2986
2991.172,3855,2986
3001.149,3856,2986
3004.518,3857,2986
3011.126,3858,2986
3011.753,3859,2986
3017.191,3860,2986
3017.244,3861,2986
3029.204,3862,2986
3036.554,3863,2986
3071.057,3864,2986
3071.165,3865,2986
3086.85,3866,2986
3086.943,3867,2986
3092.088,3868,2986
3097.795,3869,2986
3107.85,3870,2986
3107.945,3871,2986
3108.244,3872,2986
3127.805,3873,2986
3127.831,3874,2986
3131.452,3875,2986
3142.218,3876,2986
3143.075,3877,2986
3144.131,3878,2986
3151.199,3879,2987
3151.381,3880,2987
3160.661,3881,2987
3181.48,3882,2987
3181.783,3883,2987
3186.142,3884,2987
3186.152,3885,2987
3186.205,3886,2987
3197.428,3887,2987
3197.437,3888,2987
3198.433,3889,2987
3198.795,3890,2987
3200.702,3891,2987
3206.166,3892,2987
3206.2,3893,2987
3206.473,3894,2987
3206.505,3895,2987
3207.258,3896,2987
3207.569,3897,2987
3209.331,3898,2987
3220.95,3899,2987
3236.669,3900,2987
3236.747,3901,2987
3237.138,3902,2987
3247.784,3903,2987
3253.838,3904,2987
3266.756,3905,2987
3267.364,3906,2987
3267.486,3907,2987
3267.557,3908,2987
3270.071,3909,2987
3277.406,3910,2987
3285.174,3911,2987
3289.292,3912,2987
3290.609,3913,2987
3299.458,3914,2987
3300.795,3915,2987
3300.822,3916,2987
3300.853,3917,2987
3300.908,3918,2987
3323.677,3919,2987
3344.064,3920,2987
3345.801,3921,2988
3346.585,3922,2989
3346.677,3923,2989
3346.747,3924,2989
3347.056,3925,2989
3347.245,3926,2990
3347.952,3927,2990
3348.04,3928,2990
3382.374,3929,2990
3383.132,3930,2990
3383.26,3931,2990
3383.287,3932,2990
3383.332,3933,2990
3383.375,3934,2990
3383.442,3935,2990
3383.544,3936,2990
3383.699,3937,2990
3386.022,3938,2990
3388.708,3939,2990
3389.472,3940,2990
3392.355,3941,2990
3408.22,3942,2990
3416.713,3943,2990
3424.884,3944,2990
3425.038,3945,2990
3439.495,3946,2990
3439.939,3947,2990
3470.351,3948,2990
3478.205,3949,2990
3478.271,3950,2990
3502.931,3951,2990
3516.728,3952,2990
3517.917,3953,2990
3538.787,3954,2990
3538.814,3955,2990
3538.935,3956,2990
3539.136,3957,2990
3539.506,3958,2990
3539.87,3959,2990
3553.849,3960,2990
3553.859,3961,2990
3553.977,3962,2990
3577.075,3963,2990
3577.252,3964,2990
3580.953,3965,2990
3597.427,3966,2990
3651.232,3967,2990
3651.633,3968,2990
3668.583,3969,2990
3668.883,3970,2990
3669.273,3971,2990
3672.436,3972,2990
3674.828,3973,2990
3679.808,3974,2990
3687.512,3975,2990
3718.023,3976,2990
3720.803,3977,2990
3727.903,3978,2990
3727.943,3979,2990
3728.328,3980,2990
3728.41,3981,2990
3774.448,3982,2990
3792.883,3983,2990
3793.047,3984,2990
3803.698,3985,2990
3803.95,3986,2990
3806.163,3987,2990
3807.044,3988,2990
3807.135,3989,2993
3816.423,3990,2993
3817.79,3991,2993
3828.714,3992,2993
3831.023,3993,2993
3831.026,3994,2993
3831.039,3995,2993
3831.457,3996,2993
3831.577,3997,2993
3831.803,3998,2993
3832.898,3999,2993
3833.407,4000,2993
3833.46,4001,2993
3834.752,4002,2993
3834.794,4003,2993
3835.124,4004,2993
3837.187,4005,2993
3837.188,4006,2993
3837.324,4007,2993
3842.222,4008,2993
3842.443,4009,2993
3883.477,4010,2993
3915.597,4011,2993
3967.572,4012,2993
3982.923,4013,2993
3986.766,4014,2993
3986.802,4015,2993
3986.859,4016,2993
3987.209,4017,2993
3987.737,4018,2993
3988.412,4019,2993
3989.085,4020,2993
3999.531,4021,2993
4014.312,4022,2993
4014.347,4023,2993
4049.302,4024,2993
4049.388,4025,2993
4052.442,4026,2993
4053.454,4027,2993
4055.256,4028,2993
4060.773,4029,2993
4073.853,4030,2994
4074.226,4031,2994
4074.372,4032,2994
4074.721,4033,2994
4091.059,4034,2994
4097.033,4035,2994
4098.695,4036,2994
4111.704,4037,2994
4189.289,4038,2994
4192.769,4039,2994
4199.8,4040,2994
4215.677,4041,2994
4216.031,4042,2994
4240.477,4043,2994
4261.562,4044,2994
4273.118,4045,2994
4282.479,4046,2994
4284.343,4047,2994
4284.353,4048,2994
4330.857,4049,2994
4333.631,4050,2994
4335.034,4051,2994
4381.93,4052,2994
4385.35,4053,2994
4389.244,4054,2994
4389.256,4055,2994
4406.582,4056,2994
4408.08,4057,2994
4410.994,4058,2994
4434.003,4059,2994
4435.748,4060,2994
4439.145,4061,2994
4451.686,4062,2994
4483.271,4063,2994
4483.691,4064,2994
4488.187,4065,2994
4491.906,4066,2994
4492.545,4067,2994
4492.567,4068,2994
4492.699,4069,2994
4500.485,4070,2999
4503.655,4071,3000
4503.712,4072,3001
4523.436,4073,3001
4524.53,4074,3001
4524.586,4075,3001
4540.886,4076,3001
4551.414,4077,3001
4561.479,4078,3001
4566.706,4079,3001
4566.732,4080,3001
4566.755,4081,3001
4566.819,4082,3001
4566.841,4083,3001
4566.929,4084,3001
4566.996,4085,3001
4568.478,4086,3001
4609.548,4087,3001
4614.435,4088,3001
4620.535,4089,3001
4621.239,4090,3001
4621.261,4091,3002
4627.785,4092,3002
4629.061,4093,3002
4631.599,4094,3002
4639.244,4095,3002
4641.695,4096,3002
4653.078,4097,3002
4706.224,4098,3002
4709.313,4099,3002
4710.558,4100,3002
4741.338,4101,3002
4769.989,4102,3002
4771.178,4103,3002
4771.18,4104,3002
4771.227,4105,3002
4771.603,4106,3002
4771.804,4107,3002
4780.292,4108,3002
4803.426,4109,3002
4803.598,4110,3007
4806.897,4111,3007
4806.999,4112,3007
4807.412,4113,3007
4807.493,4114,3007
4807.985,4115,3007
4808.672,4116,3007
4815.239,4117,3007
4865.625,4118,3007
4867.94,4119,3007
4875.153,4120,3007
4884.82,4121,3007
4922.404,4122,3007
4923.165,4123,3007
4937.435,4124,3007
4938.525,4125,3007
4938.587,4126,3007
4943.762,4127,3007
4947.464,4128,3008
4953.71,4129,3008
4975.216,4130,3008
4975.221,4131,3008
4983.165,4132,3008
4983.348,4133,3008
4993.868,4134,3008
5010.185,4135,3008
5010.408,4136,3008
5025.358,4137,3008
5054.86,4138,3008
5054.886,4139,3008
5054.906,4140,3008
5055.007,4141,3008
5055.095,4142,3008
5055.819,4143,3008
5057.248,4144,3008
5057.372,4145,3008
5062.29,4146,3008
5094.932,4147,3008
5095.542,4148,3008
5095.631,4149,3010
5095.682,4150,3010
5095.884,4151,3010
5095.986,4152,3010
5125.305,4153,3010
5125.364,4154,3010
5125.59,4155,3010
5126.825,4156,3010
5141.201,4157,3010
5143.09,4158,3010
5143.996,4159,3010
5152.294,4160,3010
5158.872,4161,3010
5160.212,4162,3010
5160.406,4163,3010
5186.202,4164,3011
5193.405,4165,3011
5202.808,4166,3011
5204.018,4167,3011
5226.958,4168,3011
5227.487,4169,3011
5234.291,4170,3011
5234.493,4171,3011
5234.507,4172,3011
5240.653,4173,3011
5252.706,4174,3011
5305.991,4175,3011
5311.336,4176,3011
5311.442,4177,3011
5320.868,4178,3011
5369.888,4179,3011
5374.572,4180,3011
5385.048,4181,3011
5385.214,4182,3011
5409.471,4183,3017
5409.543,4184,3029
5409.588,4185,3029
5409.759,4186,3030
5410.155,4187,3030
5410.325,4188,3030
5410.529,4189,3030
5410.612,4190,3030
5410.801,4191,3030
5411.233,4192,3030
5411.252,4193,3030
5412.151,4194,3030
5412.393,4195,3030
5412.51,4196,3032
5412.867,4197,3032
5413.308,4198,3032
5413.867,4199,3032
5413.975,4200,3032
5417.244,4201,3032
5424.529,4202,3032
5434.109,4203,3032
5434.168,4204,3032
5434.202,4205,3032
5434.276,4206,3032
5434.329,4207,3032
5434.384,4208,3032
5434.415,4209,3032
5434.427,4210,3034
5434.523,4211,3034
5434.669,4212,3034
5434.704,4213,3034
5434.735,4214,3034
5434.803,4215,3034
5434.83,4216,3034
5435.14,4217,3034
5435.311,4218,3034
5435.794,4219,3034
5436.983,4220,3034
5438.279,4221,3034
5438.582,4222,3034
5438.673,4223,3034
5441.865,4224,3034
5441.943,4225,3035
5443.619,4226,3035
5445.125,4227,3035
5446.986,4228,3036
5449.269,4229,3042
5449.791,4230,3042
5458.18,4231,3042
5458.885,4232,3042
5459.161,4233,3042
5460.163,4234,3043
5460.823,4235,3043
5463.375,4236,3043
5464.215,4237,3043
5465.246,4238,3043
5466.814,4239,3043
5469.669,4240,3043
5472.291,4241,3045
5484.567,4242,3045
5489.349,4243,3045
5489.588,4244,3045
5489.994,4245,3049
5490.17,4246,3050
5490.476,4247,3050
5492.303,4248,3050
5493.543,4249,3050
5496.545,4250,3050
5501.58,4251,3050
5507.85,4252,3050
5508.471,4253,3050
5509.454,4254,3050
5513.908,4255,3052
5527.048,4256,3052
5529.372,4257,3052
5529.584,4258,3052
5529.799,4259,3052
5529.911,4260,3052
5530.082,4261,3053
5530.269,4262,3053
5530.373,4263,3053
5530.566,4264,3053
5547.029,4265,3057
5549.68,4266,3057
5557.084,4267,3057
5569.101,4268,3059
5581.808,4269,3059
5609.905,4270,3060
5610.005,4271,3060
5617.523,4272,3060
5653.336,4273,3061
5653.43,4274,3061
5671.206,4275,3061
5671.433,4276,3061
5672.745,4277,3061
5673.241,4278,3061
5673.764,4279,3061
5674.642,4280,3061
5676.446,4281,3061
5680.495,4282,3061
5681.152,4283,3061
5681.883,4284,3061
5683.308,4285,3063
5689.285,4286,3063
5695.632,4287,3065
5698.273,4288,3065
5702.794,4289,3065
5703.446,4290,3065
5715.499,4291,3066
5715.776,4292,3066
5730.28,4293,3068
5755.064,4294,3068
5755.308,4295,3068
5769.052,4296,3068
6148.347,4297,3070
6148.959,4298,3070
6180.847,4299,3070
6251.081,4300,3070
6273.721,4301,3070
6289.614,4302,3070
6332.476,4303,3070
6332.933,4304,3070
6353.985,4305,3070
6359.053,4306,3070
6362.349,4307,3070
6449.739,4308,3070
6450.393,4309,3070
6455.307,4310,3070
6456.63,4311,3070
6456.672,4312,3070
6481.577,4313,3072
6507.876,4314,3072
6508.169,4315,3072
6524.5,4316,3072
6524.733,4317,3072
6525.459,4318,3072
6526.281,4319,3072
6526.74,4320,3072
6527.944,4321,3072
6528.898,4322,3072
6530.727,4323,3074
6534.734,4324,3074
6538.203,4325,3074
6540.728,4326,3074
6544.596,4327,3074
6544.851,4328,3074
6547.455,4329,3074
6547.775,4330,3075
6551.731,4331,3075
6554.612,4332,3075
6556.035,4333,3075
6557.134,4334,3075
6571.345,4335,3075
6572.223,4336,3075
6572.966,4337,3075
6578.882,4338,3075
6581.015,4339,3075
6584.753,4340,3075
6741.426,4341,3075
6788.216,4342,3075
6788.331,4343,3075
6790.698,4344,3075
6792.539,4345,3075
6797.933,4346,3075
6804.146,4347,3075
6814.826,4348,3075
6831.389,4349,3075
6839.001,4350,3075
6871.293,4351,3075
6882.479,4352,3075
6887.337,4353,3075
6894.181,4354,3075
6903.362,4355,3075
7013.792,4356,3075
7017.527,4357,3075
7059.922,4358,3075
7060.571,4359,3075
7098.983,4360,3075
7102.755,4361,3075
7111.12,4362,3075
7112.986,4363,3075
7137.462,4364,3077
7138.815,4365,3077
7143.229,4366,3077
7187.009,4367,3078
7204.123,4368,3078
7204.41,4369,3078
7204.796,4370,3078
7204.985,4371,3078
7205.539,4372,3078
7205.78,4373,3078
7208.946,4374,3078
7227.926,4375,3078
7246.89,4376,3080
7247.082,4377,3081
7250.691,4378,3081
7290.328,4379,3081
7294.399,4380,3081
7328.89,4381,3081
7354.417,4382,3081
7354.455,4383,3081
7354.817,4384,3081
7359.333,4385,3081
7359.445,4386,3081
7359.525,4387,3081
7359.569,4388,3081
7359.697,4389,3081
7360.786,4390,3081
7362.122,4391,3081
7363.348,4392,3081
7364.415,4393,3081
7367.885,4394,3081
7370.095,4395,3081
7398.583,4396,3081
7402.633,4397,3081
7402.669,4398,3081
7403.853,4399,3081
7404.525,4400,3081
7404.633,4401,3081
7405.466,4402,3081
7406.03,4403,3081
7408.426,4404,3081
7437.228,4405,3081
7437.28,4406,3081
7476.237,4407,3081
7481.074,4408,3081
7484.314,4409,3081
7486.893,4410,3081
7506.729,4411,3081
7527.486,4412,3081
7543.97,4413,3081
7545.896,4414,3081
7581.698,4415,3081
7594.89,4416,3081
7603.325,4417,3081
7622.591,4418,3081
7655.012,4419,3081
7657.032,4420,3081
7657.234,4421,3081
7657.484,4422,3081
7658.802,4423,3081
7659.358,4424,3081
7664.734,4425,3081
7666.26,4426,3081
7667.235,4427,3081
7668.87,4428,3081
7708.705,4429,3081
7709.92,4430,3081
7711.612,4431,3081
7724.716,4432,3081
7731.148,4433,3081
7731.541,4434,3081
7739.915,4435,3081
7740.078,4436,3082
7809.213,4437,3082
7811.447,4438,3082
7813.221,4439,3082
7813.92,4440,3082
7823.593,4441,3082
7878.207,4442,3082
7945.616,4443,3082
7997.993,4444,3082
8222.017,4445,3082
8668.89,4446,3082
8693.866,4447,3082
8706.694,4448,3082
8707.133,4449,3082
8724.591,4450,3082
8724.647,4451,3082
8724.981,4452,3082
8726.215,4453,3082
8726.615,4454,3082
8727.22,4455,3082
8745.158,4456,3082
8766.109,4457,3082
8786.658,4458,3082
8802.441,4459,3082
8802.842,4460,3082
8803.126,4461,3082
8803.897,4462,3082
8804.719,4463,3082
8805.886,4464,3082
8819.98,4465,3082
8831.513,4466,3082
8831.795,4467,3082
8831.812,4468,3082
8831.822,4469,3082
8831.899,4470,3082
8831.942,4471,3082
8831.976,4472,3082
8832.082,4473,3082
8832.106,4474,3082
8832.124,4475,3082
8832.214,4476,3082
8832.241,4477,3082
8832.342,4478,3082
8832.458,4479,3082
8832.473,4480,3082
8832.602,4481,3082
8841.716,4482,3082
8841.984,4483,3082
8842.045,4484,3082
8845.976,4485,3082
8876.135,4486,3082
8878.312,4487,3082
8949.617,4488,3082
9109.91,4489,3082
9135.808,4490,3082
9136.785,4491,3082
9137.612,4492,3082
9155.232,4493,3082
9164.812,4494,3082
9168.969,4495,3082
9173.01,4496,3082
9192.137,4497,3082
9202.211,4498,3082
9242.287,4499,3082
9242.856,4500,3082
9245.258,4501,3082
9252.665,4502,3082
9253.862,4503,3082
9253.943,4504,3082
9254.297,4505,3082
9254.622,4506,3082
9255.125,4507,3082
9255.516,4508,3082
9264.406,4509,3082
9284.083,4510,3082
9284.443,4511,3082
9290.894,4512,3082
9291.229,4513,3082
9291.264,4514,3082
9296.763,4515,3082
9298.867,4516,3082
9298.95,4517,3082
9299.573,4518,3082
9300.358,4519,3082
9365.704,4520,3082
9368.662,4521,3082
9413.006,4522,3082
9413.497,4523,3082
9414.678,4524,3082
9425.522,4525,3089
9425.558,4526,3091
9425.559,4527,3091
9425.564,4528,3091
9425.566,4529,3093
9425.567,4530,3094
9425.57,4531,3095
9425.646,4532,3095
9425.69,4533,3095
9425.751,4534,3095
9425.796,4535,3096
9463.679,4536,3096
9463.846,4537,3096
9515.586,4538,3096
9515.633,4539,3096
9515.659,4540,3096
9515.823,4541,3096
9516.225,4542,3096
9516.49,4543,3096
9519.956,4544,3096
9526.9,4545,3096
9529.426,4546,3096
9546.301,4547,3096
9546.439,4548,3096
9547.199,4549,3096
9547.829,4550,3096
9553.769,4551,3096
9568.927,4552,3096
9578.849,4553,3096
9587.538,4554,3096
9701.391,4555,3096
9723.551,4556,3096
9723.69,4557,3096
9725.612,4558,3096
9725.841,4559,3096
9726.423,4560,3096
9726.912,4561,3096
9728.887,4562,3096
9729.159,4563,3096
9730.382,4564,3096
9739.75,4565,3096
9745.197,4566,3097
9808.319,4567,3097
9817.974,4568,3098
9836.577,4569,3098
9854.017,4570,3098
10061.651,4571,3098
10069.685,4572,3098
10134.747,4573,3098
10134.797,4574,3098
10134.895,4575,3098
10135.135,4576,3098
10135.475,4577,3098
10137.921,4578,3098
10142.246,4579,3099
10144.321,4580,3099
10147.988,4581,3099
10148.46,4582,3099
10149.218,4583,3099
10197.932,4584,3099
10243.247,4585,3099
10265.191,4586,3099
10265.719,4587,3099
10265.871,4588,3099
10265.914,4589,3099
10266.95,4590,3099
10371.745,4591,3099
10373.234,4592,3099
10489.055,4593,3099
10511.992,4594,3099
10550.2,4595,3099
10550.354,4596,3099
10550.741,4597,3099
10575.634,4598,3099
10581.569,4599,3099
10747.816,4600,3099
10799.608,4601,3099
10799.782,4602,3099
10799.846,4603,3099
10806.391,4604,3099
10821.578,4605,3099
10821.697,4606,3099
10822.402,4607,3099
10823.576,4608,3099
10824.271,4609,3099
10895.47,4610,3099
10895.833,4611,3099
10945.793,4612,3101
10946.729,4613,3102
10976.374,4614,3102
11002.532,4615,3102
11005.76,4616,3102
11006.62,4617,3102
11021.475,4618,3102
11025.17,4619,3102
11046.52,4620,3102
11055.095,4621,3102
11126.388,4622,3102
11126.742,4623,3102
11128.225,4624,3102
11130.887,4625,3102
11140.198,4626,3102
11141.078,4627,3102
11205.454,4628,3102
11224.483,4629,3102
11227.397,4630,3102
11239.822,4631,3102
11321.766,4632,3102
11333.852,4633,3102
11334.82,4634,3102
11370.714,4635,3102
11419.922,4636,3103
11424.134,4637,3103
11485.472,4638,3103
11501.285,4639,3103
11516.695,4640,3103
11516.95,4641,3103
11517.741,4642,3103
11539.318,4643,3103
11545.495,4644,3103
11555.496,4645,3103
11577.323,4646,3103
11581.606,4647,3103
11597.834,4648,3103
11599.929,4649,3103
11622.57,4650,3103
11622.688,4651,3103
11663.486,4652,3105
11682.481,4653,3105
11696.94,4654,3105
11768.77,4655,3105
11785.21,4656,3106
11785.68,4657,3106
11786.983,4658,3106
11793.661,4659,3106
11928.267,4660,3106
11929.152,4661,3106
11929.986,4662,3106
11930.328,4663,3106
12039.167,4664,3106
12041.26,4665,3106
12099.064,4666,3106
12100.55,4667,3106
12101.252,4668,3106
12108.679,4669,3106
12158.082,4670,3106
12166.181,4671,3106
12261.104,4672,3106
12340.346,4673,3106
12358.557,4674,3106
12359.487,4675,3106
12362.371,4676,3106
12371.266,4677,3106
12473.857,4678,3106
12535.448,4679,3106
12536.621,4680,3106
12569.149,4681,3106
12570.856,4682,3106
12572.916,4683,3106
12702.034,4684,3106
12718.69,4685,3106
12761.046,4686,3106
12851.402,4687,3106
12887.092,4688,3106
12887.425,4689,3106
12887.776,4690,3106
12896.869,4691,3106
12915.267,4692,3106
12915.645,4693,3106
12933.332,4694,3106
12936.393,4695,3106
12936.801,4696,3106
12938.325,4697,3106
13057.728,4698,3106
13057.998,4699,3106
13071.269,4700,3106
13456.067,4701,3106
13457.678,4702,3106
13475.388,4703,3106
13496.874,4704,3106
13513.23,4705,3106
13523.593,4706,3106
13699.493,4707,3106
13827.194,4708,3106
13933.837,4709,3106
14207.664,4710,3106
14207.809,4711,3106
14208.612,4712,3106
14270.663,4713,3106
14275.127,4714,3106
14275.588,4715,3106
14282.382,4716,3106
14285.351,4717,3106
14285.811,4718,3106
14310.909,4719,3106
14348.858,4720,3106
14398.595,4721,3106
14444.415,4722,3106
14519.28,4723,3106
14526.736,4724,3106
14551.948,4725,3106
14857.252,4726,3106
14871.17,4727,3106
14906.418,4728,3106
14938.329,4729,3106
14998.852,4730,3106
15110.719,4731,3106
15213.768,4732,3106
15355.324,4733,3106
15376.241,4734,3106
15377.829,4735,3106
15628.516,4736,3106
15642.548,4737,3106
15668.478,4738,3106
15703.946,4739,3106
15729.303,4740,3106
15930.087,4741,3106
15943.665,4742,3106
15973.84,4743,3106
15975.853,4744,3106
15979.398,4745,3106
16285.159,4746,3106
16285.172,4747,3106
16287.176,4748,3106
16287.586,4749,3106
16288.069,4750,3106
16288.746,4751,3106
16289.816,4752,3106
16295.285,4753,3106
16296.457,4754,3106
16304.254,4755,3106
16313.495,4756,3106
16335.036,4757,3106
16339.894,4758,3106
16341.156,4759,3106
16345.247,4760,3106
16369.884,4761,3106
16496.414,4762,3106
16496.512,4763,3106
16496.609,4764,3106
16497.635,4765,3106
16499.408,4766,3106
16503.274,4767,3106
16520.785,4768,3106
16530.989,4769,3106
16542.928,4770,3106
16546.839,4771,3106
16554.858,4772,3106
16713.657,4773,3106
16713.7,4774,3106
16713.767,4775,3106
16713.979,4776,3106
16735.883,4777,3106
16796.715,4778,3106
16801.065,4779,3106
16807.306,4780,3106
17013.887,4781,3106
17055.088,4782,3106
17070.288,4783,3106
17249.395,4784,3106
17551.133,4785,3106
17644.11,4786,3106
17678.111,4787,3106
17685.455,4788,3106
17714.379,4789,3106
17741.863,4790,3106
17868.821,4791,3106
17930.006,4792,3107
18046.658,4793,3107
18049.289,4794,3107
18319.385,4795,3107
18335.372,4796,3107
18335.406,4797,3107
18423.289,4798,3107
18824.839,4799,3107
18943.866,4800,3107
19432.313,4801,3107
19494.785,4802,3107
19495.183,4803,3107
19495.204,4804,3107
19495.463,4805,3107
19498.874,4806,3107
19498.892,4807,3107
19502.425,4808,3107
19512.773,4809,3107
19515.228,4810,3107
19552.109,4811,3107
19678.899,4812,3107
19840.761,4813,3107
19969.977,4814,3107
19970.285,4815,3107
19970.465,4816,3107
19971.008,4817,3107
20016.708,4818,3107
20039.593,4819,3107
20042.798,4820,3107
20079.007,4821,3107
20081.048,4822,3107
20082.992,4823,3107
20468.568,4824,3107
20510.58,4825,3107
20511.144,4826,3107
20546.821,4827,3107
20549.913,4828,3107
20551.196,4829,3107
20558.377,4830,3107
20563.689,4831,3107
20585.143,4832,3107
20599.313,4833,3107
20747.239,4834,3107
20747.494,4835,3107
20747.614,4836,3107
20750.258,4837,3107
20750.759,4838,3107
20820.586,4839,3107
20822.359,4840,3107
20857.974,4841,3107
20972.651,4842,3137
20972.84,4843,3137
20972.845,4844,3137
20973.595,4845,3139
20973.599,4846,3139
20973.61,4847,3139
20973.702,4848,3139
20973.73,4849,3140
20973.733,4850,3140
20973.737,4851,3140
20973.842,4852,3140
20986.948,4853,3142
20987.007,4854,3144
20987.046,4855,3146
20987.058,4856,3148
20987.15,4857,3152
20987.39,4858,3152
20988.251,4859,3152
21064.026,4860,3152
21196.006,4861,3152
21218.04,4862,3152
21277.352,4863,3152
21296.884,4864,3152
21301.17,4865,3152
21332.113,4866,3152
21392.45,4867,3152
21395.494,4868,3152
21409.191,4869,3152
21428.898,4870,3152
21773.538,4871,3152
21798.832,4872,3152
21819.238,4873,3153
21830.005,4874,3155
21830.404,4875,3156
21845.428,4876,3159
21859.534,4877,3159
21862.519,4878,3159
21871.823,4879,3159
21903.349,4880,3159
21919.188,4881,3159
21963.01,4882,3159
21963.388,4883,3160
21975.597,4884,3161
21976.131,4885,3162
21979.071,4886,3162
21982.375,4887,3162
22232.467,4888,3162
22242.163,4889,3162
22311.41,4890,3162
22311.781,4891,3162
22477.955,4892,3162
22497.328,4893,3162
23112.617,4894,3162
23114.457,4895,3162
23124.735,4896,3162
23139.141,4897,3162
23468.998,4898,3162
23469.626,4899,3162
23538.876,4900,3162
23541.174,4901,3162
23563.503,4902,3162
23564.849,4903,3162
23624.497,4904,3162
23624.551,4905,3162
23624.892,4906,3162
23636.838,4907,3162
23642.967,4908,3162
23715.203,4909,3162
23943.467,4910,3162
24106.87,4911,3162
24119.411,4912,3162
24146.033,4913,3162
24161.35,4914,3162
24167.147,4915,3162
24184.354,4916,3162
24665.773,4917,3162
24966.048,4918,3162
24966.429,4919,3162
24972.048,4920,3162
25448.973,4921,3162
25454.448,4922,3162
25510.266,4923,3165
25528.689,4924,3165
25561.735,4925,3165
25650.432,4926,3165
25799.238,4927,3165
25802.255,4928,3165
25803.256,4929,3165
25922.645,4930,3165
25963.759,4931,3165
25965.678,4932,3165
26019.555,4933,3165
26019.998,4934,3165
26377.337,4935,3165
26379.936,4936,3165
26544.676,4937,3165
26546.765,4938,3165
26547.272,4939,3165
26679.436,4940,3165
26710.685,4941,3165
26783.061,4942,3165
26784.339,4943,3165
26787.661,4944,3165
26921.501,4945,3165
27040.714,4946,3165
27073.032,4947,3165
27152.186,4948,3165
27384.587,4949,3165
27480.817,4950,3165
27484.676,4951,3165
27504.403,4952,3165
27658.63,4953,3165
27660.85,4954,3165
27661.105,4955,3165
27662.12,4956,3165
27673.266,4957,3165
27727.087,4958,3165
27760.768,4959,3165
27824.967,4960,3165
27840.81,4961,3165
27852.18,4962,3165
27908.528,4963,3165
27965.755,4964,3165
28031.697,4965,3165
28165.066,4966,3165
28426.828,4967,3165
28447.236,4968,3165
28543.798,4969,3165
28547.53,4970,3165
28548.943,4971,3165
28555.582,4972,3165
28870.007,4973,3165
29156.858,4974,3165
29178.044,4975,3165
29183.196,4976,3165
29507.301,4977,3165
30269.057,4978,3165
30317.344,4979,3165
30381.471,4980,3165
30438.924,4981,3165
30546.49,4982,3165
30546.995,4983,3165
30784.999,4984,3165
30800.168,4985,3165
30804.522,4986,3165
30806.837,4987,3165
30806.982,4988,3165
30807.142,4989,3165
30811.397,4990,3165
30811.815,4991,3165
31069.566,4992,3165
31069.695,4993,3165
31069.956,4994,3165
31391.812,4995,3165
31763.797,4996,3165
31764.577,4997,3165
31876.14,4998,3165
31893.814,4999,3165
31895.677,5000,3165
32345.92,5001,3165
32345.971,5002,3165
32909.556,5003,3165
33373.719,5004,3165
33377.371,5005,3165
33528.979,5006,3165
33617.403,5007,3165
33618.373,5008,3166
33619.075,5009,3166
33640.271,5010,3166
33658.446,5011,3166
33683.98,5012,3166
34010.572,5013,3166
34034.96,5014,3166
34158.021,5015,3166
35098.707,5016,3166
35106.295,5017,3166
35573.293,5018,3166
35583.148,5019,3166
35619.593,5020,3166
35620.594,5021,3166
35724.61,5022,3166
36169.621,5023,3166
36209.441,5024,3166
36212.103,5025,3166
36232.994,5026,3166
36235.99,5027,3166
36237.657,5028,3166
36244.29,5029,3166
36359.795,5030,3166
36627.625,5031,3166
36628.125,5032,3166
36628.603,5033,3166
36691.67,5034,3166
36692.883,5035,3166
36697.032,5036,3166
36705.885,5037,3166
36843.87,5038,3166
36846.219,5039,3166
36896.879,5040,3166
36897.285,5041,3166
36899.55,5042,3166
36941.717,5043,3166
36962.655,5044,3166
36968.689,5045,3166
36991.422,5046,3166
37688.879,5047,3166
37756.092,5048,3166
37763.635,5049,3166
37833.416,5050,3166
38048.985,5051,3166
38114.53,5052,3166
38137.611,5053,3166
38139.784,5054,3166
38191.764,5055,3166
38193.057,5056,3166
38238.927,5057,3166
38314.868,5058,3166
38366.123,5059,3166
38718.548,5060,3166
38821.682,5061,3166
38823.784,5062,3168
38866.195,5063,3168
38907.527,5064,3168
38984.254,5065,3168
39044.511,5066,3168
39065.495,5067,3168
39112.826,5068,3168
39208.15,5069,3168
39208.189,5070,3168
39314.571,5071,3168
39548.307,5072,3168
39584.317,5073,3168
39693.518,5074,3168
39933.081,5075,3168
40040.552,5076,3168
40183.931,5077,3168
40213.234,5078,3168
40226.718,5079,3168
40251.435,5080,3169
40251.667,5081,3169
40251.72,5082,3171
40251.811,5083,3171
40252.577,5084,3172
40252.679,5085,3172
40299.867,5086,3172
40329.058,5087,3172
40349.973,5088,3172
40491.249,5089,3172
40517.335,5090,3172
40573.783,5091,3173
40574.048,5092,3173
40585.024,5093,3173
40585.498,5094,3173
40695.78,5095,3173
40717.688,5096,3173
40734.663,5097,3173
40773.59,5098,3173
40775.25,5099,3173
40819.987,5100,3173
40828.942,5101,3173
41035.844,5102,3173
41190.567,5103,3173
41206.788,5104,3173
41286.657,5105,3173
41453.734,5106,3173
41467.367,5107,3173
41499.085,5108,3173
41598.358,5109,3173
41837.137,5110,3173
41849.634,5111,3173
41870.188,5112,3173
41873.538,5113,3173
41889.841,5114,3174
41922.983,5115,3175
42214.644,5116,3175
42228.959,5117,3175
42499.512,5118,3175
42659.87,5119,3175
42672.953,5120,3175
42698.246,5121,3175
42713.667,5122,3176
42713.793,5123,3176
42714.584,5124,3176
42767.742,5125,3176
42985.192,5126,3176
42985.955,5127,3176
43090.467,5128,3176
43090.892,5129,3176
43093.885,5130,3176
43156.702,5131,3176
43279.311,5132,3177
43305.841,5133,3177
43373.943,5134,3177
43392.734,5135,3177
43392.86,5136,3177
43393.606,5137,3178
43396.011,5138,3179
43402.988,5139,3179
43406.644,5140,3179
43436.869,5141,3179
43443.377,5142,3179
43443.423,5143,3179
43443.945,5144,3179
43455.935,5145,3179
43457.367,5146,3179
43524.454,5147,3179
43534.242,5148,3179
43548.289,5149,3179
43568.208,5150,3179
43697.417,5151,3179
43698.953,5152,3179
43732.945,5153,3182
43751.818,5154,3182
43797.936,5155,3182
43806.068,5156,3182
43809.453,5157,3182
43832.88,5158,3182
43833.549,5159,3182
43846.441,5160,3182
43917.28,5161,3182
44060.898,5162,3182
44065.586,5163,3183
44066.65,5164,3184
44068.785,5165,3184
44419.379,5166,3184
44578.091,5167,3184
44633.039,5168,3184
44633.072,5169,3184
44654.868,5170,3184
44673.039,5171,3184
44682.352,5172,3184
44793.358,5173,3184
44793.585,5174,3184
44879.877,5175,3184
45042.255,5176,3184
45187.106,5177,3184
45304.738,5178,3184
45378.09,5179,3184
45682.03,5180,3184
46191.994,5181,3187
46195.725,5182,3187
46249.143,5183,3188
46254.508,5184,3188
46256.598,5185,3188
46407.395,5186,3188
47012.611,5187,3188
47013.973,5188,3188
47091.161,5189,3188
47209.159,5190,3188
47228.899,5191,3189
47367.563,5192,3189
47412.745,5193,3189
47493.919,5194,3190
47542.644,5195,3190
47796.336,5196,3190
47851.547,5197,3190
47869.829,5198,3190
47939.542,5199,3190
48156.57,5200,3190
48176.131,5201,3190
48188.711,5202,3190
48375.023,5203,3190
48722.799,5204,3190
48802.547,5205,3190
48804.663,5206,3190
48902.479,5207,3190
49090.495,5208,3190
49217.983,5209,3190
49274.195,5210,3190
49275.3,5211,3190
49311.324,5212,3190
49348.663,5213,3190
49875.391,5214,3190
49876.012,5215,3190
49995.922,5216,3190
50292.581,5217,3190
50730.057,5218,3190
50987.188,5219,3190
51143.715,5220,3190
51190.21,5221,3190
51306.389,5222,3190
51452.747,5223,3190
51467.57,5224,3192
51740.397,5225,3194
51790.534,5226,3194
51806.315,5227,3194
52409.789,5228,3194
52474.132,5229,3194
52501.367,5230,3194
52730.744,5231,3194
52778.232,5232,3194
52785.423,5233,3194
53107.251,5234,3194
53388.011,5235,3194
53404.594,5236,3194
53480.477,5237,3194
53533.398,5238,3194
53755.702,5239,3194
53755.956,5240,3194
54125.833,5241,3195
54436.81,5242,3195
54728.918,5243,3195
55291.484,5244,3195
55685.456,5245,3195
55747.658,5246,3195
56083.332,5247,3196
56160.553,5248,3196
56337.29,5249,3196
56337.829,5250,3196
56572.856,5251,3196
56572.963,5252,3196
56627.558,5253,3196
56820.569,5254,3196
56876.336,5255,3197
56887.194,5256,3197
56940.998,5257,3198
56955.812,5258,3198
56957.445,5259,3198
57373.138,5260,3198
57373.858,5261,3198
57477.711,5262,3198
57494.8,5263,3198
57900.855,5264,3198
58019.844,5265,3198
58024.022,5266,3198
58191.189,5267,3198
58271.273,5268,3198
58553.756,5269,3198
58684.437,5270,3198
58961.599,5271,3198
59251.247,5272,3198
59251.493,5273,3198
59462.111,5274,3198
59683.799,5275,3198
59893.475,5276,3198
60301.063,5277,3198
60302.146,5278,3198
60370.346,5279,3198
60412.125,5280,3198
60544.783,5281,3198
60555.554,5282,3199
60669.254,5283,3199
60671.376,5284,3199
60672.285,5285,3199
60792.825,5286,3199
60969.008,5287,3199
61407.069,5288,3199
61410.411,5289,3199
61500.345,5290,3199
61566.623,5291,3199
61568.781,5292,3199
61671.133,5293,3199
61687.877,5294,3199
62199.581,5295,3199
63514.825,5296,3199
63610.682,5297,3199
64156.312,5298,3199
64594.371,5299,3199
64713.394,5300,3199
65691.268,5301,3199
66002.072,5302,3199
66283.11,5303,3200
66285.414,5304,3201
66410.71,5305,3201
67012.959,5306,3201
67739.888,5307,3201
69017.521,5308,3201
69312.325,5309,3201
69345.164,5310,3201
69384.104,5311,3201
69880.339,5312,3201
70253.708,5313,3201
70292.65,5314,3201
70425.393,5315,3201
70772.101,5316,3201
70794.375,5317,3201
71224.668,5318,3201
71224.759,5319,3201
71387.233,5320,3201
71647.324,5321,3201
71731.367,5322,3201
71732.048,5323,3201
71952.733,5324,3201
72240.82,5325,3201
72526.999,5326,3201
72531.532,5327,3201
72866.008,5328,3201
72989.972,5329,3201
73432.465,5330,3201
73640.357,5331,3201
73641.241,5332,3201
73664.517,5333,3201
73703.5,5334,3202
73725.269,5335,3202
73748.997,5336,3202
73773.144,5337,3202
73966.705,5338,3202
74251.138,5339,3203
74350.999,5340,3203
74415.961,5341,3203
74735.268,5342,3203
74780.306,5343,3203
75203.766,5344,3203
75291.44,5345,3203
75980.119,5346,3203
75982.086,5347,3203
76091.81,5348,3204
76091.833,5349,3205
76104.673,5350,3205
76926.076,5351,3205
77264.945,5352,3205
77418.038,5353,3205
77485.567,5354,3205
77496.92,5355,3205
77586.224,5356,3205
77622.379,5357,3205
77682.022,5358,3205
77919.496,5359,3205
78330.635,5360,3205
78353.064,5361,3206
78354.821,5362,3206
78361.778,5363,3207
78374.344,5364,3207
78509.148,5365,3208
78509.159,5366,3208
78509.176,5367,3209
78559.072,5368,3209
78912.044,5369,3209
79019.062,5370,3209
79098.232,5371,3209
79178.52,5372,3209
79178.667,5373,3209
79178.883,5374,3209
79335.255,5375,3209
79381.123,5376,3209
79461.985,5377,3209
79489.221,5378,3209
79827.527,5379,3209
79863.3,5380,3209
79899.697,5381,3209
80047.521,5382,3209
80050.295,5383,3209
80134.712,5384,3209
80315.966,5385,3209
80318.782,5386,3209
80416.277,5387,3209
80684.643,5388,3209
80706.328,5389,3209
81000.723,5390,3211
81001.2,5391,3211
81001.209,5392,3211
81069.122,5393,3211
81114.937,5394,3211
81290.254,5395,3211
81590.522,5396,3211
81614.864,5397,3211
81823.603,5398,3211
81958.019,5399,3211
81963.193,5400,3211
82267.855,5401,3211
82432.901,5402,3211
82923.841,5403,3211
82978.033,5404,3211
82990.919,5405,3211
82991.241,5406,3211
83086.344,5407,3211
83102.203,5408,3211
83300.993,5409,3211
83445.251,5410,3211
83961.129,5411,3211
83961.321,5412,3211
84013.471,5413,3211
84060.752,5414,3211
84064.776,5415,3211
84672.677,5416,3211
84707.612,5417,3212
84707.792,5418,3213
84964.745,5419,3213
85245.125,5420,3213
85311.67,5421,3213
85325.763,5422,3213
85340.783,5423,3213
85698.582,5424,3213
86014.458,5425,3213
86062.528,5426,3213
86129.994,5427,3213
