time_s,inputs,cumulative_edges
0.0,1,357
0.001,2,482
0.002,3,488
0.002,4,490
0.003,5,598
0.003,6,616
0.005,7,681
0.006,8,683
0.007,9,686
0.008,10,688
0.011,11,688
0.012,12,694
0.012,13,696
0.013,14,697
0.014,15,704
0.014,16,705
0.015,17,706
0.016,18,706
0.017,19,706
0.017,20,707
0.018,21,711
0.019,22,712
0.019,23,714
0.02,24,716
0.021,25,716
0.022,26,719
0.023,27,719
0.024,28,720
0.025,29,721
0.029,30,721
0.036,31,721
0.043,32,722
0.045,33,773
0.05,34,773
0.059,35,773
0.063,36,773
0.066,37,774
0.072,38,774
0.074,39,774
0.079,40,775
0.084,41,776
0.107,42,786
0.108,43,813
0.11,44,822
0.111,45,822
0.117,46,823
0.121,47,823
0.129,48,823
0.132,49,823
0.134,50,823
0.136,51,824
0.144,52,824
0.147,53,824
0.159,54,834
0.163,55,834
0.165,56,836
0.166,57,836
0.168,58,978
0.175,59,980
0.185,60,982
0.191,61,982
0.197,62,982
0.198,63,986
0.204,64,989
0.209,65,991
0.216,66,994
0.225,67,998
0.23,68,1010
0.235,69,1010
0.236,70,1010
0.248,71,1010
0.258,72,1032
0.261,73,1032
0.264,74,1033
0.269,75,1047
0.282,76,1047
0.283,77,1050
0.3,78,1051
0.303,79,1051
0.308,80,1051
0.311,81,1051
0.318,82,1051
0.319,83,1051
0.325,84,1051
0.327,85,1062
0.332,86,1062
0.338,87,1063
0.343,88,1063
0.344,89,1063
0.359,90,1063
0.381,91,1063
0.386,92,1063
0.41,93,1063
0.412,94,1081
0.43,95,1081
0.432,96,1081
0.438,97,1081
0.456,98,1118
0.467,99,1118
0.473,100,1121
0.48,101,1121
0.486,102,1126
0.497,103,1126
0.5,104,1126
0.504,105,1139
0.532,106,1139
0.535,107,1145
0.537,108,1146
0.552,109,1146
0.578,110,1147
0.579,111,1153
0.592,112,1155
0.607,113,1155
0.612,114,1155
0.616,115,1155
0.62,116,1160
0.648,117,1161
0.665,118,1168
0.668,119,1169
0.677,120,1170
0.678,121,1172
0.679,122,1175
0.688,123,1177
0.698,124,1179
0.71,125,1192
0.715,126,1192
0.731,127,1192
0.732,128,1192
0.739,129,1195
0.742,130,1195
0.751,131,1197
0.768,132,1198
0.77,133,1199
0.777,134,1199
0.779,135,1200
0.784,136,1202
0.786,137,1202
0.788,138,1202
0.789,139,1202
0.804,140,1204
0.804,141,1204
0.81,142,1204
0.815,143,1216
0.878,144,1217
0.885,145,1218
0.89,146,1218
0.893,147,1218
0.902,148,1218
0.904,149,1218
0.905,150,1221
0.908,151,1222
0.926,152,1222
0.936,153,1224
0.946,154,1225
0.99,155,1225
0.995,156,1225
1.011,157,1226
1.029,158,1229
1.03,159,1231
1.036,160,1232
1.048,161,1232
1.065,162,1232
1.071,163,1232
1.09,164,1232
1.093,165,1232
1.11,166,1232
1.128,167,1232
1.169,168,1236
1.17,169,1237
1.208,170,1237
1.222,171,1237
1.24,172,1238
1.246,173,1238
1.258,174,1238
1.262,175,1239
1.268,176,1240
1.294,177,1241
1.299,178,1242
1.301,179,1242
1.307,180,1242
1.309,181,1242
1.332,182,1242
1.341,183,1242
1.354,184,1242
1.372,185,1242
1.412,186,1243
1.436,187,1271
1.441,188,1271
1.446,189,1271
1.447,190,1277
1.456,191,1286
1.487,192,1288
1.494,193,1288
1.519,194,1288
1.542,195,1288
1.592,196,1288
1.656,197,1288
1.671,198,1288
1.683,199,1288
1.702,200,1289
1.717,201,1289
1.746,202,1290
1.793,203,1290
1.809,204,1290
1.824,205,1293
1.842,206,1294
1.879,207,1297
1.883,208,1297
1.888,209,1297
1.927,210,1298
1.955,211,1298
1.993,212,1298
2.008,213,1301
2.07,214,1302
2.084,215,1312
2.095,216,1314
2.106,217,1314
2.109,218,1314
2.115,219,1314
2.14,220,1314
2.149,221,1314
2.155,222,1314
2.157,223,1314
2.196,224,1314
2.203,225,1314
2.221,226,1314
2.232,227,1317
2.27,228,1318
2.326,229,1318
2.339,230,1318
2.391,231,1320
2.422,232,1326
2.446,233,1330
2.463,234,1338
2.498,235,1340
2.568,236,1341
2.587,237,1392
2.595,238,1392
2.646,239,1393
2.675,240,1394
2.698,241,1396
2.7,242,1400
2.711,243,1412
2.733,244,1412
2.733,245,1413
2.739,246,1415
2.746,247,1415
2.763,248,1415
2.779,249,1416
2.78,250,1420
2.783,251,1421
2.788,252,1421
2.789,253,1421
2.821,254,1421
2.95,255,1421
2.981,256,1421
3.021,257,1421
3.041,258,1421
3.079,259,1425
3.117,260,1426
3.275,261,1426
3.352,262,1426
3.361,263,1447
3.422,264,1448
3.449,265,1451
3.45,266,1451
3.458,267,1451
3.463,268,1451
3.466,269,1451
3.468,270,1457
3.474,271,1457
3.485,272,1457
3.486,273,1457
3.489,274,1457
3.49,275,1457
3.491,276,1457
3.518,277,1458
3.521,278,1458
3.554,279,1462
3.617,280,1462
3.625,281,1464
3.637,282,1464
3.765,283,1464
3.986,284,1465
4.303,285,1466
4.304,286,1478
4.319,287,1479
4.32,288,1479
4.337,289,1479
4.34,290,1479
4.345,291,1479
4.35,292,1479
4.359,293,1479
4.361,294,1479
4.365,295,1480
4.373,296,1480
4.379,297,1481
4.382,298,1482
4.387,299,1483
4.425,300,1484
4.449,301,1484
4.469,302,1484
4.488,303,1484
4.497,304,1485
4.498,305,1485
4.508,306,1488
4.537,307,1490
4.555,308,1490
4.578,309,1491
4.584,310,1491
4.593,311,1492
4.625,312,1492
4.634,313,1493
4.682,314,1494
4.686,315,1494
4.699,316,1494
4.702,317,1495
4.738,318,1498
4.742,319,1498
4.779,320,1499
4.783,321,1499
4.82,322,1499
4.824,323,1512
4.873,324,1513
4.875,325,1515
4.911,326,1516
4.927,327,1516
4.941,328,1516
4.964,329,1516
4.97,330,1516
5.086,331,1516
5.096,332,1516
5.105,333,1517
5.152,334,1517
5.165,335,1518
5.167,336,1518
5.17,337,1518
5.191,338,1520
5.209,339,1521
5.213,340,1521
5.22,341,1521
5.363,342,1521
5.377,343,1521
5.394,344,1528
5.4,345,1528
5.408,346,1528
5.413,347,1529
5.446,348,1529
5.455,349,1531
5.479,350,1531
5.496,351,1531
5.499,352,1531
5.516,353,1531
5.553,354,1531
5.599,355,1531
5.609,356,1541
5.626,357,1541
5.666,358,1541
5.71,359,1542
5.712,360,1561
5.72,361,1563
5.728,362,1563
5.744,363,1563
5.758,364,1563
5.765,365,1563
5.77,366,1563
5.792,367,1563
5.803,368,1563
5.81,369,1566
5.87,370,1575
5.901,371,1575
5.905,372,1590
5.907,373,1590
5.912,374,1590
5.916,375,1591
5.924,376,1591
5.946,377,1592
5.959,378,1593
5.996,379,1593
6.0,380,1599
6.009,381,1600
6.017,382,1601
6.05,383,1601
6.07,384,1601
6.075,385,1601
6.091,386,1601
6.105,387,1601
6.18,388,1602
6.181,389,1602
6.184,390,1602
6.197,391,1602
6.206,392,1603
6.243,393,1606
6.25,394,1606
6.303,395,1606
6.334,396,1638
6.335,397,1643
6.335,398,1643
6.337,399,1644
6.339,400,1650
6.353,401,1650
6.379,402,1650
6.387,403,1650
6.389,404,1650
6.393,405,1650
6.395,406,1653
6.398,407,1654
6.402,408,1656
6.409,409,1656
6.41,410,1656
6.412,411,1662
6.421,412,1662
6.423,413,1662
6.424,414,1663
6.439,415,1671
6.442,416,1671
6.444,417,1672
6.445,418,1674
6.458,419,1674
6.465,420,1674
6.467,421,1674
6.482,422,1678
6.506,423,1678
6.519,424,1678
6.52,425,1678
6.525,426,1679
6.53,427,1679
6.532,428,1679
6.549,429,1679
6.551,430,1680
6.561,431,1680
6.563,432,1680
6.57,433,1681
6.574,434,1681
6.59,435,1681
6.598,436,1685
6.606,437,1688
6.611,438,1688
6.619,439,1688
6.622,440,1688
6.623,441,1688
6.629,442,1688
6.636,443,1692
6.649,444,1692
6.65,445,1695
6.653,446,1696
6.657,447,1696
6.694,448,1696
6.721,449,1696
6.722,450,1696
6.73,451,1696
6.759,452,1696
6.783,453,1696
6.813,454,1698
6.823,455,1702
6.826,456,1702
6.828,457,1705
6.831,458,1705
6.844,459,1708
6.855,460,1708
6.88,461,1708
6.881,462,1708
6.895,463,1708
6.92,464,1708
6.943,465,1708
6.948,466,1708
6.954,467,1711
6.981,468,1722
7.0,469,1722
7.011,470,1722
7.015,471,1722
7.049,472,1722
7.068,473,1722
7.08,474,1722
7.096,475,1722
7.114,476,1723
7.131,477,1723
7.139,478,1723
7.158,479,1723
7.185,480,1723
7.192,481,1723
7.194,482,1723
7.21,483,1723
7.283,484,1723
7.285,485,1726
7.288,486,1726
7.294,487,1726
7.314,488,1726
7.325,489,1728
7.353,490,1728
7.392,491,1730
7.398,492,1731
7.474,493,1731
7.479,494,1731
7.487,495,1732
7.501,496,1732
7.556,497,1732
7.578,498,1732
7.625,499,1732
7.651,500,1733
7.67,501,1735
7.678,502,1738
7.7,503,1739
7.743,504,1739
7.752,505,1739
7.755,506,1739
7.772,507,1739
7.776,508,1739
7.779,509,1739
7.78,510,1740
7.781,511,1742
7.802,512,1742
7.814,513,1743
7.823,514,1743
7.829,515,1743
7.874,516,1743
7.903,517,1743
7.906,518,1743
7.907,519,1743
7.92,520,1744
7.943,521,1744
7.949,522,1747
7.95,523,1747
7.959,524,1747
7.981,525,1747
8.001,526,1749
8.025,527,1749
8.059,528,1749
8.061,529,1749
8.073,530,1749
8.108,531,1749
8.145,532,1749
8.266,533,1749
8.357,534,1749
8.371,535,1749
8.487,536,1750
8.51,537,1750
8.596,538,1750
8.606,539,1751
8.742,540,1751
8.774,541,1752
8.782,542,1752
8.808,543,1752
9.237,544,1752
9.319,545,1752
9.344,546,1752
9.453,547,1754
9.481,548,1754
9.496,549,1754
9.696,550,1755
9.835,551,1756
9.924,552,1756
10.329,553,1756
10.523,554,1757
10.581,555,1757
10.686,556,1764
10.819,557,1764
11.052,558,1764
11.109,559,1765
11.286,560,1765
11.644,561,1765
11.661,562,1766
11.706,563,1767
11.737,564,1767
11.748,565,1767
11.994,566,1768
12.181,567,1768
12.39,568,1768
12.428,569,1768
12.431,570,1768
12.432,571,1769
12.441,572,1769
12.444,573,1769
12.451,574,1769
12.457,575,1769
12.467,576,1769
12.482,577,1769
12.512,578,1770
12.533,579,1770
12.588,580,1770
12.641,581,1770
12.669,582,1771
12.827,583,1772
13.072,584,1773
13.087,585,1773
13.127,586,1773
13.134,587,1774
13.181,588,1774
13.184,589,1775
13.257,590,1775
13.292,591,1775
13.307,592,1775
13.34,593,1775
13.362,594,1775
13.4,595,1775
13.449,596,1775
13.462,597,1775
13.463,598,1775
13.465,599,1775
13.467,600,1775
13.471,601,1775
13.48,602,1776
13.5,603,1776
13.515,604,1776
13.52,605,1776
13.537,606,1786
13.554,607,1786
13.565,608,1786
13.572,609,1786
13.574,610,1786
13.584,611,1787
13.62,612,1787
13.629,613,1787
13.652,614,1787
13.661,615,1787
13.68,616,1788
13.711,617,1788
13.72,618,1788
13.763,619,1788
13.808,620,1788
13.849,621,1788
13.854,622,1788
13.922,623,1788
13.931,624,1788
13.944,625,1789
13.974,626,1790
13.985,627,1791
14.061,628,1800
14.107,629,1801
14.125,630,1802
14.163,631,1802
14.242,632,1802
14.277,633,1802
14.331,634,1804
14.416,635,1810
14.419,636,1811
14.42,637,1811
14.429,638,1811
14.43,639,1811
14.438,640,1815
14.44,641,1816
14.444,642,1816
14.447,643,1817
14.478,644,1817
14.485,645,1817
14.487,646,1819
14.492,647,1819
14.498,648,1819
14.503,649,1819
14.517,650,1820
14.56,651,1820
14.563,652,1820
14.579,653,1821
14.613,654,1821
14.625,655,1821
14.635,656,1821
14.636,657,1821
14.648,658,1821
14.673,659,1827
14.686,660,1827
14.694,661,1827
14.741,662,1827
14.748,663,1827
14.751,664,1827
14.798,665,1827
14.815,666,1827
14.818,667,1827
14.822,668,1828
14.83,669,1828
14.847,670,1829
14.852,671,1829
14.868,672,1829
14.876,673,1829
14.898,674,1829
14.912,675,1829
14.958,676,1829
14.961,677,1829
14.976,678,1829
14.983,679,1829
14.985,680,1830
14.994,681,1830
15.015,682,1830
15.027,683,1832
15.044,684,1832
15.05,685,1832
15.056,686,1832
15.066,687,1832
15.071,688,1833
15.076,689,1834
15.079,690,1834
15.102,691,1834
15.152,692,1835
15.178,693,1835
15.186,694,1835
15.205,695,1836
15.228,696,1836
15.231,697,1836
15.254,698,1836
15.266,699,1836
15.274,700,1836
15.286,701,1837
15.339,702,1838
15.376,703,1838
15.377,704,1838
15.379,705,1841
15.38,706,1843
15.382,707,1843
15.387,708,1846
15.389,709,1846
15.39,710,1846
15.394,711,1847
15.397,712,1847
15.412,713,1847
15.415,714,1848
15.428,715,1848
15.431,716,1849
15.437,717,1849
15.442,718,1849
15.469,719,1849
15.491,720,1850
15.501,721,1850
15.535,722,1850
15.544,723,1850
15.556,724,1850
15.557,725,1850
15.577,726,1850
15.578,727,1851
15.584,728,1856
15.612,729,1856
15.626,730,1857
15.63,731,1857
15.683,732,1857
15.716,733,1857
15.736,734,1857
15.761,735,1858
15.811,736,1858
15.82,737,1858
15.824,738,1858
15.829,739,1859
15.915,740,1860
15.977,741,1875
16.001,742,1875
16.211,743,1875
16.28,744,1875
16.282,745,1875
16.287,746,1875
16.288,747,1875
16.294,748,1875
16.3,749,1875
16.302,750,1876
16.303,751,1876
16.309,752,1876
16.316,753,1876
16.319,754,1876
16.322,755,1878
16.324,756,1878
16.332,757,1878
16.336,758,1879
16.339,759,1879
16.341,760,1879
16.344,761,1879
16.346,762,1879
16.347,763,1879
16.35,764,1879
16.358,765,1879
16.36,766,1883
16.364,767,1883
16.377,768,1883
16.383,769,1883
16.398,770,1886
16.405,771,1886
16.407,772,1886
16.409,773,1886
16.42,774,1909
16.423,775,1909
16.441,776,1909
16.443,777,1909
16.446,778,1909
16.447,779,1909
16.449,780,1909
16.467,781,1909
16.469,782,1909
16.48,783,1909
16.482,784,1909
16.496,785,1910
16.508,786,1910
16.509,787,1910
16.53,788,1910
16.533,789,1910
16.536,790,1910
16.545,791,1910
16.549,792,1910
16.551,793,1910
16.555,794,1911
16.557,795,1911
16.563,796,1911
16.565,797,1911
16.572,798,1911
16.587,799,1911
16.599,800,1911
16.603,801,1911
16.609,802,1911
16.619,803,1911
16.631,804,1911
16.643,805,1911
16.646,806,1911
16.649,807,1912
16.654,808,1912
16.66,809,1912
16.666,810,1913
16.686,811,1913
16.695,812,1913
16.713,813,1913
16.717,814,1913
16.747,815,1913
16.775,816,1913
16.788,817,1913
16.807,818,1913
16.816,819,1913
16.848,820,1913
16.863,821,1913
16.876,822,1913
16.878,823,1913
16.89,824,1925
16.911,825,1925
16.916,826,1925
16.917,827,1925
16.93,828,1925
16.931,829,1925
16.933,830,1925
16.939,831,1925
16.977,832,1925
16.98,833,1925
16.984,834,1925
17.007,835,1925
17.017,836,1925
17.049,837,1925
17.072,838,1925
17.081,839,1925
17.089,840,1925
17.091,841,1925
17.106,842,1925
17.117,843,1930
17.121,844,1930
17.122,845,1930
17.123,846,1931
17.126,847,1931
17.131,848,1931
17.153,849,1931
17.167,850,1931
17.179,851,1931
17.183,852,1931
17.204,853,1947
17.223,854,1948
17.229,855,1949
17.235,856,1950
17.238,857,1950
17.256,858,1950
17.26,859,1954
17.262,860,1954
17.265,861,1954
17.283,862,1954
17.29,863,1954
17.301,864,1954
17.329,865,1954
17.331,866,1954
17.355,867,1954
17.363,868,1954
17.368,869,1956
17.377,870,1956
17.388,871,1956
17.394,872,1956
17.397,873,1956
17.409,874,1956
17.429,875,1956
17.482,876,1958
17.523,877,1960
17.552,878,1968
17.601,879,1968
17.629,880,1968
17.632,881,1970
17.634,882,1970
17.643,883,1971
17.644,884,1972
17.661,885,1973
17.679,886,1973
17.686,887,1973
17.697,888,1974
17.7,889,1974
17.743,890,1974
17.754,891,1974
17.776,892,1976
17.781,893,1976
17.805,894,1976
17.808,895,1977
17.855,896,1977
17.881,897,1978
17.886,898,1978
17.917,899,1978
17.929,900,1978
17.948,901,1978
18.003,902,1978
18.016,903,1978
18.025,904,1978
18.058,905,1978
18.074,906,1979
18.102,907,1979
18.114,908,1981
18.121,909,1981
18.127,910,1981
18.128,911,1981
18.131,912,1981
18.146,913,1981
18.157,914,1981
18.18,915,1981
18.182,916,1982
18.186,917,1982
18.191,918,1982
18.194,919,1982
18.206,920,1982
18.215,921,1982
18.405,922,1982
18.442,923,1982
18.465,924,1982
18.534,925,1982
18.543,926,1982
18.561,927,1982
18.583,928,1982
18.674,929,1982
18.713,930,1982
18.739,931,1982
18.758,932,1982
18.779,933,1985
18.8,934,1985
18.832,935,1986
18.844,936,1988
18.847,937,1989
18.85,938,1989
18.856,939,1989
18.881,940,1989
18.887,941,1989
18.898,942,1990
18.916,943,1990
18.93,944,1990
18.959,945,1990
18.977,946,1990
19.004,947,1990
19.018,948,1991
19.04,949,1991
19.087,950,1992
19.107,951,1993
19.154,952,1995
19.273,953,1996
19.302,954,1996
19.387,955,1996
19.4,956,1996
19.421,957,1996
19.428,958,1996
19.441,959,1996
19.453,960,1996
19.564,961,1996
19.601,962,2011
19.72,963,2011
19.779,964,2011
19.781,965,2011
19.782,966,2011
19.789,967,2011
19.803,968,2011
19.821,969,2011
19.827,970,2011
19.867,971,2011
19.895,972,2011
19.917,973,2011
19.938,974,2011
19.944,975,2011
19.947,976,2011
19.978,977,2011
20.009,978,2013
20.049,979,2013
20.073,980,2013
20.078,981,2016
20.102,982,2016
20.112,983,2016
20.154,984,2016
20.155,985,2016
20.16,986,2016
20.195,987,2016
20.199,988,2019
20.231,989,2019
20.236,990,2019
20.249,991,2019
20.301,992,2019
20.312,993,2031
20.368,994,2031
20.399,995,2031
20.488,996,2031
20.508,997,2031
20.565,998,2031
20.576,999,2031
20.578,1000,2031
20.635,1001,2031
20.676,1002,2031
20.768,1003,2031
20.865,1004,2031
20.887,1005,2031
20.891,1006,2031
20.934,1007,2031
20.977,1008,2032
21.003,1009,2032
21.035,1010,2032
21.226,1011,2032
21.232,1012,2032
21.235,1013,2032
21.237,1014,2032
21.239,1015,2032
21.241,1016,2032
21.251,1017,2032
21.256,1018,2032
21.257,1019,2033
21.259,1020,2033
21.31,1021,2033
21.339,1022,2033
21.346,1023,2033
21.35,1024,2033
21.406,1025,2033
21.44,1026,2041
21.443,1027,2041
21.448,1028,2041
21.477,1029,2041
21.482,1030,2042
21.487,1031,2042
21.491,1032,2042
21.495,1033,2042
21.546,1034,2042
21.547,1035,2042
21.555,1036,2042
21.559,1037,2043
21.642,1038,2043
21.721,1039,2043
21.765,1040,2043
21.823,1041,2043
21.839,1042,2043
21.844,1043,2043
21.966,1044,2043
22.057,1045,2043
22.165,1046,2043
22.192,1047,2045
22.195,1048,2045
22.198,1049,2045
22.2,1050,2045
22.204,1051,2045
22.208,1052,2045
22.238,1053,2050
22.243,1054,2050
22.275,1055,2051
22.277,1056,2051
22.281,1057,2052
22.285,1058,2052
22.294,1059,2054
22.334,1060,2054
22.343,1061,2055
22.344,1062,2056
22.348,1063,2056
22.355,1064,2056
22.407,1065,2056
22.43,1066,2056
22.452,1067,2056
22.453,1068,2056
22.467,1069,2056
22.474,1070,2056
22.48,1071,2057
22.496,1072,2057
22.516,1073,2057
22.522,1074,2059
22.535,1075,2059
22.548,1076,2059
22.561,1077,2059
22.59,1078,2059
22.637,1079,2059
22.669,1080,2059
22.712,1081,2059
22.763,1082,2059
22.779,1083,2059
22.833,1084,2059
22.884,1085,2059
22.888,1086,2059
22.926,1087,2059
22.935,1088,2059
22.939,1089,2059
23.017,1090,2059
23.039,1091,2059
23.053,1092,2059
23.057,1093,2059
23.06,1094,2059
23.063,1095,2059
23.068,1096,2059
23.088,1097,2059
23.114,1098,2059
23.192,1099,2059
23.195,1100,2059
23.198,1101,2059
23.202,1102,2059
23.222,1103,2059
23.228,1104,2059
23.253,1105,2059
23.286,1106,2060
23.338,1107,2060
23.339,1108,2060
23.34,1109,2060
23.34,1110,2060
23.341,1111,2060
23.342,1112,2062
23.343,1113,2062
23.344,1114,2062
23.345,1115,2062
23.345,1116,2062
23.35,1117,2062
23.352,1118,2062
23.356,1119,2062
23.357,1120,2062
23.361,1121,2062
23.366,1122,2063
23.376,1123,2063
23.379,1124,2063
23.404,1125,2063
23.407,1126,2063
23.419,1127,2063
23.435,1128,2063
23.456,1129,2063
23.464,1130,2063
23.483,1131,2063
23.497,1132,2063
23.659,1133,2064
23.716,1134,2064
23.825,1135,2064
23.957,1136,2064
23.959,1137,2064
23.965,1138,2064
24.26,1139,2064
24.268,1140,2066
24.312,1141,2066
24.356,1142,2066
24.36,1143,2068
24.372,1144,2069
24.375,1145,2069
24.378,1146,2069
24.384,1147,2069
24.43,1148,2069
24.446,1149,2092
24.467,1150,2092
24.492,1151,2092
24.525,1152,2092
24.578,1153,2092
24.588,1154,2092
24.634,1155,2092
24.665,1156,2092
24.73,1157,2092
24.775,1158,2092
24.776,1159,2092
24.781,1160,2092
24.906,1161,2096
24.918,1162,2096
24.922,1163,2096
24.971,1164,2096
24.979,1165,2096
25.127,1166,2096
25.176,1167,2096
25.225,1168,2096
25.231,1169,2096
25.371,1170,2096
25.379,1171,2096
25.401,1172,2096
25.443,1173,2096
25.46,1174,2096
25.462,1175,2096
25.55,1176,2096
25.572,1177,2096
25.58,1178,2096
25.618,1179,2096
25.672,1180,2096
25.701,1181,2096
25.706,1182,2096
25.738,1183,2096
25.785,1184,2096
25.79,1185,2096
25.807,1186,2096
25.872,1187,2096
26.028,1188,2109
26.033,1189,2109
26.038,1190,2109
26.107,1191,2111
26.222,1192,2113
26.263,1193,2114
26.348,1194,2116
26.373,1195,2116
26.433,1196,2116
26.589,1197,2116
26.705,1198,2116
26.844,1199,2116
26.971,1200,2117
27.015,1201,2117
27.09,1202,2117
27.094,1203,2117
27.115,1204,2117
27.122,1205,2117
27.147,1206,2118
27.272,1207,2118
27.352,1208,2118
27.457,1209,2118
27.468,1210,2118
27.496,1211,2118
27.684,1212,2118
27.775,1213,2118
28.028,1214,2118
28.033,1215,2118
28.27,1216,2118
28.832,1217,2118
28.857,1218,2118
29.295,1219,2118
29.43,1220,2118
29.526,1221,2118
29.936,1222,2118
29.986,1223,2118
30.07,1224,2118
30.236,1225,2118
30.466,1226,2118
30.777,1227,2119
30.893,1228,2119
31.033,1229,2121
31.261,1230,2121
31.279,1231,2121
31.308,1232,2121
31.319,1233,2121
31.326,1234,2121
31.328,1235,2121
31.33,1236,2126
31.337,1237,2126
31.341,1238,2126
31.344,1239,2126
31.363,1240,2126
31.367,1241,2126
31.378,1242,2126
31.388,1243,2126
31.393,1244,2126
31.437,1245,2126
31.458,1246,2126
31.474,1247,2126
31.489,1248,2126
31.53,1249,2126
31.542,1250,2126
31.549,1251,2126
31.652,1252,2126
31.685,1253,2126
31.767,1254,2126
31.775,1255,2126
31.809,1256,2126
31.93,1257,2126
31.934,1258,2127
31.956,1259,2127
31.977,1260,2127
32.014,1261,2127
32.077,1262,2127
32.08,1263,2127
32.097,1264,2127
32.114,1265,2127
32.211,1266,2127
32.228,1267,2127
32.241,1268,2127
32.262,1269,2127
32.27,1270,2127
32.29,1271,2127
32.299,1272,2127
32.355,1273,2127
32.393,1274,2128
32.395,1275,2128
32.403,1276,2128
32.408,1277,2137
32.447,1278,2137
32.719,1279,2137
32.945,1280,2137
33.041,1281,2137
33.598,1282,2137
33.604,1283,2137
34.096,1284,2137
34.211,1285,2137
34.397,1286,2137
34.734,1287,2137
34.831,1288,2137
34.97,1289,2137
34.988,1290,2137
35.037,1291,2137
35.055,1292,2139
35.058,1293,2140
35.061,1294,2140
35.138,1295,2140
35.185,1296,2140
35.262,1297,2140
35.48,1298,2140
35.486,1299,2140
35.504,1300,2140
35.511,1301,2141
35.535,1302,2142
35.539,1303,2142
35.542,1304,2144
35.544,1305,2144
35.545,1306,2144
35.551,1307,2144
35.564,1308,2144
35.57,1309,2150
35.572,1310,2150
35.579,1311,2150
35.582,1312,2150
35.584,1313,2150
35.588,1314,2150
35.596,1315,2151
35.611,1316,2151
35.619,1317,2151
35.625,1318,2151
35.635,1319,2151
35.641,1320,2151
35.659,1321,2151
35.678,1322,2151
35.682,1323,2151
35.691,1324,2151
35.697,1325,2152
35.709,1326,2156
35.733,1327,2156
35.791,1328,2156
35.806,1329,2156
35.812,1330,2157
35.864,1331,2157
35.866,1332,2157
35.869,1333,2158
35.871,1334,2159
35.914,1335,2159
35.928,1336,2159
36.0,1337,2159
36.055,1338,2168
36.067,1339,2168
36.068,1340,2168
36.079,1341,2170
36.113,1342,2170
36.185,1343,2170
36.217,1344,2170
36.22,1345,2170
36.234,1346,2170
36.241,1347,2170
36.244,1348,2170
36.26,1349,2170
36.268,1350,2170
36.285,1351,2170
36.316,1352,2170
36.35,1353,2170
36.367,1354,2170
36.388,1355,2173
36.439,1356,2173
36.61,1357,2173
36.626,1358,2173
36.635,1359,2173
36.676,1360,2173
36.719,1361,2173
36.729,1362,2173
36.8,1363,2173
36.811,1364,2173
36.874,1365,2173
36.984,1366,2173
36.993,1367,2173
37.006,1368,2173
37.079,1369,2175
37.08,1370,2175
37.083,1371,2175
37.225,1372,2175
37.296,1373,2175
37.396,1374,2175
37.42,1375,2175
37.595,1376,2175
37.643,1377,2175
37.693,1378,2175
37.696,1379,2175
37.723,1380,2175
37.78,1381,2175
37.884,1382,2175
37.909,1383,2175
38.033,1384,2176
38.277,1385,2176
38.29,1386,2176
38.68,1387,2176
38.909,1388,2176
39.028,1389,2180
39.16,1390,2180
39.407,1391,2181
39.732,1392,2182
39.82,1393,2182
40.117,1394,2182
40.383,1395,2182
40.414,1396,2182
40.826,1397,2182
40.867,1398,2182
40.899,1399,2182
41.168,1400,2182
41.184,1401,2182
41.188,1402,2182
41.206,1403,2185
41.251,1404,2185
41.275,1405,2191
41.294,1406,2191
41.3,1407,2192
41.322,1408,2192
41.377,1409,2192
41.389,1410,2192
41.488,1411,2192
41.523,1412,2192
41.535,1413,2192
41.666,1414,2193
41.722,1415,2193
42.067,1416,2193
42.074,1417,2193
42.106,1418,2193
42.153,1419,2193
42.447,1420,2193
42.465,1421,2193
42.52,1422,2193
42.678,1423,2193
42.739,1424,2193
42.782,1425,2195
42.845,1426,2197
42.86,1427,2197
42.9,1428,2197
42.942,1429,2197
43.052,1430,2197
43.076,1431,2197
43.203,1432,2198
43.324,1433,2199
43.478,1434,2199
43.677,1435,2199
44.001,1436,2200
44.001,1437,2200
44.138,1438,2200
44.152,1439,2200
44.158,1440,2200
44.17,1441,2201
44.191,1442,2201
44.215,1443,2201
44.217,1444,2202
44.22,1445,2202
44.228,1446,2203
44.238,1447,2203
44.24,1448,2203
44.242,1449,2203
44.263,1450,2203
44.273,1451,2203
44.309,1452,2203
44.314,1453,2203
44.382,1454,2203
44.415,1455,2204
44.427,1456,2204
44.455,1457,2204
44.488,1458,2204
44.606,1459,2204
44.635,1460,2204
44.733,1461,2204
44.746,1462,2204
44.835,1463,2204
44.902,1464,2204
44.965,1465,2204
45.183,1466,2204
45.562,1467,2204
45.764,1468,2204
46.091,1469,2204
46.123,1470,2204
46.176,1471,2204
46.283,1472,2204
46.605,1473,2204
46.648,1474,2204
46.704,1475,2204
47.124,1476,2204
47.419,1477,2204
48.118,1478,2204
48.705,1479,2204
48.758,1480,2204
48.796,1481,2205
49.035,1482,2205
49.048,1483,2205
49.061,1484,2205
49.074,1485,2205
49.484,1486,2205
49.518,1487,2205
49.662,1488,2205
49.687,1489,2205
49.695,1490,2205
49.698,1491,2205
49.709,1492,2205
49.749,1493,2205
49.769,1494,2205
49.772,1495,2207
49.796,1496,2207
49.835,1497,2208
49.854,1498,2210
49.867,1499,2210
49.87,1500,2210
49.876,1501,2210
49.905,1502,2210
49.909,1503,2210
49.936,1504,2210
49.99,1505,2210
50.019,1506,2210
50.085,1507,2212
50.129,1508,2212
50.269,1509,2212
50.278,1510,2212
50.355,1511,2212
50.391,1512,2214
50.433,1513,2214
50.474,1514,2214
50.484,1515,2214
50.538,1516,2215
50.617,1517,2215
50.628,1518,2215
50.648,1519,2215
50.66,1520,2215
50.688,1521,2215
50.695,1522,2215
50.728,1523,2215
50.777,1524,2216
50.806,1525,2216
50.843,1526,2216
50.876,1527,2216
50.888,1528,2216
50.906,1529,2216
50.95,1530,2216
50.985,1531,2218
51.06,1532,2218
51.138,1533,2219
51.536,1534,2219
51.692,1535,2219
52.002,1536,2219
52.062,1537,2219
52.093,1538,2219
52.377,1539,2221
52.512,1540,2222
52.723,1541,2222
52.768,1542,2222
53.226,1543,2222
53.27,1544,2222
53.384,1545,2230
53.387,1546,2231
53.433,1547,2231
53.459,1548,2232
53.481,1549,2232
53.516,1550,2233
53.556,1551,2233
53.596,1552,2234
53.602,1553,2235
53.675,1554,2235
53.685,1555,2236
53.752,1556,2236
54.102,1557,2236
54.24,1558,2236
54.626,1559,2236
55.012,1560,2236
55.014,1561,2237
55.015,1562,2237
55.044,1563,2237
55.074,1564,2237
55.091,1565,2238
55.118,1566,2238
55.166,1567,2238
55.18,1568,2238
55.26,1569,2238
55.355,1570,2240
55.385,1571,2241
55.498,1572,2241
55.595,1573,2242
55.793,1574,2243
55.822,1575,2243
55.832,1576,2243
55.929,1577,2243
55.958,1578,2243
56.065,1579,2257
56.225,1580,2257
56.226,1581,2257
56.359,1582,2257
56.422,1583,2257
56.449,1584,2257
56.561,1585,2257
56.564,1586,2257
56.575,1587,2257
56.673,1588,2257
56.722,1589,2257
56.837,1590,2257
57.075,1591,2259
57.118,1592,2259
57.142,1593,2259
57.411,1594,2259
57.451,1595,2259
57.524,1596,2261
57.55,1597,2261
57.653,1598,2261
57.987,1599,2261
58.082,1600,2261
58.297,1601,2262
58.48,1602,2262
58.487,1603,2262
58.488,1604,2262
58.544,1605,2262
58.545,1606,2262
58.662,1607,2262
59.053,1608,2262
59.056,1609,2262
59.524,1610,2262
59.548,1611,2262
59.553,1612,2262
59.573,1613,2262
59.597,1614,2262
59.638,1615,2262
59.643,1616,2262
59.658,1617,2262
59.667,1618,2262
59.713,1619,2262
59.737,1620,2262
59.798,1621,2262
59.999,1622,2263
60.055,1623,2263
60.332,1624,2263
60.549,1625,2285
60.569,1626,2286
60.586,1627,2286
60.59,1628,2286
60.605,1629,2286
60.627,1630,2286
60.631,1631,2296
60.633,1632,2297
60.869,1633,2301
60.878,1634,2301
61.266,1635,2315
61.357,1636,2319
61.406,1637,2319
61.466,1638,2319
61.604,1639,2320
61.633,1640,2320
61.677,1641,2320
61.791,1642,2320
61.81,1643,2320
61.985,1644,2321
62.017,1645,2321
62.05,1646,2321
62.366,1647,2327
62.55,1648,2327
62.576,1649,2327
63.047,1650,2327
63.236,1651,2328
63.266,1652,2328
63.45,1653,2328
63.462,1654,2328
63.56,1655,2328
63.701,1656,2328
63.908,1657,2328
64.06,1658,2329
64.143,1659,2329
64.398,1660,2329
64.573,1661,2329
64.575,1662,2329
64.579,1663,2329
64.618,1664,2333
64.624,1665,2333
64.627,1666,2333
64.661,1667,2333
64.681,1668,2333
64.713,1669,2333
64.719,1670,2335
64.741,1671,2337
64.785,1672,2337
64.805,1673,2338
64.821,1674,2338
64.835,1675,2338
64.858,1676,2339
64.878,1677,2339
64.937,1678,2340
65.014,1679,2340
65.051,1680,2340
65.157,1681,2342
65.239,1682,2342
65.252,1683,2342
65.332,1684,2343
65.358,1685,2344
65.389,1686,2344
65.395,1687,2344
65.515,1688,2344
65.688,1689,2345
65.699,1690,2346
65.759,1691,2346
65.768,1692,2346
65.78,1693,2346
65.872,1694,2346
65.884,1695,2346
65.917,1696,2346
65.945,1697,2346
66.153,1698,2346
66.232,1699,2346
66.283,1700,2346
66.317,1701,2346
66.626,1702,2346
66.639,1703,2346
66.726,1704,2346
67.038,1705,2346
67.648,1706,2347
67.684,1707,2347
67.959,1708,2347
68.339,1709,2347
68.341,1710,2347
68.342,1711,2347
68.747,1712,2347
68.765,1713,2348
68.78,1714,2348
68.789,1715,2349
68.794,1716,2349
68.829,1717,2349
69.312,1718,2349
69.429,1719,2350
70.251,1720,2350
70.271,1721,2350
70.35,1722,2350
70.369,1723,2350
70.392,1724,2350
70.395,1725,2350
70.516,1726,2350
70.521,1727,2350
70.605,1728,2350
70.677,1729,2350
70.701,1730,2350
71.086,1731,2350
71.123,1732,2350
71.512,1733,2350
71.956,1734,2350
72.039,1735,2350
72.103,1736,2350
72.319,1737,2350
72.348,1738,2350
72.376,1739,2350
72.462,1740,2350
72.483,1741,2350
72.585,1742,2350
72.643,1743,2350
72.877,1744,2350
72.985,1745,2351
72.999,1746,2351
73.163,1747,2351
73.319,1748,2351
73.334,1749,2351
73.473,1750,2351
73.637,1751,2351
73.665,1752,2351
73.823,1753,2351
73.888,1754,2351
73.897,1755,2351
73.91,1756,2351
73.991,1757,2351
74.022,1758,2351
74.083,1759,2352
74.104,1760,2353
74.189,1761,2353
74.434,1762,2358
74.462,1763,2358
75.609,1764,2358
75.631,1765,2358
75.669,1766,2359
75.697,1767,2360
75.705,1768,2360
75.8,1769,2360
75.815,1770,2360
75.932,1771,2360
76.189,1772,2360
76.198,1773,2360
76.562,1774,2360
76.575,1775,2360
77.131,1776,2360
77.31,1777,2360
77.433,1778,2362
77.434,1779,2362
77.437,1780,2362
77.453,1781,2362
77.455,1782,2362
77.461,1783,2362
77.475,1784,2363
77.477,1785,2363
77.484,1786,2363
77.492,1787,2364
77.497,1788,2365
77.498,1789,2365
77.499,1790,2365
77.501,1791,2375
77.506,1792,2376
77.512,1793,2377
77.526,1794,2377
77.563,1795,2378
77.565,1796,2380
77.573,1797,2380
77.596,1798,2381
77.609,1799,2381
77.627,1800,2381
77.639,1801,2381
77.661,1802,2381
77.662,1803,2382
77.672,1804,2383
77.7,1805,2383
77.704,1806,2383
77.72,1807,2383
77.736,1808,2383
77.739,1809,2383
77.803,1810,2383
77.819,1811,2383
77.826,1812,2384
77.829,1813,2384
77.924,1814,2384
77.929,1815,2384
77.937,1816,2384
77.953,1817,2384
77.956,1818,2386
77.966,1819,2386
77.97,1820,2386
78.025,1821,2386
78.051,1822,2387
78.153,1823,2387
78.172,1824,2387
78.18,1825,2388
78.19,1826,2388
78.196,1827,2389
78.23,1828,2389
78.293,1829,2466
78.315,1830,2466
78.337,1831,2466
78.364,1832,2466
78.366,1833,2466
78.45,1834,2466
78.478,1835,2466
78.493,1836,2466
78.507,1837,2467
78.517,1838,2468
78.572,1839,2468
78.597,1840,2468
78.675,1841,2469
78.796,1842,2469
78.8,1843,2469
78.933,1844,2470
79.325,1845,2470
79.332,1846,2470
79.385,1847,2474
79.483,1848,2474
79.507,1849,2474
79.519,1850,2476
79.535,1851,2482
79.544,1852,2484
79.588,1853,2485
79.591,1854,2486
79.594,1855,2486
79.6,1856,2487
79.61,1857,2487
79.649,1858,2490
79.651,1859,2490
79.687,1860,2491
79.692,1861,2492
79.704,1862,2494
79.729,1863,2494
79.745,1864,2494
79.749,1865,2495
79.767,1866,2496
79.774,1867,2496
79.864,1868,2497
79.88,1869,2498
79.92,1870,2498
79.94,1871,2499
79.994,1872,2499
80.026,1873,2499
80.158,1874,2499
80.369,1875,2500
80.537,1876,2500
80.577,1877,2500
80.582,1878,2500
80.634,1879,2500
80.761,1880,2500
80.78,1881,2500
80.918,1882,2500
80.939,1883,2500
81.283,1884,2500
81.394,1885,2500
81.728,1886,2500
81.824,1887,2500
81.86,1888,2500
81.873,1889,2500
82.023,1890,2500
82.456,1891,2500
82.966,1892,2501
83.035,1893,2501
83.097,1894,2501
83.161,1895,2501
83.403,1896,2501
83.925,1897,2501
84.672,1898,2501
84.681,1899,2501
84.744,1900,2501
84.807,1901,2501
85.01,1902,2501
85.48,1903,2501
85.765,1904,2501
85.788,1905,2501
85.857,1906,2501
86.852,1907,2501
87.05,1908,2501
87.53,1909,2501
87.534,1910,2501
88.071,1911,2501
88.091,1912,2501
88.1,1913,2503
88.292,1914,2503
88.348,1915,2503
88.443,1916,2503
88.5,1917,2503
88.508,1918,2503
88.524,1919,2503
88.537,1920,2505
88.56,1921,2505
88.57,1922,2506
88.578,1923,2506
88.606,1924,2506
88.636,1925,2506
88.642,1926,2506
88.689,1927,2506
88.771,1928,2506
88.781,1929,2506
88.791,1930,2506
88.793,1931,2506
88.822,1932,2506
88.957,1933,2506
89.023,1934,2507
89.068,1935,2507
89.462,1936,2508
89.553,1937,2508
89.958,1938,2508
90.265,1939,2508
90.835,1940,2508
91.879,1941,2509
92.118,1942,2509
92.902,1943,2509
93.051,1944,2509
93.069,1945,2509
93.072,1946,2509
93.091,1947,2509
93.133,1948,2509
93.157,1949,2509
93.197,1950,2509
93.322,1951,2509
93.389,1952,2509
93.5,1953,2509
93.966,1954,2509
94.009,1955,2509
94.805,1956,2509
94.873,1957,2509
94.917,1958,2509
95.059,1959,2509
95.117,1960,2509
95.222,1961,2509
95.273,1962,2509
95.61,1963,2509
95.694,1964,2509
95.872,1965,2509
96.027,1966,2509
96.052,1967,2509
96.215,1968,2509
96.247,1969,2509
96.751,1970,2509
97.039,1971,2509
97.537,1972,2509
99.935,1973,2509
100.831,1974,2509
100.834,1975,2509
100.869,1976,2509
100.911,1977,2509
101.301,1978,2510
101.315,1979,2510
101.535,1980,2510
101.539,1981,2511
101.597,1982,2511
101.644,1983,2511
101.813,1984,2511
101.827,1985,2511
101.96,1986,2511
102.028,1987,2511
102.054,1988,2511
102.098,1989,2511
102.371,1990,2511
103.621,1991,2511
103.815,1992,2516
103.827,1993,2516
103.866,1994,2516
103.871,1995,2516
103.875,1996,2517
103.931,1997,2517
104.022,1998,2517
104.194,1999,2517
104.413,2000,2517
104.463,2001,2517
104.467,2002,2517
104.657,2003,2517
104.661,2004,2517
104.711,2005,2522
104.713,2006,2522
104.848,2007,2522
105.164,2008,2522
105.31,2009,2527
105.457,2010,2528
105.641,2011,2528
105.811,2012,2529
105.825,2013,2531
105.84,2014,2531
105.92,2015,2531
105.929,2016,2531
106.044,2017,2531
106.138,2018,2531
106.376,2019,2531
106.614,2020,2531
106.905,2021,2531
106.95,2022,2531
107.191,2023,2531
107.27,2024,2531
107.323,2025,2543
107.332,2026,2543
107.346,2027,2543
107.411,2028,2543
107.596,2029,2543
107.627,2030,2543
107.659,2031,2543
108.313,2032,2543
109.138,2033,2543
109.543,2034,2543
112.365,2035,2543
113.32,2036,2543
113.43,2037,2543
113.472,2038,2543
113.776,2039,2544
113.854,2040,2544
113.9,2041,2544
114.033,2042,2544
114.043,2043,2544
114.059,2044,2544
114.166,2045,2544
114.951,2046,2544
114.966,2047,2544
115.016,2048,2544
115.693,2049,2544
115.715,2050,2544
115.938,2051,2544
116.213,2052,2544
116.257,2053,2544
116.315,2054,2544
116.418,2055,2544
117.004,2056,2545
117.343,2057,2545
117.463,2058,2545
117.515,2059,2545
117.518,2060,2545
117.57,2061,2545
117.606,2062,2545
119.236,2063,2553
119.237,2064,2556
119.237,2065,2596
119.239,2066,2602
119.24,2067,2628
119.241,2068,2630
119.241,2069,2635
119.242,2070,2637
119.249,2071,2642
119.253,2072,2663
119.256,2073,2668
119.257,2074,2669
119.258,2075,2671
119.259,2076,2672
119.262,2077,2678
119.276,2078,2679
119.279,2079,2680
119.282,2080,2681
119.283,2081,2684
119.284,2082,2685
119.285,2083,2686
119.286,2084,2687
119.287,2085,2688
119.291,2086,2689
119.293,2087,2690
119.307,2088,2691
119.31,2089,2697
119.312,2090,2698
119.321,2091,2699
119.322,2092,2701
119.325,2093,2703
119.327,2094,2709
119.328,2095,2710
119.329,2096,2712
119.332,2097,2713
119.335,2098,2714
119.337,2099,2715
119.339,2100,2715
119.346,2101,2721
119.371,2102,2721
119.393,2103,2722
119.406,2104,2722
119.408,2105,2722
119.412,2106,2722
119.415,2107,2724
119.417,2108,2725
119.419,2109,2725
119.426,2110,2725
119.438,2111,2729
119.446,2112,2730
119.459,2113,2733
119.463,2114,2733
119.467,2115,2735
119.532,2116,2735
119.566,2117,2735
119.599,2118,2739
119.635,2119,2742
119.679,2120,2743
119.796,2121,2744
119.836,2122,2745
119.841,2123,2745
119.867,2124,2746
119.925,2125,2747
119.933,2126,2747
119.949,2127,2748
120.002,2128,2748
120.022,2129,2750
120.115,2130,2750
120.15,2131,2753
120.155,2132,2758
120.191,2133,2759
120.233,2134,2759
120.304,2135,2760
120.314,2136,2760
120.414,2137,2760
120.48,2138,2760
120.522,2139,2761
120.626,2140,2761
120.75,2141,2761
120.811,2142,2762
120.948,2143,2763
121.002,2144,2763
121.022,2145,2763
121.11,2146,2763
121.186,2147,2763
121.225,2148,2763
121.285,2149,2763
121.289,2150,2763
121.291,2151,2763
121.319,2152,2764
121.363,2153,2765
121.418,2154,2765
121.44,2155,2765
121.443,2156,2772
121.515,2157,2772
121.612,2158,2772
121.708,2159,2772
121.837,2160,2774
121.949,2161,2774
122.097,2162,2774
122.148,2163,2774
122.153,2164,2774
122.278,2165,2774
122.579,2166,2774
122.644,2167,2775
122.857,2168,2775
122.866,2169,2775
122.892,2170,2775
122.995,2171,2775
123.005,2172,2775
123.032,2173,2775
123.05,2174,2775
123.064,2175,2775
123.068,2176,2775
123.071,2177,2776
123.082,2178,2777
123.1,2179,2778
123.115,2180,2778
123.197,2181,2779
123.209,2182,2779
123.22,2183,2780
123.233,2184,2780
123.306,2185,2781
123.329,2186,2781
123.334,2187,2783
123.341,2188,2784
123.388,2189,2785
123.402,2190,2785
123.418,2191,2786
123.464,2192,2786
123.483,2193,2786
123.488,2194,2786
123.527,2195,2786
123.539,2196,2786
123.606,2197,2786
123.641,2198,2786
123.647,2199,2786
123.657,2200,2786
123.661,2201,2786
123.666,2202,2786
123.716,2203,2797
123.753,2204,2797
123.76,2205,2802
123.778,2206,2805
123.844,2207,2805
124.531,2208,2806
124.629,2209,2806
124.636,2210,2806
124.637,2211,2808
124.645,2212,2808
124.653,2213,2817
124.671,2214,2818
124.679,2215,2818
124.738,2216,2819
124.767,2217,2819
124.777,2218,2819
124.78,2219,2819
124.797,2220,2819
124.831,2221,2819
124.935,2222,2819
124.956,2223,2819
125.03,2224,2819
125.108,2225,2821
125.194,2226,2821
125.232,2227,2821
125.252,2228,2821
125.281,2229,2821
125.291,2230,2821
125.345,2231,2821
125.349,2232,2821
125.373,2233,2821
125.436,2234,2821
126.103,2235,2821
126.15,2236,2821
126.215,2237,2821
126.224,2238,2821
126.355,2239,2821
126.359,2240,2821
126.386,2241,2823
126.403,2242,2823
126.454,2243,2824
126.499,2244,2825
126.515,2245,2826
126.52,2246,2826
126.558,2247,2826
126.657,2248,2826
126.661,2249,2826
126.665,2250,2826
126.669,2251,2826
126.675,2252,2826
126.709,2253,2826
126.942,2254,2826
127.08,2255,2830
127.142,2256,2831
127.49,2257,2831
127.491,2258,2831
127.568,2259,2831
127.715,2260,2831
127.758,2261,2831
127.871,2262,2831
127.91,2263,2831
127.976,2264,2831
128.039,2265,2831
128.388,2266,2831
128.446,2267,2831
128.474,2268,2831
128.541,2269,2831
128.543,2270,2831
128.675,2271,2831
128.679,2272,2831
128.805,2273,2831
129.072,2274,2831
129.354,2275,2831
129.361,2276,2831
129.394,2277,2831
129.547,2278,2832
129.62,2279,2833
129.65,2280,2833
129.698,2281,2833
130.425,2282,2833
130.491,2283,2835
130.607,2284,2835
130.637,2285,2835
130.67,2286,2835
130.995,2287,2835
131.011,2288,2835
131.077,2289,2835
131.141,2290,2835
131.172,2291,2835
131.236,2292,2835
131.473,2293,2835
131.539,2294,2835
131.606,2295,2835
131.737,2296,2835
131.802,2297,2835
131.959,2298,2835
131.986,2299,2835
132.03,2300,2835
132.23,2301,2835
132.322,2302,2835
132.387,2303,2835
132.621,2304,2835
132.64,2305,2835
132.65,2306,2835
132.68,2307,2835
132.779,2308,2835
133.141,2309,2835
133.164,2310,2835
133.37,2311,2835
133.566,2312,2835
133.786,2313,2835
134.054,2314,2835
134.088,2315,2835
134.099,2316,2835
134.112,2317,2835
134.184,2318,2835
134.225,2319,2835
134.252,2320,2835
134.352,2321,2835
134.812,2322,2835
134.86,2323,2835
134.874,2324,2835
134.883,2325,2835
135.03,2326,2835
135.081,2327,2835
135.155,2328,2835
135.215,2329,2835
136.37,2330,2835
136.371,2331,2835
136.372,2332,2835
136.374,2333,2835
136.375,2334,2835
136.38,2335,2835
136.381,2336,2835
136.389,2337,2835
136.561,2338,2835
136.563,2339,2835
136.566,2340,2835
136.576,2341,2836
136.58,2342,2836
136.584,2343,2836
136.593,2344,2836
136.596,2345,2836
136.737,2346,2836
136.756,2347,2836
136.935,2348,2836
136.984,2349,2836
137.002,2350,2836
137.079,2351,2836
137.103,2352,2836
137.177,2353,2837
137.215,2354,2837
137.751,2355,2837
137.833,2356,2837
137.957,2357,2837
138.237,2358,2837
138.613,2359,2837
138.901,2360,2837
139.39,2361,2837
139.84,2362,2837
141.174,2363,2837
141.716,2364,2837
142.999,2365,2837
143.189,2366,2837
143.418,2367,2837
143.576,2368,2837
143.582,2369,2837
143.662,2370,2837
143.672,2371,2837
143.685,2372,2837
143.74,2373,2837
143.745,2374,2837
143.781,2375,2837
144.036,2376,2837
144.123,2377,2837
144.204,2378,2837
144.329,2379,2837
144.49,2380,2837
145.355,2381,2837
145.556,2382,2837
145.688,2383,2837
145.705,2384,2837
145.71,2385,2837
145.751,2386,2837
145.762,2387,2837
145.764,2388,2837
145.818,2389,2837
145.853,2390,2837
145.901,2391,2837
145.934,2392,2837
146.037,2393,2837
146.347,2394,2837
146.47,2395,2837
146.577,2396,2837
148.004,2397,2837
148.092,2398,2837
148.154,2399,2837
148.194,2400,2837
148.349,2401,2837
148.368,2402,2837
148.551,2403,2837
148.659,2404,2837
148.668,2405,2837
148.699,2406,2837
148.72,2407,2837
148.724,2408,2837
148.781,2409,2837
148.804,2410,2837
148.833,2411,2837
148.963,2412,2837
148.999,2413,2837
149.378,2414,2837
149.573,2415,2837
150.875,2416,2837
153.65,2417,2837
153.826,2418,2837
154.641,2419,2837
154.876,2420,2837
154.992,2421,2837
155.547,2422,2837
155.631,2423,2837
156.272,2424,2837
156.492,2425,2837
157.232,2426,2837
157.251,2427,2837
157.5,2428,2837
157.851,2429,2837
157.886,2430,2837
157.97,2431,2837
158.015,2432,2837
158.034,2433,2837
158.111,2434,2837
158.212,2435,2837
158.439,2436,2837
158.768,2437,2837
159.862,2438,2837
159.976,2439,2837
160.047,2440,2837
160.099,2441,2837
160.102,2442,2837
160.293,2443,2837
160.436,2444,2837
160.887,2445,2837
160.931,2446,2837
160.978,2447,2837
161.578,2448,2837
161.67,2449,2837
161.86,2450,2837
161.871,2451,2837
161.875,2452,2837
162.301,2453,2837
162.479,2454,2837
162.561,2455,2837
162.636,2456,2837
162.821,2457,2837
162.894,2458,2837
163.081,2459,2837
163.096,2460,2837
163.26,2461,2837
163.264,2462,2837
163.287,2463,2837
163.346,2464,2837
163.37,2465,2837
163.492,2466,2837
163.787,2467,2837
164.198,2468,2837
164.35,2469,2837
164.808,2470,2837
165.028,2471,2837
165.896,2472,2837
166.228,2473,2837
167.045,2474,2838
167.17,2475,2838
167.485,2476,2839
167.622,2477,2839
167.643,2478,2844
167.975,2479,2844
168.287,2480,2844
168.621,2481,2847
168.681,2482,2847
168.869,2483,2847
168.872,2484,2847
168.981,2485,2847
169.161,2486,2847
169.301,2487,2847
169.361,2488,2847
169.679,2489,2847
170.112,2490,2847
170.411,2491,2847
170.605,2492,2847
171.157,2493,2847
171.79,2494,2847
172.104,2495,2847
172.789,2496,2847
172.795,2497,2847
172.82,2498,2847
172.831,2499,2847
172.869,2500,2847
172.961,2501,2847
173.536,2502,2847
173.979,2503,2851
174.495,2504,2856
175.007,2505,2856
175.865,2506,2856
176.79,2507,2856
179.495,2508,2856
179.531,2509,2856
179.787,2510,2856
179.999,2511,2856
180.022,2512,2856
180.281,2513,2856
180.327,2514,2856
181.093,2515,2856
181.183,2516,2856
181.346,2517,2856
181.5,2518,2856
182.743,2519,2856
182.963,2520,2856
185.406,2521,2856
185.644,2522,2865
185.687,2523,2865
185.812,2524,2865
186.099,2525,2865
186.107,2526,2865
186.414,2527,2866
186.415,2528,2871
186.432,2529,2871
186.441,2530,2871
186.722,2531,2871
187.058,2532,2871
187.155,2533,2871
188.97,2534,2871
189.62,2535,2871
190.646,2536,2871
191.618,2537,2871
191.634,2538,2871
191.659,2539,2871
191.686,2540,2871
191.724,2541,2871
191.731,2542,2871
191.772,2543,2871
191.892,2544,2871
192.514,2545,2871
193.331,2546,2871
193.506,2547,2872
193.741,2548,2872
193.802,2549,2872
194.25,2550,2872
194.32,2551,2872
195.02,2552,2872
195.036,2553,2872
195.04,2554,2872
195.096,2555,2872
195.615,2556,2872
195.723,2557,2873
196.51,2558,2873
196.972,2559,2873
198.912,2560,2873
201.566,2561,2873
201.995,2562,2873
202.452,2563,2873
202.857,2564,2873
202.903,2565,2873
203.401,2566,2873
204.13,2567,2873
204.374,2568,2873
204.796,2569,2876
204.844,2570,2876
205.18,2571,2876
205.192,2572,2876
205.873,2573,2876
206.549,2574,2878
206.728,2575,2878
207.986,2576,2878
207.994,2577,2878
208.856,2578,2878
208.873,2579,2878
208.935,2580,2878
209.196,2581,2878
209.316,2582,2878
209.568,2583,2878
209.582,2584,2878
209.772,2585,2878
210.661,2586,2878
211.128,2587,2878
211.241,2588,2878
211.278,2589,2878
211.312,2590,2878
213.194,2591,2878
214.119,2592,2878
214.758,2593,2878
214.896,2594,2878
216.343,2595,2878
216.348,2596,2878
217.207,2597,2878
218.951,2598,2878
219.119,2599,2878
219.223,2600,2878
219.229,2601,2878
219.24,2602,2878
219.276,2603,2878
220.801,2604,2878
220.852,2605,2878
220.894,2606,2878
220.911,2607,2878
221.009,2608,2878
221.061,2609,2878
221.26,2610,2878
221.306,2611,2878
221.499,2612,2878
221.921,2613,2878
222.646,2614,2878
222.85,2615,2878
223.454,2616,2878
223.966,2617,2878
224.009,2618,2881
225.654,2619,2881
225.712,2620,2881
228.82,2621,2881
229.985,2622,2881
230.714,2623,2882
231.436,2624,2882
231.5,2625,2882
233.038,2626,2882
233.311,2627,2882
233.515,2628,2882
233.563,2629,2882
233.884,2630,2882
234.104,2631,2882
234.134,2632,2882
234.141,2633,2882
234.224,2634,2882
234.232,2635,2882
234.474,2636,2882
234.501,2637,2882
234.894,2638,2882
234.915,2639,2882
235.758,2640,2882
235.919,2641,2882
235.97,2642,2882
237.039,2643,2882
237.695,2644,2884
237.874,2645,2884
238.642,2646,2884
238.865,2647,2884
239.458,2648,2884
239.506,2649,2884
239.537,2650,2884
239.737,2651,2884
239.749,2652,2884
239.782,2653,2884
240.076,2654,2884
240.102,2655,2884
240.13,2656,2884
240.39,2657,2885
240.847,2658,2885
241.27,2659,2885
241.282,2660,2885
241.436,2661,2885
243.125,2662,2885
243.432,2663,2885
245.126,2664,2885
245.681,2665,2885
245.948,2666,2885
245.975,2667,2885
247.549,2668,2885
247.908,2669,2885
248.393,2670,2885
248.716,2671,2885
248.739,2672,2885
251.794,2673,2885
252.498,2674,2885
252.561,2675,2885
252.609,2676,2885
253.71,2677,2885
253.734,2678,2885
254.604,2679,2885
254.677,2680,2885
255.455,2681,2885
255.61,2682,2885
255.615,2683,2885
255.978,2684,2885
256.823,2685,2885
258.645,2686,2885
264.029,2687,2885
264.497,2688,2885
265.268,2689,2885
265.318,2690,2885
265.356,2691,2885
266.445,2692,2885
267.018,2693,2885
267.024,2694,2885
267.027,2695,2885
267.249,2696,2885
267.591,2697,2885
268.008,2698,2885
268.056,2699,2885
268.108,2700,2885
268.285,2701,2885
270.834,2702,2885
270.881,2703,2885
270.974,2704,2885
271.451,2705,2885
271.975,2706,2885
272.023,2707,2885
272.038,2708,2885
272.301,2709,2885
272.535,2710,2885
272.916,2711,2885
273.383,2712,2886
274.86,2713,2886
276.393,2714,2886
276.558,2715,2886
276.612,2716,2886
276.939,2717,2886
277.292,2718,2886
277.44,2719,2886
280.267,2720,2886
283.338,2721,2886
284.603,2722,2886
291.544,2723,2886
294.403,2724,2886
294.404,2725,2886
294.431,2726,2886
295.058,2727,2887
295.407,2728,2887
295.462,2729,2888
295.659,2730,2888
299.523,2731,2888
299.551,2732,2888
301.578,2733,2888
301.741,2734,2888
302.047,2735,2888
302.984,2736,2891
303.056,2737,2892
303.065,2738,2893
303.066,2739,2893
303.075,2740,2896
303.206,2741,2897
303.212,2742,2898
303.897,2743,2899
305.133,2744,2899
305.724,2745,2899
307.653,2746,2899
308.71,2747,2899
308.907,2748,2899
309.385,2749,2899
309.636,2750,2900
310.281,2751,2900
310.606,2752,2900
310.658,2753,2900
310.793,2754,2900
311.66,2755,2900
312.473,2756,2900
312.499,2757,2900
313.453,2758,2900
313.808,2759,2900
313.98,2760,2900
314.428,2761,2900
315.873,2762,2900
315.997,2763,2900
316.042,2764,2900
317.487,2765,2900
317.63,2766,2900
317.763,2767,2900
318.192,2768,2900
320.055,2769,2900
321.484,2770,2900
321.497,2771,2900
321.513,2772,2900
323.623,2773,2900
323.73,2774,2900
323.769,2775,2900
323.8,2776,2900
324.116,2777,2900
324.167,2778,2900
324.427,2779,2900
325.092,2780,2901
325.196,2781,2901
325.448,2782,2903
325.452,2783,2903
325.463,2784,2903
325.651,2785,2903
325.706,2786,2903
325.963,2787,2903
325.965,2788,2903
325.98,2789,2903
326.136,2790,2903
326.181,2791,2903
326.22,2792,2903
326.247,2793,2903
326.371,2794,2903
326.376,2795,2903
327.295,2796,2903
328.099,2797,2903
328.611,2798,2903
328.614,2799,2903
328.619,2800,2903
328.659,2801,2903
328.716,2802,2903
328.785,2803,2904
328.865,2804,2904
328.911,2805,2904
329.304,2806,2904
329.912,2807,2904
329.956,2808,2904
331.201,2809,2904
331.67,2810,2904
331.678,2811,2904
332.605,2812,2904
335.643,2813,2904
335.649,2814,2904
336.141,2815,2904
338.271,2816,2904
339.059,2817,2904
339.634,2818,2904
339.688,2819,2904
339.986,2820,2904
340.273,2821,2904
340.292,2822,2904
340.361,2823,2904
341.175,2824,2904
341.214,2825,2905
341.337,2826,2905
341.643,2827,2907
341.824,2828,2907
342.621,2829,2908
342.624,2830,2908
345.585,2831,2908
345.709,2832,2908
346.683,2833,2908
346.69,2834,2908
346.703,2835,2908
346.728,2836,2908
346.746,2837,2908
346.778,2838,2908
346.787,2839,2908
346.842,2840,2908
346.988,2841,2908
347.119,2842,2908
347.256,2843,2908
347.51,2844,2908
347.707,2845,2908
348.046,2846,2908
348.047,2847,2908
348.051,2848,2908
348.095,2849,2908
350.336,2850,2908
353.673,2851,2908
354.065,2852,2908
354.57,2853,2908
354.68,2854,2908
355.498,2855,2908
356.112,2856,2908
357.829,2857,2908
358.435,2858,2908
358.508,2859,2909
358.555,2860,2910
358.935,2861,2910
358.953,2862,2910
359.048,2863,2910
361.161,2864,2910
362.275,2865,2910
364.101,2866,2910
365.095,2867,2910
366.834,2868,2910
366.992,2869,2910
367.366,2870,2910
367.849,2871,2910
368.373,2872,2910
370.505,2873,2910
370.819,2874,2910
373.074,2875,2910
373.37,2876,2910
375.05,2877,2910
375.433,2878,2910
377.094,2879,2910
378.788,2880,2910
379.872,2881,2911
379.881,2882,2911
380.147,2883,2911
380.174,2884,2911
380.482,2885,2911
380.658,2886,2911
381.122,2887,2911
381.737,2888,2911
381.76,2889,2911
381.838,2890,2911
383.947,2891,2911
383.963,2892,2912
384.097,2893,2912
385.647,2894,2912
387.338,2895,2912
388.877,2896,2912
390.563,2897,2912
395.973,2898,2912
396.221,2899,2912
396.232,2900,2912
399.618,2901,2912
399.637,2902,2913
399.757,2903,2913
399.806,2904,2913
403.705,2905,2913
404.481,2906,2913
404.695,2907,2913
404.788,2908,2913
404.814,2909,2913
406.067,2910,2913
407.549,2911,2913
408.574,2912,2913
410.264,2913,2913
410.714,2914,2913
411.223,2915,2913
411.48,2916,2913
412.474,2917,2913
413.076,2918,2913
420.727,2919,2913
425.998,2920,2913
426.99,2921,2913
428.832,2922,2913
428.98,2923,2913
429.052,2924,2913
429.136,2925,2913
429.264,2926,2913
429.331,2927,2913
429.496,2928,2913
429.853,2929,2913
429.875,2930,2913
429.968,2931,2913
430.648,2932,2913
430.775,2933,2913
433.016,2934,2913
433.863,2935,2913
434.171,2936,2913
434.35,2937,2913
435.684,2938,2913
438.918,2939,2937
443.001,2940,2939
444.742,2941,2939
444.769,2942,2939
444.864,2943,2940
446.172,2944,2940
446.446,2945,2940
446.853,2946,2940
450.422,2947,2940
452.711,2948,2940
452.967,2949,2940
453.46,2950,2940
453.665,2951,2940
454.401,2952,2940
454.42,2953,2940
454.653,2954,2940
456.339,2955,2940
457.032,2956,2940
457.249,2957,2940
457.864,2958,2940
461.888,2959,2940
463.127,2960,2940
464.082,2961,2940
464.206,2962,2940
466.862,2963,2940
479.734,2964,2940
479.745,2965,2940
479.899,2966,2940
481.567,2967,2940
483.159,2968,2940
484.826,2969,2940
484.833,2970,2940
484.891,2971,2940
484.978,2972,2940
485.004,2973,2940
485.245,2974,2940
493.768,2975,2940
494.383,2976,2940
496.704,2977,2940
496.751,2978,2940
497.222,2979,2940
500.26,2980,2940
500.328,2981,2940
500.366,2982,2940
500.538,2983,2940
500.961,2984,2940
501.98,2985,2940
502.193,2986,2940
506.022,2987,2940
507.004,2988,2940
510.23,2989,2940
510.428,2990,2940
510.536,2991,2940
512.132,2992,2940
512.319,2993,2940
516.061,2994,2940
523.43,2995,2940
523.444,2996,2940
524.346,2997,2940
527.928,2998,2940
528.69,2999,2940
529.042,3000,2940
529.362,3001,2940
530.943,3002,2940
532.185,3003,2940
536.625,3004,2940
537.719,3005,2957
538.082,3006,2957
538.096,3007,2963
538.136,3008,2963
538.144,3009,2964
538.301,3010,2964
538.398,3011,2964
538.404,3012,2965
538.411,3013,2965
538.414,3014,2965
538.42,3015,2965
538.732,3016,2965
538.98,3017,2967
538.987,3018,2967
539.012,3019,2967
539.021,3020,2967
539.056,3021,2967
539.066,3022,2969
539.082,3023,2970
539.102,3024,2971
539.108,3025,2971
539.132,3026,2971
539.356,3027,2972
539.407,3028,2972
539.57,3029,2974
539.782,3030,2974
539.853,3031,2974
540.169,3032,2974
540.514,3033,2975
541.264,3034,2975
543.592,3035,2975
544.256,3036,2975
544.326,3037,2975
547.411,3038,2975
548.43,3039,2975
548.802,3040,2975
548.826,3041,2975
549.614,3042,2975
550.081,3043,2975
550.224,3044,2975
550.571,3045,2976
553.353,3046,2976
553.972,3047,2976
554.123,3048,2976
554.292,3049,2976
555.096,3050,2976
556.273,3051,2976
556.877,3052,2976
561.167,3053,2976
562.238,3054,2976
562.513,3055,2976
565.184,3056,2976
565.257,3057,2976
565.512,3058,2976
572.901,3059,2976
573.708,3060,2976
575.188,3061,2976
576.097,3062,2976
579.713,3063,2976
584.716,3064,2976
586.355,3065,2976
588.919,3066,2976
594.275,3067,2976
596.613,3068,2976
599.036,3069,2976
599.068,3070,2976
600.665,3071,2976
601.697,3072,2976
601.896,3073,2976
601.961,3074,2976
602.027,3075,2976
602.121,3076,2976
602.46,3077,2976
602.694,3078,2976
602.978,3079,2976
603.202,3080,2976
603.436,3081,2976
603.584,3082,2976
604.184,3083,2976
604.803,3084,2976
604.913,3085,2976
605.378,3086,2976
605.553,3087,2976
605.744,3088,2976
605.977,3089,2976
606.05,3090,2976
606.223,3091,2976
607.603,3092,2976
608.351,3093,2976
608.99,3094,2976
609.078,3095,2976
610.543,3096,2976
611.325,3097,2976
612.065,3098,2976
612.646,3099,2976
612.682,3100,2976
613.168,3101,2976
614.28,3102,2976
614.443,3103,2976
614.856,3104,2976
615.465,3105,2976
615.605,3106,2976
617.18,3107,2976
617.633,3108,2976
617.771,3109,2976
618.258,3110,2976
619.265,3111,2976
619.28,3112,2976
619.287,3113,2976
619.293,3114,2976
619.297,3115,2976
619.33,3116,2976
619.485,3117,2976
619.531,3118,2976
619.555,3119,2976
619.574,3120,2976
619.599,3121,2976
619.606,3122,2976
619.636,3123,2978
619.687,3124,2978
619.774,3125,2978
619.955,3126,2978
620.066,3127,2978
620.084,3128,2978
620.127,3129,2978
620.49,3130,2978
620.588,3131,2978
620.613,3132,2978
620.784,3133,2978
623.468,3134,2978
623.733,3135,2978
625.911,3136,2978
626.707,3137,2978
630.919,3138,2978
632.809,3139,2978
634.592,3140,2978
634.708,3141,2978
634.724,3142,2978
636.488,3143,2978
636.607,3144,2978
636.686,3145,2979
639.207,3146,2979
641.102,3147,2979
641.449,3148,2979
643.538,3149,2979
645.04,3150,2979
648.128,3151,2979
650.155,3152,2979
653.24,3153,2979
653.268,3154,2979
653.437,3155,2979
654.955,3156,2984
656.847,3157,2984
657.914,3158,2984
658.136,3159,2984
658.832,3160,2984
662.102,3161,2984
663.547,3162,2984
666.702,3163,2984
668.392,3164,2984
668.954,3165,2984
671.145,3166,2984
671.706,3167,2984
671.922,3168,2984
675.224,3169,2984
676.047,3170,2984
686.216,3171,2984
691.927,3172,2984
697.543,3173,2984
697.558,3174,2984
698.443,3175,2984
698.464,3176,2984
698.48,3177,2984
699.41,3178,2984
699.427,3179,2984
699.567,3180,2985
699.646,3181,2985
699.822,3182,2985
700.129,3183,2987
700.151,3184,2988
703.012,3185,2988
703.556,3186,2988
703.869,3187,2988
704.107,3188,2990
704.532,3189,2990
705.221,3190,2990
705.747,3191,2990
706.15,3192,2990
714.516,3193,2990
720.543,3194,2990
720.703,3195,2991
720.733,3196,2991
720.77,3197,2991
720.984,3198,2991
722.494,3199,2991
725.963,3200,2991
726.722,3201,2991
731.144,3202,2991
732.275,3203,2991
732.586,3204,2991
741.361,3205,2991
741.568,3206,2991
742.393,3207,2991
742.518,3208,2991
745.766,3209,2991
746.321,3210,2991
746.935,3211,2991
751.094,3212,2991
759.029,3213,2991
764.467,3214,2991
777.435,3215,2991
777.924,3216,2991
778.67,3217,2991
778.724,3218,2991
779.188,3219,2991
779.577,3220,2991
779.821,3221,2991
781.647,3222,2991
782.181,3223,2991
791.227,3224,2991
798.358,3225,2991
799.23,3226,2991
803.513,3227,2991
809.704,3228,2991
809.926,3229,2991
809.951,3230,2991
810.22,3231,2991
810.282,3232,2991
816.209,3233,2991
817.979,3234,2991
819.6,3235,2991
823.209,3236,2991
825.318,3237,2991
825.537,3238,2991
831.642,3239,2991
832.771,3240,2991
833.678,3241,2991
837.971,3242,2991
838.46,3243,2991
845.481,3244,2991
860.078,3245,2991
861.188,3246,2991
867.545,3247,2991
867.548,3248,2991
867.635,3249,2991
867.742,3250,2991
867.745,3251,2991
867.828,3252,2991
868.042,3253,2994
868.499,3254,2995
868.547,3255,2995
868.758,3256,2995
868.853,3257,2995
868.875,3258,2995
868.987,3259,2995
869.254,3260,2995
869.275,3261,2995
869.29,3262,2995
869.989,3263,2995
870.812,3264,2995
871.245,3265,2995
871.335,3266,2995
872.056,3267,2995
874.744,3268,2995
874.76,3269,2995
874.841,3270,2995
875.365,3271,2995
881.099,3272,2995
881.234,3273,2995
881.764,3274,2995
882.167,3275,2995
882.696,3276,2995
882.751,3277,2995
882.882,3278,2995
882.98,3279,2995
885.763,3280,2995
886.904,3281,2995
891.661,3282,2995
891.965,3283,2995
895.14,3284,2995
896.478,3285,2995
897.296,3286,2995
898.277,3287,2995
900.431,3288,2995
902.342,3289,2995
903.21,3290,2995
909.454,3291,2995
914.263,3292,2995
914.413,3293,2995
917.312,3294,2995
922.887,3295,2995
922.925,3296,2995
923.049,3297,2995
923.051,3298,2995
923.101,3299,2995
923.123,3300,2995
923.372,3301,2995
923.767,3302,2995
924.076,3303,2995
924.469,3304,2995
929.07,3305,2995
929.339,3306,2995
929.625,3307,2995
930.295,3308,2995
930.391,3309,2995
930.397,3310,2995
931.035,3311,2995
931.041,3312,2995
931.701,3313,2995
931.783,3314,2995
931.821,3315,2995
931.828,3316,2995
931.952,3317,2995
932.042,3318,2995
932.083,3319,2995
932.25,3320,2995
932.272,3321,2995
932.439,3322,2995
932.616,3323,2995
932.655,3324,2995
932.733,3325,2995
932.843,3326,2995
933.269,3327,2995
934.327,3328,2995
934.997,3329,2995
937.376,3330,2995
937.885,3331,2995
938.002,3332,2995
941.637,3333,2995
944.37,3334,2995
950.212,3335,2995
950.338,3336,2995
953.617,3337,2995
953.686,3338,2995
960.469,3339,2995
961.253,3340,2995
962.993,3341,2995
963.335,3342,2995
967.155,3343,2995
968.943,3344,2995
979.008,3345,2995
981.065,3346,2995
981.262,3347,2995
983.898,3348,2995
984.75,3349,2995
985.956,3350,2995
991.107,3351,2996
994.27,3352,2996
994.983,3353,2996
995.413,3354,2996
995.424,3355,2996
995.448,3356,2996
995.476,3357,2996
995.529,3358,2996
998.553,3359,2996
999.429,3360,2996
999.5,3361,2996
999.588,3362,2996
1000.192,3363,2996
1000.347,3364,2996
1001.887,3365,2996
1008.481,3366,2996
1008.556,3367,2996
1012.184,3368,2996
1012.684,3369,2996
1013.66,3370,2996
1014.181,3371,2996
1017.722,3372,2996
1018.043,3373,2996
1024.878,3374,2996
1027.123,3375,2996
1027.829,3376,2996
1028.091,3377,2996
1030.215,3378,2996
1035.065,3379,2996
1053.645,3380,2996
1055.265,3381,2996
1060.25,3382,2996
1065.378,3383,2996
1092.87,3384,2996
1100.003,3385,2996
1103.541,3386,2996
1104.367,3387,2996
1107.522,3388,2996
1107.929,3389,2996
1107.931,3390,2996
1108.074,3391,2996
1108.088,3392,2996
1108.509,3393,2996
1108.558,3394,2996
1108.653,3395,2996
1108.745,3396,2996
1113.634,3397,2996
1113.985,3398,2996
1114.051,3399,2996
1114.09,3400,2996
1114.237,3401,2996
1114.329,3402,2996
1115.153,3403,2996
1116.589,3404,2996
1116.925,3405,2996
1117.522,3406,2996
1117.949,3407,2996
1117.97,3408,2996
1121.174,3409,2996
1125.571,3410,2996
1125.81,3411,2996
1125.817,3412,2996
1126.004,3413,2996
1126.035,3414,2996
1127.382,3415,2996
1128.331,3416,2996
1130.726,3417,2996
1131.045,3418,2996
1131.078,3419,2996
1133.577,3420,2996
1138.174,3421,2996
1138.993,3422,2996
1150.206,3423,2996
1150.294,3424,2996
1150.334,3425,2996
1152.575,3426,2996
1152.898,3427,2996
1152.981,3428,2996
1153.003,3429,2996
1153.288,3430,2996
1153.589,3431,2996
1153.614,3432,2996
1153.873,3433,2996
1155.57,3434,2996
1156.1,3435,2996
1157.087,3436,2996
1157.261,3437,2996
1163.635,3438,2996
1163.677,3439,2996
1163.802,3440,2996
1163.859,3441,2996
1165.01,3442,2996
1165.21,3443,2996
1176.851,3444,2996
1176.993,3445,2996
1179.582,3446,2996
1182.365,3447,2996
1184.174,3448,2996
1190.644,3449,2996
1194.028,3450,2996
1198.341,3451,2996
1216.57,3452,2996
1216.59,3453,2996
1216.892,3454,2996
1221.346,3455,2996
1223.45,3456,2996
1223.536,3457,2996
1226.907,3458,2996
1226.918,3459,2996
1227.1,3460,2996
1230.318,3461,2996
1231.097,3462,2996
1232.133,3463,2996
1232.373,3464,2996
1232.773,3465,2999
1241.706,3466,2999
1246.873,3467,2999
1247.83,3468,2999
1254.969,3469,2999
1255.101,3470,2999
1255.822,3471,2999
1256.009,3472,2999
1257.47,3473,2999
1257.488,3474,2999
1257.934,3475,2999
1258.12,3476,2999
1263.091,3477,2999
1263.177,3478,2999
1263.243,3479,2999
1263.271,3480,2999
1263.573,3481,2999
1263.657,3482,2999
1263.687,3483,2999
1266.34,3484,2999
1268.94,3485,2999
1292.58,3486,2999
1292.61,3487,2999
1292.928,3488,2999
1293.825,3489,2999
1297.863,3490,2999
1315.133,3491,2999
1315.437,3492,2999
1325.179,3493,2999
1335.36,3494,2999
1335.408,3495,2999
1337.347,3496,2999
1337.431,3497,2999
1337.734,3498,2999
1338.431,3499,2999
1339.284,3500,2999
1340.303,3501,2999
1340.836,3502,2999
1343.088,3503,2999
1350.584,3504,2999
1353.3,3505,2999
1357.2,3506,2999
1361.255,3507,2999
1362.247,3508,3001
1378.639,3509,3001
1409.419,3510,3001
1409.443,3511,3001
1409.45,3512,3001
1409.551,3513,3001
1410.835,3514,3001
1411.092,3515,3001
1411.126,3516,3001
1411.485,3517,3001
1412.625,3518,3001
1417.949,3519,3001
1418.056,3520,3010
1418.11,3521,3010
1418.389,3522,3010
1418.671,3523,3010
1419.328,3524,3010
1419.795,3525,3010
1419.812,3526,3014
1419.893,3527,3014
1419.905,3528,3014
1419.912,3529,3014
1419.92,3530,3014
1419.972,3531,3014
1420.701,3532,3015
1420.836,3533,3015
1420.904,3534,3015
1425.58,3535,3015
1427.355,3536,3015
1427.374,3537,3015
1427.505,3538,3015
1427.975,3539,3015
1427.99,3540,3015
1428.7,3541,3015
1430.397,3542,3015
1430.445,3543,3015
1438.432,3544,3015
1438.468,3545,3015
1439.167,3546,3015
1439.966,3547,3015
1441.179,3548,3015
1442.347,3549,3015
1443.441,3550,3015
1445.032,3551,3015
1445.213,3552,3015
1445.41,3553,3015
1446.317,3554,3015
1452.866,3555,3015
1452.905,3556,3015
1456.085,3557,3015
1459.893,3558,3015
1459.903,3559,3015
1467.383,3560,3015
1472.986,3561,3015
1473.245,3562,3015
1482.778,3563,3015
1489.759,3564,3015
1490.279,3565,3015
1492.524,3566,3015
1497.213,3567,3015
1503.489,3568,3015
1520.276,3569,3015
1521.403,3570,3015
1523.402,3571,3015
1558.481,3572,3015
1573.533,3573,3015
1583.458,3574,3015
1583.611,3575,3015
1583.753,3576,3015
1585.126,3577,3015
1585.359,3578,3015
1585.981,3579,3015
1586.29,3580,3015
1586.515,3581,3015
1587.047,3582,3015
1587.795,3583,3015
1593.909,3584,3015
1615.609,3585,3015
1637.028,3586,3015
1639.012,3587,3015
1651.538,3588,3015
1656.943,3589,3015
1659.094,3590,3015
1659.638,3591,3015
1659.674,3592,3015
1659.861,3593,3015
1661.727,3594,3015
1675.602,3595,3015
1681.966,3596,3015
1691.474,3597,3015
1707.705,3598,3015
1709.006,3599,3015
1709.476,3600,3015
1716.896,3601,3015
1727.036,3602,3015
1728.327,3603,3015
1729.317,3604,3015
1732.172,3605,3015
1734.489,3606,3015
1734.944,3607,3015
1735.208,3608,3015
1736.268,3609,3015
1750.372,3610,3015
1765.701,3611,3016
1765.788,3612,3016
1765.824,3613,3016
1766.287,3614,3017
1766.299,3615,3017
1766.803,3616,3017
1769.835,3617,3017
1769.858,3618,3017
1779.895,3619,3017
1779.943,3620,3017
1789.502,3621,3018
1790.507,3622,3018
1791.364,3623,3018
1791.403,3624,3018
1792.52,3625,3018
1792.885,3626,3018
1793.122,3627,3018
1805.867,3628,3018
1808.21,3629,3018
1834.647,3630,3018
1834.721,3631,3018
1834.896,3632,3018
1835.511,3633,3018
1844.294,3634,3018
1844.443,3635,3018
1844.947,3636,3018
1846.075,3637,3018
1847.713,3638,3018
1848.89,3639,3018
1850.531,3640,3018
1850.9,3641,3018
1870.331,3642,3018
1904.936,3643,3018
1905.042,3644,3018
1906.376,3645,3019
1907.218,3646,3019
1907.318,3647,3019
1908.03,3648,3026
1908.635,3649,3026
1909.026,3650,3026
1909.505,3651,3026
1909.522,3652,3026
1910.176,3653,3026
1913.354,3654,3026
1913.413,3655,3026
1913.483,3656,3026
1913.879,3657,3026
1915.296,3658,3026
1926.693,3659,3027
1932.938,3660,3027
1949.414,3661,3027
1953.428,3662,3027
1957.106,3663,3027
1960.231,3664,3027
1960.261,3665,3027
1960.308,3666,3027
1962.301,3667,3027
1975.92,3668,3027
1976.496,3669,3027
1976.512,3670,3027
1978.084,3671,3027
1978.251,3672,3027
1986.305,3673,3027
1996.461,3674,3027
1996.845,3675,3027
1997.054,3676,3027
2009.011,3677,3027
2023.306,3678,3027
2023.665,3679,3027
2023.841,3680,3027
2030.047,3681,3027
2054.211,3682,3027
2086.287,3683,3027
2096.074,3684,3027
2118.953,3685,3027
2121.021,3686,3029
2123.547,3687,3029
2123.559,3688,3029
2123.629,3689,3029
2123.71,3690,3029
2125.212,3691,3029
2142.459,3692,3029
2143.111,3693,3029
2143.144,3694,3029
2143.178,3695,3029
2143.445,3696,3029
2143.877,3697,3029
2144.144,3698,3029
2148.816,3699,3029
2159.678,3700,3029
2172.263,3701,3029
2173.284,3702,3029
2177.804,3703,3029
2184.306,3704,3029
2198.059,3705,3029
2213.432,3706,3029
2219.095,3707,3029
2244.501,3708,3029
2261.088,3709,3029
2262.365,3710,3029
2268.844,3711,3029
2270.03,3712,3029
2270.137,3713,3029
2271.562,3714,3029
2276.119,3715,3029
2276.266,3716,3029
2276.332,3717,3029
2276.468,3718,3029
2276.637,3719,3029
2278.053,3720,3029
2279.201,3721,3029
2280.122,3722,3029
2280.357,3723,3029
2280.496,3724,3029
2292.216,3725,3029
2292.27,3726,3029
2294.28,3727,3029
2297.924,3728,3029
2301.492,3729,3029
2303.027,3730,3029
2335.788,3731,3029
2336.983,3732,3029
2337.283,3733,3029
2346.647,3734,3029
2370.998,3735,3029
2371.238,3736,3029
2380.61,3737,3029
2380.626,3738,3029
2380.677,3739,3029
2384.003,3740,3029
2387.086,3741,3029
2387.69,3742,3029
2390.121,3743,3029
2404.035,3744,3029
2404.057,3745,3029
2407.146,3746,3032
2407.178,3747,3032
2408.641,3748,3032
2411.013,3749,3032
2422.926,3750,3032
2435.654,3751,3032
2442.402,3752,3032
2442.585,3753,3032
2442.628,3754,3032
2442.779,3755,3032
2445.01,3756,3032
2446.416,3757,3032
2448.433,3758,3032
2454.89,3759,3032
2468.36,3760,3032
2468.791,3761,3032
2495.725,3762,3032
2511.161,3763,3032
2511.346,3764,3032
2536.978,3765,3032
2572.254,3766,3032
2572.421,3767,3032
2573.953,3768,3032
2584.762,3769,3032
2586.91,3770,3032
2587.105,3771,3032
2593.948,3772,3032
2621.396,3773,3032
2641.186,3774,3032
2653.775,3775,3032
2671.646,3776,3032
2673.666,3777,3032
2673.989,3778,3032
2674.299,3779,3032
2674.892,3780,3032
2675.197,3781,3032
2687.951,3782,3032
2689.98,3783,3032
2694.151,3784,3032
2718.975,3785,3032
2721.956,3786,3032
2728.503,3787,3032
2755.71,3788,3032
2756.017,3789,3032
2757.001,3790,3032
2757.202,3791,3032
2772.174,3792,3032
2780.373,3793,3033
2783.835,3794,3033
2784.057,3795,3033
2784.131,3796,3033
2784.209,3797,3033
2786.753,3798,3033
2796.808,3799,3033
2798.877,3800,3033
2808.746,3801,3033
2815.062,3802,3033
2830.137,3803,3033
2840.242,3804,3033
2842.371,3805,3033
2844.141,3806,3033
2872.662,3807,3034
2872.942,3808,3034
2873.636,3809,3034
2873.722,3810,3034
2873.754,3811,3034
2873.821,3812,3034
2874.319,3813,3034
2894.29,3814,3034
2902.584,3815,3034
2902.692,3816,3034
2905.07,3817,3034
2911.22,3818,3034
2911.644,3819,3034
2921.378,3820,3034
2923.18,3821,3034
2928.351,3822,3034
2933.71,3823,3034
2974.947,3824,3034
2974.959,3825,3034
2975.063,3826,3034
2980.212,3827,3034
2995.879,3828,3034
2995.921,3829,3034
2996.055,3830,3034
3019.187,3831,3034
3022.072,3832,3035
3022.437,3833,3036
3023.04,3834,3036
3043.541,3835,3036
3060.83,3836,3036
3067.492,3837,3036
3085.056,3838,3036
3086.271,3839,3036
3101.918,3840,3036
3119.326,3841,3036
3142.488,3842,3036
3142.982,3843,3036
3143.159,3844,3037
3200.091,3845,3037
3203.226,3846,3037
3241.182,3847,3037
3266.46,3848,3037
3266.831,3849,3037
3277.973,3850,3037
3279.649,3851,3037
3289.077,3852,3037
3289.111,3853,3037
3289.163,3854,3037
3289.747,3855,3037
3290.126,3856,3037
3290.164,3857,3037
3291.732,3858,3037
3301.729,3859,3037
3320.059,3860,3037
3339.043,3861,3037
3339.053,3862,3037
3339.079,3863,3037
3339.223,3864,3037
3343.056,3865,3037
3344.595,3866,3037
3344.628,3867,3037
3344.802,3868,3037
3344.852,3869,3037
3344.935,3870,3037
3345.182,3871,3037
3349.511,3872,3037
3360.615,3873,3037
3360.969,3874,3037
3362.312,3875,3037
3362.669,3876,3037
3366.25,3877,3037
3378.936,3878,3037
3424.751,3879,3037
3425.427,3880,3037
3442.542,3881,3037
3446.848,3882,3037
3446.856,3883,3037
3446.894,3884,3037
3446.957,3885,3037
3447.198,3886,3037
3448.149,3887,3037
3482.167,3888,3037
3482.773,3889,3037
3504.985,3890,3037
3505.285,3891,3037
3530.22,3892,3037
3530.536,3893,3037
3530.56,3894,3037
3534.253,3895,3037
3535.43,3896,3037
3535.643,3897,3037
3536.013,3898,3037
3545.997,3899,3037
3546.887,3900,3037
3557.597,3901,3037
3557.692,3902,3037
3557.969,3903,3037
3558.073,3904,3037
3558.511,3905,3037
3569.163,3906,3037
3572.79,3907,3037
3624.019,3908,3037
3624.768,3909,3037
3690.908,3910,3037
3704.881,3911,3037
3704.892,3912,3037
3719.051,3913,3037
3719.287,3914,3037
3738.942,3915,3037
3738.984,3916,3037
3739.023,3917,3037
3753.393,3918,3037
3759.221,3919,3037
3768.195,3920,3037
3793.494,3921,3037
3793.78,3922,3037
3793.917,3923,3037
3794.576,3924,3037
3802.835,3925,3037
3803.084,3926,3037
3803.65,3927,3037
3804.327,3928,3037
3805.062,3929,3037
3805.917,3930,3037
3807.024,3931,3037
3807.938,3932,3037
3808.547,3933,3037
3809.231,3934,3037
3817.81,3935,3037
3817.866,3936,3037
3817.966,3937,3037
3819.373,3938,3037
3838.559,3939,3037
3839.505,3940,3037
3856.847,3941,3037
3857.4,3942,3037
3858.994,3943,3037
3891.845,3944,3037
3898.782,3945,3037
3934.758,3946,3037
3935.787,3947,3037
3936.049,3948,3037
3945.921,3949,3037
3958.802,3950,3037
3961.17,3951,3037
3972.977,3952,3037
3999.402,3953,3037
3999.422,3954,3037
4006.744,3955,3037
4022.801,3956,3037
4034.939,3957,3037
4039.98,3958,3037
4040.21,3959,3037
4040.719,3960,3037
4042.506,3961,3037
4045.351,3962,3037
4067.242,3963,3037
4071.635,3964,3037
4104.38,3965,3037
4104.43,3966,3037
4124.174,3967,3037
4124.383,3968,3037
4124.499,3969,3038
4134.024,3970,3039
4134.095,3971,3039
4134.341,3972,3039
4155.786,3973,3039
4169.122,3974,3039
4232.064,3975,3039
4244.371,3976,3039
4258.992,3977,3040
4259.026,3978,3040
4259.097,3979,3040
4259.569,3980,3040
4260.443,3981,3040
4321.896,3982,3040
4344.16,3983,3040
4383.882,3984,3040
4445.632,3985,3040
4519.397,3986,3040
4524.026,3987,3040
4530.559,3988,3040
4533.85,3989,3040
4534.843,3990,3040
4535.841,3991,3040
4623.816,3992,3040
4639.337,3993,3040
4640.877,3994,3040
4652.408,3995,3040
4657.128,3996,3040
4686.424,3997,3040
4699.551,3998,3040
4699.578,3999,3040
4719.933,4000,3040
4771.011,4001,3040
4811.623,4002,3040
4816.995,4003,3040
4836.362,4004,3040
4846.602,4005,3040
4861.654,4006,3040
4874.806,4007,3040
4931.052,4008,3040
4931.575,4009,3040
4931.614,4010,3040
4931.652,4011,3040
4931.664,4012,3048
4931.678,4013,3048
4931.734,4014,3048
4931.818,4015,3048
4931.824,4016,3048
4931.836,4017,3049
4931.941,4018,3049
4931.978,4019,3049
4932.103,4020,3049
4932.186,4021,3049
4932.465,4022,3049
4932.532,4023,3049
4932.576,4024,3049
4933.196,4025,3050
4933.329,4026,3050
4933.783,4027,3050
4948.962,4028,3050
4949.68,4029,3050
4950.804,4030,3050
4972.787,4031,3050
4972.815,4032,3050
4972.818,4033,3050
4972.876,4034,3050
4972.985,4035,3050
4973.035,4036,3050
4973.05,4037,3050
4973.095,4038,3050
4973.212,4039,3050
4973.241,4040,3050
4973.351,4041,3050
4973.548,4042,3050
4973.939,4043,3050
4974.179,4044,3052
4974.379,4045,3054
4974.666,4046,3056
4975.508,4047,3056
4979.646,4048,3056
4982.444,4049,3056
5106.123,4050,3056
5106.92,4051,3057
5107.303,4052,3058
5107.699,4053,3058
5107.981,4054,3058
5109.99,4055,3058
5111.447,4056,3058
5113.238,4057,3063
5119.79,4058,3065
5122.163,4059,3065
5124.25,4060,3066
5126.115,4061,3066
5133.469,4062,3066
5133.477,4063,3066
5133.644,4064,3071
5133.663,4065,3071
5133.891,4066,3072
5134.15,4067,3072
5134.206,4068,3072
5134.307,4069,3074
5134.797,4070,3074
5134.842,4071,3074
5135.16,4072,3074
5136.152,4073,3074
5136.268,4074,3075
5136.658,4075,3075
5140.098,4076,3075
5142.744,4077,3075
5143.23,4078,3075
5144.458,4079,3077
5144.649,4080,3077
5166.781,4081,3077
5166.955,4082,3077
5167.415,4083,3081
5167.575,4084,3081
5168.348,4085,3081
5168.87,4086,3081
5169.278,4087,3081
5171.13,4088,3081
5171.294,4089,3081
5172.474,4090,3081
5172.586,4091,3081
5173.367,4092,3081
5173.933,4093,3081
5174.982,4094,3081
5179.94,4095,3081
5180.259,4096,3081
5183.023,4097,3081
5185.666,4098,3083
5199.722,4099,3083
5216.332,4100,3083
5216.374,4101,3083
5217.197,4102,3083
5217.597,4103,3083
5222.501,4104,3083
5222.887,4105,3083
5233.912,4106,3083
5237.535,4107,3084
5237.96,4108,3084
5238.216,4109,3084
5238.416,4110,3084
5238.858,4111,3084
5238.943,4112,3084
5256.503,4113,3084
5256.605,4114,3084
5267.911,4115,3084
5268.823,4116,3084
5270.15,4117,3086
5271.212,4118,3086
5271.788,4119,3087
5273.599,4120,3087
5273.692,4121,3088
5274.792,4122,3088
5276.349,4123,3088
5292.706,4124,3088
5293.749,4125,3088
5297.711,4126,3088
5309.844,4127,3089
5310.128,4128,3089
5319.944,4129,3091
5319.962,4130,3091
5319.987,4131,3092
5321.995,4132,3093
5322.108,4133,3095
5322.427,4134,3097
5323.53,4135,3097
5323.72,4136,3099
5325.273,4137,3101
5329.457,4138,3101
5339.797,4139,3101
5341.806,4140,3101
5349.69,4141,3102
5590.2,4142,3102
5649.031,4143,3102
5856.485,4144,3102
5872.579,4145,3102
5872.581,4146,3102
5872.604,4147,3102
5873.063,4148,3102
5874.461,4149,3102
5909.296,4150,3102
5972.6,4151,3102
5973.033,4152,3102
5973.238,4153,3102
5973.38,4154,3102
5975.073,4155,3102
5975.824,4156,3102
5976.683,4157,3102
5978.169,4158,3102
5981.944,4159,3102
5986.405,4160,3102
5988.818,4161,3102
5992.073,4162,3102
5998.126,4163,3102
5998.87,4164,3102
6002.313,4165,3102
6004.332,4166,3102
6129.555,4167,3102
6148.266,4168,3102
6149.126,4169,3102
6149.193,4170,3102
6154.424,4171,3102
6194.567,4172,3102
6194.908,4173,3102
6205.051,4174,3102
6205.218,4175,3102
6205.859,4176,3102
6206.181,4177,3102
6206.488,4178,3102
6206.836,4179,3102
6209.193,4180,3102
6209.35,4181,3102
6209.749,4182,3102
6210.142,4183,3102
6214.091,4184,3102
6216.931,4185,3102
6220.01,4186,3102
6221.503,4187,3102
6222.563,4188,3102
6274.83,4189,3102
6275.16,4190,3102
6275.563,4191,3102
6275.66,4192,3102
6276.253,4193,3102
6278.417,4194,3102
6317.016,4195,3102
6318.148,4196,3102
6328.797,4197,3102
6328.834,4198,3102
6328.848,4199,3102
6328.889,4200,3102
6329.572,4201,3102
6329.8,4202,3102
6329.931,4203,3102
6330.193,4204,3102
6331.323,4205,3102
6331.616,4206,3102
6333.278,4207,3102
6336.846,4208,3102
6337.283,4209,3102
6343.249,4210,3102
6343.402,4211,3102
6344.42,4212,3102
6375.768,4213,3102
6376.196,4214,3102
6397.844,4215,3102
6407.932,4216,3102
6408.085,4217,3102
6408.377,4218,3102
6408.942,4219,3102
6411.135,4220,3102
6414.128,4221,3102
6452.754,4222,3102
6459.072,4223,3102
6462.088,4224,3102
6473.14,4225,3102
6481.016,4226,3102
6503.882,4227,3102
6504.033,4228,3102
6504.324,4229,3102
6505.433,4230,3102
6505.643,4231,3102
6507.056,4232,3102
6507.624,4233,3102
6513.8,4234,3102
6536.0,4235,3102
6536.221,4236,3102
6537.553,4237,3102
6539.314,4238,3102
6540.663,4239,3102
6543.11,4240,3102
6543.466,4241,3102
6543.864,4242,3102
6545.966,4243,3102
6551.572,4244,3102
6556.301,4245,3102
6559.99,4246,3102
6564.822,4247,3102
6571.808,4248,3102
6573.428,4249,3102
6610.018,4250,3102
6668.526,4251,3102
6678.357,4252,3102
6690.217,4253,3102
6690.755,4254,3102
6725.108,4255,3102
6725.267,4256,3102
6726.357,4257,3102
6726.573,4258,3102
6726.819,4259,3102
6726.913,4260,3102
6730.782,4261,3102
6759.206,4262,3102
6761.398,4263,3102
6761.777,4264,3102
6762.953,4265,3102
6767.051,4266,3102
6769.196,4267,3102
6774.283,4268,3102
6774.769,4269,3102
6782.585,4270,3102
6819.933,4271,3102
6860.134,4272,3102
6861.027,4273,3102
6865.938,4274,3102
6878.43,4275,3102
6878.51,4276,3102
6878.672,4277,3102
6887.817,4278,3102
6893.258,4279,3102
6904.29,4280,3102
6936.794,4281,3102
6952.02,4282,3102
6989.12,4283,3102
6989.558,4284,3102
6992.014,4285,3102
6994.198,4286,3102
6998.293,4287,3104
7006.929,4288,3105
7010.786,4289,3105
7012.634,4290,3105
7014.398,4291,3105
7017.725,4292,3105
7026.54,4293,3105
7028.816,4294,3105
7036.828,4295,3105
7039.835,4296,3105
7048.473,4297,3105
7091.072,4298,3105
7095.26,4299,3105
7121.564,4300,3105
7233.765,4301,3105
7590.523,4302,3105
7629.248,4303,3105
7629.33,4304,3105
7630.644,4305,3105
7631.226,4306,3105
7632.242,4307,3105
7640.7,4308,3105
7669.339,4309,3105
7782.809,4310,3105
7784.199,4311,3105
7801.437,4312,3105
7860.885,4313,3105
7861.145,4314,3105
7861.184,4315,3105
7936.541,4316,3105
7936.654,4317,3105
7936.946,4318,3105
7937.308,4319,3105
7938.853,4320,3105
7940.501,4321,3105
7941.376,4322,3105
7945.469,4323,3105
7945.931,4324,3105
7950.384,4325,3105
7959.954,4326,3105
7966.587,4327,3105
7973.228,4328,3105
7977.211,4329,3105
7977.969,4330,3105
8024.615,4331,3105
8050.487,4332,3105
8101.838,4333,3105
8222.728,4334,3105
8268.029,4335,3105
8328.679,4336,3105
8336.102,4337,3105
8358.527,4338,3105
8377.571,4339,3105
8384.761,4340,3105
8431.492,4341,3105
8561.662,4342,3105
8687.796,4343,3105
8687.963,4344,3105
8688.429,4345,3105
8688.811,4346,3105
8693.307,4347,3105
8697.217,4348,3105
8698.798,4349,3105
8704.248,4350,3105
8704.504,4351,3105
8704.698,4352,3105
8706.29,4353,3105
8709.029,4354,3105
8712.567,4355,3105
8722.986,4356,3105
8737.88,4357,3105
8830.501,4358,3105
8830.68,4359,3105
8831.157,4360,3105
8831.707,4361,3105
8832.581,4362,3105
8833.124,4363,3105
8834.641,4364,3105
8835.206,4365,3105
8835.72,4366,3105
8837.79,4367,3105
8838.509,4368,3105
8839.228,4369,3105
8850.622,4370,3105
8858.756,4371,3105
8864.143,4372,3105
8879.162,4373,3105
8886.789,4374,3105
8887.584,4375,3105
8901.187,4376,3105
8903.161,4377,3105
8943.131,4378,3105
8948.444,4379,3105
8974.795,4380,3105
9093.084,4381,3105
9207.548,4382,3105
9224.456,4383,3105
9231.606,4384,3105
9233.127,4385,3105
9233.301,4386,3105
9233.36,4387,3105
9465.685,4388,3105
9467.84,4389,3105
9468.843,4390,3105
9668.091,4391,3105
9669.348,4392,3105
9671.39,4393,3105
9673.091,4394,3105
9683.654,4395,3105
9893.445,4396,3105
9894.728,4397,3105
9899.685,4398,3105
9993.495,4399,3105
9993.554,4400,3105
9994.046,4401,3105
10054.052,4402,3105
10158.797,4403,3105
10177.349,4404,3105
10217.559,4405,3105
10223.608,4406,3105
10241.985,4407,3105
10242.491,4408,3105
10248.609,4409,3105
10353.212,4410,3105
10359.499,4411,3105
10392.22,4412,3105
10399.463,4413,3105
10490.536,4414,3105
10595.559,4415,3105
10681.344,4416,3105
10692.173,4417,3105
10851.406,4418,3105
10861.993,4419,3105
10877.079,4420,3105
10901.412,4421,3105
10903.48,4422,3105
11125.453,4423,3105
11173.817,4424,3105
11287.172,4425,3105
11344.801,4426,3105
11404.509,4427,3105
11589.457,4428,3105
11592.503,4429,3105
11608.791,4430,3105
11629.739,4431,3105
11636.747,4432,3105
11688.133,4433,3105
11741.05,4434,3105
11814.863,4435,3105
11916.327,4436,3105
11961.984,4437,3105
12049.865,4438,3105
12266.963,4439,3105
12277.903,4440,3105
12278.014,4441,3105
12278.145,4442,3105
12278.739,4443,3105
12278.75,4444,3105
12283.256,4445,3105
12284.032,4446,3105
12329.733,4447,3105
12387.853,4448,3105
12474.623,4449,3108
12570.489,4450,3108
12634.986,4451,3108
12635.465,4452,3108
12635.5,4453,3108
12636.988,4454,3108
12638.858,4455,3108
12646.901,4456,3108
12647.486,4457,3108
12859.773,4458,3108
12860.23,4459,3108
13062.293,4460,3108
13073.237,4461,3108
13318.416,4462,3108
13333.326,4463,3108
13342.753,4464,3108
13356.709,4465,3108
13369.478,4466,3108
13451.033,4467,3108
13706.537,4468,3108
14181.955,4469,3108
14311.206,4470,3108
14664.652,4471,3108
14664.701,4472,3108
14665.874,4473,3108
15225.853,4474,3108
15226.092,4475,3108
15232.874,4476,3108
15245.494,4477,3108
15600.005,4478,3109
15611.534,4479,3109
15949.227,4480,3109
15950.112,4481,3109
15957.982,4482,3109
15961.739,4483,3109
16229.471,4484,3109
16239.52,4485,3109
16318.667,4486,3109
16749.254,4487,3109
16870.285,4488,3109
16875.824,4489,3109
16912.163,4490,3109
16924.045,4491,3109
16997.036,4492,3109
17048.321,4493,3109
17048.65,4494,3109
17049.403,4495,3109
17049.579,4496,3109
17050.114,4497,3109
17118.441,4498,3109
17157.378,4499,3109
17157.497,4500,3109
17157.587,4501,3109
17157.926,4502,3109
17159.52,4503,3109
17171.988,4504,3109
17213.57,4505,3109
17213.753,4506,3109
17270.221,4507,3109
17289.549,4508,3109
17289.604,4509,3109
17309.412,4510,3109
17325.442,4511,3109
17325.601,4512,3109
17325.683,4513,3109
17344.484,4514,3109
17363.702,4515,3109
17363.735,4516,3109
17363.796,4517,3109
17363.923,4518,3109
17365.83,4519,3109
17368.314,4520,3109
17381.128,4521,3109
17381.331,4522,3109
17382.213,4523,3109
17382.605,4524,3110
17566.883,4525,3110
17600.124,4526,3110
17627.893,4527,3110
17654.236,4528,3110
17654.243,4529,3110
17654.36,4530,3110
17654.602,4531,3110
17699.022,4532,3110
17727.675,4533,3110
17837.866,4534,3110
17874.692,4535,3110
17874.794,4536,3110
17897.979,4537,3110
17898.021,4538,3110
17898.931,4539,3110
17902.258,4540,3110
17912.309,4541,3110
17912.323,4542,3110
17912.41,4543,3110
17912.508,4544,3110
17913.346,4545,3110
17918.001,4546,3110
17923.007,4547,3110
17923.044,4548,3110
17923.115,4549,3110
17923.312,4550,3110
17923.786,4551,3110
17951.254,4552,3110
17980.83,4553,3110
18006.672,4554,3110
18007.003,4555,3110
18013.397,4556,3110
18050.051,4557,3110
18051.042,4558,3110
18052.761,4559,3110
18096.347,4560,3110
18162.474,4561,3110
18164.691,4562,3110
18165.398,4563,3110
18247.64,4564,3110
18247.698,4565,3110
18258.604,4566,3110
18258.865,4567,3110
18259.363,4568,3110
18275.175,4569,3110
18277.244,4570,3110
18296.216,4571,3110
18298.234,4572,3110
18298.567,4573,3110
18299.992,4574,3110
18310.381,4575,3110
18312.862,4576,3110
18357.338,4577,3110
18357.618,4578,3110
18358.061,4579,3110
18360.673,4580,3110
18405.078,4581,3110
18447.101,4582,3110
18447.126,4583,3110
18448.329,4584,3110
18448.716,4585,3110
18451.968,4586,3110
18454.301,4587,3110
18476.121,4588,3110
18525.333,4589,3110
18619.931,4590,3110
18620.233,4591,3110
18650.904,4592,3110
18757.059,4593,3110
18784.928,4594,3110
19017.647,4595,3110
19026.405,4596,3110
19026.759,4597,3110
19090.204,4598,3110
19108.59,4599,3110
19123.659,4600,3110
19146.669,4601,3110
19146.694,4602,3110
19151.736,4603,3110
19170.624,4604,3110
19205.839,4605,3110
19230.15,4606,3110
19242.595,4607,3110
19286.878,4608,3110
19303.6,4609,3110
19304.459,4610,3110
19393.261,4611,3110
19456.502,4612,3110
19526.15,4613,3110
19526.318,4614,3110
19545.74,4615,3110
19669.585,4616,3110
19669.628,4617,3110
19693.311,4618,3110
19693.842,4619,3110
19702.337,4620,3111
19702.471,4621,3111
19717.523,4622,3111
19728.709,4623,3111
19730.159,4624,3111
19730.165,4625,3111
19730.284,4626,3111
19730.396,4627,3111
19731.122,4628,3111
19772.508,4629,3111
19786.18,4630,3111
19864.672,4631,3111
19864.771,4632,3111
19880.853,4633,3113
19891.45,4634,3113
19931.886,4635,3113
20020.144,4636,3113
20173.526,4637,3113
20253.666,4638,3113
20255.782,4639,3113
20256.859,4640,3113
20329.638,4641,3113
20331.796,4642,3113
20350.976,4643,3113
20405.034,4644,3113
20405.064,4645,3113
20411.875,4646,3113
20415.745,4647,3113
20417.44,4648,3113
20430.607,4649,3113
20656.051,4650,3113
20656.118,4651,3113
20662.074,4652,3113
20696.065,4653,3113
20739.558,4654,3113
20753.169,4655,3113
20759.924,4656,3113
20759.97,4657,3113
20809.445,4658,3113
20860.855,4659,3113
20860.87,4660,3113
20861.028,4661,3113
20884.503,4662,3113
21033.704,4663,3113
21176.523,4664,3113
21180.657,4665,3113
21197.146,4666,3113
21414.667,4667,3113
21502.248,4668,3113
21504.358,4669,3113
21515.105,4670,3113
21518.785,4671,3113
21556.27,4672,3113
21578.461,4673,3113
21603.411,4674,3113
21645.309,4675,3113
21648.307,4676,3113
21648.4,4677,3113
21723.358,4678,3113
21723.773,4679,3113
21789.592,4680,3117
21802.848,4681,3117
21831.898,4682,3117
21850.764,4683,3117
21946.223,4684,3117
22026.252,4685,3117
22150.023,4686,3117
22165.844,4687,3117
22319.205,4688,3117
22384.925,4689,3117
22425.132,4690,3117
22425.306,4691,3117
22431.884,4692,3117
22445.036,4693,3117
22512.694,4694,3117
22553.148,4695,3117
22554.285,4696,3117
22554.336,4697,3117
22554.547,4698,3117
22618.734,4699,3117
22676.236,4700,3117
22697.731,4701,3117
22697.818,4702,3117
22764.724,4703,3117
22893.459,4704,3117
22893.487,4705,3117
22982.304,4706,3117
22991.699,4707,3117
22991.821,4708,3117
22992.192,4709,3117
22992.81,4710,3117
23009.966,4711,3117
23034.492,4712,3117
23034.528,4713,3117
23034.669,4714,3117
23034.783,4715,3117
23035.044,4716,3117
23037.057,4717,3117
23047.762,4718,3117
23066.865,4719,3117
23119.281,4720,3117
23121.572,4721,3117
23122.003,4722,3117
23122.137,4723,3117
23122.297,4724,3117
23127.328,4725,3117
23145.264,4726,3117
23218.406,4727,3117
23220.49,4728,3117
23220.637,4729,3117
23223.058,4730,3117
23276.615,4731,3117
23277.356,4732,3117
23307.038,4733,3117
23307.395,4734,3117
23307.414,4735,3117
23307.799,4736,3117
23325.946,4737,3117
23340.04,4738,3117
23366.617,4739,3117
23366.736,4740,3117
23436.366,4741,3117
23456.975,4742,3117
23514.564,4743,3117
23545.566,4744,3117
23547.384,4745,3117
23547.434,4746,3117
23547.759,4747,3117
23548.407,4748,3117
23549.098,4749,3117
23571.289,4750,3117
23649.304,4751,3117
23665.017,4752,3117
23672.013,4753,3117
23672.448,4754,3117
23680.89,4755,3117
23683.645,4756,3117
23728.721,4757,3117
23786.667,4758,3117
23871.476,4759,3117
23900.795,4760,3117
23949.888,4761,3117
24213.472,4762,3117
24264.638,4763,3117
24398.729,4764,3117
24398.777,4765,3117
24412.829,4766,3117
24413.02,4767,3117
24494.404,4768,3117
24512.487,4769,3117
24514.488,4770,3117
24514.562,4771,3117
24514.944,4772,3117
24515.585,4773,3117
24591.668,4774,3117
24591.674,4775,3117
24616.443,4776,3117
24616.752,4777,3117
24674.349,4778,3117
25090.454,4779,3117
25236.084,4780,3117
25593.221,4781,3117
25598.201,4782,3117
25821.265,4783,3117
25850.471,4784,3117
25877.253,4785,3117
25946.271,4786,3117
25946.477,4787,3117
25990.393,4788,3117
25990.59,4789,3117
26057.573,4790,3117
26057.656,4791,3117
26057.779,4792,3117
26058.48,4793,3117
26058.734,4794,3117
26134.433,4795,3117
26151.546,4796,3117
26163.617,4797,3117
26248.055,4798,3117
26476.744,4799,3117
26515.532,4800,3117
26666.343,4801,3117
26722.887,4802,3117
26765.63,4803,3117
26852.333,4804,3117
26914.818,4805,3117
26956.92,4806,3117
27001.647,4807,3117
27140.761,4808,3117
27300.569,4809,3117
27301.027,4810,3117
27382.943,4811,3117
27387.961,4812,3117
27469.294,4813,3117
27489.398,4814,3117
27490.913,4815,3118
27492.905,4816,3118
27504.323,4817,3118
27509.284,4818,3118
27509.379,4819,3118
27510.184,4820,3118
27553.806,4821,3118
27557.286,4822,3118
27646.524,4823,3118
27676.094,4824,3118
27712.485,4825,3118
27814.916,4826,3118
27945.408,4827,3118
27966.435,4828,3118
27971.136,4829,3118
28036.928,4830,3118
28043.179,4831,3118
28066.646,4832,3119
28083.107,4833,3119
28091.302,4834,3119
28091.687,4835,3119
28103.929,4836,3119
28139.961,4837,3119
28162.539,4838,3119
28199.97,4839,3120
28253.5,4840,3120
28253.565,4841,3120
28294.018,4842,3120
28324.659,4843,3120
28335.513,4844,3120
28390.179,4845,3120
28394.993,4846,3120
28395.005,4847,3120
28433.895,4848,3120
28433.922,4849,3120
28514.164,4850,3128
28514.591,4851,3128
28514.616,4852,3128
28515.563,4853,3128
28515.568,4854,3128
28515.616,4855,3129
28515.769,4856,3129
28516.465,4857,3129
28517.855,4858,3131
28518.898,4859,3131
28534.415,4860,3132
28534.431,4861,3133
28534.436,4862,3133
28534.449,4863,3133
28534.773,4864,3133
28534.933,4865,3133
28535.03,4866,3133
28535.088,4867,3133
28535.151,4868,3133
28536.417,4869,3133
28537.575,4870,3133
28538.437,4871,3133
28538.449,4872,3135
28538.494,4873,3135
28540.036,4874,3135
28540.194,4875,3135
28540.724,4876,3135
28562.108,4877,3135
28562.126,4878,3135
28576.697,4879,3135
28577.07,4880,3135
28577.811,4881,3135
28578.146,4882,3135
28614.601,4883,3135
28614.657,4884,3135
28615.228,4885,3135
28615.904,4886,3135
28618.406,4887,3135
28687.075,4888,3135
28757.544,4889,3136
28773.002,4890,3136
28802.897,4891,3136
28855.263,4892,3136
28857.245,4893,3136
28874.298,4894,3136
28970.327,4895,3136
29001.64,4896,3136
29024.367,4897,3136
29035.966,4898,3136
29058.49,4899,3136
29120.943,4900,3136
29129.617,4901,3136
29153.472,4902,3136
29236.778,4903,3136
29247.356,4904,3136
29281.874,4905,3136
29282.403,4906,3136
29327.895,4907,3136
29409.494,4908,3136
29505.823,4909,3136
30013.844,4910,3136
30688.63,4911,3136
30831.175,4912,3136
30998.983,4913,3136
31054.055,4914,3136
31420.251,4915,3136
31454.79,4916,3136
31469.324,4917,3136
31507.233,4918,3136
31507.308,4919,3136
31509.776,4920,3136
31702.932,4921,3136
31725.827,4922,3136
31824.084,4923,3136
31826.544,4924,3136
31880.653,4925,3136
32225.684,4926,3136
32225.769,4927,3136
32229.094,4928,3136
32268.334,4929,3136
32473.146,4930,3136
32661.085,4931,3136
32745.92,4932,3136
33060.572,4933,3136
33118.629,4934,3136
33177.62,4935,3136
33946.384,4936,3136
33966.412,4937,3136
33966.455,4938,3136
33977.757,4939,3136
34075.169,4940,3136
34100.292,4941,3137
34166.783,4942,3137
34298.712,4943,3137
34302.304,4944,3137
34646.628,4945,3137
34956.725,4946,3137
35017.578,4947,3137
35057.282,4948,3137
35110.073,4949,3137
35110.23,4950,3137
35113.4,4951,3137
35138.867,4952,3137
35200.099,4953,3137
35206.021,4954,3137
35247.38,4955,3137
35247.416,4956,3137
35291.128,4957,3137
35710.107,4958,3137
35730.767,4959,3137
35731.457,4960,3137
35731.608,4961,3137
35765.57,4962,3137
35783.795,4963,3137
35785.49,4964,3137
35810.129,4965,3137
35842.836,4966,3137
35843.301,4967,3137
36200.108,4968,3137
36201.504,4969,3137
36203.211,4970,3137
36276.122,4971,3137
36295.208,4972,3137
36318.627,4973,3137
36452.931,4974,3137
36707.017,4975,3137
36846.481,4976,3137
36893.552,4977,3137
36954.966,4978,3137
36973.762,4979,3137
36973.987,4980,3138
36974.103,4981,3139
37354.338,4982,3139
37354.643,4983,3139
37419.895,4984,3139
37430.232,4985,3139
37486.56,4986,3139
37486.858,4987,3139
37563.655,4988,3139
37910.246,4989,3139
38176.599,4990,3139
38278.988,4991,3139
38300.115,4992,3140
38302.928,4993,3140
38349.675,4994,3140
38350.23,4995,3140
38350.487,4996,3140
38353.69,4997,3140
38356.148,4998,3140
38490.213,4999,3140
38499.555,5000,3143
38697.518,5001,3143
38720.711,5002,3143
38724.895,5003,3143
38803.654,5004,3143
38804.052,5005,3143
38900.132,5006,3143
39144.421,5007,3143
39159.731,5008,3143
39160.657,5009,3143
39217.338,5010,3143
39278.821,5011,3143
39328.848,5012,3143
39375.81,5013,3143
39552.791,5014,3143
39573.904,5015,3143
39589.101,5016,3143
39741.154,5017,3143
39865.755,5018,3143
40058.928,5019,3143
40220.416,5020,3143
40223.181,5021,3143
40366.125,5022,3158
40375.469,5023,3158
40375.493,5024,3159
40377.525,5025,3159
40380.501,5026,3159
40380.926,5027,3159
40382.137,5028,3159
40383.394,5029,3159
40404.065,5030,3159
40410.32,5031,3159
40410.589,5032,3159
40410.834,5033,3160
40411.608,5034,3160
40411.776,5035,3160
40412.293,5036,3160
40412.48,5037,3160
40417.874,5038,3160
40418.908,5039,3160
40436.29,5040,3160
40514.293,5041,3160
40514.592,5042,3160
40532.661,5043,3160
40553.306,5044,3160
40555.388,5045,3160
40556.048,5046,3160
40556.65,5047,3160
40557.239,5048,3160
40584.736,5049,3160
40593.723,5050,3160
40594.196,5051,3160
40621.248,5052,3160
40744.4,5053,3160
40929.804,5054,3160
40932.073,5055,3160
40937.754,5056,3160
40953.419,5057,3161
41012.424,5058,3161
41012.607,5059,3161
41042.549,5060,3161
41043.106,5061,3161
41059.222,5062,3161
41067.296,5063,3161
41067.322,5064,3162
41068.147,5065,3162
41084.63,5066,3162
41167.498,5067,3162
41208.694,5068,3162
41216.308,5069,3162
41263.03,5070,3162
41303.089,5071,3163
41303.192,5072,3163
41311.305,5073,3163
41319.323,5074,3163
41393.989,5075,3164
41414.225,5076,3164
41416.999,5077,3164
41428.108,5078,3164
41453.632,5079,3164
41514.204,5080,3164
41560.265,5081,3165
41562.91,5082,3165
41686.246,5083,3165
41694.622,5084,3165
41707.446,5085,3165
41760.339,5086,3196
41760.381,5087,3196
41760.383,5088,3197
41760.417,5089,3197
41760.417,5090,3198
41760.42,5091,3198
41760.424,5092,3198
41760.443,5093,3198
41760.457,5094,3198
41760.519,5095,3202
41760.577,5096,3204
41760.784,5097,3204
41761.392,5098,3205
41772.426,5099,3206
41772.601,5100,3206
41775.253,5101,3207
41776.813,5102,3207
41803.204,5103,3207
41821.063,5104,3207
41838.661,5105,3207
42175.485,5106,3207
42218.954,5107,3207
42239.067,5108,3207
42258.636,5109,3207
42392.662,5110,3207
42516.096,5111,3207
42546.293,5112,3207
42641.0,5113,3207
42771.426,5114,3209
42899.793,5115,3209
43278.141,5116,3209
43777.275,5117,3209
44168.37,5118,3209
44250.015,5119,3209
44292.474,5120,3210
44293.722,5121,3210
44462.462,5122,3210
44464.568,5123,3210
44786.521,5124,3210
44884.117,5125,3210
44942.681,5126,3210
45039.693,5127,3210
45184.973,5128,3210
45257.351,5129,3210
45340.137,5130,3210
45482.215,5131,3211
45483.331,5132,3211
45545.391,5133,3211
45547.873,5134,3211
45670.261,5135,3211
45796.182,5136,3211
46075.119,5137,3213
46225.979,5138,3213
46318.02,5139,3213
46382.641,5140,3215
46651.457,5141,3215
46775.105,5142,3215
46775.415,5143,3215
46901.206,5144,3215
46901.377,5145,3215
46901.403,5146,3215
46901.682,5147,3215
46907.871,5148,3215
46936.005,5149,3215
47084.915,5150,3215
47111.19,5151,3215
47289.415,5152,3215
47322.944,5153,3215
47763.83,5154,3215
48089.17,5155,3215
48105.131,5156,3215
48826.642,5157,3215
49147.418,5158,3215
49193.139,5159,3216
49193.342,5160,3217
49206.9,5161,3219
49398.07,5162,3219
49867.957,5163,3219
49975.26,5164,3219
49990.411,5165,3219
50012.652,5166,3219
50107.871,5167,3219
50187.934,5168,3219
50606.91,5169,3219
51174.537,5170,3219
51352.734,5171,3219
51415.778,5172,3219
51536.963,5173,3219
52629.24,5174,3219
52719.932,5175,3220
52841.909,5176,3220
53014.967,5177,3220
53037.346,5178,3220
53309.444,5179,3220
53357.392,5180,3222
53357.463,5181,3222
53357.964,5182,3222
53367.313,5183,3222
53367.401,5184,3222
53375.454,5185,3222
53407.197,5186,3222
53419.665,5187,3222
53469.857,5188,3222
53481.685,5189,3222
53523.227,5190,3222
53564.781,5191,3222
53634.75,5192,3222
53635.096,5193,3222
53684.874,5194,3223
53746.59,5195,3223
53759.832,5196,3223
53879.066,5197,3223
53924.332,5198,3223
53974.923,5199,3223
54032.062,5200,3223
54063.877,5201,3223
54493.176,5202,3223
54508.329,5203,3223
54538.972,5204,3223
54749.413,5205,3223
54871.609,5206,3223
55122.593,5207,3223
55674.055,5208,3223
55695.818,5209,3223
55714.276,5210,3223
55714.295,5211,3223
55714.298,5212,3223
55714.654,5213,3223
55804.168,5214,3223
55873.849,5215,3223
55971.909,5216,3223
56002.668,5217,3223
56007.746,5218,3223
56017.368,5219,3223
56021.524,5220,3228
56099.175,5221,3228
56263.615,5222,3228
56280.765,5223,3228
56298.643,5224,3228
56431.297,5225,3228
56431.524,5226,3228
56431.576,5227,3228
56431.708,5228,3228
56432.083,5229,3228
56433.355,5230,3228
56433.49,5231,3228
56444.468,5232,3228
56466.598,5233,3228
56677.944,5234,3228
56783.462,5235,3228
56801.292,5236,3228
56802.002,5237,3228
56808.671,5238,3228
56814.505,5239,3228
56818.56,5240,3228
56832.684,5241,3228
56832.832,5242,3228
56832.857,5243,3228
56886.581,5244,3228
56886.597,5245,3228
56893.948,5246,3228
56893.953,5247,3228
56901.274,5248,3228
56901.278,5249,3228
56949.378,5250,3228
56952.244,5251,3228
56952.272,5252,3228
56952.593,5253,3228
57011.538,5254,3228
57022.608,5255,3228
57049.337,5256,3228
57049.408,5257,3228
57050.173,5258,3228
57091.346,5259,3228
57091.766,5260,3228
57101.894,5261,3228
57173.726,5262,3228
57173.728,5263,3228
57173.738,5264,3228
57173.767,5265,3228
57173.846,5266,3228
57216.585,5267,3228
57216.632,5268,3228
57216.967,5269,3228
57241.802,5270,3228
57289.62,5271,3228
57352.66,5272,3228
57353.335,5273,3228
57353.91,5274,3228
57530.583,5275,3228
57531.448,5276,3228
57531.572,5277,3228
57609.696,5278,3228
57710.917,5279,3228
57715.565,5280,3228
57717.719,5281,3228
57744.282,5282,3228
57744.389,5283,3228
57753.611,5284,3228
57753.738,5285,3228
57754.282,5286,3228
57797.471,5287,3228
57819.647,5288,3228
57988.287,5289,3228
58056.141,5290,3228
58058.098,5291,3228
58058.13,5292,3228
58111.565,5293,3228
58198.247,5294,3228
58232.207,5295,3228
58236.3,5296,3228
58237.292,5297,3228
58588.857,5298,3228
58862.619,5299,3228
58879.67,5300,3228
58889.29,5301,3228
58933.741,5302,3228
59054.95,5303,3228
59055.824,5304,3228
59297.325,5305,3228
59332.826,5306,3228
59357.666,5307,3228
59360.186,5308,3228
59390.989,5309,3228
59528.951,5310,3228
59582.251,5311,3228
59826.312,5312,3228
59851.83,5313,3228
59853.117,5314,3228
60097.149,5315,3228
60100.054,5316,3228
61061.566,5317,3228
61245.601,5318,3228
61773.196,5319,3228
61825.929,5320,3228
62367.218,5321,3228
62455.773,5322,3228
62807.739,5323,3228
62921.995,5324,3228
62927.587,5325,3228
62947.533,5326,3228
62948.294,5327,3228
63284.599,5328,3228
63766.633,5329,3228
64010.658,5330,3228
64223.989,5331,3228
64423.844,5332,3228
64734.047,5333,3228
65000.295,5334,3228
65093.89,5335,3228
65320.38,5336,3228
65338.049,5337,3228
65601.394,5338,3228
65764.285,5339,3228
65766.401,5340,3228
65766.807,5341,3228
65766.808,5342,3228
65769.773,5343,3228
65769.922,5344,3228
65840.206,5345,3228
65842.898,5346,3228
66052.98,5347,3228
66097.317,5348,3228
66264.494,5349,3228
66284.678,5350,3228
66290.881,5351,3228
66291.858,5352,3228
66375.291,5353,3228
66524.951,5354,3228
66584.317,5355,3228
66584.365,5356,3228
66624.165,5357,3229
66810.633,5358,3229
66922.338,5359,3229
66947.758,5360,3229
67032.215,5361,3229
67044.716,5362,3229
67044.925,5363,3229
67148.925,5364,3229
67192.849,5365,3229
67211.535,5366,3229
67238.428,5367,3229
67265.362,5368,3229
67295.021,5369,3229
67334.874,5370,3229
67437.434,5371,3230
67527.759,5372,3230
67597.171,5373,3230
67656.645,5374,3230
67661.023,5375,3230
67665.726,5376,3230
67665.751,5377,3230
67676.758,5378,3230
67676.981,5379,3230
68024.688,5380,3230
68042.188,5381,3230
68070.731,5382,3230
68175.21,5383,3230
68472.062,5384,3230
68716.979,5385,3230
69335.437,5386,3230
69675.649,5387,3230
69692.305,5388,3230
69766.888,5389,3230
70243.897,5390,3230
70656.813,5391,3230
70656.817,5392,3230
70656.862,5393,3230
70656.906,5394,3230
70656.953,5395,3230
70657.083,5396,3230
70657.249,5397,3230
71061.737,5398,3230
71108.227,5399,3231
71109.78,5400,3231
71110.343,5401,3231
71194.133,5402,3231
71230.543,5403,3231
71230.548,5404,3231
72617.74,5405,3231
73268.4,5406,3231
73269.852,5407,3231
73659.183,5408,3231
73682.243,5409,3231
74233.186,5410,3231
74320.354,5411,3231
74707.673,5412,3231
76203.703,5413,3231
76888.138,5414,3231
76888.659,5415,3231
77289.434,5416,3231
77403.659,5417,3231
77444.178,5418,3231
77597.989,5419,3231
77692.306,5420,3231
77692.781,5421,3231
78075.083,5422,3231
78617.952,5423,3231
78800.46,5424,3231
78839.328,5425,3231
78866.652,5426,3231
78871.316,5427,3231
78919.287,5428,3231
78919.537,5429,3231
79447.861,5430,3231
79630.215,5431,3231
79809.613,5432,3231
79809.669,5433,3231
79814.116,5434,3231
79815.777,5435,3231
79831.018,5436,3231
79849.621,5437,3231
80061.161,5438,3231
80082.002,5439,3231
80343.346,5440,3231
80424.688,5441,3231
80508.784,5442,3231
80552.684,5443,3231
80796.626,5444,3231
80799.416,5445,3231
81089.852,5446,3231
81505.773,5447,3231
81532.348,5448,3231
81564.171,5449,3231
81627.683,5450,3231
81628.043,5451,3231
81628.053,5452,3231
81643.198,5453,3231
81720.021,5454,3231
81878.321,5455,3231
81939.296,5456,3231
82462.869,5457,3231
82695.662,5458,3231
82746.647,5459,3231
82746.653,5460,3231
83025.267,5461,3231
83105.424,5462,3231
83287.457,5463,3231
83437.375,5464,3231
83498.333,5465,3231
83902.677,5466,3231
84100.922,5467,3231
84183.552,5468,3231
84445.566,5469,3231
84800.289,5470,3231
85040.176,5471,3231
85463.612,5472,3231
85494.959,5473,3231
85573.064,5474,3231
