time_s,inputs,cumulative_edges
0.0,1,357
0.0,2,482
0.001,3,490
0.002,4,493
0.003,5,601
0.003,6,616
0.005,7,681
0.006,8,683
0.007,9,686
0.008,10,688
0.011,11,694
0.012,12,695
0.012,13,695
0.013,14,699
0.014,15,707
0.015,16,708
0.02,17,713
0.022,18,713
0.025,19,714
0.027,20,730
0.031,21,735
0.032,22,735
0.04,23,736
0.053,24,737
0.057,25,737
0.06,26,739
0.062,27,740
0.064,28,740
0.069,29,741
0.082,30,743
0.085,31,743
0.094,32,891
0.097,33,891
0.098,34,891
0.1,35,891
0.109,36,891
0.119,37,891
0.12,38,955
0.135,39,959
0.144,40,966
0.145,41,971
0.148,42,984
0.158,43,985
0.167,44,987
0.179,45,988
0.196,46,989
0.217,47,989
0.22,48,989
0.222,49,992
0.237,50,992
0.24,51,992
0.243,52,995
0.245,53,996
0.249,54,996
0.275,55,996
0.282,56,997
0.297,57,997
0.298,58,997
0.3,59,998
0.319,60,998
0.343,61,998
0.371,62,999
0.385,63,1008
0.401,64,1008
0.432,65,1008
0.452,66,1034
0.47,67,1034
0.471,68,1048
0.477,69,1052
0.483,70,1053
0.487,71,1065
0.5,72,1065
0.549,73,1065
0.554,74,1066
0.558,75,1067
0.56,76,1067
0.576,77,1067
0.58,78,1080
0.645,79,1080
0.649,80,1080
0.652,81,1080
0.656,82,1081
0.663,83,1082
0.666,84,1090
0.677,85,1090
0.687,86,1090
0.699,87,1090
0.708,88,1090
0.716,89,1102
0.732,90,1111
0.735,91,1111
0.76,92,1111
0.766,93,1111
0.821,94,1111
0.852,95,1111
0.862,96,1112
0.871,97,1119
0.883,98,1119
0.908,99,1123
0.92,100,1123
0.975,101,1123
1.104,102,1124
1.223,103,1124
1.241,104,1124
1.277,105,1124
1.282,106,1125
1.284,107,1125
1.361,108,1126
1.406,109,1126
1.41,110,1126
1.547,111,1126
1.583,112,1128
1.594,113,1128
1.609,114,1128
1.638,115,1128
1.655,116,1128
1.667,117,1128
1.688,118,1138
1.707,119,1147
1.745,120,1148
1.778,121,1148
1.83,122,1151
1.841,123,1152
1.892,124,1152
1.903,125,1153
1.933,126,1153
1.943,127,1166
1.962,128,1166
1.973,129,1166
1.984,130,1168
1.999,131,1168
2.019,132,1169
2.237,133,1169
2.267,134,1169
2.408,135,1169
2.433,136,1170
2.464,137,1171
2.465,138,1200
2.471,139,1207
2.471,140,1251
2.472,141,1257
2.473,142,1259
2.474,143,1259
2.474,144,1270
2.477,145,1282
2.479,146,1284
2.48,147,1285
2.481,148,1285
2.482,149,1286
2.483,150,1288
2.484,151,1290
2.486,152,1293
2.489,153,1308
2.49,154,1310
2.491,155,1311
2.494,156,1311
2.495,157,1311
2.498,158,1312
2.502,159,1318
2.503,160,1318
2.508,161,1319
2.509,162,1324
2.51,163,1324
2.514,164,1354
2.515,165,1355
2.515,166,1357
2.518,167,1357
2.521,168,1357
2.524,169,1370
2.527,170,1372
2.535,171,1374
2.536,172,1374
2.537,173,1374
2.539,174,1376
2.541,175,1376
2.543,176,1377
2.544,177,1379
2.547,178,1382
2.549,179,1382
2.552,180,1387
2.557,181,1387
2.56,182,1397
2.563,183,1397
2.566,184,1398
2.568,185,1398
2.57,186,1398
2.571,187,1409
2.571,188,1409
2.572,189,1409
2.576,190,1409
2.577,191,1409
2.578,192,1410
2.58,193,1432
2.581,194,1432
2.583,195,1432
2.586,196,1432
2.588,197,1432
2.591,198,1432
2.596,199,1433
2.604,200,1436
2.607,201,1436
2.609,202,1437
2.613,203,1440
2.615,204,1440
2.616,205,1442
2.62,206,1442
2.622,207,1447
2.624,208,1449
2.625,209,1449
2.625,210,1449
2.627,211,1452
2.628,212,1454
2.628,213,1455
2.629,214,1456
2.632,215,1464
2.634,216,1468
2.637,217,1468
2.638,218,1471
2.641,219,1472
2.642,220,1474
2.645,221,1475
2.647,222,1475
2.65,223,1482
2.654,224,1482
2.655,225,1482
2.656,226,1482
2.659,227,1482
2.663,228,1482
2.671,229,1483
2.674,230,1494
2.675,231,1494
2.678,232,1494
2.679,233,1496
2.68,234,1496
2.687,235,1497
2.688,236,1497
2.69,237,1499
2.692,238,1499
2.699,239,1500
2.705,240,1501
2.706,241,1501
2.708,242,1504
2.71,243,1505
2.712,244,1507
2.714,245,1508
2.715,246,1509
2.716,247,1510
2.716,248,1510
2.718,249,1511
2.721,250,1512
2.728,251,1513
2.732,252,1514
2.732,253,1514
2.737,254,1517
2.738,255,1517
2.741,256,1517
2.741,257,1518
2.742,258,1522
2.745,259,1523
2.747,260,1523
2.748,261,1525
2.748,262,1525
2.751,263,1525
2.754,264,1526
2.758,265,1526
2.764,266,1526
2.767,267,1528
2.769,268,1530
2.772,269,1530
2.776,270,1530
2.785,271,1538
2.79,272,1538
2.796,273,1538
2.801,274,1538
2.81,275,1538
2.815,276,1538
2.818,277,1538
2.821,278,1538
2.826,279,1542
2.828,280,1542
2.83,281,1551
2.833,282,1552
2.833,283,1555
2.843,284,1555
2.847,285,1555
2.849,286,1555
2.85,287,1558
2.852,288,1563
2.857,289,1563
2.859,290,1563
2.867,291,1563
2.869,292,1564
2.87,293,1579
2.872,294,1582
2.875,295,1582
2.877,296,1582
2.878,297,1582
2.882,298,1590
2.884,299,1592
2.886,300,1592
2.892,301,1592
2.892,302,1592
2.895,303,1593
2.907,304,1597
2.909,305,1598
2.913,306,1598
2.916,307,1598
2.92,308,1598
2.923,309,1598
2.924,310,1598
2.927,311,1600
2.93,312,1600
2.933,313,1600
2.936,314,1600
2.941,315,1600
2.943,316,1601
2.951,317,1601
2.952,318,1601
2.959,319,1601
2.962,320,1601
2.964,321,1602
2.966,322,1603
2.969,323,1603
2.974,324,1603
2.976,325,1603
2.983,326,1603
2.986,327,1604
2.989,328,1605
2.996,329,1605
2.998,330,1605
3.006,331,1605
3.018,332,1605
3.02,333,1608
3.021,334,1608
3.026,335,1609
3.027,336,1609
3.039,337,1609
3.044,338,1609
3.044,339,1609
3.047,340,1613
3.05,341,1613
3.068,342,1613
3.073,343,1613
3.079,344,1614
3.082,345,1615
3.1,346,1615
3.105,347,1616
3.123,348,1616
3.128,349,1616
3.133,350,1616
3.136,351,1624
3.139,352,1624
3.145,353,1624
3.148,354,1627
3.153,355,1627
3.154,356,1627
3.159,357,1627
3.163,358,1627
3.172,359,1657
3.181,360,1657
3.188,361,1657
3.191,362,1657
3.196,363,1657
3.202,364,1657
3.205,365,1660
3.207,366,1660
3.208,367,1667
3.211,368,1667
3.216,369,1667
3.223,370,1667
3.227,371,1667
3.239,372,1667
3.242,373,1667
3.247,374,1667
3.252,375,1675
3.256,376,1675
3.258,377,1675
3.263,378,1675
3.274,379,1676
3.278,380,1676
3.28,381,1676
3.283,382,1677
3.286,383,1678
3.289,384,1679
3.302,385,1679
3.305,386,1686
3.31,387,1687
3.322,388,1687
3.329,389,1688
3.339,390,1688
3.355,391,1689
3.359,392,1689
3.388,393,1690
3.39,394,1690
3.393,395,1690
3.405,396,1690
3.408,397,1690
3.414,398,1693
3.422,399,1693
3.431,400,1694
3.434,401,1696
3.444,402,1696
3.453,403,1697
3.46,404,1697
3.473,405,1697
3.474,406,1699
3.484,407,1699
3.491,408,1699
3.491,409,1699
3.497,410,1699
3.498,411,1700
3.507,412,1701
3.515,413,1701
3.518,414,1704
3.538,415,1704
3.551,416,1704
3.558,417,1705
3.561,418,1705
3.568,419,1712
3.593,420,1713
3.604,421,1713
3.613,422,1714
3.617,423,1714
3.637,424,1714
3.641,425,1714
3.667,426,1715
3.672,427,1715
3.674,428,1715
3.691,429,1716
3.692,430,1716
3.696,431,1716
3.706,432,1716
3.708,433,1716
3.73,434,1717
3.736,435,1722
3.741,436,1722
3.746,437,1722
3.747,438,1723
3.752,439,1724
3.781,440,1724
3.79,441,1724
3.811,442,1724
3.817,443,1724
3.83,444,1725
3.842,445,1725
3.846,446,1725
3.85,447,1725
3.851,448,1725
3.854,449,1725
3.862,450,1725
3.866,451,1725
3.869,452,1725
3.871,453,1725
3.874,454,1725
3.877,455,1725
3.88,456,1725
3.89,457,1725
3.895,458,1725
3.907,459,1726
3.912,460,1726
3.918,461,1726
3.92,462,1726
3.944,463,1729
3.949,464,1730
3.954,465,1751
3.965,466,1751
3.991,467,1751
3.995,468,1751
4.004,469,1752
4.014,470,1752
4.018,471,1752
4.02,472,1752
4.054,473,1752
4.066,474,1752
4.079,475,1752
4.101,476,1752
4.112,477,1753
4.117,478,1753
4.136,479,1753
4.148,480,1753
4.164,481,1754
4.171,482,1755
4.208,483,1755
4.215,484,1755
4.223,485,1756
4.237,486,1756
4.247,487,1756
4.251,488,1756
4.256,489,1756
4.266,490,1756
4.286,491,1756
4.293,492,1756
4.314,493,1759
4.328,494,1759
4.336,495,1759
4.339,496,1759
4.356,497,1759
4.394,498,1759
4.41,499,1759
4.427,500,1759
4.432,501,1759
4.449,502,1759
4.461,503,1759
4.468,504,1759
4.474,505,1759
4.512,506,1759
4.528,507,1759
4.529,508,1759
4.537,509,1759
4.541,510,1759
4.573,511,1759
4.581,512,1759
4.59,513,1760
4.602,514,1762
4.609,515,1762
4.623,516,1762
4.627,517,1762
4.63,518,1762
4.637,519,1762
4.639,520,1765
4.651,521,1766
4.653,522,1766
4.657,523,1766
4.659,524,1766
4.674,525,1766
4.68,526,1766
4.697,527,1766
4.71,528,1766
4.726,529,1766
4.73,530,1767
4.737,531,1767
4.775,532,1769
4.796,533,1769
4.848,534,1771
4.896,535,1771
4.907,536,1771
4.912,537,1771
4.951,538,1771
4.96,539,1771
4.983,540,1771
4.989,541,1771
5.013,542,1771
5.019,543,1771
5.025,544,1771
5.029,545,1771
5.035,546,1771
5.048,547,1771
5.07,548,1771
5.079,549,1772
5.089,550,1772
5.094,551,1772
5.124,552,1772
5.131,553,1772
5.137,554,1772
5.145,555,1772
5.153,556,1772
5.191,557,1779
5.209,558,1781
5.214,559,1781
5.239,560,1781
5.275,561,1781
5.278,562,1781
5.286,563,1782
5.294,564,1783
5.324,565,1783
5.33,566,1783
5.337,567,1783
5.343,568,1786
5.371,569,1786
5.376,570,1786
5.382,571,1788
5.456,572,1790
5.457,573,1790
5.51,574,1790
5.522,575,1791
5.534,576,1791
5.545,577,1791
5.555,578,1791
5.563,579,1791
5.568,580,1791
5.595,581,1791
5.604,582,1791
5.624,583,1793
5.644,584,1793
5.67,585,1793
5.687,586,1793
5.695,587,1794
5.701,588,1795
5.723,589,1795
5.73,590,1796
5.736,591,1796
5.811,592,1798
5.833,593,1798
5.853,594,1798
5.886,595,1799
5.919,596,1799
5.931,597,1800
5.934,598,1805
5.995,599,1809
6.001,600,1810
6.011,601,1810
6.017,602,1810
6.024,603,1810
6.026,604,1810
6.048,605,1812
6.052,606,1812
6.056,607,1812
6.06,608,1813
6.065,609,1813
6.122,610,1813
6.133,611,1813
6.148,612,1813
6.156,613,1813
6.166,614,1813
6.178,615,1813
6.198,616,1813
6.209,617,1813
6.235,618,1813
6.253,619,1815
6.257,620,1815
6.262,621,1815
6.284,622,1815
6.298,623,1815
6.326,624,1815
6.33,625,1815
6.356,626,1815
6.36,627,1815
6.375,628,1815
6.408,629,1817
6.451,630,1817
6.459,631,1819
6.473,632,1820
6.48,633,1820
6.564,634,1821
6.579,635,1821
6.596,636,1823
6.702,637,1824
6.752,638,1824
6.829,639,1824
6.833,640,1824
6.843,641,1824
6.865,642,1824
7.033,643,1824
7.272,644,1824
7.3,645,1824
7.353,646,1825
7.398,647,1826
7.405,648,1826
7.49,649,1828
7.645,650,1828
7.675,651,1828
7.733,652,1828
7.774,653,1828
7.814,654,1828
7.818,655,1828
7.949,656,1830
7.987,657,1832
8.015,658,1834
8.166,659,1834
8.168,660,1835
8.199,661,1835
8.208,662,1835
8.396,663,1835
8.437,664,1835
8.608,665,1835
8.627,666,1835
8.644,667,1835
8.99,668,1835
9.02,669,1835
9.085,670,1836
9.17,671,1837
9.222,672,1837
9.262,673,1837
9.34,674,1837
9.376,675,1837
9.436,676,1837
9.636,677,1837
9.655,678,1837
9.779,679,1837
9.985,680,1837
10.093,681,1837
10.143,682,1837
10.288,683,1837
10.298,684,1837
10.378,685,1837
10.396,686,1838
10.539,687,1838
10.909,688,1838
10.974,689,1838
11.078,690,1838
11.294,691,1838
11.311,692,1838
11.337,693,1838
11.341,694,1838
11.353,695,1838
11.362,696,1838
11.372,697,1838
11.382,698,1838
11.414,699,1838
11.427,700,1838
11.429,701,1838
11.43,702,1838
11.442,703,1838
11.463,704,1838
11.501,705,1838
11.538,706,1838
11.569,707,1838
11.576,708,1838
11.599,709,1838
11.639,710,1838
11.659,711,1838
11.663,712,1838
11.665,713,1838
11.681,714,1838
11.706,715,1838
11.759,716,1838
11.769,717,1838
11.773,718,1838
11.783,719,1838
11.788,720,1838
11.803,721,1838
11.812,722,1840
11.821,723,1840
11.83,724,1840
11.837,725,1840
11.844,726,1840
11.876,727,1844
11.917,728,1844
11.944,729,1844
11.954,730,1844
11.955,731,1844
12.016,732,1845
12.054,733,1845
12.115,734,1845
12.139,735,1845
12.144,736,1851
12.158,737,1851
12.178,738,1852
12.181,739,1852
12.185,740,1852
12.218,741,1852
12.229,742,1852
12.259,743,1852
12.286,744,1852
12.336,745,1852
12.34,746,1852
12.345,747,1852
12.367,748,1853
12.385,749,1853
12.39,750,1853
12.411,751,1853
12.43,752,1853
12.471,753,1853
12.489,754,1853
12.506,755,1853
12.508,756,1853
12.521,757,1853
12.531,758,1853
12.549,759,1854
12.593,760,1854
12.61,761,1854
12.614,762,1855
12.616,763,1855
12.622,764,1855
12.622,765,1855
12.647,766,1855
12.651,767,1855
12.69,768,1855
12.719,769,1855
12.749,770,1855
12.758,771,1855
12.787,772,1856
12.796,773,1856
12.845,774,1856
12.858,775,1856
12.875,776,1856
12.888,777,1856
12.949,778,1856
12.955,779,1857
12.96,780,1857
13.014,781,1857
13.035,782,1859
13.049,783,1860
13.056,784,1860
13.127,785,1860
13.131,786,1861
13.15,787,1861
13.167,788,1861
13.174,789,1861
13.261,790,1861
13.358,791,1861
13.368,792,1861
13.399,793,1861
13.423,794,1861
13.464,795,1861
13.477,796,1861
13.487,797,1861
13.511,798,1861
13.515,799,1861
13.545,800,1861
13.548,801,1861
13.588,802,1861
13.618,803,1861
13.647,804,1861
13.649,805,1862
13.657,806,1862
13.668,807,1863
13.674,808,1864
13.686,809,1864
13.729,810,1864
13.761,811,1900
13.771,812,1907
13.775,813,1907
13.779,814,1907
13.804,815,1914
13.812,816,1914
13.821,817,1922
13.995,818,1922
14.03,819,1922
14.036,820,1922
14.061,821,1922
14.096,822,1922
14.108,823,1922
14.209,824,1922
14.264,825,1922
14.268,826,1922
14.376,827,1922
14.397,828,1922
14.423,829,1922
14.445,830,1922
14.456,831,1922
14.491,832,1922
14.509,833,1922
14.526,834,1922
14.557,835,1922
14.58,836,1922
14.647,837,1922
14.666,838,1922
14.677,839,1923
14.699,840,1923
14.705,841,1923
14.715,842,1923
14.726,843,1923
14.733,844,1923
14.735,845,1925
14.739,846,1925
14.742,847,1925
14.749,848,1925
14.754,849,1925
14.761,850,1928
14.777,851,1937
14.784,852,1937
14.796,853,1937
14.819,854,1937
14.829,855,1937
14.831,856,1937
14.836,857,1937
14.858,858,1937
14.867,859,1937
14.871,860,1937
14.891,861,1937
14.929,862,1937
14.971,863,1937
14.99,864,1937
14.993,865,1938
15.025,866,1938
15.031,867,1938
15.035,868,1939
15.043,869,1939
15.071,870,1939
15.078,871,1939
15.086,872,1939
15.103,873,1939
15.109,874,1939
15.144,875,1941
15.155,876,1941
15.182,877,1941
15.244,878,1941
15.271,879,1941
15.304,880,1946
15.313,881,1946
15.362,882,1946
15.381,883,1946
15.387,884,1946
15.394,885,1946
15.398,886,1946
15.403,887,1946
15.425,888,1946
15.459,889,1946
15.475,890,1946
15.492,891,1946
15.521,892,1946
15.542,893,1946
15.55,894,1946
15.557,895,1946
15.564,896,1946
15.585,897,1946
15.59,898,1946
15.625,899,1946
15.631,900,1946
15.659,901,1946
15.666,902,1946
15.705,903,1946
15.711,904,1946
15.728,905,1946
15.748,906,1946
15.762,907,1946
15.766,908,1951
15.821,909,1951
15.83,910,1951
15.995,911,1951
16.001,912,1951
16.008,913,1951
16.013,914,1951
16.029,915,1951
16.096,916,1951
16.128,917,1951
16.138,918,1951
16.197,919,1951
16.272,920,1951
16.282,921,1951
16.382,922,1951
16.419,923,1951
16.467,924,1954
16.489,925,1954
16.499,926,1954
16.575,927,1954
16.61,928,1954
16.651,929,1954
16.66,930,1954
16.735,931,1954
16.739,932,1954
16.751,933,1954
16.751,934,1955
16.787,935,1955
16.855,936,1955
16.878,937,1955
16.908,938,1955
16.92,939,1956
16.93,940,1956
16.982,941,1956
16.99,942,1956
17.086,943,1957
17.108,944,1959
17.146,945,1959
17.153,946,1959
17.159,947,1959
17.204,948,1959
17.217,949,1959
17.294,950,1961
17.324,951,1983
17.364,952,1983
17.379,953,1985
17.414,954,1985
17.418,955,1985
17.471,956,1985
17.507,957,1985
17.573,958,1985
17.622,959,1986
17.666,960,1986
17.753,961,1986
17.761,962,1986
17.781,963,1986
17.835,964,1986
17.845,965,1986
17.861,966,1986
17.938,967,1986
17.961,968,1986
17.984,969,1986
17.989,970,1987
17.991,971,1988
18.058,972,1988
18.062,973,1990
18.127,974,1991
18.192,975,1991
18.288,976,1991
18.3,977,1991
18.318,978,1991
18.374,979,1991
18.427,980,1991
18.43,981,1991
18.584,982,1991
18.629,983,1991
18.65,984,1991
18.684,985,1991
18.705,986,1991
18.747,987,1991
18.763,988,1991
18.768,989,1993
18.832,990,1993
18.901,991,1993
18.983,992,2006
19.0,993,2006
19.043,994,2006
19.045,995,2006
19.053,996,2006
19.073,997,2006
19.075,998,2006
19.094,999,2006
19.108,1000,2006
19.125,1001,2006
19.159,1002,2006
19.182,1003,2006
19.202,1004,2006
19.217,1005,2006
19.244,1006,2006
19.285,1007,2006
19.328,1008,2006
19.365,1009,2006
19.378,1010,2021
19.386,1011,2021
19.44,1012,2021
19.441,1013,2022
19.475,1014,2022
19.546,1015,2022
19.56,1016,2022
19.571,1017,2023
19.576,1018,2023
19.63,1019,2023
19.634,1020,2023
19.675,1021,2023
19.697,1022,2023
19.731,1023,2023
19.996,1024,2023
20.09,1025,2023
20.253,1026,2023
20.272,1027,2024
20.279,1028,2024
20.381,1029,2024
20.392,1030,2024
20.406,1031,2024
20.414,1032,2024
20.427,1033,2028
20.456,1034,2032
20.484,1035,2032
20.487,1036,2032
20.493,1037,2032
20.507,1038,2032
20.52,1039,2033
20.521,1040,2033
20.532,1041,2033
20.54,1042,2033
20.542,1043,2033
20.619,1044,2033
20.656,1045,2033
20.694,1046,2034
20.696,1047,2037
20.895,1048,2037
20.914,1049,2038
20.918,1050,2038
20.966,1051,2039
21.067,1052,2041
21.086,1053,2041
21.136,1054,2041
21.144,1055,2041
21.176,1056,2041
21.231,1057,2041
21.254,1058,2042
21.301,1059,2043
21.317,1060,2043
21.362,1061,2043
21.381,1062,2043
21.406,1063,2043
21.415,1064,2043
21.498,1065,2043
21.632,1066,2043
21.634,1067,2043
21.941,1068,2043
21.959,1069,2043
21.962,1070,2043
22.055,1071,2043
22.113,1072,2043
22.167,1073,2043
22.2,1074,2045
22.232,1075,2046
22.317,1076,2046
22.462,1077,2047
22.569,1078,2047
22.612,1079,2047
22.649,1080,2049
22.719,1081,2050
22.791,1082,2051
22.896,1083,2052
22.97,1084,2053
23.031,1085,2053
23.084,1086,2054
23.101,1087,2054
23.303,1088,2054
23.332,1089,2054
23.402,1090,2054
23.416,1091,2054
23.477,1092,2054
23.489,1093,2054
23.573,1094,2054
23.594,1095,2056
23.721,1096,2056
23.732,1097,2057
23.797,1098,2057
23.815,1099,2058
23.986,1100,2058
24.014,1101,2058
24.118,1102,2058
24.185,1103,2058
24.207,1104,2058
24.213,1105,2058
24.252,1106,2058
24.386,1107,2058
24.4,1108,2058
24.498,1109,2058
24.705,1110,2058
24.784,1111,2059
24.828,1112,2059
24.89,1113,2059
25.145,1114,2059
25.181,1115,2059
25.212,1116,2059
25.379,1117,2059
25.385,1118,2059
25.637,1119,2060
25.746,1120,2060
25.866,1121,2060
25.873,1122,2060
25.945,1123,2060
26.105,1124,2060
26.162,1125,2060
26.18,1126,2061
26.218,1127,2061
26.239,1128,2063
26.413,1129,2063
26.438,1130,2063
26.655,1131,2063
26.925,1132,2063
27.416,1133,2063
27.629,1134,2063
27.651,1135,2063
27.895,1136,2063
28.078,1137,2064
28.258,1138,2065
28.283,1139,2065
28.419,1140,2065
28.437,1141,2065
28.504,1142,2066
28.544,1143,2070
29.384,1144,2075
29.388,1145,2075
29.4,1146,2075
29.559,1147,2075
29.634,1148,2075
30.121,1149,2075
30.217,1150,2075
30.303,1151,2079
30.304,1152,2082
30.345,1153,2082
30.355,1154,2082
30.365,1155,2082
30.377,1156,2082
30.54,1157,2083
30.568,1158,2083
30.586,1159,2083
30.592,1160,2083
30.683,1161,2083
30.865,1162,2083
30.927,1163,2083
31.237,1164,2083
31.263,1165,2083
31.304,1166,2083
31.967,1167,2083
32.089,1168,2086
32.09,1169,2087
32.091,1170,2091
32.132,1171,2091
32.194,1172,2091
32.243,1173,2091
32.27,1174,2091
32.272,1175,2091
32.282,1176,2092
32.29,1177,2093
32.297,1178,2093
32.32,1179,2093
32.339,1180,2093
32.348,1181,2093
32.389,1182,2093
32.392,1183,2093
32.408,1184,2093
32.462,1185,2093
32.472,1186,2093
32.514,1187,2093
32.526,1188,2093
32.59,1189,2093
32.636,1190,2093
32.704,1191,2093
32.722,1192,2093
32.765,1193,2093
32.854,1194,2093
33.007,1195,2093
33.055,1196,2099
33.092,1197,2099
33.191,1198,2099
33.205,1199,2100
33.252,1200,2100
33.295,1201,2100
33.562,1202,2103
33.681,1203,2103
33.693,1204,2103
33.698,1205,2104
33.702,1206,2104
33.708,1207,2104
33.76,1208,2104
33.775,1209,2104
33.791,1210,2104
33.81,1211,2104
33.88,1212,2105
33.904,1213,2105
34.049,1214,2105
34.223,1215,2105
34.277,1216,2105
34.301,1217,2106
34.382,1218,2106
34.58,1219,2106
34.598,1220,2107
34.741,1221,2108
34.892,1222,2108
35.104,1223,2108
35.182,1224,2109
35.214,1225,2109
35.261,1226,2109
35.444,1227,2125
35.452,1228,2125
35.474,1229,2125
35.482,1230,2128
35.484,1231,2128
35.485,1232,2128
35.509,1233,2129
35.515,1234,2130
35.537,1235,2130
35.683,1236,2130
35.726,1237,2130
35.855,1238,2130
36.03,1239,2131
36.201,1240,2131
36.263,1241,2132
36.275,1242,2132
36.438,1243,2132
36.897,1244,2132
36.935,1245,2132
37.106,1246,2132
37.2,1247,2132
37.253,1248,2132
37.298,1249,2132
37.952,1250,2132
38.485,1251,2132
38.528,1252,2132
38.599,1253,2132
40.025,1254,2133
40.185,1255,2133
40.281,1256,2133
40.563,1257,2133
40.617,1258,2133
40.658,1259,2134
41.486,1260,2134
44.767,1261,2134
44.851,1262,2134
44.884,1263,2134
44.935,1264,2134
44.956,1265,2134
45.007,1266,2134
45.147,1267,2136
45.15,1268,2136
45.158,1269,2136
45.268,1270,2136
45.278,1271,2136
45.337,1272,2136
45.45,1273,2137
45.451,1274,2137
45.768,1275,2137
45.964,1276,2137
46.034,1277,2138
46.215,1278,2138
46.285,1279,2139
46.403,1280,2140
46.69,1281,2140
47.0,1282,2147
47.204,1283,2148
47.207,1284,2148
47.211,1285,2149
47.217,1286,2149
47.231,1287,2150
47.232,1288,2150
47.233,1289,2151
47.236,1290,2151
47.28,1291,2152
47.288,1292,2152
47.336,1293,2153
47.352,1294,2153
47.388,1295,2153
47.408,1296,2153
47.444,1297,2159
47.619,1298,2159
47.688,1299,2159
47.703,1300,2159
47.759,1301,2159
48.574,1302,2160
48.595,1303,2160
48.715,1304,2160
48.72,1305,2160
48.741,1306,2160
48.769,1307,2160
48.882,1308,2160
48.904,1309,2160
48.955,1310,2160
49.456,1311,2160
49.487,1312,2162
49.517,1313,2162
49.52,1314,2162
49.588,1315,2162
49.696,1316,2162
49.709,1317,2162
49.761,1318,2162
49.921,1319,2162
50.04,1320,2162
50.056,1321,2162
50.131,1322,2162
50.169,1323,2162
50.228,1324,2162
50.283,1325,2162
50.555,1326,2162
51.16,1327,2162
51.311,1328,2162
51.392,1329,2162
52.372,1330,2162
52.379,1331,2162
52.447,1332,2163
52.448,1333,2163
52.642,1334,2163
52.645,1335,2163
52.647,1336,2163
52.647,1337,2163
52.658,1338,2163
52.66,1339,2163
52.661,1340,2163
52.664,1341,2163
52.665,1342,2163
52.671,1343,2164
52.673,1344,2164
52.674,1345,2164
52.691,1346,2174
52.692,1347,2174
52.712,1348,2174
52.715,1349,2174
52.721,1350,2174
52.746,1351,2174
52.751,1352,2174
52.753,1353,2174
52.774,1354,2174
52.777,1355,2174
52.79,1356,2181
52.839,1357,2182
52.861,1358,2183
52.864,1359,2183
52.879,1360,2183
52.922,1361,2183
52.964,1362,2183
52.993,1363,2183
53.021,1364,2183
53.042,1365,2184
53.072,1366,2184
53.075,1367,2184
53.163,1368,2184
53.199,1369,2184
53.242,1370,2184
53.27,1371,2184
53.278,1372,2185
53.318,1373,2185
53.349,1374,2185
53.363,1375,2185
53.384,1376,2185
53.418,1377,2185
53.421,1378,2185
53.439,1379,2185
53.502,1380,2185
53.51,1381,2185
53.543,1382,2185
53.571,1383,2185
53.619,1384,2185
53.623,1385,2186
53.644,1386,2187
53.713,1387,2187
53.795,1388,2187
53.846,1389,2187
53.95,1390,2187
53.995,1391,2187
54.078,1392,2187
54.08,1393,2187
54.25,1394,2187
54.341,1395,2187
54.41,1396,2187
54.422,1397,2187
54.49,1398,2189
54.495,1399,2190
54.542,1400,2190
54.637,1401,2190
54.638,1402,2190
54.639,1403,2190
54.694,1404,2191
54.763,1405,2192
54.764,1406,2192
54.783,1407,2192
54.785,1408,2192
54.788,1409,2192
54.797,1410,2192
54.95,1411,2192
54.951,1412,2192
54.952,1413,2192
55.029,1414,2192
55.03,1415,2192
55.032,1416,2193
55.034,1417,2193
55.034,1418,2193
55.035,1419,2193
55.042,1420,2193
55.045,1421,2193
55.048,1422,2193
55.053,1423,2193
55.054,1424,2193
55.058,1425,2193
55.086,1426,2193
55.087,1427,2193
55.133,1428,2193
55.144,1429,2193
55.162,1430,2193
55.268,1431,2193
55.286,1432,2193
55.295,1433,2193
55.528,1434,2193
55.768,1435,2193
56.585,1436,2195
56.587,1437,2197
56.591,1438,2198
56.799,1439,2198
56.876,1440,2198
57.24,1441,2198
57.259,1442,2198
57.338,1443,2198
57.348,1444,2198
57.384,1445,2198
57.395,1446,2198
57.408,1447,2198
57.44,1448,2198
57.506,1449,2199
57.918,1450,2199
58.312,1451,2199
58.315,1452,2200
58.568,1453,2200
58.582,1454,2200
58.621,1455,2200
59.14,1456,2200
59.349,1457,2200
60.364,1458,2201
60.419,1459,2201
62.589,1460,2201
62.726,1461,2201
63.24,1462,2201
63.609,1463,2201
64.78,1464,2201
64.81,1465,2202
64.834,1466,2203
64.951,1467,2203
64.956,1468,2203
64.963,1469,2203
65.11,1470,2203
65.2,1471,2203
65.224,1472,2203
65.252,1473,2203
65.293,1474,2203
65.34,1475,2203
65.392,1476,2203
65.684,1477,2203
65.848,1478,2203
66.052,1479,2203
66.062,1480,2203
66.155,1481,2203
66.403,1482,2203
66.41,1483,2203
66.537,1484,2203
66.861,1485,2204
66.869,1486,2204
66.896,1487,2204
66.902,1488,2204
66.923,1489,2204
66.959,1490,2204
66.962,1491,2204
66.973,1492,2204
66.986,1493,2204
67.009,1494,2204
67.012,1495,2204
67.02,1496,2204
67.031,1497,2204
67.048,1498,2204
67.06,1499,2204
67.068,1500,2204
67.082,1501,2204
67.102,1502,2204
67.112,1503,2204
67.175,1504,2204
67.199,1505,2204
67.24,1506,2204
67.291,1507,2204
67.363,1508,2204
67.456,1509,2204
67.467,1510,2204
67.514,1511,2204
67.561,1512,2204
67.628,1513,2204
67.722,1514,2204
67.986,1515,2204
68.069,1516,2204
68.343,1517,2204
68.596,1518,2204
68.971,1519,2204
69.12,1520,2204
69.402,1521,2204
69.918,1522,2204
70.805,1523,2204
70.973,1524,2204
71.271,1525,2204
71.376,1526,2204
71.877,1527,2204
71.902,1528,2204
71.952,1529,2204
72.223,1530,2204
72.282,1531,2204
72.495,1532,2204
72.793,1533,2204
75.92,1534,2204
76.02,1535,2204
76.059,1536,2205
76.063,1537,2206
76.071,1538,2207
76.077,1539,2207
76.118,1540,2207
76.136,1541,2207
76.145,1542,2207
76.151,1543,2207
76.216,1544,2208
76.309,1545,2209
76.379,1546,2209
76.504,1547,2210
76.506,1548,2210
76.585,1549,2211
77.027,1550,2211
77.051,1551,2211
77.052,1552,2211
77.056,1553,2211
77.057,1554,2211
77.061,1555,2212
77.064,1556,2212
77.064,1557,2212
77.065,1558,2212
77.069,1559,2212
77.076,1560,2212
77.081,1561,2212
77.082,1562,2212
77.084,1563,2212
77.096,1564,2213
77.101,1565,2213
77.108,1566,2213
77.112,1567,2213
77.118,1568,2214
77.119,1569,2214
77.125,1570,2214
77.131,1571,2214
77.135,1572,2214
77.148,1573,2214
77.15,1574,2214
77.197,1575,2214
77.252,1576,2214
77.293,1577,2214
77.348,1578,2214
77.356,1579,2214
77.404,1580,2214
77.453,1581,2214
77.479,1582,2214
77.567,1583,2214
77.592,1584,2214
77.682,1585,2214
77.703,1586,2214
77.794,1587,2214
78.061,1588,2214
78.095,1589,2214
78.337,1590,2214
78.349,1591,2214
78.375,1592,2214
78.377,1593,2214
78.527,1594,2214
78.844,1595,2214
79.111,1596,2214
79.21,1597,2214
79.336,1598,2214
79.481,1599,2214
79.852,1600,2214
79.96,1601,2214
80.011,1602,2214
80.023,1603,2214
80.026,1604,2214
80.034,1605,2214
80.065,1606,2218
80.076,1607,2218
80.078,1608,2218
80.097,1609,2218
80.103,1610,2219
80.118,1611,2219
80.18,1612,2219
80.302,1613,2223
80.327,1614,2223
80.642,1615,2224
80.733,1616,2224
81.195,1617,2224
81.328,1618,2237
81.365,1619,2237
81.375,1620,2237
81.426,1621,2237
81.677,1622,2237
81.681,1623,2237
81.718,1624,2237
81.727,1625,2237
81.728,1626,2237
81.784,1627,2237
81.931,1628,2238
81.935,1629,2238
81.938,1630,2238
81.945,1631,2238
81.969,1632,2238
82.072,1633,2238
82.258,1634,2238
82.267,1635,2238
82.366,1636,2238
82.565,1637,2238
82.576,1638,2238
82.813,1639,2238
82.858,1640,2238
83.034,1641,2238
83.208,1642,2238
83.243,1643,2238
83.256,1644,2238
83.321,1645,2238
83.654,1646,2238
83.7,1647,2238
83.826,1648,2238
83.989,1649,2238
84.212,1650,2238
84.283,1651,2238
84.581,1652,2238
84.855,1653,2238
85.376,1654,2238
85.952,1655,2238
86.96,1656,2238
87.023,1657,2238
87.026,1658,2238
87.097,1659,2238
87.132,1660,2238
87.184,1661,2238
87.192,1662,2238
87.928,1663,2242
87.937,1664,2242
88.24,1665,2243
88.608,1666,2243
88.621,1667,2244
88.628,1668,2244
88.648,1669,2244
88.652,1670,2244
88.655,1671,2244
88.707,1672,2245
88.735,1673,2245
88.771,1674,2245
88.861,1675,2245
89.037,1676,2246
89.124,1677,2247
89.198,1678,2247
89.294,1679,2247
89.371,1680,2247
89.646,1681,2247
89.852,1682,2247
90.072,1683,2256
90.192,1684,2256
90.193,1685,2256
90.197,1686,2256
90.202,1687,2256
90.226,1688,2256
90.251,1689,2256
90.285,1690,2256
90.399,1691,2256
90.485,1692,2256
90.735,1693,2257
90.762,1694,2258
90.943,1695,2258
91.046,1696,2258
91.99,1697,2258
92.12,1698,2258
92.169,1699,2259
92.381,1700,2260
92.479,1701,2260
92.577,1702,2260
92.622,1703,2260
92.633,1704,2260
92.701,1705,2260
94.06,1706,2260
94.135,1707,2260
95.11,1708,2260
95.197,1709,2260
95.262,1710,2260
95.451,1711,2260
95.455,1712,2260
95.703,1713,2260
96.133,1714,2260
96.151,1715,2260
96.154,1716,2260
96.203,1717,2260
96.206,1718,2260
96.213,1719,2260
96.282,1720,2260
96.462,1721,2260
96.751,1722,2260
96.764,1723,2260
96.791,1724,2260
96.818,1725,2260
97.08,1726,2260
97.169,1727,2260
97.217,1728,2260
97.224,1729,2260
97.241,1730,2262
97.331,1731,2262
97.381,1732,2262
97.386,1733,2262
97.435,1734,2262
97.524,1735,2262
97.554,1736,2262
97.928,1737,2263
97.93,1738,2269
97.933,1739,2271
97.936,1740,2271
97.937,1741,2271
98.027,1742,2271
98.061,1743,2272
98.074,1744,2273
98.09,1745,2273
98.1,1746,2273
98.106,1747,2276
98.108,1748,2276
98.128,1749,2276
98.132,1750,2278
98.138,1751,2278
98.158,1752,2278
98.168,1753,2279
98.187,1754,2279
98.25,1755,2280
98.316,1756,2280
98.32,1757,2280
98.349,1758,2280
98.385,1759,2281
98.403,1760,2281
98.473,1761,2281
98.477,1762,2281
98.505,1763,2281
98.529,1764,2281
98.567,1765,2282
98.572,1766,2282
98.594,1767,2283
98.608,1768,2283
98.64,1769,2284
98.734,1770,2284
98.736,1771,2285
98.816,1772,2285
98.894,1773,2286
98.903,1774,2286
98.935,1775,2286
98.954,1776,2286
99.0,1777,2286
99.07,1778,2286
99.13,1779,2286
99.199,1780,2286
99.271,1781,2286
99.287,1782,2286
99.334,1783,2286
99.377,1784,2286
99.584,1785,2286
99.633,1786,2287
99.836,1787,2287
99.976,1788,2287
100.024,1789,2287
100.041,1790,2287
100.094,1791,2287
100.196,1792,2287
101.151,1793,2287
101.155,1794,2287
101.381,1795,2287
101.417,1796,2287
101.448,1797,2288
101.481,1798,2289
101.524,1799,2289
101.555,1800,2289
101.714,1801,2289
102.29,1802,2290
102.435,1803,2290
103.256,1804,2290
103.267,1805,2290
103.28,1806,2290
103.354,1807,2291
103.418,1808,2291
103.635,1809,2291
103.636,1810,2291
103.642,1811,2291
103.91,1812,2291
103.959,1813,2291
103.982,1814,2291
104.105,1815,2291
104.196,1816,2291
104.227,1817,2291
104.285,1818,2291
104.698,1819,2291
104.854,1820,2291
104.987,1821,2291
106.501,1822,2291
106.528,1823,2291
106.555,1824,2291
106.651,1825,2291
106.718,1826,2291
106.996,1827,2291
107.181,1828,2291
107.581,1829,2291
108.062,1830,2291
108.172,1831,2291
108.196,1832,2291
109.473,1833,2291
109.658,1834,2291
109.663,1835,2291
109.734,1836,2291
109.818,1837,2291
110.161,1838,2291
110.196,1839,2291
110.291,1840,2291
110.324,1841,2291
110.414,1842,2291
110.693,1843,2291
110.964,1844,2291
111.13,1845,2291
111.385,1846,2291
111.516,1847,2291
113.71,1848,2291
113.719,1849,2291
113.807,1850,2291
113.817,1851,2291
113.893,1852,2291
114.252,1853,2313
114.643,1854,2313
114.842,1855,2313
114.934,1856,2313
115.171,1857,2313
115.824,1858,2313
115.846,1859,2313
115.936,1860,2313
116.354,1861,2313
116.398,1862,2317
116.402,1863,2317
116.472,1864,2318
116.905,1865,2318
117.062,1866,2318
117.079,1867,2318
117.098,1868,2318
117.226,1869,2320
117.461,1870,2322
117.508,1871,2322
117.533,1872,2322
117.752,1873,2322
118.33,1874,2322
118.513,1875,2322
118.807,1876,2322
119.295,1877,2323
120.414,1878,2323
120.433,1879,2323
120.985,1880,2323
121.008,1881,2323
121.203,1882,2323
121.719,1883,2323
122.092,1884,2327
122.095,1885,2327
122.164,1886,2327
122.171,1887,2327
122.179,1888,2327
122.346,1889,2327
122.469,1890,2327
122.473,1891,2327
123.379,1892,2327
123.404,1893,2327
123.886,1894,2327
124.389,1895,2327
125.031,1896,2327
125.141,1897,2327
125.15,1898,2327
125.359,1899,2327
125.849,1900,2327
126.165,1901,2327
126.202,1902,2328
126.256,1903,2329
126.273,1904,2329
126.347,1905,2330
126.437,1906,2330
126.519,1907,2330
126.828,1908,2330
126.895,1909,2330
126.923,1910,2330
127.106,1911,2330
127.37,1912,2330
127.41,1913,2330
127.588,1914,2330
127.77,1915,2330
128.178,1916,2330
128.582,1917,2330
128.862,1918,2330
129.239,1919,2330
129.465,1920,2330
129.681,1921,2330
129.771,1922,2330
129.777,1923,2330
130.077,1924,2330
130.152,1925,2330
130.491,1926,2330
130.693,1927,2330
131.516,1928,2330
132.169,1929,2330
132.414,1930,2331
132.553,1931,2331
134.353,1932,2331
134.435,1933,2331
134.67,1934,2331
134.962,1935,2331
135.16,1936,2346
135.432,1937,2346
135.643,1938,2346
136.005,1939,2346
136.03,1940,2346
136.08,1941,2346
136.306,1942,2346
136.384,1943,2346
136.47,1944,2346
136.508,1945,2346
137.029,1946,2346
138.474,1947,2346
139.996,1948,2346
139.999,1949,2346
140.0,1950,2346
140.004,1951,2346
140.015,1952,2346
140.049,1953,2346
140.066,1954,2346
140.078,1955,2346
140.115,1956,2346
140.212,1957,2346
140.237,1958,2346
140.278,1959,2355
140.373,1960,2355
140.38,1961,2355
140.425,1962,2355
140.538,1963,2355
140.633,1964,2355
140.637,1965,2355
140.798,1966,2355
141.392,1967,2355
142.396,1968,2356
142.41,1969,2357
142.611,1970,2357
142.77,1971,2357
142.771,1972,2359
142.838,1973,2360
142.854,1974,2360
142.883,1975,2360
142.927,1976,2360
142.946,1977,2363
142.963,1978,2365
143.0,1979,2367
143.016,1980,2369
143.219,1981,2369
143.227,1982,2369
143.464,1983,2375
143.474,1984,2375
143.644,1985,2376
143.72,1986,2376
143.88,1987,2376
143.887,1988,2376
143.967,1989,2376
144.385,1990,2377
144.583,1991,2378
144.642,1992,2380
145.306,1993,2380
145.543,1994,2380
145.917,1995,2380
147.659,1996,2380
148.506,1997,2380
148.519,1998,2380
148.56,1999,2380
148.566,2000,2380
148.583,2001,2380
148.714,2002,2380
148.922,2003,2380
149.076,2004,2381
149.256,2005,2381
149.667,2006,2381
149.91,2007,2381
151.038,2008,2382
151.11,2009,2382
151.116,2010,2382
151.284,2011,2382
151.714,2012,2382
151.74,2013,2382
151.752,2014,2382
153.054,2015,2382
153.502,2016,2382
153.571,2017,2382
153.642,2018,2396
153.646,2019,2397
153.65,2020,2399
153.749,2021,2402
154.064,2022,2402
154.633,2023,2402
154.729,2024,2402
154.76,2025,2402
154.834,2026,2402
154.876,2027,2402
154.877,2028,2402
154.884,2029,2402
154.915,2030,2402
155.737,2031,2402
155.759,2032,2402
155.827,2033,2402
156.273,2034,2402
156.302,2035,2402
156.306,2036,2402
156.759,2037,2402
156.956,2038,2402
156.991,2039,2402
157.003,2040,2402
157.003,2041,2402
157.008,2042,2402
157.427,2043,2402
157.511,2044,2403
157.622,2045,2403
158.1,2046,2403
158.127,2047,2404
158.867,2048,2404
159.034,2049,2404
159.191,2050,2404
159.272,2051,2404
159.287,2052,2404
159.378,2053,2404
159.408,2054,2404
159.445,2055,2405
159.567,2056,2405
160.183,2057,2405
160.733,2058,2405
161.737,2059,2405
162.005,2060,2405
162.032,2061,2405
162.292,2062,2405
162.657,2063,2405
163.219,2064,2405
163.311,2065,2405
163.351,2066,2405
163.419,2067,2405
163.44,2068,2405
163.527,2069,2405
163.647,2070,2405
163.662,2071,2405
163.705,2072,2405
163.842,2073,2405
164.22,2074,2405
164.421,2075,2405
164.824,2076,2405
165.263,2077,2405
165.335,2078,2405
165.578,2079,2405
165.586,2080,2405
165.875,2081,2405
166.084,2082,2405
166.161,2083,2405
166.693,2084,2405
166.927,2085,2405
168.365,2086,2405
169.005,2087,2405
169.067,2088,2405
169.35,2089,2405
169.359,2090,2405
169.409,2091,2405
169.423,2092,2405
169.452,2093,2405
169.515,2094,2405
169.569,2095,2405
169.652,2096,2405
169.709,2097,2405
170.807,2098,2406
171.324,2099,2406
171.518,2100,2406
172.928,2101,2406
172.944,2102,2406
173.903,2103,2406
174.057,2104,2406
174.39,2105,2406
174.502,2106,2406
175.065,2107,2406
175.195,2108,2406
175.246,2109,2406
175.252,2110,2406
175.433,2111,2406
175.446,2112,2406
175.507,2113,2406
175.59,2114,2406
175.711,2115,2406
176.536,2116,2406
176.778,2117,2406
176.888,2118,2406
178.221,2119,2406
178.585,2120,2406
178.766,2121,2406
179.078,2122,2406
180.359,2123,2406
180.369,2124,2406
180.389,2125,2406
180.482,2126,2406
180.876,2127,2406
181.227,2128,2406
181.488,2129,2406
181.95,2130,2406
182.773,2131,2408
183.167,2132,2408
183.177,2133,2408
183.189,2134,2408
183.229,2135,2408
183.53,2136,2409
183.582,2137,2409
183.659,2138,2409
183.807,2139,2409
183.851,2140,2409
184.226,2141,2409
184.522,2142,2409
184.805,2143,2409
184.818,2144,2409
185.315,2145,2409
185.332,2146,2409
185.441,2147,2409
186.654,2148,2409
186.658,2149,2410
186.702,2150,2411
187.082,2151,2411
187.295,2152,2411
187.296,2153,2411
187.301,2154,2411
187.513,2155,2411
187.675,2156,2411
188.616,2157,2423
188.635,2158,2423
188.639,2159,2423
188.665,2160,2423
188.676,2161,2423
188.713,2162,2423
188.821,2163,2423
189.05,2164,2423
189.425,2165,2423
189.563,2166,2423
189.576,2167,2424
189.989,2168,2424
190.007,2169,2424
190.015,2170,2424
190.023,2171,2424
190.08,2172,2424
190.474,2173,2424
190.972,2174,2424
191.052,2175,2424
191.137,2176,2424
191.182,2177,2424
191.547,2178,2424
192.725,2179,2424
192.863,2180,2424
193.211,2181,2424
195.292,2182,2424
195.427,2183,2424
195.432,2184,2424
195.458,2185,2424
195.496,2186,2424
195.993,2187,2424
198.861,2188,2425
198.878,2189,2425
198.89,2190,2426
198.91,2191,2426
198.922,2192,2427
198.953,2193,2427
199.072,2194,2427
199.085,2195,2427
199.514,2196,2427
200.692,2197,2427
202.084,2198,2427
202.136,2199,2427
202.424,2200,2427
203.13,2201,2427
203.216,2202,2427
203.46,2203,2428
203.753,2204,2428
203.759,2205,2428
203.91,2206,2428
204.046,2207,2428
205.617,2208,2428
206.148,2209,2428
206.411,2210,2428
207.003,2211,2428
209.293,2212,2428
210.698,2213,2428
210.727,2214,2428
210.759,2215,2428
210.924,2216,2428
211.972,2217,2428
212.228,2218,2428
213.187,2219,2428
213.969,2220,2428
214.098,2221,2428
216.74,2222,2428
218.421,2223,2428
218.56,2224,2428
218.825,2225,2430
218.843,2226,2430
219.769,2227,2430
219.818,2228,2430
219.828,2229,2430
219.854,2230,2430
219.857,2231,2430
219.88,2232,2430
220.141,2233,2431
220.704,2234,2431
221.261,2235,2431
222.135,2236,2431
222.14,2237,2433
222.146,2238,2433
222.15,2239,2434
222.156,2240,2434
222.186,2241,2434
222.325,2242,2434
222.46,2243,2434
222.639,2244,2435
222.749,2245,2435
222.873,2246,2436
223.24,2247,2436
223.547,2248,2436
223.9,2249,2436
224.448,2250,2436
224.507,2251,2436
224.706,2252,2436
225.045,2253,2436
225.979,2254,2436
227.575,2255,2436
229.119,2256,2436
229.51,2257,2473
231.629,2258,2473
231.942,2259,2473
232.455,2260,2473
232.495,2261,2473
232.525,2262,2473
232.544,2263,2473
232.619,2264,2473
232.901,2265,2473
233.219,2266,2473
233.742,2267,2473
233.778,2268,2473
233.994,2269,2473
234.126,2270,2473
235.12,2271,2590
235.138,2272,2597
235.156,2273,2597
235.166,2274,2610
235.171,2275,2624
235.495,2276,2631
235.513,2277,2631
235.529,2278,2632
235.548,2279,2632
235.631,2280,2635
235.648,2281,2635
235.666,2282,2635
235.736,2283,2635
235.806,2284,2635
235.887,2285,2635
235.924,2286,2636
235.969,2287,2636
236.205,2288,2637
236.227,2289,2646
236.241,2290,2647
236.26,2291,2647
236.268,2292,2647
236.282,2293,2648
236.316,2294,2650
236.337,2295,2655
236.525,2296,2659
236.616,2297,2660
236.818,2298,2660
236.941,2299,2660
236.96,2300,2660
237.061,2301,2661
237.265,2302,2661
237.353,2303,2661
237.554,2304,2661
237.606,2305,2668
237.891,2306,2669
238.026,2307,2669
238.047,2308,2670
238.076,2309,2670
238.124,2310,2674
238.14,2311,2674
238.508,2312,2674
238.586,2313,2674
238.686,2314,2674
238.749,2315,2675
238.786,2316,2678
238.834,2317,2678
239.087,2318,2678
239.339,2319,2678
239.476,2320,2678
239.524,2321,2678
239.725,2322,2680
240.208,2323,2680
240.337,2324,2680
240.408,2325,2682
240.821,2326,2684
241.2,2327,2685
241.859,2328,2686
242.712,2329,2692
243.385,2330,2692
243.418,2331,2694
244.391,2332,2694
245.465,2333,2694
245.687,2334,2694
246.688,2335,2694
249.107,2336,2694
249.13,2337,2694
249.226,2338,2694
249.229,2339,2695
249.307,2340,2695
249.374,2341,2695
249.408,2342,2695
249.417,2343,2695
249.427,2344,2695
249.528,2345,2695
249.69,2346,2695
249.976,2347,2695
250.532,2348,2696
251.089,2349,2696
252.217,2350,2697
252.285,2351,2697
252.341,2352,2697
252.559,2353,2697
252.704,2354,2697
253.138,2355,2698
253.255,2356,2700
253.318,2357,2701
253.649,2358,2701
254.131,2359,2701
254.69,2360,2702
255.619,2361,2702
255.866,2362,2706
256.323,2363,2709
256.374,2364,2710
256.404,2365,2710
256.706,2366,2710
257.272,2367,2712
257.291,2368,2712
257.476,2369,2712
257.509,2370,2712
258.099,2371,2712
258.268,2372,2712
258.367,2373,2713
258.69,2374,2713
258.981,2375,2713
259.725,2376,2713
259.961,2377,2714
260.1,2378,2714
260.301,2379,2716
260.82,2380,2721
260.906,2381,2722
261.098,2382,2723
261.309,2383,2723
261.718,2384,2724
261.817,2385,2724
262.33,2386,2725
262.342,2387,2725
262.594,2388,2725
262.8,2389,2725
262.88,2390,2725
263.152,2391,2725
263.413,2392,2725
263.87,2393,2726
264.39,2394,2727
264.539,2395,2728
264.68,2396,2728
264.701,2397,2728
264.996,2398,2729
265.749,2399,2729
266.189,2400,2729
267.293,2401,2729
267.561,2402,2729
267.566,2403,2729
267.57,2404,2730
267.577,2405,2730
267.589,2406,2730
267.605,2407,2732
267.621,2408,2732
267.631,2409,2732
267.643,2410,2733
267.652,2411,2733
267.718,2412,2733
267.754,2413,2733
267.836,2414,2733
267.848,2415,2733
267.924,2416,2733
267.95,2417,2733
267.977,2418,2733
268.06,2419,2733
268.086,2420,2733
268.106,2421,2733
268.169,2422,2733
268.21,2423,2734
268.259,2424,2735
268.278,2425,2735
268.295,2426,2735
268.41,2427,2736
268.626,2428,2736
268.694,2429,2736
268.732,2430,2736
268.798,2431,2737
268.883,2432,2738
268.929,2433,2738
268.966,2434,2738
269.052,2435,2739
269.176,2436,2740
269.499,2437,2740
269.546,2438,2740
269.62,2439,2740
269.671,2440,2740
269.739,2441,2740
269.999,2442,2740
270.102,2443,2740
270.55,2444,2740
270.676,2445,2740
271.27,2446,2740
271.334,2447,2741
271.493,2448,2741
271.638,2449,2741
271.782,2450,2741
271.858,2451,2741
272.253,2452,2741
272.705,2453,2741
272.9,2454,2741
273.026,2455,2741
273.227,2456,2741
273.246,2457,2742
273.327,2458,2742
273.416,2459,2742
273.484,2460,2742
273.652,2461,2742
273.673,2462,2742
275.042,2463,2742
275.057,2464,2742
275.079,2465,2742
275.159,2466,2742
275.514,2467,2742
276.097,2468,2743
276.107,2469,2743
276.164,2470,2744
276.619,2471,2745
277.289,2472,2746
277.894,2473,2746
278.072,2474,2746
278.454,2475,2746
278.768,2476,2746
278.949,2477,2746
279.63,2478,2746
279.928,2479,2746
280.171,2480,2746
280.61,2481,2746
280.977,2482,2746
281.606,2483,2746
282.484,2484,2746
282.797,2485,2750
282.845,2486,2750
283.362,2487,2750
284.926,2488,2750
285.747,2489,2750
285.792,2490,2750
286.072,2491,2751
287.102,2492,2751
287.215,2493,2752
287.392,2494,2752
287.843,2495,2752
288.085,2496,2752
288.989,2497,2752
289.418,2498,2759
289.44,2499,2759
289.542,2500,2759
289.684,2501,2759
290.499,2502,2759
290.552,2503,2759
291.555,2504,2759
291.567,2505,2759
291.583,2506,2759
291.6,2507,2759
291.663,2508,2760
291.77,2509,2760
291.874,2510,2760
291.893,2511,2760
291.999,2512,2760
292.101,2513,2760
292.633,2514,2760
292.713,2515,2760
292.787,2516,2760
292.802,2517,2760
293.004,2518,2760
293.316,2519,2760
293.337,2520,2760
293.444,2521,2760
293.687,2522,2760
293.991,2523,2760
294.017,2524,2760
294.33,2525,2760
294.408,2526,2760
294.654,2527,2760
294.782,2528,2760
294.825,2529,2760
299.113,2530,2764
299.124,2531,2764
299.13,2532,2764
299.135,2533,2765
299.189,2534,2765
299.359,2535,2765
300.414,2536,2765
300.741,2537,2765
302.948,2538,2765
304.143,2539,2765
312.378,2540,2765
313.98,2541,2765
314.007,2542,2765
314.134,2543,2765
314.399,2544,2765
314.847,2545,2766
316.228,2546,2766
316.573,2547,2766
318.316,2548,2766
320.872,2549,2766
324.878,2550,2766
325.781,2551,2766
325.968,2552,2766
326.47,2553,2766
327.563,2554,2766
333.431,2555,2766
334.149,2556,2771
335.07,2557,2772
340.797,2558,2772
340.966,2559,2772
341.607,2560,2773
341.688,2561,2773
342.589,2562,2774
343.528,2563,2774
344.968,2564,2774
348.048,2565,2774
348.161,2566,2774
352.469,2567,2774
353.829,2568,2774
354.971,2569,2774
355.131,2570,2774
356.656,2571,2774
356.751,2572,2774
358.125,2573,2774
359.279,2574,2774
359.531,2575,2774
366.757,2576,2774
367.142,2577,2774
368.926,2578,2774
369.579,2579,2774
370.091,2580,2774
370.162,2581,2777
370.58,2582,2777
370.859,2583,2778
371.815,2584,2778
373.098,2585,2779
373.677,2586,2781
375.048,2587,2787
377.622,2588,2787
377.721,2589,2787
378.118,2590,2787
378.301,2591,2798
379.744,2592,2801
381.078,2593,2802
390.122,2594,2802
390.54,2595,2802
390.571,2596,2802
390.885,2597,2802
390.938,2598,2802
391.99,2599,2802
392.33,2600,2802
392.989,2601,2802
393.701,2602,2802
394.068,2603,2802
395.803,2604,2802
396.096,2605,2802
397.336,2606,2802
398.011,2607,2802
399.852,2608,2802
406.085,2609,2802
406.17,2610,2802
406.292,2611,2802
407.188,2612,2802
407.556,2613,2805
408.772,2614,2805
410.49,2615,2805
412.622,2616,2805
422.663,2617,2805
424.922,2618,2806
426.01,2619,2806
426.662,2620,2806
430.975,2621,2806
431.854,2622,2806
432.29,2623,2806
432.336,2624,2807
432.499,2625,2807
433.111,2626,2807
433.29,2627,2807
433.458,2628,2807
433.78,2629,2807
433.825,2630,2807
433.869,2631,2807
433.968,2632,2807
434.11,2633,2808
434.342,2634,2808
436.085,2635,2808
436.445,2636,2808
436.899,2637,2808
436.948,2638,2808
437.421,2639,2808
439.049,2640,2808
441.758,2641,2809
442.045,2642,2809
442.773,2643,2809
443.732,2644,2809
443.825,2645,2809
445.035,2646,2809
445.282,2647,2809
445.601,2648,2809
445.914,2649,2809
447.026,2650,2810
448.663,2651,2811
448.859,2652,2811
450.04,2653,2811
452.829,2654,2811
453.341,2655,2811
455.723,2656,2811
457.542,2657,2813
459.446,2658,2813
459.645,2659,2813
465.138,2660,2813
473.225,2661,2814
474.395,2662,2815
474.422,2663,2815
475.294,2664,2815
476.413,2665,2815
482.487,2666,2815
485.729,2667,2815
488.216,2668,2816
488.476,2669,2816
489.232,2670,2816
489.372,2671,2816
489.732,2672,2816
490.183,2673,2816
491.347,2674,2816
492.869,2675,2816
494.599,2676,2816
495.406,2677,2816
496.937,2678,2816
506.481,2679,2818
508.387,2680,2818
509.458,2681,2818
509.857,2682,2819
511.654,2683,2819
515.232,2684,2819
515.614,2685,2819
515.866,2686,2819
522.445,2687,2819
523.21,2688,2819
523.287,2689,2819
524.927,2690,2819
528.907,2691,2819
529.631,2692,2819
533.015,2693,2819
535.007,2694,2819
540.383,2695,2819
540.565,2696,2819
543.912,2697,2820
547.768,2698,2820
547.821,2699,2820
547.872,2700,2820
548.07,2701,2820
548.258,2702,2820
548.324,2703,2820
554.013,2704,2820
557.489,2705,2820
559.068,2706,2820
562.2,2707,2820
562.224,2708,2820
563.415,2709,2820
563.446,2710,2820
567.048,2711,2820
567.946,2712,2820
572.627,2713,2820
572.789,2714,2820
573.889,2715,2820
574.134,2716,2820
579.784,2717,2820
583.322,2718,2820
583.876,2719,2820
584.176,2720,2820
586.691,2721,2820
586.857,2722,2820
590.446,2723,2820
590.816,2724,2820
590.977,2725,2820
592.458,2726,2820
594.541,2727,2820
594.589,2728,2820
599.072,2729,2820
606.586,2730,2820
609.889,2731,2820
611.222,2732,2820
611.226,2733,2820
614.91,2734,2820
615.448,2735,2820
623.89,2736,2820
623.933,2737,2820
623.998,2738,2820
624.068,2739,2820
624.212,2740,2820
624.244,2741,2820
627.407,2742,2820
627.929,2743,2820
629.788,2744,2820
634.036,2745,2820
638.723,2746,2820
639.215,2747,2820
639.741,2748,2820
641.004,2749,2820
643.184,2750,2820
651.188,2751,2820
661.789,2752,2820
662.653,2753,2820
664.672,2754,2820
667.287,2755,2820
667.492,2756,2821
667.568,2757,2822
670.014,2758,2822
675.548,2759,2822
676.007,2760,2822
676.245,2761,2822
677.143,2762,2822
677.381,2763,2822
678.072,2764,2822
679.005,2765,2822
688.137,2766,2822
689.187,2767,2822
694.917,2768,2822
695.401,2769,2822
697.779,2770,2822
700.815,2771,2822
701.276,2772,2822
703.451,2773,2822
704.708,2774,2822
707.784,2775,2822
709.768,2776,2823
709.812,2777,2823
716.656,2778,2823
717.84,2779,2823
717.904,2780,2823
718.181,2781,2823
719.789,2782,2823
723.408,2783,2823
723.412,2784,2823
723.422,2785,2823
723.432,2786,2823
723.454,2787,2823
723.482,2788,2823
723.5,2789,2823
729.695,2790,2823
741.985,2791,2823
745.636,2792,2823
746.574,2793,2823
748.644,2794,2823
748.792,2795,2823
749.189,2796,2823
750.84,2797,2823
751.546,2798,2823
756.23,2799,2823
767.472,2800,2823
768.314,2801,2823
768.358,2802,2823
769.0,2803,2824
769.183,2804,2824
770.457,2805,2824
776.541,2806,2824
776.596,2807,2824
778.055,2808,2824
778.072,2809,2824
778.186,2810,2824
778.585,2811,2824
779.846,2812,2824
780.174,2813,2824
780.519,2814,2824
780.544,2815,2824
780.88,2816,2824
785.759,2817,2824
788.213,2818,2824
788.238,2819,2824
790.308,2820,2824
791.148,2821,2824
791.215,2822,2824
792.1,2823,2824
792.883,2824,2824
795.889,2825,2825
796.214,2826,2825
796.851,2827,2825
797.281,2828,2825
801.759,2829,2825
802.362,2830,2825
807.941,2831,2825
808.236,2832,2825
812.654,2833,2825
812.685,2834,2825
812.892,2835,2825
813.253,2836,2825
813.446,2837,2825
813.648,2838,2825
815.881,2839,2825
816.563,2840,2825
820.537,2841,2825
822.792,2842,2825
824.658,2843,2825
825.147,2844,2825
826.714,2845,2825
826.787,2846,2825
827.138,2847,2825
827.561,2848,2825
827.629,2849,2825
827.72,2850,2825
828.376,2851,2825
828.59,2852,2825
828.831,2853,2825
829.133,2854,2825
829.648,2855,2825
830.0,2856,2825
830.971,2857,2825
831.134,2858,2825
831.434,2859,2825
839.091,2860,2825
839.46,2861,2825
841.983,2862,2825
844.179,2863,2825
845.411,2864,2825
846.529,2865,2825
847.172,2866,2825
849.922,2867,2825
858.189,2868,2825
859.883,2869,2825
860.0,2870,2825
862.574,2871,2825
864.12,2872,2825
866.476,2873,2825
866.714,2874,2825
867.017,2875,2825
868.32,2876,2825
870.026,2877,2825
871.311,2878,2825
872.295,2879,2825
877.705,2880,2825
881.063,2881,2825
881.226,2882,2825
883.325,2883,2825
884.635,2884,2825
885.246,2885,2825
891.965,2886,2825
894.007,2887,2825
894.826,2888,2825
895.239,2889,2825
895.944,2890,2825
896.248,2891,2828
896.294,2892,2828
907.191,2893,2828
907.968,2894,2828
910.666,2895,2828
913.133,2896,2828
913.49,2897,2832
913.605,2898,2832
919.405,2899,2832
920.827,2900,2832
920.843,2901,2832
920.961,2902,2832
921.027,2903,2832
921.225,2904,2832
921.238,2905,2832
921.294,2906,2832
921.377,2907,2832
923.218,2908,2832
923.51,2909,2832
928.285,2910,2832
929.539,2911,2832
933.671,2912,2833
939.385,2913,2833
941.445,2914,2833
941.781,2915,2833
942.041,2916,2833
942.659,2917,2833
942.79,2918,2833
943.489,2919,2833
944.28,2920,2833
951.627,2921,2833
953.908,2922,2833
958.582,2923,2833
968.537,2924,2833
970.119,2925,2833
972.251,2926,2833
972.887,2927,2833
975.182,2928,2833
976.336,2929,2833
977.268,2930,2833
977.809,2931,2833
991.24,2932,2833
995.431,2933,2834
995.524,2934,2834
995.58,2935,2835
1001.567,2936,2835
1002.527,2937,2835
1006.185,2938,2835
1006.254,2939,2836
1008.04,2940,2836
1008.05,2941,2861
1008.133,2942,2861
1008.205,2943,2862
1008.219,2944,2881
1008.37,2945,2881
1008.383,2946,2884
1008.393,2947,2884
1008.483,2948,2884
1008.49,2949,2884
1008.776,2950,2886
1008.798,2951,2886
1008.87,2952,2889
1009.003,2953,2889
1014.896,2954,2892
1014.897,2955,2893
1014.899,2956,2893
1014.9,2957,2893
1014.901,2958,2893
1014.902,2959,2893
1014.904,2960,2894
1014.914,2961,2894
1014.916,2962,2894
1014.918,2963,2895
1014.921,2964,2895
1014.923,2965,2896
1014.953,2966,2896
1014.953,2967,2896
1014.955,2968,2896
1014.955,2969,2902
1014.956,2970,2902
1014.958,2971,2904
1014.96,2972,2904
1014.962,2973,2905
1014.968,2974,2907
1014.97,2975,2907
1014.972,2976,2908
1014.975,2977,2908
1014.977,2978,2908
1014.978,2979,2908
1014.987,2980,2909
1014.993,2981,2915
1014.995,2982,2918
1014.996,2983,2919
1015.004,2984,2919
1015.006,2985,2919
1015.014,2986,2922
1015.015,2987,2922
1015.024,2988,2922
1015.028,2989,2922
1015.029,2990,2922
1015.033,2991,2922
1015.072,2992,2922
1015.076,2993,2922
1015.079,2994,2922
1015.081,2995,2931
1015.089,2996,2931
1015.096,2997,2932
1015.105,2998,2932
1015.124,2999,2932
1015.136,3000,2932
1015.147,3001,2932
1015.154,3002,2934
1015.175,3003,2934
1015.178,3004,2935
1015.183,3005,2937
1015.198,3006,2937
1015.203,3007,2937
1015.211,3008,2938
1015.219,3009,2940
1015.224,3010,2940
1015.237,3011,2940
1015.238,3012,2940
1015.252,3013,2940
1015.255,3014,2940
1015.279,3015,2941
1015.307,3016,2942
1015.318,3017,2942
1015.324,3018,2942
1015.614,3019,2943
1015.626,3020,2944
1015.636,3021,2944
1015.637,3022,2946
1015.65,3023,2946
1015.692,3024,2946
1015.708,3025,2948
1015.736,3026,2949
1015.768,3027,2949
1015.882,3028,2950
1015.887,3029,2951
1015.949,3030,2951
1015.976,3031,2951
1016.207,3032,2951
1016.237,3033,2951
1016.251,3034,2951
1016.372,3035,2951
1016.397,3036,2951
1016.414,3037,2951
1016.479,3038,2951
1016.541,3039,2951
1016.829,3040,2956
1016.871,3041,2956
1017.572,3042,2956
1017.81,3043,2956
1017.925,3044,2956
1017.959,3045,2956
1020.75,3046,2959
1022.446,3047,2959
1022.746,3048,2959
1022.83,3049,2959
1023.038,3050,2959
1023.112,3051,2959
1023.247,3052,2959
1023.529,3053,2959
1023.564,3054,2960
1023.617,3055,2960
1024.0,3056,2965
1024.164,3057,2965
1024.243,3058,2966
1024.258,3059,2966
1024.394,3060,2966
1024.42,3061,2967
1024.437,3062,2968
1024.793,3063,2971
1024.818,3064,2972
1024.974,3065,2972
1025.123,3066,2972
1025.175,3067,2972
1025.277,3068,2972
1025.299,3069,2973
1025.426,3070,2973
1025.531,3071,2973
1025.614,3072,2973
1025.812,3073,2973
1025.827,3074,2973
1025.979,3075,2973
1026.112,3076,2973
1026.72,3077,2973
1029.833,3078,2973
1031.796,3079,2973
1032.006,3080,2973
1032.134,3081,2973
1038.39,3082,2973
1041.361,3083,2973
1041.397,3084,2974
1041.506,3085,2974
1041.584,3086,2975
1042.329,3087,2975
1047.461,3088,2975
1048.506,3089,2975
1050.239,3090,2975
1052.849,3091,2975
1053.593,3092,2975
1055.496,3093,2976
1056.698,3094,2977
1056.847,3095,2977
1056.979,3096,2977
1057.063,3097,2977
1057.436,3098,2977
1063.535,3099,2977
1063.574,3100,2977
1063.934,3101,2977
1070.672,3102,2977
1070.689,3103,2977
1072.556,3104,2977
1072.668,3105,2977
1072.669,3106,2977
1072.672,3107,2977
1072.675,3108,2977
1073.14,3109,2977
1074.05,3110,2977
1075.303,3111,2977
1076.417,3112,2977
1076.621,3113,2977
1076.655,3114,2977
1076.669,3115,2977
1080.18,3116,2977
1084.6,3117,2977
1090.832,3118,2977
1091.363,3119,2977
1091.693,3120,2977
1092.406,3121,2977
1093.036,3122,2977
1094.297,3123,2977
1094.42,3124,2977
1095.304,3125,2977
1098.919,3126,2977
1101.496,3127,2977
1101.649,3128,2977
1110.63,3129,2977
1130.119,3130,2977
1134.234,3131,2977
1134.327,3132,2977
1134.356,3133,2977
1139.839,3134,2977
1143.354,3135,2977
1143.369,3136,2977
1144.67,3137,2977
1144.751,3138,2977
1148.038,3139,2977
1152.967,3140,2977
1160.747,3141,2977
1160.81,3142,2977
1160.828,3143,2978
1160.936,3144,2978
1161.439,3145,2978
1161.469,3146,2979
1162.22,3147,2979
1163.374,3148,2979
1163.533,3149,2979
1163.871,3150,2979
1164.608,3151,2980
1164.626,3152,2980
1165.299,3153,2982
1166.21,3154,2983
1168.122,3155,2983
1169.329,3156,2983
1173.684,3157,2983
1184.492,3158,2983
1184.739,3159,2983
1184.799,3160,2983
1185.032,3161,2983
1185.791,3162,2983
1188.086,3163,2983
1194.027,3164,2983
1194.308,3165,2983
1216.477,3166,2984
1216.703,3167,2984
1217.095,3168,2984
1219.104,3169,2984
1219.491,3170,2984
1227.721,3171,2984
1227.95,3172,2984
1228.038,3173,2984
1228.667,3174,2984
1229.034,3175,2984
1229.12,3176,2984
1229.869,3177,2984
1239.207,3178,2984
1249.542,3179,2984
1251.428,3180,2984
1253.802,3181,2984
1266.9,3182,2984
1266.917,3183,2984
1269.854,3184,2984
1271.272,3185,2984
1278.598,3186,2984
1278.673,3187,2984
1278.681,3188,2984
1285.189,3189,2984
1287.755,3190,2984
1287.826,3191,2984
1288.093,3192,2984
1288.652,3193,2984
1292.968,3194,2984
1292.98,3195,2984
1302.147,3196,2984
1302.291,3197,2984
1303.254,3198,2984
1315.309,3199,2984
1315.409,3200,2984
1326.614,3201,2984
1327.493,3202,2984
1332.593,3203,2984
1333.269,3204,2984
1333.328,3205,2984
1333.491,3206,2984
1335.356,3207,2984
1335.934,3208,2984
1337.225,3209,2984
1348.832,3210,2984
1348.945,3211,2984
1350.134,3212,2984
1357.461,3213,2984
1357.479,3214,2984
1357.668,3215,2984
1358.074,3216,2984
1358.484,3217,2984
1379.371,3218,2984
1385.534,3219,2984
1387.616,3220,2985
1387.731,3221,2985
1390.559,3222,2985
1391.695,3223,2985
1391.7,3224,2985
1391.764,3225,2988
1392.223,3226,2988
1397.696,3227,2990
1399.235,3228,2990
1399.296,3229,2990
1404.206,3230,2990
1405.728,3231,2990
1409.407,3232,2990
1412.013,3233,2990
1412.161,3234,2990
1412.334,3235,2990
1424.151,3236,2990
1437.842,3237,2990
1437.923,3238,2990
1442.366,3239,2990
1442.373,3240,2990
1442.375,3241,2990
1442.571,3242,2990
1442.821,3243,2990
1443.254,3244,2990
1444.113,3245,2990
1445.776,3246,2999
1445.816,3247,3000
1445.818,3248,3000
1445.83,3249,3004
1445.833,3250,3005
1445.849,3251,3005
1445.891,3252,3006
1445.901,3253,3006
1445.908,3254,3006
1445.971,3255,3006
1446.065,3256,3006
1446.271,3257,3006
1446.288,3258,3006
1446.362,3259,3007
1447.508,3260,3007
1451.153,3261,3007
1452.013,3262,3007
1452.031,3263,3007
1461.765,3264,3007
1464.046,3265,3007
1464.06,3266,3007
1464.582,3267,3007
1464.806,3268,3007
1465.661,3269,3007
1465.784,3270,3007
1466.577,3271,3007
1466.63,3272,3007
1466.786,3273,3007
1466.998,3274,3007
1467.124,3275,3007
1467.373,3276,3007
1467.784,3277,3007
1467.96,3278,3007
1467.986,3279,3007
1468.196,3280,3007
1469.601,3281,3007
1469.748,3282,3007
1471.609,3283,3007
1471.69,3284,3007
1471.802,3285,3007
1473.196,3286,3007
1473.367,3287,3007
1474.185,3288,3007
1474.405,3289,3007
1474.522,3290,3007
1474.821,3291,3007
1475.982,3292,3007
1478.169,3293,3007
1479.552,3294,3007
1480.556,3295,3007
1481.235,3296,3007
1483.688,3297,3007
1484.401,3298,3007
1484.752,3299,3007
1484.785,3300,3007
1486.377,3301,3007
1493.678,3302,3007
1493.733,3303,3007
1493.867,3304,3007
1493.951,3305,3007
1494.6,3306,3007
1494.725,3307,3007
1495.335,3308,3007
1495.711,3309,3007
1495.983,3310,3007
1496.068,3311,3007
1496.338,3312,3007
1496.582,3313,3007
1496.979,3314,3007
1497.521,3315,3007
1498.287,3316,3007
1498.386,3317,3007
1498.901,3318,3007
1499.338,3319,3007
1499.44,3320,3007
1499.832,3321,3007
1500.045,3322,3007
1501.063,3323,3007
1501.176,3324,3007
1504.593,3325,3007
1505.265,3326,3007
1506.444,3327,3008
1506.745,3328,3008
1508.567,3329,3008
1508.669,3330,3008
1510.101,3331,3008
1510.585,3332,3008
1512.943,3333,3008
1515.173,3334,3008
1516.15,3335,3008
1517.836,3336,3008
1521.73,3337,3008
1523.436,3338,3008
1524.694,3339,3008
1525.154,3340,3008
1534.913,3341,3008
1534.941,3342,3008
1536.382,3343,3008
1536.412,3344,3008
1536.436,3345,3008
1536.533,3346,3008
1536.574,3347,3008
1536.674,3348,3010
1536.733,3349,3010
1536.752,3350,3010
1536.755,3351,3010
1536.98,3352,3010
1537.102,3353,3010
1537.358,3354,3010
1537.516,3355,3010
1537.594,3356,3010
1537.637,3357,3010
1537.748,3358,3010
1537.796,3359,3010
1537.942,3360,3010
1538.041,3361,3010
1538.809,3362,3011
1538.841,3363,3011
1539.113,3364,3012
1539.411,3365,3012
1548.202,3366,3012
1548.596,3367,3012
1548.668,3368,3012
1548.809,3369,3012
1549.094,3370,3012
1549.785,3371,3012
1549.854,3372,3012
1553.084,3373,3012
1555.436,3374,3012
1555.808,3375,3012
1557.495,3376,3012
1557.567,3377,3012
1557.847,3378,3012
1559.866,3379,3012
1560.161,3380,3012
1561.143,3381,3012
1563.983,3382,3012
1565.95,3383,3012
1566.276,3384,3012
1572.433,3385,3012
1573.917,3386,3012
1574.077,3387,3012
1577.112,3388,3012
1578.846,3389,3012
1581.723,3390,3012
1581.866,3391,3012
1582.814,3392,3012
1583.023,3393,3012
1584.036,3394,3012
1584.297,3395,3013
1585.151,3396,3013
1585.168,3397,3016
1587.004,3398,3016
1587.825,3399,3016
1589.364,3400,3016
1589.385,3401,3016
1596.499,3402,3016
1602.683,3403,3016
1602.774,3404,3016
1602.904,3405,3016
1602.923,3406,3016
1602.997,3407,3016
1604.131,3408,3016
1610.201,3409,3016
1610.554,3410,3016
1610.658,3411,3016
1611.021,3412,3016
1611.23,3413,3016
1611.375,3414,3016
1613.839,3415,3016
1614.849,3416,3016
1616.016,3417,3016
1618.327,3418,3016
1619.011,3419,3016
1619.101,3420,3016
1620.582,3421,3016
1624.257,3422,3016
1628.209,3423,3016
1631.215,3424,3016
1644.989,3425,3016
1648.451,3426,3016
1658.616,3427,3016
1664.162,3428,3016
1668.432,3429,3016
1674.443,3430,3016
1683.595,3431,3016
1684.686,3432,3016
1688.013,3433,3016
1688.671,3434,3016
1692.897,3435,3016
1696.574,3436,3016
1701.403,3437,3016
1710.985,3438,3016
1724.873,3439,3016
1724.966,3440,3016
1734.836,3441,3016
1735.6,3442,3016
1741.844,3443,3016
1741.848,3444,3016
1742.091,3445,3017
1744.747,3446,3018
1747.961,3447,3018
1750.714,3448,3018
1763.465,3449,3018
1763.724,3450,3018
1774.881,3451,3018
1774.893,3452,3018
1774.915,3453,3018
1775.006,3454,3018
1775.081,3455,3018
1775.112,3456,3018
1775.58,3457,3018
1775.71,3458,3018
1777.18,3459,3018
1779.863,3460,3018
1779.906,3461,3018
1781.224,3462,3018
1781.544,3463,3018
1781.719,3464,3018
1783.318,3465,3018
1783.597,3466,3018
1784.397,3467,3018
1784.758,3468,3018
1790.834,3469,3018
1791.206,3470,3018
1792.622,3471,3018
1793.183,3472,3018
1796.29,3473,3018
1811.823,3474,3018
1812.267,3475,3018
1812.891,3476,3018
1814.222,3477,3018
1814.324,3478,3018
1816.965,3479,3018
1822.477,3480,3018
1824.996,3481,3018
1854.363,3482,3019
1860.842,3483,3019
1906.706,3484,3019
1912.803,3485,3019
1912.891,3486,3019
1913.835,3487,3019
1917.736,3488,3019
1923.583,3489,3019
1924.33,3490,3019
1942.892,3491,3019
1962.934,3492,3019
1963.668,3493,3019
1967.594,3494,3019
1967.62,3495,3019
1967.621,3496,3019
1980.727,3497,3019
1987.778,3498,3019
1987.961,3499,3019
1988.075,3500,3019
1990.814,3501,3019
1991.259,3502,3019
1994.66,3503,3019
1994.771,3504,3019
1994.999,3505,3019
2005.569,3506,3019
2007.638,3507,3019
2010.218,3508,3019
2010.28,3509,3019
2010.711,3510,3019
2011.979,3511,3019
2012.523,3512,3019
2012.635,3513,3019
2014.784,3514,3019
2015.927,3515,3019
2016.986,3516,3019
2017.726,3517,3019
2024.396,3518,3019
2026.425,3519,3019
2026.519,3520,3019
2026.718,3521,3019
2026.909,3522,3019
2027.003,3523,3019
2027.18,3524,3020
2027.567,3525,3020
2028.139,3526,3020
2028.289,3527,3020
2032.388,3528,3020
2032.653,3529,3020
2034.226,3530,3020
2034.401,3531,3020
2035.141,3532,3020
2056.629,3533,3020
2075.527,3534,3020
2076.06,3535,3020
2077.673,3536,3020
2081.729,3537,3020
2084.583,3538,3020
2091.071,3539,3020
2094.901,3540,3020
2094.941,3541,3020
2095.449,3542,3020
2095.626,3543,3020
2100.748,3544,3020
2102.599,3545,3020
2106.117,3546,3020
2108.833,3547,3020
2108.902,3548,3020
2109.547,3549,3020
2109.552,3550,3020
2110.809,3551,3020
2111.058,3552,3020
2111.351,3553,3020
2111.95,3554,3020
2112.679,3555,3020
2122.493,3556,3020
2122.541,3557,3020
2123.193,3558,3020
2124.974,3559,3020
2145.581,3560,3020
2145.64,3561,3020
2145.758,3562,3020
2146.286,3563,3020
2147.152,3564,3020
2148.744,3565,3020
2149.563,3566,3020
2149.735,3567,3020
2150.268,3568,3020
2157.728,3569,3020
2158.325,3570,3020
2158.336,3571,3020
2158.367,3572,3020
2158.522,3573,3020
2158.551,3574,3020
2158.944,3575,3020
2159.056,3576,3020
2159.848,3577,3020
2160.311,3578,3020
2167.028,3579,3020
2167.418,3580,3020
2174.524,3581,3020
2182.878,3582,3020
2190.867,3583,3020
2190.941,3584,3020
2197.342,3585,3020
2204.485,3586,3020
2204.608,3587,3020
2207.62,3588,3020
2210.428,3589,3020
2210.517,3590,3020
2218.375,3591,3020
2224.555,3592,3020
2227.078,3593,3020
2239.819,3594,3020
2240.061,3595,3020
2240.481,3596,3020
2240.696,3597,3020
2240.988,3598,3020
2241.196,3599,3020
2242.71,3600,3020
2243.136,3601,3020
2243.23,3602,3020
2245.63,3603,3020
2251.184,3604,3020
2252.228,3605,3020
2253.433,3606,3020
2264.847,3607,3020
2265.064,3608,3020
2291.506,3609,3020
2291.55,3610,3020
2291.63,3611,3020
2293.237,3612,3020
2294.949,3613,3020
2295.656,3614,3020
2296.528,3615,3020
2296.788,3616,3020
2297.946,3617,3020
2308.61,3618,3020
2311.192,3619,3020
2313.092,3620,3020
2314.732,3621,3020
2333.111,3622,3020
2349.209,3623,3020
2359.001,3624,3020
2361.353,3625,3020
2361.374,3626,3020
2361.462,3627,3020
2361.679,3628,3020
2362.977,3629,3020
2363.025,3630,3020
2363.865,3631,3020
2365.273,3632,3020
2376.047,3633,3020
2394.678,3634,3020
2394.698,3635,3020
2394.755,3636,3020
2394.834,3637,3020
2413.24,3638,3020
2415.193,3639,3020
2417.664,3640,3020
2424.324,3641,3020
2437.927,3642,3020
2439.353,3643,3020
2444.062,3644,3020
2448.032,3645,3020
2456.837,3646,3020
2464.413,3647,3020
2465.206,3648,3020
2498.498,3649,3020
2506.502,3650,3020
2522.247,3651,3020
2535.526,3652,3020
2536.825,3653,3020
2537.139,3654,3020
2537.348,3655,3020
2537.679,3656,3020
2540.584,3657,3020
2543.693,3658,3020
2545.476,3659,3020
2546.818,3660,3020
2554.398,3661,3020
2556.788,3662,3020
2573.895,3663,3020
2581.333,3664,3020
2608.114,3665,3020
2608.476,3666,3020
2609.081,3667,3020
2609.115,3668,3020
2620.045,3669,3020
2642.473,3670,3020
2667.463,3671,3020
2673.502,3672,3020
2675.842,3673,3020
2687.552,3674,3020
2718.113,3675,3020
2722.122,3676,3020
2723.547,3677,3020
2735.169,3678,3020
2740.348,3679,3020
2740.929,3680,3020
2741.331,3681,3020
2742.049,3682,3020
2742.299,3683,3020
2742.429,3684,3020
2756.708,3685,3020
2764.273,3686,3020
2764.868,3687,3020
2764.924,3688,3020
2765.439,3689,3020
2765.454,3690,3020
2765.46,3691,3020
2773.297,3692,3020
2773.482,3693,3020
2774.614,3694,3020
2785.194,3695,3020
2785.772,3696,3020
2789.48,3697,3020
2807.84,3698,3020
2807.935,3699,3020
2807.939,3700,3020
2807.981,3701,3020
2839.55,3702,3020
2848.836,3703,3020
2849.045,3704,3020
2849.382,3705,3020
2856.002,3706,3020
2856.104,3707,3020
2856.179,3708,3020
2856.383,3709,3020
2856.895,3710,3020
2857.654,3711,3020
2861.118,3712,3020
2862.121,3713,3020
2862.718,3714,3020
2862.842,3715,3020
2863.112,3716,3020
2900.357,3717,3020
2901.447,3718,3020
2901.487,3719,3020
2901.868,3720,3020
2903.006,3721,3020
2912.684,3722,3020
2919.262,3723,3020
2935.125,3724,3020
2943.7,3725,3020
2943.904,3726,3020
2944.539,3727,3020
2945.413,3728,3020
2946.361,3729,3020
2947.856,3730,3020
2971.638,3731,3020
2978.669,3732,3020
2982.062,3733,3020
2982.882,3734,3020
2986.938,3735,3020
2987.039,3736,3020
3010.712,3737,3020
3010.961,3738,3020
3012.019,3739,3020
3013.378,3740,3020
3016.381,3741,3020
3017.178,3742,3020
3021.082,3743,3020
3070.177,3744,3020
3080.866,3745,3020
3101.006,3746,3020
3103.118,3747,3020
3103.26,3748,3020
3103.266,3749,3020
3109.858,3750,3020
3113.473,3751,3020
3113.993,3752,3020
3119.572,3753,3020
3120.284,3754,3020
3120.293,3755,3020
3122.503,3756,3020
3123.354,3757,3020
3124.649,3758,3020
3139.221,3759,3020
3139.984,3760,3020
3140.287,3761,3020
3171.9,3762,3020
3182.749,3763,3020
3234.61,3764,3020
3242.922,3765,3020
3245.832,3766,3020
3249.164,3767,3020
3258.976,3768,3020
3259.041,3769,3020
3275.998,3770,3020
3298.248,3771,3020
3298.295,3772,3020
3303.316,3773,3020
3307.774,3774,3020
3307.811,3775,3020
3308.197,3776,3020
3308.328,3777,3020
3308.432,3778,3020
3309.103,3779,3020
3309.28,3780,3020
3317.166,3781,3020
3318.266,3782,3020
3321.689,3783,3020
3323.949,3784,3020
3339.751,3785,3020
3340.05,3786,3020
3341.683,3787,3020
3356.251,3788,3020
3364.931,3789,3020
3370.419,3790,3020
3378.209,3791,3020
3378.215,3792,3020
3386.122,3793,3020
3387.214,3794,3020
3388.346,3795,3020
3390.048,3796,3020
3390.335,3797,3020
3401.896,3798,3020
3415.583,3799,3020
3417.426,3800,3020
3422.639,3801,3020
3422.656,3802,3020
3422.669,3803,3020
3422.912,3804,3020
3423.016,3805,3020
3423.338,3806,3020
3423.615,3807,3020
3423.859,3808,3020
3424.176,3809,3020
3424.419,3810,3020
3434.016,3811,3020
3465.484,3812,3020
3474.128,3813,3020
3485.074,3814,3020
3485.165,3815,3021
3485.255,3816,3021
3485.261,3817,3021
3485.281,3818,3021
3485.324,3819,3021
3494.835,3820,3021
3507.562,3821,3021
3507.877,3822,3021
3537.924,3823,3021
3537.944,3824,3021
3538.123,3825,3021
3538.438,3826,3021
3538.708,3827,3021
3538.82,3828,3021
3546.814,3829,3021
3553.61,3830,3021
3554.063,3831,3021
3562.736,3832,3021
3562.743,3833,3021
3566.319,3834,3021
3569.68,3835,3021
3571.235,3836,3021
3576.551,3837,3021
3576.606,3838,3021
3576.974,3839,3021
3577.052,3840,3021
3578.156,3841,3021
3580.587,3842,3021
3581.666,3843,3021
3581.99,3844,3021
3582.03,3845,3021
3589.806,3846,3021
3589.968,3847,3021
3589.975,3848,3021
3590.305,3849,3021
3590.628,3850,3021
3612.808,3851,3021
3613.112,3852,3021
3613.452,3853,3021
3624.826,3854,3021
3657.277,3855,3021
3688.664,3856,3021
3688.898,3857,3021
3689.138,3858,3021
3689.442,3859,3021
3690.171,3860,3021
3693.177,3861,3021
3728.697,3862,3021
3747.558,3863,3021
3759.431,3864,3021
3760.826,3865,3021
3776.8,3866,3021
3813.701,3867,3021
3816.889,3868,3021
3816.988,3869,3021
3830.048,3870,3021
3856.402,3871,3021
3863.734,3872,3021
3867.217,3873,3021
3873.68,3874,3021
3874.65,3875,3021
3874.963,3876,3021
3875.729,3877,3021
3875.992,3878,3021
3902.571,3879,3022
3902.726,3880,3022
3902.732,3881,3022
3902.791,3882,3023
3902.927,3883,3023
3903.014,3884,3023
3903.333,3885,3026
3906.547,3886,3026
3909.514,3887,3026
3909.731,3888,3026
3917.484,3889,3026
3922.334,3890,3026
3922.366,3891,3026
3922.368,3892,3026
3922.595,3893,3026
3945.681,3894,3026
3961.422,3895,3026
3992.087,3896,3027
4001.091,3897,3027
4007.044,3898,3027
4010.696,3899,3027
4012.782,3900,3027
4020.702,3901,3027
4039.221,3902,3027
4050.791,3903,3027
4098.052,3904,3027
4103.406,3905,3027
4103.576,3906,3027
4109.827,3907,3027
4110.866,3908,3027
4111.252,3909,3027
4111.407,3910,3027
4112.629,3911,3027
4134.556,3912,3027
4143.033,3913,3027
4144.654,3914,3027
4202.028,3915,3027
4202.1,3916,3027
4202.688,3917,3027
4202.932,3918,3027
4210.591,3919,3027
4213.227,3920,3027
4226.01,3921,3027
4231.032,3922,3027
4232.304,3923,3027
4252.176,3924,3027
4257.294,3925,3027
4257.461,3926,3027
4257.841,3927,3027
4259.008,3928,3027
4265.078,3929,3027
4267.345,3930,3027
4270.465,3931,3027
4273.963,3932,3028
4274.095,3933,3028
4291.433,3934,3028
4372.963,3935,3028
4397.671,3936,3028
4398.934,3937,3028
4409.394,3938,3028
4412.677,3939,3028
4421.772,3940,3028
4428.596,3941,3028
4468.485,3942,3028
4554.616,3943,3028
4556.396,3944,3028
4564.987,3945,3028
4575.079,3946,3028
4650.892,3947,3028
4659.7,3948,3028
4659.78,3949,3028
4672.327,3950,3028
4698.465,3951,3028
4698.569,3952,3028
4699.041,3953,3028
4702.041,3954,3028
4703.975,3955,3028
4704.526,3956,3028
4710.145,3957,3028
4714.411,3958,3028
4747.491,3959,3028
4755.633,3960,3028
4772.85,3961,3028
4783.779,3962,3028
4812.43,3963,3028
4821.661,3964,3028
4821.671,3965,3028
4842.097,3966,3028
4861.411,3967,3028
4861.553,3968,3028
4862.302,3969,3028
4866.586,3970,3028
4866.804,3971,3028
4874.902,3972,3028
4875.007,3973,3028
4877.59,3974,3028
4885.784,3975,3028
4901.404,3976,3029
4901.599,3977,3029
4906.358,3978,3029
4915.266,3979,3029
4956.168,3980,3029
4981.796,3981,3029
4981.816,3982,3029
5035.604,3983,3029
5037.584,3984,3029
5037.645,3985,3029
5045.216,3986,3029
5072.325,3987,3029
5072.366,3988,3029
5072.728,3989,3029
5072.822,3990,3029
5072.925,3991,3029
5073.257,3992,3029
5104.093,3993,3029
5104.109,3994,3029
5104.284,3995,3030
5104.59,3996,3030
5105.84,3997,3030
5108.917,3998,3030
5109.256,3999,3030
5116.411,4000,3030
5120.5,4001,3030
5128.918,4002,3030
5146.639,4003,3030
5180.867,4004,3030
5193.778,4005,3030
5199.164,4006,3030
5203.658,4007,3030
5205.47,4008,3030
5219.99,4009,3030
5272.548,4010,3030
5287.888,4011,3030
5298.377,4012,3030
5298.412,4013,3030
5311.457,4014,3030
5311.954,4015,3030
5329.034,4016,3030
5334.186,4017,3030
5346.385,4018,3030
5348.436,4019,3030
5348.458,4020,3030
5396.7,4021,3030
5416.118,4022,3030
5416.16,4023,3030
5434.909,4024,3030
5519.376,4025,3030
5523.245,4026,3030
5527.498,4027,3030
5532.072,4028,3030
5532.429,4029,3030
5532.482,4030,3030
5544.872,4031,3030
5549.217,4032,3030
5576.077,4033,3030
5591.047,4034,3030
5591.275,4035,3030
5591.627,4036,3030
5591.896,4037,3030
5592.242,4038,3030
5598.776,4039,3030
5644.428,4040,3030
5687.139,4041,3030
5738.362,4042,3030
5739.138,4043,3030
5782.97,4044,3030
5830.42,4045,3030
5837.744,4046,3030
5837.881,4047,3030
5837.961,4048,3030
5839.392,4049,3030
5857.5,4050,3030
5858.815,4051,3030
5905.689,4052,3030
5927.82,4053,3030
5927.944,4054,3030
5929.842,4055,3030
5956.24,4056,3030
5980.283,4057,3030
5981.36,4058,3030
5982.694,4059,3030
5983.485,4060,3030
5984.043,4061,3030
5986.319,4062,3030
5986.77,4063,3030
5987.939,4064,3030
5998.025,4065,3030
6035.693,4066,3030
6064.14,4067,3030
6064.165,4068,3030
6064.576,4069,3030
6064.628,4070,3030
6065.241,4071,3030
6065.75,4072,3030
6068.352,4073,3030
6078.158,4074,3030
6114.046,4075,3030
6120.618,4076,3030
6127.98,4077,3030
6136.605,4078,3030
6143.535,4079,3030
6145.967,4080,3030
6147.721,4081,3030
6172.204,4082,3030
6175.946,4083,3030
6199.741,4084,3030
6258.282,4085,3030
6258.477,4086,3030
6258.791,4087,3030
6258.897,4088,3030
6259.004,4089,3030
6288.834,4090,3030
6289.749,4091,3030
6292.307,4092,3030
6292.327,4093,3030
6322.693,4094,3030
6340.986,4095,3030
6355.889,4096,3030
6356.456,4097,3030
6358.248,4098,3030
6367.902,4099,3033
6368.631,4100,3033
6392.4,4101,3033
6392.551,4102,3033
6406.219,4103,3033
6448.883,4104,3033
6450.227,4105,3033
6476.376,4106,3033
6476.6,4107,3033
6568.617,4108,3033
6570.31,4109,3035
6578.1,4110,3035
6585.365,4111,3035
6611.041,4112,3035
6618.845,4113,3035
6627.23,4114,3035
6680.075,4115,3035
6696.08,4116,3035
6716.245,4117,3035
6716.379,4118,3035
6716.399,4119,3035
6716.499,4120,3040
6716.554,4121,3042
6716.687,4122,3042
6716.742,4123,3042
6716.859,4124,3042
6716.919,4125,3042
6717.335,4126,3042
6719.802,4127,3042
6720.381,4128,3042
6721.231,4129,3042
6722.014,4130,3042
6725.298,4131,3042
6725.306,4132,3042
6725.316,4133,3042
6725.327,4134,3042
6725.499,4135,3042
6726.408,4136,3042
6743.834,4137,3042
6746.219,4138,3042
6746.245,4139,3043
6746.381,4140,3043
6746.43,4141,3043
6746.471,4142,3051
6746.511,4143,3051
6746.642,4144,3056
6746.666,4145,3056
6746.682,4146,3056
6746.741,4147,3056
6746.816,4148,3056
6746.863,4149,3056
6746.934,4150,3058
6746.958,4151,3063
6747.091,4152,3063
6747.286,4153,3063
6747.429,4154,3063
6747.485,4155,3064
6747.548,4156,3064
6747.598,4157,3065
6747.636,4158,3065
6748.21,4159,3065
6748.288,4160,3066
6748.423,4161,3066
6748.691,4162,3066
6749.315,4163,3066
6749.582,4164,3068
6749.676,4165,3068
6749.78,4166,3068
6749.796,4167,3068
6749.98,4168,3068
6750.345,4169,3068
6750.525,4170,3068
6750.746,4171,3068
6751.928,4172,3068
6752.74,4173,3068
6753.541,4174,3068
6754.455,4175,3068
6754.901,4176,3068
6755.485,4177,3068
6756.79,4178,3068
6757.453,4179,3068
6758.331,4180,3068
6760.083,4181,3068
6760.352,4182,3068
6760.427,4183,3068
6761.454,4184,3068
6761.864,4185,3068
6819.529,4186,3068
6819.805,4187,3069
6820.988,4188,3072
6821.797,4189,3072
6823.823,4190,3072
6824.566,4191,3072
6825.516,4192,3072
6826.206,4193,3072
6835.12,4194,3072
6837.737,4195,3072
6837.968,4196,3072
6840.222,4197,3072
6840.798,4198,3072
6842.437,4199,3072
6843.289,4200,3074
6847.147,4201,3074
6848.22,4202,3074
6849.506,4203,3074
6854.961,4204,3074
6855.419,4205,3074
6864.053,4206,3074
6865.122,4207,3074
6873.704,4208,3074
6874.692,4209,3074
6875.815,4210,3074
6876.382,4211,3074
6883.897,4212,3074
6887.341,4213,3074
6891.398,4214,3074
6894.035,4215,3074
6939.039,4216,3074
6939.114,4217,3075
6990.659,4218,3075
6991.189,4219,3075
6994.402,4220,3075
6996.953,4221,3075
6997.096,4222,3075
7000.064,4223,3075
7016.961,4224,3075
7017.473,4225,3075
7023.936,4226,3075
7024.42,4227,3075
7025.436,4228,3075
7026.182,4229,3075
7030.451,4230,3075
7031.509,4231,3075
7031.832,4232,3075
7032.251,4233,3075
7033.149,4234,3075
7034.139,4235,3075
7037.231,4236,3075
7038.536,4237,3075
7039.711,4238,3075
7045.291,4239,3075
7047.845,4240,3075
7052.742,4241,3075
7064.851,4242,3075
7086.554,4243,3075
7088.169,4244,3075
7089.451,4245,3075
7092.727,4246,3075
7100.452,4247,3075
7113.563,4248,3075
7131.767,4249,3075
7135.787,4250,3075
7138.189,4251,3075
7156.559,4252,3075
7156.893,4253,3075
7157.316,4254,3075
7162.448,4255,3075
7162.632,4256,3075
7174.436,4257,3075
7183.014,4258,3075
7191.813,4259,3077
7200.387,4260,3077
7200.479,4261,3077
7201.083,4262,3077
7201.284,4263,3077
7201.701,4264,3082
7202.421,4265,3082
7204.115,4266,3085
7204.72,4267,3087
7205.064,4268,3088
7209.159,4269,3088
7212.28,4270,3088
7214.748,4271,3088
7219.169,4272,3088
7219.314,4273,3088
7220.241,4274,3088
7220.535,4275,3088
7221.206,4276,3090
7224.226,4277,3090
7237.05,4278,3090
7237.469,4279,3090
7241.241,4280,3090
7265.88,4281,3092
7266.011,4282,3092
7548.632,4283,3092
7577.082,4284,3092
7577.143,4285,3093
7577.543,4286,3095
7581.253,4287,3095
7598.951,4288,3095
7599.045,4289,3097
7895.672,4290,3097
7895.755,4291,3097
8058.878,4292,3097
8201.061,4293,3097
8456.882,4294,3097
8457.081,4295,3097
8476.811,4296,3097
8505.785,4297,3097
8507.521,4298,3097
8562.796,4299,3097
8563.289,4300,3097
8573.308,4301,3097
8596.551,4302,3097
8605.887,4303,3097
8613.701,4304,3097
8614.012,4305,3097
8615.493,4306,3097
8619.408,4307,3097
8624.076,4308,3097
8631.694,4309,3097
8664.569,4310,3097
8664.608,4311,3097
8664.765,4312,3097
8665.13,4313,3097
8665.525,4314,3097
8665.771,4315,3097
8666.429,4316,3097
8666.656,4317,3097
8667.552,4318,3097
8667.856,4319,3097
8668.833,4320,3097
8670.576,4321,3097
8671.26,4322,3097
8671.681,4323,3097
8673.646,4324,3097
8718.15,4325,3097
8718.973,4326,3097
8725.044,4327,3097
8725.228,4328,3097
8725.65,4329,3097
8726.15,4330,3097
8732.053,4331,3098
8734.228,4332,3098
8743.59,4333,3098
8749.99,4334,3098
8750.23,4335,3101
8752.122,4336,3102
8754.115,4337,3102
8754.424,4338,3102
8754.585,4339,3102
8754.88,4340,3103
8795.811,4341,3103
8806.803,4342,3103
8809.064,4343,3103
8809.083,4344,3104
8813.449,4345,3105
8814.713,4346,3105
8816.725,4347,3105
8819.659,4348,3105
8820.248,4349,3105
8849.305,4350,3105
8852.563,4351,3105
8853.259,4352,3105
8853.52,4353,3105
8853.72,4354,3105
8854.307,4355,3105
8855.003,4356,3105
8855.287,4357,3105
8870.165,4358,3105
8872.254,4359,3105
8872.422,4360,3105
8874.637,4361,3105
8876.13,4362,3105
8880.312,4363,3105
8883.306,4364,3105
8894.369,4365,3105
8912.515,4366,3105
8913.212,4367,3105
8915.725,4368,3105
8921.073,4369,3105
8929.387,4370,3105
8977.058,4371,3105
8977.358,4372,3105
8977.839,4373,3105
8982.806,4374,3105
8983.235,4375,3105
8983.606,4376,3105
8984.676,4377,3105
8985.166,4378,3105
8986.5,4379,3105
8988.186,4380,3105
8988.774,4381,3105
8995.888,4382,3105
8996.186,4383,3105
8996.574,4384,3105
9000.67,4385,3105
9006.245,4386,3105
9016.009,4387,3105
9087.043,4388,3105
9104.894,4389,3105
9126.74,4390,3105
9127.287,4391,3105
9131.321,4392,3105
9138.451,4393,3105
9139.317,4394,3105
9142.052,4395,3105
9143.82,4396,3105
9151.975,4397,3105
9161.289,4398,3105
9180.554,4399,3105
9247.949,4400,3105
9248.892,4401,3105
9261.172,4402,3105
9270.948,4403,3105
9276.584,4404,3105
9279.815,4405,3105
9331.734,4406,3105
9397.888,4407,3105
9417.735,4408,3105
9417.779,4409,3105
9424.466,4410,3105
9425.393,4411,3105
9458.904,4412,3105
9459.826,4413,3105
9461.312,4414,3105
9463.061,4415,3105
9463.686,4416,3105
9467.044,4417,3105
9469.225,4418,3105
9471.314,4419,3105
9490.737,4420,3105
9492.412,4421,3107
9507.808,4422,3108
9570.397,4423,3108
9612.974,4424,3108
9620.695,4425,3108
9688.138,4426,3108
9711.129,4427,3108
9712.398,4428,3108
9713.302,4429,3108
9713.633,4430,3108
9716.159,4431,3108
9716.646,4432,3108
9718.538,4433,3108
9723.503,4434,3108
9726.198,4435,3108
9733.89,4436,3108
9747.116,4437,3108
9760.387,4438,3108
9782.526,4439,3108
9795.182,4440,3108
9826.55,4441,3108
9880.364,4442,3108
10089.072,4443,3108
10089.135,4444,3108
10089.882,4445,3108
10090.759,4446,3108
10097.112,4447,3108
10232.021,4448,3108
10295.787,4449,3108
10295.923,4450,3108
10296.06,4451,3108
10297.198,4452,3108
10297.343,4453,3108
10299.101,4454,3108
10310.544,4455,3108
10310.849,4456,3108
10348.276,4457,3108
10349.416,4458,3108
10350.539,4459,3108
10352.097,4460,3108
10352.392,4461,3108
10354.145,4462,3108
10358.431,4463,3108
10375.369,4464,3108
10382.939,4465,3108
10391.401,4466,3108
10420.056,4467,3108
10438.944,4468,3108
10442.716,4469,3108
10467.329,4470,3108
10484.647,4471,3108
10514.351,4472,3108
10542.977,4473,3108
10638.956,4474,3108
10643.948,4475,3108
10650.916,4476,3108
10676.232,4477,3108
10742.234,4478,3108
10750.819,4479,3108
10774.142,4480,3108
10871.487,4481,3108
10899.901,4482,3108
10899.981,4483,3108
10900.686,4484,3108
10901.011,4485,3108
10902.053,4486,3108
10905.238,4487,3108
10905.626,4488,3108
10907.067,4489,3108
10910.637,4490,3108
11069.367,4491,3108
11073.075,4492,3108
11073.159,4493,3108
11078.861,4494,3108
11079.195,4495,3108
11090.119,4496,3108
11090.828,4497,3108
11092.539,4498,3108
11093.718,4499,3108
11093.79,4500,3108
11095.981,4501,3108
11163.765,4502,3108
11192.602,4503,3108
11209.641,4504,3108
11209.69,4505,3108
11209.84,4506,3108
11209.985,4507,3108
11211.578,4508,3108
11216.088,4509,3108
11708.415,4510,3108
11726.628,4511,3108
11794.221,4512,3108
11796.457,4513,3108
11878.973,4514,3108
11883.202,4515,3108
11886.423,4516,3108
11928.547,4517,3108
11944.76,4518,3108
12302.958,4519,3108
12326.97,4520,3108
12486.542,4521,3108
12487.195,4522,3108
12497.68,4523,3108
12536.834,4524,3108
12537.464,4525,3108
12617.479,4526,3108
12626.938,4527,3108
12654.462,4528,3108
12747.585,4529,3108
12747.944,4530,3108
13210.764,4531,3108
13214.816,4532,3108
13214.919,4533,3108
13249.332,4534,3108
13283.674,4535,3108
13358.415,4536,3108
13454.836,4537,3108
13455.086,4538,3108
13455.346,4539,3108
13519.889,4540,3108
13540.271,4541,3108
13631.07,4542,3108
13631.15,4543,3108
13643.092,4544,3108
13686.769,4545,3108
13686.873,4546,3108
13707.614,4547,3108
13826.899,4548,3108
13827.351,4549,3108
13851.182,4550,3108
13851.497,4551,3108
13856.568,4552,3108
13856.955,4553,3108
13862.503,4554,3108
13862.576,4555,3108
13865.571,4556,3108
13968.128,4557,3108
13968.615,4558,3108
13975.6,4559,3108
14003.927,4560,3108
14004.111,4561,3108
14005.204,4562,3108
14040.887,4563,3108
14065.684,4564,3108
14097.234,4565,3108
14097.262,4566,3108
14106.104,4567,3108
14106.135,4568,3108
14106.274,4569,3108
14106.346,4570,3108
14106.528,4571,3108
14107.774,4572,3108
14108.067,4573,3108
14137.888,4574,3109
14138.005,4575,3109
14138.007,4576,3109
14138.056,4577,3109
14177.908,4578,3109
14214.609,4579,3109
14219.947,4580,3109
14250.781,4581,3109
14254.484,4582,3109
14260.042,4583,3109
14292.283,4584,3109
14342.851,4585,3109
14344.198,4586,3109
14345.365,4587,3109
14477.402,4588,3109
14603.935,4589,3109
14604.766,4590,3109
14605.614,4591,3109
14605.96,4592,3109
14607.488,4593,3109
14617.499,4594,3110
14627.946,4595,3110
14670.536,4596,3110
14687.686,4597,3110
14746.911,4598,3110
14748.199,4599,3110
14804.905,4600,3110
14804.937,4601,3110
14807.575,4602,3110
15022.68,4603,3110
15069.719,4604,3110
15144.339,4605,3110
15145.211,4606,3110
15184.955,4607,3110
15188.065,4608,3110
15188.167,4609,3111
15191.141,4610,3111
15191.548,4611,3111
15192.232,4612,3111
15209.578,4613,3111
15209.643,4614,3111
15212.12,4615,3111
15212.142,4616,3111
15212.207,4617,3111
15300.777,4618,3111
15339.17,4619,3111
15357.696,4620,3111
15390.637,4621,3111
15570.668,4622,3111
15600.496,4623,3111
15601.409,4624,3111
15608.531,4625,3111
15608.989,4626,3112
15634.17,4627,3112
15646.758,4628,3113
15646.81,4629,3113
15647.206,4630,3113
15681.814,4631,3113
15682.211,4632,3113
15693.973,4633,3113
15722.034,4634,3113
15898.719,4635,3113
15977.127,4636,3113
16130.729,4637,3113
16131.721,4638,3113
16145.913,4639,3113
16182.649,4640,3113
16186.43,4641,3113
16218.62,4642,3113
16227.607,4643,3113
16239.775,4644,3113
16477.193,4645,3113
16484.89,4646,3113
16485.256,4647,3113
16518.571,4648,3113
16531.512,4649,3113
16553.312,4650,3113
16553.36,4651,3113
16648.5,4652,3113
16654.743,4653,3113
16654.804,4654,3113
16655.225,4655,3113
16655.447,4656,3113
16656.374,4657,3113
16694.577,4658,3113
16705.297,4659,3113
16705.828,4660,3113
16707.576,4661,3113
16720.495,4662,3113
16721.702,4663,3113
16754.516,4664,3113
16763.611,4665,3113
16763.84,4666,3113
16764.058,4667,3113
16780.003,4668,3113
16780.573,4669,3113
16781.324,4670,3114
16787.159,4671,3114
16793.518,4672,3114
16808.658,4673,3114
16816.569,4674,3114
16843.743,4675,3114
16853.803,4676,3114
16935.653,4677,3114
16936.23,4678,3114
16937.876,4679,3114
17080.179,4680,3114
17093.653,4681,3114
17311.439,4682,3114
17324.142,4683,3114
17417.861,4684,3114
17419.453,4685,3114
17543.047,4686,3114
17543.073,4687,3114
17543.173,4688,3114
17564.158,4689,3114
17588.487,4690,3114
17588.534,4691,3114
17588.586,4692,3114
17589.747,4693,3114
17591.788,4694,3114
17593.494,4695,3114
17627.014,4696,3114
17628.232,4697,3114
17629.228,4698,3114
17642.715,4699,3114
17692.406,4700,3115
17695.565,4701,3115
17748.433,4702,3115
17755.829,4703,3115
17759.152,4704,3115
17784.548,4705,3115
17871.661,4706,3115
17873.718,4707,3115
17882.653,4708,3115
17888.268,4709,3115
17889.824,4710,3115
17893.936,4711,3115
17922.102,4712,3115
17924.435,4713,3115
17925.404,4714,3115
17925.702,4715,3115
18015.952,4716,3115
18078.696,4717,3115
18097.165,4718,3115
18118.428,4719,3115
18128.774,4720,3115
18189.337,4721,3115
18219.384,4722,3115
18219.724,4723,3115
18225.583,4724,3115
18225.863,4725,3115
18226.157,4726,3115
18228.651,4727,3115
18251.082,4728,3115
18269.008,4729,3115
18335.933,4730,3115
18415.863,4731,3115
18467.666,4732,3115
18468.055,4733,3115
18473.091,4734,3115
18591.38,4735,3115
18592.64,4736,3115
18681.3,4737,3115
18714.491,4738,3115
18752.318,4739,3115
18805.142,4740,3115
18855.17,4741,3115
18877.963,4742,3115
18878.052,4743,3115
18912.475,4744,3115
18976.545,4745,3115
19016.371,4746,3115
19068.822,4747,3115
19095.402,4748,3115
19182.854,4749,3115
19184.085,4750,3115
19273.976,4751,3115
19274.029,4752,3115
19300.596,4753,3115
19331.844,4754,3115
19356.922,4755,3115
19427.195,4756,3115
19446.495,4757,3115
19470.792,4758,3115
19538.138,4759,3115
19562.671,4760,3115
19565.811,4761,3115
19574.408,4762,3115
19593.767,4763,3115
19624.461,4764,3115
19627.083,4765,3115
19627.105,4766,3115
19629.746,4767,3115
19635.168,4768,3115
19640.913,4769,3115
19642.793,4770,3115
19658.062,4771,3115
19681.931,4772,3115
19710.791,4773,3115
19754.371,4774,3115
19793.54,4775,3115
19854.007,4776,3115
19865.921,4777,3115
19894.069,4778,3115
19913.119,4779,3116
19945.431,4780,3116
19946.323,4781,3116
20015.157,4782,3116
20098.936,4783,3116
20131.595,4784,3116
20178.99,4785,3116
20179.044,4786,3116
20196.158,4787,3116
20196.852,4788,3116
20197.02,4789,3116
20206.965,4790,3116
20207.311,4791,3116
20208.787,4792,3116
20209.88,4793,3116
20233.666,4794,3116
20233.827,4795,3116
20244.54,4796,3116
20271.613,4797,3116
20271.738,4798,3116
20273.142,4799,3116
20279.214,4800,3116
20279.336,4801,3116
20279.989,4802,3116
20280.666,4803,3116
20306.907,4804,3116
20312.508,4805,3116
20351.696,4806,3116
20357.822,4807,3116
20359.906,4808,3116
20469.321,4809,3116
20469.569,4810,3116
20475.297,4811,3116
20475.407,4812,3116
20529.423,4813,3116
20529.625,4814,3116
20530.842,4815,3116
20530.867,4816,3116
20530.906,4817,3116
20531.016,4818,3116
20581.772,4819,3116
20643.271,4820,3116
20644.561,4821,3116
20644.629,4822,3116
20669.832,4823,3116
20724.111,4824,3116
20789.005,4825,3116
20809.137,4826,3116
20812.844,4827,3116
20897.301,4828,3116
20916.829,4829,3116
20965.042,4830,3116
20970.257,4831,3116
21007.208,4832,3116
21017.536,4833,3116
21017.539,4834,3116
21017.733,4835,3116
21033.146,4836,3116
21067.981,4837,3116
21068.244,4838,3116
21068.579,4839,3116
21089.735,4840,3116
21128.164,4841,3116
21128.195,4842,3116
21130.321,4843,3116
21130.581,4844,3116
21159.584,4845,3116
21224.976,4846,3116
21283.801,4847,3116
21283.858,4848,3116
21283.966,4849,3116
21360.339,4850,3116
21409.331,4851,3116
21430.068,4852,3116
21430.222,4853,3116
21430.238,4854,3116
21431.01,4855,3116
21432.113,4856,3116
21446.511,4857,3116
21463.487,4858,3116
21463.59,4859,3116
21510.756,4860,3116
21510.986,4861,3116
21577.386,4862,3116
21591.693,4863,3116
21629.159,4864,3116
21636.072,4865,3116
21636.852,4866,3116
21682.135,4867,3116
21723.5,4868,3116
21726.965,4869,3116
21752.26,4870,3116
21752.665,4871,3116
21787.853,4872,3116
21796.564,4873,3116
21803.486,4874,3116
21842.488,4875,3116
21849.697,4876,3116
21867.819,4877,3116
21920.579,4878,3116
21983.656,4879,3116
21997.087,4880,3116
22011.979,4881,3116
22101.952,4882,3116
22119.464,4883,3116
22176.994,4884,3116
22242.133,4885,3116
22389.961,4886,3116
22395.55,4887,3116
22409.965,4888,3116
22410.636,4889,3116
22410.765,4890,3116
22446.058,4891,3116
22446.24,4892,3116
22457.537,4893,3116
22458.774,4894,3116
22490.675,4895,3116
22491.788,4896,3116
22540.396,4897,3116
22643.112,4898,3116
22666.526,4899,3116
22681.978,4900,3117
22686.149,4901,3117
22800.263,4902,3117
22849.653,4903,3117
22849.945,4904,3117
22857.786,4905,3117
22929.39,4906,3117
22938.015,4907,3117
22955.52,4908,3117
22956.18,4909,3117
22996.958,4910,3117
23011.569,4911,3117
23018.16,4912,3118
23027.416,4913,3118
23033.726,4914,3118
23081.574,4915,3118
23115.821,4916,3118
23237.215,4917,3118
23238.769,4918,3118
23250.075,4919,3119
23338.153,4920,3119
23366.18,4921,3119
23411.59,4922,3119
23439.731,4923,3119
23478.219,4924,3119
23694.246,4925,3119
23727.601,4926,3120
23772.987,4927,3120
23827.678,4928,3120
23831.531,4929,3120
23831.611,4930,3120
23840.38,4931,3120
23847.679,4932,3120
23848.46,4933,3120
23917.864,4934,3120
23970.362,4935,3120
23985.161,4936,3120
24006.5,4937,3120
24036.302,4938,3120
24041.81,4939,3120
24352.644,4940,3120
24474.601,4941,3120
24502.213,4942,3120
24542.92,4943,3120
24575.705,4944,3120
24580.301,4945,3120
24592.392,4946,3120
24592.709,4947,3120
24657.959,4948,3120
24700.327,4949,3120
24955.891,4950,3120
25075.659,4951,3120
25146.933,4952,3120
25163.391,4953,3120
25178.643,4954,3120
25195.056,4955,3120
25198.035,4956,3120
25198.105,4957,3120
25208.58,4958,3120
25208.609,4959,3120
25227.364,4960,3120
25247.252,4961,3120
25346.721,4962,3120
25350.412,4963,3120
25350.952,4964,3120
25435.317,4965,3120
25461.438,4966,3120
25464.622,4967,3120
25502.837,4968,3123
25507.257,4969,3123
25673.084,4970,3123
25711.678,4971,3123
25767.032,4972,3123
25767.033,4973,3123
25767.036,4974,3123
25767.393,4975,3123
25767.46,4976,3123
25767.959,4977,3123
25771.769,4978,3123
25771.927,4979,3124
25772.298,4980,3124
25772.551,4981,3124
25831.562,4982,3124
25831.569,4983,3124
25852.078,4984,3124
25881.967,4985,3124
25912.68,4986,3124
25929.203,4987,3124
25959.056,4988,3124
25988.21,4989,3124
26018.726,4990,3124
26026.251,4991,3124
26041.942,4992,3124
26043.819,4993,3125
26043.965,4994,3125
26058.6,4995,3125
26068.36,4996,3125
26073.213,4997,3125
26112.696,4998,3125
26140.674,4999,3125
26221.565,5000,3125
26221.607,5001,3125
26221.674,5002,3125
26241.202,5003,3125
26261.89,5004,3125
26506.173,5005,3125
26563.289,5006,3125
26680.057,5007,3125
26693.501,5008,3125
26880.253,5009,3125
27010.124,5010,3125
27074.635,5011,3125
27075.088,5012,3125
27075.136,5013,3125
27075.299,5014,3125
27112.725,5015,3125
27131.949,5016,3125
27142.295,5017,3125
27178.185,5018,3125
27295.084,5019,3125
27351.793,5020,3125
27352.182,5021,3125
27353.558,5022,3125
27370.98,5023,3125
27371.757,5024,3125
27399.037,5025,3125
27471.406,5026,3125
27475.885,5027,3125
27491.78,5028,3125
27554.804,5029,3125
27555.563,5030,3125
27690.734,5031,3125
27690.821,5032,3125
27692.94,5033,3125
27708.792,5034,3125
27735.106,5035,3125
27735.575,5036,3125
27736.002,5037,3125
27736.944,5038,3125
27738.996,5039,3125
27775.043,5040,3125
27775.518,5041,3125
27849.64,5042,3125
28237.971,5043,3151
28238.012,5044,3155
28238.013,5045,3155
28238.095,5046,3157
28238.096,5047,3157
28238.097,5048,3158
28238.1,5049,3158
28238.108,5050,3158
28238.131,5051,3160
28238.145,5052,3160
28238.174,5053,3162
28238.224,5054,3164
28238.241,5055,3164
28238.338,5056,3166
28238.365,5057,3167
28238.429,5058,3168
28238.642,5059,3170
28238.684,5060,3172
28238.832,5061,3172
28238.876,5062,3172
28283.904,5063,3174
28362.286,5064,3174
28448.528,5065,3174
28448.659,5066,3174
28505.24,5067,3174
28559.184,5068,3174
28794.941,5069,3174
28888.094,5070,3174
28916.861,5071,3174
29058.758,5072,3174
29086.759,5073,3174
29088.785,5074,3174
29155.068,5075,3174
29341.911,5076,3174
29341.977,5077,3174
29342.041,5078,3174
29395.547,5079,3174
29597.654,5080,3174
29622.307,5081,3174
29647.974,5082,3174
30001.78,5083,3174
30043.337,5084,3174
30189.09,5085,3174
30327.153,5086,3174
30346.524,5087,3174
30403.797,5088,3174
30403.89,5089,3174
30561.152,5090,3174
30614.857,5091,3174
30636.882,5092,3174
30660.925,5093,3174
30716.247,5094,3174
30716.848,5095,3174
30716.905,5096,3174
30719.597,5097,3174
30852.223,5098,3174
30903.658,5099,3174
31107.148,5100,3174
31645.836,5101,3174
31665.095,5102,3174
31688.695,5103,3174
31776.402,5104,3174
31868.775,5105,3174
31868.811,5106,3174
31927.31,5107,3174
31939.251,5108,3174
32273.03,5109,3174
32347.916,5110,3174
32349.271,5111,3174
32363.469,5112,3174
32411.355,5113,3174
32438.634,5114,3174
32723.257,5115,3174
32770.699,5116,3174
32858.336,5117,3174
33018.51,5118,3174
33247.95,5119,3174
33263.913,5120,3174
33454.249,5121,3174
33456.316,5122,3174
33485.645,5123,3174
33587.614,5124,3174
33604.394,5125,3174
33656.973,5126,3174
33922.304,5127,3174
34032.32,5128,3174
34059.431,5129,3174
34059.786,5130,3174
34077.797,5131,3174
34077.812,5132,3174
34077.877,5133,3174
34077.902,5134,3174
34078.229,5135,3174
34205.51,5136,3174
34206.558,5137,3174
34222.248,5138,3174
34223.567,5139,3174
34381.521,5140,3174
34602.715,5141,3174
34663.662,5142,3174
34692.681,5143,3174
34740.252,5144,3174
34783.293,5145,3174
34783.378,5146,3174
34785.16,5147,3174
34862.765,5148,3175
34962.977,5149,3175
35106.677,5150,3175
35244.467,5151,3175
35341.283,5152,3175
35500.574,5153,3175
35640.884,5154,3175
35649.633,5155,3175
35650.348,5156,3175
35708.08,5157,3175
35708.601,5158,3175
35708.941,5159,3175
35710.393,5160,3175
35825.655,5161,3175
35838.367,5162,3175
35954.603,5163,3175
36032.18,5164,3175
36056.929,5165,3176
36186.297,5166,3176
36274.062,5167,3176
36296.201,5168,3176
36310.708,5169,3176
36373.772,5170,3177
36703.058,5171,3177
36769.844,5172,3177
36876.487,5173,3177
36948.254,5174,3177
36993.949,5175,3177
37017.195,5176,3177
37168.043,5177,3177
37179.139,5178,3177
37219.993,5179,3177
37259.797,5180,3177
37336.775,5181,3177
37426.858,5182,3177
37625.428,5183,3177
37645.914,5184,3177
37694.255,5185,3177
37798.205,5186,3177
37858.352,5187,3177
37994.664,5188,3177
37994.828,5189,3177
38297.009,5190,3177
38480.541,5191,3177
38516.806,5192,3177
38519.96,5193,3177
38655.807,5194,3177
39073.566,5195,3177
39317.52,5196,3177
39337.904,5197,3177
39443.88,5198,3177
39476.295,5199,3177
39518.392,5200,3177
39529.598,5201,3177
39770.357,5202,3177
40116.199,5203,3177
40252.69,5204,3177
40667.051,5205,3177
41001.359,5206,3177
41171.001,5207,3177
41231.93,5208,3177
41327.938,5209,3177
41555.901,5210,3177
41848.715,5211,3177
41910.933,5212,3177
41956.05,5213,3177
42033.615,5214,3177
42646.173,5215,3177
43094.098,5216,3177
43683.235,5217,3177
43823.456,5218,3177
43896.382,5219,3177
44052.477,5220,3177
44110.387,5221,3177
44110.474,5222,3177
44465.078,5223,3177
44866.909,5224,3177
44867.388,5225,3177
45095.922,5226,3177
45316.912,5227,3177
45318.254,5228,3177
45405.433,5229,3177
45693.683,5230,3177
45818.01,5231,3177
46241.152,5232,3190
46246.223,5233,3191
46256.822,5234,3192
46256.943,5235,3192
46257.205,5236,3193
46257.239,5237,3194
46257.482,5238,3195
46259.621,5239,3195
46267.297,5240,3195
46273.134,5241,3195
46275.327,5242,3195
46288.643,5243,3195
46288.89,5244,3195
46289.634,5245,3195
46296.725,5246,3195
46296.969,5247,3195
46297.072,5248,3195
46297.715,5249,3195
46298.437,5250,3195
46299.536,5251,3195
46299.868,5252,3195
46301.467,5253,3195
46601.745,5254,3195
46909.337,5255,3195
46992.749,5256,3195
47089.303,5257,3195
47174.358,5258,3195
47724.886,5259,3195
47967.563,5260,3195
48069.894,5261,3195
48998.071,5262,3195
49022.155,5263,3195
49071.001,5264,3195
49290.48,5265,3195
49355.413,5266,3195
49484.437,5267,3195
49502.504,5268,3195
49792.86,5269,3195
49806.468,5270,3195
49877.612,5271,3195
49880.795,5272,3195
49958.056,5273,3195
49958.115,5274,3195
49959.087,5275,3195
50106.453,5276,3200
50139.819,5277,3200
50286.881,5278,3200
50288.891,5279,3200
50293.733,5280,3200
50300.289,5281,3200
50357.568,5282,3200
50520.304,5283,3200
50537.538,5284,3200
50558.812,5285,3200
50685.814,5286,3200
50708.909,5287,3200
50787.074,5288,3200
50843.2,5289,3200
50895.741,5290,3200
50913.119,5291,3200
51230.024,5292,3200
51409.949,5293,3200
51893.731,5294,3200
52184.682,5295,3200
52218.494,5296,3200
52541.502,5297,3200
52576.86,5298,3200
52704.968,5299,3200
52705.192,5300,3200
52740.307,5301,3200
52900.623,5302,3200
53011.992,5303,3200
53561.444,5304,3200
53879.626,5305,3200
54036.101,5306,3200
54105.035,5307,3200
54196.762,5308,3202
54197.088,5309,3202
54197.535,5310,3202
54311.639,5311,3202
54403.981,5312,3203
54404.389,5313,3203
54406.069,5314,3204
54406.107,5315,3204
54406.508,5316,3204
54410.623,5317,3204
54744.52,5318,3204
55039.612,5319,3204
55078.836,5320,3204
55131.723,5321,3204
55137.378,5322,3205
55137.438,5323,3205
55137.506,5324,3205
55139.165,5325,3206
55139.188,5326,3206
55140.567,5327,3206
55207.49,5328,3206
55207.572,5329,3207
55209.514,5330,3207
55210.22,5331,3207
55278.622,5332,3207
55278.648,5333,3207
55278.751,5334,3207
55278.958,5335,3207
55342.625,5336,3207
55388.456,5337,3207
55799.867,5338,3207
55800.022,5339,3207
55822.472,5340,3207
55935.232,5341,3207
55999.894,5342,3207
56003.495,5343,3207
56098.776,5344,3207
56167.74,5345,3207
56832.391,5346,3207
56941.852,5347,3207
56942.871,5348,3207
56971.012,5349,3207
57010.223,5350,3207
57010.275,5351,3207
57010.348,5352,3207
57466.111,5353,3207
58471.306,5354,3207
59154.364,5355,3207
59231.733,5356,3210
59237.648,5357,3210
59270.075,5358,3210
59359.441,5359,3210
59394.621,5360,3210
59611.424,5361,3210
59934.411,5362,3210
59934.832,5363,3210
59994.884,5364,3210
60610.111,5365,3210
60669.717,5366,3210
60671.532,5367,3210
60699.531,5368,3210
61041.643,5369,3210
61109.414,5370,3210
61243.747,5371,3210
61302.162,5372,3210
61573.066,5373,3210
61594.967,5374,3210
61822.362,5375,3210
61952.289,5376,3210
61952.33,5377,3210
62013.81,5378,3210
62022.407,5379,3210
62166.83,5380,3210
62182.808,5381,3210
62338.722,5382,3210
62729.527,5383,3210
62754.714,5384,3211
62771.507,5385,3211
62812.904,5386,3211
62851.172,5387,3211
62964.508,5388,3211
63332.562,5389,3211
63361.358,5390,3211
63364.622,5391,3211
63430.495,5392,3211
63641.127,5393,3211
63641.339,5394,3211
63657.306,5395,3211
63785.069,5396,3211
63816.323,5397,3211
63891.683,5398,3211
64068.043,5399,3211
64104.038,5400,3211
64128.154,5401,3211
64211.104,5402,3211
64805.324,5403,3211
65391.435,5404,3211
67041.38,5405,3211
67112.737,5406,3211
67359.544,5407,3211
67895.867,5408,3211
68099.642,5409,3211
68535.549,5410,3211
69147.826,5411,3211
69148.099,5412,3211
69206.865,5413,3211
70379.074,5414,3211
71272.315,5415,3211
72020.132,5416,3211
73547.38,5417,3211
73578.467,5418,3211
73678.104,5419,3211
73807.446,5420,3211
73807.455,5421,3211
73815.748,5422,3211
74789.594,5423,3211
74790.051,5424,3211
75068.019,5425,3211
75082.926,5426,3211
76415.202,5427,3211
76426.18,5428,3211
76518.563,5429,3211
76579.212,5430,3211
76583.975,5431,3211
76636.946,5432,3211
77258.448,5433,3212
77394.75,5434,3212
77466.704,5435,3212
77571.235,5436,3212
77580.211,5437,3212
78075.123,5438,3212
78649.94,5439,3212
79244.135,5440,3212
79783.253,5441,3212
79943.858,5442,3212
80698.263,5443,3212
80843.583,5444,3212
80998.689,5445,3212
81646.462,5446,3212
82518.128,5447,3212
84511.734,5448,3212
85030.368,5449,3212
85163.104,5450,3212
85296.563,5451,3212
