time_s,inputs,cumulative_edges
0.0,1,357
0.001,2,482
0.002,3,486
0.002,4,490
0.003,5,490
0.003,6,508
0.004,7,616
0.005,8,681
0.007,9,684
0.007,10,686
0.008,11,688
0.012,12,688
0.015,13,702
0.018,14,704
0.018,15,704
0.019,16,705
0.02,17,706
0.022,18,707
0.027,19,707
0.032,20,708
0.033,21,710
0.036,22,710
0.041,23,710
0.062,24,711
0.081,25,712
0.082,26,713
0.118,27,715
0.132,28,750
0.141,29,753
0.172,30,767
0.214,31,768
0.215,32,768
0.239,33,768
0.26,34,768
0.288,35,768
0.3,36,768
0.305,37,769
0.334,38,769
0.335,39,782
0.426,40,782
0.47,41,782
0.481,42,783
0.523,43,797
0.524,44,797
0.553,45,797
0.56,46,797
0.568,47,797
0.587,48,798
0.638,49,800
0.656,50,800
0.681,51,800
0.727,52,800
0.749,53,800
0.776,54,800
0.834,55,800
0.874,56,800
0.947,57,800
0.969,58,800
0.991,59,801
1.014,60,801
1.024,61,801
1.078,62,801
1.11,63,801
1.132,64,801
1.221,65,801
1.266,66,801
1.29,67,809
1.435,68,809
1.607,69,809
1.786,70,809
1.901,71,820
1.956,72,823
1.957,73,823
1.967,74,824
1.973,75,826
1.993,76,948
2.037,77,956
2.059,78,973
2.062,79,974
2.078,80,987
2.079,81,990
2.101,82,1024
2.145,83,1067
2.169,84,1072
2.2,85,1076
2.221,86,1087
2.228,87,1105
2.238,88,1105
2.248,89,1105
2.271,90,1107
2.308,91,1109
2.309,92,1110
2.311,93,1110
2.312,94,1121
2.315,95,1125
2.316,96,1125
2.317,97,1128
2.318,98,1128
2.319,99,1130
2.321,100,1131
2.325,101,1132
2.325,102,1136
2.326,103,1136
2.327,104,1138
2.329,105,1143
2.33,106,1151
2.333,107,1151
2.338,108,1152
2.339,109,1155
2.34,110,1156
2.343,111,1158
2.344,112,1158
2.348,113,1158
2.349,114,1158
2.351,115,1158
2.353,116,1158
2.355,117,1159
2.358,118,1161
2.361,119,1162
2.361,120,1163
2.364,121,1197
2.381,122,1197
2.383,123,1203
2.387,124,1205
2.391,125,1205
2.393,126,1205
2.395,127,1205
2.396,128,1205
2.397,129,1207
2.4,130,1208
2.401,131,1208
2.404,132,1209
2.405,133,1216
2.408,134,1217
2.409,135,1218
2.415,136,1218
2.416,137,1218
2.418,138,1218
2.419,139,1218
2.422,140,1218
2.429,141,1218
2.431,142,1219
2.435,143,1219
2.436,144,1220
2.439,145,1220
2.44,146,1221
2.449,147,1221
2.451,148,1221
2.459,149,1229
2.466,150,1229
2.473,151,1230
2.476,152,1230
2.481,153,1235
2.488,154,1236
2.489,155,1254
2.491,156,1254
2.494,157,1254
2.504,158,1254
2.507,159,1254
2.509,160,1254
2.516,161,1263
2.53,162,1263
2.534,163,1263
2.536,164,1263
2.539,165,1263
2.548,166,1263
2.55,167,1265
2.551,168,1271
2.553,169,1272
2.559,170,1272
2.562,171,1273
2.575,172,1273
2.579,173,1273
2.589,174,1274
2.594,175,1276
2.609,176,1276
2.61,177,1276
2.612,178,1277
2.615,179,1278
2.617,180,1278
2.627,181,1283
2.628,182,1283
2.63,183,1283
2.646,184,1286
2.649,185,1287
2.652,186,1288
2.658,187,1289
2.661,188,1289
2.667,189,1289
2.67,190,1291
2.689,191,1291
2.693,192,1291
2.696,193,1291
2.697,194,1295
2.7,195,1295
2.709,196,1295
2.715,197,1295
2.719,198,1297
2.732,199,1297
2.735,200,1297
2.744,201,1298
2.746,202,1298
2.748,203,1298
2.759,204,1302
2.762,205,1302
2.771,206,1314
2.774,207,1314
2.798,208,1314
2.798,209,1314
2.8,210,1318
2.803,211,1318
2.828,212,1318
2.836,213,1319
2.844,214,1319
2.852,215,1320
2.864,216,1320
2.867,217,1320
2.871,218,1322
2.884,219,1322
2.886,220,1322
2.9,221,1323
2.9,222,1323
2.907,223,1323
2.916,224,1323
2.921,225,1324
2.942,226,1325
2.961,227,1325
2.962,228,1332
2.966,229,1354
2.98,230,1354
2.987,231,1355
2.995,232,1378
3.01,233,1417
3.059,234,1417
3.071,235,1417
3.076,236,1417
3.086,237,1417
3.087,238,1418
3.101,239,1419
3.107,240,1419
3.111,241,1420
3.115,242,1421
3.127,243,1422
3.129,244,1422
3.133,245,1422
3.138,246,1422
3.15,247,1422
3.161,248,1422
3.164,249,1422
3.168,250,1422
3.176,251,1425
3.18,252,1425
3.181,253,1425
3.184,254,1445
3.192,255,1445
3.199,256,1447
3.205,257,1447
3.207,258,1447
3.209,259,1447
3.211,260,1447
3.213,261,1447
3.215,262,1462
3.22,263,1463
3.225,264,1463
3.237,265,1463
3.24,266,1463
3.244,267,1464
3.256,268,1464
3.266,269,1465
3.276,270,1466
3.315,271,1467
3.335,272,1467
3.336,273,1468
3.351,274,1472
3.355,275,1475
3.361,276,1476
3.372,277,1476
3.381,278,1477
3.383,279,1486
3.387,280,1486
3.399,281,1486
3.417,282,1487
3.432,283,1488
3.472,284,1491
3.481,285,1491
3.491,286,1491
3.498,287,1491
3.522,288,1494
3.526,289,1501
3.556,290,1501
3.566,291,1539
3.573,292,1553
3.581,293,1553
3.62,294,1554
3.635,295,1554
3.637,296,1556
3.691,297,1556
3.695,298,1556
3.702,299,1557
3.709,300,1557
3.711,301,1558
3.751,302,1558
3.753,303,1559
3.76,304,1559
3.771,305,1560
3.78,306,1561
3.821,307,1563
3.835,308,1563
3.84,309,1564
3.855,310,1564
3.858,311,1564
3.862,312,1570
3.868,313,1587
3.88,314,1587
3.891,315,1587
3.942,316,1587
3.991,317,1587
4.042,318,1588
4.044,319,1588
4.051,320,1588
4.07,321,1603
4.076,322,1604
4.095,323,1605
4.14,324,1606
4.162,325,1606
4.167,326,1607
4.2,327,1607
4.217,328,1607
4.224,329,1607
4.232,330,1613
4.257,331,1613
4.276,332,1613
4.329,333,1613
4.359,334,1614
4.379,335,1614
4.388,336,1620
4.398,337,1621
4.407,338,1621
4.415,339,1621
4.419,340,1621
4.456,341,1623
4.466,342,1623
4.494,343,1623
4.501,344,1623
4.509,345,1623
4.522,346,1632
4.549,347,1633
4.586,348,1633
4.619,349,1634
4.664,350,1634
4.688,351,1634
4.703,352,1634
4.709,353,1634
4.725,354,1635
4.746,355,1635
4.762,356,1635
4.77,357,1635
4.802,358,1635
4.846,359,1635
4.857,360,1636
4.866,361,1636
4.886,362,1636
4.89,363,1636
4.91,364,1636
4.976,365,1637
4.978,366,1637
4.989,367,1637
5.03,368,1638
5.051,369,1638
5.053,370,1639
5.088,371,1640
5.099,372,1641
5.13,373,1641
5.143,374,1641
5.145,375,1641
5.157,376,1642
5.183,377,1642
5.23,378,1643
5.232,379,1646
5.251,380,1646
5.324,381,1646
5.4,382,1647
5.403,383,1650
5.438,384,1650
5.478,385,1650
5.501,386,1650
5.508,387,1650
5.512,388,1650
5.516,389,1650
5.52,390,1650
5.527,391,1650
5.567,392,1650
5.595,393,1650
5.63,394,1650
5.681,395,1650
5.764,396,1651
5.769,397,1665
5.796,398,1665
5.805,399,1665
5.806,400,1665
5.807,401,1665
5.808,402,1665
5.812,403,1666
5.813,404,1676
5.814,405,1677
5.82,406,1677
5.824,407,1678
5.831,408,1679
5.832,409,1679
5.833,410,1679
5.836,411,1681
5.839,412,1683
5.843,413,1686
5.844,414,1687
5.845,415,1688
5.846,416,1688
5.851,417,1688
5.853,418,1688
5.856,419,1689
5.858,420,1690
5.86,421,1691
5.863,422,1691
5.864,423,1691
5.865,424,1691
5.869,425,1691
5.869,426,1691
5.87,427,1691
5.872,428,1691
5.873,429,1691
5.877,430,1691
5.88,431,1691
5.881,432,1691
5.883,433,1691
5.885,434,1692
5.887,435,1692
5.888,436,1692
5.891,437,1693
5.894,438,1694
5.895,439,1694
5.896,440,1694
5.905,441,1694
5.906,442,1695
5.908,443,1695
5.909,444,1695
5.912,445,1695
5.917,446,1696
5.918,447,1696
5.922,448,1696
5.931,449,1697
5.941,450,1697
5.948,451,1697
5.951,452,1697
5.954,453,1697
5.955,454,1697
5.96,455,1697
5.972,456,1697
5.974,457,1698
5.975,458,1698
5.977,459,1698
5.98,460,1698
5.982,461,1698
5.984,462,1698
5.986,463,1699
5.99,464,1699
5.991,465,1699
5.992,466,1699
5.995,467,1699
6.006,468,1699
6.008,469,1699
6.012,470,1700
6.014,471,1700
6.017,472,1701
6.02,473,1701
6.028,474,1701
6.039,475,1701
6.043,476,1701
6.055,477,1701
6.057,478,1702
6.058,479,1702
6.059,480,1702
6.066,481,1702
6.077,482,1702
6.082,483,1702
6.084,484,1702
6.094,485,1702
6.101,486,1702
6.104,487,1704
6.107,488,1705
6.11,489,1705
6.121,490,1708
6.125,491,1725
6.127,492,1725
6.145,493,1726
6.167,494,1726
6.175,495,1726
6.193,496,1726
6.195,497,1726
6.199,498,1726
6.219,499,1729
6.223,500,1729
6.241,501,1729
6.246,502,1730
6.25,503,1732
6.256,504,1732
6.258,505,1732
6.274,506,1732
6.278,507,1732
6.289,508,1732
6.296,509,1733
6.301,510,1733
6.308,511,1733
6.311,512,1777
6.317,513,1777
6.319,514,1777
6.326,515,1778
6.329,516,1778
6.344,517,1778
6.346,518,1778
6.354,519,1779
6.365,520,1779
6.368,521,1779
6.372,522,1779
6.378,523,1779
6.393,524,1779
6.4,525,1779
6.41,526,1779
6.455,527,1780
6.474,528,1780
6.475,529,1783
6.487,530,1784
6.491,531,1784
6.51,532,1784
6.519,533,1784
6.525,534,1785
6.53,535,1785
6.545,536,1785
6.549,537,1785
6.56,538,1785
6.562,539,1786
6.567,540,1786
6.584,541,1786
6.588,542,1786
6.598,543,1787
6.606,544,1789
6.609,545,1790
6.624,546,1790
6.637,547,1791
6.648,548,1791
6.653,549,1791
6.682,550,1791
6.69,551,1791
6.696,552,1791
6.703,553,1793
6.705,554,1793
6.71,555,1793
6.742,556,1793
6.744,557,1793
6.752,558,1793
6.759,559,1793
6.76,560,1793
6.778,561,1793
6.794,562,1793
6.801,563,1793
6.812,564,1793
6.819,565,1793
6.84,566,1794
6.858,567,1794
6.879,568,1794
6.884,569,1794
6.89,570,1794
6.901,571,1794
6.91,572,1794
6.924,573,1794
6.934,574,1794
6.937,575,1796
6.938,576,1796
6.944,577,1797
6.948,578,1797
6.967,579,1797
6.99,580,1797
6.995,581,1797
6.999,582,1797
7.007,583,1800
7.014,584,1800
7.031,585,1800
7.037,586,1800
7.043,587,1800
7.094,588,1800
7.104,589,1800
7.107,590,1802
7.137,591,1802
7.179,592,1802
7.196,593,1802
7.207,594,1802
7.213,595,1802
7.218,596,1802
7.283,597,1802
7.307,598,1802
7.341,599,1802
7.346,600,1803
7.417,601,1803
7.433,602,1803
7.434,603,1803
7.442,604,1803
7.492,605,1803
7.502,606,1803
7.507,607,1803
7.538,608,1803
7.542,609,1803
7.584,610,1803
7.586,611,1803
7.61,612,1803
7.622,613,1803
7.623,614,1803
7.638,615,1804
7.68,616,1804
7.714,617,1804
7.719,618,1805
7.729,619,1805
7.738,620,1805
7.781,621,1805
7.818,622,1805
7.828,623,1805
7.833,624,1806
7.862,625,1806
7.876,626,1806
7.901,627,1806
7.91,628,1806
7.931,629,1806
7.937,630,1807
7.965,631,1807
7.981,632,1807
8.007,633,1808
8.029,634,1808
8.032,635,1808
8.049,636,1809
8.064,637,1809
8.075,638,1809
8.08,639,1809
8.089,640,1809
8.104,641,1809
8.132,642,1809
8.148,643,1809
8.224,644,1809
8.257,645,1809
8.299,646,1810
8.372,647,1810
8.378,648,1810
8.423,649,1810
8.426,650,1812
8.473,651,1813
8.481,652,1813
8.49,653,1813
8.498,654,1813
8.502,655,1813
8.542,656,1813
8.553,657,1813
8.556,658,1813
8.567,659,1813
8.592,660,1813
8.602,661,1813
8.678,662,1813
8.697,663,1814
8.702,664,1814
8.705,665,1814
8.731,666,1815
8.741,667,1815
8.766,668,1815
8.777,669,1815
8.787,670,1816
8.795,671,1817
8.827,672,1817
8.856,673,1817
8.866,674,1820
8.871,675,1820
8.88,676,1820
8.894,677,1820
8.936,678,1820
8.965,679,1820
8.989,680,1820
8.997,681,1820
9.014,682,1820
9.059,683,1822
9.101,684,1823
9.113,685,1823
9.129,686,1823
9.235,687,1823
9.266,688,1823
9.269,689,1823
9.301,690,1823
9.358,691,1823
9.401,692,1823
9.449,693,1823
9.453,694,1823
9.499,695,1823
9.547,696,1823
9.593,697,1823
9.609,698,1830
9.613,699,1830
9.615,700,1830
9.632,701,1830
9.728,702,1831
9.766,703,1833
9.862,704,1834
9.868,705,1834
9.895,706,1834
9.899,707,1834
9.949,708,1835
9.961,709,1837
10.013,710,1837
10.069,711,1837
10.092,712,1837
10.094,713,1837
10.098,714,1837
10.109,715,1837
10.114,716,1837
10.115,717,1837
10.116,718,1837
10.133,719,1840
10.144,720,1840
10.145,721,1840
10.149,722,1840
10.151,723,1840
10.157,724,1862
10.16,725,1862
10.163,726,1862
10.168,727,1862
10.173,728,1864
10.18,729,1864
10.19,730,1864
10.209,731,1868
10.243,732,1868
10.246,733,1869
10.249,734,1870
10.259,735,1870
10.268,736,1870
10.285,737,1870
10.291,738,1870
10.297,739,1870
10.3,740,1870
10.306,741,1870
10.307,742,1870
10.316,743,1870
10.326,744,1870
10.342,745,1870
10.364,746,1870
10.368,747,1870
10.378,748,1870
10.382,749,1870
10.385,750,1870
10.388,751,1871
10.403,752,1871
10.411,753,1871
10.418,754,1871
10.427,755,1871
10.434,756,1871
10.435,757,1871
10.521,758,1871
10.534,759,1871
10.538,760,1871
10.542,761,1871
10.575,762,1871
10.581,763,1872
10.608,764,1874
10.62,765,1874
10.638,766,1874
10.645,767,1875
10.654,768,1877
10.659,769,1877
10.677,770,1877
10.678,771,1881
10.686,772,1881
10.711,773,1881
10.712,774,1881
10.718,775,1881
10.724,776,1886
10.729,777,1886
10.731,778,1886
10.742,779,1886
10.764,780,1886
10.766,781,1886
10.769,782,1886
10.796,783,1886
10.799,784,1886
10.816,785,1886
10.874,786,1886
10.876,787,1886
10.885,788,1886
10.897,789,1886
10.917,790,1886
10.935,791,1886
10.953,792,1886
10.97,793,1886
11.026,794,1886
11.044,795,1886
11.061,796,1886
11.068,797,1886
11.075,798,1887
11.077,799,1887
11.096,800,1887
11.101,801,1888
11.111,802,1888
11.122,803,1888
11.163,804,1888
11.166,805,1888
11.2,806,1888
11.218,807,1888
11.229,808,1888
11.249,809,1889
11.269,810,1890
11.285,811,1890
11.312,812,1890
11.315,813,1890
11.319,814,1893
11.328,815,1895
11.333,816,1895
11.334,817,1895
11.34,818,1895
11.343,819,1895
11.351,820,1895
11.358,821,1895
11.371,822,1895
11.393,823,1896
11.4,824,1896
11.411,825,1896
11.426,826,1896
11.433,827,1896
11.438,828,1903
11.46,829,1903
11.465,830,1904
11.47,831,1904
11.477,832,1904
11.505,833,1905
11.509,834,1905
11.524,835,1910
11.527,836,1913
11.552,837,1913
11.558,838,1913
11.564,839,1914
11.578,840,1914
11.603,841,1915
11.611,842,1916
11.616,843,1916
11.62,844,1917
11.622,845,1917
11.635,846,1917
11.637,847,1917
11.687,848,1917
11.701,849,1917
11.706,850,1917
11.726,851,1917
11.763,852,1917
11.772,853,1917
11.775,854,1920
11.783,855,1920
11.817,856,1921
11.824,857,1921
11.85,858,1921
11.899,859,1921
11.905,860,1921
11.941,861,1921
11.947,862,1921
11.997,863,1921
12.013,864,1921
12.068,865,1921
12.112,866,1921
12.115,867,1922
12.147,868,1922
12.233,869,1922
12.285,870,1922
12.292,871,1922
12.303,872,1922
12.379,873,1922
12.517,874,1922
12.539,875,1922
12.547,876,1922
12.556,877,1923
12.575,878,1923
12.58,879,1923
12.605,880,1923
12.611,881,1923
12.624,882,1923
12.628,883,1923
12.67,884,1923
12.76,885,1924
12.995,886,1924
13.094,887,1924
13.17,888,1924
13.218,889,1925
13.323,890,1925
13.342,891,1925
13.43,892,1925
13.461,893,1925
13.465,894,1926
13.501,895,1926
13.599,896,1926
13.603,897,1926
13.614,898,1926
13.75,899,1926
13.784,900,1927
13.824,901,1929
13.835,902,1929
13.977,903,1929
14.009,904,1929
14.292,905,1929
14.326,906,1929
14.382,907,1929
14.419,908,1929
14.527,909,1929
14.766,910,1929
14.793,911,1929
14.876,912,1929
15.01,913,1929
15.132,914,1929
15.341,915,1932
15.396,916,1934
15.465,917,1935
15.604,918,1938
15.604,919,1938
15.63,920,1938
15.639,921,1938
15.646,922,1938
15.654,923,1938
15.687,924,1939
15.688,925,1940
15.737,926,1940
15.739,927,1940
15.751,928,1941
15.757,929,1941
15.782,930,1941
15.815,931,1941
15.835,932,1941
15.854,933,1941
15.875,934,1941
15.882,935,1942
16.026,936,1942
16.059,937,1943
16.068,938,1943
16.081,939,1943
16.091,940,1943
16.118,941,1943
16.137,942,1943
16.171,943,1943
16.186,944,1943
16.216,945,1944
16.235,946,1947
16.267,947,1947
16.278,948,1947
16.388,949,1948
16.487,950,1948
16.537,951,1948
16.545,952,1948
16.576,953,1948
16.595,954,1948
16.598,955,1949
16.642,956,1949
16.655,957,1949
16.658,958,1949
16.667,959,1950
16.678,960,1950
16.691,961,1950
16.711,962,1950
16.762,963,1950
16.805,964,1950
16.866,965,1950
16.944,966,1950
16.968,967,1952
17.076,968,1952
17.13,969,1952
17.149,970,1952
17.178,971,1952
17.219,972,1952
17.245,973,1952
17.412,974,1952
17.637,975,1952
17.654,976,1957
17.682,977,1957
17.686,978,1957
17.689,979,1957
17.701,980,1957
17.713,981,1958
17.717,982,1958
17.719,983,1960
17.757,984,1960
17.791,985,1960
17.887,986,1960
17.995,987,1966
18.167,988,1968
18.279,989,1968
18.281,990,1968
18.385,991,1978
18.398,992,1978
18.402,993,1978
18.404,994,1978
18.427,995,1978
18.489,996,1979
18.5,997,1979
18.543,998,1979
18.616,999,1979
18.631,1000,1979
18.671,1001,1981
18.798,1002,1981
18.839,1003,1983
18.916,1004,1983
18.97,1005,1984
19.02,1006,1984
19.058,1007,1984
19.076,1008,1984
19.094,1009,1984
19.158,1010,1985
19.265,1011,1985
19.509,1012,1985
19.567,1013,1985
19.618,1014,1985
19.678,1015,1986
19.69,1016,1986
19.691,1017,1993
19.692,1018,1993
19.694,1019,1993
19.697,1020,1994
19.697,1021,1995
19.708,1022,1995
19.709,1023,1996
19.71,1024,1996
19.713,1025,1996
19.714,1026,1996
19.715,1027,1996
19.717,1028,1996
19.72,1029,1996
19.72,1030,1996
19.728,1031,1996
19.732,1032,1997
19.733,1033,1998
19.743,1034,1998
19.752,1035,1998
19.76,1036,1998
19.767,1037,1998
19.792,1038,1998
19.8,1039,1998
19.827,1040,1999
19.842,1041,1999
19.861,1042,1999
19.862,1043,1999
19.922,1044,1999
19.932,1045,1999
19.961,1046,1999
19.976,1047,1999
20.017,1048,1999
20.041,1049,1999
20.102,1050,1999
20.112,1051,2000
20.196,1052,2000
20.318,1053,2000
20.41,1054,2000
20.478,1055,2000
20.601,1056,2000
20.911,1057,2001
21.558,1058,2001
21.667,1059,2001
21.794,1060,2001
21.994,1061,2001
22.536,1062,2001
22.654,1063,2001
23.283,1064,2001
23.289,1065,2002
23.298,1066,2002
23.315,1067,2002
23.356,1068,2002
23.38,1069,2003
23.383,1070,2004
23.386,1071,2004
23.388,1072,2004
23.397,1073,2004
23.425,1074,2006
23.452,1075,2006
23.501,1076,2007
23.58,1077,2008
23.614,1078,2008
23.673,1079,2008
23.701,1080,2008
23.764,1081,2008
23.85,1082,2008
23.929,1083,2008
23.95,1084,2008
24.114,1085,2008
24.153,1086,2008
24.164,1087,2008
24.265,1088,2025
24.326,1089,2025
24.362,1090,2067
24.363,1091,2070
24.411,1092,2070
24.413,1093,2070
24.414,1094,2070
24.425,1095,2070
24.428,1096,2070
24.431,1097,2070
24.435,1098,2070
24.436,1099,2071
24.441,1100,2072
24.45,1101,2072
24.454,1102,2072
24.457,1103,2073
24.461,1104,2073
24.494,1105,2075
24.516,1106,2075
24.525,1107,2075
24.528,1108,2075
24.533,1109,2075
24.536,1110,2075
24.544,1111,2077
24.55,1112,2077
24.557,1113,2077
24.564,1114,2077
24.569,1115,2077
24.576,1116,2079
24.579,1117,2079
24.586,1118,2079
24.591,1119,2079
24.593,1120,2079
24.627,1121,2080
24.639,1122,2080
24.647,1123,2080
24.656,1124,2080
24.667,1125,2080
24.672,1126,2080
24.68,1127,2080
24.691,1128,2081
24.692,1129,2082
24.706,1130,2082
24.719,1131,2082
24.73,1132,2082
24.742,1133,2082
24.743,1134,2082
24.778,1135,2085
24.784,1136,2085
24.789,1137,2085
24.796,1138,2085
24.801,1139,2091
24.864,1140,2091
24.878,1141,2091
24.889,1142,2091
24.897,1143,2091
24.9,1144,2091
24.902,1145,2091
24.914,1146,2091
24.924,1147,2091
24.932,1148,2091
24.94,1149,2091
24.988,1150,2091
25.0,1151,2091
25.007,1152,2091
25.02,1153,2091
25.046,1154,2091
25.06,1155,2091
25.083,1156,2091
25.088,1157,2091
25.089,1158,2091
25.13,1159,2091
25.133,1160,2091
25.146,1161,2091
25.153,1162,2091
25.177,1163,2091
25.235,1164,2091
25.262,1165,2092
25.273,1166,2092
25.289,1167,2092
25.323,1168,2092
25.332,1169,2092
25.344,1170,2092
25.355,1171,2093
25.365,1172,2095
25.378,1173,2095
25.384,1174,2095
25.425,1175,2096
25.429,1176,2096
25.449,1177,2096
25.458,1178,2096
25.471,1179,2096
25.482,1180,2096
25.562,1181,2096
25.586,1182,2096
25.634,1183,2096
25.648,1184,2097
25.661,1185,2097
25.669,1186,2097
25.671,1187,2099
25.675,1188,2099
25.681,1189,2099
25.684,1190,2099
25.692,1191,2099
25.718,1192,2101
25.856,1193,2103
25.873,1194,2103
25.905,1195,2103
25.919,1196,2103
25.971,1197,2106
25.983,1198,2106
25.986,1199,2106
26.033,1200,2106
26.047,1201,2106
26.143,1202,2106
26.242,1203,2107
26.297,1204,2107
26.333,1205,2107
26.351,1206,2108
26.371,1207,2108
26.379,1208,2108
26.48,1209,2108
26.512,1210,2108
26.534,1211,2108
26.59,1212,2108
26.616,1213,2108
26.645,1214,2109
26.649,1215,2109
26.779,1216,2109
26.923,1217,2109
26.93,1218,2109
26.98,1219,2109
26.983,1220,2109
27.026,1221,2109
27.303,1222,2109
27.424,1223,2112
27.427,1224,2112
27.462,1225,2112
27.502,1226,2112
27.518,1227,2114
27.559,1228,2114
27.74,1229,2114
27.803,1230,2116
27.926,1231,2116
27.969,1232,2118
28.165,1233,2118
28.226,1234,2118
28.285,1235,2118
28.37,1236,2118
28.375,1237,2118
28.379,1238,2120
28.396,1239,2120
28.428,1240,2120
28.435,1241,2120
28.451,1242,2120
28.462,1243,2120
28.467,1244,2120
28.476,1245,2127
28.491,1246,2127
28.492,1247,2127
28.519,1248,2127
28.523,1249,2127
28.631,1250,2127
28.732,1251,2127
28.778,1252,2128
28.829,1253,2128
28.834,1254,2128
28.896,1255,2128
28.936,1256,2128
28.947,1257,2128
28.955,1258,2128
28.99,1259,2128
29.06,1260,2128
29.062,1261,2128
29.258,1262,2129
29.337,1263,2130
29.338,1264,2131
29.339,1265,2132
29.34,1266,2132
29.342,1267,2133
29.345,1268,2133
29.353,1269,2134
29.357,1270,2135
29.368,1271,2136
29.373,1272,2136
29.374,1273,2138
29.388,1274,2138
29.404,1275,2139
29.408,1276,2141
29.42,1277,2142
29.429,1278,2144
29.441,1279,2145
29.445,1280,2145
29.457,1281,2147
29.466,1282,2147
29.469,1283,2147
29.493,1284,2147
29.498,1285,2147
29.528,1286,2148
29.532,1287,2148
29.54,1288,2148
29.549,1289,2148
29.552,1290,2149
29.597,1291,2151
29.6,1292,2151
29.609,1293,2151
29.62,1294,2151
29.628,1295,2151
29.646,1296,2151
29.65,1297,2151
29.665,1298,2151
29.69,1299,2151
29.694,1300,2151
29.698,1301,2151
29.732,1302,2151
29.766,1303,2151
29.791,1304,2151
29.804,1305,2151
29.827,1306,2151
29.83,1307,2152
29.847,1308,2152
29.868,1309,2152
29.875,1310,2152
29.879,1311,2153
29.883,1312,2153
29.952,1313,2153
30.006,1314,2153
30.026,1315,2153
30.041,1316,2157
30.06,1317,2158
30.065,1318,2158
30.074,1319,2158
30.077,1320,2158
30.094,1321,2158
30.239,1322,2158
30.304,1323,2158
30.333,1324,2158
30.356,1325,2158
30.368,1326,2158
30.388,1327,2158
30.408,1328,2158
30.41,1329,2158
30.43,1330,2159
30.434,1331,2159
30.452,1332,2162
30.459,1333,2162
30.463,1334,2163
30.525,1335,2163
30.539,1336,2163
30.596,1337,2163
30.615,1338,2163
30.622,1339,2164
30.702,1340,2164
30.716,1341,2164
30.827,1342,2164
30.891,1343,2164
30.912,1344,2164
30.978,1345,2164
30.986,1346,2164
31.037,1347,2164
31.073,1348,2164
31.132,1349,2173
31.146,1350,2174
31.184,1351,2174
31.217,1352,2174
31.232,1353,2174
31.304,1354,2174
31.384,1355,2174
31.429,1356,2174
31.435,1357,2174
31.442,1358,2174
31.47,1359,2174
31.532,1360,2174
31.613,1361,2174
31.633,1362,2174
31.701,1363,2174
31.893,1364,2174
31.956,1365,2175
32.025,1366,2177
32.034,1367,2177
32.065,1368,2177
32.075,1369,2177
32.115,1370,2177
32.129,1371,2177
32.208,1372,2177
32.261,1373,2177
32.395,1374,2192
32.495,1375,2192
32.537,1376,2192
32.559,1377,2192
32.656,1378,2192
32.807,1379,2192
32.857,1380,2192
32.898,1381,2192
32.946,1382,2192
32.956,1383,2193
33.023,1384,2193
33.054,1385,2193
33.114,1386,2193
33.233,1387,2193
33.527,1388,2193
33.55,1389,2193
33.555,1390,2193
33.563,1391,2193
33.612,1392,2194
33.786,1393,2194
33.801,1394,2194
33.841,1395,2194
33.888,1396,2194
33.898,1397,2194
34.21,1398,2194
34.401,1399,2194
34.589,1400,2194
34.655,1401,2195
34.665,1402,2195
34.682,1403,2195
34.739,1404,2195
34.803,1405,2195
34.863,1406,2195
35.323,1407,2196
36.081,1408,2196
36.176,1409,2196
36.35,1410,2196
36.405,1411,2196
36.42,1412,2196
36.507,1413,2196
36.527,1414,2196
36.534,1415,2196
36.547,1416,2196
36.563,1417,2196
36.575,1418,2196
36.674,1419,2196
36.683,1420,2196
36.707,1421,2196
36.832,1422,2196
36.925,1423,2196
36.956,1424,2196
37.032,1425,2196
37.044,1426,2196
37.082,1427,2196
37.154,1428,2196
37.19,1429,2196
37.333,1430,2196
37.407,1431,2196
37.496,1432,2196
37.546,1433,2196
37.548,1434,2196
37.656,1435,2196
37.704,1436,2196
37.798,1437,2196
37.845,1438,2196
37.897,1439,2197
38.043,1440,2197
38.189,1441,2197
38.228,1442,2197
38.234,1443,2199
38.235,1444,2201
38.289,1445,2201
38.586,1446,2201
38.676,1447,2201
38.719,1448,2201
38.772,1449,2203
38.883,1450,2203
38.99,1451,2203
39.042,1452,2203
39.077,1453,2203
39.422,1454,2203
39.473,1455,2203
39.595,1456,2203
39.619,1457,2203
39.783,1458,2203
39.785,1459,2203
39.786,1460,2203
39.788,1461,2203
39.808,1462,2203
39.814,1463,2205
39.905,1464,2206
39.969,1465,2208
40.032,1466,2208
40.128,1467,2210
40.129,1468,2210
40.13,1469,2210
40.131,1470,2210
40.133,1471,2210
40.134,1472,2210
40.151,1473,2210
40.152,1474,2210
40.153,1475,2210
40.154,1476,2210
40.255,1477,2211
40.272,1478,2211
40.275,1479,2211
40.288,1480,2211
40.29,1481,2211
40.304,1482,2212
40.322,1483,2212
40.336,1484,2212
40.393,1485,2212
40.485,1486,2212
40.523,1487,2212
40.597,1488,2212
40.731,1489,2213
40.812,1490,2213
40.888,1491,2213
41.103,1492,2213
41.365,1493,2222
41.432,1494,2222
41.633,1495,2222
41.672,1496,2222
41.723,1497,2222
41.78,1498,2222
41.893,1499,2222
42.076,1500,2222
42.134,1501,2222
42.194,1502,2222
42.263,1503,2222
42.287,1504,2222
42.364,1505,2222
42.389,1506,2222
42.427,1507,2222
42.553,1508,2222
42.592,1509,2222
42.665,1510,2222
42.949,1511,2222
43.005,1512,2222
43.029,1513,2222
43.362,1514,2222
43.457,1515,2222
43.749,1516,2222
43.798,1517,2222
44.099,1518,2223
44.253,1519,2223
44.312,1520,2223
44.6,1521,2223
44.623,1522,2223
44.792,1523,2223
44.793,1524,2223
44.857,1525,2225
44.86,1526,2225
44.876,1527,2226
44.971,1528,2227
45.079,1529,2230
45.221,1530,2230
45.346,1531,2230
45.367,1532,2230
45.403,1533,2231
45.542,1534,2231
45.586,1535,2231
45.588,1536,2233
45.689,1537,2233
45.747,1538,2233
45.759,1539,2234
45.76,1540,2235
45.783,1541,2235
45.812,1542,2235
45.818,1543,2237
45.859,1544,2237
45.961,1545,2237
45.987,1546,2237
46.025,1547,2237
46.148,1548,2237
46.462,1549,2237
46.488,1550,2237
46.947,1551,2237
47.041,1552,2240
47.138,1553,2243
47.265,1554,2243
47.294,1555,2243
47.77,1556,2243
48.165,1557,2243
48.39,1558,2243
48.742,1559,2243
49.016,1560,2243
49.088,1561,2243
49.223,1562,2243
49.39,1563,2243
49.503,1564,2243
49.973,1565,2243
50.054,1566,2243
50.252,1567,2243
50.359,1568,2243
50.376,1569,2243
50.396,1570,2243
50.408,1571,2243
50.437,1572,2243
50.48,1573,2243
50.503,1574,2243
50.521,1575,2243
50.634,1576,2243
50.675,1577,2243
50.693,1578,2243
50.727,1579,2243
51.136,1580,2243
51.237,1581,2243
51.328,1582,2243
51.348,1583,2243
51.371,1584,2243
51.512,1585,2244
51.606,1586,2244
51.632,1587,2244
51.729,1588,2244
52.197,1589,2244
52.509,1590,2244
52.635,1591,2244
52.794,1592,2244
52.95,1593,2244
53.074,1594,2244
53.179,1595,2244
53.216,1596,2249
53.242,1597,2252
53.246,1598,2253
53.282,1599,2253
53.381,1600,2254
53.413,1601,2255
53.666,1602,2255
54.109,1603,2255
54.546,1604,2255
54.583,1605,2255
54.774,1606,2255
54.808,1607,2255
54.829,1608,2255
54.838,1609,2255
54.862,1610,2255
55.045,1611,2255
55.137,1612,2255
55.173,1613,2255
55.236,1614,2255
55.627,1615,2255
56.286,1616,2255
56.337,1617,2255
56.379,1618,2255
56.399,1619,2255
56.42,1620,2255
56.442,1621,2255
56.569,1622,2255
56.59,1623,2255
56.709,1624,2255
56.773,1625,2255
56.799,1626,2255
56.829,1627,2255
56.838,1628,2256
56.88,1629,2256
56.885,1630,2256
57.111,1631,2256
57.121,1632,2257
57.422,1633,2257
57.551,1634,2257
57.674,1635,2257
57.674,1636,2257
57.764,1637,2258
57.781,1638,2258
57.786,1639,2258
57.822,1640,2262
57.99,1641,2262
58.022,1642,2262
58.094,1643,2262
58.2,1644,2262
58.281,1645,2262
58.679,1646,2264
58.738,1647,2264
59.068,1648,2264
59.401,1649,2264
59.796,1650,2265
60.187,1651,2265
60.192,1652,2265
60.233,1653,2265
60.321,1654,2266
60.391,1655,2266
60.647,1656,2266
61.773,1657,2270
61.774,1658,2270
61.775,1659,2270
61.776,1660,2270
61.778,1661,2270
61.794,1662,2271
61.795,1663,2271
61.795,1664,2271
61.933,1665,2271
61.944,1666,2271
61.95,1667,2271
61.972,1668,2271
62.003,1669,2271
62.034,1670,2271
62.047,1671,2271
62.06,1672,2271
62.066,1673,2271
62.167,1674,2271
62.202,1675,2271
62.423,1676,2271
62.568,1677,2271
62.708,1678,2271
62.726,1679,2271
62.83,1680,2277
62.959,1681,2277
62.984,1682,2277
63.07,1683,2278
63.071,1684,2278
63.151,1685,2278
63.17,1686,2278
63.194,1687,2278
63.243,1688,2278
63.261,1689,2279
63.279,1690,2279
63.406,1691,2279
64.309,1692,2279
64.312,1693,2279
64.359,1694,2279
64.385,1695,2279
64.564,1696,2279
64.607,1697,2279
64.971,1698,2285
65.022,1699,2285
65.061,1700,2286
65.07,1701,2287
65.155,1702,2287
65.29,1703,2287
65.398,1704,2289
65.413,1705,2291
65.435,1706,2291
65.46,1707,2291
65.492,1708,2291
65.69,1709,2293
65.802,1710,2293
65.87,1711,2293
65.963,1712,2295
65.973,1713,2295
66.147,1714,2295
66.245,1715,2295
66.324,1716,2295
66.4,1717,2295
66.442,1718,2295
66.506,1719,2295
66.539,1720,2295
66.686,1721,2295
67.23,1722,2295
67.321,1723,2295
68.334,1724,2295
68.351,1725,2296
68.394,1726,2296
68.52,1727,2297
68.521,1728,2302
69.056,1729,2302
69.064,1730,2302
69.088,1731,2302
69.095,1732,2302
69.118,1733,2302
69.2,1734,2303
69.224,1735,2303
69.29,1736,2303
69.309,1737,2307
69.489,1738,2307
69.584,1739,2307
69.908,1740,2307
70.173,1741,2307
70.275,1742,2307
70.397,1743,2307
70.489,1744,2308
70.502,1745,2308
70.509,1746,2308
70.547,1747,2308
70.963,1748,2312
71.509,1749,2312
71.572,1750,2312
71.583,1751,2312
71.636,1752,2403
71.642,1753,2423
71.745,1754,2423
71.751,1755,2435
71.785,1756,2435
71.838,1757,2435
71.998,1758,2435
72.395,1759,2435
72.396,1760,2435
72.397,1761,2435
72.399,1762,2435
72.401,1763,2435
72.404,1764,2435
72.406,1765,2435
72.408,1766,2435
72.41,1767,2435
72.419,1768,2435
72.435,1769,2435
72.436,1770,2435
72.437,1771,2435
72.442,1772,2435
72.447,1773,2435
72.488,1774,2435
72.565,1775,2435
72.593,1776,2435
72.629,1777,2441
72.663,1778,2441
72.71,1779,2442
72.771,1780,2442
72.831,1781,2444
72.851,1782,2444
72.87,1783,2444
72.893,1784,2444
72.947,1785,2444
73.051,1786,2444
73.169,1787,2444
73.18,1788,2445
73.316,1789,2445
73.342,1790,2445
73.425,1791,2445
73.478,1792,2445
73.633,1793,2445
73.639,1794,2445
73.679,1795,2446
73.692,1796,2446
73.713,1797,2446
73.763,1798,2446
73.826,1799,2446
73.859,1800,2446
73.98,1801,2447
74.157,1802,2447
74.322,1803,2447
74.966,1804,2450
75.03,1805,2451
75.112,1806,2451
75.275,1807,2453
75.276,1808,2455
75.278,1809,2456
75.506,1810,2456
75.529,1811,2456
75.532,1812,2480
75.557,1813,2480
75.82,1814,2480
75.985,1815,2480
76.003,1816,2480
76.012,1817,2480
76.028,1818,2496
76.167,1819,2496
76.317,1820,2496
76.33,1821,2521
76.523,1822,2522
76.957,1823,2554
77.261,1824,2554
77.279,1825,2554
77.28,1826,2554
77.281,1827,2554
77.284,1828,2561
77.285,1829,2566
77.287,1830,2568
77.288,1831,2569
77.289,1832,2569
77.29,1833,2570
77.291,1834,2571
77.292,1835,2572
77.293,1836,2574
77.295,1837,2580
77.296,1838,2581
77.297,1839,2583
77.299,1840,2583
77.308,1841,2584
77.31,1842,2585
77.311,1843,2586
77.313,1844,2586
77.316,1845,2587
77.317,1846,2590
77.318,1847,2591
77.319,1848,2592
77.32,1849,2593
77.328,1850,2595
77.33,1851,2598
77.335,1852,2598
77.344,1853,2598
77.347,1854,2598
77.349,1855,2600
77.356,1856,2600
77.361,1857,2600
77.368,1858,2601
77.377,1859,2601
77.38,1860,2601
77.383,1861,2601
77.386,1862,2601
77.388,1863,2602
77.389,1864,2604
77.395,1865,2606
77.396,1866,2608
77.403,1867,2609
77.415,1868,2609
77.428,1869,2610
77.434,1870,2611
77.444,1871,2611
77.458,1872,2612
77.468,1873,2613
77.471,1874,2613
77.474,1875,2613
77.496,1876,2613
77.508,1877,2616
77.527,1878,2617
77.532,1879,2617
77.539,1880,2617
77.56,1881,2617
77.562,1882,2618
77.612,1883,2618
77.641,1884,2619
77.666,1885,2619
77.68,1886,2620
77.693,1887,2623
77.701,1888,2623
77.704,1889,2623
77.716,1890,2624
77.757,1891,2625
77.762,1892,2625
77.766,1893,2625
77.771,1894,2625
77.809,1895,2632
77.816,1896,2632
77.826,1897,2635
77.84,1898,2635
77.847,1899,2635
77.87,1900,2635
77.873,1901,2635
77.893,1902,2635
77.963,1903,2639
77.989,1904,2639
78.049,1905,2640
78.065,1906,2641
78.069,1907,2641
78.078,1908,2642
78.087,1909,2643
78.097,1910,2643
78.139,1911,2643
78.141,1912,2643
78.222,1913,2643
78.223,1914,2646
78.228,1915,2646
78.286,1916,2646
78.359,1917,2646
78.41,1918,2646
78.449,1919,2646
78.516,1920,2646
78.52,1921,2647
78.523,1922,2648
78.568,1923,2648
78.655,1924,2648
78.69,1925,2648
78.74,1926,2648
78.77,1927,2652
78.773,1928,2652
78.884,1929,2653
78.995,1930,2654
79.051,1931,2654
79.069,1932,2654
79.178,1933,2654
79.254,1934,2655
79.299,1935,2655
79.329,1936,2659
79.471,1937,2660
79.496,1938,2660
79.604,1939,2662
79.635,1940,2663
79.735,1941,2663
79.751,1942,2663
79.76,1943,2663
79.782,1944,2665
79.854,1945,2665
79.899,1946,2666
79.906,1947,2666
79.91,1948,2666
80.007,1949,2666
80.025,1950,2666
80.355,1951,2666
80.393,1952,2670
80.422,1953,2673
80.492,1954,2673
80.525,1955,2682
80.765,1956,2686
80.783,1957,2686
80.945,1958,2687
81.183,1959,2687
81.277,1960,2687
81.63,1961,2687
81.636,1962,2687
81.73,1963,2687
81.767,1964,2687
81.987,1965,2687
82.029,1966,2687
82.041,1967,2687
82.049,1968,2687
82.051,1969,2691
82.058,1970,2696
82.063,1971,2696
82.066,1972,2697
82.077,1973,2697
82.118,1974,2699
82.159,1975,2700
82.165,1976,2701
82.17,1977,2701
82.177,1978,2701
82.184,1979,2701
82.188,1980,2703
82.244,1981,2703
82.267,1982,2703
82.396,1983,2704
82.43,1984,2704
82.438,1985,2705
82.439,1986,2706
82.495,1987,2706
82.522,1988,2706
82.57,1989,2706
82.725,1990,2706
82.929,1991,2706
82.932,1992,2706
82.952,1993,2706
82.971,1994,2706
82.972,1995,2706
83.019,1996,2706
83.104,1997,2706
83.144,1998,2707
83.147,1999,2707
83.185,2000,2707
83.186,2001,2707
83.463,2002,2707
83.491,2003,2707
83.494,2004,2708
83.498,2005,2708
83.5,2006,2710
83.548,2007,2710
83.662,2008,2710
83.883,2009,2710
83.922,2010,2710
83.931,2011,2710
83.941,2012,2710
83.944,2013,2710
84.057,2014,2710
84.069,2015,2711
84.317,2016,2711
84.465,2017,2711
84.854,2018,2712
84.855,2019,2712
84.963,2020,2712
85.057,2021,2712
85.067,2022,2712
85.079,2023,2712
85.085,2024,2712
85.086,2025,2713
85.139,2026,2713
85.169,2027,2713
85.17,2028,2713
85.188,2029,2713
85.193,2030,2713
85.364,2031,2713
85.427,2032,2713
85.486,2033,2713
85.746,2034,2713
85.854,2035,2713
85.972,2036,2713
85.981,2037,2713
86.06,2038,2713
86.085,2039,2713
86.087,2040,2713
86.095,2041,2713
86.114,2042,2713
86.16,2043,2713
86.194,2044,2713
86.329,2045,2713
86.388,2046,2713
86.427,2047,2713
86.606,2048,2713
86.975,2049,2713
87.045,2050,2713
87.591,2051,2713
87.802,2052,2713
87.873,2053,2714
87.876,2054,2714
87.897,2055,2717
87.933,2056,2717
87.935,2057,2717
88.168,2058,2717
88.201,2059,2717
88.303,2060,2717
88.39,2061,2717
89.114,2062,2717
89.286,2063,2717
89.509,2064,2717
90.686,2065,2717
90.85,2066,2717
90.971,2067,2717
91.0,2068,2718
91.038,2069,2718
91.04,2070,2718
91.138,2071,2718
91.247,2072,2718
91.584,2073,2719
91.642,2074,2719
91.657,2075,2719
91.717,2076,2719
91.907,2077,2719
92.075,2078,2719
92.085,2079,2719
92.641,2080,2719
92.968,2081,2719
93.683,2082,2719
94.21,2083,2719
94.53,2084,2719
94.628,2085,2719
94.715,2086,2719
94.789,2087,2719
94.83,2088,2720
94.875,2089,2720
94.933,2090,2721
94.952,2091,2721
95.088,2092,2721
95.225,2093,2721
95.366,2094,2722
95.47,2095,2722
95.55,2096,2722
95.919,2097,2722
96.101,2098,2722
96.162,2099,2722
96.294,2100,2722
96.365,2101,2723
96.617,2102,2723
96.702,2103,2723
96.705,2104,2723
97.062,2105,2724
97.239,2106,2724
97.255,2107,2724
97.308,2108,2725
97.372,2109,2725
97.702,2110,2725
97.745,2111,2725
97.839,2112,2725
97.844,2113,2725
97.907,2114,2725
97.939,2115,2725
97.971,2116,2725
97.99,2117,2725
97.993,2118,2725
98.09,2119,2726
98.107,2120,2726
98.227,2121,2726
98.247,2122,2726
98.256,2123,2726
98.31,2124,2726
98.356,2125,2726
98.374,2126,2726
98.486,2127,2727
98.494,2128,2727
98.645,2129,2727
98.823,2130,2727
99.117,2131,2727
99.271,2132,2727
99.312,2133,2727
99.33,2134,2728
99.337,2135,2728
99.397,2136,2728
99.623,2137,2729
99.768,2138,2729
99.92,2139,2729
100.363,2140,2729
100.468,2141,2730
100.694,2142,2730
100.913,2143,2730
101.075,2144,2730
101.278,2145,2730
101.695,2146,2730
101.854,2147,2730
102.047,2148,2730
102.751,2149,2731
103.147,2150,2731
103.271,2151,2731
103.341,2152,2731
103.346,2153,2731
103.35,2154,2731
103.446,2155,2731
103.52,2156,2732
103.539,2157,2734
103.558,2158,2734
103.578,2159,2736
104.175,2160,2736
104.184,2161,2736
104.187,2162,2736
104.375,2163,2736
104.746,2164,2736
104.81,2165,2736
104.845,2166,2737
104.958,2167,2737
104.972,2168,2737
105.016,2169,2738
105.037,2170,2738
105.077,2171,2738
105.177,2172,2738
105.215,2173,2738
105.264,2174,2738
105.34,2175,2739
105.394,2176,2739
105.442,2177,2739
105.527,2178,2739
105.653,2179,2739
105.763,2180,2739
105.767,2181,2739
105.845,2182,2739
105.908,2183,2740
105.912,2184,2740
105.989,2185,2740
106.047,2186,2740
106.227,2187,2740
106.502,2188,2740
106.548,2189,2740
106.565,2190,2740
106.567,2191,2741
106.677,2192,2741
106.722,2193,2743
106.824,2194,2743
106.84,2195,2744
106.844,2196,2744
106.866,2197,2744
106.938,2198,2744
107.033,2199,2744
107.171,2200,2745
107.199,2201,2748
107.211,2202,2748
107.292,2203,2748
107.404,2204,2748
107.524,2205,2748
107.527,2206,2748
107.713,2207,2748
107.921,2208,2748
107.941,2209,2748
108.034,2210,2748
108.664,2211,2748
108.971,2212,2748
110.63,2213,2749
110.762,2214,2751
110.765,2215,2751
111.018,2216,2752
111.027,2217,2752
111.329,2218,2752
111.33,2219,2752
111.333,2220,2754
111.45,2221,2758
111.452,2222,2765
111.709,2223,2765
111.71,2224,2765
111.715,2225,2765
111.721,2226,2768
111.722,2227,2769
111.726,2228,2769
111.734,2229,2769
111.735,2230,2770
111.755,2231,2771
111.805,2232,2771
111.834,2233,2772
111.897,2234,2772
111.903,2235,2773
111.939,2236,2774
111.943,2237,2774
111.944,2238,2774
111.958,2239,2776
111.982,2240,2777
111.987,2241,2777
112.101,2242,2778
112.148,2243,2778
112.183,2244,2779
112.233,2245,2779
112.301,2246,2779
112.319,2247,2779
112.324,2248,2779
112.506,2249,2780
112.586,2250,2780
112.602,2251,2780
112.714,2252,2781
112.772,2253,2781
112.847,2254,2781
112.918,2255,2781
113.022,2256,2781
113.091,2257,2781
113.29,2258,2781
113.556,2259,2781
113.707,2260,2781
113.722,2261,2781
114.116,2262,2781
114.207,2263,2782
114.334,2264,2782
114.36,2265,2783
114.375,2266,2783
114.419,2267,2783
114.529,2268,2783
114.768,2269,2783
114.912,2270,2783
115.023,2271,2783
115.164,2272,2783
115.22,2273,2783
115.285,2274,2783
115.507,2275,2783
116.199,2276,2783
116.539,2277,2783
116.593,2278,2783
116.99,2279,2783
117.209,2280,2783
117.256,2281,2783
117.791,2282,2784
117.811,2283,2784
117.818,2284,2784
117.82,2285,2784
117.838,2286,2784
117.852,2287,2785
117.858,2288,2785
117.872,2289,2785
117.918,2290,2785
118.001,2291,2785
118.255,2292,2785
118.395,2293,2785
118.444,2294,2785
118.464,2295,2785
118.553,2296,2785
118.857,2297,2785
118.945,2298,2785
118.982,2299,2785
119.086,2300,2785
119.112,2301,2785
119.294,2302,2785
119.359,2303,2785
119.427,2304,2785
119.55,2305,2785
119.556,2306,2785
119.738,2307,2786
119.843,2308,2786
120.039,2309,2786
120.428,2310,2786
121.281,2311,2787
121.447,2312,2787
121.47,2313,2787
121.477,2314,2787
121.53,2315,2787
121.55,2316,2787
121.595,2317,2787
121.629,2318,2787
122.003,2319,2787
122.434,2320,2787
123.666,2321,2787
123.783,2322,2787
123.894,2323,2788
124.235,2324,2789
124.326,2325,2789
124.362,2326,2789
125.777,2327,2789
125.815,2328,2789
125.83,2329,2789
125.857,2330,2789
126.044,2331,2790
126.117,2332,2790
126.23,2333,2790
126.39,2334,2790
126.471,2335,2791
126.594,2336,2792
126.774,2337,2792
126.83,2338,2792
127.035,2339,2792
127.072,2340,2792
127.309,2341,2792
127.314,2342,2792
127.775,2343,2792
129.35,2344,2792
129.572,2345,2792
129.646,2346,2792
129.876,2347,2792
130.766,2348,2792
132.654,2349,2792
134.117,2350,2792
136.222,2351,2792
136.34,2352,2793
136.969,2353,2793
137.235,2354,2793
139.896,2355,2793
140.19,2356,2793
140.723,2357,2793
140.842,2358,2793
140.86,2359,2793
140.982,2360,2793
140.994,2361,2793
141.282,2362,2793
141.684,2363,2793
141.7,2364,2793
141.715,2365,2793
141.722,2366,2793
141.83,2367,2793
142.008,2368,2793
142.024,2369,2793
142.102,2370,2793
142.291,2371,2793
142.671,2372,2793
143.341,2373,2793
143.419,2374,2793
143.475,2375,2793
149.143,2376,2795
149.188,2377,2795
149.232,2378,2796
149.332,2379,2796
149.353,2380,2796
150.077,2381,2796
151.271,2382,2796
151.675,2383,2796
151.711,2384,2796
151.735,2385,2796
151.746,2386,2797
151.765,2387,2797
151.8,2388,2797
151.802,2389,2797
151.872,2390,2797
153.273,2391,2797
153.974,2392,2797
154.022,2393,2798
154.05,2394,2798
154.22,2395,2798
154.636,2396,2798
155.291,2397,2798
155.618,2398,2798
155.688,2399,2798
156.327,2400,2798
160.635,2401,2798
161.069,2402,2798
161.077,2403,2798
161.083,2404,2802
161.143,2405,2802
161.239,2406,2802
161.25,2407,2802
161.27,2408,2803
161.368,2409,2803
161.506,2410,2803
161.524,2411,2803
161.773,2412,2803
161.925,2413,2803
162.025,2414,2809
162.255,2415,2809
162.454,2416,2809
162.524,2417,2809
162.895,2418,2810
163.035,2419,2810
163.039,2420,2810
163.254,2421,2810
163.284,2422,2810
163.289,2423,2810
163.291,2424,2810
163.33,2425,2810
163.554,2426,2810
163.598,2427,2810
163.874,2428,2810
164.14,2429,2810
164.37,2430,2810
164.371,2431,2810
164.548,2432,2810
164.553,2433,2810
164.652,2434,2810
164.821,2435,2811
164.848,2436,2811
165.567,2437,2811
165.747,2438,2811
165.837,2439,2812
165.84,2440,2812
165.865,2441,2814
165.895,2442,2814
165.952,2443,2815
166.027,2444,2815
166.061,2445,2815
166.089,2446,2815
166.29,2447,2815
166.374,2448,2815
166.797,2449,2815
166.946,2450,2815
167.006,2451,2815
167.223,2452,2815
167.292,2453,2815
167.314,2454,2815
167.413,2455,2815
167.724,2456,2816
167.758,2457,2816
168.023,2458,2816
168.897,2459,2816
168.93,2460,2816
168.952,2461,2816
169.015,2462,2816
169.018,2463,2816
169.096,2464,2816
169.916,2465,2816
169.917,2466,2816
169.923,2467,2816
169.972,2468,2819
169.994,2469,2819
169.996,2470,2836
170.005,2471,2836
170.157,2472,2850
170.165,2473,2850
170.245,2474,2851
170.48,2475,2851
170.709,2476,2851
170.711,2477,2851
171.468,2478,2851
171.483,2479,2851
171.573,2480,2851
171.576,2481,2851
171.578,2482,2851
171.579,2483,2851
171.584,2484,2851
171.585,2485,2851
171.586,2486,2855
171.6,2487,2855
171.601,2488,2855
171.605,2489,2855
171.617,2490,2855
171.629,2491,2855
171.636,2492,2855
171.657,2493,2855
171.66,2494,2855
171.668,2495,2855
171.676,2496,2855
171.697,2497,2855
171.718,2498,2855
171.722,2499,2855
171.733,2500,2855
171.75,2501,2855
171.894,2502,2855
171.923,2503,2855
172.059,2504,2855
172.082,2505,2855
172.091,2506,2855
172.11,2507,2855
172.189,2508,2855
172.28,2509,2855
172.508,2510,2855
172.593,2511,2855
172.785,2512,2855
172.875,2513,2855
172.975,2514,2855
173.223,2515,2855
173.262,2516,2858
173.265,2517,2858
173.287,2518,2858
173.471,2519,2858
174.331,2520,2858
174.392,2521,2858
174.408,2522,2858
174.414,2523,2858
174.439,2524,2858
174.673,2525,2858
175.293,2526,2858
175.547,2527,2858
176.296,2528,2858
176.321,2529,2858
176.322,2530,2858
176.323,2531,2864
176.356,2532,2864
176.389,2533,2864
176.39,2534,2864
176.489,2535,2864
176.491,2536,2865
176.555,2537,2865
176.639,2538,2867
176.755,2539,2867
176.8,2540,2867
176.832,2541,2868
176.844,2542,2868
176.934,2543,2870
176.95,2544,2870
177.378,2545,2870
177.479,2546,2870
177.612,2547,2870
178.129,2548,2870
178.134,2549,2870
178.143,2550,2870
178.157,2551,2870
178.262,2552,2871
178.365,2553,2871
178.539,2554,2871
178.79,2555,2871
179.37,2556,2872
179.619,2557,2872
180.129,2558,2872
180.295,2559,2872
180.656,2560,2872
180.657,2561,2872
180.658,2562,2872
180.66,2563,2872
180.72,2564,2872
180.742,2565,2872
180.781,2566,2872
180.799,2567,2872
180.868,2568,2874
180.935,2569,2874
181.008,2570,2874
181.074,2571,2874
181.113,2572,2875
181.255,2573,2875
181.456,2574,2875
181.545,2575,2876
181.674,2576,2877
182.575,2577,2878
182.632,2578,2879
182.71,2579,2879
182.725,2580,2879
182.793,2581,2879
183.007,2582,2879
183.262,2583,2879
183.947,2584,2879
184.09,2585,2879
184.227,2586,2879
184.37,2587,2879
184.375,2588,2879
184.472,2589,2879
184.496,2590,2879
184.558,2591,2879
184.562,2592,2879
184.671,2593,2879
184.805,2594,2879
184.858,2595,2879
185.206,2596,2879
186.165,2597,2879
187.173,2598,2879
187.266,2599,2879
187.297,2600,2879
187.675,2601,2879
187.832,2602,2879
188.072,2603,2880
188.075,2604,2880
188.09,2605,2880
188.103,2606,2880
188.302,2607,2880
188.313,2608,2880
188.421,2609,2880
188.757,2610,2885
188.844,2611,2886
188.948,2612,2886
189.613,2613,2886
190.524,2614,2886
190.645,2615,2886
190.749,2616,2895
190.788,2617,2896
190.792,2618,2896
190.866,2619,2898
190.924,2620,2898
191.192,2621,2898
191.349,2622,2898
191.518,2623,2898
191.522,2624,2898
191.532,2625,2898
191.764,2626,2899
191.766,2627,2899
191.774,2628,2900
192.413,2629,2902
192.96,2630,2902
193.097,2631,2902
193.216,2632,2902
193.252,2633,2902
193.861,2634,2902
193.902,2635,2902
194.168,2636,2902
194.22,2637,2903
194.591,2638,2903
194.6,2639,2903
194.604,2640,2903
194.61,2641,2903
194.646,2642,2903
194.668,2643,2903
194.682,2644,2903
194.702,2645,2903
194.771,2646,2903
194.811,2647,2903
194.872,2648,2903
194.892,2649,2903
195.012,2650,2903
195.049,2651,2903
195.08,2652,2903
195.155,2653,2903
195.179,2654,2903
195.361,2655,2903
195.376,2656,2903
195.665,2657,2903
196.001,2658,2903
196.078,2659,2904
196.081,2660,2904
196.094,2661,2904
196.487,2662,2904
196.859,2663,2905
197.134,2664,2905
197.154,2665,2905
197.163,2666,2905
197.57,2667,2905
197.571,2668,2905
197.668,2669,2905
197.74,2670,2905
197.744,2671,2905
197.931,2672,2905
198.935,2673,2906
198.946,2674,2906
198.966,2675,2909
198.972,2676,2909
198.976,2677,2909
198.984,2678,2909
199.044,2679,2910
199.052,2680,2910
199.249,2681,2910
199.308,2682,2910
199.389,2683,2910
199.397,2684,2910
199.885,2685,2910
199.914,2686,2910
200.188,2687,2910
200.39,2688,2910
201.714,2689,2910
201.737,2690,2910
202.494,2691,2910
202.561,2692,2910
202.805,2693,2910
203.08,2694,2910
203.126,2695,2910
203.501,2696,2910
203.748,2697,2910
203.958,2698,2910
203.979,2699,2910
204.116,2700,2910
204.343,2701,2910
204.984,2702,2910
205.614,2703,2910
205.906,2704,2910
205.922,2705,2910
206.008,2706,2910
206.1,2707,2910
206.47,2708,2910
206.719,2709,2910
207.564,2710,2910
207.635,2711,2910
207.704,2712,2910
207.749,2713,2910
207.834,2714,2910
207.967,2715,2910
208.037,2716,2910
208.825,2717,2910
209.127,2718,2910
211.259,2719,2911
212.707,2720,2911
214.205,2721,2928
219.078,2722,2928
219.832,2723,2928
220.086,2724,2928
220.458,2725,2934
222.81,2726,2934
224.585,2727,2934
224.815,2728,2934
224.845,2729,2934
225.219,2730,2934
226.327,2731,2934
226.337,2732,2934
226.463,2733,2934
226.715,2734,2934
227.422,2735,2934
227.63,2736,2934
227.729,2737,2934
228.509,2738,2934
228.734,2739,2934
228.815,2740,2934
228.821,2741,2934
229.297,2742,2934
229.305,2743,2934
229.525,2744,2934
230.267,2745,2934
230.515,2746,2934
231.321,2747,2934
231.711,2748,2935
231.958,2749,2935
233.014,2750,2935
234.051,2751,2936
234.097,2752,2936
236.055,2753,2936
236.958,2754,2936
239.123,2755,2936
241.932,2756,2936
242.215,2757,2936
242.363,2758,2936
242.566,2759,2936
243.291,2760,2936
244.073,2761,2940
244.151,2762,2941
244.599,2763,2941
244.861,2764,2941
245.392,2765,2941
245.489,2766,2941
245.538,2767,2941
245.54,2768,2941
245.573,2769,2941
245.604,2770,2941
245.665,2771,2941
245.834,2772,2941
246.216,2773,2941
246.312,2774,2941
246.508,2775,2941
246.978,2776,2941
246.992,2777,2941
247.688,2778,2941
247.924,2779,2941
248.406,2780,2941
248.862,2781,2941
249.64,2782,2941
249.658,2783,2941
250.615,2784,2941
250.693,2785,2941
251.006,2786,2946
251.058,2787,2946
251.077,2788,2947
251.388,2789,2947
252.074,2790,2947
252.549,2791,2947
252.706,2792,2947
253.57,2793,2947
253.586,2794,2947
253.587,2795,2947
255.264,2796,2947
255.308,2797,2947
255.316,2798,2949
255.443,2799,2949
255.507,2800,2950
255.623,2801,2953
255.767,2802,2955
256.084,2803,2956
256.342,2804,2956
256.931,2805,2956
257.007,2806,2956
257.348,2807,2956
257.854,2808,2956
258.469,2809,2956
258.652,2810,2956
259.321,2811,2956
260.638,2812,2956
260.798,2813,2956
261.065,2814,2956
261.193,2815,2956
261.573,2816,2956
262.031,2817,2956
262.06,2818,2956
263.54,2819,2956
263.589,2820,2956
264.758,2821,2956
264.871,2822,2956
264.924,2823,2956
264.947,2824,2956
265.193,2825,2956
265.296,2826,2956
265.651,2827,2956
265.922,2828,2956
266.554,2829,2956
267.105,2830,2956
267.481,2831,2957
268.077,2832,2957
268.321,2833,2957
269.045,2834,2957
270.215,2835,2957
270.577,2836,2957
274.105,2837,2957
276.274,2838,2957
276.706,2839,2957
276.715,2840,2957
276.728,2841,2957
276.822,2842,2957
276.915,2843,2957
277.013,2844,2957
278.473,2845,2957
279.143,2846,2957
280.858,2847,2957
281.121,2848,2957
281.131,2849,2957
281.756,2850,2957
282.088,2851,2957
282.182,2852,2957
282.218,2853,2957
282.404,2854,2957
285.482,2855,2958
285.503,2856,2958
285.722,2857,2958
285.786,2858,2958
286.156,2859,2958
286.698,2860,2958
287.07,2861,2958
287.477,2862,2958
288.61,2863,2958
288.614,2864,2958
288.714,2865,2958
289.228,2866,2958
289.229,2867,2958
289.231,2868,2958
289.235,2869,2958
289.236,2870,2958
289.245,2871,2958
289.279,2872,2958
289.335,2873,2958
290.002,2874,2958
291.18,2875,2958
291.195,2876,2958
291.222,2877,2958
292.546,2878,2958
292.66,2879,2958
292.703,2880,2958
295.79,2881,2958
295.793,2882,2958
295.835,2883,2958
295.845,2884,2958
295.847,2885,2960
295.85,2886,2960
295.873,2887,2960
295.962,2888,2960
296.109,2889,2960
296.18,2890,2960
296.799,2891,2960
299.185,2892,2960
300.006,2893,2960
301.124,2894,2960
301.239,2895,2960
302.392,2896,2960
303.139,2897,2960
303.201,2898,2960
303.243,2899,2960
303.439,2900,2960
303.567,2901,2960
303.767,2902,2960
304.065,2903,2960
304.458,2904,2960
305.588,2905,2960
306.389,2906,2960
306.523,2907,2960
307.56,2908,2961
309.116,2909,2961
320.246,2910,2961
325.926,2911,2963
327.466,2912,2963
327.661,2913,2963
327.79,2914,2963
327.809,2915,2963
327.873,2916,2963
327.961,2917,2963
328.482,2918,2963
328.551,2919,2963
328.595,2920,2963
328.623,2921,2963
329.085,2922,2963
329.108,2923,2963
329.119,2924,2963
329.122,2925,2963
329.124,2926,2963
329.138,2927,2963
329.19,2928,2963
329.228,2929,2963
329.514,2930,2963
329.968,2931,2963
329.989,2932,2963
330.401,2933,2963
331.336,2934,2963
332.259,2935,2963
332.527,2936,2963
332.552,2937,2963
332.557,2938,2963
333.984,2939,2963
334.001,2940,2963
334.183,2941,2963
334.33,2942,2964
334.443,2943,2964
335.13,2944,2964
335.142,2945,2964
335.576,2946,2964
335.613,2947,2964
335.642,2948,2964
335.962,2949,2964
335.963,2950,2964
335.993,2951,2964
336.038,2952,2964
336.096,2953,2968
336.404,2954,2968
337.841,2955,2968
338.0,2956,2968
338.832,2957,2968
338.836,2958,2968
339.123,2959,2968
339.14,2960,2968
339.189,2961,2968
339.246,2962,2968
339.33,2963,2968
339.407,2964,2968
339.635,2965,2968
339.646,2966,2968
339.742,2967,2968
340.101,2968,2968
340.324,2969,2968
340.361,2970,2968
340.806,2971,2968
340.964,2972,2968
341.035,2973,2968
341.246,2974,2968
341.44,2975,2968
341.448,2976,2968
342.342,2977,2968
342.368,2978,2968
346.007,2979,2968
346.23,2980,2968
346.996,2981,2968
347.105,2982,2968
347.557,2983,2968
347.821,2984,2968
347.961,2985,2968
349.481,2986,2968
349.51,2987,2968
349.513,2988,2969
350.094,2989,2969
352.096,2990,2969
352.816,2991,2969
356.241,2992,2969
357.336,2993,2969
358.01,2994,2969
358.015,2995,2969
358.022,2996,2969
358.037,2997,2969
358.186,2998,2969
358.23,2999,2969
358.524,3000,2969
363.786,3001,2969
364.143,3002,2969
365.754,3003,2969
365.784,3004,2970
365.906,3005,2970
365.974,3006,2970
366.078,3007,2970
366.109,3008,2970
366.482,3009,2970
366.622,3010,2970
366.911,3011,2970
366.917,3012,2970
366.934,3013,2970
367.98,3014,2970
370.354,3015,2970
370.957,3016,2971
371.092,3017,2971
376.457,3018,2971
377.078,3019,2971
377.098,3020,2971
377.183,3021,2971
377.318,3022,2971
377.633,3023,2971
377.722,3024,2971
378.962,3025,2971
379.367,3026,2971
380.523,3027,2971
380.657,3028,2971
380.66,3029,2971
380.683,3030,2971
381.516,3031,2971
381.564,3032,2971
383.468,3033,2971
383.765,3034,2971
384.386,3035,2971
385.105,3036,2972
385.171,3037,2972
385.18,3038,2972
385.515,3039,2972
386.408,3040,2972
391.01,3041,2972
391.061,3042,2972
391.53,3043,2972
392.444,3044,2972
392.461,3045,2972
395.587,3046,2972
397.014,3047,2973
397.076,3048,2973
402.108,3049,2973
406.637,3050,2973
409.096,3051,2973
409.11,3052,2973
409.131,3053,2973
409.732,3054,2973
409.755,3055,2973
409.782,3056,2973
410.122,3057,2973
410.144,3058,2973
410.603,3059,2973
411.488,3060,2973
411.717,3061,2973
412.701,3062,2973
412.783,3063,2973
413.246,3064,2973
414.088,3065,2973
414.113,3066,2973
414.221,3067,2973
414.238,3068,2973
414.339,3069,2973
414.613,3070,2973
414.677,3071,2973
414.763,3072,2973
414.858,3073,2973
415.083,3074,2973
415.681,3075,2973
415.993,3076,2973
416.16,3077,2973
419.082,3078,2973
420.512,3079,2973
421.727,3080,2973
421.759,3081,2973
425.492,3082,2973
425.535,3083,2973
425.646,3084,2973
425.658,3085,2973
425.676,3086,2973
425.8,3087,2973
425.805,3088,2973
425.879,3089,2973
426.517,3090,2973
426.839,3091,2974
427.698,3092,2974
430.478,3093,2974
430.703,3094,2974
430.978,3095,2974
431.891,3096,2974
431.918,3097,2974
433.24,3098,2974
434.688,3099,2974
436.567,3100,2974
438.297,3101,2974
438.972,3102,2974
438.993,3103,2974
439.0,3104,2974
439.46,3105,2974
441.183,3106,2974
442.728,3107,2974
442.915,3108,2974
444.05,3109,2974
444.25,3110,2974
444.487,3111,2974
444.958,3112,2974
445.026,3113,2974
445.044,3114,2974
445.093,3115,2974
445.099,3116,2974
445.102,3117,2974
447.111,3118,2974
447.289,3119,2975
447.478,3120,2975
447.548,3121,2976
447.907,3122,2976
447.921,3123,2976
448.049,3124,2976
449.729,3125,2976
449.862,3126,2976
449.918,3127,2977
450.104,3128,2977
450.132,3129,2978
450.668,3130,2979
450.803,3131,2979
451.02,3132,2980
451.461,3133,2980
452.026,3134,2980
452.373,3135,2981
453.195,3136,2981
453.667,3137,2981
453.73,3138,2983
454.278,3139,2983
454.59,3140,2983
455.077,3141,2983
455.215,3142,2983
456.592,3143,2983
456.645,3144,2984
456.921,3145,2984
457.172,3146,2984
458.575,3147,2984
458.826,3148,2984
461.064,3149,2984
461.101,3150,2984
461.579,3151,2984
463.264,3152,2984
465.059,3153,2984
467.259,3154,2984
467.598,3155,2984
468.709,3156,2984
469.065,3157,2984
470.655,3158,2984
470.692,3159,2984
471.462,3160,2984
474.278,3161,2984
474.287,3162,2984
474.291,3163,2984
476.559,3164,2984
476.61,3165,2984
484.878,3166,2984
484.883,3167,2984
485.007,3168,2984
485.424,3169,2984
485.506,3170,2984
485.762,3171,2984
486.519,3172,2984
486.581,3173,2984
487.854,3174,2984
488.724,3175,2984
490.034,3176,2984
490.26,3177,2984
496.452,3178,2984
499.874,3179,2984
501.467,3180,2984
501.572,3181,2984
502.879,3182,2984
505.686,3183,2984
506.272,3184,2984
506.934,3185,2984
510.718,3186,2984
510.951,3187,2984
511.709,3188,2984
513.877,3189,2984
513.879,3190,2984
513.888,3191,2984
513.902,3192,2984
515.19,3193,2984
517.273,3194,2984
517.279,3195,2984
517.303,3196,2984
517.408,3197,2984
517.894,3198,2984
517.902,3199,2984
520.538,3200,2984
520.542,3201,2984
520.616,3202,2984
522.849,3203,2984
524.732,3204,2984
525.089,3205,2984
526.07,3206,2984
527.367,3207,2984
531.666,3208,2984
531.676,3209,2984
531.734,3210,2984
531.912,3211,2984
535.936,3212,2984
537.072,3213,2984
538.834,3214,2984
538.899,3215,2984
539.0,3216,2984
541.705,3217,2984
543.071,3218,2985
543.103,3219,2985
543.176,3220,2985
544.079,3221,2985
544.086,3222,2985
544.094,3223,2985
545.107,3224,2985
545.129,3225,2985
545.287,3226,2985
545.803,3227,2985
545.82,3228,2985
546.296,3229,2985
546.325,3230,2992
546.449,3231,2992
549.476,3232,2994
550.907,3233,2994
551.762,3234,2994
551.96,3235,2994
552.218,3236,2994
552.236,3237,2994
552.381,3238,2994
553.116,3239,2994
553.223,3240,2994
554.819,3241,2994
555.737,3242,2994
560.888,3243,2994
563.797,3244,2994
563.831,3245,2994
571.665,3246,2994
571.687,3247,2994
572.025,3248,2994
572.028,3249,2994
572.031,3250,2994
572.038,3251,2994
572.885,3252,2994
572.953,3253,2994
573.983,3254,2994
574.332,3255,2994
574.409,3256,2994
581.001,3257,2994
581.365,3258,2994
585.916,3259,2994
590.022,3260,2994
590.222,3261,2994
590.662,3262,2994
590.75,3263,2994
591.207,3264,2994
593.517,3265,2994
595.485,3266,2994
600.319,3267,2994
600.398,3268,2994
600.448,3269,2994
600.485,3270,2994
600.552,3271,2994
600.575,3272,2994
601.361,3273,2994
601.697,3274,2994
602.048,3275,2994
602.675,3276,2994
602.816,3277,2994
602.835,3278,2994
602.847,3279,2994
602.941,3280,2994
603.062,3281,2994
603.204,3282,2994
603.57,3283,2994
603.908,3284,2994
603.911,3285,2994
604.105,3286,2994
604.266,3287,2994
604.344,3288,2994
604.556,3289,2994
605.233,3290,2994
605.237,3291,2994
605.253,3292,2994
605.268,3293,2994
605.327,3294,2994
605.521,3295,2994
605.531,3296,2994
605.537,3297,2994
605.71,3298,2994
605.718,3299,2994
605.787,3300,2994
605.831,3301,2994
606.358,3302,2994
606.453,3303,2994
606.734,3304,2994
606.828,3305,2994
607.05,3306,2994
609.563,3307,2994
609.601,3308,2994
609.667,3309,2994
609.743,3310,2994
609.92,3311,2994
609.942,3312,2994
610.115,3313,2994
610.138,3314,2994
610.19,3315,2994
610.383,3316,2994
610.406,3317,2994
610.683,3318,2994
610.778,3319,2994
610.958,3320,2994
611.307,3321,2994
611.888,3322,2994
614.984,3323,2994
615.078,3324,2994
615.239,3325,2994
615.275,3326,2994
616.096,3327,2994
616.427,3328,2994
617.487,3329,2994
618.047,3330,2994
619.091,3331,2994
619.416,3332,2994
619.725,3333,2994
621.552,3334,2994
632.789,3335,2994
632.878,3336,2994
633.005,3337,2994
634.024,3338,2994
635.463,3339,2994
635.625,3340,2994
635.84,3341,2994
636.533,3342,2994
636.627,3343,2994
636.662,3344,2994
636.931,3345,2994
637.16,3346,2994
638.286,3347,2994
640.472,3348,2994
641.807,3349,2994
643.613,3350,2994
644.208,3351,2994
645.288,3352,2994
645.72,3353,2994
647.207,3354,2994
647.468,3355,2994
647.657,3356,2994
647.896,3357,2994
649.202,3358,2994
652.65,3359,2994
653.295,3360,2994
653.304,3361,2994
653.364,3362,2996
653.378,3363,2996
653.379,3364,2996
653.416,3365,2996
653.485,3366,2996
653.526,3367,2996
653.604,3368,2996
653.657,3369,2996
654.681,3370,2996
654.71,3371,2996
654.723,3372,2996
654.725,3373,2996
655.426,3374,2996
656.05,3375,2996
659.49,3376,2996
659.614,3377,2996
659.79,3378,2996
660.683,3379,2998
661.21,3380,2998
661.706,3381,2998
661.942,3382,2998
662.734,3383,2998
663.253,3384,2998
664.325,3385,2998
666.283,3386,2999
667.782,3387,2999
668.177,3388,2999
670.503,3389,3000
671.131,3390,3001
672.923,3391,3001
676.202,3392,3001
680.226,3393,3002
682.426,3394,3003
682.753,3395,3003
682.916,3396,3003
683.337,3397,3003
684.341,3398,3003
684.811,3399,3003
684.926,3400,3003
685.963,3401,3003
689.951,3402,3003
691.483,3403,3003
694.351,3404,3003
696.791,3405,3003
703.765,3406,3003
705.297,3407,3003
708.859,3408,3003
713.257,3409,3003
717.257,3410,3003
717.314,3411,3003
721.626,3412,3003
721.783,3413,3003
721.865,3414,3003
722.494,3415,3003
725.454,3416,3003
725.585,3417,3003
729.167,3418,3003
729.29,3419,3003
731.169,3420,3003
731.882,3421,3003
737.592,3422,3003
748.154,3423,3003
759.081,3424,3003
759.136,3425,3003
759.153,3426,3003
760.841,3427,3003
761.171,3428,3003
761.433,3429,3003
763.317,3430,3003
764.147,3431,3003
769.561,3432,3003
773.167,3433,3003
775.443,3434,3003
776.872,3435,3003
781.942,3436,3003
782.13,3437,3003
793.133,3438,3003
807.265,3439,3003
809.88,3440,3003
809.935,3441,3003
815.327,3442,3003
815.339,3443,3003
815.452,3444,3003
815.476,3445,3003
821.318,3446,3003
822.319,3447,3003
822.859,3448,3003
823.115,3449,3003
823.958,3450,3003
824.308,3451,3003
824.892,3452,3003
825.263,3453,3003
826.399,3454,3003
827.015,3455,3003
827.219,3456,3003
828.175,3457,3003
828.319,3458,3003
829.118,3459,3003
829.557,3460,3003
833.578,3461,3003
834.263,3462,3003
838.981,3463,3003
841.002,3464,3003
842.44,3465,3003
845.088,3466,3003
847.571,3467,3003
851.071,3468,3003
851.216,3469,3003
854.105,3470,3003
854.114,3471,3003
857.964,3472,3003
858.0,3473,3003
858.034,3474,3003
858.044,3475,3003
858.061,3476,3003
858.08,3477,3003
858.478,3478,3003
859.57,3479,3003
859.815,3480,3003
859.93,3481,3003
860.512,3482,3003
860.633,3483,3003
862.851,3484,3003
862.858,3485,3003
862.869,3486,3003
862.876,3487,3003
862.939,3488,3003
862.967,3489,3003
863.012,3490,3003
863.018,3491,3003
863.028,3492,3003
863.076,3493,3003
863.139,3494,3003
863.24,3495,3003
863.588,3496,3003
863.776,3497,3003
866.281,3498,3003
867.547,3499,3003
867.895,3500,3003
867.968,3501,3003
867.975,3502,3003
868.075,3503,3003
868.083,3504,3003
868.101,3505,3003
868.312,3506,3003
868.815,3507,3003
868.848,3508,3003
872.138,3509,3003
872.46,3510,3003
872.579,3511,3003
872.651,3512,3003
872.684,3513,3003
872.82,3514,3003
874.456,3515,3003
875.818,3516,3003
875.945,3517,3003
876.017,3518,3003
876.129,3519,3003
876.506,3520,3003
877.552,3521,3004
877.616,3522,3004
877.917,3523,3004
877.92,3524,3004
877.957,3525,3004
878.047,3526,3004
878.049,3527,3004
878.121,3528,3004
878.459,3529,3004
878.604,3530,3004
885.664,3531,3004
886.018,3532,3004
886.916,3533,3004
891.728,3534,3004
906.306,3535,3004
906.338,3536,3004
907.025,3537,3004
913.36,3538,3004
914.123,3539,3004
914.141,3540,3004
914.333,3541,3004
914.834,3542,3004
918.177,3543,3004
918.653,3544,3004
918.82,3545,3004
918.948,3546,3004
920.182,3547,3004
920.263,3548,3004
920.853,3549,3004
920.918,3550,3004
921.039,3551,3004
921.364,3552,3004
922.163,3553,3004
922.617,3554,3004
922.741,3555,3004
924.927,3556,3004
927.405,3557,3004
927.43,3558,3004
929.466,3559,3004
930.186,3560,3004
930.251,3561,3004
930.654,3562,3004
930.744,3563,3004
932.313,3564,3004
932.419,3565,3004
932.706,3566,3004
932.752,3567,3004
933.01,3568,3004
933.025,3569,3004
943.581,3570,3004
944.126,3571,3004
944.177,3572,3007
946.118,3573,3007
948.078,3574,3007
948.095,3575,3007
948.709,3576,3007
949.313,3577,3007
949.366,3578,3007
949.972,3579,3007
950.097,3580,3007
951.642,3581,3007
953.724,3582,3007
956.566,3583,3007
975.793,3584,3007
975.798,3585,3007
975.939,3586,3007
975.941,3587,3007
976.105,3588,3007
976.239,3589,3007
977.777,3590,3007
977.857,3591,3007
978.558,3592,3007
978.713,3593,3007
978.835,3594,3007
979.427,3595,3007
986.364,3596,3007
992.953,3597,3007
993.028,3598,3007
993.123,3599,3007
993.155,3600,3007
993.207,3601,3007
994.44,3602,3007
994.852,3603,3007
996.841,3604,3007
998.322,3605,3007
1000.807,3606,3007
1001.03,3607,3007
1005.404,3608,3007
1005.543,3609,3007
1005.706,3610,3007
1005.888,3611,3007
1006.574,3612,3007
1009.676,3613,3007
1009.755,3614,3007
1009.966,3615,3007
1010.033,3616,3007
1010.124,3617,3007
1010.152,3618,3007
1010.238,3619,3007
1010.251,3620,3007
1010.688,3621,3007
1011.359,3622,3007
1014.587,3623,3007
1014.704,3624,3007
1016.293,3625,3007
1016.306,3626,3007
1016.658,3627,3007
1016.795,3628,3007
1016.86,3629,3007
1016.898,3630,3007
1017.402,3631,3007
1020.994,3632,3007
1022.622,3633,3007
1022.687,3634,3007
1023.482,3635,3007
1023.707,3636,3007
1023.923,3637,3007
1024.248,3638,3007
1026.525,3639,3007
1029.719,3640,3007
1029.745,3641,3007
1032.169,3642,3007
1035.076,3643,3007
1037.496,3644,3007
1037.554,3645,3007
1037.644,3646,3007
1038.669,3647,3007
1038.721,3648,3007
1039.068,3649,3007
1039.954,3650,3007
1040.04,3651,3007
1040.378,3652,3007
1043.157,3653,3007
1045.298,3654,3007
1048.59,3655,3007
1053.846,3656,3007
1054.604,3657,3007
1054.836,3658,3007
1055.224,3659,3007
1065.728,3660,3007
1066.1,3661,3007
1066.774,3662,3007
1066.819,3663,3007
1067.574,3664,3007
1068.439,3665,3008
1068.683,3666,3008
1070.471,3667,3008
1070.759,3668,3008
1071.213,3669,3008
1073.069,3670,3008
1075.051,3671,3008
1075.937,3672,3008
1076.474,3673,3008
1079.969,3674,3008
1086.697,3675,3008
1087.247,3676,3008
1087.292,3677,3008
1088.569,3678,3008
1094.023,3679,3008
1094.148,3680,3008
1094.806,3681,3008
1095.108,3682,3008
1095.421,3683,3008
1096.352,3684,3008
1097.229,3685,3008
1136.47,3686,3008
1136.727,3687,3008
1136.876,3688,3008
1138.756,3689,3008
1139.423,3690,3008
1139.673,3691,3008
1141.147,3692,3009
1144.692,3693,3009
1148.6,3694,3009
1155.827,3695,3009
1165.338,3696,3009
1167.271,3697,3009
1196.62,3698,3009
1198.519,3699,3009
1198.81,3700,3009
1203.22,3701,3009
1205.417,3702,3009
1205.681,3703,3009
1207.047,3704,3009
1208.652,3705,3009
1217.39,3706,3009
1218.324,3707,3009
1218.783,3708,3009
1218.791,3709,3009
1218.806,3710,3009
1219.013,3711,3009
1219.444,3712,3009
1224.09,3713,3009
1227.902,3714,3009
1227.997,3715,3009
1235.326,3716,3009
1235.854,3717,3009
1235.978,3718,3009
1237.553,3719,3009
1252.846,3720,3009
1252.997,3721,3009
1254.01,3722,3009
1258.21,3723,3009
1258.308,3724,3009
1258.549,3725,3009
1263.961,3726,3009
1264.203,3727,3009
1267.053,3728,3009
1274.42,3729,3009
1288.781,3730,3009
1299.852,3731,3009
1315.628,3732,3009
1315.64,3733,3009
1315.668,3734,3009
1315.711,3735,3009
1315.745,3736,3009
1315.875,3737,3009
1316.401,3738,3009
1317.569,3739,3009
1320.372,3740,3009
1325.973,3741,3009
1335.901,3742,3009
1335.916,3743,3009
1335.958,3744,3009
1335.978,3745,3009
1336.519,3746,3009
1341.612,3747,3009
1343.631,3748,3009
1345.925,3749,3009
1349.597,3750,3009
1354.596,3751,3009
1359.223,3752,3009
1361.084,3753,3009
1362.832,3754,3009
1363.402,3755,3009
1366.767,3756,3009
1369.902,3757,3009
1370.003,3758,3009
1370.391,3759,3009
1370.954,3760,3009
1371.949,3761,3009
1372.48,3762,3009
1375.399,3763,3009
1375.661,3764,3009
1375.749,3765,3009
1375.826,3766,3009
1377.981,3767,3009
1378.254,3768,3009
1379.978,3769,3009
1386.315,3770,3009
1386.462,3771,3009
1386.552,3772,3009
1387.515,3773,3009
1411.583,3774,3009
1418.414,3775,3009
1418.502,3776,3009
1418.522,3777,3009
1418.724,3778,3009
1428.247,3779,3009
1431.657,3780,3009
1431.83,3781,3009
1436.633,3782,3009
1437.063,3783,3009
1440.583,3784,3009
1463.315,3785,3009
1463.8,3786,3009
1464.249,3787,3009
1464.991,3788,3009
1467.642,3789,3009
1473.218,3790,3009
1473.62,3791,3009
1473.631,3792,3009
1474.555,3793,3009
1477.052,3794,3009
1486.025,3795,3009
1486.107,3796,3009
1486.243,3797,3009
1486.64,3798,3009
1486.673,3799,3009
1487.085,3800,3009
1490.493,3801,3009
1496.376,3802,3009
1506.206,3803,3009
1508.477,3804,3009
1516.962,3805,3009
1517.098,3806,3009
1518.35,3807,3009
1526.938,3808,3009
1527.062,3809,3009
1527.402,3810,3009
1527.538,3811,3009
1527.752,3812,3009
1528.062,3813,3009
1529.539,3814,3009
1529.827,3815,3009
1535.64,3816,3009
1535.669,3817,3009
1535.96,3818,3009
1537.511,3819,3009
1544.124,3820,3009
1555.359,3821,3009
1560.096,3822,3009
1568.479,3823,3009
1574.49,3824,3009
1575.884,3825,3009
1575.934,3826,3009
1576.167,3827,3009
1583.889,3828,3009
1588.513,3829,3009
1588.786,3830,3009
1588.817,3831,3009
1592.197,3832,3009
1592.403,3833,3009
1592.414,3834,3009
1592.53,3835,3009
1600.687,3836,3009
1623.395,3837,3009
1624.49,3838,3009
1624.769,3839,3009
1626.679,3840,3009
1626.83,3841,3009
1626.982,3842,3009
1628.765,3843,3009
1631.195,3844,3009
1632.073,3845,3009
1632.181,3846,3009
1632.23,3847,3009
1632.554,3848,3009
1638.558,3849,3009
1665.223,3850,3009
1665.355,3851,3009
1670.05,3852,3009
1670.288,3853,3009
1670.623,3854,3009
1671.882,3855,3009
1675.838,3856,3009
1677.72,3857,3009
1688.265,3858,3009
1702.985,3859,3009
1703.27,3860,3009
1703.844,3861,3009
1703.877,3862,3009
1704.86,3863,3009
1707.181,3864,3009
1717.929,3865,3009
1723.136,3866,3009
1747.281,3867,3009
1751.241,3868,3009
1752.292,3869,3009
1754.264,3870,3009
1755.124,3871,3009
1787.013,3872,3009
1787.09,3873,3009
1803.052,3874,3009
1813.692,3875,3009
1813.886,3876,3009
1814.091,3877,3009
1815.947,3878,3009
1816.431,3879,3009
1822.88,3880,3009
1825.129,3881,3009
1825.836,3882,3009
1847.834,3883,3009
1848.031,3884,3009
1854.794,3885,3009
1854.908,3886,3009
1854.989,3887,3009
1859.344,3888,3009
1872.416,3889,3009
1914.271,3890,3009
1925.111,3891,3009
1925.488,3892,3009
1926.085,3893,3009
1941.229,3894,3009
1941.39,3895,3009
1947.528,3896,3009
1948.101,3897,3009
1955.359,3898,3009
1967.586,3899,3009
1978.23,3900,3009
1990.347,3901,3009
1993.543,3902,3009
1995.958,3903,3009
2007.321,3904,3009
2012.242,3905,3009
2026.207,3906,3009
2028.103,3907,3009
2028.284,3908,3009
2028.292,3909,3009
2031.473,3910,3009
2036.235,3911,3009
2037.514,3912,3009
2038.355,3913,3009
2044.939,3914,3009
2074.147,3915,3009
2081.841,3916,3009
2081.909,3917,3009
2081.927,3918,3009
2099.351,3919,3009
2099.443,3920,3020
2099.494,3921,3022
2099.542,3922,3023
2099.543,3923,3025
2099.554,3924,3025
2107.423,3925,3025
2115.951,3926,3025
2115.979,3927,3025
2116.006,3928,3025
2116.076,3929,3025
2116.134,3930,3025
2116.717,3931,3025
2117.864,3932,3025
2124.6,3933,3025
2150.953,3934,3025
2160.864,3935,3025
2162.127,3936,3025
2180.46,3937,3025
2185.975,3938,3025
2186.521,3939,3025
2186.738,3940,3025
2192.971,3941,3025
2199.878,3942,3025
2199.984,3943,3025
2215.672,3944,3025
2216.986,3945,3025
2217.801,3946,3025
2231.688,3947,3025
2243.547,3948,3025
2244.118,3949,3025
2246.133,3950,3025
2290.33,3951,3025
2296.784,3952,3025
2296.802,3953,3025
2296.839,3954,3025
2296.85,3955,3025
2301.847,3956,3025
2304.018,3957,3025
2330.781,3958,3025
2331.086,3959,3025
2341.581,3960,3025
2342.914,3961,3025
2352.885,3962,3025
2360.566,3963,3025
2361.097,3964,3025
2361.225,3965,3025
2363.673,3966,3025
2375.109,3967,3025
2421.229,3968,3025
2422.454,3969,3025
2429.306,3970,3025
2434.072,3971,3025
2447.058,3972,3025
2447.19,3973,3025
2449.649,3974,3025
2450.005,3975,3025
2452.835,3976,3025
2468.87,3977,3025
2469.589,3978,3025
2471.493,3979,3025
2472.297,3980,3025
2479.611,3981,3025
2479.655,3982,3025
2479.682,3983,3025
2479.772,3984,3025
2498.029,3985,3025
2498.364,3986,3025
2502.626,3987,3025
2502.742,3988,3025
2502.782,3989,3025
2502.965,3990,3025
2503.694,3991,3025
2503.941,3992,3025
2505.208,3993,3025
2506.655,3994,3025
2515.138,3995,3025
2524.753,3996,3025
2527.283,3997,3025
2544.239,3998,3025
2550.876,3999,3025
2559.867,4000,3025
2560.638,4001,3025
2561.002,4002,3025
2566.924,4003,3025
2567.138,4004,3025
2567.456,4005,3025
2570.01,4006,3025
2579.394,4007,3025
2588.106,4008,3025
2612.449,4009,3025
2612.506,4010,3025
2615.831,4011,3025
2621.17,4012,3025
2626.327,4013,3025
2627.827,4014,3025
2627.986,4015,3025
2628.848,4016,3025
2629.873,4017,3025
2659.805,4018,3025
2661.527,4019,3025
2661.536,4020,3025
2661.552,4021,3025
2661.948,4022,3025
2663.121,4023,3025
2679.032,4024,3025
2679.175,4025,3025
2683.236,4026,3025
2685.755,4027,3025
2693.719,4028,3025
2695.762,4029,3025
2699.047,4030,3025
2714.51,4031,3025
2714.605,4032,3025
2714.667,4033,3025
2714.843,4034,3025
2718.703,4035,3025
2718.721,4036,3025
2718.894,4037,3025
2719.396,4038,3025
2730.398,4039,3025
2751.717,4040,3025
2753.659,4041,3025
2762.902,4042,3025
2773.839,4043,3029
2776.154,4044,3031
2777.258,4045,3037
2778.25,4046,3038
2778.271,4047,3038
2794.615,4048,3038
2794.664,4049,3038
2794.822,4050,3038
2802.14,4051,3038
2802.307,4052,3038
2802.482,4053,3038
2802.721,4054,3038
2802.888,4055,3038
2803.985,4056,3038
2804.568,4057,3038
2808.332,4058,3038
2810.979,4059,3038
2811.382,4060,3038
2821.411,4061,3038
2824.003,4062,3038
2827.829,4063,3038
2840.783,4064,3038
2841.049,4065,3038
2845.875,4066,3038
2851.277,4067,3038
2851.317,4068,3038
2861.232,4069,3038
2887.841,4070,3038
2895.542,4071,3038
2896.24,4072,3038
2908.143,4073,3038
2935.224,4074,3038
2970.499,4075,3038
2977.25,4076,3038
2978.432,4077,3038
2980.981,4078,3038
2988.23,4079,3038
2989.962,4080,3039
2990.091,4081,3039
2990.461,4082,3039
2994.108,4083,3039
2994.123,4084,3039
2994.194,4085,3039
3014.493,4086,3039
3014.728,4087,3039
3016.834,4088,3039
3025.551,4089,3039
3034.61,4090,3039
3034.624,4091,3039
3038.284,4092,3040
3038.438,4093,3040
3052.257,4094,3040
3054.309,4095,3040
3073.929,4096,3040
3080.236,4097,3040
3080.573,4098,3040
3086.373,4099,3040
3086.639,4100,3045
3087.369,4101,3045
3087.382,4102,3045
3087.901,4103,3045
3088.417,4104,3047
3089.736,4105,3052
3090.734,4106,3052
3091.279,4107,3052
3091.978,4108,3052
3093.246,4109,3052
3095.544,4110,3052
3099.419,4111,3052
3103.925,4112,3052
3104.393,4113,3052
3109.993,4114,3052
3121.959,4115,3052
3121.989,4116,3052
3123.28,4117,3052
3123.308,4118,3053
3123.968,4119,3053
3124.048,4120,3053
3124.081,4121,3054
3124.153,4122,3054
3124.257,4123,3054
3124.287,4124,3054
3124.4,4125,3055
3124.471,4126,3055
3124.563,4127,3055
3124.739,4128,3055
3124.861,4129,3056
3124.963,4130,3056
3125.023,4131,3056
3125.148,4132,3056
3125.2,4133,3056
3125.482,4134,3056
3125.689,4135,3056
3126.498,4136,3056
3126.655,4137,3056
3127.022,4138,3056
3127.414,4139,3056
3127.797,4140,3056
3128.373,4141,3056
3129.98,4142,3057
3131.154,4143,3057
3131.668,4144,3057
3132.487,4145,3057
3132.792,4146,3057
3134.535,4147,3057
3136.336,4148,3057
3137.527,4149,3057
3139.815,4150,3057
3141.203,4151,3057
3142.081,4152,3057
3144.516,4153,3057
3144.849,4154,3062
3147.353,4155,3062
3162.723,4156,3064
3164.375,4157,3064
3168.555,4158,3064
3175.346,4159,3064
3190.628,4160,3064
3190.665,4161,3064
3194.632,4162,3064
3207.082,4163,3065
3207.199,4164,3065
3207.389,4165,3067
3207.793,4166,3067
3209.117,4167,3067
3209.288,4168,3067
3215.213,4169,3069
3216.579,4170,3069
3216.646,4171,3072
3216.799,4172,3074
3216.865,4173,3076
3216.904,4174,3076
3424.464,4175,3076
3551.662,4176,3078
3551.776,4177,3078
3559.546,4178,3078
3559.812,4179,3078
3560.49,4180,3078
3565.34,4181,3078
3570.394,4182,3078
3571.669,4183,3078
3576.535,4184,3080
3588.651,4185,3080
3621.491,4186,3080
3624.659,4187,3080
3625.607,4188,3080
3628.557,4189,3080
3652.895,4190,3080
3832.821,4191,3080
3832.885,4192,3081
3838.114,4193,3083
3841.867,4194,3083
3847.0,4195,3083
3869.51,4196,3083
3892.024,4197,3085
3892.039,4198,3085
3892.286,4199,3085
3939.018,4200,3085
3960.318,4201,3085
3965.047,4202,3085
3965.48,4203,3085
3965.529,4204,3085
3966.371,4205,3085
3966.868,4206,3085
3968.013,4207,3085
3969.31,4208,3085
3970.665,4209,3086
3970.753,4210,3086
3972.838,4211,3086
3984.693,4212,3086
4146.824,4213,3086
4147.227,4214,3091
4162.048,4215,3091
4162.159,4216,3091
4162.295,4217,3091
4162.315,4218,3091
4162.444,4219,3091
4162.964,4220,3091
4163.184,4221,3091
4165.514,4222,3091
4165.813,4223,3091
4173.127,4224,3091
4177.361,4225,3091
4180.824,4226,3091
4180.848,4227,3091
4181.091,4228,3091
4181.268,4229,3091
4181.324,4230,3091
4183.842,4231,3091
4184.43,4232,3091
4185.139,4233,3091
4185.904,4234,3091
4189.935,4235,3091
4195.62,4236,3091
4217.91,4237,3091
4228.137,4238,3091
4229.007,4239,3091
4236.372,4240,3091
4256.361,4241,3091
4266.412,4242,3091
4266.692,4243,3091
4267.234,4244,3091
4267.691,4245,3091
4268.04,4246,3091
4268.571,4247,3091
4269.335,4248,3091
4269.927,4249,3091
4282.544,4250,3092
4291.99,4251,3092
4314.418,4252,3093
4315.657,4253,3093
4345.768,4254,3093
4355.589,4255,3094
4380.185,4256,3094
4380.536,4257,3094
4380.795,4258,3094
4380.943,4259,3094
4382.225,4260,3094
4382.485,4261,3094
4382.732,4262,3094
4383.07,4263,3094
4383.46,4264,3094
4384.258,4265,3094
4384.707,4266,3094
4385.947,4267,3094
4386.5,4268,3094
4387.538,4269,3094
4389.888,4270,3094
4390.418,4271,3094
4406.887,4272,3094
4408.714,4273,3094
4427.213,4274,3094
4461.842,4275,3094
4470.698,4276,3094
4492.57,4277,3094
4608.376,4278,3094
4608.771,4279,3094
4608.974,4280,3094
4609.475,4281,3094
4609.749,4282,3094
4609.817,4283,3094
4612.59,4284,3094
4613.031,4285,3094
4623.117,4286,3094
4635.522,4287,3094
4644.745,4288,3094
4650.723,4289,3094
4653.794,4290,3094
4691.885,4291,3094
4694.286,4292,3094
4694.707,4293,3094
4696.253,4294,3094
4697.092,4295,3094
4705.852,4296,3094
4708.618,4297,3094
4733.732,4298,3094
4757.443,4299,3094
4802.061,4300,3094
4810.405,4301,3094
4810.578,4302,3094
4811.042,4303,3094
4811.588,4304,3094
4812.368,4305,3094
4822.285,4306,3094
4823.191,4307,3094
4843.081,4308,3094
4879.859,4309,3094
4880.17,4310,3094
4880.335,4311,3094
4880.51,4312,3094
4884.888,4313,3094
4894.297,4314,3094
4903.096,4315,3094
4915.57,4316,3094
4915.649,4317,3094
4916.38,4318,3094
4917.428,4319,3094
4918.727,4320,3094
4939.332,4321,3094
4942.409,4322,3095
4942.721,4323,3095
4958.526,4324,3095
5025.976,4325,3095
5049.365,4326,3095
5062.009,4327,3095
5090.734,4328,3095
5099.22,4329,3095
5099.323,4330,3095
5099.403,4331,3095
5099.971,4332,3095
5100.133,4333,3095
5100.324,4334,3095
5100.513,4335,3095
5100.628,4336,3095
5104.459,4337,3095
5105.242,4338,3095
5110.484,4339,3095
5168.669,4340,3095
5170.79,4341,3095
5170.942,4342,3095
5171.013,4343,3095
5171.636,4344,3095
5171.945,4345,3095
5172.928,4346,3095
5175.681,4347,3095
5176.59,4348,3095
5211.214,4349,3095
5231.186,4350,3095
5276.557,4351,3095
5277.055,4352,3095
5277.761,4353,3095
5277.866,4354,3095
5278.003,4355,3095
5280.381,4356,3095
5281.548,4357,3095
5284.124,4358,3095
5295.958,4359,3095
5298.692,4360,3095
5305.86,4361,3095
5309.118,4362,3095
5309.178,4363,3095
5309.415,4364,3095
5310.145,4365,3095
5310.231,4366,3095
5311.623,4367,3095
5312.277,4368,3095
5312.924,4369,3095
5364.506,4370,3095
5371.792,4371,3095
5371.918,4372,3095
5375.707,4373,3095
5378.047,4374,3095
5390.009,4375,3095
5416.925,4376,3095
5494.062,4377,3095
5507.236,4378,3095
5522.157,4379,3095
5523.494,4380,3095
5561.656,4381,3095
5568.522,4382,3095
5569.945,4383,3095
5570.642,4384,3095
5643.184,4385,3095
5705.747,4386,3095
5706.132,4387,3095
5725.763,4388,3095
5726.032,4389,3096
5726.414,4390,3096
5727.265,4391,3096
5732.496,4392,3096
5732.933,4393,3096
5751.676,4394,3096
5855.239,4395,3096
5896.216,4396,3096
5908.35,4397,3096
5929.439,4398,3096
5931.465,4399,3096
5932.66,4400,3096
5932.966,4401,3096
5945.468,4402,3096
6045.734,4403,3096
6045.881,4404,3096
6057.011,4405,3096
6057.458,4406,3096
6085.105,4407,3096
6106.003,4408,3096
6113.42,4409,3096
6113.481,4410,3096
6135.841,4411,3096
6174.528,4412,3096
6186.407,4413,3096
6209.493,4414,3096
6225.776,4415,3096
6226.005,4416,3096
6228.427,4417,3096
6282.072,4418,3096
6282.308,4419,3096
6328.434,4420,3096
6329.659,4421,3096
6330.306,4422,3096
6335.336,4423,3096
6367.209,4424,3096
6409.812,4425,3096
6418.952,4426,3096
6422.808,4427,3096
6423.283,4428,3096
6444.107,4429,3096
6457.341,4430,3096
6460.137,4431,3096
6478.866,4432,3096
6489.423,4433,3096
6517.634,4434,3096
6517.752,4435,3096
6518.248,4436,3096
6521.091,4437,3096
6521.862,4438,3096
6529.968,4439,3096
6547.27,4440,3096
6550.731,4441,3096
6551.115,4442,3096
6616.769,4443,3096
6617.29,4444,3097
6617.565,4445,3098
6662.804,4446,3098
6663.187,4447,3098
6667.607,4448,3098
6714.783,4449,3105
6717.544,4450,3105
6743.049,4451,3105
6759.956,4452,3105
6759.971,4453,3105
6786.287,4454,3105
6816.23,4455,3105
6860.301,4456,3105
6860.679,4457,3105
6864.01,4458,3105
6879.823,4459,3105
6892.014,4460,3105
6894.53,4461,3105
6920.336,4462,3105
6923.558,4463,3105
7141.968,4464,3105
7143.783,4465,3105
7144.621,4466,3105
7161.478,4467,3105
7286.932,4468,3105
7453.259,4469,3105
7481.621,4470,3105
7482.501,4471,3105
7483.548,4472,3105
7506.065,4473,3105
7565.069,4474,3105
7636.206,4475,3105
7726.254,4476,3105
7745.706,4477,3105
7745.821,4478,3105
7748.76,4479,3105
7752.687,4480,3105
7768.018,4481,3105
7813.714,4482,3107
7833.399,4483,3108
7833.461,4484,3110
7833.613,4485,3110
7874.556,4486,3110
7916.162,4487,3110
7964.774,4488,3111
7968.267,4489,3111
7986.09,4490,3111
7992.451,4491,3111
8010.063,4492,3111
8014.328,4493,3111
8014.982,4494,3111
8041.555,4495,3111
8064.365,4496,3111
8235.321,4497,3111
8245.655,4498,3111
8322.929,4499,3111
8322.966,4500,3111
8329.518,4501,3111
8336.487,4502,3111
8343.484,4503,3111
8347.499,4504,3111
8384.078,4505,3111
8384.27,4506,3111
8384.361,4507,3111
8389.783,4508,3111
8391.446,4509,3111
8393.539,4510,3111
8393.544,4511,3111
8393.737,4512,3111
8393.784,4513,3111
8395.667,4514,3111
8398.683,4515,3111
8398.809,4516,3111
8406.173,4517,3111
8410.899,4518,3111
8532.174,4519,3111
8532.6,4520,3111
8532.796,4521,3111
8570.27,4522,3112
8576.573,4523,3112
8607.764,4524,3112
8710.701,4525,3112
8711.149,4526,3112
8772.638,4527,3112
8772.715,4528,3112
8774.689,4529,3112
8780.395,4530,3113
8790.437,4531,3113
8823.627,4532,3113
8917.094,4533,3113
8919.144,4534,3113
8920.136,4535,3113
8982.902,4536,3113
9019.406,4537,3114
9019.573,4538,3114
9067.478,4539,3114
9071.486,4540,3114
9091.017,4541,3114
9118.988,4542,3114
9149.361,4543,3114
9160.469,4544,3114
9405.408,4545,3114
9405.647,4546,3114
9405.757,4547,3114
9422.488,4548,3114
9459.972,4549,3114
9461.958,4550,3114
9462.083,4551,3114
9462.125,4552,3114
9462.179,4553,3114
9463.296,4554,3114
9463.579,4555,3114
9463.906,4556,3114
9470.542,4557,3114
9698.003,4558,3114
9703.162,4559,3114
9703.442,4560,3114
9703.835,4561,3114
9703.907,4562,3114
9706.797,4563,3114
9785.55,4564,3114
9811.484,4565,3114
9989.316,4566,3114
9990.583,4567,3114
9995.235,4568,3114
9995.496,4569,3114
9995.903,4570,3114
10001.948,4571,3114
10007.073,4572,3114
10012.113,4573,3114
10085.253,4574,3114
10087.744,4575,3114
10092.096,4576,3114
10094.563,4577,3114
10183.352,4578,3114
10184.721,4579,3114
10186.011,4580,3114
10188.734,4581,3114
10195.019,4582,3114
10208.95,4583,3114
10212.001,4584,3114
10287.872,4585,3114
10305.231,4586,3114
10309.252,4587,3114
10404.496,4588,3114
10981.843,4589,3114
11004.512,4590,3114
11007.267,4591,3114
11031.233,4592,3114
11220.179,4593,3114
11220.327,4594,3114
11220.482,4595,3114
11220.717,4596,3114
11220.965,4597,3114
11221.029,4598,3114
11221.053,4599,3114
11225.92,4600,3114
11235.184,4601,3114
11238.986,4602,3114
11284.749,4603,3114
11286.319,4604,3114
11289.612,4605,3114
11337.406,4606,3114
11337.672,4607,3114
11348.418,4608,3114
11372.05,4609,3114
11409.107,4610,3114
11457.151,4611,3114
11497.793,4612,3114
11498.032,4613,3114
11513.382,4614,3114
11662.232,4615,3114
11662.379,4616,3114
11662.432,4617,3114
11662.547,4618,3114
11664.503,4619,3114
11667.026,4620,3114
11667.281,4621,3114
11668.252,4622,3114
11668.345,4623,3114
11669.429,4624,3114
11859.766,4625,3114
11860.784,4626,3114
11861.74,4627,3114
11901.382,4628,3114
11902.038,4629,3114
11927.205,4630,3114
11927.917,4631,3114
11936.85,4632,3114
11980.71,4633,3114
11980.821,4634,3117
12034.78,4635,3117
12034.839,4636,3117
12035.02,4637,3117
12035.131,4638,3117
12035.325,4639,3117
12035.497,4640,3117
12035.552,4641,3117
12183.993,4642,3117
12184.297,4643,3117
12191.717,4644,3117
12191.732,4645,3117
12192.136,4646,3117
12192.218,4647,3117
12329.651,4648,3117
12331.041,4649,3117
12334.06,4650,3117
12347.946,4651,3117
12362.903,4652,3117
12389.879,4653,3117
12390.002,4654,3117
12390.538,4655,3117
12396.892,4656,3117
12400.253,4657,3117
12409.329,4658,3117
12431.326,4659,3117
12492.785,4660,3117
12498.053,4661,3117
12570.376,4662,3117
12572.32,4663,3117
12611.939,4664,3118
12614.99,4665,3118
12662.468,4666,3118
12703.575,4667,3118
12765.014,4668,3118
12765.382,4669,3118
12765.714,4670,3118
12767.31,4671,3118
12771.843,4672,3118
12781.649,4673,3118
12850.265,4674,3118
13097.826,4675,3118
13115.784,4676,3118
13115.992,4677,3118
13138.658,4678,3118
13139.286,4679,3118
13139.519,4680,3119
13140.318,4681,3119
13146.159,4682,3119
13162.9,4683,3119
13166.48,4684,3119
13207.827,4685,3119
13240.018,4686,3119
13240.287,4687,3119
13254.19,4688,3119
13257.374,4689,3119
13340.591,4690,3119
13342.607,4691,3119
13348.188,4692,3119
13348.699,4693,3119
13349.118,4694,3119
13444.823,4695,3119
13453.893,4696,3119
13453.901,4697,3119
13533.07,4698,3119
13538.481,4699,3119
13568.326,4700,3119
13583.494,4701,3119
13583.687,4702,3119
13583.875,4703,3119
13587.863,4704,3119
13632.465,4705,3119
13661.864,4706,3119
13692.29,4707,3119
13692.988,4708,3119
13693.434,4709,3119
13700.999,4710,3119
13788.694,4711,3119
13790.536,4712,3119
13911.876,4713,3119
13993.843,4714,3119
14286.224,4715,3119
14544.792,4716,3119
14583.02,4717,3119
14583.044,4718,3119
14585.29,4719,3119
14585.31,4720,3119
14586.032,4721,3119
14588.531,4722,3119
14597.488,4723,3119
14606.166,4724,3119
14609.977,4725,3119
14610.618,4726,3119
14872.144,4727,3119
14873.077,4728,3119
14884.859,4729,3119
15086.675,4730,3119
15111.403,4731,3119
15114.286,4732,3119
15144.193,4733,3119
15272.52,4734,3119
15378.456,4735,3119
15380.552,4736,3119
15448.202,4737,3119
15508.002,4738,3119
15513.841,4739,3119
15517.379,4740,3119
15519.074,4741,3119
15591.032,4742,3119
15591.035,4743,3119
15591.037,4744,3119
15591.056,4745,3119
15591.062,4746,3119
15591.1,4747,3119
15591.103,4748,3119
15591.109,4749,3119
15591.37,4750,3119
15591.426,4751,3119
15591.475,4752,3119
15591.492,4753,3119
15591.586,4754,3119
15591.649,4755,3119
15591.719,4756,3119
15591.751,4757,3119
15591.888,4758,3119
15591.934,4759,3119
15591.948,4760,3119
15592.0,4761,3119
15592.035,4762,3119
15592.11,4763,3119
15592.243,4764,3119
15592.247,4765,3119
15592.298,4766,3119
15592.356,4767,3119
15592.375,4768,3119
15592.384,4769,3119
15592.411,4770,3119
15592.455,4771,3119
15592.537,4772,3119
15592.561,4773,3119
15592.678,4774,3119
15592.781,4775,3119
15592.807,4776,3119
15592.832,4777,3119
15592.848,4778,3119
15592.996,4779,3119
15593.338,4780,3119
15593.347,4781,3119
15593.422,4782,3119
15593.658,4783,3119
15593.817,4784,3119
15593.851,4785,3119
15594.127,4786,3119
15594.516,4787,3119
15594.555,4788,3119
15594.664,4789,3119
15594.737,4790,3119
15594.762,4791,3119
15594.79,4792,3119
15594.888,4793,3119
15595.006,4794,3119
15595.258,4795,3119
15595.26,4796,3119
15595.264,4797,3119
15595.264,4798,3119
15595.265,4799,3119
15595.266,4800,3119
15595.271,4801,3119
15595.273,4802,3119
15595.274,4803,3119
15595.276,4804,3119
15595.28,4805,3119
15595.281,4806,3119
15595.283,4807,3119
15595.285,4808,3119
15595.286,4809,3119
15595.289,4810,3119
15595.307,4811,3119
15595.311,4812,3119
15595.314,4813,3119
15595.316,4814,3119
15595.319,4815,3119
15595.329,4816,3119
15595.329,4817,3119
15595.333,4818,3119
15595.335,4819,3119
15595.336,4820,3119
15595.345,4821,3119
15595.348,4822,3119
15595.353,4823,3119
15595.354,4824,3119
15595.357,4825,3119
15595.359,4826,3119
15595.36,4827,3119
15595.383,4828,3119
15595.386,4829,3119
15595.441,4830,3119
15595.456,4831,3119
15595.459,4832,3119
15595.479,4833,3119
15595.48,4834,3119
15595.522,4835,3119
15595.532,4836,3119
15595.544,4837,3119
15595.587,4838,3119
15595.591,4839,3119
15595.603,4840,3119
15595.609,4841,3119
15595.613,4842,3119
15595.62,4843,3119
15595.631,4844,3119
15595.649,4845,3119
15595.68,4846,3119
15595.693,4847,3119
15595.694,4848,3119
15595.703,4849,3119
15595.735,4850,3119
15595.739,4851,3119
15595.759,4852,3119
15595.794,4853,3119
15595.796,4854,3119
15595.801,4855,3119
15595.803,4856,3119
15595.814,4857,3119
15595.816,4858,3119
15595.818,4859,3119
15595.821,4860,3119
15595.831,4861,3119
15595.872,4862,3119
15595.879,4863,3119
15595.883,4864,3119
15595.889,4865,3119
15595.928,4866,3119
15595.933,4867,3119
15595.961,4868,3119
15595.993,4869,3119
15596.004,4870,3119
15596.008,4871,3119
15596.015,4872,3119
15596.025,4873,3119
15596.042,4874,3119
15596.087,4875,3119
15596.195,4876,3119
15596.267,4877,3119
15596.269,4878,3119
15596.287,4879,3119
15596.309,4880,3119
15596.338,4881,3119
15596.354,4882,3119
15596.406,4883,3119
15596.439,4884,3119
15596.45,4885,3119
15596.48,4886,3119
15596.486,4887,3119
15596.527,4888,3119
15596.531,4889,3119
15596.547,4890,3119
15596.549,4891,3119
15596.577,4892,3119
15596.646,4893,3119
15596.681,4894,3119
15596.693,4895,3119
15596.885,4896,3119
15596.901,4897,3119
15597.314,4898,3119
15597.383,4899,3119
15597.386,4900,3119
15597.391,4901,3119
15597.397,4902,3119
15597.412,4903,3119
15597.413,4904,3119
15597.42,4905,3119
15597.442,4906,3119
15597.449,4907,3119
15597.497,4908,3119
15597.512,4909,3119
15597.524,4910,3119
15597.528,4911,3119
15597.546,4912,3119
15597.549,4913,3119
15597.565,4914,3119
15597.567,4915,3119
15597.57,4916,3119
15597.572,4917,3119
15597.584,4918,3119
15597.591,4919,3119
15597.593,4920,3119
15597.602,4921,3119
15597.638,4922,3119
15597.658,4923,3119
15597.675,4924,3119
15597.685,4925,3119
15597.714,4926,3119
15597.722,4927,3119
15597.734,4928,3119
15597.767,4929,3119
15597.777,4930,3119
15597.781,4931,3119
15597.785,4932,3119
15597.793,4933,3119
15597.812,4934,3119
15597.964,4935,3119
15597.965,4936,3119
15598.002,4937,3119
15598.025,4938,3119
15598.041,4939,3119
15598.083,4940,3119
15598.129,4941,3119
15598.22,4942,3119
15598.238,4943,3119
15598.252,4944,3119
15598.273,4945,3119
15598.401,4946,3119
15598.435,4947,3119
15598.473,4948,3119
15598.639,4949,3119
15598.672,4950,3119
15598.721,4951,3119
15598.77,4952,3119
15598.771,4953,3119
15598.771,4954,3119
15598.775,4955,3119
15598.78,4956,3119
15598.784,4957,3119
15598.795,4958,3119
15598.797,4959,3119
15598.802,4960,3119
15598.822,4961,3119
15598.839,4962,3119
15598.854,4963,3119
15598.882,4964,3119
15598.886,4965,3119
15598.899,4966,3119
15598.91,4967,3119
15598.917,4968,3119
15598.92,4969,3119
15598.933,4970,3119
15598.939,4971,3119
15598.975,4972,3119
15598.997,4973,3119
15599.014,4974,3119
15599.025,4975,3119
15599.046,4976,3119
15599.05,4977,3119
15599.053,4978,3119
15599.082,4979,3119
15599.084,4980,3119
15599.234,4981,3119
15599.24,4982,3119
15599.397,4983,3119
15599.435,4984,3119
15599.441,4985,3119
15599.45,4986,3119
15599.461,4987,3119
15599.466,4988,3119
15599.477,4989,3119
15599.487,4990,3119
15599.494,4991,3119
15599.512,4992,3119
15599.553,4993,3119
15599.948,4994,3119
15599.974,4995,3119
15599.976,4996,3119
15600.011,4997,3119
15600.031,4998,3119
15600.043,4999,3119
15600.097,5000,3119
15600.109,5001,3119
15600.174,5002,3119
15600.202,5003,3119
15600.241,5004,3119
15600.246,5005,3119
15600.26,5006,3119
15600.273,5007,3119
15600.34,5008,3119
15600.391,5009,3119
15600.407,5010,3119
15600.452,5011,3119
15600.466,5012,3119
15600.505,5013,3119
15600.536,5014,3119
15600.549,5015,3119
15600.751,5016,3119
15600.809,5017,3119
15600.838,5018,3119
15603.302,5019,3119
15603.372,5020,3119
15603.772,5021,3119
15603.824,5022,3119
15603.953,5023,3119
15604.184,5024,3119
15604.342,5025,3119
15605.256,5026,3119
15605.326,5027,3119
15605.604,5028,3119
15606.004,5029,3119
15606.055,5030,3119
15606.666,5031,3119
15607.126,5032,3119
15607.962,5033,3119
15607.971,5034,3119
15618.358,5035,3119
15730.627,5036,3119
15863.905,5037,3119
15871.678,5038,3119
15872.135,5039,3119
15872.951,5040,3119
15873.128,5041,3119
15873.438,5042,3119
15873.748,5043,3119
15874.347,5044,3119
15874.554,5045,3119
15874.909,5046,3119
15875.519,5047,3119
15875.811,5048,3119
15876.275,5049,3119
15877.011,5050,3119
15877.261,5051,3119
15877.321,5052,3119
15877.383,5053,3119
15878.562,5054,3119
15879.497,5055,3119
15879.827,5056,3119
15880.396,5057,3119
15881.169,5058,3119
15882.235,5059,3119
15882.825,5060,3119
15882.927,5061,3119
15883.27,5062,3119
15883.385,5063,3119
15883.791,5064,3119
15884.076,5065,3119
15885.307,5066,3119
15885.792,5067,3119
15885.962,5068,3119
15886.314,5069,3119
15886.991,5070,3119
15887.14,5071,3119
15887.199,5072,3119
15887.33,5073,3119
15889.682,5074,3119
15891.319,5075,3119
15892.534,5076,3119
15912.06,5077,3119
15912.128,5078,3119
15912.236,5079,3119
15912.52,5080,3119
15928.211,5081,3119
15944.832,5082,3119
15945.421,5083,3119
15945.609,5084,3119
15946.221,5085,3119
15946.276,5086,3119
15946.365,5087,3119
15946.384,5088,3119
15946.655,5089,3119
15947.147,5090,3119
15947.217,5091,3119
15947.647,5092,3119
15947.751,5093,3119
15948.742,5094,3119
15948.802,5095,3119
15949.646,5096,3119
15950.562,5097,3119
15950.87,5098,3119
15951.59,5099,3119
15951.628,5100,3119
15952.511,5101,3119
15952.942,5102,3119
15953.324,5103,3119
15954.002,5104,3119
15972.755,5105,3119
15972.832,5106,3119
15972.875,5107,3119
15972.947,5108,3119
15973.133,5109,3119
15973.404,5110,3119
15973.821,5111,3119
15974.186,5112,3119
15974.416,5113,3119
15974.582,5114,3119
15974.825,5115,3119
15975.772,5116,3119
15976.972,5117,3119
15977.205,5118,3119
15977.258,5119,3119
15977.335,5120,3119
15977.385,5121,3119
15977.463,5122,3119
15977.886,5123,3119
15978.029,5124,3119
15978.043,5125,3119
15978.186,5126,3119
16117.73,5127,3119
16117.778,5128,3119
16117.812,5129,3119
16117.862,5130,3119
16117.936,5131,3119
16117.978,5132,3119
16118.008,5133,3119
16118.051,5134,3119
16118.085,5135,3119
16118.135,5136,3119
16118.197,5137,3119
16118.261,5138,3119
16118.358,5139,3119
16118.41,5140,3119
16118.449,5141,3119
16118.519,5142,3119
16118.618,5143,3119
16118.764,5144,3119
16118.821,5145,3119
16118.891,5146,3119
16119.07,5147,3119
16119.109,5148,3119
16119.274,5149,3119
16119.322,5150,3119
16119.38,5151,3119
16119.455,5152,3119
16119.642,5153,3119
16119.652,5154,3119
16119.662,5155,3119
16119.741,5156,3119
16119.815,5157,3119
16119.952,5158,3119
16120.012,5159,3119
16120.043,5160,3119
16120.117,5161,3119
16120.21,5162,3119
16120.36,5163,3119
16120.496,5164,3119
16120.559,5165,3119
16120.86,5166,3119
16120.991,5167,3119
16121.153,5168,3119
16121.232,5169,3119
16121.681,5170,3119
16121.797,5171,3119
16121.879,5172,3119
16121.974,5173,3119
16122.026,5174,3119
16122.251,5175,3119
16122.317,5176,3119
16122.356,5177,3119
16122.614,5178,3119
16123.013,5179,3119
16123.305,5180,3119
16123.746,5181,3119
16123.771,5182,3119
16123.942,5183,3119
16124.703,5184,3119
16124.768,5185,3119
16124.95,5186,3119
16125.015,5187,3119
16125.031,5188,3119
16125.763,5189,3119
16125.878,5190,3119
16126.528,5191,3119
16126.976,5192,3119
16127.011,5193,3119
16127.145,5194,3119
16127.406,5195,3119
16127.568,5196,3119
16127.826,5197,3119
16127.953,5198,3119
16129.225,5199,3119
16129.375,5200,3119
16130.054,5201,3119
16130.557,5202,3119
16130.667,5203,3119
16130.941,5204,3119
16131.244,5205,3119
16132.133,5206,3119
16132.891,5207,3119
16133.464,5208,3119
16133.842,5209,3119
16134.765,5210,3119
16136.636,5211,3119
16136.796,5212,3119
16137.435,5213,3119
16137.995,5214,3119
16144.655,5215,3119
16144.684,5216,3119
16144.719,5217,3119
16144.838,5218,3119
16144.862,5219,3119
16144.98,5220,3119
16145.152,5221,3119
16145.187,5222,3119
16145.244,5223,3119
16145.515,5224,3119
16146.246,5225,3119
16148.123,5226,3119
16148.14,5227,3119
16148.149,5228,3119
16148.159,5229,3119
16148.253,5230,3119
16148.272,5231,3119
16148.325,5232,3119
16148.367,5233,3119
16148.397,5234,3119
16148.832,5235,3119
16149.085,5236,3119
16149.182,5237,3119
16149.71,5238,3119
16172.249,5239,3119
16189.609,5240,3119
16197.844,5241,3119
16197.852,5242,3119
16200.426,5243,3119
16227.581,5244,3119
16235.22,5245,3119
16244.156,5246,3119
16245.946,5247,3119
16247.146,5248,3119
16249.398,5249,3119
16249.742,5250,3119
16250.898,5251,3119
16252.472,5252,3119
16252.948,5253,3119
16253.409,5254,3119
16259.079,5255,3119
16263.146,5256,3119
16264.164,5257,3119
16264.973,5258,3119
16279.035,5259,3119
16591.354,5260,3119
16640.768,5261,3119
16646.491,5262,3119
16647.334,5263,3119
16653.257,5264,3119
16656.355,5265,3119
16663.372,5266,3119
16684.188,5267,3119
16729.735,5268,3119
16771.544,5269,3119
16773.793,5270,3119
16782.628,5271,3119
16796.577,5272,3119
16804.674,5273,3119
16809.665,5274,3119
16816.982,5275,3119
16817.692,5276,3119
16843.454,5277,3119
16845.27,5278,3119
16900.449,5279,3119
16928.264,5280,3119
16958.545,5281,3119
16969.691,5282,3119
17027.007,5283,3119
17027.167,5284,3119
17099.55,5285,3119
17099.581,5286,3119
17099.917,5287,3119
17114.558,5288,3119
17159.811,5289,3119
17159.868,5290,3119
17160.704,5291,3119
17163.474,5292,3119
17188.335,5293,3119
17195.371,5294,3119
17232.309,5295,3119
17238.338,5296,3119
17326.61,5297,3119
17379.828,5298,3119
17381.621,5299,3119
17381.979,5300,3119
17382.605,5301,3119
17385.191,5302,3119
17385.787,5303,3119
17396.208,5304,3119
17503.929,5305,3119
17504.135,5306,3119
17512.0,5307,3119
17575.913,5308,3119
17608.09,5309,3119
17621.53,5310,3119
17734.422,5311,3119
17737.871,5312,3119
17737.901,5313,3119
17738.218,5314,3119
17748.224,5315,3119
17769.347,5316,3119
17827.532,5317,3119
17830.015,5318,3119
17852.343,5319,3119
17858.533,5320,3119
17866.039,5321,3119
17883.064,5322,3119
17942.501,5323,3119
17977.289,5324,3119
17986.421,5325,3119
18058.992,5326,3119
18059.308,5327,3119
18168.46,5328,3119
18168.518,5329,3119
18168.593,5330,3119
18169.142,5331,3119
18170.374,5332,3119
18172.042,5333,3119
18206.252,5334,3119
18206.88,5335,3119
18207.848,5336,3119
18229.775,5337,3122
18286.839,5338,3122
18286.986,5339,3122
18297.395,5340,3122
18302.212,5341,3122
18439.742,5342,3122
18439.842,5343,3122
18440.519,5344,3122
18440.895,5345,3122
18441.062,5346,3122
18441.933,5347,3122
18443.813,5348,3122
18444.045,5349,3122
18446.773,5350,3122
18447.375,5351,3122
18451.397,5352,3122
18458.843,5353,3122
18460.478,5354,3122
18500.52,5355,3122
18502.291,5356,3122
18502.468,5357,3122
18502.577,5358,3122
18511.467,5359,3122
18532.588,5360,3122
18607.904,5361,3122
18618.781,5362,3122
18621.325,5363,3122
18671.697,5364,3122
18737.857,5365,3122
18784.569,5366,3122
18803.948,5367,3122
18816.012,5368,3122
18864.821,5369,3122
18897.926,5370,3122
18898.201,5371,3122
18898.234,5372,3122
18898.385,5373,3122
18898.852,5374,3122
18901.873,5375,3122
18910.265,5376,3122
18912.627,5377,3122
19034.705,5378,3122
19050.28,5379,3122
19104.352,5380,3122
19114.867,5381,3122
19119.189,5382,3122
19119.304,5383,3122
19129.76,5384,3122
19130.895,5385,3122
19135.91,5386,3122
19155.906,5387,3122
19261.126,5388,3122
19291.146,5389,3122
19291.347,5390,3122
19291.42,5391,3122
19291.574,5392,3122
19343.057,5393,3122
19369.979,5394,3122
19423.622,5395,3122
19455.781,5396,3122
19544.761,5397,3122
19568.342,5398,3122
19573.212,5399,3122
19619.589,5400,3122
19672.605,5401,3122
19672.631,5402,3122
19697.153,5403,3122
19746.894,5404,3122
19746.929,5405,3122
19757.202,5406,3122
19787.742,5407,3122
19794.606,5408,3122
19795.242,5409,3122
19805.25,5410,3122
19842.044,5411,3122
19863.238,5412,3122
19904.019,5413,3122
19908.418,5414,3122
19909.474,5415,3123
19909.648,5416,3154
19909.676,5417,3154
19909.677,5418,3154
19909.678,5419,3154
19909.79,5420,3154
19909.902,5421,3155
19909.92,5422,3155
19909.922,5423,3155
19909.923,5424,3155
19909.924,5425,3156
19909.944,5426,3156
19909.961,5427,3158
19910.112,5428,3160
19910.222,5429,3160
19910.382,5430,3161
19910.436,5431,3162
19910.837,5432,3164
19910.96,5433,3166
19911.013,5434,3168
19911.022,5435,3170
19911.069,5436,3172
19911.329,5437,3174
19911.364,5438,3175
19911.59,5439,3175
19933.648,5440,3175
19933.708,5441,3175
19935.642,5442,3175
20073.277,5443,3175
20073.569,5444,3175
20110.155,5445,3175
20206.131,5446,3175
20215.006,5447,3175
20215.041,5448,3175
20244.955,5449,3175
20245.007,5450,3175
20287.746,5451,3175
20287.971,5452,3175
20288.598,5453,3175
20300.244,5454,3175
20300.251,5455,3175
20300.924,5456,3175
20401.134,5457,3175
20401.204,5458,3175
20401.495,5459,3176
20401.829,5460,3176
20401.901,5461,3176
20402.382,5462,3176
20402.544,5463,3176
20402.75,5464,3176
20403.764,5465,3176
20404.226,5466,3176
20405.592,5467,3176
20405.967,5468,3176
20406.454,5469,3176
20406.604,5470,3176
20457.741,5471,3176
20499.381,5472,3176
20499.383,5473,3176
20499.783,5474,3176
20524.132,5475,3176
20608.601,5476,3176
20628.891,5477,3176
20700.745,5478,3176
20717.897,5479,3176
20719.14,5480,3176
20721.849,5481,3176
20769.915,5482,3176
20770.371,5483,3176
20858.879,5484,3176
20915.328,5485,3176
20933.402,5486,3176
20938.563,5487,3176
20982.528,5488,3176
20982.874,5489,3176
20984.357,5490,3176
21132.591,5491,3176
21132.671,5492,3176
21133.158,5493,3177
21133.242,5494,3178
21133.604,5495,3178
21171.38,5496,3178
21300.309,5497,3178
21305.158,5498,3178
21305.374,5499,3178
21322.765,5500,3178
21454.165,5501,3178
21459.199,5502,3178
21519.476,5503,3178
21599.521,5504,3178
21702.086,5505,3178
21755.119,5506,3178
21774.024,5507,3178
21820.874,5508,3178
21868.038,5509,3178
21868.042,5510,3178
21868.047,5511,3178
21898.823,5512,3178
21947.714,5513,3178
22004.111,5514,3178
22018.198,5515,3178
22019.898,5516,3178
22099.185,5517,3178
22137.968,5518,3178
22254.492,5519,3178
22318.765,5520,3178
22408.997,5521,3178
22410.88,5522,3178
22411.009,5523,3178
22455.029,5524,3178
22496.719,5525,3178
22664.699,5526,3178
22664.799,5527,3178
22812.39,5528,3178
22847.966,5529,3178
22887.619,5530,3178
22912.771,5531,3178
22913.793,5532,3178
23082.963,5533,3178
23135.662,5534,3178
23150.271,5535,3178
23186.88,5536,3178
23188.891,5537,3178
23188.927,5538,3178
23345.629,5539,3178
23376.45,5540,3178
23575.3,5541,3178
23582.452,5542,3178
23629.849,5543,3178
23648.834,5544,3178
23818.468,5545,3178
23830.108,5546,3178
23830.719,5547,3178
23939.581,5548,3178
23939.606,5549,3178
23939.626,5550,3178
23988.146,5551,3178
24012.678,5552,3178
24013.1,5553,3178
24033.167,5554,3178
24068.808,5555,3178
24068.881,5556,3178
24079.022,5557,3178
24100.735,5558,3178
24146.725,5559,3178
24176.128,5560,3178
24192.662,5561,3178
24206.354,5562,3178
24217.203,5563,3178
24231.98,5564,3178
24242.915,5565,3178
24302.085,5566,3178
24334.002,5567,3178
24334.985,5568,3178
24357.475,5569,3178
24357.854,5570,3178
24403.454,5571,3178
24453.864,5572,3178
24462.602,5573,3178
24510.407,5574,3178
24695.813,5575,3178
24708.452,5576,3178
24717.312,5577,3178
24732.404,5578,3178
24787.645,5579,3178
24901.3,5580,3178
24996.548,5581,3178
25093.313,5582,3178
25093.606,5583,3178
25094.48,5584,3178
25095.331,5585,3178
25125.39,5586,3179
25125.435,5587,3180
25244.431,5588,3180
25308.083,5589,3180
25405.039,5590,3180
25405.393,5591,3180
25556.131,5592,3180
25603.967,5593,3180
25604.001,5594,3180
25604.061,5595,3180
25612.188,5596,3180
25625.633,5597,3180
25625.659,5598,3180
25633.638,5599,3180
25633.906,5600,3180
25654.08,5601,3180
25659.798,5602,3180
25846.727,5603,3180
25921.544,5604,3180
25948.754,5605,3180
25979.926,5606,3180
25997.132,5607,3180
25997.147,5608,3180
26052.958,5609,3180
26053.349,5610,3180
26054.091,5611,3180
26367.329,5612,3180
26369.706,5613,3180
26369.749,5614,3180
26443.595,5615,3180
26443.63,5616,3180
26484.29,5617,3180
26517.028,5618,3180
26517.355,5619,3180
26517.473,5620,3180
26592.985,5621,3180
26729.021,5622,3180
26729.064,5623,3180
26888.403,5624,3180
27052.491,5625,3180
27064.806,5626,3180
27075.44,5627,3180
27080.318,5628,3180
27081.009,5629,3180
27124.135,5630,3180
27133.187,5631,3180
27151.651,5632,3180
27174.205,5633,3180
27174.574,5634,3180
27189.692,5635,3180
27248.791,5636,3180
27251.393,5637,3180
27293.281,5638,3180
27294.609,5639,3181
27303.492,5640,3181
27303.522,5641,3181
27323.556,5642,3181
27330.854,5643,3181
27330.938,5644,3181
27401.174,5645,3181
27401.23,5646,3181
27408.44,5647,3181
27428.003,5648,3182
27470.391,5649,3182
27517.568,5650,3182
27588.247,5651,3182
27652.839,5652,3182
27653.326,5653,3182
27854.254,5654,3182
27869.656,5655,3182
27869.807,5656,3182
27925.856,5657,3182
27926.609,5658,3182
27949.327,5659,3182
27959.024,5660,3182
28036.266,5661,3182
28125.365,5662,3182
28128.844,5663,3182
28129.89,5664,3182
28129.971,5665,3182
28144.707,5666,3182
28144.909,5667,3182
28151.031,5668,3182
28166.945,5669,3182
28230.107,5670,3182
28236.891,5671,3182
28362.395,5672,3182
28371.626,5673,3182
28371.666,5674,3182
28436.683,5675,3182
28502.769,5676,3182
28503.745,5677,3182
28504.968,5678,3183
28547.697,5679,3183
28547.829,5680,3183
28549.392,5681,3183
28552.882,5682,3183
28570.501,5683,3183
28627.962,5684,3183
28652.507,5685,3183
28654.218,5686,3183
28662.916,5687,3183
28676.449,5688,3183
28696.29,5689,3183
28712.755,5690,3183
28756.448,5691,3183
28757.364,5692,3183
28773.554,5693,3183
28921.99,5694,3183
29032.27,5695,3183
29055.184,5696,3183
29095.755,5697,3183
29097.64,5698,3184
29097.663,5699,3186
29110.832,5700,3186
29247.132,5701,3186
29281.743,5702,3186
29282.805,5703,3186
29283.853,5704,3186
29313.351,5705,3186
29314.829,5706,3186
29345.294,5707,3186
29357.623,5708,3186
29436.63,5709,3186
29452.171,5710,3186
29452.181,5711,3186
29452.183,5712,3186
29497.993,5713,3186
29530.916,5714,3186
29788.34,5715,3186
29834.895,5716,3186
29851.08,5717,3186
29867.741,5718,3186
29890.641,5719,3187
30050.599,5720,3187
30142.753,5721,3187
30150.262,5722,3187
30162.307,5723,3187
30163.306,5724,3187
30174.026,5725,3187
30208.157,5726,3187
30265.38,5727,3187
30266.283,5728,3187
30374.301,5729,3187
30488.694,5730,3187
30488.708,5731,3187
30753.915,5732,3187
30863.413,5733,3187
30892.019,5734,3187
30983.866,5735,3187
31045.882,5736,3187
31046.109,5737,3187
31114.133,5738,3187
31219.248,5739,3187
31497.004,5740,3187
31504.587,5741,3187
31576.29,5742,3187
31594.995,5743,3187
31631.516,5744,3187
31636.682,5745,3188
31649.772,5746,3188
31652.937,5747,3188
31681.002,5748,3188
31734.711,5749,3188
31749.674,5750,3188
31819.677,5751,3188
31879.783,5752,3188
32232.802,5753,3188
32241.258,5754,3188
32320.8,5755,3188
32328.999,5756,3188
32329.005,5757,3188
32476.9,5758,3188
32518.284,5759,3188
32770.282,5760,3188
32827.109,5761,3188
33050.385,5762,3189
33079.651,5763,3189
33170.502,5764,3189
33196.773,5765,3189
33244.09,5766,3189
33438.881,5767,3189
33473.933,5768,3189
33474.03,5769,3190
33527.939,5770,3190
33620.737,5771,3190
33651.948,5772,3190
33651.965,5773,3190
33782.035,5774,3190
33836.568,5775,3190
34004.54,5776,3190
34044.079,5777,3190
34300.877,5778,3190
34379.321,5779,3196
34573.532,5780,3196
34998.202,5781,3197
35077.257,5782,3197
35455.237,5783,3197
35527.455,5784,3197
35557.376,5785,3197
35574.111,5786,3197
35727.175,5787,3197
35972.217,5788,3197
36002.436,5789,3197
36045.983,5790,3197
36062.317,5791,3197
36149.979,5792,3197
36328.235,5793,3197
36368.552,5794,3197
36510.2,5795,3197
36528.431,5796,3197
37186.584,5797,3197
37625.525,5798,3197
37648.692,5799,3197
37744.563,5800,3197
37762.604,5801,3197
37776.713,5802,3197
37867.602,5803,3197
38023.384,5804,3197
38105.914,5805,3197
38157.291,5806,3197
38383.607,5807,3198
39241.833,5808,3198
39470.761,5809,3198
40049.059,5810,3198
40240.915,5811,3199
40411.418,5812,3200
40948.211,5813,3200
41104.114,5814,3200
41214.445,5815,3200
41272.516,5816,3200
41471.831,5817,3200
41544.616,5818,3200
41574.887,5819,3200
41760.604,5820,3200
42474.845,5821,3200
42525.927,5822,3200
42671.558,5823,3200
42671.958,5824,3200
42677.376,5825,3200
42757.454,5826,3200
42845.581,5827,3201
42882.148,5828,3201
42923.829,5829,3202
42926.303,5830,3202
42936.94,5831,3202
42945.85,5832,3202
42976.794,5833,3202
43299.18,5834,3202
43417.833,5835,3202
43511.014,5836,3202
43514.718,5837,3202
43520.234,5838,3202
43555.197,5839,3202
43557.815,5840,3202
43886.981,5841,3202
44462.231,5842,3202
44686.594,5843,3202
44803.936,5844,3202
45345.626,5845,3202
45848.906,5846,3202
46279.221,5847,3202
48105.153,5848,3202
48522.23,5849,3202
49168.176,5850,3202
49169.193,5851,3202
49171.411,5852,3202
50801.651,5853,3203
50804.272,5854,3203
51110.003,5855,3203
51542.441,5856,3203
51593.023,5857,3203
51776.508,5858,3203
52793.793,5859,3203
54871.203,5860,3203
54874.622,5861,3203
55370.862,5862,3203
55474.355,5863,3203
56120.337,5864,3203
56787.807,5865,3203
56799.707,5866,3203
56812.497,5867,3203
56812.513,5868,3203
56999.544,5869,3203
57020.256,5870,3203
57372.266,5871,3203
57373.968,5872,3203
57560.345,5873,3203
58510.856,5874,3203
59715.885,5875,3203
59725.85,5876,3203
59993.61,5877,3203
59993.668,5878,3203
59997.521,5879,3203
60019.115,5880,3203
60030.268,5881,3203
60032.947,5882,3203
60059.273,5883,3203
60059.698,5884,3203
60078.996,5885,3203
60079.04,5886,3203
60093.679,5887,3203
60251.723,5888,3203
60443.732,5889,3203
60553.712,5890,3203
60577.825,5891,3203
60622.833,5892,3203
60711.436,5893,3203
60744.556,5894,3203
60825.149,5895,3203
60849.94,5896,3203
61565.511,5897,3203
61567.093,5898,3203
61766.776,5899,3203
61994.376,5900,3203
62118.283,5901,3203
62247.141,5902,3203
62251.183,5903,3203
62929.959,5904,3203
62939.161,5905,3203
63719.722,5906,3203
64628.532,5907,3203
65412.557,5908,3203
65645.405,5909,3203
66273.263,5910,3203
66364.589,5911,3203
68517.303,5912,3203
70844.646,5913,3203
74149.645,5914,3203
74645.297,5915,3203
74715.005,5916,3203
76679.463,5917,3203
76850.426,5918,3203
76967.876,5919,3203
76967.988,5920,3203
77119.633,5921,3203
77262.23,5922,3203
77509.422,5923,3203
77746.59,5924,3205
77747.81,5925,3213
77747.821,5926,3217
77752.573,5927,3218
77756.735,5928,3218
77762.367,5929,3218
77762.444,5930,3220
77762.651,5931,3220
77762.835,5932,3220
77765.592,5933,3220
77767.705,5934,3221
77770.097,5935,3221
77770.205,5936,3221
77770.325,5937,3221
77770.422,5938,3221
77774.825,5939,3221
77774.843,5940,3221
77774.87,5941,3221
77775.084,5942,3221
77780.744,5943,3221
77780.89,5944,3221
77781.045,5945,3221
77788.209,5946,3221
77789.936,5947,3221
77792.787,5948,3221
77849.772,5949,3221
77897.226,5950,3221
77897.518,5951,3221
77908.385,5952,3221
77909.087,5953,3221
78023.125,5954,3226
78027.012,5955,3226
78106.268,5956,3228
78106.317,5957,3228
78153.23,5958,3228
78153.436,5959,3228
78195.703,5960,3228
78196.452,5961,3228
78543.036,5962,3228
78673.552,5963,3228
79022.099,5964,3228
79747.179,5965,3228
80291.207,5966,3228
80552.671,5967,3228
80559.897,5968,3228
80559.948,5969,3228
80562.319,5970,3228
81081.021,5971,3228
81359.289,5972,3228
