time_s,inputs,cumulative_edges
0.0,1,153
0.001,2,158
0.006,3,159
0.01,4,160
0.018,5,160
0.021,6,163
0.024,7,169
0.028,8,172
0.032,9,174
0.041,10,174
0.045,11,175
0.065,12,175
0.069,13,175
0.075,14,177
0.079,15,177
0.099,16,177
0.121,17,177
0.146,18,177
0.149,19,178
0.169,20,178
0.226,21,178
0.274,22,178
0.34,23,178
0.416,24,178
0.674,25,181
0.953,26,181
0.993,27,182
1.077,28,182
1.361,29,182
1.406,30,252
1.542,31,252
1.599,32,252
1.616,33,252
1.66,34,255
1.677,35,256
1.795,36,256
1.806,37,256
1.915,38,256
1.963,39,264
2.142,40,268
2.233,41,268
2.345,42,270
2.358,43,274
2.39,44,275
2.406,45,276
2.412,46,276
2.422,47,276
2.431,48,277
2.441,49,277
2.775,50,277
2.813,51,277
2.928,52,278
3.525,53,279
3.751,54,279
4.073,55,279
4.092,56,279
4.45,57,279
4.681,58,279
4.724,59,294
4.832,60,294
5.187,61,294
5.454,62,294
5.629,63,294
5.773,64,294
6.412,65,294
6.686,66,294
6.97,67,294
7.038,68,294
7.106,69,294
7.379,70,294
7.437,71,294
7.453,72,294
7.471,73,295
7.498,74,297
7.585,75,298
7.605,76,298
7.609,77,298
7.617,78,298
7.634,79,298
7.685,80,321
7.743,81,321
7.758,82,321
7.913,83,321
8.031,84,321
8.098,85,331
8.127,86,331
8.143,87,331
8.173,88,332
8.292,89,332
8.302,90,333
8.367,91,333
8.505,92,333
8.528,93,333
8.687,94,334
8.69,95,335
8.72,96,335
9.001,97,335
9.015,98,336
9.026,99,339
9.223,100,340
9.311,101,340
9.446,102,340
9.616,103,340
9.641,104,340
9.652,105,340
9.814,106,341
9.964,107,342
10.023,108,342
10.11,109,342
10.122,110,352
10.134,111,353
10.288,112,353
10.336,113,353
10.717,114,353
10.78,115,355
10.905,116,355
10.929,117,356
11.134,118,356
11.145,119,357
11.182,120,357
11.329,121,358
11.344,122,358
11.404,123,359
11.461,124,359
11.562,125,359
11.663,126,361
12.345,127,362
12.449,128,362
12.616,129,363
12.653,130,367
12.975,131,367
12.979,132,367
13.136,133,368
13.174,134,368
13.239,135,368
13.264,136,368
13.63,137,368
13.653,138,368
13.727,139,368
13.748,140,368
14.038,141,370
14.056,142,371
14.104,143,371
14.351,144,371
14.507,145,371
14.873,146,371
14.882,147,371
14.888,148,371
14.934,149,371
14.941,150,371
14.981,151,371
14.99,152,371
15.005,153,371
15.019,154,371
15.071,155,371
15.088,156,372
15.147,157,372
15.157,158,372
15.175,159,372
15.236,160,372
15.259,161,372
15.381,162,373
15.543,163,374
15.624,164,374
15.685,165,374
15.714,166,374
15.74,167,374
15.745,168,381
16.446,169,381
16.573,170,381
16.646,171,381
16.745,172,382
16.783,173,386
17.157,174,386
17.59,175,386
18.441,176,386
19.257,177,387
19.287,178,387
19.581,179,387
19.955,180,387
20.367,181,387
21.013,182,387
21.233,183,387
21.945,184,387
22.157,185,387
22.244,186,387
22.267,187,387
22.398,188,387
22.413,189,388
22.451,190,388
22.511,191,388
22.525,192,388
22.529,193,388
22.721,194,388
22.729,195,388
22.831,196,437
22.839,197,437
22.88,198,437
22.927,199,437
22.982,200,439
23.131,201,440
23.221,202,440
23.257,203,440
23.269,204,442
23.473,205,442
23.521,206,442
23.596,207,442
23.672,208,443
23.845,209,443
24.127,210,466
24.585,211,466
25.128,212,466
25.532,213,467
25.554,214,467
25.602,215,468
25.643,216,468
25.691,217,468
25.817,218,468
25.847,219,468
25.882,220,468
25.912,221,469
25.936,222,469
26.171,223,469
26.187,224,469
26.561,225,469
26.564,226,470
26.751,227,471
26.824,228,471
26.874,229,471
26.917,230,471
27.167,231,471
27.181,232,471
27.274,233,471
27.357,234,471
27.373,235,471
27.672,236,471
27.914,237,471
28.292,238,471
28.637,239,471
28.683,240,473
28.856,241,473
28.949,242,474
29.527,243,477
29.656,244,477
29.688,245,477
29.82,246,477
30.013,247,477
30.027,248,482
30.068,249,482
30.086,250,482
30.128,251,482
30.187,252,482
30.205,253,482
30.387,254,484
30.495,255,484
30.77,256,484
30.844,257,484
30.937,258,486
31.045,259,486
31.069,260,487
31.076,261,489
31.101,262,493
31.196,263,493
31.499,264,493
31.584,265,493
31.855,266,493
32.023,267,493
32.043,268,493
32.091,269,494
32.13,270,494
32.334,271,494
32.478,272,494
32.758,273,497
33.048,274,497
33.197,275,497
33.24,276,497
33.575,277,498
34.01,278,498
34.05,279,498
35.0,280,498
35.09,281,498
35.412,282,498
35.516,283,498
36.069,284,498
36.094,285,498
36.163,286,498
36.23,287,498
36.264,288,498
36.545,289,498
36.555,290,498
36.602,291,498
36.775,292,501
37.155,293,504
37.412,294,504
37.53,295,506
38.033,296,506
38.311,297,506
38.626,298,507
39.004,299,507
39.194,300,512
39.31,301,512
39.361,302,512
39.735,303,512
39.822,304,514
40.116,305,514
40.785,306,514
41.293,307,516
41.767,308,526
42.103,309,526
42.91,310,526
43.25,311,527
43.651,312,527
43.835,313,527
44.301,314,529
44.313,315,529
44.344,316,530
44.657,317,530
44.716,318,530
45.152,319,530
46.044,320,531
46.268,321,531
46.966,322,531
48.395,323,531
48.591,324,531
48.72,325,531
48.898,326,531
49.369,327,532
49.573,328,537
50.618,329,537
52.193,330,537
52.682,331,537
52.815,332,537
53.804,333,537
54.19,334,537
54.357,335,537
54.841,336,537
55.607,337,539
56.024,338,539
56.3,339,540
57.895,340,540
58.019,341,541
58.891,342,541
59.334,343,541
59.632,344,542
60.057,345,542
60.105,346,542
60.239,347,542
60.675,348,542
60.822,349,542
60.827,350,542
60.841,351,542
60.86,352,542
60.88,353,542
61.55,354,543
61.732,355,543
61.98,356,543
62.034,357,543
62.096,358,543
62.275,359,544
62.498,360,545
62.943,361,545
63.053,362,546
63.088,363,546
63.19,364,547
63.501,365,548
63.605,366,548
63.677,367,551
63.928,368,551
64.397,369,551
64.501,370,551
64.641,371,553
65.024,372,554
65.091,373,554
65.378,374,554
65.477,375,554
65.504,376,554
65.592,377,554
65.741,378,554
66.029,379,555
66.162,380,555
66.585,381,555
66.799,382,555
66.823,383,556
66.869,384,557
66.997,385,557
67.105,386,558
67.993,387,558
68.118,388,558
68.312,389,558
68.401,390,559
68.423,391,559
68.434,392,559
68.442,393,560
68.474,394,561
68.518,395,561
68.559,396,562
68.572,397,563
68.602,398,563
68.609,399,564
68.614,400,565
68.63,401,565
68.655,402,565
68.741,403,565
68.84,404,565
68.845,405,566
68.992,406,566
69.017,407,566
69.022,408,566
69.563,409,566
69.586,410,566
69.68,411,567
69.698,412,568
69.874,413,568
69.928,414,569
69.943,415,569
70.105,416,569
70.178,417,570
70.312,418,570
70.353,419,570
70.525,420,570
70.663,421,570
70.857,422,570
70.976,423,570
71.067,424,571
71.071,425,571
71.243,426,571
71.253,427,574
71.592,428,574
71.783,429,574
71.898,430,577
72.189,431,577
72.97,432,577
73.285,433,577
73.358,434,577
73.44,435,577
73.953,436,578
75.033,437,578
75.181,438,579
75.316,439,579
75.428,440,579
75.684,441,579
76.805,442,579
76.812,443,580
77.728,444,580
77.985,445,580
78.483,446,580
78.696,447,581
81.229,448,581
81.473,449,581
82.407,450,581
82.42,451,581
82.437,452,581
82.457,453,581
82.535,454,581
82.633,455,581
82.712,456,581
82.884,457,581
83.247,458,582
83.345,459,583
83.37,460,583
83.44,461,583
83.764,462,583
83.768,463,584
83.872,464,584
84.172,465,585
84.221,466,585
84.388,467,586
84.542,468,586
84.793,469,586
84.843,470,586
84.983,471,586
85.241,472,586
85.256,473,587
85.432,474,587
85.75,475,588
85.945,476,589
86.064,477,589
86.082,478,590
86.299,479,590
86.439,480,590
86.545,481,590
87.034,482,590
87.081,483,591
87.16,484,591
87.38,485,602
87.536,486,602
87.936,487,602
87.952,488,602
88.3,489,602
88.308,490,602
88.517,491,602
88.538,492,602
88.59,493,602
88.762,494,602
88.8,495,602
88.825,496,602
88.839,497,602
88.869,498,602
88.883,499,602
89.001,500,602
89.181,501,602
89.421,502,602
89.477,503,602
89.722,504,602
89.744,505,602
89.849,506,602
89.977,507,602
90.034,508,602
90.434,509,602
90.677,510,602
91.306,511,602
92.327,512,603
92.379,513,603
92.392,514,603
92.52,515,603
92.544,516,604
92.666,517,604
92.857,518,604
95.144,519,604
97.493,520,604
98.13,521,604
98.217,522,604
98.896,523,604
99.849,524,604
100.052,525,604
100.572,526,604
100.684,527,604
100.799,528,604
100.86,529,605
102.202,530,605
103.188,531,605
103.685,532,605
104.259,533,605
105.078,534,605
105.459,535,605
106.428,536,605
106.603,537,605
107.464,538,605
107.465,539,605
107.483,540,605
107.518,541,606
108.116,542,606
108.149,543,606
108.674,544,606
109.044,545,606
109.864,546,606
109.905,547,606
109.928,548,606
109.967,549,607
110.273,550,607
111.442,551,607
112.164,552,612
112.283,553,612
113.038,554,625
113.054,555,625
113.403,556,625
113.438,557,626
113.538,558,626
113.89,559,626
113.93,560,626
114.17,561,626
114.295,562,626
114.649,563,626
115.394,564,626
115.411,565,626
115.418,566,626
115.422,567,627
115.425,568,627
115.496,569,627
115.532,570,629
115.564,571,629
115.584,572,629
115.653,573,629
115.666,574,629
115.68,575,629
115.736,576,629
115.821,577,630
115.826,578,631
115.892,579,631
115.899,580,631
115.931,581,631
116.069,582,631
116.073,583,631
116.185,584,631
116.37,585,631
116.447,586,631
116.744,587,633
117.046,588,633
117.33,589,633
117.4,590,633
118.851,591,633
119.532,592,633
121.09,593,633
121.921,594,635
121.927,595,635
122.059,596,637
122.593,597,637
122.598,598,637
122.603,599,637
122.839,600,638
122.949,601,638
123.121,602,638
123.147,603,638
123.158,604,639
123.257,605,639
123.514,606,639
123.593,607,639
126.025,608,639
126.607,609,639
126.788,610,639
126.796,611,639
126.83,612,639
126.978,613,1119
127.185,614,1180
127.257,615,1182
127.296,616,1213
127.309,617,1215
127.532,618,1283
127.785,619,1568
127.94,620,1569
128.026,621,1569
128.751,622,1569
128.827,623,1613
129.508,624,1613
129.518,625,1659
129.893,626,1659
129.907,627,1683
130.395,628,1683
130.404,629,1708
130.414,630,1708
130.557,631,1708
130.571,632,1720
130.648,633,1721
130.765,634,1746
131.153,635,1759
131.462,636,1759
131.743,637,1759
131.919,638,1760
132.543,639,1761
132.932,640,1765
133.37,641,1765
134.274,642,1765
134.296,643,1788
134.361,644,1789
134.485,645,1791
134.863,646,1792
135.248,647,1792
135.32,648,1792
136.658,649,1792
136.793,650,1793
136.881,651,1793
137.185,652,1827
137.426,653,1828
137.877,654,1830
138.018,655,1830
138.085,656,1909
138.179,657,1909
138.466,658,1925
140.125,659,1925
140.647,660,1925
140.693,661,1925
140.83,662,1955
140.832,663,1980
140.842,664,1980
140.888,665,1980
141.138,666,1980
141.149,667,1981
141.173,668,1992
141.179,669,1992
141.258,670,1993
141.264,671,1994
141.358,672,1994
141.382,673,2014
141.438,674,2014
141.468,675,2022
141.482,676,2029
141.499,677,2035
141.51,678,2040
141.551,679,2040
141.578,680,2040
141.622,681,2041
141.72,682,2074
141.76,683,2078
141.884,684,2079
141.94,685,2080
142.006,686,2081
142.111,687,2082
142.263,688,2094
142.459,689,2094
142.462,690,2095
142.478,691,2096
142.509,692,2099
142.528,693,2110
142.566,694,2110
142.653,695,2111
142.7,696,2112
142.716,697,2114
142.724,698,2116
142.818,699,2126
142.989,700,2127
143.012,701,2128
143.095,702,2129
143.113,703,2130
143.18,704,2131
143.319,705,2132
143.34,706,2133
143.488,707,2133
143.539,708,2147
143.565,709,2147
143.569,710,2153
143.592,711,2176
143.626,712,2178
143.695,713,2183
143.896,714,2200
143.916,715,2205
144.024,716,2208
144.064,717,2208
144.137,718,2208
144.233,719,2306
144.266,720,2320
144.324,721,2325
144.386,722,2325
144.478,723,2325
144.532,724,2329
145.058,725,2343
145.085,726,2344
145.112,727,2344
145.118,728,2344
145.252,729,2353
145.422,730,2353
145.447,731,2353
145.668,732,2354
145.695,733,2357
145.773,734,2357
145.78,735,2357
145.846,736,2357
145.862,737,2357
145.943,738,2359
146.09,739,2359
146.105,740,2361
146.177,741,2362
146.582,742,2362
146.623,743,2363
146.913,744,2363
147.22,745,2364
147.425,746,2365
147.428,747,2374
147.663,748,2499
147.671,749,2499
147.686,750,2499
147.714,751,2525
147.736,752,2531
147.74,753,2535
147.779,754,2549
147.793,755,2550
147.824,756,2551
147.837,757,2552
147.843,758,2552
147.853,759,2558
147.857,760,2558
147.869,761,2558
147.88,762,2560
147.891,763,2570
147.895,764,2571
147.915,765,2576
147.928,766,2576
147.981,767,2655
148.018,768,2660
148.026,769,2668
148.062,770,2668
148.138,771,2669
148.154,772,2712
148.189,773,2712
148.211,774,2713
148.235,775,2715
148.248,776,2718
148.259,777,2718
148.286,778,2721
148.301,779,2739
148.309,780,2739
148.334,781,2739
148.343,782,2739
148.433,783,2739
148.451,784,2740
148.457,785,2748
148.482,786,2755
148.49,787,2755
148.508,788,2771
148.532,789,2821
148.566,790,2821
148.641,791,2821
148.661,792,2822
148.731,793,2822
148.738,794,2908
148.75,795,2909
148.771,796,2909
148.808,797,2909
148.826,798,2909
148.828,799,2916
148.832,800,2917
148.841,801,2918
148.887,802,2918
148.916,803,2918
148.976,804,2944
149.033,805,2944
149.044,806,2944
149.059,807,2944
149.121,808,2944
149.272,809,2956
149.303,810,2962
149.324,811,2963
149.368,812,2964
149.403,813,2965
149.419,814,2970
149.453,815,2972
149.522,816,2972
149.545,817,2973
149.548,818,2973
149.57,819,2978
149.611,820,2979
149.614,821,2983
149.652,822,2983
149.677,823,2983
149.696,824,3050
149.738,825,3050
149.773,826,3051
149.813,827,3051
149.83,828,3057
149.834,829,3060
149.841,830,3064
149.876,831,3065
149.879,832,3067
149.92,833,3068
149.926,834,3068
149.929,835,3086
149.948,836,3086
150.001,837,3086
150.024,838,3087
150.054,839,3087
150.117,840,3087
150.16,841,3087
150.169,842,3088
150.238,843,3089
150.29,844,3089
150.393,845,3089
150.426,846,3108
150.433,847,3111
150.441,848,3119
150.486,849,3119
150.501,850,3120
150.622,851,3120
150.64,852,3120
150.674,853,3136
150.694,854,3137
150.738,855,3139
150.769,856,3140
150.796,857,3140
150.806,858,3154
150.847,859,3156
150.881,860,3156
150.911,861,3160
151.002,862,3160
151.102,863,3160
151.178,864,3175
151.21,865,3179
151.233,866,3182
151.288,867,3182
151.297,868,3183
151.301,869,3183
151.344,870,3183
151.404,871,3186
151.503,872,3186
151.544,873,3186
151.548,874,3190
151.593,875,3190
151.648,876,3190
151.66,877,3194
151.748,878,3195
151.784,879,3195
151.976,880,3196
151.996,881,3196
152.091,882,3196
152.158,883,3196
152.192,884,3197
152.211,885,3212
152.27,886,3212
152.397,887,3212
152.462,888,3213
152.489,889,3213
152.527,890,3214
152.58,891,3230
152.636,892,3230
152.649,893,3230
152.655,894,3230
152.81,895,3230
153.083,896,3230
153.532,897,3230
153.596,898,3231
153.599,899,3231
153.603,900,3232
153.607,901,3233
153.612,902,3234
153.617,903,3235
153.62,904,3236
153.626,905,3236
153.63,906,3236
153.633,907,3237
153.639,908,3237
153.646,909,3238
153.651,910,3239
153.719,911,3239
153.865,912,3365
153.868,913,3365
154.176,914,3367
154.183,915,3369
154.191,916,3370
154.199,917,3370
154.203,918,3370
154.215,919,3370
154.219,920,3370
154.227,921,3370
154.231,922,3370
154.235,923,3370
154.244,924,3370
154.247,925,3370
154.259,926,3371
154.277,927,3373
154.281,928,3373
154.291,929,3373
154.302,930,3393
154.313,931,3394
154.322,932,3408
154.324,933,3408
154.338,934,3408
154.35,935,3410
154.355,936,3410
154.359,937,3410
154.371,938,3410
154.388,939,3410
154.394,940,3411
154.408,941,3411
154.42,942,3412
154.422,943,3415
154.427,944,3415
154.435,945,3415
154.442,946,3416
154.451,947,3416
154.462,948,3417
154.471,949,3417
154.475,950,3423
154.527,951,3425
154.529,952,3425
154.534,953,3426
154.545,954,3427
154.557,955,3432
154.564,956,3432
154.579,957,3437
154.582,958,3437
154.6,959,3441
154.628,960,3441
154.634,961,3441
154.651,962,3441
154.662,963,3441
154.665,964,3441
154.668,965,3441
154.688,966,3441
154.698,967,3441
154.715,968,3445
154.727,969,3445
154.734,970,3445
154.744,971,3449
154.773,972,3449
154.775,973,3449
154.79,974,3449
154.793,975,3449
154.798,976,3449
154.819,977,3449
154.832,978,3449
154.837,979,3449
154.858,980,3449
154.864,981,3452
154.872,982,3453
154.88,983,3453
154.886,984,3453
154.893,985,3453
154.907,986,3458
154.944,987,3473
154.95,988,3473
154.964,989,3473
154.974,990,3477
154.979,991,3477
154.996,992,3477
155.003,993,3478
155.01,994,3478
155.017,995,3478
155.029,996,3479
155.053,997,3479
155.079,998,3489
155.108,999,3491
155.118,1000,3492
155.145,1001,3493
155.155,1002,3493
155.179,1003,3493
155.182,1004,3493
155.191,1005,3494
155.224,1006,3494
155.237,1007,3495
155.265,1008,3514
155.269,1009,3514
155.287,1010,3516
155.3,1011,3517
155.308,1012,3521
155.317,1013,3523
155.344,1014,3523
155.361,1015,3523
155.368,1016,3523
155.382,1017,3523
155.389,1018,3524
155.433,1019,3524
155.457,1020,3525
155.47,1021,3527
155.492,1022,3527
155.501,1023,3527
155.507,1024,3527
155.526,1025,3527
155.558,1026,3527
155.6,1027,3527
155.65,1028,3527
155.696,1029,3527
155.734,1030,3527
155.801,1031,3531
155.828,1032,3531
155.884,1033,3536
155.919,1034,3559
155.951,1035,3560
155.961,1036,3560
155.973,1037,3560
156.027,1038,3592
156.043,1039,3592
156.07,1040,3592
156.127,1041,3592
156.16,1042,3598
156.194,1043,3598
156.305,1044,3615
156.335,1045,3629
156.366,1046,3630
156.37,1047,3630
156.398,1048,3631
156.418,1049,3635
156.424,1050,3636
156.43,1051,3636
156.488,1052,3636
156.511,1053,3636
156.533,1054,3637
156.613,1055,3646
156.636,1056,3648
156.657,1057,3649
156.675,1058,3649
156.74,1059,3649
156.773,1060,3649
156.791,1061,3649
156.81,1062,3652
156.819,1063,3652
156.833,1064,3652
156.848,1065,3653
156.941,1066,3653
156.946,1067,3653
157.031,1068,3659
157.081,1069,3659
157.116,1070,3659
157.235,1071,3659
157.248,1072,3659
157.313,1073,3659
157.338,1074,3659
157.405,1075,3659
157.414,1076,3660
157.431,1077,3660
157.466,1078,3660
157.503,1079,3665
157.524,1080,3665
157.578,1081,3666
157.652,1082,3668
157.667,1083,3669
157.671,1084,3669
157.699,1085,3669
157.755,1086,3669
157.786,1087,3669
157.826,1088,3671
157.834,1089,3671
157.884,1090,3671
157.921,1091,3671
157.964,1092,3671
157.981,1093,3671
157.988,1094,3673
158.069,1095,3676
158.104,1096,3684
158.163,1097,3684
158.178,1098,3685
158.21,1099,3685
158.288,1100,3685
158.363,1101,3686
158.412,1102,3686
158.493,1103,3696
158.514,1104,3697
158.517,1105,3704
158.6,1106,3704
158.612,1107,3707
158.618,1108,3707
158.676,1109,3707
158.703,1110,3707
158.743,1111,3707
158.776,1112,3707
158.78,1113,3710
158.971,1114,3711
158.995,1115,3711
159.22,1116,3777
159.261,1117,3777
159.299,1118,3777
159.364,1119,3777
159.443,1120,3778
159.715,1121,3780
159.77,1122,3784
159.83,1123,3784
159.919,1124,3784
159.999,1125,3785
160.081,1126,3790
160.115,1127,3802
160.209,1128,3803
160.218,1129,3809
160.264,1130,3809
160.274,1131,3811
160.294,1132,3813
160.367,1133,3813
160.414,1134,3813
160.514,1135,3813
160.599,1136,3813
160.702,1137,3813
160.824,1138,3814
161.226,1139,3834
161.915,1140,3834
161.931,1141,3834
162.042,1142,3835
162.058,1143,3835
162.074,1144,3836
162.173,1145,3838
162.186,1146,3838
162.387,1147,3839
162.465,1148,3839
162.497,1149,3841
162.52,1150,3841
162.593,1151,3842
162.655,1152,3847
162.852,1153,3849
162.936,1154,3849
163.134,1155,3849
163.409,1156,3849
163.428,1157,3849
163.595,1158,3849
163.808,1159,3850
163.881,1160,3850
163.9,1161,3850
163.955,1162,3850
164.101,1163,3850
164.125,1164,3850
164.148,1165,3850
164.202,1166,3852
164.605,1167,3855
165.012,1168,3855
165.234,1169,3855
165.515,1170,3855
166.139,1171,3856
166.182,1172,3856
166.364,1173,3856
166.561,1174,3858
166.73,1175,3858
167.668,1176,3858
167.752,1177,3858
167.9,1178,3859
168.018,1179,3860
168.183,1180,3860
168.254,1181,3860
168.476,1182,3860
168.534,1183,3860
168.644,1184,3860
168.936,1185,3860
168.975,1186,3860
169.122,1187,3862
169.179,1188,3862
169.305,1189,3872
169.495,1190,3878
169.725,1191,3878
169.74,1192,3878
169.779,1193,3878
169.987,1194,3879
170.0,1195,3879
170.027,1196,3879
170.069,1197,3879
170.138,1198,3879
170.247,1199,3879
170.34,1200,3879
170.368,1201,3879
170.867,1202,3881
171.216,1203,3881
171.478,1204,3881
171.484,1205,3881
171.496,1206,3881
171.565,1207,3883
172.035,1208,3883
172.058,1209,3883
172.078,1210,3883
172.087,1211,3883
172.121,1212,3883
172.153,1213,3883
172.165,1214,3883
172.204,1215,3884
172.292,1216,3885
172.35,1217,3885
172.516,1218,3885
172.522,1219,3885
172.546,1220,3885
172.609,1221,3885
172.657,1222,3885
172.799,1223,3885
172.857,1224,3885
172.889,1225,3886
173.118,1226,3886
173.126,1227,3886
173.222,1228,3886
173.237,1229,3886
173.245,1230,3886
173.546,1231,3887
173.573,1232,3887
173.603,1233,3887
173.662,1234,3888
173.757,1235,3888
173.767,1236,3888
173.925,1237,3888
174.087,1238,3888
174.128,1239,3892
174.205,1240,3892
174.3,1241,3892
174.344,1242,3892
174.358,1243,3892
174.601,1244,3892
174.749,1245,3892
174.894,1246,3895
174.919,1247,3895
174.998,1248,3895
175.025,1249,3895
175.096,1250,3895
175.111,1251,3903
176.273,1252,3903
176.47,1253,3903
176.518,1254,3903
177.082,1255,3903
177.099,1256,3903
177.807,1257,3904
177.826,1258,3904
177.878,1259,3904
177.887,1260,3904
177.901,1261,3904
178.061,1262,3910
178.554,1263,3913
178.628,1264,3913
178.633,1265,3913
178.768,1266,3913
178.772,1267,3915
178.816,1268,3915
178.82,1269,3915
178.966,1270,3916
179.026,1271,3916
179.049,1272,3916
179.089,1273,3917
179.123,1274,3917
179.167,1275,3917
179.183,1276,3918
179.2,1277,3918
179.258,1278,3918
179.329,1279,3918
179.346,1280,3918
179.352,1281,3918
179.358,1282,3918
179.417,1283,3918
179.427,1284,3918
179.667,1285,3918
179.698,1286,3918
179.715,1287,3918
179.779,1288,3919
179.794,1289,3919
179.852,1290,3920
180.012,1291,3920
180.076,1292,3920
180.247,1293,3920
180.282,1294,3920
180.424,1295,3920
180.592,1296,3920
180.618,1297,3922
180.671,1298,3922
180.68,1299,3922
180.713,1300,3922
180.789,1301,3922
180.842,1302,3923
180.989,1303,3923
181.112,1304,3923
181.128,1305,3923
181.289,1306,3923
181.308,1307,3923
181.428,1308,3923
181.473,1309,3923
181.483,1310,3923
181.509,1311,3923
181.526,1312,3923
181.599,1313,3923
181.635,1314,3923
181.69,1315,3923
181.767,1316,3923
181.795,1317,3923
181.895,1318,3923
181.957,1319,3926
182.071,1320,3926
182.744,1321,3926
182.866,1322,3926
182.958,1323,3926
183.098,1324,3926
183.109,1325,3926
183.171,1326,3926
183.256,1327,3926
183.263,1328,3926
183.29,1329,3926
183.472,1330,3926
183.516,1331,3926
183.542,1332,3927
183.557,1333,3944
183.661,1334,3944
183.808,1335,3944
183.97,1336,3945
184.012,1337,3946
184.111,1338,3949
184.14,1339,3950
184.201,1340,3950
184.316,1341,3950
184.648,1342,3950
184.738,1343,3950
184.78,1344,3950
184.785,1345,3950
184.822,1346,3951
184.971,1347,3951
185.077,1348,3953
185.11,1349,3953
185.321,1350,3955
185.413,1351,3955
185.578,1352,3955
185.627,1353,3955
185.806,1354,3956
185.838,1355,3956
185.873,1356,3956
185.939,1357,3956
186.053,1358,3956
186.453,1359,3961
186.728,1360,3961
186.766,1361,3961
186.853,1362,3962
186.908,1363,3962
187.017,1364,3962
187.114,1365,3962
187.363,1366,3962
187.399,1367,3966
187.497,1368,3966
187.611,1369,3966
187.928,1370,3966
187.965,1371,3966
188.101,1372,3967
188.18,1373,3967
188.31,1374,3967
188.42,1375,3968
188.61,1376,3968
188.883,1377,3968
188.962,1378,3968
189.2,1379,3971
189.347,1380,3971
189.816,1381,3971
190.058,1382,3971
190.12,1383,3971
190.219,1384,3971
190.344,1385,3971
190.444,1386,3971
190.466,1387,3971
190.641,1388,3975
190.654,1389,3975
190.817,1390,3975
190.862,1391,3975
190.919,1392,3975
191.141,1393,3975
191.147,1394,3975
191.177,1395,3975
191.239,1396,3981
191.311,1397,3981
191.593,1398,3983
191.675,1399,3983
191.734,1400,3983
191.923,1401,3983
192.017,1402,3984
192.096,1403,3984
192.18,1404,3985
192.197,1405,3985
192.375,1406,3986
192.444,1407,3986
192.558,1408,3986
192.682,1409,3986
192.787,1410,3986
192.802,1411,3986
192.896,1412,3987
193.181,1413,3996
193.518,1414,3996
193.934,1415,3996
194.397,1416,3996
194.507,1417,3996
194.578,1418,3996
194.881,1419,3996
194.992,1420,3996
195.162,1421,3996
195.549,1422,3997
195.653,1423,4002
195.832,1424,4002
195.923,1425,4002
196.266,1426,4002
196.329,1427,4003
196.408,1428,4003
196.451,1429,4003
196.577,1430,4003
196.983,1431,4003
197.083,1432,4003
197.208,1433,4003
197.227,1434,4003
197.705,1435,4007
198.045,1436,4007
198.296,1437,4007
198.398,1438,4007
198.483,1439,4008
198.61,1440,4008
198.819,1441,4008
198.969,1442,4008
198.993,1443,4008
199.185,1444,4008
199.849,1445,4008
199.946,1446,4008
199.993,1447,4008
200.204,1448,4009
200.307,1449,4010
200.422,1450,4010
200.453,1451,4010
201.646,1452,4010
201.807,1453,4010
202.526,1454,4010
202.83,1455,4010
202.937,1456,4010
203.322,1457,4025
203.452,1458,4025
203.514,1459,4026
203.916,1460,4026
203.965,1461,4026
204.396,1462,4026
204.475,1463,4026
204.895,1464,4026
205.401,1465,4026
205.886,1466,4026
205.943,1467,4026
206.106,1468,4026
206.389,1469,4026
207.098,1470,4026
208.135,1471,4026
208.341,1472,4028
208.375,1473,4028
208.453,1474,4028
208.55,1475,4028
208.688,1476,4028
208.95,1477,4029
209.153,1478,4029
210.663,1479,4029
211.324,1480,4029
211.462,1481,4029
211.588,1482,4029
211.907,1483,4029
212.519,1484,4033
212.613,1485,4033
212.743,1486,4033
213.101,1487,4033
213.216,1488,4033
213.65,1489,4034
213.986,1490,4034
214.08,1491,4034
214.327,1492,4034
214.418,1493,4036
214.679,1494,4036
214.951,1495,4038
216.089,1496,4038
216.292,1497,4039
216.295,1498,4039
216.651,1499,4055
216.684,1500,4055
216.695,1501,4055
216.723,1502,4055
216.741,1503,4055
216.747,1504,4055
216.769,1505,4058
216.787,1506,4058
216.815,1507,4059
216.834,1508,4060
216.888,1509,4060
216.926,1510,4060
216.954,1511,4060
216.957,1512,4060
217.004,1513,4060
217.018,1514,4065
217.03,1515,4065
217.122,1516,4065
217.163,1517,4065
217.172,1518,4065
217.208,1519,4065
217.229,1520,4065
217.294,1521,4065
217.374,1522,4065
217.491,1523,4065
217.509,1524,4065
217.531,1525,4065
217.546,1526,4065
217.655,1527,4065
217.735,1528,4065
217.825,1529,4065
217.89,1530,4080
217.916,1531,4082
218.11,1532,4082
218.41,1533,4083
218.519,1534,4083
218.636,1535,4084
218.698,1536,4084
218.942,1537,4089
218.963,1538,4089
219.253,1539,4089
219.292,1540,4094
219.332,1541,4094
219.411,1542,4094
219.427,1543,4094
219.514,1544,4094
219.575,1545,4095
219.638,1546,4095
219.826,1547,4095
219.861,1548,4095
219.887,1549,4095
219.915,1550,4095
219.933,1551,4095
219.991,1552,4101
220.163,1553,4101
220.186,1554,4101
220.222,1555,4101
220.308,1556,4101
220.334,1557,4101
220.504,1558,4102
220.59,1559,4130
220.612,1560,4130
220.668,1561,4130
220.723,1562,4130
221.15,1563,4130
221.179,1564,4130
221.634,1565,4130
221.716,1566,4184
221.721,1567,4185
221.759,1568,4185
221.764,1569,4185
221.768,1570,4191
221.775,1571,4195
221.781,1572,4200
221.786,1573,4200
222.265,1574,4202
222.274,1575,4203
222.32,1576,4234
222.35,1577,4234
222.402,1578,4239
222.413,1579,4239
222.418,1580,4243
222.445,1581,4253
222.459,1582,4253
222.47,1583,4254
222.495,1584,4254
222.553,1585,4254
222.591,1586,4256
222.756,1587,4256
222.792,1588,4256
222.802,1589,4259
222.819,1590,4259
222.837,1591,4261
222.881,1592,4268
222.897,1593,4268
222.956,1594,4281
222.98,1595,4281
223.042,1596,4281
223.122,1597,4281
223.133,1598,4283
223.174,1599,4283
223.187,1600,4283
223.219,1601,4286
223.446,1602,4286
223.481,1603,4287
223.49,1604,4287
223.51,1605,4287
223.532,1606,4292
223.556,1607,4292
223.663,1608,4292
223.724,1609,4292
223.806,1610,4292
223.865,1611,4292
223.925,1612,4293
224.08,1613,4299
224.109,1614,4309
224.141,1615,4313
224.152,1616,4313
224.26,1617,4314
224.265,1618,4314
224.358,1619,4315
224.363,1620,4315
224.383,1621,4318
224.548,1622,4318
224.554,1623,4318
224.77,1624,4320
224.804,1625,4320
224.823,1626,4320
224.866,1627,4322
225.117,1628,4337
225.176,1629,4337
225.379,1630,4337
225.432,1631,4337
225.471,1632,4338
225.579,1633,4338
225.799,1634,4338
226.32,1635,4338
226.38,1636,4341
226.55,1637,4342
226.913,1638,4342
227.137,1639,4342
227.153,1640,4432
227.219,1641,4432
227.282,1642,4432
227.619,1643,4432
228.24,1644,4432
228.699,1645,4432
228.867,1646,4432
228.918,1647,4432
229.015,1648,4432
229.33,1649,4432
229.336,1650,4432
229.649,1651,4432
229.763,1652,4432
230.187,1653,4432
230.208,1654,4432
230.264,1655,4432
230.472,1656,4432
230.774,1657,4432
230.939,1658,4433
230.99,1659,4434
231.273,1660,4434
231.682,1661,4434
231.851,1662,4434
231.889,1663,4434
232.162,1664,4434
232.207,1665,4434
232.481,1666,4434
232.637,1667,4434
232.673,1668,4434
233.527,1669,4434
235.718,1670,4434
237.048,1671,4434
237.114,1672,4435
237.358,1673,4435
237.397,1674,4435
237.429,1675,4435
237.675,1676,4435
238.291,1677,4435
238.328,1678,4435
239.417,1679,4435
240.748,1680,4435
241.065,1681,4435
241.516,1682,4435
242.091,1683,4435
242.35,1684,4435
242.698,1685,4436
242.745,1686,4436
243.513,1687,4436
244.124,1688,4436
244.249,1689,4436
244.811,1690,4436
244.975,1691,4436
245.332,1692,4436
245.622,1693,4436
245.673,1694,4436
245.705,1695,4436
246.497,1696,4436
246.502,1697,4437
246.509,1698,4437
246.516,1699,4437
246.52,1700,4438
246.524,1701,4440
246.534,1702,4440
246.539,1703,4443
246.559,1704,4443
246.566,1705,4444
246.57,1706,4444
246.577,1707,4444
246.603,1708,4444
246.607,1709,4445
246.613,1710,4447
246.62,1711,4449
246.632,1712,4450
246.646,1713,4451
246.666,1714,4451
246.933,1715,4452
246.94,1716,4452
247.789,1717,4452
247.798,1718,4452
247.803,1719,4452
247.823,1720,4452
247.828,1721,4452
247.832,1722,4453
247.858,1723,4453
247.866,1724,4453
247.872,1725,4453
247.881,1726,4453
247.887,1727,4453
247.913,1728,4454
247.919,1729,4455
247.942,1730,4455
247.946,1731,4455
247.96,1732,4456
247.968,1733,4456
248.025,1734,4457
248.048,1735,4457
248.055,1736,4457
248.087,1737,4457
248.092,1738,4457
248.095,1739,4457
248.109,1740,4457
248.134,1741,4457
248.156,1742,4458
248.173,1743,4458
248.256,1744,4458
248.304,1745,4458
248.405,1746,4458
248.449,1747,4458
248.512,1748,4458
248.604,1749,4458
248.676,1750,4458
248.7,1751,4458
248.736,1752,4458
248.804,1753,4474
248.817,1754,4474
248.861,1755,4474
248.87,1756,4475
248.9,1757,4475
248.959,1758,4475
248.971,1759,4475
248.986,1760,4475
248.997,1761,4475
249.001,1762,4475
249.025,1763,4475
249.045,1764,4475
249.134,1765,4475
249.24,1766,4475
249.259,1767,4475
249.272,1768,4475
249.296,1769,4475
249.428,1770,4476
249.579,1771,4476
249.647,1772,4476
249.652,1773,4477
249.813,1774,4478
249.889,1775,4478
249.95,1776,4478
250.031,1777,4478
250.064,1778,4478
250.084,1779,4478
250.124,1780,4478
250.17,1781,4478
250.195,1782,4478
250.291,1783,4478
250.362,1784,4478
250.376,1785,4478
250.404,1786,4479
250.638,1787,4479
250.651,1788,4479
250.712,1789,4479
250.72,1790,4480
250.795,1791,4480
250.91,1792,4480
250.94,1793,4480
250.979,1794,4481
251.122,1795,4482
251.183,1796,4482
251.308,1797,4482
251.389,1798,4482
251.497,1799,4482
251.504,1800,4482
251.519,1801,4482
251.699,1802,4482
251.84,1803,4484
251.934,1804,4484
252.234,1805,4484
252.549,1806,4484
252.614,1807,4484
252.779,1808,4485
252.791,1809,4485
252.923,1810,4485
253.093,1811,4485
253.204,1812,4486
255.943,1813,4486
255.954,1814,4486
255.973,1815,4486
256.027,1816,4486
257.126,1817,4489
257.137,1818,4492
257.143,1819,4492
257.157,1820,4492
257.185,1821,4492
257.206,1822,4492
257.218,1823,4492
257.265,1824,4492
257.292,1825,4492
257.306,1826,4492
257.313,1827,4492
257.385,1828,4493
257.422,1829,4493
257.454,1830,4493
257.463,1831,4493
257.519,1832,4505
257.547,1833,4505
257.595,1834,4505
257.672,1835,4505
257.778,1836,4505
257.781,1837,4505
257.796,1838,4505
257.814,1839,4505
257.899,1840,4505
257.926,1841,4505
258.017,1842,4505
258.043,1843,4505
258.054,1844,4505
258.087,1845,4505
258.092,1846,4505
258.101,1847,4505
258.124,1848,4506
258.194,1849,4507
258.205,1850,4507
258.228,1851,4507
258.256,1852,4507
258.323,1853,4508
258.403,1854,4508
258.439,1855,4508
258.503,1856,4508
258.783,1857,4508
258.817,1858,4508
258.998,1859,4508
259.013,1860,4508
259.041,1861,4508
259.161,1862,4508
259.204,1863,4512
259.261,1864,4512
259.993,1865,4512
260.077,1866,4513
260.197,1867,4516
260.238,1868,4516
260.313,1869,4516
260.521,1870,4516
260.645,1871,4516
260.745,1872,4516
260.924,1873,4516
260.936,1874,4516
261.096,1875,4516
261.123,1876,4516
261.178,1877,4516
261.301,1878,4516
261.457,1879,4517
261.796,1880,4517
261.947,1881,4517
262.098,1882,4517
262.119,1883,4517
265.073,1884,4517
265.164,1885,4525
265.655,1886,4525
265.675,1887,4526
265.705,1888,4526
265.737,1889,4540
265.789,1890,4541
266.035,1891,4634
266.17,1892,4634
266.202,1893,4634
266.253,1894,4635
266.321,1895,4636
266.431,1896,4637
266.478,1897,4646
266.936,1898,4647
266.979,1899,4651
267.284,1900,4652
267.34,1901,4652
267.791,1902,4653
267.948,1903,4653
267.99,1904,4655
268.054,1905,4659
268.098,1906,4659
268.17,1907,4660
268.213,1908,4661
268.296,1909,4663
268.429,1910,4663
268.584,1911,4663
268.851,1912,4665
268.928,1913,4665
268.983,1914,4665
269.283,1915,4665
269.478,1916,4665
269.509,1917,4666
269.531,1918,4667
269.655,1919,4667
269.903,1920,4667
269.996,1921,4667
270.375,1922,4667
270.529,1923,4667
270.709,1924,4728
270.719,1925,4728
271.086,1926,4728
271.19,1927,4728
271.239,1928,4729
271.419,1929,4729
271.44,1930,4733
271.76,1931,4733
271.952,1932,4735
272.144,1933,4735
272.293,1934,4739
272.619,1935,4739
272.633,1936,4739
272.793,1937,4739
272.845,1938,4739
274.062,1939,4739
274.194,1940,4739
274.307,1941,4740
274.383,1942,4741
274.399,1943,4742
274.441,1944,4742
274.446,1945,4742
274.471,1946,4742
274.583,1947,4745
275.719,1948,4745
275.764,1949,4745
275.813,1950,4745
275.827,1951,4745
275.934,1952,4745
275.989,1953,4746
276.092,1954,4746
276.115,1955,4790
276.182,1956,4792
276.675,1957,4793
277.0,1958,4793
277.24,1959,4793
277.391,1960,4793
277.782,1961,4793
278.271,1962,4793
278.299,1963,4793
278.892,1964,4793
278.931,1965,4793
278.978,1966,4795
279.28,1967,4796
279.391,1968,4796
279.508,1969,4796
279.98,1970,4796
280.218,1971,4796
280.293,1972,4796
280.559,1973,4796
280.932,1974,4796
281.945,1975,4796
282.981,1976,4796
284.203,1977,4796
284.806,1978,4796
286.334,1979,4796
287.358,1980,4796
287.472,1981,4796
287.571,1982,4796
290.011,1983,4796
290.045,1984,4798
290.499,1985,4798
292.424,1986,4798
298.1,1987,4798
307.11,1988,4799
307.222,1989,4799
307.344,1990,4799
307.69,1991,4799
307.912,1992,4799
308.475,1993,4800
308.944,1994,4802
317.337,1995,4803
317.893,1996,4803
318.497,1997,4805
318.572,1998,4805
318.679,1999,4806
318.766,2000,4806
318.943,2001,4806
319.019,2002,4806
319.149,2003,4808
320.146,2004,4812
320.352,2005,4814
320.694,2006,4814
321.099,2007,4815
321.36,2008,4815
321.375,2009,4815
322.152,2010,4834
322.44,2011,4834
322.637,2012,4834
324.196,2013,4835
324.296,2014,4835
324.429,2015,4835
327.187,2016,4835
327.397,2017,4835
327.501,2018,4835
327.634,2019,4835
327.703,2020,4836
327.806,2021,4838
328.035,2022,4839
328.336,2023,4840
328.852,2024,4840
329.247,2025,4840
329.302,2026,4840
329.335,2027,4840
329.708,2028,4841
329.72,2029,4841
329.762,2030,4843
330.335,2031,4843
330.488,2032,4843
330.672,2033,4846
330.726,2034,4846
331.01,2035,4846
331.163,2036,4847
331.419,2037,4847
331.466,2038,4848
331.513,2039,4848
332.032,2040,4848
332.289,2041,4848
332.346,2042,4848
333.683,2043,4848
333.791,2044,4848
333.998,2045,4848
334.031,2046,4848
334.056,2047,4848
334.077,2048,4848
334.119,2049,4848
334.122,2050,4848
334.163,2051,4848
334.178,2052,4848
334.318,2053,4848
334.33,2054,4848
334.404,2055,4848
334.466,2056,4848
334.614,2057,4848
334.721,2058,4848
334.733,2059,4848
334.821,2060,4848
334.867,2061,4848
335.074,2062,4848
335.161,2063,4848
335.192,2064,4848
335.296,2065,4848
335.625,2066,4848
336.055,2067,4848
336.077,2068,4850
336.55,2069,4850
337.063,2070,4850
337.308,2071,4850
337.463,2072,4850
337.761,2073,4850
341.651,2074,4850
341.837,2075,4850
344.432,2076,4850
344.85,2077,4850
345.014,2078,4850
345.197,2079,4850
346.203,2080,4850
346.265,2081,4850
348.439,2082,4855
349.125,2083,4855
349.982,2084,4855
350.853,2085,4855
351.816,2086,4855
351.98,2087,4855
352.512,2088,4859
356.855,2089,4859
357.627,2090,4860
357.663,2091,4860
357.884,2092,4860
358.34,2093,4860
358.35,2094,4860
358.562,2095,4860
359.083,2096,4860
359.09,2097,4860
359.932,2098,4860
360.338,2099,4860
362.463,2100,4860
362.745,2101,4860
362.978,2102,4860
363.452,2103,4860
363.639,2104,4860
363.893,2105,4860
364.021,2106,4861
364.873,2107,4862
365.169,2108,4862
367.356,2109,4862
368.865,2110,4862
369.068,2111,4862
369.29,2112,4864
369.797,2113,4866
371.373,2114,4866
372.33,2115,4866
373.009,2116,4866
374.802,2117,4866
375.487,2118,4867
375.503,2119,4867
376.683,2120,4867
377.116,2121,4873
377.253,2122,4873
377.291,2123,4873
377.592,2124,4874
377.758,2125,4874
377.861,2126,4874
378.111,2127,4875
378.888,2128,4875
378.977,2129,4875
379.832,2130,4876
379.982,2131,4876
380.056,2132,4876
380.166,2133,4876
380.278,2134,4876
380.947,2135,4876
381.039,2136,4876
381.302,2137,4876
381.506,2138,4876
382.198,2139,4876
382.71,2140,4876
382.765,2141,4876
382.88,2142,4876
383.831,2143,4876
383.946,2144,4876
384.145,2145,4876
384.457,2146,4876
385.568,2147,4876
386.239,2148,4876
386.566,2149,4876
388.223,2150,4876
389.435,2151,4876
389.567,2152,4876
390.111,2153,4876
390.901,2154,4878
391.597,2155,4878
391.918,2156,4878
393.52,2157,4878
393.635,2158,4878
394.556,2159,4878
395.444,2160,4878
397.728,2161,4878
398.472,2162,4878
398.508,2163,4878
399.424,2164,4878
400.17,2165,4878
400.28,2166,4878
400.502,2167,4881
400.555,2168,4882
401.062,2169,4884
401.087,2170,4884
401.116,2171,4884
401.136,2172,4884
401.203,2173,4884
401.271,2174,4886
401.302,2175,4886
401.322,2176,4886
401.365,2177,4886
401.412,2178,4887
401.502,2179,4887
401.588,2180,4901
401.616,2181,4901
401.863,2182,4901
402.094,2183,4901
402.311,2184,4901
402.422,2185,4905
402.432,2186,4905
402.525,2187,4905
402.653,2188,4906
402.7,2189,4906
402.805,2190,4906
402.995,2191,4907
403.052,2192,4907
403.133,2193,4907
403.837,2194,4907
403.862,2195,4907
403.874,2196,4907
404.075,2197,4907
404.439,2198,4907
404.976,2199,4907
405.023,2200,4911
405.336,2201,4911
405.529,2202,4911
405.633,2203,4911
405.72,2204,4911
405.843,2205,4911
406.92,2206,4911
407.035,2207,4911
407.734,2208,4913
408.428,2209,4913
408.68,2210,4913
409.557,2211,4913
409.656,2212,4913
409.726,2213,4913
410.155,2214,4913
410.238,2215,4913
410.733,2216,4913
410.968,2217,4916
412.039,2218,4916
412.144,2219,4916
412.157,2220,4922
412.304,2221,4922
412.382,2222,4922
412.981,2223,4924
413.056,2224,4931
414.081,2225,4931
414.659,2226,4931
415.442,2227,4931
416.077,2228,4931
416.677,2229,4931
416.693,2230,4931
416.715,2231,4931
416.812,2232,4941
416.82,2233,4941
416.909,2234,4941
416.921,2235,4942
416.941,2236,4942
417.235,2237,4942
417.257,2238,4943
417.687,2239,4946
417.865,2240,4951
417.91,2241,4953
418.179,2242,4953
418.285,2243,4953
418.573,2244,4956
418.751,2245,4958
418.771,2246,4959
419.257,2247,4962
419.529,2248,4964
419.679,2249,4965
419.885,2250,4965
420.428,2251,4965
421.114,2252,4965
421.57,2253,4969
421.665,2254,4969
422.974,2255,4969
423.489,2256,4969
424.012,2257,4969
425.952,2258,4969
425.956,2259,4970
426.026,2260,4970
426.034,2261,4970
426.293,2262,4970
426.697,2263,4970
426.717,2264,4972
426.734,2265,4972
426.738,2266,4973
426.746,2267,4973
426.763,2268,4973
426.781,2269,4974
426.789,2270,4974
426.799,2271,4974
426.816,2272,4974
426.826,2273,4974
426.843,2274,4974
426.903,2275,4976
426.913,2276,4976
426.968,2277,4976
426.987,2278,4976
427.066,2279,4976
427.103,2280,4976
427.111,2281,4977
427.16,2282,4977
427.212,2283,4979
427.247,2284,4979
427.261,2285,4981
427.287,2286,4981
427.317,2287,4981
427.341,2288,4981
427.418,2289,4981
427.449,2290,4981
427.48,2291,4998
427.509,2292,5001
427.524,2293,5001
427.624,2294,5001
427.628,2295,5016
427.673,2296,5016
427.714,2297,5016
427.8,2298,5037
427.854,2299,5037
427.915,2300,5042
427.96,2301,5043
428.15,2302,5043
428.21,2303,5043
428.324,2304,5043
428.343,2305,5043
428.35,2306,5043
428.458,2307,5043
428.497,2308,5044
428.703,2309,5044
428.717,2310,5047
428.76,2311,5051
428.812,2312,5051
428.969,2313,5051
428.98,2314,5051
429.024,2315,5051
429.291,2316,5051
429.393,2317,5051
429.47,2318,5051
429.506,2319,5052
429.632,2320,5053
429.703,2321,5053
429.871,2322,5053
429.996,2323,5062
430.017,2324,5062
430.046,2325,5062
430.131,2326,5062
430.369,2327,5066
430.48,2328,5066
430.911,2329,5068
431.065,2330,5068
431.204,2331,5068
431.358,2332,5068
431.388,2333,5068
431.489,2334,5068
431.577,2335,5068
431.749,2336,5068
450.122,2337,5068
450.255,2338,5068
450.344,2339,5068
450.445,2340,5068
450.695,2341,5068
450.941,2342,5068
451.205,2343,5068
451.267,2344,5068
451.471,2345,5068
451.502,2346,5068
451.87,2347,5068
452.368,2348,5068
452.967,2349,5068
453.044,2350,5068
453.204,2351,5068
454.243,2352,5068
455.052,2353,5068
456.441,2354,5068
457.653,2355,5068
458.051,2356,5068
458.07,2357,5068
458.145,2358,5068
458.449,2359,5068
458.701,2360,5068
458.986,2361,5068
459.359,2362,5068
460.584,2363,5068
460.897,2364,5068
462.076,2365,5068
462.535,2366,5068
462.847,2367,5068
465.218,2368,5068
466.887,2369,5070
468.329,2370,5070
468.527,2371,5070
468.806,2372,5074
468.938,2373,5074
469.186,2374,5074
469.818,2375,5074
469.828,2376,5074
469.97,2377,5074
470.457,2378,5074
470.737,2379,5074
471.144,2380,5074
472.39,2381,5074
472.546,2382,5074
473.993,2383,5074
474.604,2384,5074
478.159,2385,5074
478.465,2386,5074
479.286,2387,5074
479.469,2388,5074
479.677,2389,5074
479.727,2390,5074
479.766,2391,5074
479.776,2392,5074
479.8,2393,5074
479.825,2394,5074
479.831,2395,5074
479.966,2396,5074
480.016,2397,5074
480.329,2398,5074
480.578,2399,5074
480.667,2400,5074
480.847,2401,5074
481.164,2402,5074
481.225,2403,5074
481.257,2404,5074
481.467,2405,5118
481.517,2406,5118
481.606,2407,5118
481.774,2408,5118
481.791,2409,5118
482.123,2410,5118
482.253,2411,5118
482.382,2412,5118
482.4,2413,5118
482.767,2414,5118
482.845,2415,5157
482.86,2416,5157
483.049,2417,5157
483.331,2418,5157
483.464,2419,5157
483.665,2420,5157
483.996,2421,5157
484.135,2422,5157
484.569,2423,5157
484.89,2424,5157
484.951,2425,5158
485.521,2426,5158
485.63,2427,5158
485.777,2428,5159
485.899,2429,5159
486.537,2430,5159
486.831,2431,5159
487.34,2432,5159
487.65,2433,5159
488.208,2434,5159
488.504,2435,5159
490.335,2436,5159
490.762,2437,5159
491.392,2438,5159
492.048,2439,5159
492.19,2440,5159
492.594,2441,5159
493.738,2442,5159
494.086,2443,5159
494.248,2444,5159
495.989,2445,5159
496.185,2446,5159
497.722,2447,5159
497.848,2448,5159
498.177,2449,5159
498.231,2450,5159
499.322,2451,5159
499.843,2452,5159
501.22,2453,5159
501.54,2454,5159
501.576,2455,5159
501.665,2456,5159
501.758,2457,5159
502.014,2458,5159
502.222,2459,5159
503.555,2460,5159
505.883,2461,5159
507.433,2462,5159
508.566,2463,5167
509.356,2464,5167
509.794,2465,5167
512.407,2466,5168
512.457,2467,5168
513.209,2468,5168
513.247,2469,5168
513.312,2470,5168
513.391,2471,5169
513.401,2472,5169
513.444,2473,5169
513.673,2474,5169
513.744,2475,5169
513.754,2476,5171
514.06,2477,5174
514.072,2478,5174
514.093,2479,5174
514.149,2480,5182
514.243,2481,5183
514.679,2482,5183
515.121,2483,5184
515.397,2484,5185
516.066,2485,5185
516.242,2486,5185
516.391,2487,5187
516.487,2488,5187
516.597,2489,5187
516.668,2490,5187
516.941,2491,5193
516.987,2492,5193
517.168,2493,5193
517.268,2494,5193
517.274,2495,5193
517.831,2496,5193
517.938,2497,5193
518.508,2498,5193
519.217,2499,5193
519.316,2500,5194
520.062,2501,5195
522.437,2502,5195
524.087,2503,5209
526.303,2504,5209
527.432,2505,5209
527.9,2506,5209
528.143,2507,5212
530.097,2508,5213
530.343,2509,5214
531.609,2510,5214
540.313,2511,5214
542.336,2512,5214
543.958,2513,5214
544.752,2514,5214
546.68,2515,5214
550.786,2516,5214
553.185,2517,5214
557.386,2518,5215
558.554,2519,5215
559.842,2520,5215
562.177,2521,5215
562.784,2522,5215
563.388,2523,5215
564.028,2524,5216
564.878,2525,5216
566.945,2526,5218
567.104,2527,5218
571.102,2528,5218
571.523,2529,5218
571.719,2530,5218
571.768,2531,5218
572.005,2532,5218
572.412,2533,5219
573.713,2534,5219
575.031,2535,5222
575.413,2536,5222
575.833,2537,5222
576.131,2538,5222
577.584,2539,5225
577.598,2540,5225
578.471,2541,5225
582.601,2542,5225
583.6,2543,5225
586.257,2544,5225
586.288,2545,5225
587.494,2546,5225
588.963,2547,5225
589.882,2548,5226
597.255,2549,5226
600.011,2550,5227
600.298,2551,5227
602.567,2552,5228
602.63,2553,5228
605.834,2554,5228
608.704,2555,5228
609.001,2556,5228
609.201,2557,5228
609.497,2558,5231
610.681,2559,5231
611.96,2560,5231
611.986,2561,5231
612.137,2562,5231
614.061,2563,5231
614.195,2564,5231
615.527,2565,5231
616.174,2566,5231
616.182,2567,5231
616.283,2568,5231
616.714,2569,5231
617.15,2570,5231
617.85,2571,5231
617.96,2572,5231
618.491,2573,5231
618.765,2574,5233
618.876,2575,5233
620.342,2576,5233
620.707,2577,5233
620.987,2578,5233
621.107,2579,5233
621.173,2580,5233
621.939,2581,5233
622.017,2582,5233
622.184,2583,5233
622.757,2584,5233
623.647,2585,5233
623.872,2586,5233
623.919,2587,5234
624.558,2588,5235
626.542,2589,5235
626.692,2590,5235
628.743,2591,5235
629.412,2592,5235
629.672,2593,5235
630.147,2594,5235
630.967,2595,5235
632.219,2596,5241
632.594,2597,5241
633.582,2598,5244
634.35,2599,5244
634.556,2600,5244
634.789,2601,5244
634.845,2602,5244
635.397,2603,5244
636.777,2604,5244
636.918,2605,5244
638.834,2606,5244
638.971,2607,5244
640.464,2608,5244
641.453,2609,5244
642.273,2610,5245
643.094,2611,5245
645.826,2612,5245
645.832,2613,5246
645.855,2614,5247
646.541,2615,5247
647.605,2616,5248
648.016,2617,5248
648.284,2618,5250
649.329,2619,5251
649.34,2620,5251
651.389,2621,5251
654.083,2622,5251
654.517,2623,5251
655.669,2624,5251
657.353,2625,5251
657.371,2626,5251
657.443,2627,5251
660.244,2628,5251
662.836,2629,5251
663.879,2630,5252
665.54,2631,5252
667.186,2632,5256
667.388,2633,5256
667.526,2634,5256
667.845,2635,5257
667.96,2636,5258
667.966,2637,5258
668.102,2638,5258
668.191,2639,5258
668.202,2640,5258
668.606,2641,5258
668.797,2642,5258
669.058,2643,5259
669.133,2644,5259
669.254,2645,5259
669.397,2646,5259
669.478,2647,5259
669.596,2648,5260
670.453,2649,5260
670.624,2650,5260
670.707,2651,5260
670.911,2652,5260
671.04,2653,5260
671.64,2654,5260
671.701,2655,5260
671.73,2656,5262
671.783,2657,5262
671.911,2658,5262
672.044,2659,5264
672.134,2660,5264
672.33,2661,5264
672.362,2662,5264
672.896,2663,5268
673.376,2664,5269
673.842,2665,5269
673.947,2666,5269
674.171,2667,5269
674.275,2668,5271
674.334,2669,5271
674.504,2670,5271
675.352,2671,5276
675.417,2672,5276
675.556,2673,5276
676.351,2674,5276
676.541,2675,5276
676.838,2676,5277
677.719,2677,5277
679.235,2678,5277
679.493,2679,5277
680.005,2680,5277
680.037,2681,5277
680.288,2682,5279
681.267,2683,5279
683.068,2684,5279
683.844,2685,5280
684.705,2686,5280
685.052,2687,5280
685.259,2688,5282
686.138,2689,5282
686.208,2690,5282
686.271,2691,5282
686.64,2692,5282
687.024,2693,5282
688.075,2694,5289
688.807,2695,5289
688.991,2696,5292
689.272,2697,5292
690.992,2698,5295
691.219,2699,5295
692.81,2700,5295
692.823,2701,5297
695.174,2702,5298
696.262,2703,5298
696.291,2704,5298
696.334,2705,5298
696.819,2706,5298
697.273,2707,5298
697.677,2708,5298
698.241,2709,5298
698.571,2710,5298
698.663,2711,5298
698.851,2712,5298
698.911,2713,5300
699.468,2714,5319
699.816,2715,5320
700.183,2716,5320
700.432,2717,5320
700.533,2718,5320
700.75,2719,5320
700.938,2720,5320
702.234,2721,5320
703.479,2722,5320
706.629,2723,5320
707.532,2724,5320
708.437,2725,5320
710.164,2726,5320
710.29,2727,5320
710.309,2728,5320
710.783,2729,5320
710.853,2730,5320
711.054,2731,5320
711.099,2732,5320
714.655,2733,5320
717.303,2734,5320
719.698,2735,5320
719.833,2736,5320
719.863,2737,5321
719.87,2738,5321
719.896,2739,5321
719.913,2740,5325
719.946,2741,5325
719.954,2742,5326
720.057,2743,5326
720.067,2744,5326
720.078,2745,5326
720.248,2746,5328
720.263,2747,5328
720.301,2748,5330
720.467,2749,5330
720.79,2750,5330
720.797,2751,5330
720.845,2752,5330
720.895,2753,5330
721.049,2754,5330
721.234,2755,5330
721.394,2756,5330
721.703,2757,5335
721.751,2758,5354
722.018,2759,5354
722.022,2760,5354
722.055,2761,5355
722.26,2762,5355
722.523,2763,5355
722.679,2764,5355
722.945,2765,5355
722.97,2766,5355
723.001,2767,5355
723.315,2768,5355
723.414,2769,5362
723.47,2770,5368
723.584,2771,5368
723.708,2772,5369
723.869,2773,5369
723.874,2774,5369
724.012,2775,5369
724.598,2776,5369
724.73,2777,5369
724.94,2778,5369
725.058,2779,5369
725.43,2780,5369
725.933,2781,5369
726.061,2782,5369
726.256,2783,5369
726.298,2784,5369
726.344,2785,5369
726.384,2786,5369
728.335,2787,5369
728.71,2788,5369
729.479,2789,5369
731.457,2790,5369
731.462,2791,5369
731.63,2792,5369
731.641,2793,5369
731.719,2794,5369
731.762,2795,5369
731.84,2796,5369
731.854,2797,5369
731.889,2798,5372
731.92,2799,5372
731.927,2800,5372
731.951,2801,5372
732.065,2802,5373
732.09,2803,5374
732.157,2804,5374
732.186,2805,5374
732.289,2806,5374
732.757,2807,5374
732.935,2808,5376
733.056,2809,5376
733.119,2810,5377
733.175,2811,5378
733.184,2812,5378
733.425,2813,5378
733.428,2814,5378
733.452,2815,5381
733.514,2816,5381
733.57,2817,5381
733.681,2818,5382
734.096,2819,5382
734.138,2820,5382
734.206,2821,5383
734.449,2822,5384
734.815,2823,5384
734.9,2824,5384
734.979,2825,5384
735.078,2826,5385
735.117,2827,5386
735.336,2828,5386
735.406,2829,5386
735.47,2830,5386
735.946,2831,5386
736.217,2832,5386
737.102,2833,5386
737.516,2834,5386
737.575,2835,5386
737.86,2836,5386
739.041,2837,5386
739.047,2838,5386
739.055,2839,5386
739.202,2840,5386
739.208,2841,5386
739.262,2842,5386
739.269,2843,5386
739.274,2844,5386
739.282,2845,5386
739.29,2846,5386
739.297,2847,5386
739.308,2848,5386
739.507,2849,5386
739.523,2850,5387
739.565,2851,5389
739.593,2852,5389
739.631,2853,5389
739.649,2854,5389
739.787,2855,5389
739.84,2856,5389
739.899,2857,5389
739.928,2858,5389
739.981,2859,5389
740.12,2860,5389
740.13,2861,5389
740.144,2862,5410
740.281,2863,5410
740.692,2864,5410
740.794,2865,5411
740.841,2866,5411
741.422,2867,5424
741.749,2868,5427
741.914,2869,5427
741.939,2870,5427
741.969,2871,5427
741.984,2872,5430
742.063,2873,5430
742.112,2874,5430
742.314,2875,5431
742.325,2876,5431
742.615,2877,5431
742.685,2878,5431
743.071,2879,5431
743.263,2880,5431
743.447,2881,5431
743.586,2882,5431
743.624,2883,5431
743.645,2884,5431
744.039,2885,5432
744.062,2886,5437
744.269,2887,5437
744.469,2888,5437
744.668,2889,5437
745.461,2890,5437
745.529,2891,5437
745.603,2892,5437
745.689,2893,5437
745.696,2894,5437
746.776,2895,5437
747.021,2896,5437
747.473,2897,5437
747.655,2898,5437
747.719,2899,5437
748.388,2900,5438
748.939,2901,5438
749.013,2902,5438
749.652,2903,5438
750.077,2904,5438
750.93,2905,5438
751.454,2906,5438
751.948,2907,5438
752.101,2908,5438
752.213,2909,5438
752.435,2910,5438
754.075,2911,5438
754.425,2912,5441
754.549,2913,5441
754.713,2914,5442
754.779,2915,5442
755.842,2916,5450
756.07,2917,5450
756.599,2918,5450
757.483,2919,5450
757.55,2920,5450
757.802,2921,5450
757.894,2922,5450
758.774,2923,5450
759.284,2924,5450
759.431,2925,5450
760.6,2926,5450
762.224,2927,5450
762.254,2928,5450
763.642,2929,5450
763.893,2930,5450
764.988,2931,5450
766.619,2932,5450
767.256,2933,5450
767.812,2934,5450
768.325,2935,5450
769.179,2936,5450
769.864,2937,5450
769.916,2938,5450
770.464,2939,5450
773.808,2940,5450
775.199,2941,5450
775.909,2942,5450
776.926,2943,5450
777.383,2944,5450
779.738,2945,5450
780.394,2946,5450
780.832,2947,5450
781.635,2948,5451
785.57,2949,5451
787.252,2950,5451
787.39,2951,5451
787.46,2952,5451
787.816,2953,5452
789.161,2954,5452
790.008,2955,5453
790.919,2956,5453
797.767,2957,5453
797.945,2958,5453
797.949,2959,5453
797.97,2960,5453
797.988,2961,5453
797.998,2962,5453
798.186,2963,5453
798.274,2964,5454
798.282,2965,5454
798.311,2966,5454
798.323,2967,5454
798.331,2968,5458
798.336,2969,5458
798.348,2970,5458
798.357,2971,5458
798.365,2972,5462
798.427,2973,5463
798.445,2974,5463
798.455,2975,5463
798.463,2976,5463
798.512,2977,5463
798.517,2978,5463
798.544,2979,5463
798.554,2980,5463
798.559,2981,5463
798.567,2982,5463
798.602,2983,5463
798.824,2984,5463
798.954,2985,5463
799.015,2986,5463
799.072,2987,5463
799.129,2988,5463
799.18,2989,5463
799.21,2990,5463
799.221,2991,5463
799.233,2992,5463
799.272,2993,5463
799.316,2994,5463
799.401,2995,5463
799.507,2996,5463
799.573,2997,5463
799.947,2998,5463
800.064,2999,5463
800.074,3000,5463
800.148,3001,5463
800.203,3002,5463
800.304,3003,5463
800.44,3004,5463
800.673,3005,5463
800.977,3006,5463
801.128,3007,5463
801.277,3008,5463
801.395,3009,5463
802.068,3010,5463
802.125,3011,5466
802.143,3012,5466
802.171,3013,5466
802.457,3014,5467
802.892,3015,5467
802.925,3016,5469
803.801,3017,5469
804.156,3018,5469
804.425,3019,5469
804.611,3020,5469
804.902,3021,5469
804.908,3022,5469
805.245,3023,5469
805.302,3024,5469
805.649,3025,5469
806.247,3026,5471
806.306,3027,5471
807.336,3028,5475
808.351,3029,5475
808.375,3030,5475
809.224,3031,5475
809.274,3032,5475
809.616,3033,5475
809.777,3034,5475
809.874,3035,5475
810.245,3036,5475
810.391,3037,5475
811.51,3038,5476
812.788,3039,5478
813.029,3040,5478
813.166,3041,5478
813.187,3042,5479
815.426,3043,5479
815.731,3044,5479
815.794,3045,5479
816.173,3046,5479
816.772,3047,5479
817.181,3048,5479
818.157,3049,5479
819.325,3050,5479
820.613,3051,5480
821.509,3052,5480
821.563,3053,5480
821.733,3054,5480
821.93,3055,5480
823.045,3056,5480
823.545,3057,5480
824.375,3058,5480
824.477,3059,5480
824.714,3060,5480
824.884,3061,5480
825.42,3062,5480
826.79,3063,5480
827.559,3064,5480
828.097,3065,5480
829.826,3066,5480
829.98,3067,5480
830.351,3068,5480
830.498,3069,5480
831.597,3070,5480
833.146,3071,5480
833.307,3072,5480
834.746,3073,5480
835.908,3074,5480
836.744,3075,5480
836.772,3076,5480
836.799,3077,5480
842.16,3078,5480
842.24,3079,5480
843.002,3080,5480
843.484,3081,5480
843.955,3082,5480
843.987,3083,5480
844.471,3084,5480
844.653,3085,5480
844.927,3086,5480
844.947,3087,5481
845.038,3088,5481
845.946,3089,5481
847.113,3090,5481
847.273,3091,5481
848.261,3092,5481
850.691,3093,5481
851.121,3094,5481
851.926,3095,5481
852.143,3096,5481
852.54,3097,5481
853.107,3098,5481
857.364,3099,5481
859.019,3100,5481
859.229,3101,5481
859.41,3102,5481
859.509,3103,5483
859.557,3104,5484
859.882,3105,5484
860.281,3106,5486
860.597,3107,5486
861.393,3108,5486
861.988,3109,5486
862.818,3110,5486
863.606,3111,5486
864.044,3112,5490
864.448,3113,5490
864.528,3114,5490
865.061,3115,5490
865.747,3116,5490
866.088,3117,5490
868.786,3118,5490
869.104,3119,5490
869.187,3120,5490
870.44,3121,5490
870.726,3122,5491
870.924,3123,5491
871.557,3124,5491
874.22,3125,5496
874.41,3126,5496
875.615,3127,5497
878.28,3128,5497
878.854,3129,5497
884.06,3130,5497
884.661,3131,5498
885.025,3132,5498
886.043,3133,5498
888.617,3134,5498
891.212,3135,5498
892.246,3136,5498
894.428,3137,5498
899.161,3138,5498
899.843,3139,5498
900.145,3140,5498
901.657,3141,5498
902.632,3142,5498
902.894,3143,5499
904.52,3144,5499
906.292,3145,5499
907.893,3146,5499
908.928,3147,5499
910.748,3148,5499
912.773,3149,5499
912.995,3150,5499
913.163,3151,5499
914.224,3152,5499
914.34,3153,5499
914.417,3154,5499
914.467,3155,5499
914.479,3156,5499
914.833,3157,5499
914.96,3158,5499
915.012,3159,5500
915.118,3160,5500
915.125,3161,5500
915.214,3162,5500
915.299,3163,5500
915.589,3164,5500
915.699,3165,5505
916.103,3166,5505
916.476,3167,5505
916.523,3168,5505
916.72,3169,5505
916.815,3170,5507
916.919,3171,5507
916.928,3172,5510
916.937,3173,5510
917.055,3174,5510
917.116,3175,5510
917.168,3176,5510
917.358,3177,5519
917.724,3178,5519
918.001,3179,5520
918.6,3180,5520
918.868,3181,5520
919.156,3182,5528
919.37,3183,5534
919.574,3184,5534
919.864,3185,5535
920.168,3186,5535
920.253,3187,5535
920.479,3188,5535
921.302,3189,5535
921.418,3190,5536
921.775,3191,5536
922.235,3192,5537
922.437,3193,5537
923.603,3194,5537
923.841,3195,5540
924.264,3196,5540
924.615,3197,5540
926.212,3198,5542
927.157,3199,5542
927.228,3200,5542
927.428,3201,5542
927.636,3202,5542
927.828,3203,5542
928.201,3204,5542
928.665,3205,5542
929.162,3206,5542
929.821,3207,5542
930.036,3208,5542
930.611,3209,5542
930.974,3210,5542
931.036,3211,5542
931.41,3212,5542
933.615,3213,5542
933.752,3214,5542
934.235,3215,5542
934.729,3216,5542
936.717,3217,5543
939.608,3218,5543
940.537,3219,5543
940.867,3220,5543
941.15,3221,5543
942.899,3222,5543
944.057,3223,5545
945.197,3224,5545
945.921,3225,5545
946.162,3226,5545
946.584,3227,5545
948.349,3228,5545
948.718,3229,5546
948.86,3230,5546
949.976,3231,5546
951.352,3232,5546
953.374,3233,5546
953.603,3234,5547
953.91,3235,5547
954.254,3236,5547
955.43,3237,5547
957.941,3238,5547
961.387,3239,5547
961.491,3240,5547
961.673,3241,5680
963.422,3242,5686
963.465,3243,5686
963.682,3244,5686
964.581,3245,5693
966.431,3246,5695
966.715,3247,5695
973.721,3248,5695
978.208,3249,5696
978.24,3250,5696
978.244,3251,5696
978.254,3252,5696
978.27,3253,5696
978.291,3254,5700
978.867,3255,5700
978.883,3256,5701
978.918,3257,5701
979.071,3258,5701
979.15,3259,5702
979.165,3260,5702
979.219,3261,5702
979.282,3262,5702
979.64,3263,5702
979.716,3264,5702
979.82,3265,5702
979.842,3266,5702
979.94,3267,5703
980.084,3268,5703
980.15,3269,5703
980.276,3270,5704
980.342,3271,5704
980.417,3272,5704
981.162,3273,5704
981.456,3274,5704
981.471,3275,5704
981.581,3276,5704
982.113,3277,5705
982.691,3278,5705
982.739,3279,5705
983.24,3280,5705
983.851,3281,5705
984.443,3282,5705
985.157,3283,5705
985.82,3284,5705
991.183,3285,5705
992.589,3286,5705
994.218,3287,5705
995.366,3288,5705
995.908,3289,5705
996.123,3290,5705
996.279,3291,5705
996.415,3292,5705
996.426,3293,5705
997.183,3294,5705
997.382,3295,5705
998.025,3296,5705
998.935,3297,5710
1002.572,3298,5710
1003.152,3299,5710
1004.262,3300,5710
1004.909,3301,5710
1006.166,3302,5710
1006.317,3303,5710
1006.853,3304,5710
1007.475,3305,5710
1008.424,3306,5710
1010.648,3307,5710
1010.727,3308,5710
1011.357,3309,5710
1011.363,3310,5711
1011.379,3311,5711
1011.492,3312,5711
1011.918,3313,5711
1012.055,3314,5711
1012.332,3315,5711
1012.437,3316,5711
1012.712,3317,5711
1012.851,3318,5711
1013.422,3319,5711
1013.438,3320,5711
1013.813,3321,5712
1014.447,3322,5756
1014.699,3323,5756
1015.186,3324,5756
1015.794,3325,5756
1015.855,3326,5760
1016.074,3327,5760
1017.225,3328,5760
1018.53,3329,5760
1018.704,3330,5760
1021.882,3331,5762
1023.732,3332,5762
1025.379,3333,5763
1026.079,3334,5763
1027.589,3335,5763
1028.313,3336,5763
1028.691,3337,5763
1031.869,3338,5763
1033.677,3339,5763
1034.56,3340,5763
1036.325,3341,5763
1038.592,3342,5763
1040.031,3343,5763
1041.747,3344,5763
1042.853,3345,5763
1046.231,3346,5763
1046.395,3347,5763
1047.719,3348,5766
1051.594,3349,5767
1051.644,3350,5767
1051.679,3351,5767
1051.793,3352,5767
1052.044,3353,5767
1052.419,3354,5767
1053.144,3355,5767
1053.325,3356,5767
1053.387,3357,5772
1053.483,3358,5772
1053.542,3359,5772
1053.602,3360,5772
1053.649,3361,5772
1053.701,3362,5772
1053.829,3363,5772
1054.316,3364,5772
1054.369,3365,5772
1054.545,3366,5772
1054.92,3367,5772
1054.988,3368,5772
1055.08,3369,5772
1055.088,3370,5772
1055.749,3371,5772
1056.025,3372,5772
1056.907,3373,5772
1057.049,3374,5772
1058.516,3375,5772
1059.863,3376,5772
1060.037,3377,5772
1060.098,3378,5773
1061.436,3379,5773
1062.348,3380,5773
1062.772,3381,5774
1062.857,3382,5774
1062.914,3383,5774
1063.597,3384,5774
1064.076,3385,5774
1064.186,3386,5774
1065.355,3387,5774
1067.316,3388,5774
1068.093,3389,5774
1069.388,3390,5775
1070.377,3391,5775
1070.414,3392,5775
1070.498,3393,5775
1070.622,3394,5775
1071.047,3395,5775
1071.438,3396,5775
1073.193,3397,5775
1073.382,3398,5775
1073.53,3399,5775
1075.035,3400,5775
1075.971,3401,5775
1076.926,3402,5776
1077.502,3403,5776
1078.405,3404,5776
1080.283,3405,5776
1081.377,3406,5776
1081.869,3407,5776
1086.084,3408,5776
1088.345,3409,5776
1090.977,3410,5776
1092.629,3411,5777
1096.447,3412,5777
1100.148,3413,5777
1106.289,3414,5777
1106.428,3415,5777
1107.008,3416,5780
1107.06,3417,5780
1107.296,3418,5780
1107.328,3419,5780
1107.4,3420,5780
1107.618,3421,5780
1108.181,3422,5780
1108.597,3423,5780
1109.116,3424,5780
1109.27,3425,5781
1109.419,3426,5781
1109.592,3427,5781
1110.245,3428,5781
1110.425,3429,5782
1110.486,3430,5782
1112.24,3431,5783
1113.023,3432,5783
1113.467,3433,5783
1114.815,3434,5783
1115.471,3435,5783
1115.982,3436,5784
1117.884,3437,5784
1117.925,3438,5784
1118.028,3439,5785
1118.201,3440,5786
1118.79,3441,5787
1119.039,3442,5787
1119.545,3443,5787
1119.63,3444,5788
1121.036,3445,5788
1121.407,3446,5788
1121.429,3447,5788
1122.471,3448,5788
1123.91,3449,5788
1124.478,3450,5789
1127.27,3451,5789
1128.049,3452,5790
1128.207,3453,5791
1129.36,3454,5791
1130.681,3455,5792
1130.701,3456,5792
1130.769,3457,5792
1130.875,3458,5792
1130.881,3459,5792
1130.939,3460,5792
1130.955,3461,5793
1131.016,3462,5793
1131.451,3463,5793
1131.575,3464,5793
1131.616,3465,5793
1131.675,3466,5793
1131.921,3467,5793
1132.056,3468,5793
1132.797,3469,5793
1132.897,3470,5794
1133.55,3471,5797
1133.606,3472,5797
1133.783,3473,5797
1133.922,3474,5797
1134.431,3475,5797
1135.547,3476,5797
1136.241,3477,5797
1136.789,3478,5797
1137.516,3479,5798
1139.369,3480,5798
1139.932,3481,5798
1140.437,3482,5798
1140.461,3483,5798
1140.536,3484,5799
1142.394,3485,5799
1143.13,3486,5799
1143.353,3487,5800
1145.828,3488,5800
1146.126,3489,5800
1147.647,3490,5800
1148.252,3491,5800
1148.639,3492,5800
1149.654,3493,5800
1150.974,3494,5801
1152.511,3495,5801
1152.793,3496,5801
1152.851,3497,5801
1154.032,3498,5801
1154.61,3499,5801
1155.105,3500,5801
1155.404,3501,5801
1156.001,3502,5801
1156.526,3503,5801
1158.0,3504,5801
1158.668,3505,5801
1159.025,3506,5801
1161.157,3507,5801
1161.441,3508,5801
1163.051,3509,5801
1163.084,3510,5801
1163.289,3511,5801
1163.842,3512,5801
1165.827,3513,5801
1166.578,3514,5801
1170.815,3515,5801
1172.038,3516,5801
1172.304,3517,5801
1172.648,3518,5801
1173.082,3519,5801
1173.275,3520,5801
1174.31,3521,5801
1175.394,3522,5801
1177.205,3523,5801
1182.043,3524,5801
1183.085,3525,5801
1183.732,3526,5801
1184.515,3527,5801
1185.236,3528,5801
1185.942,3529,5801
1187.764,3530,5801
1191.811,3531,5801
1193.227,3532,5801
1193.65,3533,5801
1196.802,3534,5801
1203.943,3535,5801
1204.386,3536,5801
1207.853,3537,5801
1208.057,3538,5801
1211.345,3539,5801
1213.767,3540,5801
1214.153,3541,5801
1222.38,3542,5801
1222.403,3543,5801
1224.479,3544,5801
1231.918,3545,5801
1236.604,3546,5801
1238.081,3547,5805
1239.17,3548,5805
1239.204,3549,5805
1239.249,3550,5805
1239.308,3551,5805
1239.378,3552,5816
1239.512,3553,5817
1239.552,3554,5821
1239.896,3555,5834
1239.933,3556,5834
1240.055,3557,5838
1240.331,3558,5838
1240.496,3559,5838
1240.748,3560,5838
1240.867,3561,5838
1241.19,3562,5838
1241.278,3563,5840
1241.335,3564,5841
1241.423,3565,5850
1242.207,3566,5852
1242.668,3567,5853
1243.748,3568,5853
1244.249,3569,5857
1245.325,3570,5861
1245.523,3571,5861
1245.672,3572,5862
1246.568,3573,5863
1246.936,3574,5865
1247.88,3575,5873
1248.552,3576,5874
1249.802,3577,5874
1250.4,3578,5877
1251.826,3579,5878
1253.899,3580,5880
1255.186,3581,5884
1255.242,3582,5890
1255.312,3583,5890
1255.366,3584,5896
1255.377,3585,5896
1255.43,3586,5896
1255.512,3587,5896
1255.641,3588,5897
1255.77,3589,5897
1255.798,3590,5899
1255.847,3591,5899
1255.858,3592,5900
1255.907,3593,5900
1255.936,3594,5900
1256.05,3595,5900
1256.075,3596,5901
1256.171,3597,5901
1256.181,3598,5901
1256.202,3599,5901
1256.27,3600,5902
1256.352,3601,5902
1256.389,3602,5902
1256.404,3603,5902
1256.42,3604,5902
1256.598,3605,5902
1256.663,3606,5903
1256.942,3607,5903
1256.963,3608,5903
1257.095,3609,5903
1257.127,3610,5903
1257.192,3611,5903
1258.056,3612,5903
1258.185,3613,5903
1258.305,3614,5903
1258.371,3615,5903
1258.484,3616,5903
1258.714,3617,5903
1258.727,3618,5903
1258.957,3619,5903
1259.185,3620,5903
1259.455,3621,5903
1259.548,3622,5903
1259.585,3623,5903
1259.675,3624,5903
1259.727,3625,5903
1260.268,3626,5905
1260.292,3627,5905
1260.45,3628,5905
1260.531,3629,5905
1260.95,3630,5905
1261.476,3631,5906
1261.619,3632,5906
1263.635,3633,5906
1263.825,3634,5906
1264.072,3635,5906
1264.571,3636,5906
1264.674,3637,5906
1264.891,3638,5906
1265.199,3639,5906
1265.28,3640,5906
1265.562,3641,5906
1266.942,3642,5906
1267.002,3643,5906
1267.769,3644,5906
1268.272,3645,5906
1268.983,3646,5906
1269.486,3647,5907
1279.967,3648,5907
1280.264,3649,5918
1281.643,3650,5918
1281.812,3651,5918
1282.069,3652,5918
1282.163,3653,5918
1282.502,3654,5918
1282.538,3655,5919
1282.891,3656,5920
1283.413,3657,5920
1283.734,3658,5921
1283.772,3659,5921
1283.852,3660,5921
1284.053,3661,5921
1284.316,3662,5921
1284.702,3663,5921
1284.783,3664,5922
1284.808,3665,5922
1284.832,3666,5922
1285.597,3667,5923
1287.264,3668,5924
1287.946,3669,5927
1287.977,3670,5927
1288.021,3671,5927
1288.246,3672,5927
1288.503,3673,5927
1291.058,3674,5928
1291.067,3675,5929
1291.601,3676,5929
1292.339,3677,5929
1295.17,3678,5929
1295.208,3679,5929
1295.262,3680,5929
1295.487,3681,5929
1295.689,3682,5929
1296.536,3683,5929
1296.732,3684,5929
1296.738,3685,5929
1302.237,3686,5929
1302.727,3687,5929
1303.999,3688,5929
1304.443,3689,5929
1304.787,3690,5929
1307.323,3691,5929
1311.887,3692,5929
1311.99,3693,5929
1312.634,3694,5929
1314.68,3695,5929
1316.068,3696,5929
1316.338,3697,5929
1317.24,3698,5929
1318.73,3699,5929
1318.99,3700,5929
1319.781,3701,5931
1320.17,3702,5931
1321.142,3703,5931
1321.908,3704,5931
1322.318,3705,5931
1322.542,3706,5931
1323.118,3707,5931
1323.169,3708,5931
1323.426,3709,5931
1323.497,3710,5931
1324.519,3711,5931
1324.681,3712,5931
1326.636,3713,5931
1327.014,3714,5931
1327.168,3715,5931
1333.107,3716,5931
1333.14,3717,5931
1333.373,3718,5931
1337.736,3719,5931
1337.817,3720,5931
1338.777,3721,5931
1340.325,3722,5931
1340.515,3723,5931
1341.938,3724,5931
1343.503,3725,5931
1344.955,3726,5931
1344.965,3727,5931
1344.975,3728,5931
1344.982,3729,5931
1344.99,3730,5931
1345.005,3731,5931
1345.016,3732,5931
1345.05,3733,5931
1345.058,3734,5931
1345.093,3735,5931
1345.122,3736,5931
1345.136,3737,5931
1345.147,3738,5931
1346.461,3739,5931
1346.479,3740,5931
1346.541,3741,5931
1347.073,3742,5931
1347.084,3743,5931
1347.256,3744,5931
1347.332,3745,5931
1347.569,3746,5931
1347.584,3747,5931
1347.702,3748,5931
1347.725,3749,5931
1347.806,3750,5931
1348.309,3751,5931
1349.225,3752,5931
1350.075,3753,5931
1350.609,3754,5931
1352.233,3755,5931
1352.407,3756,5931
1355.322,3757,5931
1356.481,3758,5931
1358.595,3759,5931
1360.16,3760,5931
1360.388,3761,5931
1361.18,3762,5935
1361.437,3763,5935
1361.954,3764,5935
1364.375,3765,5935
1371.198,3766,5935
1372.782,3767,5935
1378.309,3768,5935
1379.024,3769,5935
1386.974,3770,5935
1390.974,3771,5935
1399.134,3772,5935
1404.54,3773,5935
1404.807,3774,5935
1405.159,3775,5935
1406.206,3776,5935
1407.053,3777,5935
1407.78,3778,5935
1408.297,3779,5935
1409.973,3780,5935
1410.264,3781,5936
1411.888,3782,5937
1412.311,3783,5937
1419.079,3784,5937
1419.228,3785,5937
1421.558,3786,5937
1423.609,3787,5937
1423.684,3788,5937
1423.822,3789,5948
1423.829,3790,5970
1424.351,3791,5970
1424.469,3792,5970
1424.594,3793,5970
1424.657,3794,5972
1424.741,3795,5972
1424.804,3796,5972
1424.948,3797,5972
1425.16,3798,5972
1425.225,3799,5972
1425.268,3800,5972
1425.32,3801,5972
1425.392,3802,5972
1425.422,3803,5972
1425.491,3804,5972
1425.559,3805,5972
1425.756,3806,5972
1425.814,3807,5972
1425.984,3808,5972
1426.133,3809,5972
1426.445,3810,5972
1426.66,3811,5972
1426.988,3812,5972
1427.059,3813,5972
1427.492,3814,5972
1427.639,3815,5972
1429.2,3816,5976
1429.265,3817,5978
1429.591,3818,5978
1429.743,3819,5978
1429.79,3820,5978
1430.121,3821,5978
1430.491,3822,5978
1430.572,3823,5978
1431.291,3824,5978
1431.357,3825,5978
1431.439,3826,5978
1431.491,3827,5978
1431.531,3828,5978
1431.838,3829,5978
1432.195,3830,5980
1432.378,3831,5982
1432.468,3832,5982
1432.491,3833,5982
1432.586,3834,5982
1432.656,3835,5982
1432.679,3836,5982
1432.83,3837,5982
1432.901,3838,5982
1433.014,3839,5982
1433.148,3840,5982
1433.481,3841,5982
1433.753,3842,5991
1434.115,3843,5992
1434.171,3844,5992
1434.334,3845,5993
1434.353,3846,5993
1434.409,3847,5993
1434.55,3848,5993
1435.006,3849,5993
1435.016,3850,5993
1435.24,3851,5993
1435.773,3852,5993
1436.621,3853,5993
1437.802,3854,5993
1438.084,3855,5993
1438.73,3856,5993
1441.348,3857,5993
1441.671,3858,5993
1443.344,3859,5993
1443.565,3860,5993
1444.585,3861,5993
1444.902,3862,5993
1444.999,3863,5993
1446.658,3864,5993
1448.243,3865,5994
1453.033,3866,5994
1454.005,3867,5994
1454.014,3868,5994
1454.08,3869,5994
1454.106,3870,5994
1454.579,3871,5994
1454.91,3872,5994
1454.933,3873,5994
1455.013,3874,5994
1455.676,3875,5994
1456.801,3876,5994
1457.853,3877,5994
1457.995,3878,5995
1458.206,3879,5995
1459.835,3880,5995
1460.909,3881,5995
1468.856,3882,5995
1472.143,3883,5995
1473.501,3884,5996
1475.455,3885,5996
1476.889,3886,5996
1478.079,3887,5996
1478.739,3888,5996
1478.792,3889,5996
1479.285,3890,5996
1479.492,3891,5996
1481.892,3892,5996
1483.452,3893,5996
1485.495,3894,5996
1486.355,3895,5996
1487.16,3896,5996
1489.195,3897,5996
1489.597,3898,5996
1490.038,3899,5996
1490.098,3900,5996
1493.828,3901,5996
1494.955,3902,5997
1495.472,3903,5997
1497.307,3904,5997
1501.599,3905,5997
1513.006,3906,5998
1515.277,3907,5998
1516.062,3908,5998
1516.796,3909,5998
1516.986,3910,5998
1517.199,3911,5998
1518.172,3912,5998
1518.371,3913,5998
1518.931,3914,5998
1519.229,3915,5998
1519.6,3916,5998
1520.775,3917,5998
1520.863,3918,5998
1521.489,3919,5998
1521.747,3920,5998
1522.816,3921,5998
1524.126,3922,5998
1524.591,3923,6000
1525.112,3924,6000
1525.726,3925,6000
1526.149,3926,6000
1526.309,3927,6000
1527.22,3928,6000
1527.917,3929,6000
1528.027,3930,6000
1528.796,3931,6000
1531.249,3932,6000
1531.272,3933,6001
1531.352,3934,6002
1531.625,3935,6002
1532.252,3936,6002
1532.37,3937,6002
1532.398,3938,6002
1532.422,3939,6003
1532.454,3940,6003
1532.533,3941,6003
1532.654,3942,6003
1532.881,3943,6003
1533.193,3944,6003
1533.518,3945,6003
1533.693,3946,6003
1533.754,3947,6003
1533.881,3948,6003
1534.744,3949,6005
1535.121,3950,6005
1536.946,3951,6007
1537.188,3952,6007
1537.83,3953,6007
1538.088,3954,6007
1538.192,3955,6007
1539.166,3956,6007
1540.927,3957,6007
1541.254,3958,6007
1541.817,3959,6007
1542.629,3960,6007
1545.37,3961,6007
1548.16,3962,6007
1549.52,3963,6007
1550.433,3964,6007
1550.619,3965,6007
1550.939,3966,6007
1551.119,3967,6007
1551.772,3968,6007
1552.308,3969,6007
1553.343,3970,6007
1554.248,3971,6007
1556.71,3972,6008
1559.468,3973,6008
1561.044,3974,6008
1561.751,3975,6008
1562.325,3976,6008
1563.903,3977,6008
1567.864,3978,6008
1568.398,3979,6008
1570.35,3980,6008
1570.509,3981,6008
1572.937,3982,6008
1574.613,3983,6008
1574.891,3984,6008
1578.511,3985,6008
1579.591,3986,6008
1580.873,3987,6008
1585.557,3988,6008
1587.792,3989,6008
1588.609,3990,6008
1591.32,3991,6008
1591.715,3992,6008
1592.657,3993,6008
1593.528,3994,6008
1593.897,3995,6008
1600.94,3996,6008
1604.029,3997,6008
1605.449,3998,6008
1607.021,3999,6008
1608.866,4000,6008
1611.227,4001,6008
1620.172,4002,6008
1620.769,4003,6008
1624.938,4004,6008
1629.496,4005,6008
1633.726,4006,6008
1637.435,4007,6008
1646.696,4008,6008
1648.334,4009,6008
1652.448,4010,6008
1657.787,4011,6008
1657.792,4012,6008
1662.27,4013,6008
1662.316,4014,6008
1662.355,4015,6008
1662.476,4016,6008
1662.664,4017,6008
1662.69,4018,6008
1662.941,4019,6008
1663.009,4020,6008
1663.223,4021,6008
1663.258,4022,6008
1663.361,4023,6008
1663.78,4024,6008
1664.15,4025,6008
1664.784,4026,6008
1666.649,4027,6008
1666.734,4028,6008
1670.601,4029,6010
1672.816,4030,6010
1674.164,4031,6010
1675.166,4032,6010
1675.681,4033,6010
1675.729,4034,6010
1676.074,4035,6010
1678.434,4036,6010
1681.24,4037,6010
1681.872,4038,6010
1688.22,4039,6010
1688.894,4040,6010
1690.173,4041,6010
1691.879,4042,6016
1695.239,4043,6016
1695.855,4044,6016
1695.955,4045,6016
1696.015,4046,6016
1696.18,4047,6016
1698.822,4048,6016
1702.223,4049,6016
1702.702,4050,6016
1703.19,4051,6016
1706.625,4052,6016
1706.919,4053,6016
1707.01,4054,6016
1710.302,4055,6016
1720.625,4056,6016
1727.821,4057,6016
1733.411,4058,6016
1736.294,4059,6016
1736.444,4060,6016
1736.546,4061,6016
1737.392,4062,6016
1737.782,4063,6016
1738.097,4064,6016
1739.64,4065,6016
1740.447,4066,6016
1741.694,4067,6016
1744.256,4068,6016
1746.032,4069,6016
1746.767,4070,6016
1746.792,4071,6016
1748.42,4072,6017
1749.907,4073,6017
1753.574,4074,6017
1755.182,4075,6017
1760.846,4076,6017
1763.118,4077,6017
1767.592,4078,6017
1770.533,4079,6017
1774.057,4080,6017
1782.696,4081,6017
1782.834,4082,6017
1783.206,4083,6017
1783.471,4084,6017
1783.872,4085,6017
1785.081,4086,6017
1786.921,4087,6017
1787.83,4088,6017
1787.877,4089,6017
1790.654,4090,6017
1791.211,4091,6017
1791.946,4092,6017
1797.231,4093,6017
1797.372,4094,6017
1797.49,4095,6017
1797.536,4096,6017
1797.561,4097,6017
1797.584,4098,6017
1797.753,4099,6017
1797.807,4100,6017
1799.196,4101,6017
1799.519,4102,6017
1799.659,4103,6017
1801.098,4104,6017
1801.485,4105,6017
1803.162,4106,6017
1803.81,4107,6017
1804.153,4108,6017
1804.377,4109,6017
1805.844,4110,6017
1808.06,4111,6017
1808.222,4112,6017
1811.485,4113,6017
1811.733,4114,6017
1812.585,4115,6017
1812.672,4116,6017
1814.531,4117,6017
1819.804,4118,6017
1821.351,4119,6017
1824.305,4120,6017
1826.53,4121,6017
1827.594,4122,6017
1831.278,4123,6017
1838.921,4124,6017
1839.642,4125,6017
1840.734,4126,6017
1844.306,4127,6017
1844.532,4128,6017
1847.205,4129,6017
1847.701,4130,6017
1848.113,4131,6017
1850.618,4132,6017
1853.323,4133,6017
1855.043,4134,6017
1861.159,4135,6017
1865.448,4136,6017
1871.005,4137,6017
1875.978,4138,6018
1876.26,4139,6018
1878.134,4140,6018
1878.716,4141,6019
1881.59,4142,6019
1881.785,4143,6019
1889.486,4144,6019
1889.631,4145,6020
1889.673,4146,6020
1890.87,4147,6020
1892.373,4148,6020
1893.299,4149,6020
1893.577,4150,6020
1896.276,4151,6020
1896.623,4152,6020
1897.833,4153,6020
1899.967,4154,6020
1900.033,4155,6020
1907.609,4156,6020
1908.752,4157,6020
1916.985,4158,6020
1917.848,4159,6020
1918.349,4160,6020
1921.019,4161,6023
1921.025,4162,6023
1921.103,4163,6023
1921.112,4164,6023
1921.132,4165,6023
1921.148,4166,6023
1921.26,4167,6024
1921.278,4168,6025
1921.964,4169,6026
1923.09,4170,6026
1928.715,4171,6026
1928.79,4172,6026
1950.408,4173,6026
1956.471,4174,6026
1958.505,4175,6026
1958.788,4176,6026
1971.634,4177,6026
1971.738,4178,6031
1972.393,4179,6031
1972.59,4180,6031
1972.608,4181,6031
1972.656,4182,6031
1972.796,4183,6032
1972.827,4184,6032
1973.175,4185,6037
1973.327,4186,6037
1973.487,4187,6037
1973.795,4188,6037
1973.814,4189,6037
1974.089,4190,6037
1979.328,4191,6037
1979.584,4192,6037
1979.663,4193,6037
1979.742,4194,6037
1982.629,4195,6037
1988.042,4196,6037
1994.448,4197,6037
1995.058,4198,6037
1997.083,4199,6037
2008.383,4200,6037
2010.837,4201,6037
2011.055,4202,6037
2017.39,4203,6037
2017.478,4204,6037
2018.406,4205,6037
2019.084,4206,6037
2020.114,4207,6037
2020.347,4208,6037
2022.097,4209,6038
2024.591,4210,6038
2024.603,4211,6038
2025.483,4212,6038
2027.122,4213,6038
2029.988,4214,6038
2030.322,4215,6038
2031.207,4216,6038
2031.43,4217,6038
2031.87,4218,6038
2032.091,4219,6038
2032.116,4220,6038
2032.746,4221,6038
2032.767,4222,6038
2032.838,4223,6038
2033.516,4224,6038
2034.842,4225,6038
2035.09,4226,6038
2035.828,4227,6038
2036.25,4228,6038
2036.449,4229,6038
2036.532,4230,6038
2036.614,4231,6040
2037.365,4232,6040
2038.268,4233,6040
2039.331,4234,6040
2039.355,4235,6040
2040.102,4236,6040
2040.209,4237,6040
2040.635,4238,6040
2044.453,4239,6040
2044.545,4240,6040
2046.912,4241,6040
2047.809,4242,6040
2049.216,4243,6040
2049.339,4244,6040
2051.361,4245,6040
2051.893,4246,6040
2051.996,4247,6040
2052.169,4248,6040
2052.746,4249,6040
2052.865,4250,6040
2054.687,4251,6040
2057.876,4252,6040
2059.452,4253,6040
2063.706,4254,6040
2063.727,4255,6040
2066.587,4256,6040
2070.024,4257,6040
2070.214,4258,6040
2070.392,4259,6040
2071.167,4260,6040
2071.542,4261,6040
2072.982,4262,6040
2076.366,4263,6040
2078.361,4264,6040
2078.368,4265,6040
2078.375,4266,6040
2081.331,4267,6040
2083.61,4268,6040
2083.751,4269,6040
2083.916,4270,6040
2084.672,4271,6040
2085.754,4272,6040
2085.842,4273,6040
2085.907,4274,6040
2086.05,4275,6040
2086.528,4276,6040
2087.407,4277,6040
2088.462,4278,6040
2089.414,4279,6040
2090.181,4280,6040
2090.784,4281,6040
2093.78,4282,6040
2099.344,4283,6040
2101.982,4284,6040
2102.674,4285,6040
2102.688,4286,6040
2102.84,4287,6040
2104.957,4288,6040
2107.114,4289,6040
2107.71,4290,6040
2111.204,4291,6040
2111.289,4292,6040
2111.413,4293,6040
2111.479,4294,6040
2113.08,4295,6040
2113.141,4296,6040
2113.17,4297,6040
2113.208,4298,6040
2113.449,4299,6040
2114.098,4300,6040
2114.687,4301,6040
2114.724,4302,6040
2115.603,4303,6040
2115.681,4304,6040
2116.631,4305,6040
2116.977,4306,6040
2118.382,4307,6040
2118.531,4308,6040
2118.821,4309,6040
2120.097,4310,6042
2120.454,4311,6042
2121.624,4312,6042
2122.193,4313,6042
2127.61,4314,6042
2128.786,4315,6042
2129.8,4316,6042
2130.707,4317,6042
2132.102,4318,6042
2133.614,4319,6042
2134.749,4320,6042
2135.013,4321,6042
2135.704,4322,6042
2135.79,4323,6042
2136.978,4324,6042
2137.856,4325,6042
2138.379,4326,6042
2138.554,4327,6042
2140.849,4328,6042
2142.791,4329,6042
2146.126,4330,6042
2149.716,4331,6042
2149.987,4332,6042
2151.773,4333,6042
2153.42,4334,6042
2156.208,4335,6042
2159.303,4336,6042
2159.628,4337,6042
2161.537,4338,6042
2162.646,4339,6042
2163.479,4340,6042
2167.827,4341,6042
2168.073,4342,6042
2169.998,4343,6042
2171.34,4344,6042
2174.281,4345,6042
2180.55,4346,6042
2181.062,4347,6042
2181.135,4348,6042
2185.951,4349,6042
2186.155,4350,6042
2201.095,4351,6042
2214.212,4352,6042
2214.391,4353,6042
2214.463,4354,6042
2215.802,4355,6042
2218.072,4356,6042
2219.243,4357,6042
2226.041,4358,6046
2226.469,4359,6046
2229.734,4360,6046
2229.863,4361,6046
2230.237,4362,6046
2239.782,4363,6046
2239.94,4364,6046
2239.957,4365,6046
2243.16,4366,6046
2243.175,4367,6046
2246.034,4368,6046
2251.655,4369,6046
2251.763,4370,6046
2253.114,4371,6046
2253.21,4372,6046
2253.255,4373,6046
2253.415,4374,6046
2253.92,4375,6046
2253.947,4376,6046
2253.965,4377,6046
2254.098,4378,6046
2254.176,4379,6046
2254.626,4380,6046
2256.161,4381,6046
2256.265,4382,6047
2256.476,4383,6047
2257.879,4384,6047
2259.419,4385,6047
2260.038,4386,6047
2260.236,4387,6047
2262.739,4388,6047
2263.43,4389,6047
2267.004,4390,6047
2269.099,4391,6047
2270.488,4392,6048
2276.84,4393,6048
2277.886,4394,6048
2279.305,4395,6048
2280.753,4396,6048
2281.803,4397,6048
2281.94,4398,6048
2281.945,4399,6048
2282.608,4400,6048
2287.263,4401,6049
2287.882,4402,6049
2287.993,4403,6050
2288.734,4404,6050
2288.998,4405,6050
2289.031,4406,6052
2289.59,4407,6052
2289.749,4408,6052
2291.565,4409,6052
2295.121,4410,6052
2295.238,4411,6052
2295.77,4412,6052
2299.595,4413,6052
2299.866,4414,6052
2299.934,4415,6052
2300.044,4416,6052
2300.217,4417,6052
2301.323,4418,6052
2302.717,4419,6052
2303.257,4420,6052
2304.113,4421,6052
2305.255,4422,6052
2306.05,4423,6052
2308.673,4424,6053
2309.827,4425,6053
2311.811,4426,6054
2311.879,4427,6054
2312.476,4428,6054
2312.749,4429,6055
2319.598,4430,6057
2319.703,4431,6057
2319.78,4432,6061
2320.088,4433,6061
2320.312,4434,6061
2320.548,4435,6061
2320.677,4436,6061
2322.299,4437,6061
2322.844,4438,6061
2324.752,4439,6061
2325.724,4440,6061
2328.654,4441,6061
2329.673,4442,6061
2333.389,4443,6061
2337.875,4444,6061
2338.033,4445,6061
2338.948,4446,6063
2341.368,4447,6063
2341.713,4448,6063
2342.226,4449,6064
2345.005,4450,6064
2346.191,4451,6064
2348.672,4452,6065
2348.801,4453,6065
2350.687,4454,6065
2350.817,4455,6065
2350.873,4456,6065
2350.882,4457,6065
2351.307,4458,6065
2351.871,4459,6065
2352.385,4460,6065
2353.917,4461,6065
2354.711,4462,6065
2356.41,4463,6065
2358.015,4464,6065
2359.191,4465,6065
2361.358,4466,6065
2361.454,4467,6065
2361.638,4468,6065
2361.927,4469,6065
2362.067,4470,6065
2362.511,4471,6065
2369.61,4472,6065
2372.416,4473,6065
2373.4,4474,6065
2381.917,4475,6065
2387.109,4476,6065
2413.241,4477,6065
2415.724,4478,6065
2433.693,4479,6065
2435.391,4480,6065
2437.49,4481,6065
2442.876,4482,6065
2447.774,4483,6065
2457.311,4484,6065
2461.846,4485,6065
2464.087,4486,6066
2465.994,4487,6066
2472.277,4488,6067
2473.187,4489,6067
2473.428,4490,6067
2473.456,4491,6067
2473.605,4492,6067
2473.838,4493,6067
2475.626,4494,6067
2480.114,4495,6067
2480.567,4496,6067
2498.047,4497,6067
2498.365,4498,6067
2498.961,4499,6067
2499.057,4500,6067
2499.324,4501,6067
2499.722,4502,6067
2500.015,4503,6068
2502.197,4504,6068
2502.746,4505,6069
2503.612,4506,6069
2504.028,4507,6069
2505.597,4508,6069
2506.772,4509,6069
2508.411,4510,6069
2508.595,4511,6069
2509.501,4512,6069
2511.206,4513,6069
2512.052,4514,6069
2512.999,4515,6069
2513.264,4516,6069
2514.427,4517,6070
2517.665,4518,6070
2520.655,4519,6070
2522.683,4520,6070
2525.125,4521,6070
2525.308,4522,6070
2525.729,4523,6071
2525.741,4524,6072
2526.585,4525,6072
2527.249,4526,6072
2527.796,4527,6073
2527.978,4528,6073
2531.695,4529,6073
2537.899,4530,6073
2538.019,4531,6073
2538.798,4532,6074
2538.809,4533,6074
2539.641,4534,6074
2539.825,4535,6074
2539.89,4536,6081
2540.006,4537,6081
2540.033,4538,6081
2540.158,4539,6081
2540.174,4540,6081
2540.202,4541,6081
2540.428,4542,6081
2541.98,4543,6081
2542.713,4544,6082
2543.331,4545,6083
2543.637,4546,6083
2544.887,4547,6083
2545.024,4548,6083
2545.404,4549,6085
2545.793,4550,6085
2547.989,4551,6085
2549.594,4552,6086
2550.578,4553,6087
2552.15,4554,6087
2552.69,4555,6087
2554.341,4556,6087
2554.362,4557,6087
2554.437,4558,6087
2554.885,4559,6087
2555.26,4560,6088
2555.439,4561,6088
2555.58,4562,6088
2557.09,4563,6088
2559.211,4564,6088
2566.618,4565,6088
2566.628,4566,6088
2566.849,4567,6088
2567.325,4568,6088
2567.47,4569,6088
2567.785,4570,6088
2567.822,4571,6089
2567.854,4572,6089
2568.006,4573,6089
2568.041,4574,6089
2568.62,4575,6089
2568.81,4576,6089
2568.858,4577,6089
2568.913,4578,6089
2569.342,4579,6089
2569.513,4580,6089
2570.056,4581,6089
2570.814,4582,6089
2571.166,4583,6089
2571.466,4584,6089
2572.204,4585,6089
2572.222,4586,6089
2572.798,4587,6089
2573.465,4588,6089
2575.917,4589,6089
2576.023,4590,6089
2576.046,4591,6089
2576.924,4592,6089
2578.059,4593,6089
2578.649,4594,6089
2579.287,4595,6089
2579.449,4596,6089
2581.488,4597,6089
2581.523,4598,6089
2583.568,4599,6089
2583.878,4600,6090
2584.973,4601,6090
2589.914,4602,6090
2590.158,4603,6090
2592.399,4604,6090
2592.947,4605,6090
2606.259,4606,6090
2606.618,4607,6090
2606.914,4608,6090
2606.941,4609,6090
2607.922,4610,6090
2608.695,4611,6090
2609.323,4612,6095
2610.212,4613,6097
2611.428,4614,6097
2613.692,4615,6097
2616.873,4616,6097
2621.444,4617,6097
2622.339,4618,6097
2624.095,4619,6097
2628.643,4620,6097
2638.849,4621,6097
2642.246,4622,6097
2643.049,4623,6097
2647.787,4624,6097
2648.216,4625,6097
2649.307,4626,6097
2649.328,4627,6097
2650.461,4628,6097
2654.631,4629,6098
2657.382,4630,6098
2660.308,4631,6098
2665.269,4632,6098
2668.226,4633,6098
2671.354,4634,6098
2674.633,4635,6098
2675.076,4636,6098
2675.311,4637,6098
2676.177,4638,6098
2681.603,4639,6098
2693.714,4640,6098
2694.321,4641,6098
2695.351,4642,6098
2695.732,4643,6098
2696.972,4644,6098
2698.515,4645,6098
2702.801,4646,6098
2702.839,4647,6098
2703.752,4648,6098
2705.499,4649,6098
2706.335,4650,6098
2710.646,4651,6098
2710.981,4652,6098
2714.553,4653,6098
2716.352,4654,6098
2720.225,4655,6098
2724.542,4656,6098
2725.093,4657,6098
2725.644,4658,6098
2726.928,4659,6098
2731.63,4660,6098
2733.898,4661,6098
2735.062,4662,6098
2756.619,4663,6098
2759.239,4664,6098
2786.313,4665,6098
2798.015,4666,6100
2798.236,4667,6100
2799.136,4668,6100
2799.221,4669,6100
2799.526,4670,6100
2799.807,4671,6100
2799.853,4672,6100
2800.555,4673,6100
2800.883,4674,6100
2801.198,4675,6100
2801.933,4676,6100
2802.004,4677,6100
2803.473,4678,6100
2803.766,4679,6100
2804.871,4680,6100
2805.315,4681,6100
2805.992,4682,6100
2806.311,4683,6100
2806.381,4684,6100
2807.568,4685,6100
2808.766,4686,6100
2808.819,4687,6100
2810.809,4688,6100
2811.137,4689,6100
2812.128,4690,6100
2813.712,4691,6100
2814.738,4692,6100
2818.121,4693,6100
2819.099,4694,6100
2820.046,4695,6100
2823.094,4696,6100
2823.654,4697,6100
2834.352,4698,6100
2834.367,4699,6100
2834.372,4700,6100
2834.378,4701,6100
2834.387,4702,6101
2834.397,4703,6101
2834.406,4704,6101
2834.411,4705,6101
2834.432,4706,6101
2834.445,4707,6101
2834.503,4708,6101
2834.832,4709,6102
2834.845,4710,6102
2834.853,4711,6102
2835.139,4712,6102
2835.147,4713,6102
2835.234,4714,6102
2835.249,4715,6102
2835.598,4716,6102
2835.621,4717,6102
2835.751,4718,6102
2835.791,4719,6102
2835.816,4720,6102
2836.041,4721,6102
2836.253,4722,6102
2837.291,4723,6102
2837.469,4724,6102
2837.541,4725,6102
2837.572,4726,6102
2837.647,4727,6102
2837.911,4728,6102
2838.295,4729,6102
2838.644,4730,6102
2839.154,4731,6103
2839.319,4732,6103
2839.378,4733,6103
2839.493,4734,6103
2840.409,4735,6103
2840.611,4736,6103
2842.312,4737,6103
2844.073,4738,6103
2845.767,4739,6103
2847.793,4740,6103
2849.372,4741,6103
2851.086,4742,6103
2851.155,4743,6103
2851.304,4744,6103
2851.553,4745,6103
2854.088,4746,6103
2856.189,4747,6103
2857.086,4748,6103
2858.224,4749,6103
2860.204,4750,6103
2860.515,4751,6104
2862.525,4752,6105
2862.613,4753,6105
2862.629,4754,6105
2862.954,4755,6105
2864.86,4756,6105
2867.726,4757,6105
2867.836,4758,6105
2869.27,4759,6105
2870.446,4760,6105
2872.259,4761,6105
2872.669,4762,6105
2874.756,4763,6105
2874.802,4764,6105
2876.427,4765,6105
2879.949,4766,6105
2882.821,4767,6105
2884.234,4768,6105
2886.263,4769,6105
2888.36,4770,6105
2890.917,4771,6105
2906.04,4772,6105
2908.814,4773,6105
2908.868,4774,6106
2908.934,4775,6106
2909.015,4776,6106
2909.176,4777,6106
2909.249,4778,6106
2909.256,4779,6106
2909.275,4780,6106
2909.425,4781,6106
2909.442,4782,6106
2909.955,4783,6106
2910.137,4784,6106
2910.494,4785,6106
2910.51,4786,6106
2911.022,4787,6106
2911.616,4788,6106
2911.647,4789,6106
2912.805,4790,6106
2913.589,4791,6106
2914.081,4792,6106
2914.256,4793,6106
2914.977,4794,6106
2915.299,4795,6106
2915.632,4796,6106
2915.813,4797,6106
2915.882,4798,6106
2916.934,4799,6106
2919.953,4800,6106
2920.897,4801,6106
2921.509,4802,6106
2922.228,4803,6106
2925.15,4804,6106
2925.54,4805,6106
2925.919,4806,6106
2930.931,4807,6106
2932.667,4808,6106
2934.903,4809,6106
2937.215,4810,6106
2937.415,4811,6106
2938.315,4812,6106
2941.332,4813,6106
2943.753,4814,6106
2947.087,4815,6106
2950.94,4816,6106
2951.447,4817,6106
2952.111,4818,6106
2953.818,4819,6106
2954.026,4820,6106
2954.141,4821,6106
2954.821,4822,6106
2955.876,4823,6106
2956.997,4824,6106
2960.771,4825,6106
2962.525,4826,6106
2962.725,4827,6106
2964.029,4828,6106
2966.508,4829,6106
2967.179,4830,6106
2967.201,4831,6106
2967.678,4832,6106
2969.159,4833,6106
2970.925,4834,6106
2971.237,4835,6106
2978.246,4836,6106
2979.672,4837,6106
2981.359,4838,6106
2983.254,4839,6106
2983.378,4840,6106
2984.772,4841,6106
2987.58,4842,6106
2991.236,4843,6106
2993.215,4844,6106
2993.597,4845,6106
2993.822,4846,6106
2994.711,4847,6106
2997.55,4848,6106
2999.045,4849,6106
3003.355,4850,6106
3012.506,4851,6106
3012.919,4852,6106
3017.366,4853,6106
3026.316,4854,6106
3030.406,4855,6106
3038.462,4856,6106
3039.865,4857,6106
3039.968,4858,6106
3059.606,4859,6106
3091.011,4860,6106
3100.179,4861,6106
3102.993,4862,6106
3135.321,4863,6106
3137.506,4864,6106
3138.843,4865,6106
3146.654,4866,6106
3148.206,4867,6106
3154.788,4868,6106
3155.348,4869,6106
3163.714,4870,6106
3168.111,4871,6106
3168.185,4872,6106
3168.289,4873,6106
3169.279,4874,6106
3169.937,4875,6106
3170.019,4876,6106
3171.055,4877,6106
3171.507,4878,6106
3172.633,4879,6106
3173.11,4880,6106
3178.64,4881,6106
3184.29,4882,6106
3185.249,4883,6106
3186.242,4884,6106
3189.844,4885,6106
3193.937,4886,6106
3200.001,4887,6106
3202.465,4888,6106
3208.142,4889,6106
3219.509,4890,6106
3223.691,4891,6106
3224.188,4892,6106
3224.595,4893,6106
3225.616,4894,6106
3226.652,4895,6106
3227.085,4896,6106
3234.304,4897,6107
3238.233,4898,6107
3256.426,4899,6107
3259.317,4900,6107
3260.28,4901,6107
3260.305,4902,6107
3260.453,4903,6107
3262.222,4904,6107
3263.359,4905,6107
3263.532,4906,6107
3265.146,4907,6107
3269.282,4908,6107
3270.212,4909,6107
3272.611,4910,6107
3272.944,4911,6107
3274.451,4912,6107
3275.209,4913,6107
3276.915,4914,6107
3277.345,4915,6107
3281.131,4916,6107
3281.584,4917,6107
3282.422,4918,6107
3282.541,4919,6107
3283.606,4920,6107
3284.876,4921,6107
3285.174,4922,6107
3286.927,4923,6107
3287.688,4924,6107
3293.534,4925,6107
3303.325,4926,6107
3310.956,4927,6107
3311.137,4928,6107
3318.545,4929,6107
3318.632,4930,6107
3318.708,4931,6107
3318.838,4932,6107
3319.147,4933,6107
3319.462,4934,6107
3320.201,4935,6107
3322.378,4936,6107
3325.21,4937,6107
3325.47,4938,6107
3325.526,4939,6107
3326.526,4940,6107
3327.328,4941,6107
3327.649,4942,6107
3328.754,4943,6107
3330.727,4944,6107
3337.067,4945,6107
3339.458,4946,6107
3341.305,4947,6107
3342.994,4948,6107
3343.009,4949,6107
3344.814,4950,6107
3353.571,4951,6107
3358.472,4952,6107
3358.485,4953,6107
3358.497,4954,6107
3358.548,4955,6107
3358.903,4956,6107
3359.224,4957,6107
3359.339,4958,6107
3361.728,4959,6107
3362.614,4960,6107
3363.291,4961,6107
3363.542,4962,6107
3364.029,4963,6107
3364.313,4964,6107
3364.786,4965,6107
3365.796,4966,6107
3366.221,4967,6107
3366.301,4968,6107
3369.118,4969,6107
3371.129,4970,6107
3385.767,4971,6107
3385.901,4972,6107
3386.056,4973,6107
3386.712,4974,6107
3386.97,4975,6107
3387.263,4976,6107
3387.914,4977,6107
3390.297,4978,6107
3390.338,4979,6107
3393.549,4980,6108
3437.792,4981,6108
3437.8,4982,6108
3438.846,4983,6108
3439.576,4984,6108
3441.391,4985,6108
3442.129,4986,6108
3442.64,4987,6108
3449.291,4988,6108
3453.703,4989,6108
3453.823,4990,6108
3457.417,4991,6108
3459.118,4992,6108
3468.576,4993,6108
3471.38,4994,6108
3471.866,4995,6108
3475.019,4996,6108
3475.902,4997,6108
3476.063,4998,6108
3476.17,4999,6108
3476.305,5000,6108
3476.389,5001,6108
3476.744,5002,6108
3476.843,5003,6108
3477.071,5004,6108
3478.294,5005,6108
3478.702,5006,6108
3478.958,5007,6108
3479.599,5008,6108
3479.973,5009,6108
3480.467,5010,6108
3481.497,5011,6108
3481.998,5012,6108
3483.018,5013,6108
3483.89,5014,6108
3487.455,5015,6108
3487.712,5016,6108
3487.877,5017,6108
3488.028,5018,6108
3488.372,5019,6108
3489.003,5020,6108
3489.323,5021,6108
3490.498,5022,6108
3496.769,5023,6108
3497.405,5024,6108
3510.123,5025,6108
3511.312,5026,6108
3512.339,5027,6108
3517.568,5028,6108
3549.983,5029,6108
3555.672,5030,6108
3565.403,5031,6108
3580.753,5032,6108
3581.071,5033,6108
3588.273,5034,6108
3588.289,5035,6108
3592.018,5036,6108
3592.171,5037,6108
3593.393,5038,6108
3595.667,5039,6108
3599.408,5040,6108
3600.937,5041,6108
3605.006,5042,6108
3608.921,5043,6108
3612.247,5044,6108
3615.841,5045,6108
3615.909,5046,6108
3625.034,5047,6108
3625.395,5048,6108
3625.495,5049,6108
3625.681,5050,6108
3625.851,5051,6108
3627.046,5052,6108
3628.466,5053,6108
3628.524,5054,6108
3629.82,5055,6108
3630.071,5056,6108
3630.222,5057,6108
3631.307,5058,6108
3632.56,5059,6108
3633.682,5060,6108
3635.842,5061,6108
3637.866,5062,6108
3638.975,5063,6108
3638.989,5064,6108
3639.085,5065,6108
3639.109,5066,6108
3639.192,5067,6108
3639.442,5068,6108
3641.056,5069,6110
3641.099,5070,6112
3641.182,5071,6112
3641.354,5072,6112
3641.549,5073,6112
3641.667,5074,6112
3641.963,5075,6115
3642.007,5076,6115
3642.217,5077,6115
3642.684,5078,6115
3643.421,5079,6115
3644.727,5080,6115
3645.181,5081,6115
3646.068,5082,6115
3646.749,5083,6115
3648.896,5084,6118
3650.589,5085,6118
3654.12,5086,6118
3655.032,5087,6118
3660.647,5088,6118
3665.717,5089,6118
3668.203,5090,6118
3675.75,5091,6118
3679.583,5092,6118
3680.013,5093,6118
3681.705,5094,6118
3685.568,5095,6118
3686.229,5096,6118
3686.626,5097,6119
3688.118,5098,6119
3688.669,5099,6119
3692.985,5100,6119
3694.375,5101,6120
3699.822,5102,6120
3700.722,5103,6121
3704.583,5104,6121
3708.316,5105,6121
3710.228,5106,6122
3710.47,5107,6122
3710.551,5108,6122
3713.12,5109,6122
3713.22,5110,6122
3716.058,5111,6122
3716.225,5112,6125
3717.087,5113,6128
3718.953,5114,6128
3719.184,5115,6128
3719.229,5116,6128
3719.388,5117,6128
3719.651,5118,6128
3722.511,5119,6128
3722.574,5120,6128
3724.544,5121,6128
3724.892,5122,6128
3725.312,5123,6128
3727.567,5124,6128
3729.0,5125,6128
3729.094,5126,6128
3729.136,5127,6128
3729.285,5128,6128
3729.621,5129,6128
3730.048,5130,6128
3730.987,5131,6128
3731.042,5132,6128
3732.324,5133,6128
3736.359,5134,6128
3736.443,5135,6128
3736.926,5136,6128
3737.376,5137,6128
3745.695,5138,6128
3747.167,5139,6128
3748.491,5140,6128
3749.711,5141,6128
3756.952,5142,6128
3756.995,5143,6128
3763.561,5144,6131
3763.575,5145,6134
3763.927,5146,6137
3764.16,5147,6137
3764.168,5148,6137
3764.47,5149,6140
3764.861,5150,6143
3764.969,5151,6143
3765.004,5152,6143
3765.968,5153,6143
3766.423,5154,6143
3767.996,5155,6143
3768.614,5156,6143
3769.994,5157,6143
3771.205,5158,6143
3773.64,5159,6143
3773.758,5160,6143
3775.791,5161,6143
3780.356,5162,6143
3782.414,5163,6143
3783.047,5164,6143
3784.286,5165,6143
3786.371,5166,6143
3795.84,5167,6143
3803.75,5168,6143
3804.159,5169,6143
3809.489,5170,6143
3827.617,5171,6143
3827.933,5172,6143
3828.624,5173,6143
3833.18,5174,6143
3863.459,5175,6143
3872.379,5176,6143
3872.398,5177,6143
3874.39,5178,6143
3874.402,5179,6143
3874.582,5180,6143
3888.368,5181,6143
3889.675,5182,6143
3891.373,5183,6144
3892.953,5184,6144
3894.582,5185,6144
3895.733,5186,6144
3896.852,5187,6144
3898.296,5188,6144
3898.542,5189,6144
3902.741,5190,6144
3905.789,5191,6144
3908.753,5192,6144
3912.079,5193,6144
3912.236,5194,6144
3922.12,5195,6144
3931.674,5196,6144
3947.526,5197,6144
3951.081,5198,6144
3951.467,5199,6144
3952.199,5200,6144
3952.268,5201,6144
3953.636,5202,6144
3954.895,5203,6144
3956.742,5204,6144
3970.736,5205,6144
3972.018,5206,6144
4000.224,5207,6144
4005.366,5208,6144
4010.899,5209,6144
4011.13,5210,6144
4011.27,5211,6144
4011.4,5212,6144
4011.49,5213,6144
4012.715,5214,6144
4012.851,5215,6144
4013.433,5216,6144
4013.56,5217,6144
4015.425,5218,6144
4016.11,5219,6144
4018.08,5220,6144
4019.995,5221,6144
4027.238,5222,6144
4027.778,5223,6144
4027.805,5224,6144
4027.864,5225,6144
4027.897,5226,6144
4027.938,5227,6144
4028.043,5228,6144
4028.475,5229,6144
4028.58,5230,6144
4028.762,5231,6144
4028.878,5232,6144
4032.632,5233,6144
4033.588,5234,6144
4034.019,5235,6144
4040.618,5236,6144
4043.999,5237,6144
4044.089,5238,6144
4044.404,5239,6144
4045.982,5240,6144
4046.355,5241,6144
4050.315,5242,6144
4051.541,5243,6144
4060.162,5244,6144
4064.646,5245,6144
4069.874,5246,6144
4071.616,5247,6144
4075.035,5248,6144
4080.872,5249,6144
4081.718,5250,6144
4081.953,5251,6144
4082.52,5252,6144
4086.442,5253,6144
4092.773,5254,6144
4092.958,5255,6144
4094.598,5256,6144
4099.861,5257,6144
4100.572,5258,6147
4101.884,5259,6147
4102.845,5260,6147
4102.925,5261,6147
4104.098,5262,6147
4104.406,5263,6147
4105.356,5264,6152
4107.274,5265,6152
4109.613,5266,6152
4109.789,5267,6152
4109.872,5268,6152
4110.496,5269,6152
4110.92,5270,6152
4110.961,5271,6152
4115.114,5272,6152
4116.202,5273,6152
4119.295,5274,6152
4123.806,5275,6152
4123.827,5276,6152
4123.894,5277,6152
4124.008,5278,6152
4124.182,5279,6152
4126.532,5280,6152
4126.608,5281,6152
4127.371,5282,6152
4132.14,5283,6152
4133.917,5284,6152
4134.691,5285,6152
4145.378,5286,6152
4146.952,5287,6152
4149.324,5288,6152
4152.004,5289,6152
4153.981,5290,6152
4156.54,5291,6152
4157.452,5292,6152
4175.48,5293,6152
4176.757,5294,6152
4177.851,5295,6152
4178.134,5296,6152
4178.693,5297,6152
4179.681,5298,6152
4182.586,5299,6152
4190.81,5300,6152
4209.127,5301,6152
4209.814,5302,6152
4210.322,5303,6152
4210.338,5304,6152
4210.547,5305,6152
4211.331,5306,6152
4213.013,5307,6152
4217.832,5308,6152
4219.444,5309,6152
4221.766,5310,6152
4221.791,5311,6152
4221.825,5312,6152
4221.885,5313,6152
4221.892,5314,6152
4222.072,5315,6152
4222.49,5316,6152
4222.603,5317,6152
4223.045,5318,6152
4225.136,5319,6152
4225.944,5320,6153
4226.181,5321,6153
4227.45,5322,6153
4229.535,5323,6153
4231.781,5324,6153
4244.747,5325,6153
4245.686,5326,6153
4249.205,5327,6153
4250.354,5328,6153
4252.776,5329,6153
4254.137,5330,6153
4255.365,5331,6153
4260.192,5332,6153
4261.876,5333,6153
4266.162,5334,6153
4283.942,5335,6153
4286.715,5336,6153
4286.728,5337,6153
4287.734,5338,6153
4290.754,5339,6153
4294.726,5340,6153
4307.328,5341,6153
4327.339,5342,6153
4327.623,5343,6153
4328.272,5344,6153
4329.238,5345,6153
4329.483,5346,6153
4329.758,5347,6153
4329.821,5348,6153
4332.16,5349,6153
4333.091,5350,6153
4333.396,5351,6153
4335.156,5352,6153
4336.886,5353,6153
4337.766,5354,6154
4337.906,5355,6154
4338.841,5356,6156
4340.083,5357,6156
4340.225,5358,6156
4340.666,5359,6156
4351.238,5360,6156
4351.67,5361,6156
4357.242,5362,6156
4359.068,5363,6156
4359.329,5364,6156
4361.0,5365,6156
4361.696,5366,6156
4363.236,5367,6156
4364.397,5368,6156
4365.964,5369,6156
4367.059,5370,6156
4367.635,5371,6156
4370.056,5372,6156
4376.244,5373,6156
4376.403,5374,6156
4382.857,5375,6156
4384.991,5376,6157
4386.537,5377,6157
4386.712,5378,6157
4387.538,5379,6157
4394.835,5380,6157
4397.354,5381,6157
4397.758,5382,6157
4397.894,5383,6157
4398.705,5384,6160
4398.879,5385,6161
4399.191,5386,6161
4401.415,5387,6162
4411.772,5388,6162
4419.173,5389,6162
4421.833,5390,6162
4424.815,5391,6162
4424.899,5392,6163
4436.989,5393,6163
4442.307,5394,6163
4442.322,5395,6163
4447.704,5396,6163
4449.534,5397,6163
4450.23,5398,6163
4450.713,5399,6163
4453.187,5400,6163
4455.025,5401,6163
4465.45,5402,6163
4473.684,5403,6163
4481.779,5404,6163
4484.549,5405,6163
4488.605,5406,6163
4490.064,5407,6163
4490.23,5408,6163
4490.886,5409,6163
4494.624,5410,6163
4499.827,5411,6163
4502.025,5412,6163
4504.727,5413,6163
4508.808,5414,6163
4510.464,5415,6163
4512.458,5416,6163
4513.701,5417,6163
4515.88,5418,6163
4519.33,5419,6163
4519.621,5420,6163
4519.757,5421,6163
4520.101,5422,6163
4520.182,5423,6163
4520.203,5424,6163
4520.495,5425,6163
4520.673,5426,6163
4523.553,5427,6163
4526.171,5428,6163
4528.058,5429,6163
4528.39,5430,6163
4531.242,5431,6163
4539.835,5432,6163
4541.649,5433,6163
4545.999,5434,6163
4551.506,5435,6163
4553.57,5436,6163
4559.213,5437,6163
4561.691,5438,6163
4562.894,5439,6163
4563.529,5440,6163
4565.156,5441,6163
4569.591,5442,6163
4569.995,5443,6163
4571.533,5444,6163
4571.682,5445,6163
4571.8,5446,6163
4571.836,5447,6163
4572.19,5448,6163
4572.624,5449,6163
4573.223,5450,6163
4573.544,5451,6163
4574.24,5452,6163
4575.572,5453,6163
4575.94,5454,6163
4576.711,5455,6163
4577.628,5456,6163
4577.805,5457,6163
4578.226,5458,6163
4578.309,5459,6163
4578.864,5460,6163
4579.017,5461,6163
4579.773,5462,6163
4579.795,5463,6163
4579.857,5464,6163
4581.421,5465,6163
4582.75,5466,6163
4583.17,5467,6163
4583.695,5468,6163
4584.137,5469,6163
4586.386,5470,6163
4588.203,5471,6163
4588.344,5472,6163
4591.841,5473,6163
4594.701,5474,6163
4594.853,5475,6163
4594.928,5476,6168
4595.356,5477,6168
4595.529,5478,6168
4595.544,5479,6173
4596.037,5480,6173
4596.153,5481,6173
4598.331,5482,6173
4599.063,5483,6173
4601.286,5484,6173
4604.256,5485,6173
4609.448,5486,6173
4610.191,5487,6173
4618.687,5488,6173
4618.824,5489,6173
4619.671,5490,6173
4620.037,5491,6173
4620.261,5492,6173
4621.367,5493,6173
4627.589,5494,6173
4629.474,5495,6173
4630.85,5496,6173
4635.301,5497,6173
4639.906,5498,6173
4644.427,5499,6173
4644.707,5500,6173
4644.74,5501,6173
4645.183,5502,6173
4646.253,5503,6173
4651.396,5504,6173
4677.424,5505,6173
4737.875,5506,6173
4739.155,5507,6173
4742.807,5508,6173
4742.84,5509,6173
4742.9,5510,6173
4744.773,5511,6173
4745.417,5512,6173
4745.429,5513,6173
4745.457,5514,6173
4745.479,5515,6173
4745.526,5516,6173
4745.888,5517,6173
4746.686,5518,6173
4746.797,5519,6173
4746.952,5520,6173
4747.035,5521,6173
4747.613,5522,6173
4747.674,5523,6173
4748.332,5524,6173
4748.441,5525,6173
4748.585,5526,6173
4749.103,5527,6173
4749.587,5528,6173
4749.752,5529,6173
4749.964,5530,6173
4750.265,5531,6173
4751.714,5532,6173
4753.715,5533,6173
4754.405,5534,6173
4756.177,5535,6173
4762.275,5536,6173
4772.189,5537,6173
4773.308,5538,6173
4773.572,5539,6173
4774.529,5540,6173
4779.901,5541,6173
4793.742,5542,6173
4807.184,5543,6173
4809.831,5544,6173
4810.038,5545,6173
4812.362,5546,6173
4812.838,5547,6173
4813.978,5548,6173
4829.848,5549,6173
4829.87,5550,6173
4830.553,5551,6173
4830.696,5552,6173
4831.149,5553,6173
4831.626,5554,6173
4832.737,5555,6173
4833.637,5556,6173
4834.268,5557,6173
4839.116,5558,6173
4843.38,5559,6173
4846.368,5560,6173
4850.401,5561,6173
4850.84,5562,6173
4853.088,5563,6174
4853.702,5564,6175
4857.809,5565,6175
4858.093,5566,6175
4859.637,5567,6175
4862.769,5568,6175
4865.188,5569,6175
4866.532,5570,6175
4868.466,5571,6175
4873.008,5572,6175
4876.547,5573,6175
4879.414,5574,6176
4879.553,5575,6176
4879.873,5576,6176
4880.081,5577,6176
4881.996,5578,6176
4883.774,5579,6176
4886.483,5580,6176
4887.603,5581,6176
4888.7,5582,6176
4888.911,5583,6176
4891.368,5584,6176
4892.379,5585,6176
4892.742,5586,6176
4892.759,5587,6176
4893.344,5588,6176
4894.357,5589,6176
4894.856,5590,6176
4894.918,5591,6176
4894.991,5592,6176
4896.293,5593,6176
4902.32,5594,6176
4908.826,5595,6176
4932.055,5596,6176
4933.33,5597,6176
4934.333,5598,6176
4935.083,5599,6176
4936.649,5600,6176
4937.935,5601,6176
4942.99,5602,6176
4944.804,5603,6176
4947.523,5604,6176
4955.414,5605,6176
4955.617,5606,6176
4957.969,5607,6176
4960.588,5608,6176
4961.231,5609,6177
4964.937,5610,6177
4970.816,5611,6177
4972.401,5612,6177
4981.325,5613,6177
4981.508,5614,6177
4985.738,5615,6177
4989.561,5616,6177
4989.617,5617,6177
4989.671,5618,6177
4989.734,5619,6177
4989.843,5620,6177
4989.942,5621,6177
4990.804,5622,6177
4991.241,5623,6177
4993.368,5624,6177
4996.625,5625,6177
5001.933,5626,6179
5002.693,5627,6179
5007.362,5628,6179
5007.538,5629,6179
5016.616,5630,6180
5017.437,5631,6180
5018.684,5632,6180
5019.084,5633,6181
5019.759,5634,6181
5023.267,5635,6181
5026.506,5636,6181
5034.038,5637,6181
5038.814,5638,6181
5038.847,5639,6181
5039.3,5640,6181
5039.457,5641,6181
5039.922,5642,6185
5039.968,5643,6185
5040.112,5644,6185
5040.182,5645,6185
5040.268,5646,6185
5040.293,5647,6185
5040.362,5648,6185
5040.523,5649,6188
5041.286,5650,6188
5041.384,5651,6188
5042.101,5652,6188
5042.604,5653,6188
5042.685,5654,6188
5043.015,5655,6188
5043.095,5656,6188
5043.546,5657,6188
5044.961,5658,6188
5046.158,5659,6188
5046.839,5660,6188
5047.451,5661,6188
5048.077,5662,6188
5048.36,5663,6188
5049.569,5664,6188
5051.694,5665,6188
5051.849,5666,6188
5053.373,5667,6188
5054.722,5668,6188
5064.194,5669,6188
5064.358,5670,6188
5066.82,5671,6188
5067.585,5672,6188
5069.245,5673,6188
5069.916,5674,6188
5070.855,5675,6188
5072.723,5676,6188
5075.801,5677,6188
5126.575,5678,6188
5126.599,5679,6188
5126.685,5680,6188
5127.665,5681,6188
5128.421,5682,6188
5129.559,5683,6188
5131.497,5684,6188
5132.537,5685,6188
5147.82,5686,6188
5148.583,5687,6188
5149.232,5688,6191
5157.675,5689,6191
5159.01,5690,6191
5159.338,5691,6191
5160.611,5692,6192
5172.097,5693,6192
5172.144,5694,6192
5172.485,5695,6194
5180.376,5696,6194
5185.775,5697,6194
5186.33,5698,6194
5190.356,5699,6194
5190.964,5700,6194
5192.398,5701,6194
5192.542,5702,6194
5192.832,5703,6194
5193.445,5704,6194
5193.461,5705,6194
5210.212,5706,6194
5212.177,5707,6194
5215.245,5708,6194
5215.67,5709,6194
5215.985,5710,6194
5216.097,5711,6194
5216.294,5712,6194
5217.659,5713,6194
5219.145,5714,6194
5225.251,5715,6194
5228.597,5716,6194
5235.277,5717,6194
5236.612,5718,6194
5237.791,5719,6194
5237.926,5720,6194
5254.369,5721,6194
5257.624,5722,6194
5268.446,5723,6194
5280.539,5724,6194
5301.93,5725,6194
5383.174,5726,6194
5394.133,5727,6194
5431.894,5728,6194
5768.883,5729,6194
5771.946,5730,6194
5772.233,5731,6194
5772.421,5732,6194
5773.225,5733,6194
5773.257,5734,6194
5773.583,5735,6194
5774.094,5736,6194
5774.124,5737,6194
5774.298,5738,6194
5774.707,5739,6194
5777.099,5740,6194
5777.113,5741,6194
5778.339,5742,6194
5780.497,5743,6194
5781.223,5744,6194
5781.696,5745,6194
5785.006,5746,6194
5789.244,5747,6194
5793.547,5748,6194
5795.027,5749,6194
5822.77,5750,6194
5823.904,5751,6194
5826.076,5752,6194
5826.669,5753,6194
5827.984,5754,6194
5828.972,5755,6194
5829.676,5756,6194
5830.367,5757,6194
5830.807,5758,6194
5830.945,5759,6194
5834.36,5760,6194
5834.79,5761,6194
5834.945,5762,6194
5836.174,5763,6194
5840.68,5764,6194
5841.646,5765,6194
5841.757,5766,6194
5842.537,5767,6194
5843.065,5768,6194
5843.713,5769,6194
5847.75,5770,6194
5853.322,5771,6195
5863.339,5772,6195
5863.349,5773,6195
5863.359,5774,6195
5863.372,5775,6195
5863.388,5776,6195
5867.799,5777,6195
5867.998,5778,6195
5868.766,5779,6195
5870.613,5780,6195
5876.049,5781,6195
5919.733,5782,6195
5921.261,5783,6195
5960.806,5784,6195
5961.107,5785,6195
5961.627,5786,6195
5962.334,5787,6195
5962.711,5788,6196
5964.168,5789,6196
5966.768,5790,6196
5969.886,5791,6196
6005.169,5792,6196
6007.015,5793,6196
6013.141,5794,6196
6032.92,5795,6196
6035.776,5796,6196
6051.964,5797,6196
6063.337,5798,6196
6222.201,5799,6196
6280.589,5800,6196
6353.283,5801,6196
6389.816,5802,6196
6459.504,5803,6196
6475.57,5804,6196
6475.784,5805,6196
6475.992,5806,6196
6476.243,5807,6196
6476.874,5808,6196
6477.911,5809,6196
6478.707,5810,6196
6479.898,5811,6196
6480.398,5812,6197
6484.999,5813,6197
6488.021,5814,6197
6488.478,5815,6197
6552.416,5816,6197
6554.981,5817,6197
6555.055,5818,6197
6555.148,5819,6197
6555.477,5820,6197
6562.084,5821,6197
6571.59,5822,6197
6571.645,5823,6197
6571.754,5824,6197
6571.848,5825,6197
6571.927,5826,6197
6572.669,5827,6197
6573.361,5828,6197
6573.441,5829,6197
6575.052,5830,6197
6576.134,5831,6197
6576.256,5832,6197
6577.37,5833,6197
6578.18,5834,6197
6579.827,5835,6197
6579.94,5836,6197
6580.776,5837,6197
6581.095,5838,6197
6581.266,5839,6197
6582.174,5840,6197
6587.538,5841,6197
6592.937,5842,6197
6623.416,5843,6197
6664.395,5844,6197
6666.89,5845,6197
6680.532,5846,6197
6693.958,5847,6197
6754.43,5848,6197
6808.113,5849,6197
6812.792,5850,6197
6833.256,5851,6197
7074.584,5852,6197
7086.714,5853,6197
7099.801,5854,6197
7108.285,5855,6197
7111.626,5856,6197
7117.351,5857,6197
7118.211,5858,6197
7118.518,5859,6197
7119.168,5860,6197
7121.195,5861,6197
7123.408,5862,6197
7127.773,5863,6197
7127.801,5864,6197
7131.378,5865,6197
7142.259,5866,6197
7191.622,5867,6197
7212.314,5868,6197
7239.009,5869,6197
7252.323,5870,6197
7263.84,5871,6197
7282.419,5872,6197
7494.48,5873,6197
7611.073,5874,6197
7765.245,5875,6197
7772.009,5876,6197
7785.809,5877,6197
7785.903,5878,6197
7786.306,5879,6197
7787.974,5880,6197
7812.707,5881,6197
7876.301,5882,6197
7879.25,5883,6197
7879.472,5884,6197
7881.686,5885,6197
7881.766,5886,6197
7889.701,5887,6197
7898.822,5888,6197
7900.601,5889,6197
7901.082,5890,6197
7901.521,5891,6197
7902.5,5892,6197
7903.554,5893,6197
7903.683,5894,6197
7904.184,5895,6197
7909.684,5896,6197
7911.463,5897,6197
7911.75,5898,6197
7917.066,5899,6197
7924.512,5900,6197
7931.019,5901,6197
7934.104,5902,6197
7936.127,5903,6197
7940.774,5904,6197
7946.735,5905,6197
7963.841,5906,6197
7970.15,5907,6197
7971.204,5908,6197
7972.132,5909,6197
7982.882,5910,6197
7985.764,5911,6197
8010.321,5912,6197
8013.426,5913,6197
8017.633,5914,6197
8019.05,5915,6197
8048.353,5916,6197
8057.837,5917,6197
8079.195,5918,6197
8081.003,5919,6197
8083.581,5920,6197
8094.597,5921,6197
8101.706,5922,6197
8167.663,5923,6197
8257.211,5924,6197
8317.584,5925,6197
8327.802,5926,6197
8389.987,5927,6197
8571.313,5928,6197
8630.0,5929,6197
8660.74,5930,6197
8664.446,5931,6197
8708.028,5932,6197
8721.434,5933,6197
8724.283,5934,6197
8736.801,5935,6197
8738.486,5936,6197
8761.595,5937,6197
8774.269,5938,6197
8774.511,5939,6197
8775.936,5940,6197
8785.364,5941,6197
8788.888,5942,6197
8789.651,5943,6197
8818.745,5944,6197
8824.987,5945,6197
8827.951,5946,6197
8845.22,5947,6197
8847.428,5948,6197
8857.363,5949,6197
8857.72,5950,6197
8866.923,5951,6197
8889.757,5952,6197
8889.813,5953,6197
8892.99,5954,6197
8893.315,5955,6197
8905.535,5956,6197
8907.187,5957,6197
8909.154,5958,6197
8909.656,5959,6197
8911.566,5960,6197
8911.665,5961,6197
8912.132,5962,6197
8914.217,5963,6197
8915.09,5964,6197
8916.887,5965,6197
8916.9,5966,6197
8919.851,5967,6197
8921.198,5968,6197
8924.045,5969,6197
8925.123,5970,6197
8925.504,5971,6197
8926.894,5972,6197
8927.01,5973,6197
8927.194,5974,6197
8933.352,5975,6197
8933.603,5976,6197
8942.967,5977,6197
8943.071,5978,6197
8943.079,5979,6197
8943.091,5980,6197
8943.233,5981,6197
8943.244,5982,6197
8943.259,5983,6197
8943.268,5984,6197
8943.278,5985,6197
8943.295,5986,6197
8943.312,5987,6197
8943.328,5988,6197
8943.349,5989,6197
8943.465,5990,6197
8944.705,5991,6197
8944.738,5992,6197
8944.77,5993,6197
8944.841,5994,6197
8944.879,5995,6197
8944.908,5996,6197
8944.918,5997,6197
8944.978,5998,6197
8945.0,5999,6197
8945.05,6000,6197
8945.062,6001,6197
8945.22,6002,6197
8945.242,6003,6197
8945.34,6004,6197
8945.377,6005,6197
8945.401,6006,6197
8945.413,6007,6197
8945.71,6008,6197
8945.794,6009,6197
8945.926,6010,6197
8946.002,6011,6197
8946.046,6012,6197
8946.143,6013,6197
8946.505,6014,6197
8946.532,6015,6197
8946.67,6016,6197
8946.74,6017,6197
8946.883,6018,6197
8946.947,6019,6197
8946.996,6020,6197
8947.096,6021,6197
8947.261,6022,6197
8947.624,6023,6197
8947.742,6024,6197
8947.769,6025,6197
8947.807,6026,6197
8948.127,6027,6197
8948.137,6028,6197
8948.318,6029,6197
8948.335,6030,6197
8948.491,6031,6197
8948.535,6032,6197
8948.679,6033,6197
8948.765,6034,6197
8948.802,6035,6197
8949.66,6036,6197
8949.997,6037,6197
8950.556,6038,6197
8951.746,6039,6197
8952.0,6040,6197
8952.583,6041,6197
8952.674,6042,6197
8952.859,6043,6197
8953.076,6044,6197
8953.489,6045,6197
8953.861,6046,6197
8954.603,6047,6197
8954.615,6048,6197
8955.376,6049,6197
8955.479,6050,6197
8955.943,6051,6197
8956.034,6052,6197
8956.449,6053,6197
8956.485,6054,6197
8956.988,6055,6197
8959.366,6056,6197
8960.245,6057,6197
8961.207,6058,6197
8962.53,6059,6197
8963.093,6060,6197
8963.878,6061,6197
8964.588,6062,6197
8964.864,6063,6197
8964.929,6064,6197
8971.835,6065,6197
8971.927,6066,6197
8973.341,6067,6197
8974.221,6068,6197
8974.96,6069,6197
8975.116,6070,6197
8975.864,6071,6197
8977.336,6072,6197
8979.566,6073,6197
8982.847,6074,6197
8984.284,6075,6197
8988.802,6076,6197
9000.059,6077,6197
9015.622,6078,6197
9022.5,6079,6197
9024.525,6080,6197
9024.653,6081,6197
9024.691,6082,6197
9025.179,6083,6197
9025.603,6084,6197
9025.759,6085,6197
9025.913,6086,6197
9026.199,6087,6197
9026.8,6088,6197
9028.052,6089,6197
9028.334,6090,6197
9029.32,6091,6197
9029.372,6092,6197
9029.573,6093,6197
9030.275,6094,6197
9031.787,6095,6197
9033.144,6096,6197
9034.097,6097,6197
9034.325,6098,6197
9035.685,6099,6197
9038.277,6100,6197
9039.133,6101,6197
9039.601,6102,6197
9041.434,6103,6197
9042.058,6104,6197
9042.099,6105,6197
9043.561,6106,6197
9067.835,6107,6197
9069.202,6108,6197
9069.283,6109,6197
9071.674,6110,6197
9072.936,6111,6197
9075.061,6112,6197
9075.527,6113,6197
9078.842,6114,6197
9098.567,6115,6197
9118.022,6116,6197
9130.353,6117,6197
9149.024,6118,6197
9155.009,6119,6197
9155.49,6120,6197
9164.507,6121,6197
9182.567,6122,6197
9247.398,6123,6197
9327.892,6124,6197
9327.938,6125,6197
9328.566,6126,6197
9328.728,6127,6197
9328.772,6128,6197
9328.88,6129,6197
9349.663,6130,6197
9410.134,6131,6197
9412.297,6132,6197
9418.922,6133,6197
9425.404,6134,6197
9433.816,6135,6197
9480.532,6136,6197
9496.757,6137,6197
9554.072,6138,6197
9566.619,6139,6197
9645.584,6140,6197
9771.856,6141,6197
9982.961,6142,6197
10094.095,6143,6197
10108.74,6144,6197
10121.387,6145,6197
10121.417,6146,6197
10121.437,6147,6197
10123.114,6148,6197
10123.291,6149,6197
10123.386,6150,6197
10123.495,6151,6197
10123.554,6152,6197
10123.583,6153,6197
10123.622,6154,6197
10123.637,6155,6197
10123.951,6156,6197
10123.971,6157,6197
10124.016,6158,6197
10124.252,6159,6197
10124.316,6160,6199
10124.446,6161,6199
10124.907,6162,6199
10125.148,6163,6200
10125.157,6164,6200
10126.209,6165,6200
10126.271,6166,6200
10126.282,6167,6200
10126.509,6168,6200
10126.585,6169,6200
10127.075,6170,6200
10127.265,6171,6200
10127.763,6172,6200
10127.825,6173,6200
10128.052,6174,6200
10128.342,6175,6200
10128.374,6176,6200
10128.421,6177,6200
10128.85,6178,6200
10128.907,6179,6200
10129.668,6180,6200
10131.22,6181,6200
10131.345,6182,6200
10132.515,6183,6200
10133.418,6184,6200
10133.805,6185,6200
10136.434,6186,6200
10137.291,6187,6200
10148.094,6188,6200
10150.969,6189,6200
10153.21,6190,6200
10155.301,6191,6200
10173.828,6192,6200
10188.815,6193,6200
10202.984,6194,6200
10213.97,6195,6200
10219.601,6196,6200
10318.907,6197,6200
10432.449,6198,6200
10657.201,6199,6200
10686.654,6200,6200
10725.105,6201,6200
10762.987,6202,6200
10784.942,6203,6200
10794.341,6204,6200
10803.17,6205,6200
10810.133,6206,6200
10832.156,6207,6200
10840.478,6208,6200
10847.857,6209,6200
10853.969,6210,6200
10856.1,6211,6200
10866.291,6212,6200
10889.081,6213,6200
10911.958,6214,6200
10915.411,6215,6200
10923.77,6216,6200
10941.877,6217,6200
11013.917,6218,6200
11033.287,6219,6200
11035.566,6220,6200
11087.267,6221,6200
11087.415,6222,6200
11088.288,6223,6200
11088.542,6224,6200
11088.606,6225,6200
11088.683,6226,6200
11088.734,6227,6200
11088.775,6228,6200
11089.126,6229,6200
11089.202,6230,6200
11089.313,6231,6200
11090.034,6232,6200
11091.574,6233,6200
11091.739,6234,6200
11093.801,6235,6200
11094.485,6236,6200
11094.701,6237,6200
11096.161,6238,6200
11096.662,6239,6200
11097.531,6240,6200
11099.757,6241,6200
11124.449,6242,6200
11132.055,6243,6200
11154.313,6244,6201
11154.427,6245,6201
11193.578,6246,6201
11232.652,6247,6201
11232.725,6248,6201
11240.058,6249,6201
11242.128,6250,6201
11253.668,6251,6201
11253.681,6252,6201
11253.69,6253,6201
11253.702,6254,6201
11253.717,6255,6201
11253.729,6256,6201
11253.759,6257,6201
11253.767,6258,6201
11253.775,6259,6201
11348.16,6260,6201
11356.168,6261,6201
11395.881,6262,6201
11400.752,6263,6201
11416.1,6264,6201
11418.3,6265,6201
11421.966,6266,6201
11423.088,6267,6201
11446.117,6268,6201
11495.531,6269,6201
11496.013,6270,6201
11496.033,6271,6201
11496.11,6272,6201
11496.135,6273,6201
11496.17,6274,6201
11496.261,6275,6201
11496.34,6276,6201
11496.367,6277,6201
11496.457,6278,6201
11496.493,6279,6201
11496.564,6280,6201
11496.622,6281,6201
11496.68,6282,6201
11496.711,6283,6201
11497.006,6284,6201
11497.08,6285,6201
11497.214,6286,6201
11497.612,6287,6201
11498.001,6288,6201
11499.2,6289,6201
11499.949,6290,6201
11500.202,6291,6201
11502.787,6292,6201
11503.622,6293,6201
11503.692,6294,6201
11504.446,6295,6201
11507.441,6296,6201
11507.541,6297,6201
11508.896,6298,6201
11509.532,6299,6201
11510.905,6300,6201
11511.353,6301,6201
11511.796,6302,6201
11512.571,6303,6201
11513.693,6304,6201
11521.02,6305,6201
11553.3,6306,6201
11553.6,6307,6202
11604.248,6308,6202
11604.451,6309,6202
11610.61,6310,6202
11612.195,6311,6202
11633.836,6312,6202
11633.861,6313,6202
11633.885,6314,6202
11635.041,6315,6202
11635.142,6316,6202
11635.215,6317,6202
11635.288,6318,6202
11635.328,6319,6202
11635.346,6320,6202
11635.38,6321,6202
11635.402,6322,6202
11635.528,6323,6202
11635.592,6324,6202
11635.618,6325,6202
11635.69,6326,6202
11635.776,6327,6202
11636.146,6328,6202
11636.29,6329,6202
11636.487,6330,6202
11636.665,6331,6202
11636.771,6332,6202
11636.817,6333,6202
11638.256,6334,6202
11638.346,6335,6202
11638.514,6336,6202
11638.536,6337,6202
11638.58,6338,6202
11638.823,6339,6202
11639.35,6340,6202
11640.235,6341,6202
11640.414,6342,6202
11640.455,6343,6202
11640.491,6344,6202
11642.158,6345,6202
11642.451,6346,6202
11642.709,6347,6202
11642.941,6348,6202
11644.513,6349,6202
11644.563,6350,6202
11644.655,6351,6202
11645.552,6352,6202
11646.296,6353,6202
11646.439,6354,6202
11649.976,6355,6202
11651.432,6356,6202
11653.213,6357,6202
11654.015,6358,6202
11657.117,6359,6202
11659.59,6360,6202
11660.261,6361,6202
11661.225,6362,6202
11663.082,6363,6202
11664.925,6364,6202
11667.491,6365,6202
11668.255,6366,6203
11668.462,6367,6203
11671.939,6368,6203
11680.754,6369,6203
11682.4,6370,6203
11683.319,6371,6203
11683.666,6372,6203
11684.61,6373,6203
11685.054,6374,6203
11686.908,6375,6203
11688.0,6376,6203
11696.552,6377,6203
11698.65,6378,6203
11700.054,6379,6203
11704.103,6380,6203
11704.683,6381,6203
11708.152,6382,6203
11708.986,6383,6203
11711.875,6384,6203
11713.509,6385,6203
11713.831,6386,6203
11716.558,6387,6203
11760.283,6388,6203
11770.007,6389,6203
11779.61,6390,6203
11780.354,6391,6203
11784.012,6392,6203
11784.135,6393,6203
11785.226,6394,6203
11802.332,6395,6203
11822.276,6396,6203
11827.963,6397,6203
11828.974,6398,6203
11830.383,6399,6203
11832.007,6400,6203
11834.061,6401,6203
11843.484,6402,6203
11892.916,6403,6203
11898.093,6404,6203
11900.892,6405,6203
11900.933,6406,6203
11901.032,6407,6203
11904.108,6408,6203
11904.203,6409,6203
11904.583,6410,6203
11907.237,6411,6203
11908.885,6412,6203
11912.769,6413,6203
11920.329,6414,6203
11934.505,6415,6203
11934.553,6416,6203
11934.882,6417,6203
11935.688,6418,6203
11936.403,6419,6203
11937.069,6420,6203
11937.863,6421,6203
11938.164,6422,6203
11939.273,6423,6203
11941.677,6424,6203
11943.22,6425,6203
11943.83,6426,6203
11944.145,6427,6203
11944.837,6428,6203
11946.606,6429,6203
11947.737,6430,6203
11952.012,6431,6203
11952.444,6432,6203
11952.793,6433,6203
11953.958,6434,6203
11957.769,6435,6203
11958.446,6436,6203
11958.78,6437,6203
11980.975,6438,6203
11988.449,6439,6203
11994.669,6440,6203
12003.149,6441,6203
12056.833,6442,6203
12089.653,6443,6203
12118.213,6444,6203
12123.576,6445,6203
12128.34,6446,6203
12159.268,6447,6203
12167.556,6448,6203
12170.785,6449,6203
12189.479,6450,6203
12218.011,6451,6203
12232.371,6452,6203
12246.427,6453,6203
12246.458,6454,6203
12274.136,6455,6203
12302.777,6456,6203
12303.833,6457,6203
12303.852,6458,6203
12303.874,6459,6203
12303.943,6460,6203
12303.962,6461,6203
12303.988,6462,6203
12304.07,6463,6203
12304.102,6464,6203
12304.461,6465,6203
12304.615,6466,6203
12305.82,6467,6203
12306.709,6468,6203
12306.974,6469,6203
12307.187,6470,6203
12307.263,6471,6203
12308.656,6472,6203
12309.126,6473,6203
12309.633,6474,6203
12315.542,6475,6203
12317.677,6476,6203
12319.486,6477,6203
12320.762,6478,6203
12320.856,6479,6203
12322.221,6480,6203
12323.551,6481,6203
12323.975,6482,6203
12324.54,6483,6203
12331.579,6484,6203
12331.971,6485,6203
12343.528,6486,6203
12348.716,6487,6203
12351.011,6488,6203
12351.7,6489,6203
12376.723,6490,6203
12394.219,6491,6203
12396.172,6492,6203
12402.822,6493,6203
12417.058,6494,6203
12417.089,6495,6203
12417.127,6496,6203
12417.14,6497,6203
12417.351,6498,6203
12417.484,6499,6203
12419.093,6500,6203
12419.819,6501,6203
12420.604,6502,6203
12420.625,6503,6203
12420.836,6504,6203
12420.86,6505,6203
12421.119,6506,6203
12423.008,6507,6203
12424.928,6508,6203
12426.583,6509,6203
12426.629,6510,6203
12429.711,6511,6203
12431.957,6512,6203
12437.518,6513,6203
12437.944,6514,6203
12442.597,6515,6203
12442.615,6516,6203
12448.681,6517,6203
12449.096,6518,6203
12450.586,6519,6203
12455.478,6520,6203
12460.431,6521,6203
12491.103,6522,6203
12507.841,6523,6203
12508.559,6524,6203
12510.687,6525,6203
12515.036,6526,6203
12517.967,6527,6203
12521.658,6528,6203
12539.841,6529,6203
12554.774,6530,6203
12561.996,6531,6203
12572.372,6532,6203
12572.672,6533,6203
12582.33,6534,6203
12582.773,6535,6203
12605.762,6536,6203
12607.527,6537,6203
12611.7,6538,6203
12613.959,6539,6203
12614.086,6540,6203
12614.147,6541,6203
12616.664,6542,6203
12618.33,6543,6203
12620.948,6544,6203
12628.636,6545,6203
12630.698,6546,6203
12640.933,6547,6203
12647.757,6548,6203
12667.716,6549,6203
12679.244,6550,6203
12701.577,6551,6203
12703.422,6552,6203
12704.303,6553,6203
12722.779,6554,6203
12729.153,6555,6203
12733.908,6556,6203
12737.473,6557,6203
12738.689,6558,6203
12739.52,6559,6203
12747.756,6560,6203
12747.796,6561,6203
12750.43,6562,6203
12750.85,6563,6203
12751.026,6564,6203
12751.475,6565,6203
12751.724,6566,6203
12751.836,6567,6203
12751.943,6568,6203
12754.34,6569,6203
12757.498,6570,6203
12759.252,6571,6203
12762.767,6572,6203
12763.968,6573,6203
12768.958,6574,6203
12770.888,6575,6205
12771.942,6576,6205
12773.743,6577,6205
12775.369,6578,6205
12780.985,6579,6205
12782.346,6580,6205
12783.009,6581,6205
12814.794,6582,6205
12816.251,6583,6205
12816.661,6584,6205
12816.843,6585,6205
12818.008,6586,6205
12818.502,6587,6205
12822.832,6588,6205
12822.983,6589,6205
12825.075,6590,6205
12827.274,6591,6205
12832.369,6592,6205
12833.538,6593,6205
12835.842,6594,6205
12835.904,6595,6205
12836.002,6596,6205
12836.44,6597,6205
12836.92,6598,6205
12837.14,6599,6205
12840.45,6600,6205
12842.646,6601,6205
12842.865,6602,6205
12844.099,6603,6205
12845.082,6604,6205
12860.081,6605,6205
12865.711,6606,6205
12866.395,6607,6205
12866.966,6608,6205
12870.507,6609,6205
12891.37,6610,6205
12892.626,6611,6205
12895.695,6612,6205
12897.683,6613,6205
12897.739,6614,6205
12898.011,6615,6205
12899.562,6616,6205
12903.739,6617,6205
12905.459,6618,6205
12913.624,6619,6205
12916.029,6620,6205
12920.697,6621,6205
12948.65,6622,6205
12949.406,6623,6205
12967.99,6624,6205
12968.025,6625,6205
12968.124,6626,6205
12968.267,6627,6205
12968.314,6628,6205
12969.142,6629,6205
12969.978,6630,6205
12970.038,6631,6205
12970.185,6632,6205
12970.408,6633,6205
12971.135,6634,6205
12971.297,6635,6205
12971.749,6636,6205
12972.64,6637,6205
12972.973,6638,6205
12973.583,6639,6205
12973.901,6640,6205
12974.458,6641,6205
12977.798,6642,6205
12977.851,6643,6205
12977.962,6644,6205
12979.463,6645,6205
12980.477,6646,6205
12986.396,6647,6205
12988.507,6648,6205
12988.878,6649,6205
12995.246,6650,6205
12995.657,6651,6205
12997.531,6652,6205
13007.089,6653,6205
13010.319,6654,6205
13012.068,6655,6205
13012.323,6656,6205
13025.658,6657,6205
13029.568,6658,6205
13030.936,6659,6205
13031.261,6660,6205
13031.379,6661,6205
13034.314,6662,6205
13034.64,6663,6205
13037.671,6664,6205
13046.893,6665,6205
13054.576,6666,6205
13055.405,6667,6205
13055.848,6668,6205
13057.346,6669,6205
13059.793,6670,6205
13076.201,6671,6205
13076.26,6672,6205
13076.824,6673,6205
13079.758,6674,6205
13092.244,6675,6205
13104.698,6676,6205
13127.058,6677,6205
13128.601,6678,6205
13139.212,6679,6205
13141.216,6680,6205
13141.396,6681,6205
13144.792,6682,6205
13170.983,6683,6205
13173.582,6684,6205
13176.202,6685,6205
13180.978,6686,6205
13181.009,6687,6205
13181.85,6688,6205
13186.321,6689,6205
13204.68,6690,6205
13205.628,6691,6205
13205.672,6692,6205
13239.596,6693,6205
13243.834,6694,6205
13264.187,6695,6205
13264.366,6696,6205
13308.039,6697,6205
13308.483,6698,6205
13310.12,6699,6205
13311.902,6700,6205
13315.815,6701,6205
13322.432,6702,6205
13328.061,6703,6205
13347.807,6704,6205
13349.444,6705,6205
13360.428,6706,6205
13360.447,6707,6205
13360.501,6708,6205
13361.24,6709,6205
13361.779,6710,6205
13362.287,6711,6205
13362.649,6712,6205
13365.249,6713,6205
13375.97,6714,6205
13376.741,6715,6205
13380.881,6716,6205
13380.998,6717,6205
13392.057,6718,6205
13400.021,6719,6205
13400.192,6720,6205
13401.88,6721,6205
13402.098,6722,6205
13402.226,6723,6205
13404.065,6724,6205
13405.34,6725,6205
13406.997,6726,6205
13410.115,6727,6205
13424.024,6728,6205
13463.482,6729,6205
13488.479,6730,6205
13490.276,6731,6205
13490.435,6732,6205
13492.719,6733,6205
13492.908,6734,6205
13493.307,6735,6205
13493.723,6736,6205
13494.369,6737,6205
13496.673,6738,6205
13496.726,6739,6205
13497.74,6740,6205
13498.455,6741,6205
13498.786,6742,6205
13502.529,6743,6205
13502.643,6744,6205
13505.656,6745,6205
13507.18,6746,6205
13509.856,6747,6205
13514.039,6748,6205
13515.61,6749,6205
13522.669,6750,6205
13524.514,6751,6205
13525.102,6752,6205
13528.676,6753,6205
13532.433,6754,6205
13535.974,6755,6205
13536.054,6756,6205
13538.365,6757,6205
13566.518,6758,6205
13566.585,6759,6205
13568.577,6760,6205
13569.328,6761,6205
13569.577,6762,6205
13571.154,6763,6205
13572.685,6764,6205
13573.069,6765,6205
13579.479,6766,6205
13595.111,6767,6205
13595.14,6768,6205
13595.265,6769,6205
13598.425,6770,6205
13601.653,6771,6206
13602.055,6772,6206
13607.134,6773,6206
13670.919,6774,6206
13673.995,6775,6206
13686.9,6776,6206
13687.852,6777,6206
13688.858,6778,6206
13689.013,6779,6206
13693.599,6780,6206
13701.223,6781,6206
13709.359,6782,6206
13714.881,6783,6206
13719.778,6784,6206
13723.78,6785,6206
13724.167,6786,6206
13731.711,6787,6206
13735.586,6788,6206
13738.291,6789,6206
13754.095,6790,6206
13774.927,6791,6206
13804.49,6792,6206
13874.699,6793,6206
13878.789,6794,6206
13897.408,6795,6206
13906.527,6796,6206
13920.049,6797,6206
13966.344,6798,6206
13976.559,6799,6206
14033.728,6800,6206
14061.864,6801,6206
14063.474,6802,6206
14063.586,6803,6206
14065.171,6804,6206
14093.017,6805,6206
14096.715,6806,6206
14110.655,6807,6206
14121.984,6808,6206
14138.086,6809,6206
14142.309,6810,6206
14168.514,6811,6206
14188.475,6812,6206
14189.372,6813,6206
14218.092,6814,6206
14218.144,6815,6206
14218.178,6816,6206
14227.329,6817,6206
14227.857,6818,6206
14234.898,6819,6206
14294.865,6820,6206
14295.822,6821,6206
14302.403,6822,6206
14304.926,6823,6206
14311.922,6824,6206
14322.922,6825,6206
14333.391,6826,6206
14357.657,6827,6206
14358.492,6828,6206
14359.768,6829,6206
14360.814,6830,6206
14363.792,6831,6206
14367.403,6832,6206
14370.139,6833,6206
14380.83,6834,6206
14391.787,6835,6206
14399.418,6836,6206
14402.61,6837,6206
14403.856,6838,6206
14421.019,6839,6206
14450.24,6840,6206
14472.24,6841,6206
14472.46,6842,6206
14484.856,6843,6206
14488.248,6844,6206
14500.598,6845,6206
14502.876,6846,6206
14518.374,6847,6206
14543.841,6848,6206
14574.429,6849,6206
14575.235,6850,6206
14578.686,6851,6206
14583.933,6852,6206
14584.815,6853,6206
14588.291,6854,6206
14606.11,6855,6206
14610.945,6856,6206
14614.41,6857,6206
14636.942,6858,6206
14637.409,6859,6206
14660.564,6860,6206
14679.335,6861,6206
14683.675,6862,6206
14686.174,6863,6206
14690.632,6864,6206
14719.633,6865,6206
14738.587,6866,6206
14738.725,6867,6206
14745.963,6868,6206
14759.164,6869,6206
14776.631,6870,6206
14787.121,6871,6206
14796.271,6872,6206
14796.805,6873,6206
14800.264,6874,6206
14801.233,6875,6206
14804.424,6876,6206
14841.315,6877,6206
14864.265,6878,6206
14866.21,6879,6206
14866.381,6880,6206
14866.515,6881,6207
14880.763,6882,6207
14881.913,6883,6207
14881.96,6884,6207
14882.184,6885,6207
14883.497,6886,6207
14886.38,6887,6207
14889.845,6888,6207
14891.019,6889,6207
14891.993,6890,6207
14897.609,6891,6207
14927.604,6892,6207
14931.852,6893,6207
14937.5,6894,6207
14942.331,6895,6207
14946.163,6896,6207
14984.32,6897,6207
14992.166,6898,6207
14997.57,6899,6207
15006.449,6900,6207
15010.57,6901,6207
15061.009,6902,6207
15089.095,6903,6207
15120.732,6904,6207
15121.777,6905,6207
15123.235,6906,6207
15141.201,6907,6207
15170.905,6908,6207
15213.062,6909,6207
15213.148,6910,6207
15213.432,6911,6207
15213.453,6912,6207
15213.514,6913,6207
15213.844,6914,6207
15213.898,6915,6207
15215.868,6916,6207
15216.0,6917,6207
15216.022,6918,6207
15216.46,6919,6207
15216.576,6920,6207
15218.22,6921,6207
15218.633,6922,6207
15218.82,6923,6207
15220.713,6924,6207
15221.648,6925,6207
15224.605,6926,6207
15224.63,6927,6207
15225.322,6928,6207
15230.325,6929,6207
15233.085,6930,6207
15236.195,6931,6207
15237.7,6932,6207
15237.934,6933,6207
15238.12,6934,6207
15246.388,6935,6207
15246.574,6936,6207
15248.126,6937,6207
15271.445,6938,6207
15272.642,6939,6207
15306.556,6940,6207
15308.873,6941,6207
15310.503,6942,6207
15311.909,6943,6207
15312.193,6944,6207
15312.56,6945,6207
15314.488,6946,6207
15315.991,6947,6207
15316.058,6948,6207
15316.64,6949,6207
15324.752,6950,6207
15338.269,6951,6207
15339.806,6952,6207
15340.174,6953,6207
15340.195,6954,6207
15340.36,6955,6207
15341.13,6956,6207
15341.862,6957,6207
15345.921,6958,6207
15347.68,6959,6207
15358.801,6960,6207
15360.521,6961,6207
15382.221,6962,6207
15393.448,6963,6207
15402.65,6964,6207
15405.744,6965,6207
15406.288,6966,6207
15412.478,6967,6207
15484.149,6968,6207
15567.965,6969,6207
15586.722,6970,6207
15591.25,6971,6207
15591.82,6972,6207
15606.189,6973,6207
15628.131,6974,6207
15628.492,6975,6207
15642.778,6976,6207
15646.473,6977,6207
15707.827,6978,6207
15720.882,6979,6207
15720.983,6980,6207
15721.304,6981,6207
15721.601,6982,6207
15722.447,6983,6207
15723.74,6984,6207
15723.815,6985,6207
15724.695,6986,6207
15728.329,6987,6207
15737.378,6988,6207
15757.271,6989,6207
15757.735,6990,6207
15770.056,6991,6207
15860.975,6992,6207
15869.52,6993,6207
15873.463,6994,6207
15875.872,6995,6207
15915.485,6996,6207
15918.308,6997,6207
15922.033,6998,6207
15938.51,6999,6207
15939.372,7000,6207
15940.077,7001,6207
16020.943,7002,6207
16023.073,7003,6207
16023.458,7004,6207
16024.15,7005,6207
16024.311,7006,6207
16036.362,7007,6207
16043.147,7008,6207
16044.283,7009,6207
16063.684,7010,6207
16069.9,7011,6208
16070.868,7012,6208
16070.879,7013,6208
16071.093,7014,6208
16071.37,7015,6209
16072.424,7016,6210
16073.558,7017,6210
16076.433,7018,6210
16077.613,7019,6211
16080.309,7020,6211
16081.236,7021,6211
16081.621,7022,6211
16085.788,7023,6211
16085.979,7024,6211
16087.151,7025,6211
16089.863,7026,6211
16090.387,7027,6211
16098.2,7028,6211
16141.888,7029,6211
16141.985,7030,6211
16142.013,7031,6211
16143.923,7032,6211
16144.663,7033,6211
16147.743,7034,6211
16149.864,7035,6211
16159.648,7036,6211
16168.951,7037,6211
16201.088,7038,6211
16225.358,7039,6211
16225.625,7040,6211
16228.24,7041,6211
16233.832,7042,6211
16240.421,7043,6211
16246.452,7044,6211
16259.114,7045,6211
16295.985,7046,6211
16296.026,7047,6211
16296.723,7048,6211
16296.76,7049,6211
16297.199,7050,6211
16297.387,7051,6211
16297.46,7052,6211
16297.882,7053,6211
16298.354,7054,6211
16298.77,7055,6211
16298.792,7056,6211
16299.147,7057,6211
16299.6,7058,6211
16301.702,7059,6211
16302.116,7060,6211
16303.088,7061,6211
16304.367,7062,6211
16312.787,7063,6211
16318.266,7064,6211
16318.321,7065,6211
16318.592,7066,6211
16321.82,7067,6211
16323.301,7068,6211
16347.672,7069,6211
16350.904,7070,6211
16351.151,7071,6211
16366.178,7072,6211
16366.233,7073,6211
16373.738,7074,6211
16423.912,7075,6211
16424.81,7076,6211
16426.87,7077,6211
16426.901,7078,6211
16426.967,7079,6211
16427.222,7080,6211
16433.668,7081,6211
16434.081,7082,6211
16438.185,7083,6211
16445.552,7084,6211
16454.14,7085,6211
16455.26,7086,6211
16472.672,7087,6211
16482.968,7088,6211
16485.395,7089,6211
16490.229,7090,6211
16491.56,7091,6211
16516.128,7092,6211
16520.838,7093,6211
16521.332,7094,6211
16521.576,7095,6211
16521.618,7096,6211
16523.149,7097,6211
16525.404,7098,6211
16526.991,7099,6211
16529.495,7100,6211
16537.985,7101,6211
16544.299,7102,6211
16546.193,7103,6211
16561.257,7104,6211
16571.556,7105,6211
16585.599,7106,6211
16620.407,7107,6211
16621.944,7108,6211
16625.332,7109,6211
16629.162,7110,6211
16661.04,7111,6211
16661.303,7112,6211
16671.712,7113,6211
16693.863,7114,6211
16694.863,7115,6211
16696.276,7116,6211
16725.183,7117,6211
16763.674,7118,6211
16776.188,7119,6211
16807.674,7120,6211
16810.678,7121,6211
16811.655,7122,6211
16830.458,7123,6211
16873.842,7124,6211
16886.664,7125,6211
16887.098,7126,6211
16887.974,7127,6211
16888.138,7128,6211
16888.884,7129,6211
16889.602,7130,6211
16890.67,7131,6211
16891.547,7132,6211
16891.908,7133,6211
16896.751,7134,6211
16904.075,7135,6211
16911.897,7136,6211
16944.329,7137,6211
16944.682,7138,6211
16965.925,7139,6211
16967.608,7140,6211
16984.834,7141,6211
16998.563,7142,6212
16999.174,7143,6212
17022.738,7144,6212
17061.998,7145,6212
17124.031,7146,6212
17140.653,7147,6212
17140.736,7148,6212
17146.76,7149,6212
17147.007,7150,6212
17151.975,7151,6212
17168.831,7152,6212
17168.863,7153,6212
17170.827,7154,6212
17170.996,7155,6212
17171.022,7156,6212
17171.589,7157,6212
17174.759,7158,6212
17175.946,7159,6212
17176.124,7160,6212
17178.071,7161,6212
17181.018,7162,6212
17181.804,7163,6212
17188.168,7164,6212
17189.398,7165,6212
17204.735,7166,6212
17224.7,7167,6212
17231.952,7168,6212
17263.253,7169,6212
17263.291,7170,6212
17263.812,7171,6212
17264.156,7172,6212
17264.562,7173,6212
17266.381,7174,6212
17296.956,7175,6212
17299.245,7176,6212
17312.185,7177,6212
17331.732,7178,6212
17334.248,7179,6212
17337.57,7180,6212
17340.848,7181,6212
17343.541,7182,6212
17349.926,7183,6212
17370.625,7184,6212
17376.62,7185,6212
17380.736,7186,6212
17423.1,7187,6212
17429.5,7188,6212
17457.343,7189,6212
17460.374,7190,6212
17462.306,7191,6212
17463.013,7192,6212
17463.254,7193,6212
17463.488,7194,6212
17468.671,7195,6212
17476.097,7196,6212
17489.713,7197,6212
17500.85,7198,6212
17502.551,7199,6212
17504.193,7200,6212
17506.203,7201,6212
17517.108,7202,6212
17524.993,7203,6212
17525.491,7204,6212
17525.79,7205,6212
17543.684,7206,6212
17573.909,7207,6212
17575.283,7208,6212
17578.066,7209,6212
17585.295,7210,6212
17586.481,7211,6212
17586.902,7212,6212
17587.117,7213,6212
17588.476,7214,6212
17589.362,7215,6212
17589.512,7216,6212
17589.717,7217,6212
17594.686,7218,6212
17598.353,7219,6212
17609.355,7220,6212
17609.976,7221,6212
17612.266,7222,6212
17612.666,7223,6212
17613.73,7224,6212
17620.281,7225,6212
17622.026,7226,6212
17636.876,7227,6212
17660.753,7228,6212
17666.115,7229,6212
17670.881,7230,6212
17670.973,7231,6212
17672.331,7232,6212
17680.789,7233,6212
17689.635,7234,6212
17700.056,7235,6212
17740.812,7236,6212
17806.423,7237,6212
17823.042,7238,6212
17823.067,7239,6212
17832.131,7240,6212
17918.571,7241,6212
17922.999,7242,6212
17937.441,7243,6212
17949.849,7244,6212
17954.234,7245,6212
17970.163,7246,6212
17972.597,7247,6212
17976.196,7248,6212
17987.987,7249,6212
17991.122,7250,6212
18009.73,7251,6212
18043.009,7252,6212
18071.001,7253,6212
18082.086,7254,6212
18117.57,7255,6212
18147.904,7256,6212
18291.503,7257,6212
18314.155,7258,6212
18314.668,7259,6212
18321.914,7260,6212
18323.796,7261,6212
18353.561,7262,6212
18367.937,7263,6212
18479.801,7264,6212
18481.169,7265,6212
18481.463,7266,6212
18483.937,7267,6212
18484.722,7268,6212
18495.254,7269,6212
18495.275,7270,6212
18495.309,7271,6212
18497.314,7272,6212
18537.251,7273,6212
18579.672,7274,6212
18660.949,7275,6212
18661.853,7276,6212
18663.616,7277,6212
18664.571,7278,6212
18665.205,7279,6212
18668.111,7280,6212
18671.872,7281,6212
18690.138,7282,6212
18691.335,7283,6212
18692.377,7284,6212
18692.437,7285,6212
18692.53,7286,6212
18692.542,7287,6212
18692.86,7288,6212
18695.494,7289,6212
18702.246,7290,6212
18705.469,7291,6212
18705.514,7292,6212
18706.663,7293,6212
18713.173,7294,6212
18715.612,7295,6212
18719.892,7296,6212
18734.609,7297,6212
18782.036,7298,6212
18782.544,7299,6212
18783.27,7300,6212
18784.167,7301,6212
18784.664,7302,6212
18792.213,7303,6212
18795.362,7304,6212
18817.146,7305,6212
18817.993,7306,6212
18821.384,7307,6212
18823.996,7308,6212
18824.073,7309,6212
18825.221,7310,6212
18828.352,7311,6212
18853.583,7312,6212
18853.793,7313,6212
18854.37,7314,6212
18854.576,7315,6212
18854.798,7316,6212
18854.988,7317,6212
18855.672,7318,6212
18861.497,7319,6212
18863.394,7320,6212
18863.747,7321,6212
18863.814,7322,6212
18865.875,7323,6212
18867.809,7324,6212
18872.416,7325,6212
18874.593,7326,6212
18875.389,7327,6212
18876.237,7328,6212
18876.755,7329,6212
18878.76,7330,6212
18879.846,7331,6212
18881.008,7332,6212
18882.943,7333,6212
18883.839,7334,6212
18889.843,7335,6212
18906.653,7336,6212
18906.711,7337,6212
18907.209,7338,6212
18911.128,7339,6212
18915.625,7340,6212
18916.401,7341,6212
18921.072,7342,6212
18921.097,7343,6212
18949.588,7344,6212
18967.116,7345,6212
18977.297,7346,6212
18978.531,7347,6212
18984.951,7348,6212
18986.239,7349,6212
18993.866,7350,6212
18999.719,7351,6212
19126.24,7352,6212
19147.152,7353,6212
19147.974,7354,6212
19149.16,7355,6212
19151.668,7356,6212
19151.717,7357,6212
19178.392,7358,6212
19178.613,7359,6212
19184.498,7360,6212
19184.643,7361,6212
19185.121,7362,6212
19185.549,7363,6212
19210.274,7364,6212
19221.028,7365,6212
19221.864,7366,6212
19238.135,7367,6212
19251.536,7368,6212
19327.305,7369,6212
19375.866,7370,6212
19376.212,7371,6212
19451.203,7372,6212
19451.723,7373,6212
19452.545,7374,6212
19453.289,7375,6212
19454.554,7376,6212
19456.691,7377,6212
19456.728,7378,6212
19463.797,7379,6212
19466.589,7380,6212
19467.295,7381,6212
19479.78,7382,6212
19479.999,7383,6212
19507.007,7384,6212
19533.642,7385,6212
19534.303,7386,6212
19538.97,7387,6212
19544.993,7388,6212
19548.344,7389,6212
19566.639,7390,6212
19572.04,7391,6212
19580.712,7392,6212
19615.787,7393,6212
19650.265,7394,6212
19650.906,7395,6212
19652.961,7396,6212
19653.605,7397,6212
19654.383,7398,6212
19669.701,7399,6212
19693.615,7400,6212
19693.659,7401,6212
19712.713,7402,6212
19712.721,7403,6212
19718.127,7404,6212
19727.377,7405,6212
19737.811,7406,6212
19750.43,7407,6212
19772.137,7408,6212
19797.788,7409,6212
19810.0,7410,6212
19831.503,7411,6212
19840.433,7412,6212
19892.309,7413,6212
19902.533,7414,6212
19902.679,7415,6212
19902.728,7416,6212
19904.905,7417,6212
19906.671,7418,6212
19912.012,7419,6212
19914.741,7420,6212
19919.815,7421,6212
19924.899,7422,6212
19959.515,7423,6212
19992.169,7424,6212
20066.912,7425,6212
20109.382,7426,6212
20110.794,7427,6212
20111.343,7428,6212
20114.121,7429,6212
20115.816,7430,6212
20117.751,7431,6212
20120.103,7432,6212
20135.624,7433,6212
20148.431,7434,6212
20157.551,7435,6212
20165.27,7436,6212
20176.955,7437,6212
20183.681,7438,6212
20183.838,7439,6212
20188.049,7440,6212
20221.505,7441,6212
20248.45,7442,6212
20295.298,7443,6212
20303.997,7444,6212
20314.474,7445,6212
20343.775,7446,6212
20344.22,7447,6212
20344.494,7448,6212
20349.496,7449,6212
20354.464,7450,6212
20365.469,7451,6212
20387.979,7452,6212
20402.059,7453,6212
20404.36,7454,6212
20405.656,7455,6212
20405.829,7456,6212
20410.408,7457,6212
20416.66,7458,6212
20435.928,7459,6212
20441.22,7460,6212
20461.086,7461,6212
20462.175,7462,6212
20464.166,7463,6212
20477.734,7464,6212
20512.133,7465,6212
20513.86,7466,6212
20552.293,7467,6212
20552.71,7468,6212
20552.95,7469,6212
20553.785,7470,6212
20558.716,7471,6212
20586.228,7472,6212
20608.246,7473,6212
20608.5,7474,6212
20617.083,7475,6212
20681.985,7476,6212
20682.175,7477,6212
20712.394,7478,6212
20727.648,7479,6212
20766.419,7480,6212
20773.883,7481,6212
20776.693,7482,6212
20787.849,7483,6212
20812.435,7484,6212
20816.169,7485,6212
20825.488,7486,6212
20825.784,7487,6212
20826.115,7488,6212
20826.15,7489,6212
20826.453,7490,6212
20829.571,7491,6212
20833.133,7492,6212
20839.536,7493,6212
20845.571,7494,6212
20870.259,7495,6212
20928.849,7496,6212
20958.98,7497,6212
20960.073,7498,6212
20961.528,7499,6212
20964.396,7500,6212
20966.358,7501,6213
20967.885,7502,6213
20968.619,7503,6213
20977.884,7504,6214
20980.805,7505,6214
20980.888,7506,6214
20982.321,7507,6214
20982.965,7508,6214
20982.997,7509,6214
20985.491,7510,6214
20986.527,7511,6214
20986.602,7512,6214
20994.663,7513,6214
20994.931,7514,6214
20995.006,7515,6214
20995.839,7516,6214
20998.609,7517,6214
20998.643,7518,6214
21008.598,7519,6214
21016.515,7520,6214
21016.828,7521,6214
21026.481,7522,6214
21035.823,7523,6214
21049.744,7524,6214
21083.637,7525,6214
21128.9,7526,6214
21129.054,7527,6214
21129.759,7528,6214
21130.192,7529,6214
21130.364,7530,6214
21131.933,7531,6214
21132.159,7532,6214
21134.772,7533,6214
21135.154,7534,6214
21135.371,7535,6214
21140.254,7536,6214
21146.126,7537,6214
21148.306,7538,6214
21149.034,7539,6214
21166.599,7540,6214
21190.202,7541,6214
21224.789,7542,6214
21245.689,7543,6215
21246.582,7544,6215
21246.666,7545,6215
21260.384,7546,6215
21271.527,7547,6215
21303.432,7548,6215
21486.168,7549,6215
21499.993,7550,6215
21507.629,7551,6215
21507.713,7552,6215
21513.342,7553,6215
21515.126,7554,6215
21541.15,7555,6215
21548.342,7556,6215
21575.572,7557,6215
21575.673,7558,6215
21576.509,7559,6215
21576.936,7560,6215
21576.986,7561,6215
21577.036,7562,6215
21577.2,7563,6215
21578.394,7564,6215
21579.603,7565,6215
21582.632,7566,6215
21584.108,7567,6215
21584.582,7568,6215
21596.129,7569,6215
21602.471,7570,6215
21604.417,7571,6215
21608.744,7572,6215
21620.365,7573,6215
21621.863,7574,6215
21628.289,7575,6215
21652.582,7576,6215
21688.269,7577,6215
21707.003,7578,6215
21711.96,7579,6215
21711.97,7580,6215
21723.887,7581,6215
21775.327,7582,6215
21776.244,7583,6215
21841.401,7584,6215
21956.477,7585,6215
21961.128,7586,6215
21981.388,7587,6215
21981.536,7588,6215
21983.182,7589,6215
21987.023,7590,6215
21998.266,7591,6215
22006.216,7592,6215
22006.451,7593,6215
22007.11,7594,6215
22014.635,7595,6215
22043.604,7596,6215
22065.508,7597,6215
22065.893,7598,6215
22065.903,7599,6215
22065.912,7600,6215
22065.971,7601,6215
22066.195,7602,6215
22106.301,7603,6215
22168.395,7604,6215
22215.918,7605,6215
22277.442,7606,6215
22305.119,7607,6215
22391.325,7608,6215
22448.461,7609,6215
22496.99,7610,6215
22593.78,7611,6215
22894.371,7612,6215
22984.051,7613,6215
23008.579,7614,6215
23038.387,7615,6215
23044.024,7616,6215
23177.002,7617,6215
23179.153,7618,6215
23201.223,7619,6215
23339.648,7620,6215
23343.303,7621,6215
23345.014,7622,6215
23367.118,7623,6215
23494.749,7624,6215
23657.614,7625,6215
23775.818,7626,6215
23779.447,7627,6215
23815.657,7628,6215
23864.243,7629,6215
23864.694,7630,6215
23946.263,7631,6215
23949.113,7632,6215
23954.303,7633,6215
23961.001,7634,6215
23970.444,7635,6215
23990.834,7636,6215
24123.441,7637,6215
24278.577,7638,6215
24279.73,7639,6215
24292.289,7640,6215
24465.113,7641,6215
24603.652,7642,6215
24648.723,7643,6215
24648.792,7644,6215
24650.056,7645,6215
24650.159,7646,6215
24650.374,7647,6215
24651.272,7648,6215
24739.661,7649,6215
24759.955,7650,6215
24780.032,7651,6215
24780.046,7652,6215
24786.718,7653,6215
24787.772,7654,6215
24941.429,7655,6215
24941.448,7656,6215
24942.645,7657,6215
24943.592,7658,6215
24945.607,7659,6215
24946.659,7660,6215
25078.977,7661,6215
25233.241,7662,6215
25342.34,7663,6215
25342.531,7664,6215
25343.11,7665,6215
25346.18,7666,6215
25451.658,7667,6215
25451.793,7668,6215
25452.803,7669,6215
25452.909,7670,6215
25501.394,7671,6215
25516.25,7672,6215
25675.827,7673,6215
25689.304,7674,6215
25692.915,7675,6215
25846.133,7676,6215
25932.769,7677,6215
25933.271,7678,6215
25951.871,7679,6215
25952.162,7680,6215
25954.063,7681,6215
25956.029,7682,6215
26002.051,7683,6215
26297.996,7684,6215
26298.55,7685,6215
26299.012,7686,6215
26304.029,7687,6215
26305.493,7688,6215
26324.984,7689,6215
26357.771,7690,6215
26455.192,7691,6215
26503.003,7692,6215
26545.086,7693,6215
26595.524,7694,6215
26597.352,7695,6215
26597.743,7696,6215
26600.372,7697,6215
26601.398,7698,6215
26606.007,7699,6215
26647.492,7700,6215
26659.175,7701,6215
26661.243,7702,6215
26723.687,7703,6215
26723.726,7704,6215
26723.728,7705,6215
26803.158,7706,6215
26819.493,7707,6215
26819.733,7708,6215
26820.441,7709,6215
26821.804,7710,6215
26823.139,7711,6215
26823.957,7712,6215
26923.321,7713,6215
26925.588,7714,6215
26928.841,7715,6215
26945.142,7716,6215
26983.355,7717,6215
26987.91,7718,6215
27010.086,7719,6215
27025.947,7720,6215
27180.837,7721,6215
27265.074,7722,6215
27285.411,7723,6215
27295.807,7724,6215
27311.487,7725,6215
27369.968,7726,6215
27379.289,7727,6215
27562.45,7728,6215
27564.508,7729,6215
27564.572,7730,6215
27565.897,7731,6215
27567.889,7732,6215
27572.659,7733,6215
27652.633,7734,6215
27747.857,7735,6215
27748.63,7736,6215
27749.506,7737,6215
27758.316,7738,6215
27758.48,7739,6215
27759.209,7740,6215
27797.195,7741,6215
27881.037,7742,6215
28185.205,7743,6215
28235.701,7744,6215
28239.75,7745,6215
28242.003,7746,6215
28262.486,7747,6215
28408.314,7748,6215
28409.656,7749,6215
28409.746,7750,6215
28412.979,7751,6215
28413.665,7752,6215
28414.037,7753,6215
28415.559,7754,6215
28416.303,7755,6215
28416.474,7756,6215
28428.696,7757,6215
28438.773,7758,6215
28451.222,7759,6215
28728.546,7760,6215
28938.353,7761,6215
28969.149,7762,6215
28969.67,7763,6215
29002.482,7764,6216
29052.902,7765,6216
29094.429,7766,6216
29099.798,7767,6216
29146.54,7768,6216
29308.631,7769,6216
29309.888,7770,6216
29311.074,7771,6216
29314.542,7772,6216
29398.873,7773,6216
29431.432,7774,6216
29554.848,7775,6216
29594.472,7776,6216
29599.399,7777,6216
29601.667,7778,6216
29605.289,7779,6216
29605.455,7780,6216
29606.279,7781,6216
29678.087,7782,6216
29707.088,7783,6216
29715.046,7784,6216
29748.283,7785,6216
29748.465,7786,6216
29748.658,7787,6216
29749.6,7788,6216
29751.205,7789,6216
29776.051,7790,6216
29822.886,7791,6216
29824.312,7792,6216
29825.559,7793,6216
29828.992,7794,6216
29830.524,7795,6216
29832.983,7796,6216
29849.608,7797,6216
29876.008,7798,6216
29876.027,7799,6216
29876.283,7800,6216
29876.843,7801,6216
29877.552,7802,6216
29958.048,7803,6216
30015.902,7804,6216
30016.084,7805,6216
30016.44,7806,6216
30017.061,7807,6216
30018.575,7808,6216
30020.115,7809,6216
30020.44,7810,6216
30023.881,7811,6216
30032.991,7812,6216
30073.608,7813,6216
30186.479,7814,6216
30192.783,7815,6216
30226.018,7816,6216
30226.599,7817,6216
30227.997,7818,6216
30230.775,7819,6216
30231.455,7820,6216
30233.052,7821,6216
30234.187,7822,6216
30238.186,7823,6216
30242.174,7824,6216
30293.124,7825,6216
30321.228,7826,6216
30321.261,7827,6216
30338.671,7828,6216
30338.858,7829,6216
30338.886,7830,6216
30340.418,7831,6216
30342.202,7832,6216
30343.092,7833,6216
30343.182,7834,6216
30351.759,7835,6216
30352.42,7836,6216
30352.591,7837,6216
30353.021,7838,6216
30353.905,7839,6216
30355.949,7840,6216
30356.023,7841,6216
30369.455,7842,6216
30550.668,7843,6216
30595.838,7844,6216
30652.574,7845,6216
30787.411,7846,6216
30860.128,7847,6216
30861.041,7848,6216
30939.852,7849,6216
31024.483,7850,6216
31024.93,7851,6216
31025.191,7852,6216
31029.927,7853,6216
31109.338,7854,6216
31110.148,7855,6216
31334.56,7856,6216
31369.113,7857,6216
31389.611,7858,6216
31540.716,7859,6216
31542.097,7860,6216
31560.242,7861,6216
31576.476,7862,6216
31659.933,7863,6216
31714.055,7864,6216
31748.294,7865,6216
31750.904,7866,6216
31751.185,7867,6216
31753.297,7868,6216
31756.503,7869,6216
31771.666,7870,6216
31792.899,7871,6216
31854.065,7872,6216
31929.471,7873,6216
31930.069,7874,6216
31949.68,7875,6216
31949.929,7876,6216
32063.291,7877,6216
32233.995,7878,6216
32234.391,7879,6216
32290.395,7880,6216
32303.261,7881,6216
32340.378,7882,6216
32350.874,7883,6216
32351.998,7884,6216
32352.236,7885,6216
32352.51,7886,6216
32355.54,7887,6216
32357.149,7888,6216
32359.849,7889,6216
32360.828,7890,6216
32361.878,7891,6216
32372.216,7892,6216
32372.511,7893,6216
32372.649,7894,6216
32374.503,7895,6216
32375.935,7896,6216
32377.82,7897,6216
32439.85,7898,6216
32439.872,7899,6216
32441.337,7900,6216
32553.936,7901,6216
32580.74,7902,6216
32601.43,7903,6216
32648.494,7904,6216
32804.471,7905,6216
32830.35,7906,6216
32894.853,7907,6216
32933.92,7908,6216
32946.395,7909,6216
32967.1,7910,6216
32978.093,7911,6216
32979.003,7912,6216
33048.318,7913,6216
33112.921,7914,6216
33117.014,7915,6216
33154.744,7916,6216
33316.087,7917,6216
33316.242,7918,6216
33316.485,7919,6216
33316.542,7920,6216
33316.723,7921,6216
33316.89,7922,6216
33317.371,7923,6216
33317.43,7924,6216
33319.707,7925,6216
33319.768,7926,6216
33321.979,7927,6216
33322.787,7928,6216
33480.284,7929,6216
33513.877,7930,6216
33513.907,7931,6216
33557.075,7932,6216
33557.389,7933,6216
33558.77,7934,6216
33559.433,7935,6216
33559.577,7936,6216
33683.508,7937,6216
33684.641,7938,6216
33726.024,7939,6216
33726.799,7940,6216
33734.419,7941,6216
33839.857,7942,6216
33840.351,7943,6216
33841.688,7944,6216
33896.39,7945,6216
33897.535,7946,6216
33897.825,7947,6216
33899.977,7948,6216
33902.403,7949,6216
33904.027,7950,6216
33932.884,7951,6216
33932.961,7952,6216
33933.959,7953,6216
33937.277,7954,6216
33952.218,7955,6216
33986.961,7956,6216
34026.535,7957,6216
34069.7,7958,6216
34127.729,7959,6216
34173.303,7960,6216
34175.597,7961,6216
34175.761,7962,6216
34177.075,7963,6216
34337.842,7964,6216
34340.233,7965,6216
34341.127,7966,6217
34349.54,7967,6217
34358.461,7968,6217
34359.179,7969,6217
34403.46,7970,6217
34499.058,7971,6217
34637.804,7972,6217
34778.727,7973,6217
34842.853,7974,6217
34897.304,7975,6217
34919.701,7976,6217
34919.73,7977,6217
35086.929,7978,6217
35114.393,7979,6217
35293.82,7980,6217
35335.932,7981,6217
35395.919,7982,6217
35499.374,7983,6217
35500.402,7984,6217
35543.976,7985,6217
35650.011,7986,6217
35650.452,7987,6217
35650.706,7988,6217
35800.59,7989,6217
35818.999,7990,6217
35820.028,7991,6217
35820.799,7992,6217
35823.193,7993,6217
35823.744,7994,6217
35824.112,7995,6217
35827.678,7996,6217
35832.492,7997,6217
35990.075,7998,6217
36098.059,7999,6217
36155.069,8000,6217
36165.108,8001,6217
36174.977,8002,6217
36332.152,8003,6217
36651.926,8004,6217
36665.992,8005,6217
36824.27,8006,6217
36877.799,8007,6217
36912.29,8008,6217
37138.017,8009,6217
37206.559,8010,6217
37206.657,8011,6217
37278.584,8012,6217
37320.451,8013,6217
37320.565,8014,6217
37325.957,8015,6217
37325.978,8016,6217
37381.096,8017,6217
37428.46,8018,6217
37430.878,8019,6217
37444.529,8020,6217
37644.716,8021,6217
37685.715,8022,6217
37686.399,8023,6217
37722.186,8024,6217
37849.14,8025,6217
37852.844,8026,6217
37853.137,8027,6217
37854.179,8028,6217
37857.069,8029,6217
37886.743,8030,6217
37979.962,8031,6217
37980.057,8032,6217
37981.093,8033,6217
38014.275,8034,6217
38041.924,8035,6217
38102.217,8036,6217
38106.567,8037,6217
38180.001,8038,6217
38194.986,8039,6217
38334.139,8040,6217
38335.702,8041,6217
38399.388,8042,6217
38402.488,8043,6217
38561.788,8044,6217
38642.039,8045,6217
38979.017,8046,6217
39046.897,8047,6217
39113.566,8048,6217
39300.225,8049,6217
39300.693,8050,6217
39301.618,8051,6217
39605.908,8052,6217
39886.39,8053,6217
40163.314,8054,6217
40163.938,8055,6217
40164.306,8056,6217
40164.352,8057,6217
40164.617,8058,6217
40165.595,8059,6217
40169.614,8060,6217
40179.713,8061,6217
40205.363,8062,6217
40228.977,8063,6217
40229.001,8064,6217
40427.314,8065,6217
40440.616,8066,6217
40623.667,8067,6217
40624.291,8068,6217
40688.407,8069,6217
40896.427,8070,6217
41151.731,8071,6217
41228.763,8072,6217
41244.916,8073,6217
41345.549,8074,6217
41363.334,8075,6217
41364.303,8076,6217
41461.309,8077,6217
41478.601,8078,6217
41499.68,8079,6217
41505.807,8080,6217
41598.438,8081,6217
41676.459,8082,6217
41714.617,8083,6217
41741.924,8084,6217
41793.637,8085,6217
41990.444,8086,6217
42014.284,8087,6217
42036.777,8088,6217
42178.13,8089,6217
42178.964,8090,6217
42266.868,8091,6217
42287.472,8092,6217
42320.456,8093,6217
42321.477,8094,6217
42321.801,8095,6217
42527.591,8096,6217
42626.315,8097,6217
42656.944,8098,6217
42659.161,8099,6217
42662.097,8100,6217
42703.845,8101,6217
42775.105,8102,6217
42875.15,8103,6217
42898.058,8104,6217
42941.502,8105,6217
42941.856,8106,6217
42954.762,8107,6217
42961.466,8108,6217
42961.491,8109,6217
43007.462,8110,6217
43067.651,8111,6217
43222.86,8112,6217
43228.513,8113,6217
43455.485,8114,6217
43575.286,8115,6217
43576.807,8116,6217
43622.86,8117,6217
43841.377,8118,6217
43873.335,8119,6217
43875.335,8120,6217
44082.034,8121,6217
44085.546,8122,6217
44281.661,8123,6217
44373.735,8124,6217
44375.191,8125,6217
44547.326,8126,6217
44582.387,8127,6217
44965.013,8128,6217
44976.424,8129,6217
45000.121,8130,6217
45000.227,8131,6217
45053.701,8132,6217
45053.783,8133,6217
45054.764,8134,6217
45063.946,8135,6217
45073.139,8136,6217
45203.411,8137,6217
45203.451,8138,6217
45229.202,8139,6217
45413.673,8140,6217
45420.633,8141,6217
45439.81,8142,6217
45627.127,8143,6217
45629.375,8144,6217
45631.52,8145,6217
45634.038,8146,6217
45642.326,8147,6217
45644.932,8148,6217
45660.443,8149,6217
45747.604,8150,6217
45925.062,8151,6217
46295.103,8152,6217
46319.998,8153,6217
46383.688,8154,6217
46389.041,8155,6217
46451.84,8156,6217
46452.683,8157,6217
46464.472,8158,6217
46487.858,8159,6217
46559.851,8160,6217
46569.403,8161,6217
46611.193,8162,6217
46768.213,8163,6217
46828.441,8164,6217
46835.915,8165,6217
47081.333,8166,6217
47099.751,8167,6217
47119.721,8168,6217
47234.552,8169,6217
47236.726,8170,6217
47279.573,8171,6217
47401.062,8172,6217
47411.118,8173,6217
47552.752,8174,6217
47766.609,8175,6217
47766.633,8176,6217
47886.852,8177,6217
47951.443,8178,6217
47995.359,8179,6217
48044.787,8180,6217
48047.196,8181,6217
48049.077,8182,6217
48064.329,8183,6217
48082.075,8184,6217
48083.92,8185,6217
48132.746,8186,6217
48168.417,8187,6217
48289.082,8188,6217
48524.365,8189,6217
48563.504,8190,6217
48630.455,8191,6217
48631.225,8192,6217
48866.491,8193,6217
48869.528,8194,6217
48870.343,8195,6217
48893.591,8196,6217
49035.534,8197,6217
49035.56,8198,6217
49055.551,8199,6217
49055.608,8200,6217
49056.039,8201,6217
49056.14,8202,6217
49056.542,8203,6217
49057.275,8204,6217
49058.321,8205,6217
49060.229,8206,6217
49063.331,8207,6217
49066.464,8208,6217
49066.681,8209,6217
49067.451,8210,6217
49069.869,8211,6217
49070.564,8212,6217
49071.972,8213,6217
49107.699,8214,6217
49109.541,8215,6217
49109.552,8216,6217
49109.677,8217,6217
49109.954,8218,6217
49110.743,8219,6217
49111.462,8220,6217
49114.608,8221,6217
49114.708,8222,6217
49115.739,8223,6217
49116.432,8224,6217
49118.036,8225,6217
49125.992,8226,6217
49127.828,8227,6217
49130.468,8228,6217
49131.817,8229,6217
49132.078,8230,6217
49133.697,8231,6217
49134.798,8232,6217
49151.096,8233,6217
49151.878,8234,6217
49174.256,8235,6217
49182.723,8236,6217
49203.993,8237,6217
49212.022,8238,6217
49222.756,8239,6217
49222.79,8240,6217
49222.829,8241,6217
49223.823,8242,6217
49233.932,8243,6217
49235.43,8244,6217
49240.187,8245,6217
49243.07,8246,6217
49263.471,8247,6217
49263.663,8248,6217
49264.057,8249,6217
49266.41,8250,6217
49268.638,8251,6217
49268.982,8252,6217
49273.254,8253,6217
49275.36,8254,6217
49280.838,8255,6217
49284.033,8256,6217
49286.313,8257,6217
49290.788,8258,6217
49292.282,8259,6217
49296.864,8260,6217
49321.375,8261,6217
49323.173,8262,6217
49324.956,8263,6217
49325.25,8264,6217
49325.416,8265,6217
49325.739,8266,6217
49326.507,8267,6217
49338.144,8268,6217
49357.321,8269,6217
49359.167,8270,6217
49360.684,8271,6217
49364.584,8272,6217
49383.575,8273,6217
49383.975,8274,6217
49384.024,8275,6217
49390.287,8276,6217
49391.582,8277,6217
49405.699,8278,6217
49432.504,8279,6217
49444.543,8280,6217
49490.425,8281,6217
49504.212,8282,6217
49506.06,8283,6217
49511.268,8284,6217
49514.436,8285,6217
49524.586,8286,6217
49530.446,8287,6217
49536.023,8288,6217
49536.104,8289,6217
49538.755,8290,6217
49546.973,8291,6217
49624.403,8292,6217
49624.452,8293,6217
49624.513,8294,6217
49626.593,8295,6217
49627.58,8296,6217
49636.642,8297,6217
49656.482,8298,6217
49661.102,8299,6217
49663.411,8300,6217
49669.877,8301,6217
49670.004,8302,6217
49670.577,8303,6217
49670.588,8304,6217
49672.703,8305,6217
49676.162,8306,6217
49676.436,8307,6217
49689.68,8308,6217
49715.988,8309,6217
49719.787,8310,6217
49720.662,8311,6217
49762.339,8312,6217
49762.354,8313,6217
49762.361,8314,6217
49762.397,8315,6217
49762.511,8316,6217
49763.285,8317,6217
49763.58,8318,6217
49763.985,8319,6217
49764.372,8320,6217
49765.748,8321,6217
49770.118,8322,6217
49778.376,8323,6217
49787.398,8324,6217
49793.611,8325,6217
49813.583,8326,6217
49814.063,8327,6217
49824.689,8328,6217
49834.167,8329,6217
49834.543,8330,6217
49836.079,8331,6217
49836.215,8332,6217
49837.609,8333,6217
49865.232,8334,6217
49866.307,8335,6217
49867.374,8336,6217
49868.085,8337,6217
49868.33,8338,6217
49868.345,8339,6217
49869.613,8340,6217
49869.748,8341,6217
49869.921,8342,6217
49873.149,8343,6217
49873.187,8344,6217
49895.454,8345,6217
49905.715,8346,6217
49909.938,8347,6217
49912.621,8348,6217
49916.675,8349,6217
49916.965,8350,6217
49917.162,8351,6217
49917.251,8352,6217
49918.371,8353,6217
49919.578,8354,6217
49920.226,8355,6217
49921.967,8356,6217
49923.753,8357,6217
49926.363,8358,6217
49950.661,8359,6217
49980.105,8360,6217
49982.533,8361,6217
50007.702,8362,6217
50007.981,8363,6217
50011.569,8364,6217
50011.976,8365,6217
50019.017,8366,6217
50032.787,8367,6217
50033.452,8368,6217
50034.984,8369,6217
50035.827,8370,6217
50036.099,8371,6217
50037.274,8372,6217
50043.517,8373,6217
50052.221,8374,6217
50052.327,8375,6217
50053.037,8376,6217
50053.446,8377,6217
50055.627,8378,6217
50058.996,8379,6217
50076.879,8380,6217
50077.117,8381,6217
50077.231,8382,6217
50077.384,8383,6217
50077.82,8384,6217
50081.08,8385,6217
50083.052,8386,6217
50098.574,8387,6217
50098.898,8388,6217
50099.481,8389,6217
50099.952,8390,6217
50100.078,8391,6217
50101.342,8392,6217
50101.55,8393,6217
50101.625,8394,6217
50105.044,8395,6217
50108.616,8396,6217
50110.268,8397,6217
50119.194,8398,6217
50119.237,8399,6217
50120.119,8400,6217
50120.6,8401,6217
50120.663,8402,6217
50120.905,8403,6217
50121.402,8404,6217
50121.421,8405,6217
50121.466,8406,6217
50124.121,8407,6217
50125.013,8408,6217
50127.543,8409,6217
50127.817,8410,6217
50150.787,8411,6217
50150.83,8412,6217
50150.912,8413,6217
50151.025,8414,6217
50151.613,8415,6217
50152.052,8416,6217
50153.266,8417,6217
50153.649,8418,6217
50154.174,8419,6217
50154.443,8420,6217
50155.079,8421,6217
50156.35,8422,6217
50158.346,8423,6217
50159.301,8424,6217
50159.675,8425,6217
50160.019,8426,6217
50161.435,8427,6217
50161.619,8428,6217
50161.838,8429,6217
50162.733,8430,6217
50169.465,8431,6217
50169.964,8432,6217
50170.052,8433,6217
50170.157,8434,6217
50170.171,8435,6217
50170.292,8436,6217
50170.378,8437,6217
50171.203,8438,6217
50172.099,8439,6217
50172.177,8440,6217
50176.42,8441,6217
50176.626,8442,6217
50176.704,8443,6217
50178.654,8444,6217
50178.844,8445,6217
50194.037,8446,6217
50194.199,8447,6217
50198.967,8448,6217
50204.732,8449,6217
50218.471,8450,6217
50253.387,8451,6217
50253.534,8452,6217
50253.566,8453,6217
50253.579,8454,6217
50253.634,8455,6217
50253.726,8456,6217
50253.753,8457,6217
50254.534,8458,6217
50255.081,8459,6217
50255.243,8460,6217
50256.954,8461,6217
50258.799,8462,6217
50259.296,8463,6217
50259.323,8464,6217
50261.547,8465,6217
50263.707,8466,6217
50264.25,8467,6217
50271.866,8468,6217
50271.875,8469,6217
50274.877,8470,6217
50289.854,8471,6217
50301.728,8472,6217
50301.945,8473,6217
50303.781,8474,6217
50313.551,8475,6217
50318.914,8476,6217
50319.463,8477,6217
50321.247,8478,6217
50321.323,8479,6217
50321.398,8480,6217
50321.679,8481,6217
50321.927,8482,6217
50322.038,8483,6217
50322.641,8484,6217
50323.121,8485,6217
50323.183,8486,6217
50323.859,8487,6217
50324.479,8488,6217
50325.615,8489,6217
50325.702,8490,6217
50327.342,8491,6217
50328.872,8492,6217
50329.126,8493,6217
50330.249,8494,6217
50331.12,8495,6217
50332.98,8496,6217
50334.114,8497,6217
50336.237,8498,6217
50337.642,8499,6217
50338.892,8500,6217
50341.286,8501,6217
50342.244,8502,6217
50346.737,8503,6217
50347.174,8504,6217
50352.237,8505,6217
50352.527,8506,6217
50353.588,8507,6217
50366.794,8508,6217
50366.824,8509,6217
50369.224,8510,6217
50369.557,8511,6217
50388.714,8512,6217
50394.266,8513,6217
50395.291,8514,6217
50395.483,8515,6217
50399.596,8516,6217
50400.261,8517,6217
50402.624,8518,6217
50403.698,8519,6217
50404.128,8520,6217
50427.634,8521,6217
50456.16,8522,6217
50456.817,8523,6217
50457.378,8524,6217
50457.861,8525,6217
50458.111,8526,6217
50459.101,8527,6217
50462.524,8528,6217
50462.598,8529,6217
50464.459,8530,6217
50475.928,8531,6217
50480.853,8532,6217
50488.51,8533,6217
50488.651,8534,6217
50488.732,8535,6217
50488.901,8536,6217
50489.074,8537,6217
50491.181,8538,6217
50491.505,8539,6217
50491.556,8540,6217
50498.694,8541,6217
50504.67,8542,6217
50511.338,8543,6217
50522.549,8544,6217
50526.886,8545,6217
50527.767,8546,6217
50529.022,8547,6217
50529.14,8548,6217
50531.483,8549,6217
50545.645,8550,6217
50546.612,8551,6217
50547.912,8552,6217
50548.232,8553,6217
50548.435,8554,6217
50549.422,8555,6217
50549.663,8556,6217
50550.206,8557,6217
50550.416,8558,6217
50551.006,8559,6217
50551.545,8560,6217
50554.097,8561,6217
50555.048,8562,6217
50557.813,8563,6217
50558.498,8564,6217
50559.841,8565,6217
50560.718,8566,6217
50563.271,8567,6217
50563.546,8568,6217
50564.432,8569,6217
50565.828,8570,6217
50565.948,8571,6217
50566.371,8572,6217
50566.942,8573,6217
50568.523,8574,6217
50571.485,8575,6217
50572.647,8576,6217
50574.133,8577,6217
50575.209,8578,6217
50588.635,8579,6217
50589.195,8580,6217
50601.232,8581,6217
50602.066,8582,6217
50602.401,8583,6217
50602.691,8584,6217
50605.36,8585,6217
50609.723,8586,6217
50610.902,8587,6217
50618.88,8588,6217
50621.079,8589,6217
50623.508,8590,6217
50623.8,8591,6217
50624.646,8592,6217
50627.21,8593,6217
50629.565,8594,6217
50629.99,8595,6217
50631.064,8596,6217
50631.15,8597,6217
50631.206,8598,6217
50631.334,8599,6217
50635.792,8600,6217
50637.667,8601,6217
50640.145,8602,6217
50642.53,8603,6217
50644.453,8604,6217
50659.152,8605,6217
50661.06,8606,6217
50662.608,8607,6217
50668.878,8608,6217
50669.441,8609,6217
50671.826,8610,6217
50671.927,8611,6217
50672.168,8612,6217
50672.294,8613,6217
50672.522,8614,6217
50672.674,8615,6217
50672.788,8616,6217
50673.072,8617,6217
50673.383,8618,6217
50674.419,8619,6217
50675.104,8620,6217
50689.909,8621,6217
50705.058,8622,6217
50705.15,8623,6217
50706.896,8624,6217
50706.942,8625,6217
50712.917,8626,6217
50713.809,8627,6217
50731.124,8628,6217
50740.876,8629,6217
50756.919,8630,6217
50785.597,8631,6217
50786.447,8632,6217
50792.773,8633,6217
50792.795,8634,6217
50794.571,8635,6217
50795.38,8636,6217
50799.33,8637,6217
50799.525,8638,6217
50802.876,8639,6217
50809.024,8640,6217
50810.54,8641,6217
50811.102,8642,6217
50816.501,8643,6217
50817.139,8644,6217
50817.703,8645,6217
50818.667,8646,6217
50820.831,8647,6217
50834.414,8648,6217
50862.718,8649,6217
50863.9,8650,6217
50864.661,8651,6217
50865.037,8652,6217
50865.436,8653,6217
50868.092,8654,6217
50902.188,8655,6217
50903.5,8656,6217
50903.657,8657,6217
50904.025,8658,6217
50904.362,8659,6217
50905.062,8660,6217
50906.039,8661,6217
50906.38,8662,6217
50914.401,8663,6217
50997.276,8664,6217
51031.944,8665,6217
51036.809,8666,6217
51051.447,8667,6217
51054.518,8668,6217
51068.34,8669,6217
51068.625,8670,6217
51068.882,8671,6217
51069.972,8672,6217
51070.837,8673,6217
51071.336,8674,6217
51076.501,8675,6217
51080.271,8676,6217
51092.289,8677,6217
51104.499,8678,6217
51110.431,8679,6217
51124.657,8680,6217
51137.255,8681,6217
51217.309,8682,6217
51245.838,8683,6217
51249.004,8684,6217
51255.406,8685,6217
51255.585,8686,6217
51258.428,8687,6217
51275.181,8688,6217
51275.222,8689,6217
51275.299,8690,6217
51283.675,8691,6217
51293.401,8692,6217
51297.305,8693,6217
51300.137,8694,6217
51301.834,8695,6217
51324.998,8696,6217
51337.306,8697,6217
51384.275,8698,6217
51393.852,8699,6217
51419.19,8700,6217
51426.596,8701,6217
51445.963,8702,6217
51485.4,8703,6217
51485.426,8704,6217
51487.527,8705,6217
51498.604,8706,6217
51519.81,8707,6217
51527.164,8708,6217
51528.448,8709,6217
51535.138,8710,6217
51544.672,8711,6217
51545.749,8712,6217
51547.119,8713,6217
51547.336,8714,6217
51547.699,8715,6217
51548.05,8716,6217
51549.444,8717,6217
51552.927,8718,6217
51555.27,8719,6217
51558.222,8720,6217
51565.863,8721,6217
51566.155,8722,6217
51568.931,8723,6217
51570.094,8724,6217
51581.979,8725,6217
51600.763,8726,6217
51601.282,8727,6217
51602.52,8728,6217
51615.93,8729,6217
51618.038,8730,6217
51641.938,8731,6217
51671.618,8732,6217
51675.772,8733,6217
51676.83,8734,6217
51678.456,8735,6217
51678.595,8736,6217
51678.743,8737,6217
51679.983,8738,6217
51681.072,8739,6217
51685.501,8740,6217
51689.285,8741,6217
51706.57,8742,6217
51712.047,8743,6217
51735.603,8744,6217
51752.258,8745,6217
51757.143,8746,6217
51774.284,8747,6217
51774.417,8748,6217
51774.833,8749,6217
51775.364,8750,6217
51775.639,8751,6217
51775.728,8752,6217
51776.179,8753,6217
51777.057,8754,6217
51778.195,8755,6217
51783.001,8756,6217
51783.57,8757,6217
51783.995,8758,6217
51784.135,8759,6217
51787.482,8760,6217
51814.003,8761,6217
51838.116,8762,6217
51846.787,8763,6217
51848.007,8764,6217
51857.848,8765,6217
51863.24,8766,6217
51871.547,8767,6217
51875.192,8768,6217
51888.025,8769,6217
51924.533,8770,6217
51925.616,8771,6217
51976.602,8772,6217
51990.264,8773,6217
52039.746,8774,6217
52066.836,8775,6217
52099.639,8776,6217
52121.929,8777,6217
52138.37,8778,6217
52139.973,8779,6217
52154.049,8780,6217
52161.75,8781,6217
52162.827,8782,6217
52165.623,8783,6217
52167.605,8784,6217
52169.818,8785,6217
52177.147,8786,6217
52197.588,8787,6217
52197.649,8788,6217
52220.551,8789,6217
52221.584,8790,6217
52242.014,8791,6217
52264.493,8792,6217
52265.381,8793,6217
52269.093,8794,6217
52291.29,8795,6217
52318.583,8796,6217
52319.066,8797,6217
52321.203,8798,6217
52339.52,8799,6217
52348.521,8800,6217
52372.64,8801,6217
52373.232,8802,6217
52373.397,8803,6217
52413.752,8804,6217
52427.244,8805,6217
52427.269,8806,6217
52427.576,8807,6217
52429.87,8808,6217
52431.147,8809,6217
52431.384,8810,6217
52432.634,8811,6217
52437.721,8812,6217
52452.838,8813,6217
52459.061,8814,6217
52487.058,8815,6217
52505.278,8816,6217
52505.64,8817,6217
52506.071,8818,6217
52506.943,8819,6217
52508.623,8820,6217
52508.708,8821,6217
52508.737,8822,6217
52508.938,8823,6217
52510.583,8824,6217
52510.628,8825,6217
52510.674,8826,6217
52514.957,8827,6217
52522.705,8828,6217
52524.36,8829,6217
52524.645,8830,6217
52525.053,8831,6217
52525.413,8832,6217
52526.361,8833,6217
52526.917,8834,6217
52528.139,8835,6217
52530.605,8836,6217
52532.393,8837,6217
52533.066,8838,6217
52536.492,8839,6217
52536.573,8840,6217
52546.003,8841,6217
52558.455,8842,6217
52558.554,8843,6217
52558.752,8844,6217
52559.341,8845,6217
52575.929,8846,6217
52579.566,8847,6217
52593.646,8848,6217
52600.373,8849,6217
52600.405,8850,6217
52600.455,8851,6217
52600.647,8852,6217
52601.124,8853,6217
52602.047,8854,6217
52603.485,8855,6217
52605.803,8856,6217
52606.636,8857,6217
52611.949,8858,6217
52638.467,8859,6217
52638.471,8860,6217
52638.485,8861,6217
52638.52,8862,6217
52638.991,8863,6217
52646.525,8864,6217
52649.041,8865,6217
52670.047,8866,6217
52670.636,8867,6217
52671.058,8868,6217
52671.705,8869,6217
52673.039,8870,6217
52680.123,8871,6217
52681.764,8872,6217
52688.172,8873,6217
52767.866,8874,6217
52782.16,8875,6217
52812.847,8876,6217
52825.851,8877,6217
52827.125,8878,6217
52837.469,8879,6217
52864.991,8880,6217
52885.754,8881,6217
52906.317,8882,6217
52933.041,8883,6217
52955.935,8884,6217
52958.679,8885,6217
52958.691,8886,6217
52960.851,8887,6217
52961.383,8888,6217
52962.707,8889,6217
52962.719,8890,6217
52963.106,8891,6217
52963.732,8892,6217
52963.994,8893,6217
52964.099,8894,6217
52964.829,8895,6217
52966.643,8896,6217
52967.14,8897,6217
52968.52,8898,6217
52968.796,8899,6217
52971.09,8900,6217
52972.181,8901,6217
52989.471,8902,6217
52991.426,8903,6217
53015.668,8904,6217
53019.836,8905,6217
53080.296,8906,6217
53080.954,8907,6217
53082.221,8908,6217
53082.706,8909,6217
53083.082,8910,6217
53085.242,8911,6217
53085.46,8912,6217
53088.444,8913,6217
53111.357,8914,6217
53122.305,8915,6217
53123.191,8916,6217
53124.146,8917,6217
53132.564,8918,6217
53140.48,8919,6217
53142.41,8920,6217
53147.488,8921,6217
53153.297,8922,6217
53161.565,8923,6217
53167.338,8924,6217
53184.849,8925,6217
53184.903,8926,6217
53218.787,8927,6217
53223.149,8928,6217
53226.742,8929,6217
53226.873,8930,6217
53227.948,8931,6217
53231.107,8932,6217
53234.085,8933,6217
53239.426,8934,6217
53252.876,8935,6217
53258.08,8936,6217
53258.185,8937,6217
53259.141,8938,6217
53261.617,8939,6217
53262.765,8940,6217
53297.292,8941,6217
53297.314,8942,6217
53297.591,8943,6217
53298.137,8944,6217
53299.278,8945,6217
53299.383,8946,6217
53338.785,8947,6217
53341.822,8948,6217
53341.866,8949,6217
53341.885,8950,6217
53347.039,8951,6217
53370.211,8952,6217
53384.864,8953,6217
53428.496,8954,6217
53445.356,8955,6217
53449.59,8956,6217
53463.087,8957,6217
53473.428,8958,6217
53507.422,8959,6217
53558.947,8960,6217
53589.422,8961,6217
53604.073,8962,6217
53672.491,8963,6217
53673.502,8964,6217
53676.0,8965,6217
53677.795,8966,6217
53689.375,8967,6217
53692.418,8968,6217
53692.623,8969,6217
53708.417,8970,6217
53736.169,8971,6217
53739.133,8972,6217
53739.169,8973,6217
53739.178,8974,6217
53755.215,8975,6217
53756.867,8976,6217
53761.212,8977,6217
53761.402,8978,6217
53767.127,8979,6217
53813.322,8980,6217
53813.496,8981,6217
53813.533,8982,6217
53849.54,8983,6217
53852.551,8984,6222
53854.394,8985,6222
53854.4,8986,6222
53854.828,8987,6222
53855.365,8988,6222
53855.406,8989,6222
53855.837,8990,6226
53866.023,8991,6226
53867.117,8992,6226
53876.289,8993,6226
53880.473,8994,6226
53880.479,8995,6226
53880.57,8996,6226
53880.598,8997,6226
53880.782,8998,6226
53881.447,8999,6226
53883.032,9000,6226
53884.569,9001,6226
53886.691,9002,6226
53917.359,9003,6229
53918.147,9004,6229
53919.198,9005,6229
53940.338,9006,6229
53941.085,9007,6229
53942.546,9008,6229
53943.428,9009,6229
53945.331,9010,6229
53951.923,9011,6229
53967.0,9012,6229
53970.065,9013,6229
53971.238,9014,6229
53981.506,9015,6229
53989.451,9016,6229
53990.331,9017,6229
53998.414,9018,6229
53999.245,9019,6229
54004.907,9020,6229
54004.947,9021,6229
54015.605,9022,6229
54015.858,9023,6229
54019.147,9024,6229
54021.187,9025,6229
54023.021,9026,6229
54023.623,9027,6229
54027.554,9028,6229
54029.557,9029,6229
54032.187,9030,6229
54077.619,9031,6229
54092.489,9032,6229
54101.044,9033,6229
54115.76,9034,6229
54152.325,9035,6229
54152.523,9036,6229
54230.817,9037,6229
54251.316,9038,6229
54265.277,9039,6229
54266.568,9040,6229
54266.666,9041,6229
54282.765,9042,6229
54300.391,9043,6229
54302.036,9044,6229
54309.71,9045,6229
54310.447,9046,6229
54310.531,9047,6229
54310.823,9048,6229
54312.959,9049,6229
54315.839,9050,6229
54316.671,9051,6229
54319.242,9052,6229
54338.152,9053,6229
54338.836,9054,6229
54340.808,9055,6229
54342.099,9056,6229
54349.023,9057,6229
54354.09,9058,6229
54360.215,9059,6229
54372.305,9060,6229
54381.316,9061,6229
54381.534,9062,6229
54384.173,9063,6229
54387.716,9064,6229
54389.77,9065,6229
54393.195,9066,6229
54396.36,9067,6229
54399.302,9068,6229
54400.173,9069,6229
54410.145,9070,6229
54441.655,9071,6229
54441.914,9072,6229
54471.551,9073,6229
54472.302,9074,6229
54472.453,9075,6229
54482.065,9076,6229
54493.615,9077,6229
54494.79,9078,6229
54531.665,9079,6229
54545.71,9080,6229
54552.675,9081,6229
54555.112,9082,6229
54555.166,9083,6229
54556.136,9084,6229
54558.897,9085,6229
54558.909,9086,6229
54560.231,9087,6229
54560.283,9088,6229
54587.963,9089,6229
54590.675,9090,6229
54591.751,9091,6229
54592.371,9092,6229
54601.718,9093,6229
54630.32,9094,6229
54660.799,9095,6229
54668.976,9096,6229
54688.871,9097,6229
54719.692,9098,6229
54719.714,9099,6229
54758.034,9100,6229
54758.05,9101,6229
54758.094,9102,6229
54758.13,9103,6229
54758.135,9104,6229
54776.174,9105,6229
54796.128,9106,6229
54829.569,9107,6230
54836.739,9108,6230
54836.856,9109,6230
54841.096,9110,6230
54855.818,9111,6230
54856.512,9112,6230
54856.721,9113,6230
54856.901,9114,6230
54860.274,9115,6230
54860.802,9116,6230
54866.586,9117,6230
54910.191,9118,6230
55037.75,9119,6230
55101.145,9120,6230
55127.713,9121,6230
55127.898,9122,6230
55127.964,9123,6230
55128.029,9124,6230
55128.053,9125,6230
55128.369,9126,6230
55128.568,9127,6230
55128.86,9128,6230
55130.769,9129,6230
55130.964,9130,6230
55131.435,9131,6230
55133.936,9132,6230
55134.411,9133,6230
55135.122,9134,6230
55138.154,9135,6230
55189.095,9136,6230
55192.104,9137,6230
55196.545,9138,6230
55197.583,9139,6230
55198.231,9140,6230
55202.317,9141,6230
55202.829,9142,6230
55204.07,9143,6230
55204.219,9144,6230
55204.434,9145,6230
55206.309,9146,6230
55208.205,9147,6230
55208.443,9148,6230
55211.603,9149,6230
55281.293,9150,6230
55285.345,9151,6230
55287.715,9152,6230
55309.222,9153,6230
55310.408,9154,6230
55311.897,9155,6230
55312.934,9156,6230
55314.559,9157,6230
55328.826,9158,6230
55347.443,9159,6230
55348.331,9160,6231
55350.345,9161,6231
55373.359,9162,6231
55379.519,9163,6231
55379.814,9164,6231
55394.296,9165,6231
55416.706,9166,6231
55438.052,9167,6231
55439.691,9168,6231
55445.471,9169,6231
55446.729,9170,6231
55446.78,9171,6231
55448.777,9172,6231
55451.795,9173,6231
55500.838,9174,6231
55539.602,9175,6231
55547.945,9176,6231
55547.962,9177,6231
55569.202,9178,6231
55573.067,9179,6231
55576.653,9180,6231
55588.187,9181,6231
55595.432,9182,6231
55595.712,9183,6231
55595.919,9184,6231
55600.563,9185,6231
55605.573,9186,6231
55626.198,9187,6231
55637.402,9188,6231
55637.427,9189,6231
55637.602,9190,6231
55638.784,9191,6231
55639.085,9192,6231
55639.197,9193,6231
55639.754,9194,6231
55640.727,9195,6231
55641.08,9196,6231
55641.222,9197,6231
55641.631,9198,6231
55641.954,9199,6231
55642.561,9200,6231
55644.938,9201,6231
55646.536,9202,6231
55647.628,9203,6231
55659.611,9204,6231
55670.252,9205,6231
55690.522,9206,6232
55691.946,9207,6232
55728.674,9208,6232
55734.013,9209,6232
55745.202,9210,6232
55748.973,9211,6232
55760.932,9212,6232
55770.02,9213,6232
55770.326,9214,6232
55772.313,9215,6232
55774.543,9216,6232
55775.71,9217,6232
55779.35,9218,6232
55779.723,9219,6232
55784.644,9220,6232
55791.843,9221,6232
55815.921,9222,6232
55819.857,9223,6232
55856.068,9224,6232
55856.385,9225,6232
55867.261,9226,6232
55868.631,9227,6232
55877.847,9228,6232
55918.985,9229,6232
55950.889,9230,6232
55954.759,9231,6232
55983.875,9232,6232
56002.084,9233,6232
56028.685,9234,6232
56030.503,9235,6232
56034.685,9236,6232
56038.573,9237,6232
56058.208,9238,6232
56058.228,9239,6232
56058.883,9240,6232
56060.531,9241,6232
56084.428,9242,6232
56132.197,9243,6232
56132.353,9244,6232
56184.205,9245,6232
56191.945,9246,6232
56194.893,9247,6232
56209.573,9248,6232
56266.769,9249,6232
56281.397,9250,6232
56281.448,9251,6232
56333.426,9252,6232
56347.668,9253,6232
56347.913,9254,6232
56347.915,9255,6232
56347.961,9256,6232
56348.155,9257,6232
56348.288,9258,6232
56348.336,9259,6232
56349.871,9260,6232
56351.546,9261,6232
56377.732,9262,6232
56384.268,9263,6232
56391.72,9264,6232
56434.463,9265,6232
56436.388,9266,6232
56436.465,9267,6232
56460.231,9268,6232
56481.43,9269,6232
56492.011,9270,6232
56492.031,9271,6232
56527.482,9272,6232
56527.528,9273,6232
56531.66,9274,6232
56538.274,9275,6232
56546.562,9276,6232
56552.487,9277,6232
56590.121,9278,6232
56599.536,9279,6232
56601.625,9280,6232
56635.142,9281,6232
56639.996,9282,6232
56650.181,9283,6232
56690.83,9284,6232
56698.193,9285,6232
56710.616,9286,6232
56743.626,9287,6232
56774.493,9288,6232
56775.727,9289,6232
56777.374,9290,6232
56884.972,9291,6232
56885.036,9292,6232
56887.585,9293,6232
56887.655,9294,6232
56901.635,9295,6232
56955.145,9296,6232
57008.309,9297,6232
57017.58,9298,6232
57019.643,9299,6232
57020.327,9300,6232
57034.54,9301,6232
57034.974,9302,6232
57035.982,9303,6232
57036.955,9304,6232
57039.473,9305,6232
57042.834,9306,6232
57044.697,9307,6232
57044.904,9308,6232
57046.467,9309,6232
57076.19,9310,6232
57102.183,9311,6232
57102.613,9312,6232
57106.014,9313,6232
57112.086,9314,6232
57142.671,9315,6232
57142.905,9316,6232
57144.081,9317,6232
57146.447,9318,6232
57147.756,9319,6233
57153.49,9320,6233
57153.519,9321,6233
57155.6,9322,6233
57156.223,9323,6233
57156.622,9324,6233
57157.758,9325,6233
57157.979,9326,6233
57158.239,9327,6233
57158.448,9328,6233
57158.618,9329,6233
57158.84,9330,6233
57159.954,9331,6233
57160.497,9332,6233
57162.856,9333,6233
57166.27,9334,6233
57167.358,9335,6233
57170.734,9336,6233
57171.459,9337,6233
57171.747,9338,6233
57177.218,9339,6233
57186.429,9340,6233
57203.57,9341,6233
57263.694,9342,6233
57299.161,9343,6233
57302.149,9344,6233
57335.35,9345,6233
57335.662,9346,6233
57366.682,9347,6233
57374.102,9348,6233
57395.005,9349,6233
57492.839,9350,6233
57545.095,9351,6233
57545.245,9352,6233
57557.064,9353,6233
57558.803,9354,6233
57558.895,9355,6233
57559.129,9356,6233
57559.584,9357,6233
57572.146,9358,6233
57575.483,9359,6233
57606.022,9360,6233
57623.324,9361,6233
57637.578,9362,6233
57673.144,9363,6233
57673.368,9364,6233
57675.05,9365,6233
57684.185,9366,6233
57714.909,9367,6233
57730.76,9368,6233
57731.745,9369,6233
57800.831,9370,6233
57818.955,9371,6234
57860.189,9372,6234
58023.261,9373,6234
58063.857,9374,6234
58063.879,9375,6234
58064.319,9376,6234
58064.403,9377,6234
58065.042,9378,6234
58068.147,9379,6234
58069.372,9380,6234
58087.405,9381,6234
58093.257,9382,6234
58167.823,9383,6234
58185.054,9384,6234
58188.804,9385,6234
58267.469,9386,6234
58328.918,9387,6234
58381.517,9388,6234
58454.035,9389,6234
58454.526,9390,6234
58499.246,9391,6234
58579.235,9392,6234
58579.245,9393,6234
58579.42,9394,6234
58624.15,9395,6234
58631.681,9396,6234
58652.677,9397,6234
58686.881,9398,6234
58692.688,9399,6234
58732.425,9400,6234
58732.684,9401,6234
58782.276,9402,6234
58801.071,9403,6234
58804.373,9404,6234
58809.859,9405,6234
58832.644,9406,6234
58844.133,9407,6234
58878.543,9408,6234
58879.334,9409,6234
58880.731,9410,6234
58881.314,9411,6234
58883.322,9412,6234
58888.958,9413,6234
58891.764,9414,6234
58983.314,9415,6234
59017.635,9416,6234
59017.994,9417,6234
59020.709,9418,6234
59043.448,9419,6234
59065.862,9420,6234
59067.049,9421,6234
59068.881,9422,6234
59070.179,9423,6234
59091.489,9424,6234
59222.027,9425,6234
59225.833,9426,6234
59226.433,9427,6234
59295.021,9428,6234
59315.094,9429,6234
59317.19,9430,6234
59338.47,9431,6234
59340.241,9432,6234
59397.744,9433,6234
59419.15,9434,6234
59434.774,9435,6234
59454.2,9436,6234
59460.833,9437,6234
59468.024,9438,6234
59504.867,9439,6234
59533.368,9440,6234
59534.816,9441,6234
59535.425,9442,6234
59566.943,9443,6235
59568.359,9444,6235
59568.472,9445,6235
59570.505,9446,6235
59605.487,9447,6235
59627.522,9448,6235
59641.674,9449,6235
59674.258,9450,6235
59680.333,9451,6235
59725.311,9452,6235
59769.307,9453,6235
59780.492,9454,6235
59780.596,9455,6236
59814.119,9456,6236
59867.083,9457,6236
59919.825,9458,6236
59959.429,9459,6236
59968.164,9460,6236
59982.287,9461,6236
60005.292,9462,6236
60008.537,9463,6236
60012.298,9464,6236
60117.796,9465,6236
60129.294,9466,6236
60130.639,9467,6236
60189.423,9468,6236
60195.594,9469,6236
60320.117,9470,6237
60322.304,9471,6238
60329.791,9472,6238
60330.278,9473,6238
60330.316,9474,6238
60331.287,9475,6238
60363.729,9476,6238
60380.036,9477,6238
60380.732,9478,6238
60414.247,9479,6238
60416.702,9480,6238
60724.62,9481,6238
60746.212,9482,6238
60761.385,9483,6238
60798.996,9484,6238
60817.944,9485,6238
60818.018,9486,6238
60818.178,9487,6238
60818.695,9488,6238
60818.958,9489,6238
60820.502,9490,6238
60821.821,9491,6238
60828.592,9492,6238
60829.915,9493,6238
60872.046,9494,6238
60872.092,9495,6238
60889.317,9496,6238
60895.557,9497,6238
60970.53,9498,6238
60985.181,9499,6238
60985.283,9500,6238
60985.494,9501,6238
60986.115,9502,6238
61026.803,9503,6238
61026.926,9504,6238
61027.211,9505,6238
61027.463,9506,6238
61107.469,9507,6238
61111.001,9508,6238
61191.501,9509,6238
61209.506,9510,6238
61228.747,9511,6238
61234.924,9512,6238
61235.851,9513,6238
61261.935,9514,6238
61262.98,9515,6238
61263.393,9516,6238
61263.432,9517,6238
61263.566,9518,6238
61266.921,9519,6238
61310.935,9520,6238
61311.216,9521,6238
61313.663,9522,6238
61332.642,9523,6238
61345.934,9524,6238
61361.015,9525,6238
61372.311,9526,6238
61372.867,9527,6238
61373.421,9528,6238
61375.033,9529,6238
61377.958,9530,6238
61394.817,9531,6238
61395.048,9532,6238
61398.879,9533,6238
61405.018,9534,6238
61405.779,9535,6238
61456.641,9536,6238
61511.975,9537,6238
61512.029,9538,6238
61512.077,9539,6238
61514.332,9540,6238
61589.049,9541,6238
61589.98,9542,6238
61595.584,9543,6238
61684.747,9544,6238
61692.545,9545,6238
61778.133,9546,6238
61794.543,9547,6238
61818.585,9548,6238
61846.052,9549,6238
61875.631,9550,6238
61883.651,9551,6238
61883.735,9552,6238
61893.271,9553,6238
61895.522,9554,6238
62014.977,9555,6238
62130.677,9556,6238
62134.818,9557,6238
62189.35,9558,6238
62293.207,9559,6238
62315.172,9560,6238
62388.923,9561,6238
62422.98,9562,6238
62422.996,9563,6238
62475.82,9564,6238
62476.245,9565,6238
62500.885,9566,6238
62512.519,9567,6238
62555.844,9568,6238
62740.438,9569,6238
62745.451,9570,6238
62749.435,9571,6238
62753.239,9572,6238
62806.195,9573,6238
62886.185,9574,6238
62890.267,9575,6238
62982.732,9576,6238
63184.729,9577,6238
63217.96,9578,6238
63228.304,9579,6238
63285.575,9580,6238
63288.304,9581,6238
63318.575,9582,6238
63517.616,9583,6238
63527.077,9584,6238
63567.834,9585,6238
63589.916,9586,6238
63612.711,9587,6238
63642.122,9588,6238
63674.295,9589,6238
63691.632,9590,6238
63720.106,9591,6238
63722.135,9592,6238
63937.247,9593,6238
64007.123,9594,6238
64249.782,9595,6238
64313.803,9596,6238
64405.888,9597,6238
64410.248,9598,6238
64505.304,9599,6238
64518.815,9600,6238
64518.855,9601,6238
64636.092,9602,6238
64638.118,9603,6238
64654.455,9604,6238
64655.003,9605,6238
64703.895,9606,6238
64870.596,9607,6238
64900.383,9608,6238
65117.254,9609,6238
65120.395,9610,6238
65217.895,9611,6238
65321.495,9612,6238
65447.351,9613,6238
65590.758,9614,6238
65703.73,9615,6238
65706.564,9616,6238
65778.001,9617,6238
65801.809,9618,6238
65834.119,9619,6238
65843.768,9620,6238
65843.819,9621,6238
65961.173,9622,6238
65961.587,9623,6238
65985.24,9624,6238
66017.173,9625,6238
66017.596,9626,6238
66017.633,9627,6238
66023.476,9628,6238
66024.287,9629,6238
66074.567,9630,6238
66085.523,9631,6238
66094.473,9632,6238
66108.634,9633,6238
66183.025,9634,6238
66238.379,9635,6238
66256.451,9636,6238
66269.175,9637,6238
66325.11,9638,6238
66329.741,9639,6238
66338.467,9640,6238
66360.114,9641,6238
66470.326,9642,6238
66492.471,9643,6238
66493.725,9644,6238
66554.644,9645,6238
66554.749,9646,6238
66556.022,9647,6238
66556.397,9648,6238
66557.032,9649,6238
66557.946,9650,6238
66558.603,9651,6238
66558.932,9652,6238
66559.149,9653,6238
66562.399,9654,6238
66565.186,9655,6238
66565.537,9656,6238
66565.956,9657,6238
66568.065,9658,6238
66569.278,9659,6238
66575.746,9660,6238
66576.243,9661,6238
66577.316,9662,6238
66578.507,9663,6238
66578.762,9664,6238
66585.781,9665,6238
66592.408,9666,6238
66594.216,9667,6238
66607.303,9668,6238
66633.44,9669,6238
66633.501,9670,6238
66641.763,9671,6238
66649.842,9672,6238
66650.98,9673,6238
66652.08,9674,6238
66652.272,9675,6238
66652.382,9676,6238
66653.41,9677,6238
66656.864,9678,6238
66660.032,9679,6238
66661.92,9680,6238
66662.228,9681,6238
66662.844,9682,6238
66676.938,9683,6238
66677.684,9684,6238
66679.9,9685,6238
66684.343,9686,6238
66688.089,9687,6238
66704.864,9688,6238
66715.232,9689,6238
66715.986,9690,6238
66717.353,9691,6238
66717.543,9692,6238
66717.923,9693,6238
66718.635,9694,6238
66718.999,9695,6238
66719.585,9696,6238
66720.151,9697,6238
66727.892,9698,6238
66730.242,9699,6238
66732.281,9700,6238
66751.252,9701,6238
66761.574,9702,6238
66761.626,9703,6238
66761.674,9704,6238
66761.866,9705,6238
66763.314,9706,6238
66763.364,9707,6238
66764.838,9708,6238
66768.41,9709,6238
66769.315,9710,6238
66770.669,9711,6238
66776.414,9712,6238
66791.173,9713,6238
66793.459,9714,6238
66793.731,9715,6238
66796.576,9716,6238
66796.972,9717,6238
66809.158,9718,6238
66824.214,9719,6238
66828.573,9720,6238
66840.621,9721,6238
66840.645,9722,6238
66840.931,9723,6238
66841.125,9724,6238
66844.024,9725,6238
66844.298,9726,6238
66844.578,9727,6238
66845.874,9728,6238
66848.615,9729,6238
66855.752,9730,6238
66856.958,9731,6238
66878.914,9732,6238
66880.539,9733,6238
66880.655,9734,6238
66881.017,9735,6238
66881.334,9736,6238
66882.434,9737,6238
66884.101,9738,6238
66884.545,9739,6238
66885.946,9740,6238
66887.329,9741,6238
66894.345,9742,6238
66894.705,9743,6238
66904.071,9744,6238
66905.672,9745,6238
66908.159,9746,6238
66909.428,9747,6238
66921.847,9748,6238
66925.59,9749,6238
66926.299,9750,6238
66934.71,9751,6238
66935.436,9752,6238
66936.858,9753,6238
66937.581,9754,6238
66948.428,9755,6238
66949.26,9756,6238
66950.857,9757,6238
66954.721,9758,6238
66954.781,9759,6238
66962.918,9760,6238
66970.025,9761,6238
66970.865,9762,6238
66971.545,9763,6238
66977.768,9764,6238
66985.225,9765,6238
66985.406,9766,6238
67006.748,9767,6238
67025.363,9768,6238
67025.852,9769,6238
67026.968,9770,6238
67027.992,9771,6238
67028.249,9772,6238
67030.996,9773,6238
67035.236,9774,6238
67036.507,9775,6238
67051.906,9776,6238
67052.298,9777,6238
67053.31,9778,6238
67055.835,9779,6238
67059.267,9780,6238
67059.933,9781,6238
67063.691,9782,6238
67064.554,9783,6238
67067.642,9784,6238
67068.425,9785,6238
67076.659,9786,6238
67092.34,9787,6238
67093.834,9788,6238
67104.1,9789,6238
67123.698,9790,6238
67145.141,9791,6238
67146.085,9792,6238
67160.839,9793,6238
67161.378,9794,6238
67185.382,9795,6238
67187.523,9796,6238
67188.413,9797,6238
67193.515,9798,6238
67271.274,9799,6238
67285.907,9800,6238
67289.469,9801,6238
67289.768,9802,6238
67300.914,9803,6238
67302.028,9804,6238
67302.102,9805,6238
67314.335,9806,6238
67326.855,9807,6238
67336.608,9808,6238
67356.002,9809,6238
67356.068,9810,6238
67357.116,9811,6238
67366.234,9812,6238
67366.513,9813,6238
67366.931,9814,6238
67385.472,9815,6238
67393.129,9816,6238
67393.22,9817,6238
67393.232,9818,6238
67393.543,9819,6238
67410.901,9820,6238
67410.998,9821,6238
67424.581,9822,6238
67426.476,9823,6238
67426.612,9824,6238
67428.476,9825,6238
67430.688,9826,6238
67446.061,9827,6238
67454.776,9828,6238
67468.392,9829,6238
67472.828,9830,6238
67479.848,9831,6238
67483.515,9832,6238
67507.435,9833,6238
67515.312,9834,6238
67515.368,9835,6238
67515.962,9836,6238
67520.504,9837,6238
67521.073,9838,6238
67521.18,9839,6238
67525.89,9840,6238
67526.696,9841,6238
67527.437,9842,6238
67530.525,9843,6238
67538.722,9844,6238
67543.001,9845,6238
67549.644,9846,6238
67554.896,9847,6238
67563.056,9848,6238
67563.735,9849,6238
67579.374,9850,6238
67608.932,9851,6238
67612.85,9852,6238
67615.197,9853,6238
67631.484,9854,6238
67708.673,9855,6238
67716.706,9856,6238
67733.76,9857,6238
67734.694,9858,6238
67738.142,9859,6238
67739.123,9860,6238
67739.33,9861,6238
67739.471,9862,6238
67747.591,9863,6238
67749.334,9864,6238
67760.633,9865,6238
67767.073,9866,6238
67777.919,9867,6238
67790.592,9868,6238
67797.227,9869,6238
67797.906,9870,6238
67847.683,9871,6238
67867.982,9872,6238
67871.454,9873,6238
67875.389,9874,6238
67907.603,9875,6238
67942.429,9876,6238
67942.474,9877,6238
67942.749,9878,6238
67951.859,9879,6238
67952.083,9880,6238
67961.324,9881,6238
67972.563,9882,6238
68003.684,9883,6238
68005.425,9884,6238
68016.672,9885,6238
68034.353,9886,6238
68055.413,9887,6238
68055.492,9888,6238
68055.767,9889,6238
68056.997,9890,6238
68060.025,9891,6238
68065.241,9892,6238
68066.88,9893,6238
68067.039,9894,6238
68067.781,9895,6238
68072.105,9896,6238
68073.502,9897,6238
68077.478,9898,6238
68104.628,9899,6238
68105.423,9900,6238
68124.636,9901,6238
68124.701,9902,6238
68124.807,9903,6238
68124.942,9904,6238
68124.977,9905,6238
68125.665,9906,6238
68125.842,9907,6238
68127.213,9908,6238
68127.45,9909,6238
68128.549,9910,6238
68128.916,9911,6238
68129.436,9912,6238
68167.448,9913,6238
68170.642,9914,6238
68212.974,9915,6238
68213.286,9916,6238
68214.326,9917,6238
68214.839,9918,6238
68241.222,9919,6238
68241.699,9920,6238
68241.894,9921,6238
68242.162,9922,6238
68242.737,9923,6238
68249.18,9924,6238
68257.169,9925,6238
68259.07,9926,6238
68263.747,9927,6238
68287.252,9928,6238
68312.626,9929,6238
68312.958,9930,6238
68318.792,9931,6238
68356.702,9932,6238
68365.379,9933,6238
68366.611,9934,6238
68368.605,9935,6238
68370.19,9936,6238
68398.118,9937,6238
68407.48,9938,6238
68407.645,9939,6238
68408.823,9940,6238
68439.286,9941,6238
68453.389,9942,6238
68508.957,9943,6238
68509.563,9944,6238
68509.637,9945,6238
68510.6,9946,6238
68511.792,9947,6238
68539.059,9948,6238
68611.432,9949,6238
68647.971,9950,6238
68648.135,9951,6238
68649.142,9952,6238
68653.036,9953,6238
68658.928,9954,6238
68672.049,9955,6238
68686.924,9956,6238
68712.971,9957,6238
68721.98,9958,6238
68728.921,9959,6238
68732.23,9960,6238
68767.083,9961,6238
68802.136,9962,6238
68831.274,9963,6238
68831.331,9964,6238
68831.373,9965,6238
68831.515,9966,6238
68832.312,9967,6238
68834.199,9968,6238
68835.369,9969,6238
68836.23,9970,6238
68837.378,9971,6238
68842.095,9972,6238
68842.601,9973,6238
68842.99,9974,6238
68843.809,9975,6238
68861.086,9976,6238
68861.878,9977,6238
68864.8,9978,6238
68866.272,9979,6238
68868.778,9980,6238
68873.294,9981,6238
68873.862,9982,6238
68877.416,9983,6238
68878.194,9984,6238
68904.4,9985,6238
68913.234,9986,6238
68921.113,9987,6238
68935.926,9988,6238
68937.981,9989,6238
68938.117,9990,6238
68948.644,9991,6238
68949.159,9992,6238
68949.251,9993,6238
68954.814,9994,6238
68958.736,9995,6238
68966.39,9996,6238
68988.644,9997,6238
69001.295,9998,6238
69001.877,9999,6238
69013.138,10000,6238
69018.445,10001,6238
69035.274,10002,6238
69063.817,10003,6238
69063.922,10004,6238
69067.525,10005,6238
69070.565,10006,6238
69070.86,10007,6238
69084.138,10008,6238
69084.228,10009,6238
69086.98,10010,6238
69114.588,10011,6238
69122.146,10012,6238
69142.112,10013,6238
69142.48,10014,6238
69144.03,10015,6238
69181.041,10016,6238
69184.166,10017,6238
69195.085,10018,6238
69198.251,10019,6238
69211.86,10020,6238
69212.744,10021,6238
69215.056,10022,6238
69245.268,10023,6238
69245.306,10024,6238
69246.405,10025,6238
69246.817,10026,6238
69248.397,10027,6238
69248.548,10028,6238
69250.741,10029,6238
69253.764,10030,6238
69254.069,10031,6238
69255.694,10032,6238
69265.934,10033,6238
69266.801,10034,6238
69268.766,10035,6238
69268.874,10036,6238
69272.744,10037,6238
69274.035,10038,6238
69282.174,10039,6238
69285.491,10040,6238
69289.558,10041,6238
69300.763,10042,6238
69332.804,10043,6238
69372.456,10044,6238
69372.505,10045,6238
69373.072,10046,6238
69443.572,10047,6238
69443.642,10048,6238
69445.527,10049,6238
69475.591,10050,6238
69492.593,10051,6238
69496.824,10052,6238
69496.849,10053,6238
69496.936,10054,6238
69497.047,10055,6238
69497.513,10056,6238
69497.529,10057,6238
69497.732,10058,6238
69497.744,10059,6238
69498.672,10060,6238
69498.725,10061,6238
69499.439,10062,6238
69500.882,10063,6238
69501.164,10064,6238
69501.996,10065,6238
69542.572,10066,6238
69603.732,10067,6238
69615.361,10068,6238
69628.129,10069,6238
69630.206,10070,6238
69639.336,10071,6238
69640.008,10072,6238
69702.826,10073,6238
69702.913,10074,6238
69705.269,10075,6238
69706.665,10076,6238
69710.857,10077,6238
69714.813,10078,6238
69749.169,10079,6238
69758.953,10080,6238
69759.114,10081,6238
69768.048,10082,6238
69770.49,10083,6238
69789.201,10084,6238
69848.104,10085,6238
69848.22,10086,6238
69849.913,10087,6238
69872.223,10088,6238
69943.551,10089,6238
69945.382,10090,6238
69951.422,10091,6238
69970.061,10092,6238
69972.655,10093,6238
69982.101,10094,6238
70035.773,10095,6238
70059.933,10096,6238
70172.656,10097,6238
70172.917,10098,6238
70198.841,10099,6238
70212.969,10100,6238
70213.35,10101,6238
70213.668,10102,6238
70214.303,10103,6238
70230.887,10104,6238
70234.838,10105,6238
70290.863,10106,6238
70301.661,10107,6238
70358.484,10108,6238
70361.279,10109,6238
70374.062,10110,6238
70375.897,10111,6238
70377.663,10112,6238
70378.834,10113,6238
70379.945,10114,6238
70381.464,10115,6238
70381.739,10116,6238
70381.79,10117,6238
70382.678,10118,6238
70385.244,10119,6238
70385.746,10120,6238
70386.797,10121,6238
70387.922,10122,6238
70388.554,10123,6238
70388.798,10124,6238
70402.748,10125,6238
70412.339,10126,6238
70431.81,10127,6238
70446.95,10128,6238
70460.041,10129,6238
70470.466,10130,6238
70472.177,10131,6238
70473.746,10132,6238
70484.012,10133,6238
70503.582,10134,6238
70525.092,10135,6238
70536.132,10136,6238
70559.58,10137,6238
70563.884,10138,6238
70587.542,10139,6238
70629.001,10140,6238
70629.524,10141,6238
70630.979,10142,6238
70633.48,10143,6238
70634.181,10144,6238
70634.734,10145,6238
70667.529,10146,6238
70683.818,10147,6238
70738.664,10148,6238
70758.008,10149,6238
70758.115,10150,6238
70758.645,10151,6238
70761.146,10152,6238
70762.161,10153,6238
70770.966,10154,6238
70793.267,10155,6238
70827.791,10156,6238
70848.935,10157,6238
70860.104,10158,6238
70893.277,10159,6238
70899.519,10160,6238
70900.349,10161,6238
70917.001,10162,6238
70933.047,10163,6238
70951.178,10164,6238
70951.618,10165,6238
70970.603,10166,6238
70979.591,10167,6238
70986.065,10168,6238
71001.386,10169,6238
71005.181,10170,6238
71011.234,10171,6238
71011.251,10172,6238
71011.881,10173,6238
71079.474,10174,6238
71082.208,10175,6238
71100.581,10176,6238
71113.578,10177,6238
71134.978,10178,6238
71152.084,10179,6238
71163.424,10180,6238
71164.428,10181,6238
71211.069,10182,6238
71251.069,10183,6238
71251.138,10184,6238
71251.821,10185,6238
71252.874,10186,6238
71253.02,10187,6238
71253.204,10188,6238
71257.696,10189,6238
71258.459,10190,6238
71261.927,10191,6238
71262.341,10192,6238
71263.605,10193,6238
71265.272,10194,6238
71265.973,10195,6238
71268.124,10196,6238
71269.825,10197,6238
71279.118,10198,6238
71310.134,10199,6238
71315.171,10200,6238
71321.974,10201,6238
71338.253,10202,6238
71350.534,10203,6238
71350.638,10204,6238
71352.734,10205,6238
71359.625,10206,6238
71364.596,10207,6238
71366.85,10208,6238
71367.68,10209,6238
71367.786,10210,6238
71375.628,10211,6238
71377.212,10212,6238
71377.836,10213,6238
71389.574,10214,6238
71390.963,10215,6238
71398.132,10216,6238
71417.733,10217,6238
71417.944,10218,6238
71418.088,10219,6238
71418.291,10220,6238
71430.654,10221,6238
71435.189,10222,6238
71436.457,10223,6238
71455.204,10224,6238
71489.837,10225,6238
71490.678,10226,6238
71492.964,10227,6238
71496.095,10228,6238
71496.269,10229,6238
71500.709,10230,6238
71503.949,10231,6238
71508.854,10232,6238
71508.895,10233,6238
71519.657,10234,6238
71533.012,10235,6238
71546.619,10236,6238
71546.684,10237,6238
71560.852,10238,6238
71570.406,10239,6238
71604.601,10240,6238
71640.516,10241,6238
71665.426,10242,6238
71727.127,10243,6238
71738.182,10244,6238
71786.568,10245,6238
71800.343,10246,6238
71808.354,10247,6238
71818.506,10248,6238
71819.783,10249,6238
71832.623,10250,6238
71833.96,10251,6238
71837.156,10252,6238
71851.914,10253,6238
71853.168,10254,6238
71933.265,10255,6238
71935.269,10256,6238
71938.473,10257,6238
71951.651,10258,6238
71960.374,10259,6238
71968.058,10260,6238
71969.231,10261,6238
71979.45,10262,6238
71979.46,10263,6238
71979.611,10264,6238
71984.748,10265,6238
71986.767,10266,6238
71987.306,10267,6238
71987.645,10268,6238
71995.233,10269,6238
71995.785,10270,6238
72007.584,10271,6238
72010.929,10272,6238
72048.884,10273,6238
72051.771,10274,6238
72069.301,10275,6238
72090.366,10276,6238
72145.465,10277,6238
72149.788,10278,6238
72196.136,10279,6238
72243.532,10280,6238
72252.429,10281,6238
72280.417,10282,6238
72305.374,10283,6238
72337.016,10284,6238
72379.211,10285,6238
72388.432,10286,6238
72427.159,10287,6238
72429.368,10288,6238
72493.108,10289,6238
72555.472,10290,6238
72571.246,10291,6238
72573.381,10292,6238
72652.341,10293,6238
72655.771,10294,6238
72656.151,10295,6238
72658.605,10296,6238
72667.555,10297,6238
72673.722,10298,6238
72681.534,10299,6238
72683.333,10300,6238
72692.977,10301,6238
72735.652,10302,6238
72738.182,10303,6238
72744.324,10304,6238
72781.506,10305,6238
72822.206,10306,6238
72822.697,10307,6238
72837.857,10308,6238
72844.802,10309,6238
72844.982,10310,6243
72854.603,10311,6243
72854.658,10312,6245
72855.574,10313,6245
72883.887,10314,6245
72902.504,10315,6245
72903.197,10316,6245
72906.994,10317,6245
72908.361,10318,6245
72910.983,10319,6245
72930.281,10320,6245
72931.448,10321,6245
72941.304,10322,6245
72954.527,10323,6245
72980.824,10324,6245
72981.222,10325,6245
72981.671,10326,6245
72981.951,10327,6245
72982.315,10328,6245
72982.803,10329,6247
72997.293,10330,6247
73014.612,10331,6247
73060.195,10332,6247
73060.294,10333,6247
73060.381,10334,6247
73060.634,10335,6247
73060.736,10336,6247
73067.391,10337,6247
73082.344,10338,6247
73123.78,10339,6247
73215.751,10340,6247
73225.588,10341,6247
73278.606,10342,6247
73286.921,10343,6247
73286.938,10344,6247
73308.597,10345,6247
73320.738,10346,6247
73342.569,10347,6247
73389.563,10348,6247
73481.279,10349,6247
73511.027,10350,6247
73513.06,10351,6247
73513.738,10352,6247
73530.052,10353,6247
73532.692,10354,6247
73536.763,10355,6247
73548.833,10356,6247
73550.09,10357,6247
73557.884,10358,6247
73578.218,10359,6247
73603.724,10360,6247
73604.48,10361,6247
73613.472,10362,6247
73614.746,10363,6247
73676.892,10364,6247
73678.325,10365,6247
73679.392,10366,6247
73731.489,10367,6247
73814.69,10368,6247
73814.793,10369,6247
73876.929,10370,6247
73902.713,10371,6247
73911.523,10372,6247
73913.336,10373,6247
73915.854,10374,6247
73959.9,10375,6247
73959.941,10376,6247
73959.974,10377,6247
73960.012,10378,6247
73971.0,10379,6247
74001.619,10380,6247
74022.621,10381,6247
74030.191,10382,6247
74072.214,10383,6247
74073.767,10384,6247
74082.506,10385,6247
74082.62,10386,6247
74082.798,10387,6247
74083.468,10388,6247
74083.825,10389,6247
74085.09,10390,6247
74088.49,10391,6247
74090.577,10392,6247
74092.826,10393,6247
74120.848,10394,6247
74137.077,10395,6247
74140.627,10396,6247
74160.942,10397,6247
74212.048,10398,6247
74212.206,10399,6247
74297.979,10400,6247
74340.454,10401,6247
74357.697,10402,6247
74377.874,10403,6247
74418.598,10404,6247
74437.2,10405,6247
74451.897,10406,6247
74452.003,10407,6247
74753.67,10408,6247
74758.453,10409,6247
74766.323,10410,6247
74824.621,10411,6247
74909.787,10412,6247
74966.231,10413,6247
74971.351,10414,6247
74993.188,10415,6247
75019.281,10416,6247
75030.95,10417,6247
75033.87,10418,6247
75119.523,10419,6247
75193.668,10420,6247
75194.182,10421,6247
75194.196,10422,6247
75198.058,10423,6247
75198.565,10424,6247
75200.57,10425,6247
75224.885,10426,6247
75225.969,10427,6247
75266.792,10428,6247
75272.246,10429,6247
75289.932,10430,6247
75330.093,10431,6247
75330.355,10432,6247
75332.585,10433,6247
75341.291,10434,6247
75352.178,10435,6247
75376.019,10436,6247
75380.049,10437,6247
75380.176,10438,6247
75380.614,10439,6247
75391.405,10440,6247
75396.194,10441,6247
75416.371,10442,6247
75416.41,10443,6247
75470.044,10444,6247
75526.112,10445,6247
75529.083,10446,6247
75696.011,10447,6247
75696.049,10448,6247
75696.661,10449,6247
75697.343,10450,6247
75699.082,10451,6247
75699.474,10452,6247
75704.405,10453,6247
75710.894,10454,6247
75714.099,10455,6247
75733.786,10456,6247
75764.273,10457,6247
75784.335,10458,6247
75826.477,10459,6247
75827.45,10460,6247
75834.145,10461,6247
75874.032,10462,6247
75874.065,10463,6247
75890.136,10464,6247
75917.638,10465,6247
75929.154,10466,6247
75931.382,10467,6247
75954.025,10468,6247
75954.256,10469,6247
76013.153,10470,6247
76049.815,10471,6247
76132.065,10472,6248
76194.892,10473,6248
76213.672,10474,6248
76215.42,10475,6248
76216.966,10476,6248
76239.574,10477,6248
76248.138,10478,6248
76269.787,10479,6248
76283.338,10480,6248
76300.139,10481,6248
76346.862,10482,6248
76365.356,10483,6248
76381.321,10484,6248
76381.349,10485,6248
76381.479,10486,6248
76381.697,10487,6248
76381.921,10488,6248
76381.933,10489,6248
76387.512,10490,6248
76393.014,10491,6248
76398.181,10492,6248
76433.724,10493,6248
76510.741,10494,6248
76532.357,10495,6248
76536.936,10496,6248
76542.67,10497,6248
76642.427,10498,6248
76665.506,10499,6248
76665.525,10500,6248
76665.639,10501,6248
76691.666,10502,6248
76713.644,10503,6248
76713.764,10504,6248
76717.438,10505,6248
76739.21,10506,6248
76745.287,10507,6248
76793.486,10508,6248
76835.959,10509,6248
76843.178,10510,6248
76843.186,10511,6248
76845.034,10512,6248
76846.221,10513,6248
76846.537,10514,6248
76849.92,10515,6248
76906.079,10516,6248
77039.284,10517,6248
77149.512,10518,6248
77166.294,10519,6248
77178.376,10520,6248
77180.189,10521,6248
77217.269,10522,6248
77217.299,10523,6248
77227.399,10524,6248
77227.433,10525,6248
77227.767,10526,6248
77228.206,10527,6248
77228.556,10528,6248
77235.146,10529,6248
77256.725,10530,6248
77297.254,10531,6248
77313.171,10532,6248
77338.421,10533,6248
77364.505,10534,6248
77393.466,10535,6248
77419.343,10536,6248
77494.528,10537,6248
77556.891,10538,6248
77557.411,10539,6248
77570.062,10540,6248
77571.71,10541,6248
77628.332,10542,6248
77631.364,10543,6248
77674.534,10544,6248
77709.035,10545,6248
77771.182,10546,6248
77788.108,10547,6248
77860.3,10548,6248
77862.727,10549,6248
77944.719,10550,6248
77966.445,10551,6248
78000.22,10552,6248
78002.019,10553,6248
78031.588,10554,6248
78032.447,10555,6248
78038.515,10556,6248
78074.144,10557,6248
78074.306,10558,6248
78089.674,10559,6248
78143.676,10560,6248
78191.402,10561,6248
78311.544,10562,6248
78318.977,10563,6248
78335.085,10564,6248
78344.585,10565,6248
78363.545,10566,6248
78363.69,10567,6248
78453.629,10568,6248
78463.446,10569,6248
78474.807,10570,6248
78483.24,10571,6248
78483.471,10572,6248
78485.631,10573,6248
78486.508,10574,6248
78496.232,10575,6248
78560.422,10576,6248
78614.199,10577,6248
78726.996,10578,6248
78759.636,10579,6248
78771.211,10580,6248
78771.349,10581,6248
78780.469,10582,6248
78794.251,10583,6248
78796.975,10584,6248
78809.879,10585,6248
78836.899,10586,6248
78897.555,10587,6248
78925.949,10588,6248
78965.494,10589,6248
78987.112,10590,6248
78987.202,10591,6248
79005.658,10592,6248
79121.155,10593,6248
79221.783,10594,6248
79232.462,10595,6248
79243.516,10596,6248
79255.377,10597,6248
79324.48,10598,6248
79340.936,10599,6248
79420.692,10600,6248
79420.773,10601,6248
79420.799,10602,6248
79421.859,10603,6248
79447.327,10604,6248
79449.455,10605,6248
79455.377,10606,6248
79504.269,10607,6248
79598.043,10608,6248
79779.154,10609,6248
79791.905,10610,6248
79813.87,10611,6248
79859.061,10612,6248
79909.419,10613,6248
79917.506,10614,6248
80109.037,10615,6248
80122.552,10616,6248
80174.339,10617,6248
80189.627,10618,6248
80194.249,10619,6248
80336.89,10620,6248
80393.447,10621,6248
80431.452,10622,6248
80431.847,10623,6248
80432.399,10624,6248
80433.658,10625,6248
80434.554,10626,6248
80435.132,10627,6248
80440.82,10628,6248
80449.397,10629,6248
80506.764,10630,6248
80512.814,10631,6248
80518.741,10632,6248
80568.274,10633,6248
80627.906,10634,6248
80647.152,10635,6248
80652.27,10636,6248
80657.076,10637,6248
80744.668,10638,6248
80767.203,10639,6248
80814.241,10640,6248
80834.812,10641,6248
80893.038,10642,6248
80980.532,10643,6248
80981.447,10644,6248
81058.506,10645,6248
81118.983,10646,6248
81187.079,10647,6248
81443.414,10648,6248
81514.362,10649,6248
81627.961,10650,6248
81646.172,10651,6248
81758.871,10652,6248
81801.305,10653,6248
81834.547,10654,6248
81905.108,10655,6248
81905.126,10656,6248
81905.179,10657,6248
81905.212,10658,6248
81905.233,10659,6248
81905.324,10660,6248
81905.578,10661,6248
81907.295,10662,6248
81909.897,10663,6248
81942.657,10664,6248
81957.682,10665,6248
82009.286,10666,6248
82011.269,10667,6248
82011.434,10668,6248
82028.851,10669,6248
82061.48,10670,6248
82227.406,10671,6248
82237.339,10672,6248
82426.474,10673,6248
82427.142,10674,6248
82537.213,10675,6248
82550.237,10676,6248
82563.668,10677,6248
82564.483,10678,6248
82564.98,10679,6248
82685.412,10680,6248
82730.587,10681,6248
82738.73,10682,6248
82738.857,10683,6248
82739.074,10684,6248
82746.066,10685,6248
82791.457,10686,6248
82863.874,10687,6248
83162.075,10688,6248
83201.074,10689,6248
83236.1,10690,6248
83349.266,10691,6248
83373.034,10692,6248
83580.509,10693,6248
83580.983,10694,6248
83581.785,10695,6248
83582.399,10696,6248
83582.917,10697,6248
83600.643,10698,6248
83647.916,10699,6248
83813.731,10700,6248
83881.255,10701,6248
83930.285,10702,6248
83930.399,10703,6248
84281.891,10704,6248
84303.873,10705,6248
84309.201,10706,6248
84390.071,10707,6248
84520.836,10708,6248
84542.707,10709,6248
84620.54,10710,6248
84724.139,10711,6248
84920.744,10712,6248
84931.144,10713,6248
84946.53,10714,6248
84946.841,10715,6248
84947.367,10716,6248
84952.043,10717,6248
84980.013,10718,6248
85098.218,10719,6248
85105.994,10720,6248
85214.592,10721,6248
85280.111,10722,6248
85360.213,10723,6248
85382.929,10724,6248
85386.818,10725,6248
85400.404,10726,6248
85426.197,10727,6248
85434.934,10728,6248
85444.125,10729,6248
85446.205,10730,6248
85479.259,10731,6248
85594.829,10732,6248
85609.792,10733,6248
85664.316,10734,6248
85830.237,10735,6248
