time_s,inputs,cumulative_edges
0.0,1,153
0.002,2,158
0.006,3,164
0.009,4,167
0.012,5,170
0.018,6,171
0.025,7,174
0.071,8,175
0.097,9,175
0.123,10,175
0.128,11,175
0.13,12,175
0.134,13,182
0.144,14,182
0.149,15,182
0.151,16,182
0.216,17,182
0.234,18,182
0.252,19,182
0.272,20,182
0.288,21,183
0.297,22,183
0.305,23,183
0.312,24,183
0.314,25,235
0.338,26,235
0.356,27,235
0.468,28,235
0.506,29,235
0.513,30,235
0.575,31,235
0.592,32,235
0.713,33,235
0.739,34,258
0.742,35,258
0.763,36,258
0.842,37,259
0.848,38,262
1.01,39,267
1.074,40,271
1.262,41,271
1.323,42,271
1.541,43,271
1.592,44,271
1.692,45,271
1.876,46,272
1.89,47,272
2.081,48,272
2.114,49,272
2.144,50,272
2.149,51,272
2.272,52,272
2.335,53,272
2.552,54,272
2.565,55,272
2.854,56,275
2.864,57,275
3.548,58,276
3.575,59,276
3.951,60,276
4.19,61,276
4.534,62,277
4.746,63,277
4.784,64,277
4.997,65,277
5.334,66,277
6.018,67,277
6.438,68,277
6.444,69,278
7.044,70,278
7.54,71,278
8.249,72,279
8.717,73,279
9.86,74,279
10.026,75,280
10.097,76,280
11.556,77,281
12.058,78,298
13.989,79,299
14.199,80,299
14.238,81,300
14.604,82,300
15.281,83,305
15.402,84,306
15.523,85,307
15.863,86,307
16.336,87,307
16.787,88,307
17.97,89,308
19.75,90,308
21.392,91,309
21.442,92,320
21.545,93,321
22.914,94,321
23.119,95,322
23.822,96,323
24.866,97,323
25.161,98,323
25.864,99,323
25.953,100,330
25.98,101,330
25.987,102,331
26.405,103,331
26.879,104,331
27.192,105,331
27.383,106,332
29.094,107,332
29.259,108,332
29.277,109,332
29.291,110,332
29.294,111,332
29.346,112,332
29.378,113,332
29.381,114,332
29.392,115,332
29.421,116,332
29.488,117,333
29.507,118,334
29.568,119,334
29.583,120,334
29.586,121,334
29.703,122,338
29.708,123,338
29.738,124,339
29.815,125,340
29.854,126,340
29.867,127,341
29.876,128,342
29.935,129,342
29.981,130,343
30.015,131,343
30.019,132,343
30.106,133,343
30.14,134,353
30.224,135,357
30.238,136,362
30.265,137,363
30.374,138,363
30.384,139,363
30.431,140,363
30.517,141,363
30.526,142,363
30.68,143,364
30.72,144,364
30.759,145,365
30.766,146,365
30.812,147,365
30.913,148,365
30.929,149,366
30.971,150,366
31.077,151,366
31.082,152,366
31.173,153,369
31.186,154,373
31.214,155,374
31.227,156,374
31.24,157,374
31.41,158,376
31.417,159,376
31.509,160,376
31.523,161,376
31.575,162,376
31.745,163,376
31.774,164,376
31.865,165,376
31.878,166,376
31.918,167,377
32.101,168,377
32.146,169,377
32.293,170,378
32.4,171,378
32.425,172,378
32.508,173,379
32.591,174,379
32.605,175,381
32.609,176,381
32.913,177,381
32.932,178,382
32.938,179,382
33.046,180,382
33.052,181,382
33.075,182,382
33.077,183,382
33.482,184,382
33.577,185,383
33.659,186,384
33.811,187,385
33.865,188,385
34.287,189,385
34.372,190,385
34.377,191,385
34.741,192,385
34.818,193,385
34.925,194,385
34.999,195,385
35.805,196,386
35.876,197,386
36.445,198,387
36.498,199,387
36.614,200,387
36.671,201,387
36.691,202,387
36.758,203,388
36.8,204,388
37.027,205,388
37.173,206,388
37.18,207,388
37.183,208,388
37.188,209,388
37.255,210,388
37.257,211,388
37.262,212,388
37.269,213,388
37.292,214,388
37.296,215,388
37.301,216,389
37.325,217,389
37.335,218,389
37.347,219,389
37.391,220,389
37.414,221,389
37.424,222,389
37.428,223,389
37.46,224,389
37.488,225,390
37.505,226,390
37.509,227,390
37.566,228,390
37.622,229,391
37.639,230,391
37.667,231,391
37.681,232,391
37.724,233,391
37.786,234,392
37.789,235,392
37.801,236,392
37.804,237,392
37.839,238,392
37.878,239,392
37.915,240,392
37.95,241,392
38.002,242,392
38.036,243,392
38.181,244,392
38.235,245,392
38.258,246,392
38.266,247,392
38.48,248,392
38.593,249,392
38.637,250,392
38.654,251,392
38.991,252,392
39.377,253,392
39.434,254,392
40.071,255,392
40.31,256,392
40.53,257,392
40.554,258,392
40.728,259,392
40.854,260,392
40.908,261,392
41.313,262,392
41.34,263,392
41.485,264,392
41.744,265,392
42.381,266,392
42.406,267,392
42.495,268,392
42.941,269,392
43.014,270,392
43.037,271,392
43.403,272,392
43.813,273,392
43.894,274,393
43.902,275,393
44.009,276,393
44.3,277,393
44.683,278,396
44.942,279,396
45.024,280,399
45.028,281,399
45.238,282,399
45.543,283,399
45.625,284,399
45.741,285,399
46.134,286,399
46.138,287,399
46.433,288,399
46.776,289,399
47.315,290,399
48.144,291,399
48.328,292,399
48.371,293,399
48.85,294,399
48.988,295,399
48.997,296,399
51.696,297,399
51.716,298,399
52.014,299,399
53.063,300,399
53.152,301,399
54.01,302,399
54.161,303,399
54.559,304,399
54.864,305,399
55.0,306,399
55.276,307,399
55.313,308,399
55.556,309,399
56.492,310,399
56.602,311,399
56.608,312,399
58.581,313,399
59.208,314,399
59.66,315,399
61.986,316,399
62.275,317,399
62.285,318,399
62.506,319,399
62.994,320,399
63.093,321,399
64.432,322,399
64.927,323,399
71.495,324,399
72.17,325,399
72.309,326,402
72.315,327,402
72.354,328,402
72.362,329,402
73.229,330,405
73.271,331,405
73.393,332,405
73.44,333,405
73.482,334,405
73.513,335,409
73.554,336,409
73.575,337,410
73.607,338,410
73.623,339,411
73.706,340,411
73.756,341,412
73.826,342,470
74.075,343,471
74.62,344,471
74.781,345,472
74.816,346,472
74.826,347,475
74.879,348,476
75.15,349,476
75.615,350,476
75.631,351,477
75.722,352,477
75.835,353,477
75.985,354,481
76.253,355,481
76.882,356,481
76.894,357,483
76.922,358,488
76.926,359,488
76.938,360,489
77.63,361,493
77.738,362,493
78.488,363,495
78.608,364,495
78.992,365,496
79.099,366,499
79.313,367,499
79.526,368,521
79.679,369,522
79.879,370,522
79.953,371,522
80.37,372,523
80.912,373,523
81.403,374,523
81.506,375,523
81.529,376,524
81.586,377,524
81.623,378,525
81.863,379,525
81.885,380,525
81.915,381,525
81.961,382,525
82.252,383,529
82.375,384,529
82.407,385,529
82.478,386,529
82.579,387,529
82.599,388,538
82.629,389,538
82.675,390,538
82.688,391,538
82.714,392,538
82.716,393,539
82.833,394,540
82.852,395,541
82.905,396,541
82.91,397,542
82.924,398,542
83.059,399,550
83.07,400,550
83.074,401,551
83.249,402,551
83.266,403,552
83.349,404,554
83.352,405,557
83.371,406,557
83.566,407,558
83.607,408,558
83.646,409,558
83.709,410,558
83.719,411,558
83.748,412,558
83.878,413,561
83.946,414,562
83.997,415,563
84.003,416,563
84.084,417,565
84.176,418,565
84.188,419,565
84.435,420,565
84.44,421,565
84.657,422,566
84.789,423,572
84.974,424,572
85.205,425,573
85.236,426,573
85.567,427,573
86.097,428,573
86.184,429,573
86.237,430,574
86.42,431,575
86.544,432,575
86.626,433,575
86.708,434,575
86.933,435,576
86.997,436,577
87.02,437,578
87.107,438,578
87.127,439,578
87.185,440,578
87.224,441,578
87.487,442,579
87.746,443,579
87.863,444,580
87.955,445,580
88.512,446,580
88.591,447,581
88.881,448,581
88.926,449,581
89.073,450,581
89.191,451,582
89.461,452,582
89.589,453,582
89.648,454,582
89.779,455,583
89.883,456,584
89.966,457,584
90.247,458,584
90.396,459,584
90.505,460,584
90.545,461,584
90.589,462,584
90.624,463,584
91.068,464,584
91.341,465,584
91.478,466,584
92.186,467,584
92.947,468,586
92.956,469,586
93.022,470,586
93.282,471,586
93.417,472,586
93.678,473,586
93.839,474,586
93.976,475,586
94.048,476,586
94.425,477,586
94.494,478,586
94.563,479,586
95.077,480,587
95.214,481,587
95.288,482,587
96.472,483,587
96.852,484,587
96.892,485,587
96.973,486,587
97.061,487,588
97.188,488,588
97.756,489,588
98.813,490,589
99.345,491,589
99.47,492,590
100.287,493,590
100.667,494,591
102.257,495,591
102.388,496,591
102.828,497,592
103.248,498,592
103.644,499,592
104.1,500,592
104.279,501,592
104.286,502,592
104.448,503,593
104.559,504,594
104.766,505,594
104.911,506,594
105.035,507,594
106.263,508,594
106.748,509,594
107.233,510,594
107.398,511,594
107.448,512,594
107.465,513,594
107.634,514,595
107.902,515,595
108.025,516,595
108.033,517,595
108.139,518,595
108.298,519,595
108.95,520,595
109.312,521,595
109.328,522,595
109.346,523,595
109.526,524,595
110.112,525,596
114.034,526,597
114.252,527,598
114.67,528,598
114.838,529,598
115.112,530,598
115.186,531,598
115.892,532,598
116.139,533,598
116.515,534,599
116.785,535,599
116.822,536,599
116.826,537,599
116.857,538,606
117.074,539,606
117.534,540,606
118.024,541,608
118.165,542,608
118.214,543,608
118.542,544,608
118.71,545,610
118.76,546,611
118.789,547,611
118.807,548,611
119.105,549,611
119.595,550,611
119.769,551,611
119.816,552,612
119.845,553,612
120.668,554,612
120.919,555,612
121.026,556,612
121.484,557,612
121.51,558,612
122.065,559,612
122.107,560,612
123.204,561,612
123.235,562,612
123.597,563,612
123.695,564,613
123.796,565,613
123.81,566,614
123.877,567,614
124.131,568,614
124.16,569,615
124.465,570,615
124.48,571,615
124.871,572,615
124.952,573,615
125.368,574,616
125.432,575,616
125.444,576,616
125.526,577,616
126.48,578,616
126.841,579,616
126.874,580,616
127.351,581,616
127.478,582,625
128.46,583,625
128.476,584,625
128.64,585,626
128.693,586,626
129.363,587,626
129.656,588,626
131.182,589,626
132.172,590,626
132.334,591,627
132.944,592,627
132.951,593,628
132.979,594,628
132.982,595,628
132.986,596,628
132.989,597,628
133.017,598,628
133.021,599,628
133.038,600,628
133.16,601,628
133.204,602,628
133.292,603,628
133.307,604,628
133.573,605,628
133.718,606,630
134.095,607,630
134.538,608,630
134.625,609,630
134.877,610,632
135.29,611,1203
135.705,612,1203
136.25,613,1203
136.533,614,1203
137.323,615,1203
137.329,616,1203
137.429,617,1203
138.709,618,1203
138.721,619,1203
139.633,620,1203
139.703,621,1203
139.752,622,1203
140.167,623,1205
140.355,624,1207
140.359,625,1207
140.511,626,1207
141.233,627,1305
141.312,628,1305
141.768,629,1305
141.953,630,1305
141.995,631,1357
143.398,632,1357
143.847,633,1357
144.571,634,1357
144.693,635,1357
144.989,636,1358
145.049,637,1359
145.056,638,1359
145.059,639,1359
145.081,640,1359
145.09,641,1359
145.224,642,1359
145.927,643,1359
146.546,644,1359
147.519,645,1359
147.688,646,1359
148.758,647,1359
149.585,648,1359
149.647,649,1359
149.964,650,1359
150.532,651,1365
150.572,652,1367
150.574,653,1399
150.578,654,1400
150.594,655,1494
150.602,656,1494
150.605,657,1496
150.61,658,1525
150.611,659,1530
150.615,660,1530
150.617,661,1531
150.618,662,1540
150.623,663,1541
150.626,664,1561
150.627,665,1562
150.628,666,1562
150.632,667,1563
150.633,668,1567
150.637,669,1567
150.642,670,1569
150.654,671,1570
150.656,672,1576
150.668,673,1577
150.675,674,1577
150.677,675,1583
150.682,676,1584
150.684,677,1586
150.69,678,1587
150.696,679,1588
150.751,680,1588
150.782,681,1593
150.79,682,1593
150.814,683,1604
150.86,684,1658
150.881,685,1659
150.923,686,1721
150.927,687,1722
151.011,688,1723
151.012,689,1850
151.018,690,1851
151.025,691,1864
151.059,692,1864
151.202,693,1872
151.215,694,1873
151.23,695,1878
151.232,696,1878
151.235,697,1878
151.304,698,1878
151.312,699,1879
151.338,700,1881
151.557,701,1904
151.56,702,1914
151.589,703,1918
151.597,704,1918
151.621,705,1919
151.683,706,1919
151.788,707,1922
151.798,708,1922
151.814,709,1922
151.834,710,1922
151.866,711,1924
152.01,712,1924
152.036,713,1924
152.058,714,1924
152.128,715,1924
152.468,716,1924
152.481,717,1924
152.574,718,1924
152.653,719,1924
152.753,720,1924
152.808,721,1924
152.811,722,1935
152.859,723,1935
152.879,724,1935
153.071,725,1935
153.111,726,1935
153.17,727,1942
153.23,728,1942
153.276,729,1954
153.318,730,1954
153.332,731,1956
153.357,732,1957
153.401,733,1976
153.416,734,1976
153.495,735,1976
153.611,736,1978
153.68,737,1984
153.696,738,1984
153.768,739,1985
153.848,740,1985
153.88,741,1985
153.892,742,1991
154.138,743,1991
154.148,744,1992
154.159,745,1992
154.2,746,1992
154.473,747,1992
154.511,748,1992
154.515,749,1992
154.542,750,1992
154.899,751,1996
155.036,752,1996
155.076,753,1996
155.167,754,1996
155.253,755,1996
155.448,756,2147
155.49,757,2279
155.501,758,2280
155.544,759,2280
155.562,760,2371
155.617,761,2377
155.666,762,2377
155.713,763,2377
155.775,764,2379
155.837,765,2384
155.864,766,2390
155.9,767,2402
155.905,768,2408
155.955,769,2465
156.23,770,2465
156.389,771,2465
156.491,772,2466
156.531,773,2477
156.563,774,2478
156.587,775,2525
156.625,776,2547
156.661,777,2547
156.677,778,2547
156.886,779,2547
156.928,780,2547
156.93,781,2554
157.037,782,2555
157.117,783,2555
157.357,784,2558
157.397,785,2567
157.619,786,2567
157.636,787,2567
157.657,788,2567
157.674,789,2567
157.805,790,2567
157.876,791,2577
157.939,792,2577
158.142,793,2578
158.295,794,2579
158.348,795,2579
158.439,796,2581
158.673,797,2581
158.819,798,2585
158.848,799,2623
158.861,800,2623
159.051,801,2623
159.121,802,2672
159.157,803,2672
159.297,804,2672
159.332,805,2672
159.346,806,2674
159.561,807,2676
159.749,808,2682
159.81,809,2682
159.879,810,2683
159.937,811,2693
160.356,812,2693
160.494,813,2693
160.499,814,2695
160.506,815,2695
160.581,816,2696
160.661,817,2697
160.793,818,2697
160.957,819,2698
160.965,820,2728
161.133,821,2729
161.286,822,2729
161.627,823,2730
161.771,824,2730
161.869,825,2732
162.111,826,2732
162.312,827,2732
162.358,828,2734
162.466,829,2769
162.501,830,2770
162.775,831,2775
162.787,832,2775
162.91,833,2777
162.955,834,2778
163.104,835,2778
163.227,836,2778
163.494,837,2780
163.819,838,2781
164.195,839,2781
164.204,840,2781
164.248,841,2804
164.599,842,2804
164.891,843,2805
165.082,844,2805
165.662,845,2815
165.934,846,2818
165.953,847,2818
165.956,848,2831
166.077,849,2831
166.208,850,2832
166.34,851,2888
166.432,852,2889
166.581,853,2894
167.622,854,2894
167.69,855,2894
167.745,856,2895
167.813,857,2895
167.821,858,2897
168.347,859,2900
168.47,860,2900
168.591,861,2903
168.672,862,2904
168.696,863,2904
168.722,864,2905
168.746,865,2905
169.012,866,2906
169.216,867,2906
169.229,868,2910
169.296,869,2911
169.984,870,2911
170.036,871,2949
170.234,872,2949
170.238,873,2949
170.24,874,2949
170.25,875,2963
170.253,876,2965
170.255,877,2971
170.257,878,3038
170.295,879,3058
170.307,880,3058
170.31,881,3058
170.317,882,3058
170.32,883,3058
170.33,884,3058
170.334,885,3060
170.347,886,3060
170.357,887,3068
170.369,888,3070
170.38,889,3071
170.383,890,3071
170.385,891,3072
170.403,892,3074
170.405,893,3075
170.412,894,3077
170.422,895,3077
170.429,896,3077
170.434,897,3077
170.441,898,3077
170.459,899,3077
170.461,900,3078
170.47,901,3078
170.48,902,3136
170.482,903,3137
170.503,904,3138
170.52,905,3138
170.525,906,3138
170.528,907,3139
170.532,908,3139
170.558,909,3147
170.571,910,3147
170.575,911,3147
170.589,912,3147
170.598,913,3148
170.604,914,3148
170.608,915,3148
170.63,916,3148
170.636,917,3148
170.65,918,3148
170.663,919,3148
170.683,920,3150
170.688,921,3150
170.691,922,3150
170.693,923,3151
170.702,924,3151
170.707,925,3152
170.716,926,3155
170.721,927,3155
170.728,928,3156
170.732,929,3156
170.734,930,3156
170.743,931,3156
170.746,932,3157
170.787,933,3157
170.795,934,3157
170.812,935,3167
170.832,936,3168
170.836,937,3168
170.858,938,3169
170.863,939,3169
170.88,940,3169
170.882,941,3175
170.887,942,3175
170.954,943,3274
170.958,944,3278
170.973,945,3279
170.995,946,3279
171.013,947,3289
171.024,948,3291
171.027,949,3294
171.049,950,3295
171.076,951,3295
171.12,952,3295
171.146,953,3298
171.149,954,3303
171.172,955,3303
171.213,956,3303
171.222,957,3308
171.235,958,3308
171.25,959,3311
171.274,960,3311
171.314,961,3311
171.32,962,3311
171.386,963,3311
171.405,964,3311
171.471,965,3314
171.497,966,3317
171.584,967,3317
171.59,968,3317
171.598,969,3317
171.624,970,3317
171.628,971,3317
171.661,972,3317
171.681,973,3318
171.728,974,3322
171.739,975,3322
171.763,976,3325
171.766,977,3325
171.786,978,3326
171.842,979,3326
171.85,980,3331
171.852,981,3331
171.854,982,3332
171.863,983,3333
171.865,984,3333
171.919,985,3333
172.007,986,3333
172.037,987,3333
172.088,988,3333
172.123,989,3333
172.23,990,3333
172.294,991,3333
172.36,992,3333
172.363,993,3334
172.38,994,3335
172.434,995,3339
172.607,996,3339
172.687,997,3348
172.689,998,3348
172.769,999,3348
172.785,1000,3348
172.795,1001,3350
172.88,1002,3350
172.916,1003,3350
172.939,1004,3350
172.963,1005,3350
173.011,1006,3350
173.123,1007,3350
173.156,1008,3350
173.183,1009,3350
173.22,1010,3350
173.326,1011,3350
173.349,1012,3350
173.359,1013,3350
173.391,1014,3350
173.403,1015,3350
173.453,1016,3350
173.517,1017,3351
173.659,1018,3351
173.672,1019,3351
173.768,1020,3351
173.904,1021,3365
173.992,1022,3365
174.088,1023,3366
174.617,1024,3366
174.621,1025,3366
174.635,1026,3369
174.637,1027,3369
174.64,1028,3369
174.643,1029,3369
174.692,1030,3370
174.706,1031,3371
174.713,1032,3371
174.72,1033,3371
174.756,1034,3371
174.772,1035,3371
174.775,1036,3373
174.792,1037,3373
174.798,1038,3455
174.807,1039,3455
174.847,1040,3455
174.85,1041,3456
174.881,1042,3456
174.94,1043,3457
175.082,1044,3457
175.113,1045,3457
175.133,1046,3459
175.165,1047,3459
175.246,1048,3459
175.249,1049,3469
175.327,1050,3469
175.464,1051,3470
175.479,1052,3476
175.586,1053,3476
175.728,1054,3477
175.773,1055,3481
175.81,1056,3481
175.85,1057,3485
175.904,1058,3485
175.949,1059,3485
175.963,1060,3488
176.043,1061,3497
176.195,1062,3498
176.335,1063,3498
176.396,1064,3498
176.434,1065,3498
176.464,1066,3501
176.706,1067,3501
177.25,1068,3501
177.306,1069,3501
177.388,1070,3501
177.416,1071,3501
177.419,1072,3501
177.421,1073,3501
177.476,1074,3505
177.568,1075,3520
177.581,1076,3520
177.679,1077,3522
177.687,1078,3528
177.746,1079,3528
177.756,1080,3531
177.852,1081,3531
177.888,1082,3531
177.999,1083,3531
178.364,1084,3531
178.474,1085,3531
178.482,1086,3531
178.675,1087,3531
178.757,1088,3531
178.926,1089,3531
179.677,1090,3547
181.276,1091,3550
181.279,1092,3550
181.283,1093,3550
181.287,1094,3556
181.29,1095,3556
181.292,1096,3556
181.296,1097,3556
181.299,1098,3556
181.301,1099,3556
181.366,1100,3561
181.37,1101,3561
181.373,1102,3561
181.376,1103,3561
181.387,1104,3561
181.396,1105,3561
181.403,1106,3561
181.41,1107,3561
181.413,1108,3565
181.425,1109,3568
181.446,1110,3569
181.453,1111,3569
181.481,1112,3569
181.488,1113,3569
181.49,1114,3574
181.498,1115,3579
181.504,1116,3581
181.526,1117,3581
181.569,1118,3581
181.583,1119,3581
181.614,1120,3581
181.626,1121,3582
181.649,1122,3583
181.653,1123,3584
181.655,1124,3584
181.662,1125,3584
181.67,1126,3585
181.684,1127,3585
181.691,1128,3587
181.715,1129,3587
181.72,1130,3587
181.722,1131,3587
181.725,1132,3590
181.757,1133,3590
181.777,1134,3590
181.785,1135,3592
181.806,1136,3593
181.815,1137,3595
181.828,1138,3595
181.848,1139,3595
181.888,1140,3595
181.902,1141,3595
181.907,1142,3596
181.939,1143,3598
181.944,1144,3598
181.969,1145,3598
181.972,1146,3598
181.983,1147,3602
181.988,1148,3602
182.006,1149,3602
182.016,1150,3602
182.021,1151,3602
182.032,1152,3602
182.04,1153,3604
182.061,1154,3604
182.085,1155,3604
182.108,1156,3607
182.118,1157,3607
182.208,1158,3607
182.239,1159,3607
182.255,1160,3608
182.257,1161,3608
182.259,1162,3608
182.281,1163,3620
182.301,1164,3620
182.333,1165,3620
182.378,1166,3620
182.38,1167,3620
182.407,1168,3624
182.414,1169,3624
182.441,1170,3625
182.453,1171,3625
182.456,1172,3625
182.518,1173,3627
182.552,1174,3627
182.561,1175,3627
182.569,1176,3631
182.6,1177,3631
182.635,1178,3631
182.72,1179,3631
182.751,1180,3631
182.784,1181,3633
182.807,1182,3633
182.833,1183,3633
182.86,1184,3635
182.893,1185,3635
183.027,1186,3761
183.071,1187,3761
183.104,1188,3761
183.132,1189,3761
183.191,1190,3761
183.204,1191,3762
183.28,1192,3764
183.311,1193,3764
183.33,1194,3764
183.353,1195,3765
183.359,1196,3765
183.38,1197,3765
183.405,1198,3765
183.468,1199,3765
183.531,1200,3765
183.572,1201,3765
183.625,1202,3765
183.634,1203,3765
183.638,1204,3765
183.642,1205,3768
183.74,1206,3768
183.755,1207,3768
183.805,1208,3768
183.865,1209,3768
183.897,1210,3768
183.913,1211,3768
183.948,1212,3768
183.972,1213,3768
184.068,1214,3768
184.102,1215,3777
184.142,1216,3777
184.151,1217,3778
184.157,1218,3778
184.272,1219,3778
184.323,1220,3778
184.337,1221,3778
184.344,1222,3779
184.354,1223,3780
184.376,1224,3782
184.383,1225,3782
184.433,1226,3782
184.519,1227,3784
184.524,1228,3784
184.741,1229,3784
184.817,1230,3784
184.828,1231,3784
184.931,1232,3784
184.975,1233,3784
185.007,1234,3784
185.01,1235,3784
185.012,1236,3784
185.047,1237,3784
185.098,1238,3784
185.123,1239,3785
185.154,1240,3788
185.176,1241,3790
185.253,1242,3792
185.262,1243,3810
185.28,1244,3810
185.358,1245,3810
185.362,1246,3810
185.379,1247,3810
185.418,1248,3810
185.473,1249,3814
185.476,1250,3879
185.604,1251,3879
185.632,1252,3879
185.67,1253,3879
185.763,1254,3881
185.854,1255,3889
185.886,1256,3889
185.92,1257,3889
185.922,1258,3890
186.005,1259,3890
186.634,1260,3891
186.705,1261,3909
186.762,1262,4088
186.821,1263,4088
186.833,1264,4089
186.846,1265,4090
186.871,1266,4099
186.897,1267,4099
186.914,1268,4106
186.924,1269,4107
186.931,1270,4121
186.952,1271,4128
187.05,1272,4128
187.057,1273,4130
187.104,1274,4132
187.106,1275,4134
187.116,1276,4136
187.126,1277,4136
187.132,1278,4136
187.135,1279,4136
187.14,1280,4136
187.144,1281,4154
187.183,1282,4155
187.19,1283,4169
187.209,1284,4169
187.269,1285,4174
187.309,1286,4176
187.382,1287,4210
187.384,1288,4238
187.417,1289,4238
187.471,1290,4241
187.576,1291,4245
187.614,1292,4248
187.647,1293,4249
187.663,1294,4252
187.745,1295,4254
187.789,1296,4254
187.799,1297,4255
187.861,1298,4255
187.931,1299,4255
187.947,1300,4261
188.014,1301,4261
188.017,1302,4262
188.029,1303,4262
188.059,1304,4263
188.117,1305,4265
188.195,1306,4275
188.215,1307,4277
188.22,1308,4277
188.239,1309,4282
188.29,1310,4285
188.337,1311,4384
188.345,1312,4398
188.391,1313,4399
188.426,1314,4399
188.446,1315,4399
188.476,1316,4403
188.637,1317,4406
188.681,1318,4424
188.763,1319,4426
188.794,1320,4426
188.805,1321,4427
188.858,1322,4429
188.869,1323,4429
188.915,1324,4430
188.922,1325,4431
188.949,1326,4438
188.96,1327,4438
188.971,1328,4439
188.998,1329,4439
189.082,1330,4440
189.15,1331,4440
189.228,1332,4446
189.311,1333,4446
189.32,1334,4451
189.349,1335,4458
189.381,1336,4459
189.391,1337,4459
189.43,1338,4459
189.466,1339,4459
189.621,1340,4461
189.624,1341,4461
189.683,1342,4461
189.714,1343,4463
189.76,1344,4463
189.777,1345,4464
189.847,1346,4464
189.868,1347,4464
189.897,1348,4471
189.943,1349,4471
189.948,1350,4479
189.987,1351,4481
189.999,1352,4481
190.073,1353,4481
190.233,1354,4487
190.246,1355,4487
190.282,1356,4487
190.306,1357,4488
190.318,1358,4488
190.528,1359,4488
190.529,1360,4489
190.534,1361,4490
190.579,1362,4490
190.615,1363,4495
190.733,1364,4495
190.797,1365,4495
190.882,1366,4495
190.957,1367,4496
191.169,1368,4499
191.178,1369,4501
191.186,1370,4503
191.227,1371,4504
191.241,1372,4505
191.314,1373,4505
191.377,1374,4505
191.391,1375,4508
191.417,1376,4509
191.532,1377,4510
191.698,1378,4511
191.873,1379,4511
191.925,1380,4511
192.031,1381,4514
192.038,1382,4514
192.12,1383,4514
192.2,1384,4515
192.294,1385,4515
192.314,1386,4516
192.32,1387,4517
192.519,1388,4517
192.661,1389,4517
192.672,1390,4520
192.693,1391,4520
192.965,1392,4520
193.022,1393,4520
193.097,1394,4520
193.285,1395,4520
193.399,1396,4520
193.583,1397,4520
193.785,1398,4527
193.82,1399,4527
193.865,1400,4527
194.566,1401,4527
194.585,1402,4530
194.743,1403,4530
195.092,1404,4530
195.15,1405,4542
195.164,1406,4543
195.358,1407,4543
195.372,1408,4543
195.459,1409,4545
195.522,1410,4545
195.658,1411,4545
196.147,1412,4545
196.195,1413,4545
196.255,1414,4545
196.265,1415,4545
196.34,1416,4545
196.378,1417,4546
196.761,1418,4546
196.89,1419,4546
197.133,1420,4546
197.249,1421,4546
197.263,1422,4548
197.34,1423,4549
197.343,1424,4549
197.349,1425,4549
197.351,1426,4550
197.409,1427,4550
197.412,1428,4551
197.416,1429,4552
197.417,1430,4552
197.419,1431,4556
197.448,1432,4556
197.481,1433,4557
197.516,1434,4558
197.523,1435,4559
197.529,1436,4560
197.542,1437,4560
197.559,1438,4560
197.562,1439,4560
197.564,1440,4560
197.566,1441,4560
197.574,1442,4560
197.586,1443,4560
197.599,1444,4561
197.615,1445,4561
197.618,1446,4561
197.62,1447,4561
197.637,1448,4562
197.658,1449,4562
197.681,1450,4562
197.686,1451,4562
197.689,1452,4562
197.7,1453,4563
197.713,1454,4563
197.718,1455,4563
197.735,1456,4563
197.751,1457,4563
197.76,1458,4563
197.791,1459,4563
197.794,1460,4563
197.807,1461,4579
197.812,1462,4580
197.823,1463,4581
197.832,1464,4581
197.846,1465,4582
197.865,1466,4583
197.872,1467,4583
197.91,1468,4583
197.921,1469,4583
197.942,1470,4583
197.975,1471,4583
197.981,1472,4583
197.989,1473,4583
198.008,1474,4583
198.025,1475,4583
198.027,1476,4583
198.035,1477,4584
198.043,1478,4584
198.093,1479,4584
198.094,1480,4584
198.188,1481,4584
198.279,1482,4584
198.42,1483,4584
198.531,1484,4584
198.534,1485,4584
198.565,1486,4586
198.603,1487,4586
198.632,1488,4586
198.746,1489,4586
198.786,1490,4589
198.844,1491,4589
198.875,1492,4589
198.881,1493,4589
198.916,1494,4589
199.079,1495,4589
199.085,1496,4590
199.109,1497,4590
199.147,1498,4590
199.217,1499,4590
199.308,1500,4590
199.357,1501,4604
199.378,1502,4604
199.493,1503,4604
199.495,1504,4605
199.508,1505,4605
199.517,1506,4612
199.644,1507,4612
199.692,1508,4612
199.867,1509,4612
200.048,1510,4612
200.285,1511,4612
200.381,1512,4612
200.419,1513,4612
200.455,1514,4612
200.511,1515,4612
200.966,1516,4612
201.025,1517,4612
201.142,1518,4612
201.267,1519,4612
201.288,1520,4612
201.307,1521,4613
201.4,1522,4613
201.645,1523,4613
201.771,1524,4615
202.029,1525,4615
202.37,1526,4615
202.374,1527,4616
202.7,1528,4616
203.017,1529,4620
203.261,1530,4620
203.278,1531,4621
203.461,1532,4621
203.482,1533,4621
203.621,1534,4621
203.67,1535,4621
203.693,1536,4621
203.74,1537,4621
203.767,1538,4621
203.839,1539,4621
203.977,1540,4621
204.006,1541,4622
204.009,1542,4622
204.046,1543,4623
204.2,1544,4624
204.288,1545,4624
204.321,1546,4625
204.486,1547,4625
204.498,1548,4625
204.657,1549,4627
204.692,1550,4628
204.739,1551,4628
204.745,1552,4628
205.018,1553,4629
205.115,1554,4629
205.188,1555,4630
205.316,1556,4630
205.797,1557,4631
205.887,1558,4636
205.909,1559,4637
206.098,1560,4637
206.1,1561,4638
206.218,1562,4638
206.509,1563,4639
206.534,1564,4639
206.736,1565,4639
206.739,1566,4639
207.282,1567,4640
207.601,1568,4640
207.606,1569,4640
207.628,1570,4640
207.637,1571,4640
207.696,1572,4641
208.263,1573,4641
208.346,1574,4641
208.672,1575,4641
208.726,1576,4642
208.939,1577,4642
208.994,1578,4642
209.383,1579,4650
209.797,1580,4650
209.954,1581,4650
210.066,1582,4650
210.075,1583,4650
210.57,1584,4650
210.712,1585,4650
210.868,1586,4660
210.927,1587,4660
210.968,1588,4660
211.19,1589,4660
211.698,1590,4660
211.758,1591,4660
211.885,1592,4660
212.32,1593,4660
212.358,1594,4660
212.387,1595,4662
212.42,1596,4662
212.463,1597,4662
212.533,1598,4662
212.556,1599,4662
213.249,1600,4662
213.36,1601,4662
213.493,1602,4662
213.609,1603,4662
213.732,1604,4662
213.77,1605,4662
213.833,1606,4662
214.0,1607,4663
214.009,1608,4666
214.23,1609,4670
214.238,1610,4677
214.443,1611,4677
214.485,1612,4677
214.528,1613,4677
214.536,1614,4677
214.62,1615,4677
214.664,1616,4677
214.71,1617,4677
214.908,1618,4677
215.235,1619,4677
215.241,1620,4678
215.433,1621,4679
215.958,1622,4691
216.211,1623,4691
216.274,1624,4691
216.959,1625,4691
217.12,1626,4691
217.129,1627,4691
217.201,1628,4691
217.281,1629,4691
217.294,1630,4691
217.474,1631,4691
217.669,1632,4691
217.719,1633,4691
217.946,1634,4694
217.983,1635,4696
218.087,1636,4707
218.723,1637,4708
219.271,1638,4709
219.312,1639,4709
219.384,1640,4709
219.803,1641,4709
220.048,1642,4711
220.375,1643,4711
220.491,1644,4711
220.52,1645,4712
220.608,1646,4712
220.757,1647,4712
221.276,1648,4712
221.306,1649,4712
221.886,1650,4712
222.914,1651,4713
223.421,1652,4718
223.716,1653,4722
223.742,1654,4722
223.954,1655,4722
224.141,1656,4723
224.289,1657,4723
224.304,1658,4723
224.706,1659,4723
224.724,1660,4723
224.732,1661,4726
224.862,1662,4726
225.213,1663,4726
225.696,1664,4726
225.979,1665,4726
226.372,1666,4726
226.442,1667,4726
226.712,1668,4727
226.907,1669,4729
227.634,1670,4732
228.151,1671,4732
228.269,1672,4732
228.929,1673,4733
229.335,1674,4735
229.427,1675,4735
229.767,1676,4735
229.859,1677,4736
230.219,1678,4736
230.275,1679,4736
230.332,1680,4737
231.074,1681,4737
231.096,1682,4740
231.132,1683,4740
231.271,1684,4740
231.477,1685,4740
231.589,1686,4740
231.783,1687,4740
231.788,1688,4741
231.939,1689,4741
232.623,1690,4741
233.031,1691,4741
233.401,1692,4741
233.506,1693,4741
233.587,1694,4741
233.623,1695,4751
234.048,1696,4751
234.507,1697,4754
234.606,1698,4754
234.613,1699,4754
234.732,1700,4754
234.738,1701,4754
234.75,1702,4754
234.782,1703,4754
234.793,1704,4754
234.832,1705,4754
234.855,1706,4754
234.978,1707,4754
235.039,1708,4754
235.251,1709,4765
235.313,1710,4771
235.358,1711,4771
235.41,1712,4771
235.414,1713,4771
235.489,1714,4771
235.516,1715,4774
235.66,1716,4792
235.698,1717,4792
235.708,1718,4794
235.857,1719,4800
235.9,1720,4800
235.905,1721,4800
235.988,1722,4801
235.999,1723,4801
236.123,1724,4801
236.153,1725,4801
236.244,1726,4801
236.343,1727,4801
236.365,1728,4815
236.396,1729,4832
236.407,1730,4832
236.474,1731,4832
236.507,1732,4834
236.607,1733,4834
236.664,1734,4834
236.782,1735,4834
236.857,1736,4834
236.93,1737,4834
237.196,1738,4834
237.215,1739,4839
237.454,1740,4839
237.566,1741,4839
237.754,1742,4840
237.795,1743,4840
237.882,1744,4840
237.92,1745,4908
237.942,1746,4908
237.996,1747,4909
238.185,1748,4909
238.338,1749,4909
238.343,1750,4909
238.495,1751,4909
238.6,1752,4909
238.852,1753,4916
238.903,1754,4918
239.15,1755,4918
239.25,1756,4918
239.368,1757,4918
239.855,1758,4918
240.463,1759,4918
240.512,1760,4918
240.521,1761,4918
240.531,1762,4918
240.544,1763,4918
240.61,1764,4918
240.615,1765,4919
240.71,1766,4919
240.746,1767,4920
240.954,1768,4920
240.994,1769,4920
241.061,1770,4920
241.136,1771,4921
241.182,1772,4921
241.249,1773,4921
241.376,1774,4921
241.508,1775,4921
241.596,1776,4921
241.719,1777,4921
241.91,1778,4921
241.938,1779,4926
242.048,1780,4926
242.562,1781,4927
242.787,1782,4927
242.937,1783,4927
242.942,1784,4927
242.979,1785,4927
243.018,1786,4927
243.035,1787,4927
243.041,1788,4927
243.257,1789,4927
243.318,1790,4929
243.652,1791,4930
243.882,1792,4930
243.936,1793,4930
243.974,1794,4930
243.983,1795,4930
244.06,1796,4930
244.298,1797,4930
244.319,1798,4930
244.769,1799,4930
244.879,1800,4930
245.024,1801,4930
245.03,1802,4930
245.329,1803,4974
245.4,1804,4974
246.464,1805,4974
246.857,1806,4974
248.248,1807,4974
248.639,1808,4975
249.792,1809,4976
249.818,1810,4976
249.881,1811,4976
250.242,1812,4976
250.389,1813,4976
250.478,1814,4980
250.525,1815,4980
250.926,1816,4980
251.103,1817,4980
251.639,1818,4980
252.028,1819,4980
252.08,1820,4980
252.519,1821,4980
252.854,1822,4981
252.897,1823,4982
253.261,1824,4983
253.349,1825,4984
253.533,1826,4984
253.977,1827,4984
254.966,1828,4984
255.24,1829,4985
255.386,1830,4985
255.643,1831,4986
255.698,1832,4988
255.757,1833,4988
255.816,1834,4988
256.051,1835,4988
256.076,1836,4988
256.249,1837,4988
256.375,1838,4988
256.612,1839,4988
257.013,1840,4988
257.144,1841,4988
257.305,1842,4988
257.69,1843,4988
257.844,1844,4988
258.3,1845,4988
258.323,1846,4988
258.615,1847,4988
259.125,1848,4988
259.521,1849,4988
259.859,1850,4988
260.409,1851,4988
260.466,1852,4988
260.503,1853,4988
260.559,1854,4988
261.881,1855,4988
261.989,1856,4988
262.002,1857,4988
262.149,1858,4988
262.151,1859,4988
262.472,1860,4988
262.524,1861,4988
262.869,1862,4988
263.006,1863,4989
263.032,1864,4989
263.397,1865,4989
264.161,1866,4990
264.213,1867,4990
264.453,1868,4990
264.663,1869,4990
264.71,1870,4991
265.182,1871,4991
265.22,1872,4991
265.228,1873,5018
265.235,1874,5026
265.315,1875,5029
265.351,1876,5035
265.432,1877,5035
265.473,1878,5035
265.526,1879,5035
265.638,1880,5035
265.853,1881,5037
265.973,1882,5037
266.006,1883,5037
266.088,1884,5037
266.102,1885,5037
266.238,1886,5037
266.517,1887,5037
266.557,1888,5037
266.592,1889,5037
266.681,1890,5037
266.749,1891,5039
266.909,1892,5039
266.95,1893,5039
267.035,1894,5039
267.059,1895,5047
267.09,1896,5047
267.142,1897,5047
267.3,1898,5048
267.326,1899,5048
267.347,1900,5048
267.576,1901,5048
268.118,1902,5048
268.181,1903,5048
268.455,1904,5049
268.597,1905,5049
268.683,1906,5049
268.784,1907,5050
268.995,1908,5050
268.999,1909,5052
269.114,1910,5053
269.146,1911,5056
269.181,1912,5057
269.241,1913,5058
269.599,1914,5061
269.748,1915,5063
269.949,1916,5063
270.183,1917,5064
270.248,1918,5077
270.359,1919,5078
270.429,1920,5086
270.673,1921,5086
271.055,1922,5096
271.124,1923,5096
271.518,1924,5104
271.708,1925,5104
271.719,1926,5105
271.838,1927,5108
271.869,1928,5108
271.997,1929,5108
272.283,1930,5108
272.446,1931,5108
272.613,1932,5108
272.699,1933,5108
272.819,1934,5108
272.858,1935,5108
272.917,1936,5110
273.525,1937,5113
273.602,1938,5114
273.832,1939,5114
274.342,1940,5114
274.398,1941,5114
274.423,1942,5114
274.599,1943,5114
274.623,1944,5114
274.707,1945,5119
274.866,1946,5119
275.503,1947,5119
275.668,1948,5119
275.973,1949,5119
275.978,1950,5119
276.003,1951,5119
277.056,1952,5122
277.154,1953,5122
277.22,1954,5122
278.061,1955,5122
278.142,1956,5122
278.247,1957,5122
278.443,1958,5122
278.541,1959,5122
279.134,1960,5122
279.559,1961,5126
279.794,1962,5126
279.822,1963,5126
279.861,1964,5126
280.014,1965,5127
280.601,1966,5127
280.66,1967,5127
280.783,1968,5128
280.925,1969,5128
281.486,1970,5129
281.612,1971,5129
281.648,1972,5129
281.717,1973,5137
281.883,1974,5150
282.01,1975,5150
282.035,1976,5150
282.269,1977,5150
282.281,1978,5156
282.341,1979,5156
282.345,1980,5156
282.395,1981,5156
282.411,1982,5156
282.453,1983,5156
282.455,1984,5157
282.521,1985,5157
282.529,1986,5157
282.587,1987,5157
282.677,1988,5157
282.696,1989,5160
282.726,1990,5160
282.779,1991,5162
282.815,1992,5162
282.883,1993,5162
282.927,1994,5162
283.014,1995,5162
283.029,1996,5162
283.06,1997,5162
283.075,1998,5162
283.096,1999,5162
283.184,2000,5164
283.335,2001,5165
283.365,2002,5165
283.424,2003,5166
283.575,2004,5166
283.634,2005,5166
283.84,2006,5166
283.947,2007,5166
283.953,2008,5166
284.025,2009,5167
284.097,2010,5167
284.472,2011,5167
284.682,2012,5167
284.745,2013,5167
284.765,2014,5169
284.772,2015,5169
284.841,2016,5169
284.858,2017,5169
285.14,2018,5169
285.299,2019,5169
285.392,2020,5169
285.427,2021,5169
285.593,2022,5169
285.6,2023,5169
285.73,2024,5169
285.765,2025,5169
285.78,2026,5171
285.801,2027,5171
285.988,2028,5171
286.279,2029,5171
286.437,2030,5171
286.936,2031,5172
286.979,2032,5172
287.148,2033,5172
287.268,2034,5172
287.497,2035,5172
287.651,2036,5172
287.746,2037,5172
288.259,2038,5176
288.753,2039,5186
289.273,2040,5186
289.318,2041,5186
289.519,2042,5186
290.065,2043,5201
290.086,2044,5201
290.189,2045,5201
290.285,2046,5201
290.913,2047,5201
291.437,2048,5201
291.468,2049,5201
291.666,2050,5201
292.735,2051,5201
293.439,2052,5201
293.864,2053,5201
293.988,2054,5202
294.055,2055,5202
294.187,2056,5203
294.34,2057,5203
294.934,2058,5204
295.307,2059,5204
295.534,2060,5204
295.994,2061,5204
296.301,2062,5204
296.46,2063,5204
296.546,2064,5205
296.736,2065,5206
296.743,2066,5206
296.811,2067,5209
296.816,2068,5209
296.84,2069,5209
296.854,2070,5209
296.925,2071,5211
296.954,2072,5211
297.022,2073,5219
297.046,2074,5226
297.1,2075,5226
297.163,2076,5229
297.346,2077,5229
297.365,2078,5231
297.528,2079,5240
297.702,2080,5240
297.713,2081,5240
297.717,2082,5240
298.244,2083,5240
298.328,2084,5240
298.492,2085,5240
298.537,2086,5240
298.628,2087,5240
298.734,2088,5240
298.757,2089,5242
299.214,2090,5242
299.269,2091,5242
299.36,2092,5242
299.488,2093,5242
299.793,2094,5242
299.83,2095,5242
299.942,2096,5242
300.185,2097,5242
300.263,2098,5242
300.415,2099,5242
300.681,2100,5242
300.937,2101,5275
301.739,2102,5276
301.781,2103,5276
302.134,2104,5283
302.563,2105,5283
303.266,2106,5284
303.309,2107,5284
303.421,2108,5285
303.484,2109,5285
303.6,2110,5285
303.684,2111,5285
303.898,2112,5285
304.058,2113,5285
304.126,2114,5285
304.263,2115,5286
305.369,2116,5286
305.685,2117,5286
305.986,2118,5286
306.046,2119,5286
306.322,2120,5286
306.44,2121,5286
306.754,2122,5287
307.781,2123,5287
308.257,2124,5289
308.782,2125,5289
309.184,2126,5289
309.822,2127,5289
309.986,2128,5293
311.196,2129,5294
312.518,2130,5294
312.707,2131,5304
313.403,2132,5304
313.437,2133,5305
313.527,2134,5305
313.914,2135,5305
314.431,2136,5306
315.133,2137,5306
315.603,2138,5306
315.639,2139,5306
315.786,2140,5306
315.934,2141,5306
316.103,2142,5306
316.526,2143,5306
316.56,2144,5306
316.624,2145,5329
316.885,2146,5330
317.375,2147,5330
317.909,2148,5330
318.234,2149,5331
318.412,2150,5331
318.425,2151,5331
318.873,2152,5331
319.071,2153,5332
319.473,2154,5332
319.647,2155,5332
319.972,2156,5333
320.032,2157,5333
320.159,2158,5333
320.498,2159,5336
320.751,2160,5336
320.862,2161,5336
320.906,2162,5344
321.112,2163,5344
321.256,2164,5344
321.474,2165,5345
321.566,2166,5345
322.35,2167,5345
322.66,2168,5345
322.69,2169,5346
323.317,2170,5346
323.913,2171,5346
323.929,2172,5346
323.95,2173,5346
324.315,2174,5346
324.554,2175,5347
324.61,2176,5347
324.868,2177,5347
325.015,2178,5347
325.537,2179,5347
325.563,2180,5347
325.787,2181,5347
325.84,2182,5347
326.093,2183,5347
326.35,2184,5347
326.713,2185,5347
327.179,2186,5347
327.826,2187,5348
328.486,2188,5348
328.514,2189,5348
328.636,2190,5349
328.65,2191,5350
328.689,2192,5350
328.759,2193,5350
328.769,2194,5353
328.786,2195,5353
329.15,2196,5353
329.391,2197,5353
329.409,2198,5353
329.472,2199,5356
329.535,2200,5356
329.663,2201,5356
329.679,2202,5356
329.682,2203,5356
329.761,2204,5356
329.809,2205,5356
329.854,2206,5356
330.144,2207,5356
330.262,2208,5358
330.671,2209,5359
330.703,2210,5359
330.889,2211,5359
330.907,2212,5359
331.094,2213,5359
331.202,2214,5359
331.287,2215,5359
331.303,2216,5359
331.376,2217,5360
331.447,2218,5360
331.475,2219,5360
331.749,2220,5361
331.809,2221,5361
332.167,2222,5366
332.326,2223,5366
332.702,2224,5366
332.727,2225,5366
333.111,2226,5367
333.611,2227,5367
333.686,2228,5369
333.791,2229,5369
333.808,2230,5369
333.885,2231,5369
333.91,2232,5369
334.068,2233,5370
334.099,2234,5370
334.142,2235,5370
334.174,2236,5370
334.181,2237,5370
334.253,2238,5370
334.475,2239,5370
334.584,2240,5370
334.64,2241,5370
334.926,2242,5370
335.016,2243,5370
335.105,2244,5370
335.169,2245,5370
335.427,2246,5370
335.589,2247,5370
335.76,2248,5370
335.775,2249,5371
336.058,2250,5371
336.097,2251,5371
336.159,2252,5371
336.331,2253,5371
336.347,2254,5371
336.375,2255,5371
336.539,2256,5371
337.266,2257,5371
337.573,2258,5371
337.641,2259,5371
337.731,2260,5371
338.266,2261,5378
338.595,2262,5378
338.687,2263,5378
338.797,2264,5379
338.882,2265,5382
339.081,2266,5382
339.117,2267,5382
339.389,2268,5382
339.527,2269,5382
339.762,2270,5382
340.164,2271,5382
341.364,2272,5383
341.798,2273,5383
341.879,2274,5383
342.622,2275,5383
342.691,2276,5383
342.755,2277,5383
342.768,2278,5383
343.312,2279,5383
343.799,2280,5384
344.247,2281,5384
344.433,2282,5384
344.44,2283,5385
344.555,2284,5385
344.632,2285,5385
344.634,2286,5385
344.642,2287,5385
344.656,2288,5385
344.774,2289,5385
344.835,2290,5385
344.845,2291,5385
345.066,2292,5385
345.118,2293,5385
345.758,2294,5385
345.77,2295,5385
345.894,2296,5385
346.034,2297,5385
346.571,2298,5385
346.669,2299,5385
346.88,2300,5385
347.094,2301,5385
347.401,2302,5386
347.588,2303,5387
347.712,2304,5387
348.247,2305,5387
348.288,2306,5387
348.485,2307,5387
348.682,2308,5387
348.865,2309,5387
349.802,2310,5388
349.903,2311,5388
350.015,2312,5388
351.167,2313,5388
351.278,2314,5388
352.774,2315,5388
352.89,2316,5388
353.242,2317,5388
353.248,2318,5388
353.252,2319,5388
353.583,2320,5388
353.618,2321,5388
354.173,2322,5388
354.314,2323,5388
354.527,2324,5388
354.618,2325,5388
354.848,2326,5388
355.765,2327,5388
355.774,2328,5388
355.804,2329,5388
355.839,2330,5388
356.041,2331,5388
356.46,2332,5388
356.66,2333,5402
357.043,2334,5402
357.07,2335,5406
357.109,2336,5406
358.144,2337,5406
358.27,2338,5406
358.945,2339,5406
360.15,2340,5406
360.216,2341,5406
360.258,2342,5406
360.347,2343,5406
360.55,2344,5406
360.806,2345,5406
361.103,2346,5406
361.149,2347,5406
361.36,2348,5406
361.435,2349,5406
361.589,2350,5406
361.681,2351,5406
361.733,2352,5406
361.92,2353,5406
362.108,2354,5406
362.173,2355,5406
362.215,2356,5406
362.258,2357,5423
362.331,2358,5428
362.772,2359,5429
362.89,2360,5429
363.157,2361,5429
363.362,2362,5429
363.829,2363,5429
363.951,2364,5429
364.008,2365,5429
364.315,2366,5429
364.47,2367,5429
364.625,2368,5429
365.078,2369,5429
365.186,2370,5429
365.254,2371,5429
365.548,2372,5429
365.677,2373,5429
365.805,2374,5429
365.89,2375,5432
366.048,2376,5432
366.123,2377,5432
366.578,2378,5433
366.698,2379,5433
366.916,2380,5433
367.189,2381,5433
367.615,2382,5433
367.905,2383,5433
368.068,2384,5433
368.152,2385,5433
368.503,2386,5433
368.768,2387,5433
368.903,2388,5433
368.97,2389,5434
369.193,2390,5434
369.508,2391,5434
369.816,2392,5434
370.147,2393,5434
370.17,2394,5434
370.261,2395,5434
370.389,2396,5434
370.467,2397,5434
370.64,2398,5434
370.914,2399,5434
371.319,2400,5434
371.521,2401,5434
371.658,2402,5434
371.737,2403,5434
372.256,2404,5434
372.401,2405,5434
372.748,2406,5436
373.754,2407,5436
374.531,2408,5436
374.721,2409,5436
375.209,2410,5436
375.222,2411,5436
375.611,2412,5436
376.456,2413,5436
376.479,2414,5436
376.53,2415,5436
377.354,2416,5436
377.364,2417,5436
377.465,2418,5436
377.914,2419,5436
378.003,2420,5436
378.503,2421,5436
380.628,2422,5436
380.998,2423,5436
381.278,2424,5436
381.282,2425,5436
381.3,2426,5437
381.496,2427,5437
381.502,2428,5438
381.539,2429,5439
381.565,2430,5439
381.593,2431,5439
381.605,2432,5439
381.617,2433,5439
381.631,2434,5439
381.683,2435,5439
381.733,2436,5440
381.744,2437,5440
381.757,2438,5440
381.765,2439,5440
381.829,2440,5440
381.847,2441,5440
381.889,2442,5440
381.923,2443,5440
381.938,2444,5440
382.066,2445,5440
382.179,2446,5440
382.301,2447,5440
382.407,2448,5441
382.47,2449,5441
382.533,2450,5441
382.749,2451,5441
383.039,2452,5441
383.217,2453,5441
383.308,2454,5441
383.333,2455,5441
383.403,2456,5443
383.443,2457,5443
383.57,2458,5447
383.597,2459,5447
383.669,2460,5447
383.878,2461,5447
383.951,2462,5447
384.108,2463,5447
384.196,2464,5451
384.201,2465,5451
384.24,2466,5452
384.359,2467,5452
384.42,2468,5452
384.809,2469,5452
384.827,2470,5452
384.889,2471,5452
384.894,2472,5452
385.084,2473,5452
385.162,2474,5452
385.398,2475,5452
385.549,2476,5452
385.599,2477,5452
386.008,2478,5452
386.043,2479,5452
386.256,2480,5452
386.779,2481,5452
386.825,2482,5452
387.249,2483,5452
387.347,2484,5453
387.39,2485,5453
387.485,2486,5453
387.534,2487,5453
387.59,2488,5453
387.79,2489,5453
387.828,2490,5453
388.233,2491,5453
388.619,2492,5453
388.744,2493,5453
389.829,2494,5454
390.228,2495,5454
390.958,2496,5454
391.014,2497,5454
391.145,2498,5454
391.162,2499,5454
391.358,2500,5454
391.462,2501,5454
391.759,2502,5459
391.981,2503,5459
392.038,2504,5459
392.637,2505,5459
392.677,2506,5459
392.897,2507,5459
393.067,2508,5459
393.245,2509,5459
393.805,2510,5460
394.164,2511,5460
394.82,2512,5460
394.923,2513,5463
395.371,2514,5463
395.609,2515,5463
396.011,2516,5463
396.197,2517,5470
396.658,2518,5470
397.635,2519,5470
397.832,2520,5470
397.894,2521,5470
398.045,2522,5470
398.822,2523,5470
398.967,2524,5470
399.624,2525,5470
399.987,2526,5470
400.289,2527,5470
401.194,2528,5470
401.388,2529,5470
402.316,2530,5501
402.498,2531,5505
402.837,2532,5505
402.927,2533,5506
403.251,2534,5506
403.492,2535,5506
403.564,2536,5506
403.627,2537,5506
404.543,2538,5506
404.89,2539,5506
405.411,2540,5506
405.855,2541,5506
406.339,2542,5506
407.753,2543,5506
409.03,2544,5506
409.054,2545,5506
409.832,2546,5507
409.834,2547,5508
409.837,2548,5513
409.841,2549,5513
409.844,2550,5515
409.847,2551,5515
409.849,2552,5515
409.852,2553,5515
409.855,2554,5515
409.858,2555,5515
409.889,2556,5515
409.962,2557,5515
409.967,2558,5524
409.973,2559,5524
409.976,2560,5524
409.978,2561,5527
409.982,2562,5527
409.987,2563,5527
409.989,2564,5535
409.995,2565,5535
410.003,2566,5535
410.006,2567,5535
410.009,2568,5535
410.013,2569,5535
410.015,2570,5539
410.019,2571,5539
410.025,2572,5539
410.028,2573,5539
410.048,2574,5539
410.058,2575,5539
410.095,2576,5539
410.153,2577,5542
410.155,2578,5542
410.181,2579,5542
410.209,2580,5546
410.215,2581,5546
410.23,2582,5546
410.26,2583,5546
410.292,2584,5546
410.374,2585,5548
410.493,2586,5548
410.593,2587,5548
410.607,2588,5548
410.628,2589,5548
410.655,2590,5548
410.66,2591,5549
410.716,2592,5549
410.746,2593,5549
410.752,2594,5549
410.785,2595,5549
410.807,2596,5549
410.831,2597,5549
410.854,2598,5549
410.857,2599,5549
410.885,2600,5549
410.893,2601,5549
410.934,2602,5549
410.942,2603,5549
410.96,2604,5549
410.987,2605,5549
411.021,2606,5549
411.116,2607,5549
411.157,2608,5549
411.181,2609,5549
411.206,2610,5549
411.337,2611,5549
411.421,2612,5549
411.509,2613,5549
411.533,2614,5549
411.595,2615,5551
411.631,2616,5552
411.668,2617,5552
411.697,2618,5554
411.785,2619,5554
411.79,2620,5554
411.884,2621,5554
411.935,2622,5554
411.95,2623,5554
412.005,2624,5554
412.083,2625,5554
412.33,2626,5554
412.512,2627,5554
412.61,2628,5554
412.643,2629,5554
412.719,2630,5554
412.814,2631,5556
412.836,2632,5556
412.84,2633,5556
412.945,2634,5556
413.005,2635,5556
413.049,2636,5556
413.174,2637,5556
413.301,2638,5556
413.666,2639,5556
413.723,2640,5556
413.899,2641,5556
413.998,2642,5556
414.071,2643,5557
414.207,2644,5557
414.726,2645,5557
414.979,2646,5557
415.109,2647,5557
415.53,2648,5557
415.911,2649,5561
415.949,2650,5561
415.995,2651,5561
416.107,2652,5561
416.242,2653,5561
416.327,2654,5562
416.382,2655,5562
416.475,2656,5562
417.013,2657,5562
417.291,2658,5562
417.301,2659,5564
417.496,2660,5564
417.605,2661,5564
417.694,2662,5565
417.724,2663,5565
417.942,2664,5565
418.198,2665,5565
418.344,2666,5565
418.869,2667,5565
418.942,2668,5565
418.968,2669,5565
419.209,2670,5565
419.604,2671,5565
419.93,2672,5565
420.43,2673,5567
420.495,2674,5567
420.742,2675,5567
421.632,2676,5567
422.219,2677,5567
422.877,2678,5567
423.098,2679,5567
423.376,2680,5567
423.706,2681,5568
423.817,2682,5568
424.31,2683,5568
424.787,2684,5568
425.298,2685,5594
425.36,2686,5594
425.421,2687,5595
425.654,2688,5596
425.811,2689,5596
426.02,2690,5596
426.37,2691,5596
426.7,2692,5597
427.063,2693,5597
427.86,2694,5598
427.952,2695,5598
428.632,2696,5598
428.696,2697,5598
428.699,2698,5598
428.702,2699,5598
428.709,2700,5598
428.716,2701,5598
428.727,2702,5598
428.782,2703,5598
428.785,2704,5598
428.822,2705,5598
428.878,2706,5598
428.94,2707,5598
429.045,2708,5598
429.096,2709,5598
429.139,2710,5598
429.215,2711,5598
429.229,2712,5598
429.256,2713,5599
429.307,2714,5599
429.435,2715,5599
429.545,2716,5599
429.557,2717,5600
429.865,2718,5600
429.881,2719,5600
429.921,2720,5600
430.072,2721,5600
430.087,2722,5600
430.092,2723,5600
430.169,2724,5600
430.466,2725,5600
430.53,2726,5600
430.779,2727,5600
430.905,2728,5600
431.465,2729,5600
431.531,2730,5600
432.094,2731,5600
432.535,2732,5600
432.962,2733,5600
433.256,2734,5600
433.265,2735,5600
433.992,2736,5600
435.308,2737,5600
435.364,2738,5600
435.54,2739,5600
436.747,2740,5600
436.803,2741,5600
436.907,2742,5600
437.263,2743,5600
437.293,2744,5600
437.438,2745,5600
437.537,2746,5600
437.631,2747,5601
437.665,2748,5601
437.68,2749,5601
437.793,2750,5601
438.165,2751,5601
438.953,2752,5601
439.034,2753,5601
439.235,2754,5601
439.383,2755,5601
439.568,2756,5601
439.643,2757,5613
439.81,2758,5614
439.947,2759,5632
440.33,2760,5632
440.688,2761,5633
440.893,2762,5633
441.003,2763,5633
441.125,2764,5633
441.184,2765,5633
441.311,2766,5633
441.919,2767,5634
441.972,2768,5634
442.106,2769,5634
442.992,2770,5634
443.018,2771,5634
443.067,2772,5634
443.083,2773,5634
443.111,2774,5637
443.133,2775,5638
443.269,2776,5638
443.299,2777,5638
443.333,2778,5639
443.353,2779,5639
443.369,2780,5640
443.381,2781,5640
443.428,2782,5641
443.459,2783,5641
443.492,2784,5641
443.517,2785,5641
443.528,2786,5641
443.586,2787,5648
443.609,2788,5649
443.639,2789,5652
443.731,2790,5653
443.758,2791,5656
443.842,2792,5656
443.891,2793,5656
443.942,2794,5656
444.369,2795,5656
444.4,2796,5656
444.429,2797,5656
444.611,2798,5656
444.749,2799,5656
444.96,2800,5656
445.078,2801,5657
445.203,2802,5657
445.718,2803,5658
445.862,2804,5658
445.883,2805,5658
445.983,2806,5665
446.375,2807,5665
446.519,2808,5665
446.946,2809,5665
447.194,2810,5665
447.653,2811,5665
448.053,2812,5665
448.588,2813,5665
448.828,2814,5665
449.031,2815,5665
449.093,2816,5665
449.249,2817,5666
449.867,2818,5670
450.181,2819,5670
450.534,2820,5670
450.83,2821,5670
451.11,2822,5670
451.315,2823,5670
452.061,2824,5670
452.224,2825,5671
452.551,2826,5671
452.682,2827,5671
452.688,2828,5671
452.985,2829,5671
453.171,2830,5671
453.391,2831,5671
453.489,2832,5671
453.953,2833,5671
454.489,2834,5671
454.799,2835,5671
455.681,2836,5671
456.434,2837,5671
456.54,2838,5671
456.606,2839,5671
457.04,2840,5671
457.086,2841,5671
457.488,2842,5672
458.486,2843,5672
459.54,2844,5672
459.934,2845,5672
459.943,2846,5672
459.97,2847,5672
460.267,2848,5675
460.287,2849,5675
460.292,2850,5675
460.315,2851,5675
460.336,2852,5675
460.347,2853,5675
460.353,2854,5675
460.404,2855,5675
460.428,2856,5675
460.461,2857,5675
460.521,2858,5675
460.526,2859,5675
460.637,2860,5675
460.752,2861,5675
460.803,2862,5675
460.823,2863,5678
460.861,2864,5678
460.905,2865,5678
461.012,2866,5679
461.151,2867,5679
461.296,2868,5679
461.55,2869,5679
461.743,2870,5679
461.823,2871,5679
461.918,2872,5679
462.116,2873,5679
462.126,2874,5679
462.357,2875,5679
462.369,2876,5679
462.472,2877,5680
462.534,2878,5680
462.558,2879,5680
462.581,2880,5680
462.644,2881,5680
463.003,2882,5680
463.087,2883,5681
463.097,2884,5682
463.332,2885,5682
463.503,2886,5682
463.551,2887,5682
463.701,2888,5682
463.845,2889,5682
464.038,2890,5682
464.34,2891,5682
464.444,2892,5693
464.902,2893,5693
465.075,2894,5693
465.175,2895,5693
465.204,2896,5693
465.289,2897,5694
465.624,2898,5694
465.744,2899,5694
465.885,2900,5694
465.993,2901,5695
466.057,2902,5695
466.181,2903,5695
466.204,2904,5695
466.362,2905,5695
466.507,2906,5697
466.67,2907,5697
467.036,2908,5697
467.423,2909,5697
467.886,2910,5697
467.934,2911,5697
468.375,2912,5697
468.632,2913,5697
468.786,2914,5697
468.876,2915,5703
468.89,2916,5703
468.958,2917,5703
469.145,2918,5703
469.797,2919,5703
469.84,2920,5703
470.338,2921,5703
470.513,2922,5703
471.149,2923,5703
471.731,2924,5703
472.178,2925,5703
472.391,2926,5703
472.544,2927,5703
472.715,2928,5703
472.837,2929,5703
472.896,2930,5703
473.234,2931,5703
473.344,2932,5703
473.418,2933,5704
473.521,2934,5704
473.973,2935,5704
474.149,2936,5705
474.161,2937,5705
474.189,2938,5715
475.592,2939,5715
476.282,2940,5715
476.465,2941,5715
476.545,2942,5715
477.229,2943,5720
477.244,2944,5720
477.347,2945,5720
477.808,2946,5720
477.988,2947,5720
478.201,2948,5720
478.626,2949,5720
478.716,2950,5720
478.899,2951,5720
479.302,2952,5723
479.372,2953,5723
479.459,2954,5723
479.553,2955,5724
480.232,2956,5724
480.977,2957,5724
482.512,2958,5724
483.407,2959,5724
483.431,2960,5724
484.05,2961,5724
484.426,2962,5724
484.929,2963,5724
486.359,2964,5724
487.681,2965,5724
487.707,2966,5725
488.516,2967,5725
488.703,2968,5725
489.625,2969,5725
489.761,2970,5725
489.847,2971,5725
489.857,2972,5725
489.894,2973,5725
489.926,2974,5725
489.937,2975,5725
489.964,2976,5725
490.018,2977,5725
490.044,2978,5725
490.129,2979,5725
490.253,2980,5725
490.338,2981,5725
490.45,2982,5725
490.827,2983,5725
490.906,2984,5725
491.105,2985,5725
491.257,2986,5725
491.411,2987,5725
491.533,2988,5725
491.58,2989,5725
491.862,2990,5725
491.91,2991,5726
492.009,2992,5727
492.439,2993,5727
492.458,2994,5727
492.662,2995,5727
492.989,2996,5728
493.042,2997,5729
493.135,2998,5729
493.25,2999,5730
493.388,3000,5730
493.447,3001,5731
493.785,3002,5732
493.813,3003,5732
494.03,3004,5732
494.447,3005,5732
494.525,3006,5733
494.569,3007,5733
494.639,3008,5734
494.716,3009,5734
494.782,3010,5734
494.981,3011,5734
495.24,3012,5734
495.271,3013,5734
495.455,3014,5734
495.519,3015,5734
495.677,3016,5734
495.978,3017,5734
496.24,3018,5734
496.466,3019,5734
496.902,3020,5734
497.093,3021,5734
497.363,3022,5734
497.496,3023,5734
497.517,3024,5734
497.523,3025,5734
498.044,3026,5734
499.067,3027,5734
499.408,3028,5734
501.579,3029,5734
501.767,3030,5734
503.588,3031,5734
503.683,3032,5734
504.416,3033,5734
504.603,3034,5734
504.692,3035,5734
505.148,3036,5734
505.44,3037,5734
506.596,3038,5734
507.114,3039,5735
507.244,3040,5736
508.549,3041,5736
508.906,3042,5736
510.684,3043,5736
510.825,3044,5736
510.951,3045,5736
511.003,3046,5736
511.218,3047,5736
512.133,3048,5736
514.289,3049,5736
515.118,3050,5736
515.236,3051,5736
515.355,3052,5736
515.943,3053,5736
516.717,3054,5737
516.919,3055,5738
518.537,3056,5738
518.729,3057,5738
519.085,3058,5738
519.207,3059,5738
519.254,3060,5738
519.817,3061,5740
520.149,3062,5740
521.473,3063,5740
521.732,3064,5740
521.757,3065,5740
521.814,3066,5740
521.93,3067,5740
522.062,3068,5740
522.077,3069,5740
522.164,3070,5740
522.199,3071,5740
522.222,3072,5741
522.458,3073,5741
523.144,3074,5741
523.465,3075,5741
523.516,3076,5741
524.036,3077,5741
524.227,3078,5741
524.616,3079,5741
525.112,3080,5741
526.03,3081,5741
526.245,3082,5746
526.609,3083,5746
527.195,3084,5746
527.644,3085,5746
528.456,3086,5746
528.66,3087,5746
529.749,3088,5746
529.758,3089,5746
529.767,3090,5746
529.783,3091,5746
529.961,3092,5746
529.984,3093,5746
530.003,3094,5746
530.028,3095,5746
530.052,3096,5746
530.081,3097,5746
530.091,3098,5746
530.116,3099,5746
530.125,3100,5746
530.139,3101,5746
530.17,3102,5746
530.181,3103,5746
530.193,3104,5746
530.215,3105,5746
530.305,3106,5746
530.388,3107,5746
530.398,3108,5746
530.463,3109,5746
530.496,3110,5746
530.529,3111,5746
530.541,3112,5746
530.585,3113,5746
530.615,3114,5746
530.658,3115,5746
530.687,3116,5746
530.769,3117,5746
530.783,3118,5746
530.839,3119,5746
530.851,3120,5746
530.863,3121,5746
530.877,3122,5746
530.897,3123,5746
530.93,3124,5746
530.958,3125,5746
530.973,3126,5746
531.046,3127,5746
531.073,3128,5747
531.143,3129,5747
531.159,3130,5747
531.189,3131,5747
531.206,3132,5747
531.279,3133,5747
531.289,3134,5747
531.332,3135,5747
531.341,3136,5747
531.554,3137,5747
531.67,3138,5747
531.701,3139,5747
531.713,3140,5747
531.864,3141,5747
531.899,3142,5747
531.923,3143,5747
531.973,3144,5747
532.018,3145,5747
532.145,3146,5747
532.157,3147,5747
532.214,3148,5747
532.308,3149,5747
532.353,3150,5748
532.572,3151,5748
532.635,3152,5748
532.758,3153,5748
533.07,3154,5748
533.193,3155,5748
533.325,3156,5748
533.356,3157,5748
533.493,3158,5748
533.601,3159,5748
533.654,3160,5748
533.687,3161,5748
533.854,3162,5748
534.0,3163,5748
534.085,3164,5748
534.114,3165,5748
534.149,3166,5748
534.223,3167,5748
534.404,3168,5748
534.447,3169,5748
534.934,3170,5748
534.963,3171,5748
535.159,3172,5749
535.717,3173,5749
535.804,3174,5749
535.988,3175,5749
536.25,3176,5749
536.282,3177,5749
536.425,3178,5749
536.561,3179,5749
536.699,3180,5749
536.777,3181,5749
536.886,3182,5749
536.951,3183,5749
537.15,3184,5750
537.349,3185,5751
537.863,3186,5751
538.431,3187,5751
538.924,3188,5751
538.991,3189,5751
539.127,3190,5751
539.276,3191,5751
539.512,3192,5751
540.091,3193,5751
540.111,3194,5751
540.142,3195,5751
540.639,3196,5751
541.7,3197,5751
541.904,3198,5751
542.398,3199,5751
542.452,3200,5751
542.559,3201,5751
542.658,3202,5751
542.815,3203,5751
542.889,3204,5751
543.289,3205,5751
543.539,3206,5751
543.569,3207,5751
543.833,3208,5751
544.096,3209,5751
544.342,3210,5751
544.513,3211,5751
545.409,3212,5751
545.463,3213,5751
546.608,3214,5751
547.734,3215,5751
548.959,3216,5751
550.291,3217,5752
550.402,3218,5752
551.013,3219,5754
552.029,3220,5754
552.36,3221,5754
553.244,3222,5754
553.733,3223,5754
553.848,3224,5754
554.082,3225,5754
554.372,3226,5754
554.78,3227,5754
555.262,3228,5754
555.53,3229,5754
555.982,3230,5754
557.145,3231,5754
557.459,3232,5754
558.473,3233,5754
559.42,3234,5754
559.434,3235,5754
560.029,3236,5754
560.072,3237,5754
560.168,3238,5754
560.524,3239,5755
563.254,3240,5755
563.349,3241,5755
564.153,3242,5755
564.311,3243,5756
564.414,3244,5756
565.024,3245,5756
565.209,3246,5756
565.484,3247,5758
566.316,3248,5758
566.618,3249,5758
566.88,3250,5758
567.112,3251,5758
570.719,3252,5758
572.092,3253,5758
572.854,3254,5758
576.528,3255,5759
576.53,3256,5759
576.535,3257,5759
576.715,3258,5759
576.765,3259,5759
576.769,3260,5759
576.863,3261,5759
576.914,3262,5759
577.095,3263,5760
577.411,3264,5760
577.467,3265,5760
577.854,3266,5760
578.245,3267,5760
578.419,3268,5760
578.604,3269,5760
578.881,3270,5760
579.503,3271,5760
580.784,3272,5761
582.21,3273,5761
582.262,3274,5761
582.359,3275,5761
582.412,3276,5761
582.435,3277,5761
582.456,3278,5761
583.502,3279,5761
584.223,3280,5761
584.257,3281,5761
584.299,3282,5761
584.659,3283,5761
584.82,3284,5761
584.823,3285,5761
585.465,3286,5761
585.722,3287,5761
586.603,3288,5761
587.2,3289,5761
587.32,3290,5761
588.667,3291,5761
588.674,3292,5761
588.698,3293,5761
588.706,3294,5762
588.713,3295,5762
588.716,3296,5762
588.732,3297,5763
588.844,3298,5763
588.885,3299,5763
588.995,3300,5763
589.165,3301,5763
589.35,3302,5763
589.373,3303,5764
589.481,3304,5765
589.686,3305,5766
589.828,3306,5766
589.855,3307,5766
589.886,3308,5766
590.025,3309,5766
590.254,3310,5766
590.297,3311,5766
590.349,3312,5766
590.714,3313,5766
590.93,3314,5766
590.961,3315,5766
590.991,3316,5766
591.47,3317,5766
591.587,3318,5766
591.912,3319,5766
592.04,3320,5766
592.094,3321,5766
592.997,3322,5766
593.055,3323,5766
593.383,3324,5768
593.562,3325,5768
593.663,3326,5768
593.926,3327,5768
594.112,3328,5768
594.572,3329,5772
594.746,3330,5773
594.782,3331,5773
596.513,3332,5773
597.044,3333,5773
597.546,3334,5773
598.044,3335,5774
598.352,3336,5774
598.605,3337,5774
600.259,3338,5774
600.408,3339,5774
600.672,3340,5774
600.715,3341,5774
600.971,3342,5779
601.104,3343,5779
601.485,3344,5779
602.326,3345,5779
602.458,3346,5779
602.582,3347,5780
602.957,3348,5782
603.111,3349,5783
603.778,3350,5783
603.968,3351,5783
604.05,3352,5784
605.081,3353,5791
605.265,3354,5791
605.33,3355,5800
605.762,3356,5800
606.038,3357,5800
606.487,3358,5800
606.853,3359,5800
606.878,3360,5800
607.581,3361,5800
608.271,3362,5800
608.405,3363,5800
609.001,3364,5800
609.062,3365,5800
609.27,3366,5800
609.359,3367,5807
609.946,3368,5807
610.09,3369,5807
613.014,3370,5807
613.465,3371,5807
613.719,3372,5807
614.824,3373,5807
614.98,3374,5807
615.782,3375,5807
615.814,3376,5807
616.39,3377,5807
616.404,3378,5807
617.011,3379,5807
618.16,3380,5807
618.269,3381,5812
618.33,3382,5812
618.819,3383,5813
618.867,3384,5817
619.05,3385,5817
619.09,3386,5817
619.099,3387,5817
619.214,3388,5817
619.303,3389,5819
619.4,3390,5820
619.481,3391,5820
619.765,3392,5823
619.965,3393,5824
619.994,3394,5825
620.036,3395,5825
620.127,3396,5825
620.305,3397,5825
620.401,3398,5825
620.579,3399,5825
620.771,3400,5826
620.832,3401,5826
620.938,3402,5826
621.092,3403,5828
621.147,3404,5828
621.274,3405,5828
621.338,3406,5828
621.404,3407,5828
621.522,3408,5829
621.528,3409,5829
621.574,3410,5833
621.657,3411,5833
621.687,3412,5833
621.812,3413,5836
621.834,3414,5837
621.885,3415,5837
622.028,3416,5837
622.239,3417,5840
622.554,3418,5840
622.834,3419,5840
623.122,3420,5840
623.236,3421,5840
623.447,3422,5843
623.683,3423,5843
623.734,3424,5844
623.905,3425,5845
623.987,3426,5845
624.297,3427,5847
624.596,3428,5848
624.738,3429,5848
624.795,3430,5848
624.999,3431,5848
625.1,3432,5848
625.382,3433,5848
625.735,3434,5848
625.85,3435,5848
626.184,3436,5848
626.299,3437,5848
626.714,3438,5864
626.995,3439,5864
627.065,3440,5871
628.831,3441,5871
629.021,3442,5871
629.048,3443,5871
629.719,3444,5871
630.646,3445,5871
630.917,3446,5871
631.076,3447,5871
631.186,3448,5871
632.322,3449,5871
632.824,3450,5871
632.996,3451,5871
635.532,3452,5871
636.145,3453,5871
636.442,3454,5871
636.736,3455,5871
636.753,3456,5872
636.862,3457,5872
637.737,3458,5872
639.204,3459,5872
641.776,3460,5872
641.931,3461,5872
641.956,3462,5873
643.009,3463,5876
643.017,3464,5876
643.02,3465,5877
643.041,3466,5878
643.087,3467,5879
643.09,3468,5879
643.097,3469,5880
643.116,3470,5880
643.119,3471,5880
643.134,3472,5882
643.151,3473,5882
643.17,3474,5883
643.187,3475,5883
643.219,3476,5883
643.247,3477,5884
643.282,3478,5884
643.355,3479,5884
643.376,3480,5884
643.396,3481,5884
643.4,3482,5884
643.461,3483,5884
643.696,3484,5884
643.787,3485,5884
643.864,3486,5884
644.175,3487,5884
644.388,3488,5884
644.425,3489,5884
644.527,3490,5884
644.53,3491,5884
644.566,3492,5884
644.68,3493,5884
644.879,3494,5884
645.574,3495,5884
645.618,3496,5884
645.709,3497,5884
645.8,3498,5884
645.905,3499,5884
646.927,3500,5884
647.046,3501,5884
647.558,3502,5884
647.799,3503,5884
647.806,3504,5884
648.053,3505,5884
648.851,3506,5884
648.879,3507,5884
648.971,3508,5884
649.138,3509,5884
649.228,3510,5884
649.322,3511,5884
650.194,3512,5884
650.466,3513,5884
650.989,3514,5884
651.074,3515,5884
651.829,3516,5884
652.602,3517,5884
654.26,3518,5884
654.435,3519,5884
654.615,3520,5884
655.106,3521,5884
655.219,3522,5884
655.549,3523,5887
655.712,3524,5887
655.723,3525,5887
656.462,3526,5887
656.576,3527,5887
656.776,3528,5887
657.721,3529,5887
657.985,3530,5887
658.09,3531,5887
658.323,3532,5887
658.629,3533,5887
659.39,3534,5887
660.36,3535,5887
661.405,3536,5889
662.989,3537,5889
663.277,3538,5889
663.586,3539,5889
664.866,3540,5889
666.698,3541,5889
667.52,3542,5889
667.58,3543,5889
667.637,3544,5889
669.404,3545,5889
669.456,3546,5889
670.336,3547,5889
670.766,3548,5889
670.962,3549,5889
671.586,3550,5889
672.033,3551,5889
672.679,3552,5890
673.133,3553,5891
674.312,3554,5891
675.44,3555,5891
675.835,3556,5891
677.071,3557,5891
677.796,3558,5891
679.192,3559,5891
679.213,3560,5891
679.238,3561,5891
681.184,3562,5891
681.396,3563,5891
681.548,3564,5891
681.606,3565,5891
681.624,3566,5891
681.745,3567,5891
681.776,3568,5891
681.965,3569,5891
682.429,3570,5891
682.484,3571,5891
682.535,3572,5891
683.133,3573,5891
683.745,3574,5891
683.835,3575,5891
683.869,3576,5891
684.377,3577,5891
684.519,3578,5891
684.564,3579,5891
684.656,3580,5891
684.762,3581,5891
685.001,3582,5891
685.212,3583,5891
685.262,3584,5891
685.789,3585,5891
686.021,3586,5891
686.175,3587,5891
686.734,3588,5891
686.745,3589,5892
686.797,3590,5892
687.023,3591,5892
687.206,3592,5892
687.516,3593,5892
688.083,3594,5892
688.641,3595,5892
688.762,3596,5892
688.793,3597,5892
688.825,3598,5892
688.967,3599,5892
689.475,3600,5892
689.49,3601,5892
689.799,3602,5892
690.062,3603,5892
690.104,3604,5892
690.832,3605,5892
691.945,3606,5892
692.325,3607,5892
692.697,3608,5893
693.258,3609,5893
693.575,3610,5893
694.752,3611,5893
694.81,3612,5893
695.071,3613,5893
695.278,3614,5893
697.719,3615,5893
698.318,3616,5893
699.172,3617,5893
699.641,3618,5893
700.082,3619,5893
700.113,3620,5893
700.66,3621,5893
701.253,3622,5893
704.333,3623,5893
704.359,3624,5893
704.577,3625,5893
704.703,3626,5893
705.5,3627,5893
705.816,3628,5893
705.963,3629,5893
706.312,3630,5893
706.338,3631,5893
706.389,3632,5893
707.239,3633,5893
707.824,3634,5893
707.952,3635,5893
708.248,3636,5894
709.768,3637,5894
710.624,3638,5894
710.682,3639,5894
710.72,3640,5894
710.834,3641,5894
711.575,3642,5894
712.048,3643,5894
714.403,3644,5894
714.939,3645,5894
715.259,3646,5894
716.703,3647,5894
718.569,3648,5894
719.289,3649,5894
719.788,3650,5894
721.422,3651,5894
724.589,3652,5894
725.244,3653,5894
725.333,3654,5894
725.423,3655,5894
725.826,3656,5894
726.222,3657,5894
726.621,3658,5894
726.806,3659,5894
726.962,3660,5894
727.613,3661,5894
727.873,3662,5894
728.29,3663,5895
728.79,3664,5895
729.063,3665,5895
729.537,3666,5896
729.541,3667,5896
730.021,3668,5896
730.178,3669,5896
731.495,3670,5896
731.946,3671,5896
732.55,3672,5896
735.958,3673,5896
736.414,3674,5896
737.124,3675,5896
737.258,3676,5896
737.357,3677,5896
737.641,3678,5896
738.5,3679,5896
739.081,3680,5896
739.12,3681,5896
739.549,3682,5896
744.438,3683,5896
744.778,3684,5896
745.101,3685,5896
745.282,3686,5896
746.721,3687,5896
747.926,3688,5896
748.47,3689,5896
748.592,3690,5896
748.626,3691,5896
748.652,3692,5896
748.667,3693,5897
748.755,3694,5897
748.788,3695,5897
748.86,3696,5897
749.037,3697,5897
749.439,3698,5898
749.567,3699,5898
749.799,3700,5898
749.816,3701,5899
749.827,3702,5899
749.856,3703,5899
750.206,3704,5899
750.243,3705,5899
750.599,3706,5899
750.938,3707,5899
751.292,3708,5899
751.511,3709,5899
751.725,3710,5899
753.422,3711,5899
753.533,3712,5899
753.57,3713,5899
753.679,3714,5899
754.147,3715,5899
755.198,3716,5899
755.643,3717,5899
755.701,3718,5899
759.476,3719,5899
759.982,3720,5899
760.523,3721,5899
761.043,3722,5900
761.124,3723,5900
761.179,3724,5902
762.136,3725,5902
762.307,3726,5902
763.908,3727,5903
763.996,3728,5903
764.248,3729,5903
764.512,3730,5903
765.44,3731,5905
765.589,3732,5905
765.964,3733,5905
766.581,3734,5905
766.776,3735,5905
767.151,3736,5906
767.838,3737,5906
768.972,3738,5906
770.64,3739,5906
771.041,3740,5906
772.272,3741,5908
773.029,3742,5909
773.49,3743,5909
773.521,3744,5909
775.209,3745,5912
775.757,3746,5914
776.469,3747,5914
776.88,3748,5914
777.554,3749,5914
778.308,3750,5914
779.974,3751,5915
780.035,3752,5915
780.606,3753,5915
781.794,3754,5915
782.705,3755,5915
784.256,3756,5915
784.529,3757,5915
786.146,3758,5915
787.105,3759,5915
787.197,3760,5915
790.593,3761,5915
790.647,3762,5915
791.497,3763,5915
791.644,3764,5915
792.606,3765,5915
793.314,3766,5915
794.053,3767,5915
797.114,3768,5915
798.714,3769,5915
798.999,3770,5915
799.398,3771,5915
800.964,3772,5915
808.108,3773,5915
815.897,3774,5915
821.872,3775,5915
826.662,3776,5915
828.219,3777,5915
833.998,3778,5915
834.899,3779,5915
836.809,3780,5915
837.061,3781,5915
839.167,3782,5915
839.987,3783,5915
840.167,3784,5915
840.617,3785,5915
844.166,3786,5915
849.785,3787,5922
851.872,3788,5922
851.891,3789,5922
851.916,3790,5922
851.935,3791,5922
851.99,3792,5922
852.039,3793,5922
852.199,3794,5922
852.226,3795,5922
852.349,3796,5922
852.361,3797,5922
852.612,3798,5922
852.627,3799,5922
852.724,3800,5922
852.894,3801,5922
852.952,3802,5922
853.224,3803,5922
853.237,3804,5925
853.305,3805,5925
853.365,3806,5925
853.787,3807,5925
854.57,3808,5925
856.393,3809,5925
856.965,3810,5925
857.862,3811,5925
858.71,3812,5928
860.3,3813,5928
861.555,3814,5928
861.803,3815,5928
862.42,3816,5929
862.749,3817,5931
862.855,3818,5932
863.138,3819,5932
867.44,3820,5932
869.879,3821,5932
869.942,3822,5932
870.643,3823,5932
872.602,3824,5933
872.644,3825,5933
872.683,3826,5933
872.929,3827,5935
872.939,3828,5935
873.006,3829,5935
873.14,3830,5936
873.154,3831,5938
873.178,3832,5939
873.32,3833,5941
873.41,3834,5941
873.439,3835,5941
873.483,3836,5941
873.493,3837,5944
873.503,3838,5944
873.769,3839,5944
873.809,3840,5944
873.84,3841,5944
874.122,3842,5945
874.414,3843,5946
874.715,3844,5946
875.269,3845,5946
875.284,3846,5946
875.37,3847,5946
875.624,3848,5946
875.736,3849,5947
875.916,3850,5947
876.209,3851,5948
876.454,3852,5948
876.72,3853,5948
877.027,3854,5948
877.429,3855,5949
878.276,3856,5949
878.536,3857,5949
878.694,3858,5949
878.921,3859,5949
879.569,3860,5950
880.053,3861,5950
880.119,3862,5950
880.257,3863,5951
880.646,3864,5952
881.199,3865,5953
881.573,3866,5953
881.842,3867,5954
882.028,3868,5954
882.487,3869,5954
883.369,3870,5954
883.612,3871,5956
883.68,3872,5956
884.209,3873,5957
884.925,3874,5958
885.114,3875,5958
885.453,3876,5958
886.475,3877,5959
886.559,3878,5959
886.816,3879,5959
887.471,3880,5962
887.507,3881,5962
887.67,3882,5962
889.539,3883,5962
889.709,3884,5962
890.94,3885,5962
891.361,3886,5962
891.536,3887,5963
891.609,3888,5963
891.957,3889,5964
892.119,3890,5964
892.274,3891,5964
892.951,3892,5964
893.713,3893,5968
894.207,3894,5968
894.239,3895,5968
895.372,3896,5968
895.454,3897,5968
896.315,3898,5968
896.455,3899,5968
898.056,3900,5968
898.081,3901,5968
898.182,3902,5968
898.68,3903,5968
900.209,3904,5968
900.396,3905,5969
901.779,3906,5969
906.274,3907,5969
909.967,3908,5969
912.256,3909,5969
913.732,3910,5969
915.223,3911,5969
915.613,3912,5969
916.192,3913,5969
916.725,3914,5969
917.113,3915,5969
922.975,3916,5969
923.251,3917,5969
923.982,3918,5969
925.941,3919,5969
926.548,3920,5969
930.825,3921,5969
944.938,3922,5969
954.394,3923,5969
955.839,3924,5969
964.206,3925,5969
965.372,3926,5969
971.266,3927,5969
972.994,3928,5969
975.028,3929,5969
980.058,3930,5969
980.394,3931,5970
982.135,3932,5970
982.722,3933,5970
982.996,3934,5970
985.332,3935,5970
986.338,3936,5970
987.027,3937,5970
987.194,3938,5970
988.992,3939,5970
989.573,3940,5970
989.625,3941,5970
992.059,3942,5970
994.751,3943,5970
995.454,3944,5970
996.137,3945,5970
996.469,3946,5970
996.538,3947,5970
996.581,3948,5970
996.692,3949,5970
996.743,3950,5970
996.985,3951,5970
997.269,3952,5970
997.375,3953,5970
997.401,3954,5970
997.458,3955,5970
997.637,3956,5970
997.885,3957,5970
997.966,3958,5970
998.233,3959,5970
998.443,3960,5970
998.732,3961,5970
998.959,3962,5970
999.062,3963,5970
999.577,3964,5970
999.654,3965,5970
999.86,3966,5970
999.983,3967,5970
1000.088,3968,5971
1000.342,3969,5971
1000.611,3970,5971
1000.821,3971,5972
1001.443,3972,5972
1001.523,3973,5972
1001.79,3974,5972
1001.845,3975,5972
1002.112,3976,5972
1002.458,3977,5972
1002.477,3978,5972
1003.004,3979,5972
1003.129,3980,5972
1003.22,3981,5972
1003.522,3982,5972
1003.843,3983,5972
1004.324,3984,5972
1004.86,3985,5972
1005.07,3986,5972
1005.158,3987,5972
1005.255,3988,5972
1006.131,3989,5972
1006.476,3990,5972
1006.903,3991,5972
1007.323,3992,5972
1007.608,3993,5972
1007.858,3994,5972
1008.521,3995,5972
1008.901,3996,5972
1009.035,3997,5972
1009.867,3998,5972
1011.299,3999,5972
1011.344,4000,5972
1011.356,4001,5972
1011.571,4002,5972
1011.579,4003,5972
1011.628,4004,5974
1011.645,4005,5974
1011.72,4006,5974
1011.744,4007,5975
1011.936,4008,5975
1011.962,4009,5975
1012.098,4010,5975
1012.241,4011,5975
1012.407,4012,5975
1012.463,4013,5975
1012.469,4014,5975
1012.659,4015,5975
1012.674,4016,5975
1012.755,4017,5975
1013.14,4018,5982
1013.196,4019,5990
1013.571,4020,5990
1013.643,4021,5990
1014.455,4022,5990
1015.01,4023,5990
1015.501,4024,5990
1015.943,4025,5990
1016.056,4026,5990
1016.291,4027,5990
1016.393,4028,5994
1016.661,4029,5994
1016.724,4030,5995
1016.882,4031,5995
1017.009,4032,5996
1017.128,4033,5996
1018.873,4034,5996
1019.009,4035,5996
1019.459,4036,5997
1019.82,4037,5997
1020.248,4038,5997
1021.148,4039,5998
1022.259,4040,5998
1022.429,4041,5998
1022.726,4042,5999
1023.391,4043,5999
1029.606,4044,5999
1035.615,4045,5999
1046.439,4046,5999
1048.148,4047,5999
1061.055,4048,5999
1063.306,4049,5999
1065.448,4050,5999
1067.258,4051,5999
1076.009,4052,5999
1078.766,4053,5999
1103.621,4054,5999
1117.857,4055,5999
1123.664,4056,5999
1124.799,4057,5999
1127.123,4058,5999
1132.649,4059,5999
1134.331,4060,5999
1138.048,4061,5999
1138.102,4062,5999
1138.96,4063,5999
1139.04,4064,5999
1139.406,4065,5999
1139.455,4066,5999
1139.708,4067,5999
1139.725,4068,5999
1139.856,4069,5999
1140.105,4070,6000
1140.649,4071,6000
1141.415,4072,6000
1143.549,4073,6000
1144.183,4074,6000
1144.939,4075,6000
1145.39,4076,6000
1146.612,4077,6000
1146.849,4078,6000
1148.886,4079,6000
1150.62,4080,6000
1155.718,4081,6000
1157.278,4082,6000
1157.418,4083,6000
1158.775,4084,6000
1158.829,4085,6000
1161.09,4086,6000
1162.319,4087,6000
1164.071,4088,6000
1164.135,4089,6000
1164.217,4090,6000
1164.684,4091,6000
1166.508,4092,6000
1167.539,4093,6000
1168.085,4094,6000
1168.253,4095,6000
1168.945,4096,6000
1169.013,4097,6000
1169.398,4098,6000
1169.749,4099,6000
1169.976,4100,6000
1170.536,4101,6001
1171.301,4102,6001
1171.766,4103,6001
1172.514,4104,6001
1172.587,4105,6001
1174.097,4106,6001
1174.744,4107,6001
1174.872,4108,6001
1175.42,4109,6001
1176.032,4110,6001
1176.338,4111,6001
1177.381,4112,6001
1177.702,4113,6001
1177.984,4114,6001
1178.278,4115,6001
1178.374,4116,6001
1179.23,4117,6001
1180.188,4118,6001
1181.911,4119,6001
1182.013,4120,6001
1182.733,4121,6001
1183.302,4122,6001
1185.582,4123,6001
1186.193,4124,6001
1191.005,4125,6001
1192.254,4126,6001
1197.205,4127,6001
1198.258,4128,6001
1198.417,4129,6001
1198.905,4130,6001
1200.226,4131,6001
1202.512,4132,6006
1203.52,4133,6006
1203.817,4134,6006
1204.307,4135,6006
1205.061,4136,6006
1207.262,4137,6006
1208.34,4138,6006
1208.719,4139,6006
1215.479,4140,6006
1219.299,4141,6006
1219.521,4142,6006
1220.375,4143,6006
1220.773,4144,6006
1221.262,4145,6006
1221.855,4146,6006
1221.934,4147,6006
1221.984,4148,6006
1222.07,4149,6006
1222.733,4150,6006
1222.898,4151,6006
1222.954,4152,6007
1223.05,4153,6007
1223.244,4154,6007
1223.281,4155,6007
1223.474,4156,6007
1223.831,4157,6007
1223.928,4158,6007
1224.273,4159,6008
1224.429,4160,6008
1224.953,4161,6008
1225.768,4162,6008
1226.204,4163,6008
1226.229,4164,6008
1226.655,4165,6008
1226.841,4166,6008
1227.389,4167,6012
1227.413,4168,6012
1227.518,4169,6014
1227.721,4170,6014
1228.058,4171,6015
1228.093,4172,6015
1230.843,4173,6015
1231.307,4174,6015
1231.345,4175,6016
1231.361,4176,6016
1231.852,4177,6016
1232.53,4178,6016
1232.908,4179,6016
1233.627,4180,6016
1233.86,4181,6016
1233.926,4182,6016
1234.33,4183,6016
1234.934,4184,6017
1235.149,4185,6017
1235.418,4186,6017
1235.59,4187,6017
1235.844,4188,6017
1236.727,4189,6017
1237.355,4190,6017
1237.413,4191,6017
1237.642,4192,6020
1238.252,4193,6020
1238.764,4194,6020
1238.768,4195,6020
1238.819,4196,6020
1239.44,4197,6020
1239.703,4198,6020
1240.866,4199,6020
1241.66,4200,6020
1244.246,4201,6020
1244.597,4202,6020
1245.491,4203,6030
1245.657,4204,6031
1247.028,4205,6031
1247.227,4206,6031
1247.262,4207,6031
1247.273,4208,6031
1247.488,4209,6031
1247.646,4210,6031
1248.046,4211,6032
1248.634,4212,6032
1248.865,4213,6032
1249.0,4214,6032
1249.07,4215,6032
1249.133,4216,6032
1249.156,4217,6032
1249.288,4218,6032
1250.385,4219,6032
1250.699,4220,6033
1250.936,4221,6033
1251.039,4222,6033
1251.277,4223,6033
1251.387,4224,6033
1251.407,4225,6033
1251.436,4226,6033
1251.818,4227,6033
1252.089,4228,6033
1252.309,4229,6033
1253.063,4230,6033
1253.333,4231,6033
1253.598,4232,6035
1253.798,4233,6036
1253.805,4234,6036
1254.157,4235,6039
1255.249,4236,6039
1255.666,4237,6043
1255.739,4238,6043
1255.755,4239,6043
1256.233,4240,6043
1256.375,4241,6045
1257.219,4242,6048
1258.006,4243,6050
1258.243,4244,6050
1258.403,4245,6050
1258.673,4246,6050
1258.903,4247,6050
1258.937,4248,6051
1259.185,4249,6051
1259.318,4250,6052
1259.72,4251,6052
1260.119,4252,6052
1260.26,4253,6053
1261.989,4254,6054
1262.121,4255,6054
1262.348,4256,6054
1262.386,4257,6054
1262.473,4258,6054
1263.436,4259,6054
1263.472,4260,6054
1265.11,4261,6054
1265.26,4262,6054
1265.454,4263,6054
1266.229,4264,6054
1267.74,4265,6054
1268.239,4266,6054
1268.894,4267,6054
1269.623,4268,6054
1270.068,4269,6054
1270.824,4270,6054
1270.985,4271,6054
1271.326,4272,6054
1271.957,4273,6054
1273.317,4274,6054
1273.783,4275,6054
1275.819,4276,6054
1275.993,4277,6054
1276.711,4278,6054
1277.092,4279,6054
1277.527,4280,6054
1278.431,4281,6054
1278.876,4282,6054
1279.108,4283,6054
1281.427,4284,6054
1282.299,4285,6054
1282.412,4286,6054
1284.434,4287,6054
1287.174,4288,6054
1287.466,4289,6055
1292.699,4290,6055
1295.247,4291,6055
1298.757,4292,6055
1300.226,4293,6055
1302.804,4294,6055
1305.058,4295,6055
1315.017,4296,6055
1325.323,4297,6055
1337.763,4298,6055
1338.559,4299,6055
1351.302,4300,6055
1352.887,4301,6055
1361.838,4302,6055
1375.112,4303,6055
1381.907,4304,6055
1389.639,4305,6055
1397.54,4306,6055
1403.004,4307,6056
1424.532,4308,6056
1425.112,4309,6056
1431.212,4310,6056
1443.52,4311,6056
1461.962,4312,6056
1462.025,4313,6057
1462.287,4314,6057
1462.317,4315,6057
1462.331,4316,6057
1462.373,4317,6057
1462.426,4318,6058
1462.433,4319,6058
1462.555,4320,6058
1462.567,4321,6058
1462.612,4322,6059
1462.761,4323,6059
1462.802,4324,6059
1462.964,4325,6059
1463.053,4326,6059
1463.439,4327,6059
1463.458,4328,6059
1463.491,4329,6059
1463.552,4330,6059
1463.704,4331,6060
1463.824,4332,6062
1463.841,4333,6062
1463.87,4334,6062
1463.892,4335,6062
1464.072,4336,6062
1464.121,4337,6062
1464.234,4338,6063
1464.463,4339,6063
1464.681,4340,6063
1465.061,4341,6063
1465.095,4342,6063
1465.271,4343,6063
1466.257,4344,6063
1466.479,4345,6063
1466.552,4346,6063
1466.612,4347,6063
1466.956,4348,6063
1467.419,4349,6063
1467.545,4350,6063
1467.662,4351,6063
1467.675,4352,6063
1467.701,4353,6063
1467.953,4354,6063
1468.392,4355,6063
1468.942,4356,6064
1469.271,4357,6064
1469.635,4358,6064
1469.703,4359,6064
1469.778,4360,6064
1469.979,4361,6064
1470.739,4362,6064
1470.908,4363,6064
1471.336,4364,6064
1471.749,4365,6064
1471.86,4366,6064
1471.867,4367,6064
1472.057,4368,6064
1472.091,4369,6064
1472.142,4370,6064
1472.278,4371,6064
1472.49,4372,6064
1472.586,4373,6064
1472.771,4374,6064
1475.225,4375,6064
1475.29,4376,6064
1476.347,4377,6064
1476.379,4378,6064
1476.48,4379,6064
1476.757,4380,6064
1476.878,4381,6064
1477.091,4382,6064
1477.56,4383,6064
1478.163,4384,6064
1478.646,4385,6064
1479.58,4386,6064
1480.296,4387,6064
1480.298,4388,6064
1480.502,4389,6064
1480.568,4390,6064
1480.598,4391,6064
1480.732,4392,6064
1480.784,4393,6064
1481.177,4394,6064
1481.434,4395,6064
1481.75,4396,6064
1481.847,4397,6064
1482.028,4398,6064
1482.524,4399,6064
1483.427,4400,6064
1485.222,4401,6064
1486.18,4402,6064
1486.265,4403,6064
1486.5,4404,6064
1486.744,4405,6064
1487.268,4406,6064
1487.287,4407,6064
1487.822,4408,6064
1487.872,4409,6064
1487.955,4410,6064
1488.151,4411,6064
1488.269,4412,6064
1488.313,4413,6064
1488.353,4414,6064
1489.461,4415,6064
1489.979,4416,6064
1490.74,4417,6064
1492.659,4418,6064
1493.224,4419,6064
1494.58,4420,6064
1494.884,4421,6064
1496.171,4422,6064
1496.286,4423,6064
1496.49,4424,6064
1496.806,4425,6064
1499.096,4426,6064
1499.658,4427,6064
1504.736,4428,6064
1505.476,4429,6064
1506.496,4430,6064
1507.224,4431,6069
1508.683,4432,6069
1516.507,4433,6069
1516.851,4434,6069
1520.624,4435,6069
1521.609,4436,6069
1522.998,4437,6069
1526.247,4438,6069
1527.83,4439,6069
1529.853,4440,6069
1539.278,4441,6069
1544.068,4442,6069
1556.098,4443,6069
1559.271,4444,6069
1566.342,4445,6069
1566.492,4446,6069
1581.743,4447,6077
1585.592,4448,6077
1588.564,4449,6077
1589.087,4450,6077
1590.057,4451,6077
1596.234,4452,6077
1612.632,4453,6077
1613.232,4454,6077
1613.735,4455,6077
1618.043,4456,6077
1618.097,4457,6077
1618.212,4458,6077
1618.267,4459,6077
1618.475,4460,6077
1619.887,4461,6078
1619.902,4462,6078
1620.069,4463,6078
1620.361,4464,6078
1620.666,4465,6078
1620.799,4466,6078
1620.849,4467,6078
1621.47,4468,6078
1622.192,4469,6078
1622.995,4470,6078
1623.297,4471,6078
1623.711,4472,6078
1623.818,4473,6078
1624.208,4474,6078
1624.843,4475,6078
1626.835,4476,6078
1627.111,4477,6078
1628.545,4478,6078
1628.71,4479,6078
1628.808,4480,6078
1628.987,4481,6078
1629.343,4482,6078
1629.484,4483,6078
1629.969,4484,6078
1630.165,4485,6078
1630.387,4486,6078
1631.729,4487,6078
1631.961,4488,6078
1633.082,4489,6078
1634.282,4490,6078
1634.477,4491,6078
1634.545,4492,6078
1635.065,4493,6078
1638.451,4494,6078
1639.759,4495,6078
1640.563,4496,6078
1641.4,4497,6078
1642.277,4498,6078
1642.936,4499,6078
1643.89,4500,6078
1644.318,4501,6078
1645.419,4502,6078
1645.831,4503,6078
1648.483,4504,6078
1650.257,4505,6078
1650.535,4506,6078
1650.948,4507,6078
1652.305,4508,6078
1652.685,4509,6078
1654.475,4510,6078
1655.546,4511,6078
1655.684,4512,6078
1656.103,4513,6078
1657.809,4514,6078
1657.877,4515,6078
1660.807,4516,6078
1660.829,4517,6078
1661.189,4518,6078
1661.302,4519,6078
1661.335,4520,6078
1661.559,4521,6080
1661.577,4522,6080
1662.725,4523,6080
1665.826,4524,6080
1683.317,4525,6080
1684.508,4526,6081
1690.321,4527,6081
1691.039,4528,6082
1691.106,4529,6082
1691.939,4530,6082
1693.367,4531,6082
1693.414,4532,6082
1693.798,4533,6082
1694.783,4534,6082
1696.196,4535,6082
1698.607,4536,6082
1698.761,4537,6082
1703.842,4538,6082
1705.688,4539,6082
1706.496,4540,6082
1710.124,4541,6082
1710.353,4542,6082
1710.415,4543,6082
1711.306,4544,6082
1711.462,4545,6082
1711.565,4546,6082
1712.268,4547,6082
1712.415,4548,6082
1712.549,4549,6082
1713.827,4550,6082
1714.016,4551,6082
1714.169,4552,6082
1714.299,4553,6082
1714.738,4554,6082
1715.035,4555,6082
1720.31,4556,6082
1720.598,4557,6082
1721.053,4558,6082
1721.486,4559,6083
1722.237,4560,6083
1723.936,4561,6083
1727.133,4562,6083
1729.335,4563,6083
1733.892,4564,6083
1735.024,4565,6083
1735.931,4566,6083
1738.745,4567,6083
1738.77,4568,6083
1738.776,4569,6083
1738.783,4570,6083
1738.874,4571,6083
1739.03,4572,6083
1742.411,4573,6083
1750.163,4574,6083
1751.104,4575,6083
1769.816,4576,6083
1772.873,4577,6083
1781.983,4578,6083
1792.155,4579,6083
1809.731,4580,6083
1815.235,4581,6083
1818.668,4582,6083
1825.954,4583,6083
1854.766,4584,6083
1880.065,4585,6083
1880.883,4586,6083
1881.758,4587,6083
1882.689,4588,6084
1882.705,4589,6084
1882.771,4590,6084
1883.258,4591,6084
1884.51,4592,6084
1887.182,4593,6084
1890.544,4594,6084
1891.171,4595,6084
1891.439,4596,6084
1898.952,4597,6084
1903.31,4598,6084
1906.954,4599,6084
1907.004,4600,6084
1907.018,4601,6084
1907.286,4602,6084
1907.396,4603,6084
1907.416,4604,6084
1907.973,4605,6084
1908.071,4606,6084
1908.088,4607,6084
1910.374,4608,6084
1911.405,4609,6084
1911.499,4610,6084
1911.725,4611,6084
1912.401,4612,6084
1912.474,4613,6085
1912.565,4614,6085
1913.193,4615,6085
1913.283,4616,6086
1913.486,4617,6086
1913.788,4618,6086
1914.16,4619,6086
1914.216,4620,6086
1914.282,4621,6086
1914.766,4622,6086
1919.997,4623,6086
1920.088,4624,6086
1920.633,4625,6086
1921.082,4626,6086
1921.672,4627,6086
1921.72,4628,6086
1921.842,4629,6086
1921.927,4630,6087
1922.667,4631,6087
1923.331,4632,6087
1924.39,4633,6087
1925.722,4634,6087
1926.606,4635,6088
1926.843,4636,6088
1927.091,4637,6088
1927.096,4638,6088
1927.472,4639,6088
1928.062,4640,6088
1928.226,4641,6088
1931.516,4642,6088
1938.799,4643,6088
1942.253,4644,6088
1945.143,4645,6088
1953.814,4646,6088
1954.798,4647,6088
1957.078,4648,6088
1959.605,4649,6088
1973.855,4650,6088
2091.662,4651,6088
2130.634,4652,6088
2130.638,4653,6088
2130.867,4654,6088
2131.674,4655,6088
2132.523,4656,6088
2134.422,4657,6088
2134.507,4658,6088
2135.032,4659,6088
2142.92,4660,6088
2143.23,4661,6088
2143.403,4662,6088
2145.893,4663,6088
2147.13,4664,6088
2153.466,4665,6088
2157.961,4666,6088
2164.957,4667,6088
2166.806,4668,6088
2167.056,4669,6088
2174.855,4670,6088
2178.627,4671,6088
2194.853,4672,6088
2241.242,4673,6088
2261.97,4674,6088
2262.076,4675,6088
2269.823,4676,6088
2271.592,4677,6088
2272.214,4678,6089
2272.985,4679,6089
2274.657,4680,6089
2275.317,4681,6089
2275.973,4682,6089
2283.353,4683,6090
2288.967,4684,6090
2289.186,4685,6091
2290.16,4686,6091
2292.825,4687,6091
2298.188,4688,6091
2300.075,4689,6091
2302.579,4690,6091
2306.971,4691,6096
2326.004,4692,6096
2327.968,4693,6096
2328.571,4694,6096
2328.768,4695,6096
2347.709,4696,6096
2380.267,4697,6096
2395.359,4698,6096
2407.607,4699,6096
2414.502,4700,6096
2418.458,4701,6096
2456.408,4702,6096
2520.601,4703,6096
2594.117,4704,6096
2621.388,4705,6096
2689.295,4706,6096
2690.167,4707,6096
2691.627,4708,6096
2691.633,4709,6096
2691.782,4710,6096
2692.16,4711,6096
2692.536,4712,6096
2692.762,4713,6096
2693.242,4714,6096
2693.267,4715,6096
2693.305,4716,6096
2693.734,4717,6096
2694.917,4718,6096
2695.183,4719,6096
2696.101,4720,6096
2697.631,4721,6096
2697.851,4722,6096
2698.65,4723,6096
2709.594,4724,6096
2709.629,4725,6096
2709.87,4726,6096
2709.937,4727,6096
2710.588,4728,6096
2710.603,4729,6096
2711.03,4730,6096
2711.347,4731,6096
2711.675,4732,6096
2712.796,4733,6096
2713.525,4734,6096
2713.994,4735,6096
2714.273,4736,6096
2715.013,4737,6096
2715.052,4738,6096
2715.356,4739,6096
2717.98,4740,6096
2722.946,4741,6096
2725.83,4742,6096
2726.204,4743,6096
2732.751,4744,6096
2737.717,4745,6096
2737.989,4746,6096
2738.168,4747,6096
2738.51,4748,6096
2738.535,4749,6096
2739.453,4750,6096
2739.524,4751,6096
2739.812,4752,6096
2744.026,4753,6096
2744.152,4754,6096
2754.442,4755,6096
2763.804,4756,6096
2764.398,4757,6096
2766.553,4758,6096
2766.851,4759,6096
2766.949,4760,6096
2769.206,4761,6096
2771.33,4762,6096
2771.865,4763,6096
2774.321,4764,6096
2778.352,4765,6096
2778.401,4766,6096
2779.555,4767,6096
2781.796,4768,6096
2789.455,4769,6096
2791.674,4770,6096
2794.548,4771,6096
2802.652,4772,6096
2808.305,4773,6096
2808.991,4774,6096
2814.568,4775,6096
2816.318,4776,6096
2826.076,4777,6096
2827.073,4778,6096
2829.248,4779,6096
2829.251,4780,6096
2829.255,4781,6096
2829.332,4782,6096
2829.483,4783,6096
2831.128,4784,6096
2832.59,4785,6096
2834.126,4786,6096
2834.899,4787,6096
2834.929,4788,6097
2836.891,4789,6097
2837.347,4790,6097
2837.643,4791,6098
2839.874,4792,6098
2840.275,4793,6098
2840.5,4794,6098
2840.624,4795,6098
2843.001,4796,6098
2843.339,4797,6098
2854.051,4798,6098
2855.036,4799,6098
2864.679,4800,6098
2866.513,4801,6098
2871.76,4802,6098
2871.863,4803,6098
2873.047,4804,6098
2874.322,4805,6098
2874.559,4806,6098
2877.263,4807,6098
2877.316,4808,6098
2877.581,4809,6098
2877.635,4810,6099
2877.805,4811,6099
2877.841,4812,6099
2877.852,4813,6100
2877.972,4814,6100
2878.019,4815,6101
2878.16,4816,6101
2878.553,4817,6101
2878.674,4818,6101
2878.735,4819,6101
2878.961,4820,6101
2879.005,4821,6101
2879.279,4822,6101
2879.474,4823,6101
2879.536,4824,6101
2880.105,4825,6101
2880.424,4826,6101
2880.919,4827,6101
2881.491,4828,6101
2881.638,4829,6101
2881.97,4830,6101
2882.869,4831,6101
2883.06,4832,6104
2883.326,4833,6104
2884.024,4834,6104
2884.04,4835,6105
2884.091,4836,6105
2885.105,4837,6106
2885.264,4838,6106
2887.033,4839,6106
2887.71,4840,6106
2888.074,4841,6106
2888.2,4842,6106
2888.717,4843,6106
2889.791,4844,6106
2889.805,4845,6107
2890.24,4846,6107
2890.323,4847,6107
2890.693,4848,6107
2890.97,4849,6107
2891.535,4850,6107
2891.624,4851,6107
2892.971,4852,6107
2895.277,4853,6107
2899.163,4854,6107
2899.205,4855,6107
2899.218,4856,6107
2900.003,4857,6107
2900.214,4858,6107
2901.101,4859,6107
2901.912,4860,6107
2901.963,4861,6107
2902.206,4862,6107
2902.94,4863,6107
2903.512,4864,6107
2903.528,4865,6107
2904.203,4866,6107
2904.439,4867,6107
2905.362,4868,6107
2905.895,4869,6107
2906.87,4870,6107
2907.282,4871,6107
2907.96,4872,6107
2909.541,4873,6107
2909.639,4874,6107
2909.879,4875,6107
2910.584,4876,6107
2911.164,4877,6107
2911.657,4878,6107
2912.818,4879,6107
2914.765,4880,6107
2915.021,4881,6107
2915.053,4882,6107
2917.377,4883,6107
2917.452,4884,6107
2918.677,4885,6107
2919.379,4886,6107
2925.987,4887,6107
2926.018,4888,6107
2926.556,4889,6108
2929.17,4890,6108
2934.453,4891,6108
2934.519,4892,6108
2945.954,4893,6108
2951.198,4894,6108
2962.496,4895,6108
2973.384,4896,6108
2984.186,4897,6108
2988.679,4898,6108
3053.856,4899,6108
3086.453,4900,6108
3124.929,4901,6108
3125.353,4902,6108
3161.157,4903,6108
3177.008,4904,6108
3316.567,4905,6108
3347.547,4906,6108
3447.534,4907,6108
3525.963,4908,6108
3555.748,4909,6108
3556.641,4910,6108
3557.068,4911,6108
3558.093,4912,6108
3560.844,4913,6112
3561.099,4914,6114
3561.887,4915,6115
3562.236,4916,6115
3568.187,4917,6115
3584.574,4918,6118
3589.882,4919,6118
3592.739,4920,6118
3593.101,4921,6118
3602.121,4922,6118
3611.274,4923,6118
3618.015,4924,6118
3624.626,4925,6118
3627.714,4926,6118
3663.672,4927,6118
3676.832,4928,6118
3682.143,4929,6118
3723.286,4930,6118
3750.745,4931,6118
3761.006,4932,6118
3785.166,4933,6118
3798.372,4934,6118
3811.04,4935,6118
3886.161,4936,6118
3900.747,4937,6118
3913.381,4938,6118
3935.684,4939,6118
3974.705,4940,6118
3979.723,4941,6118
4100.738,4942,6118
4116.039,4943,6118
4144.013,4944,6118
4216.192,4945,6118
4217.48,4946,6118
4218.014,4947,6118
4244.144,4948,6118
4244.266,4949,6118
4244.279,4950,6118
4244.285,4951,6118
4244.359,4952,6118
4244.484,4953,6118
4244.641,4954,6118
4244.716,4955,6118
4244.812,4956,6118
4245.272,4957,6118
4245.494,4958,6118
4245.71,4959,6118
4245.893,4960,6118
4246.128,4961,6118
4246.309,4962,6118
4246.667,4963,6118
4246.977,4964,6118
4247.303,4965,6118
4247.585,4966,6118
4248.087,4967,6118
4249.197,4968,6118
4249.627,4969,6118
4250.275,4970,6118
4250.326,4971,6118
4250.597,4972,6118
4250.767,4973,6118
4251.271,4974,6118
4262.29,4975,6122
4262.896,4976,6122
4268.234,4977,6122
4282.421,4978,6122
4291.08,4979,6122
4297.133,4980,6122
4297.738,4981,6122
4309.332,4982,6122
4310.604,4983,6122
4318.38,4984,6122
4320.361,4985,6122
4343.938,4986,6122
4357.22,4987,6122
4363.505,4988,6122
4388.347,4989,6122
4388.364,4990,6122
4388.678,4991,6122
4389.086,4992,6122
4399.326,4993,6122
4406.653,4994,6122
4407.891,4995,6122
4409.741,4996,6122
4414.496,4997,6122
4417.124,4998,6122
4418.859,4999,6122
4420.941,5000,6122
4424.627,5001,6122
4433.643,5002,6122
4464.826,5003,6122
4486.77,5004,6122
4504.456,5005,6122
4505.237,5006,6123
4505.641,5007,6123
4505.705,5008,6124
4519.96,5009,6124
4520.516,5010,6125
4521.89,5011,6125
4523.33,5012,6125
4525.74,5013,6125
4536.739,5014,6125
4536.87,5015,6125
4539.511,5016,6125
4540.205,5017,6125
4540.752,5018,6125
4542.968,5019,6125
4545.667,5020,6125
4545.697,5021,6125
4546.079,5022,6125
4546.477,5023,6125
4547.157,5024,6126
4550.676,5025,6126
4550.815,5026,6126
4552.544,5027,6127
4553.34,5028,6127
4555.314,5029,6127
4556.814,5030,6127
4561.363,5031,6127
4562.87,5032,6127
4563.062,5033,6127
4566.727,5034,6127
4567.163,5035,6127
4575.215,5036,6127
4576.526,5037,6127
4576.573,5038,6127
4577.627,5039,6127
4578.514,5040,6127
4583.806,5041,6127
4585.377,5042,6127
4586.003,5043,6127
4589.068,5044,6127
4595.682,5045,6127
4609.735,5046,6127
4620.62,5047,6127
4620.875,5048,6127
4621.939,5049,6127
4622.09,5050,6127
4622.342,5051,6127
4625.19,5052,6127
4626.879,5053,6127
4627.164,5054,6127
4628.864,5055,6127
4629.198,5056,6127
4629.978,5057,6127
4644.603,5058,6127
4645.418,5059,6127
4645.559,5060,6127
4645.725,5061,6128
4645.959,5062,6128
4646.179,5063,6128
4646.958,5064,6128
4647.43,5065,6128
4647.585,5066,6129
4648.513,5067,6129
4648.56,5068,6129
4649.446,5069,6129
4651.276,5070,6129
4652.646,5071,6129
4655.48,5072,6129
4655.716,5073,6129
4656.529,5074,6129
4656.957,5075,6129
4664.457,5076,6129
4664.936,5077,6129
4670.726,5078,6129
4671.545,5079,6129
4674.517,5080,6129
4675.021,5081,6129
4678.21,5082,6129
4679.59,5083,6132
4679.963,5084,6132
4680.815,5085,6132
4700.804,5086,6132
4722.273,5087,6132
4801.852,5088,6132
4801.886,5089,6132
4801.996,5090,6132
4802.491,5091,6132
4803.181,5092,6132
4814.034,5093,6132
4814.638,5094,6138
4814.905,5095,6139
4814.952,5096,6139
4816.44,5097,6139
4834.462,5098,6139
4835.925,5099,6142
4838.507,5100,6142
4838.716,5101,6142
4848.855,5102,6142
4851.828,5103,6142
4852.806,5104,6142
4860.5,5105,6142
4865.183,5106,6142
4868.348,5107,6142
4876.844,5108,6142
4897.834,5109,6142
4915.281,5110,6142
4934.068,5111,6142
4934.22,5112,6142
4936.205,5113,6142
4936.723,5114,6146
4936.828,5115,6146
4937.303,5116,6146
4937.373,5117,6146
4937.424,5118,6146
4937.503,5119,6146
4938.065,5120,6146
4938.166,5121,6146
4939.728,5122,6146
4940.054,5123,6146
4940.161,5124,6146
4940.244,5125,6146
4940.73,5126,6146
4941.857,5127,6146
4942.059,5128,6146
4942.688,5129,6146
4943.366,5130,6146
4943.534,5131,6146
4944.549,5132,6146
4946.785,5133,6146
4947.42,5134,6149
4948.371,5135,6149
4949.182,5136,6149
4949.402,5137,6149
4951.895,5138,6149
4952.175,5139,6149
4956.407,5140,6149
4957.46,5141,6149
4957.904,5142,6149
4960.101,5143,6149
4960.194,5144,6149
4960.703,5145,6149
4961.6,5146,6149
4962.129,5147,6149
4964.222,5148,6149
4970.635,5149,6149
4972.599,5150,6152
4972.711,5151,6152
4975.459,5152,6152
4975.533,5153,6152
4977.702,5154,6152
4979.606,5155,6152
4987.796,5156,6152
4988.692,5157,6152
4989.296,5158,6152
4993.378,5159,6152
4997.445,5160,6152
5008.269,5161,6152
5047.477,5162,6152
5056.024,5163,6152
5056.32,5164,6152
5058.118,5165,6152
5061.6,5166,6152
5061.685,5167,6152
5061.733,5168,6152
5075.857,5169,6153
5084.364,5170,6153
5085.56,5171,6155
5088.914,5172,6155
5098.914,5173,6155
5104.225,5174,6155
5125.12,5175,6155
5126.148,5176,6160
5131.829,5177,6160
5148.985,5178,6160
5149.129,5179,6160
5149.44,5180,6160
5149.48,5181,6160
5149.839,5182,6160
5150.653,5183,6160
5150.684,5184,6160
5150.863,5185,6160
5150.941,5186,6160
5151.102,5187,6160
5153.019,5188,6160
5153.537,5189,6160
5154.841,5190,6160
5154.873,5191,6160
5155.029,5192,6160
5156.847,5193,6160
5157.727,5194,6160
5157.922,5195,6160
5158.975,5196,6160
5162.109,5197,6160
5162.823,5198,6160
5164.835,5199,6160
5169.619,5200,6160
5169.893,5201,6160
5171.103,5202,6160
5172.019,5203,6160
5172.722,5204,6160
5177.025,5205,6160
5177.127,5206,6160
5177.917,5207,6160
5178.232,5208,6163
5179.036,5209,6164
5179.214,5210,6164
5179.317,5211,6164
5179.373,5212,6164
5179.495,5213,6164
5179.605,5214,6164
5179.687,5215,6164
5179.817,5216,6164
5180.068,5217,6167
5180.769,5218,6167
5180.981,5219,6167
5182.982,5220,6167
5184.463,5221,6167
5185.078,5222,6167
5185.121,5223,6168
5188.533,5224,6169
5189.434,5225,6169
5192.797,5226,6169
5195.933,5227,6169
5196.094,5228,6169
5197.683,5229,6169
5198.067,5230,6169
5200.433,5231,6169
5201.481,5232,6169
5205.448,5233,6169
5232.592,5234,6169
5233.871,5235,6169
5235.6,5236,6169
5235.657,5237,6169
5237.009,5238,6169
5242.551,5239,6169
5243.165,5240,6169
5243.432,5241,6169
5248.151,5242,6169
5254.723,5243,6169
5263.953,5244,6169
5274.253,5245,6169
5282.566,5246,6169
5287.256,5247,6169
5287.296,5248,6169
5287.307,5249,6169
5289.091,5250,6169
5290.33,5251,6169
5291.092,5252,6169
5295.026,5253,6169
5302.583,5254,6169
5302.618,5255,6169
5303.067,5256,6169
5303.86,5257,6169
5306.619,5258,6169
5308.756,5259,6169
5311.844,5260,6170
5315.937,5261,6170
5319.637,5262,6170
5324.276,5263,6170
5326.569,5264,6170
5327.575,5265,6170
5327.621,5266,6171
5327.7,5267,6171
5328.077,5268,6171
5328.284,5269,6174
5328.538,5270,6174
5328.617,5271,6174
5329.006,5272,6177
5329.418,5273,6177
5329.627,5274,6177
5330.974,5275,6177
5331.221,5276,6177
5332.255,5277,6177
5333.074,5278,6177
5342.282,5279,6178
5342.306,5280,6178
5344.522,5281,6179
5345.236,5282,6179
5350.886,5283,6179
5358.904,5284,6179
5362.193,5285,6179
5374.818,5286,6179
5379.78,5287,6179
5380.411,5288,6179
5380.423,5289,6179
5380.922,5290,6179
5409.514,5291,6179
5409.69,5292,6179
5410.267,5293,6179
5411.473,5294,6179
5411.505,5295,6179
5412.321,5296,6179
5412.666,5297,6179
5413.562,5298,6179
5413.609,5299,6179
5413.822,5300,6179
5414.598,5301,6179
5416.159,5302,6179
5416.678,5303,6179
5418.905,5304,6179
5420.355,5305,6179
5424.039,5306,6179
5427.271,5307,6179
5428.077,5308,6179
5435.202,5309,6179
5447.786,5310,6179
5447.796,5311,6179
5452.771,5312,6179
5455.91,5313,6179
5456.723,5314,6179
5458.584,5315,6179
5464.987,5316,6179
5465.081,5317,6179
5466.329,5318,6179
5468.246,5319,6179
5468.917,5320,6179
5477.171,5321,6179
5516.446,5322,6179
5516.475,5323,6179
5518.468,5324,6179
5520.11,5325,6179
5520.251,5326,6179
5521.274,5327,6179
5522.203,5328,6179
5553.11,5329,6179
5556.816,5330,6180
5557.42,5331,6180
5565.947,5332,6180
5567.904,5333,6182
5569.692,5334,6182
5569.706,5335,6182
5572.167,5336,6182
5573.274,5337,6182
5578.326,5338,6182
5578.589,5339,6182
5579.757,5340,6182
5583.347,5341,6182
5590.638,5342,6185
5590.697,5343,6185
5590.794,5344,6185
5590.945,5345,6185
5591.186,5346,6185
5592.143,5347,6185
5592.857,5348,6185
5593.021,5349,6185
5593.323,5350,6185
5594.449,5351,6185
5594.912,5352,6185
5595.76,5353,6185
5596.333,5354,6185
5596.76,5355,6185
5597.536,5356,6187
5597.976,5357,6187
5598.194,5358,6187
5599.029,5359,6187
5599.393,5360,6187
5599.723,5361,6187
5599.805,5362,6187
5600.55,5363,6187
5600.584,5364,6187
5600.745,5365,6187
5602.468,5366,6187
5602.57,5367,6187
5603.428,5368,6187
5603.766,5369,6187
5604.168,5370,6187
5609.205,5371,6187
5611.033,5372,6187
5612.816,5373,6187
5613.63,5374,6187
5614.119,5375,6187
5618.971,5376,6187
5621.511,5377,6187
5624.517,5378,6187
5636.656,5379,6187
5637.657,5380,6187
5638.874,5381,6187
5639.235,5382,6187
5644.006,5383,6187
5647.946,5384,6187
5650.701,5385,6187
5650.894,5386,6187
5659.369,5387,6187
5666.78,5388,6187
5674.632,5389,6187
5691.209,5390,6187
5691.861,5391,6187
5693.826,5392,6187
5693.865,5393,6187
5695.602,5394,6187
5699.617,5395,6187
5700.733,5396,6187
5702.547,5397,6187
5709.09,5398,6187
5711.179,5399,6187
5711.413,5400,6187
5713.514,5401,6187
5716.111,5402,6187
5725.979,5403,6187
5741.989,5404,6187
5743.797,5405,6187
5745.506,5406,6187
5748.42,5407,6187
5760.331,5408,6187
5762.672,5409,6187
5765.111,5410,6187
5766.147,5411,6187
5775.453,5412,6187
5784.299,5413,6187
5841.698,5414,6187
5843.303,5415,6187
5843.305,5416,6187
5845.074,5417,6187
5847.087,5418,6187
5847.373,5419,6187
5847.452,5420,6187
5847.495,5421,6187
5847.658,5422,6187
5847.711,5423,6187
5847.767,5424,6187
5848.178,5425,6187
5848.484,5426,6187
5848.949,5427,6187
5849.056,5428,6187
5849.091,5429,6187
5849.536,5430,6187
5849.573,5431,6187
5849.627,5432,6187
5850.293,5433,6187
5850.342,5434,6187
5850.796,5435,6187
5850.881,5436,6187
5851.076,5437,6187
5851.259,5438,6187
5853.387,5439,6187
5853.586,5440,6187
5856.192,5441,6187
5856.424,5442,6187
5874.141,5443,6187
5874.746,5444,6187
5881.582,5445,6187
5887.889,5446,6187
5888.218,5447,6187
5889.806,5448,6187
5889.899,5449,6187
5907.595,5450,6187
5907.897,5451,6187
5935.37,5452,6187
5937.354,5453,6187
5937.386,5454,6187
5937.665,5455,6187
5937.704,5456,6187
5937.738,5457,6187
5937.756,5458,6187
5937.878,5459,6187
5938.63,5460,6187
5940.569,5461,6187
5940.67,5462,6187
5947.106,5463,6187
5948.072,5464,6187
5955.168,5465,6187
5956.18,5466,6187
5956.908,5467,6187
5957.13,5468,6187
5957.451,5469,6187
5959.984,5470,6187
5960.9,5471,6187
5974.533,5472,6187
6007.186,5473,6187
6028.446,5474,6187
6029.824,5475,6188
6037.857,5476,6188
6074.182,5477,6188
6080.562,5478,6188
6091.65,5479,6188
6100.725,5480,6188
6100.847,5481,6188
6117.0,5482,6188
6120.628,5483,6188
6125.166,5484,6188
6140.731,5485,6188
6221.184,5486,6188
6236.635,5487,6188
6254.134,5488,6188
6255.557,5489,6188
6260.181,5490,6188
6290.3,5491,6188
6290.442,5492,6188
6290.466,5493,6188
6290.565,5494,6188
6290.619,5495,6188
6291.666,5496,6188
6298.4,5497,6188
6303.735,5498,6188
6309.918,5499,6188
6311.141,5500,6188
6347.874,5501,6188
6347.942,5502,6188
6348.138,5503,6188
6348.437,5504,6188
6348.455,5505,6188
6349.866,5506,6188
6350.666,5507,6188
6351.254,5508,6188
6351.677,5509,6188
6354.22,5510,6188
6354.484,5511,6188
6357.649,5512,6188
6357.672,5513,6188
6357.682,5514,6188
6364.833,5515,6188
6378.202,5516,6188
6399.286,5517,6188
6418.19,5518,6188
6690.283,5519,6188
6693.145,5520,6188
6704.067,5521,6188
6711.52,5522,6188
6720.321,5523,6188
6723.371,5524,6188
6723.395,5525,6188
6735.411,5526,6188
6753.195,5527,6188
6753.458,5528,6188
6753.955,5529,6188
6754.116,5530,6188
6755.447,5531,6188
6756.0,5532,6188
6756.471,5533,6188
6757.163,5534,6188
6759.217,5535,6188
6760.192,5536,6188
6760.453,5537,6188
6762.643,5538,6188
6762.946,5539,6188
6763.545,5540,6188
6764.7,5541,6188
6764.796,5542,6188
6772.55,5543,6188
6786.975,5544,6188
6797.229,5545,6188
6797.356,5546,6188
6797.398,5547,6188
6797.53,5548,6188
6799.125,5549,6188
6799.501,5550,6188
6799.521,5551,6188
6800.289,5552,6188
6800.516,5553,6188
6800.788,5554,6188
6801.048,5555,6188
6801.152,5556,6188
6801.473,5557,6188
6801.736,5558,6188
6801.799,5559,6188
6801.996,5560,6188
6802.895,5561,6188
6803.246,5562,6188
6803.336,5563,6188
6803.765,5564,6188
6803.915,5565,6188
6804.726,5566,6188
6804.964,5567,6188
6805.002,5568,6188
6806.824,5569,6188
6807.066,5570,6188
6807.097,5571,6188
6807.738,5572,6188
6808.616,5573,6188
6810.172,5574,6188
6810.74,5575,6188
6811.243,5576,6188
6811.369,5577,6188
6812.419,5578,6188
6815.55,5579,6188
6816.148,5580,6188
6816.225,5581,6188
6817.346,5582,6188
6817.91,5583,6188
6833.032,5584,6188
6837.263,5585,6188
6842.041,5586,6188
6844.964,5587,6188
6844.976,5588,6188
6844.989,5589,6188
6845.558,5590,6188
6851.526,5591,6188
6858.22,5592,6188
6858.843,5593,6188
6906.278,5594,6188
6907.709,5595,6188
6912.014,5596,6189
6913.593,5597,6189
6914.292,5598,6189
6915.64,5599,6189
6934.574,5600,6189
6959.073,5601,6189
6959.161,5602,6189
6985.847,5603,6189
6985.909,5604,6189
6986.135,5605,6189
6988.943,5606,6189
6989.441,5607,6189
6990.299,5608,6189
6999.893,5609,6189
7000.699,5610,6189
7008.973,5611,6189
7022.868,5612,6189
7023.9,5613,6189
7024.292,5614,6189
7031.682,5615,6189
7066.553,5616,6189
7067.294,5617,6189
7074.446,5618,6189
7077.161,5619,6189
7077.211,5620,6189
7077.218,5621,6189
7077.227,5622,6189
7077.235,5623,6189
7077.241,5624,6189
7077.249,5625,6189
7077.256,5626,6189
7077.269,5627,6189
7077.29,5628,6189
7077.315,5629,6189
7077.329,5630,6189
7077.419,5631,6189
7077.607,5632,6189
7078.784,5633,6189
7078.816,5634,6189
7078.876,5635,6189
7078.906,5636,6189
7079.088,5637,6189
7079.095,5638,6189
7079.183,5639,6189
7079.231,5640,6189
7079.236,5641,6189
7079.353,5642,6189
7079.388,5643,6189
7079.393,5644,6189
7079.403,5645,6189
7079.43,5646,6189
7079.735,5647,6189
7081.049,5648,6189
7081.272,5649,6189
7081.665,5650,6189
7082.773,5651,6189
7083.112,5652,6189
7085.793,5653,6189
7085.841,5654,6189
7087.292,5655,6189
7089.362,5656,6189
7089.811,5657,6189
7090.03,5658,6189
7090.758,5659,6189
7106.261,5660,6189
7107.158,5661,6189
7107.497,5662,6189
7117.987,5663,6189
7125.757,5664,6189
7145.296,5665,6189
7232.355,5666,6189
7239.195,5667,6189
7247.338,5668,6189
7249.975,5669,6189
7251.314,5670,6189
7251.759,5671,6189
7254.104,5672,6189
7260.291,5673,6189
7260.444,5674,6189
7264.133,5675,6189
7267.508,5676,6189
7277.499,5677,6189
7288.391,5678,6189
7289.823,5679,6189
7290.03,5680,6189
7290.698,5681,6189
7310.782,5682,6189
7311.295,5683,6189
7311.437,5684,6190
7312.221,5685,6190
7312.453,5686,6190
7314.168,5687,6190
7314.435,5688,6190
7315.303,5689,6191
7315.857,5690,6191
7316.063,5691,6191
7316.871,5692,6191
7318.837,5693,6191
7328.744,5694,6191
7329.871,5695,6191
7331.445,5696,6191
7333.806,5697,6191
7336.779,5698,6191
7339.68,5699,6191
7343.511,5700,6191
7347.641,5701,6191
7373.852,5702,6191
7373.915,5703,6191
7373.979,5704,6191
7374.689,5705,6191
7374.757,5706,6191
7374.837,5707,6191
7374.895,5708,6191
7374.919,5709,6191
7375.027,5710,6191
7375.081,5711,6191
7375.267,5712,6191
7375.318,5713,6191
7375.363,5714,6191
7375.456,5715,6191
7375.684,5716,6191
7375.828,5717,6191
7376.535,5718,6191
7376.879,5719,6191
7376.915,5720,6191
7377.051,5721,6191
7377.609,5722,6191
7377.837,5723,6191
7378.519,5724,6191
7378.706,5725,6191
7378.755,5726,6191
7378.913,5727,6191
7379.383,5728,6191
7380.187,5729,6192
7380.619,5730,6192
7381.562,5731,6192
7382.08,5732,6192
7382.157,5733,6192
7383.136,5734,6192
7383.644,5735,6192
7384.538,5736,6192
7384.818,5737,6192
7384.951,5738,6192
7385.038,5739,6192
7385.721,5740,6192
7385.857,5741,6192
7385.948,5742,6192
7386.738,5743,6192
7386.952,5744,6192
7387.386,5745,6192
7387.589,5746,6192
7387.777,5747,6192
7387.996,5748,6192
7388.108,5749,6192
7389.585,5750,6192
7389.723,5751,6192
7390.458,5752,6192
7391.355,5753,6192
7393.599,5754,6192
7394.705,5755,6192
7394.91,5756,6192
7395.098,5757,6192
7397.813,5758,6192
7398.503,5759,6192
7398.639,5760,6192
7399.11,5761,6192
7400.612,5762,6192
7400.629,5763,6192
7402.265,5764,6192
7402.498,5765,6192
7404.744,5766,6192
7407.543,5767,6192
7407.75,5768,6192
7408.07,5769,6192
7408.502,5770,6192
7408.62,5771,6192
7409.578,5772,6192
7411.161,5773,6192
7411.732,5774,6192
7412.324,5775,6192
7413.179,5776,6192
7415.129,5777,6192
7415.915,5778,6193
7417.975,5779,6193
7418.617,5780,6193
7419.025,5781,6193
7420.449,5782,6193
7421.189,5783,6193
7422.32,5784,6193
7430.03,5785,6193
7430.132,5786,6193
7430.228,5787,6193
7431.334,5788,6193
7435.35,5789,6193
7456.982,5790,6196
7460.493,5791,6196
7460.99,5792,6196
7462.254,5793,6196
7468.818,5794,6196
7473.821,5795,6196
7475.896,5796,6196
7475.995,5797,6196
7478.007,5798,6197
7480.245,5799,6197
7480.488,5800,6197
7484.661,5801,6197
7487.554,5802,6197
7491.767,5803,6197
7492.939,5804,6197
7527.479,5805,6197
7529.834,5806,6197
7540.765,5807,6197
7541.068,5808,6199
7541.535,5809,6199
7542.604,5810,6199
7542.78,5811,6199
7544.159,5812,6199
7566.861,5813,6199
7567.072,5814,6199
7567.52,5815,6199
7567.589,5816,6199
7572.036,5817,6199
7572.052,5818,6199
7594.606,5819,6199
7596.14,5820,6199
7599.118,5821,6199
7599.155,5822,6199
7599.321,5823,6199
7599.587,5824,6199
7599.91,5825,6199
7600.51,5826,6199
7601.898,5827,6199
7602.05,5828,6199
7602.541,5829,6199
7602.614,5830,6202
7602.931,5831,6202
7603.06,5832,6204
7608.473,5833,6204
7609.142,5834,6204
7610.397,5835,6204
7613.179,5836,6204
7615.216,5837,6204
7620.24,5838,6204
7620.331,5839,6204
7620.454,5840,6204
7620.621,5841,6204
7623.982,5842,6204
7627.741,5843,6204
7629.541,5844,6204
7640.083,5845,6204
7644.192,5846,6204
7669.828,5847,6204
7670.686,5848,6204
7683.04,5849,6204
7684.89,5850,6204
7686.721,5851,6204
7700.054,5852,6204
7722.995,5853,6204
7731.26,5854,6204
7736.011,5855,6204
7751.02,5856,6204
7766.962,5857,6204
7813.314,5858,6204
7813.779,5859,6204
7813.872,5860,6204
7814.283,5861,6204
7814.402,5862,6204
7814.557,5863,6204
7814.683,5864,6204
7815.089,5865,6204
7815.455,5866,6204
7817.534,5867,6204
7818.704,5868,6204
7819.201,5869,6204
7820.571,5870,6204
7825.436,5871,6204
7827.278,5872,6204
7828.665,5873,6204
7828.849,5874,6204
7829.23,5875,6204
7829.358,5876,6204
7830.373,5877,6204
7844.701,5878,6205
7849.82,5879,6205
7858.613,5880,6205
7873.732,5881,6205
7875.188,5882,6205
7876.062,5883,6205
7877.079,5884,6205
7881.279,5885,6205
7883.282,5886,6205
7885.68,5887,6205
7898.305,5888,6205
7898.792,5889,6205
7907.199,5890,6205
7907.783,5891,6205
7908.694,5892,6205
7919.294,5893,6205
7920.205,5894,6205
7922.698,5895,6205
7923.838,5896,6205
7935.857,5897,6205
7940.126,5898,6205
7945.078,5899,6205
7951.824,5900,6205
7952.806,5901,6205
7955.258,5902,6205
7960.099,5903,6205
7962.035,5904,6205
7993.024,5905,6205
7994.697,5906,6205
7998.527,5907,6205
8000.787,5908,6205
8002.443,5909,6205
8002.449,5910,6205
8002.455,5911,6205
8006.485,5912,6205
8009.749,5913,6205
8010.504,5914,6205
8012.986,5915,6205
8015.968,5916,6205
8024.937,5917,6205
8076.707,5918,6205
8076.758,5919,6205
8076.847,5920,6205
8078.561,5921,6205
8079.26,5922,6205
8079.803,5923,6205
8080.718,5924,6205
8080.736,5925,6205
8081.192,5926,6205
8082.171,5927,6205
8084.05,5928,6205
8087.567,5929,6205
8087.961,5930,6205
8090.079,5931,6205
8090.349,5932,6205
8091.132,5933,6205
8091.266,5934,6205
8091.514,5935,6205
8093.442,5936,6205
8097.911,5937,6205
8110.56,5938,6205
8110.622,5939,6205
8110.732,5940,6205
8112.471,5941,6205
8120.369,5942,6205
8121.767,5943,6205
8122.333,5944,6205
8123.709,5945,6205
8123.801,5946,6205
8124.003,5947,6205
8124.076,5948,6205
8124.231,5949,6205
8125.197,5950,6205
8125.713,5951,6205
8126.326,5952,6205
8126.582,5953,6205
8127.521,5954,6205
8128.133,5955,6205
8128.509,5956,6205
8128.779,5957,6205
8128.936,5958,6205
8129.387,5959,6205
8129.413,5960,6205
8132.742,5961,6205
8134.212,5962,6205
8135.327,5963,6205
8136.196,5964,6205
8137.827,5965,6205
8138.167,5966,6205
8139.71,5967,6205
8139.853,5968,6205
8145.248,5969,6205
8145.392,5970,6205
8145.859,5971,6205
8148.465,5972,6205
8149.212,5973,6205
8149.282,5974,6205
8149.698,5975,6205
8151.06,5976,6205
8152.411,5977,6205
8153.032,5978,6205
8153.921,5979,6205
8156.559,5980,6205
8160.757,5981,6205
8161.027,5982,6205
8167.393,5983,6205
8168.266,5984,6205
8171.588,5985,6205
8189.455,5986,6205
8202.773,5987,6205
8202.792,5988,6205
8206.879,5989,6205
8214.583,5990,6205
8226.439,5991,6205
8242.795,5992,6205
8245.959,5993,6205
8251.307,5994,6205
8278.563,5995,6205
8280.531,5996,6205
8281.015,5997,6205
8281.598,5998,6205
8281.871,5999,6205
8283.947,6000,6205
8284.135,6001,6205
8285.821,6002,6205
8286.054,6003,6205
8291.406,6004,6205
8292.044,6005,6205
8292.884,6006,6205
8295.67,6007,6205
8296.347,6008,6205
8296.536,6009,6205
8296.558,6010,6205
8296.649,6011,6205
8320.452,6012,6205
8323.14,6013,6205
8324.802,6014,6205
8324.99,6015,6205
8325.014,6016,6205
8325.162,6017,6205
8325.544,6018,6205
8328.116,6019,6205
8328.426,6020,6205
8332.646,6021,6205
8332.703,6022,6205
8333.305,6023,6205
8336.737,6024,6205
8347.428,6025,6205
8347.586,6026,6205
8349.771,6027,6205
8351.351,6028,6205
8353.104,6029,6205
8354.152,6030,6205
8357.513,6031,6205
8358.303,6032,6205
8358.591,6033,6205
8360.243,6034,6206
8360.505,6035,6206
8363.086,6036,6206
8371.868,6037,6206
8371.994,6038,6206
8372.111,6039,6206
8373.348,6040,6206
8373.649,6041,6206
8383.365,6042,6206
8387.05,6043,6206
8389.003,6044,6206
8389.197,6045,6206
8389.404,6046,6206
8390.323,6047,6206
8393.154,6048,6206
8395.661,6049,6206
8396.19,6050,6206
8406.887,6051,6206
8412.158,6052,6206
8420.823,6053,6206
8424.221,6054,6206
8425.104,6055,6206
8439.766,6056,6206
8447.7,6057,6206
8480.473,6058,6206
8480.482,6059,6207
8486.96,6060,6207
8498.994,6061,6207
8517.374,6062,6207
8517.598,6063,6207
8544.704,6064,6207
8544.865,6065,6207
8544.872,6066,6207
8545.238,6067,6207
8545.241,6068,6207
8545.295,6069,6207
8546.05,6070,6207
8546.301,6071,6207
8547.175,6072,6207
8547.443,6073,6207
8547.95,6074,6207
8548.308,6075,6207
8548.548,6076,6207
8549.117,6077,6207
8554.287,6078,6207
8570.36,6079,6207
8583.48,6080,6207
8585.362,6081,6207
8585.615,6082,6207
8586.026,6083,6207
8587.073,6084,6207
8587.875,6085,6207
8588.589,6086,6207
8590.324,6087,6207
8590.369,6088,6207
8590.861,6089,6207
8591.757,6090,6207
8592.486,6091,6207
8593.407,6092,6207
8594.623,6093,6207
8594.934,6094,6207
8596.139,6095,6207
8596.249,6096,6207
8597.143,6097,6207
8597.154,6098,6208
8601.244,6099,6208
8612.916,6100,6209
8623.949,6101,6209
8625.074,6102,6209
8625.582,6103,6209
8629.136,6104,6209
8639.58,6105,6209
8657.629,6106,6209
8681.616,6107,6209
8687.425,6108,6209
8765.052,6109,6209
8765.243,6110,6209
8767.03,6111,6209
8774.445,6112,6209
8794.463,6113,6209
8806.637,6114,6209
8819.268,6115,6209
8819.28,6116,6209
8822.299,6117,6209
8822.851,6118,6209
8823.602,6119,6209
8823.805,6120,6209
8823.838,6121,6209
8827.247,6122,6209
8828.209,6123,6209
8828.736,6124,6209
8830.562,6125,6209
8831.267,6126,6209
8840.742,6127,6209
8876.077,6128,6209
8876.96,6129,6209
8883.339,6130,6209
8884.85,6131,6209
8887.953,6132,6209
8891.363,6133,6209
8893.023,6134,6209
8925.262,6135,6209
8925.482,6136,6209
8925.974,6137,6209
8926.154,6138,6209
8926.461,6139,6209
8927.092,6140,6209
8927.383,6141,6209
8927.89,6142,6209
8928.013,6143,6209
8928.283,6144,6209
8928.561,6145,6209
8929.175,6146,6209
8929.405,6147,6209
8929.577,6148,6209
8929.799,6149,6209
8929.944,6150,6209
8930.122,6151,6209
8930.681,6152,6209
8932.906,6153,6209
8933.112,6154,6209
8933.374,6155,6209
8941.826,6156,6209
8944.076,6157,6209
8987.07,6158,6209
9017.482,6159,6209
9021.559,6160,6209
9034.927,6161,6209
9034.953,6162,6209
9035.085,6163,6209
9035.239,6164,6209
9035.346,6165,6209
9036.813,6166,6209
9038.456,6167,6209
9040.341,6168,6209
9040.485,6169,6209
9040.771,6170,6209
9040.894,6171,6209
9041.635,6172,6209
9041.701,6173,6209
9041.958,6174,6209
9042.024,6175,6209
9044.648,6176,6209
9046.553,6177,6209
9073.002,6178,6209
9073.024,6179,6209
9080.363,6180,6209
9080.474,6181,6209
9103.511,6182,6209
9130.633,6183,6209
9130.703,6184,6209
9131.216,6185,6209
9133.323,6186,6209
9135.234,6187,6209
9140.244,6188,6209
9143.115,6189,6209
9145.819,6190,6209
9164.122,6191,6209
9166.776,6192,6209
9170.729,6193,6209
9180.6,6194,6209
9189.179,6195,6209
9189.321,6196,6209
9193.603,6197,6209
9194.079,6198,6209
9198.526,6199,6209
9208.686,6200,6209
9210.6,6201,6209
9220.583,6202,6209
9343.764,6203,6209
9352.804,6204,6209
9353.059,6205,6209
9353.086,6206,6209
9353.143,6207,6209
9353.164,6208,6209
9353.593,6209,6209
9353.616,6210,6209
9354.787,6211,6209
9355.599,6212,6209
9358.194,6213,6209
9359.13,6214,6209
9359.227,6215,6209
9359.56,6216,6209
9359.742,6217,6209
9359.993,6218,6209
9360.868,6219,6209
9361.208,6220,6209
9362.045,6221,6209
9362.349,6222,6209
9363.194,6223,6209
9365.026,6224,6209
9365.46,6225,6209
9369.604,6226,6209
9369.909,6227,6209
9373.749,6228,6209
9374.137,6229,6209
9398.255,6230,6209
9407.779,6231,6209
9448.635,6232,6209
9449.097,6233,6209
9452.552,6234,6209
9469.136,6235,6209
9507.835,6236,6209
9507.927,6237,6209
9510.525,6238,6209
9513.173,6239,6209
9514.208,6240,6209
9517.924,6241,6209
9522.847,6242,6209
9525.392,6243,6209
9525.489,6244,6209
9531.532,6245,6209
9536.721,6246,6209
9537.429,6247,6209
9598.499,6248,6209
9603.46,6249,6209
9607.267,6250,6209
9608.215,6251,6209
9654.743,6252,6209
9673.648,6253,6209
9684.945,6254,6209
9686.119,6255,6209
9686.452,6256,6209
9687.231,6257,6209
9697.65,6258,6209
9700.08,6259,6209
9710.154,6260,6209
9733.762,6261,6209
9733.834,6262,6209
9733.928,6263,6209
9733.945,6264,6209
9734.709,6265,6209
9734.996,6266,6209
9735.045,6267,6209
9735.421,6268,6209
9735.47,6269,6209
9736.013,6270,6209
9736.254,6271,6209
9737.524,6272,6209
9737.656,6273,6209
9738.768,6274,6209
9740.421,6275,6209
9743.912,6276,6209
9745.459,6277,6209
9749.506,6278,6209
9754.527,6279,6209
9754.932,6280,6209
9773.24,6281,6209
9774.269,6282,6209
9786.575,6283,6209
9786.832,6284,6209
9834.096,6285,6209
9847.775,6286,6210
9848.398,6287,6210
9856.672,6288,6210
9856.828,6289,6210
9857.076,6290,6210
9857.164,6291,6210
9857.276,6292,6210
9857.602,6293,6210
9858.55,6294,6210
9858.826,6295,6210
9859.469,6296,6210
9859.606,6297,6210
9860.249,6298,6210
9860.402,6299,6210
9860.637,6300,6210
9861.425,6301,6210
9865.621,6302,6210
9866.159,6303,6210
9869.64,6304,6210
9877.744,6305,6210
9883.131,6306,6210
9883.415,6307,6210
9885.391,6308,6210
9895.603,6309,6210
9912.482,6310,6210
9912.603,6311,6210
9912.964,6312,6210
9913.198,6313,6210
9913.518,6314,6210
9914.518,6315,6210
9917.677,6316,6210
9918.926,6317,6210
9919.769,6318,6210
9922.226,6319,6210
9925.844,6320,6210
9928.329,6321,6210
9929.269,6322,6210
9932.091,6323,6210
9932.93,6324,6210
9936.518,6325,6210
9936.929,6326,6210
9939.004,6327,6210
9942.017,6328,6210
9947.435,6329,6210
9949.267,6330,6210
9960.18,6331,6210
10039.414,6332,6210
10041.152,6333,6210
10064.11,6334,6210
10068.561,6335,6210
10106.75,6336,6210
10108.643,6337,6210
10114.784,6338,6210
10119.596,6339,6210
10127.465,6340,6210
10191.358,6341,6210
10191.454,6342,6210
10225.16,6343,6210
10225.563,6344,6210
10231.002,6345,6210
10231.039,6346,6210
10231.135,6347,6210
10231.171,6348,6210
10231.264,6349,6210
10231.355,6350,6210
10231.453,6351,6210
10231.613,6352,6210
10231.696,6353,6210
10231.76,6354,6210
10232.95,6355,6210
10233.719,6356,6210
10234.282,6357,6210
10234.578,6358,6210
10235.441,6359,6210
10235.597,6360,6210
10236.044,6361,6210
10236.24,6362,6210
10236.335,6363,6210
10236.498,6364,6210
10239.16,6365,6210
10241.601,6366,6210
10243.281,6367,6210
10244.789,6368,6210
10245.41,6369,6210
10245.557,6370,6210
10247.277,6371,6210
10247.827,6372,6210
10253.255,6373,6210
10255.087,6374,6210
10255.588,6375,6210
10259.775,6376,6210
10264.473,6377,6210
10279.2,6378,6210
10287.943,6379,6210
10301.807,6380,6210
10307.23,6381,6210
10314.099,6382,6210
10317.283,6383,6210
10317.593,6384,6210
10317.611,6385,6210
10318.627,6386,6210
10318.685,6387,6210
10318.973,6388,6210
10319.809,6389,6210
10320.519,6390,6210
10320.747,6391,6210
10320.846,6392,6210
10320.928,6393,6210
10321.008,6394,6210
10324.564,6395,6210
10327.673,6396,6210
10328.1,6397,6210
10329.267,6398,6210
10329.382,6399,6210
10335.813,6400,6210
10336.947,6401,6210
10342.425,6402,6210
10368.871,6403,6210
10376.617,6404,6210
10377.212,6405,6210
10377.73,6406,6210
10378.014,6407,6210
10378.487,6408,6210
10381.534,6409,6210
10382.141,6410,6210
10384.852,6411,6210
10385.761,6412,6210
10389.566,6413,6210
10395.945,6414,6210
10400.97,6415,6210
10402.797,6416,6210
10415.823,6417,6210
10416.658,6418,6210
10417.277,6419,6210
10417.929,6420,6210
10418.236,6421,6210
10418.379,6422,6210
10418.746,6423,6210
10419.916,6424,6210
10420.052,6425,6210
10424.547,6426,6210
10426.82,6427,6210
10431.4,6428,6210
10434.503,6429,6210
10447.821,6430,6210
10486.079,6431,6210
10486.094,6432,6210
10486.108,6433,6210
10486.135,6434,6210
10486.152,6435,6210
10486.167,6436,6210
10486.19,6437,6210
10486.21,6438,6210
10486.253,6439,6210
10486.294,6440,6210
10486.323,6441,6210
10486.362,6442,6210
10486.379,6443,6210
10486.396,6444,6210
10486.436,6445,6210
10486.471,6446,6210
10486.496,6447,6210
10486.54,6448,6210
10486.554,6449,6210
10486.694,6450,6210
10486.723,6451,6210
10486.769,6452,6210
10486.794,6453,6210
10486.819,6454,6210
10486.835,6455,6210
10487.413,6456,6210
10489.399,6457,6210
10490.063,6458,6210
10490.083,6459,6210
10490.534,6460,6210
10490.914,6461,6210
10491.559,6462,6210
10492.14,6463,6210
10492.429,6464,6210
10492.452,6465,6210
10493.011,6466,6210
10493.111,6467,6210
10493.537,6468,6210
10493.591,6469,6210
10493.735,6470,6210
10495.029,6471,6210
10496.321,6472,6210
10497.923,6473,6210
10497.965,6474,6210
10498.317,6475,6210
10498.491,6476,6210
10498.932,6477,6210
10498.95,6478,6210
10499.617,6479,6210
10500.618,6480,6210
10501.406,6481,6210
10502.321,6482,6210
10502.592,6483,6210
10503.648,6484,6210
10505.718,6485,6210
10506.366,6486,6210
10506.572,6487,6210
10507.375,6488,6210
10508.725,6489,6210
10512.161,6490,6210
10560.274,6491,6210
10565.562,6492,6210
10574.592,6493,6210
10583.992,6494,6210
10585.234,6495,6210
10585.683,6496,6210
10585.969,6497,6210
10586.313,6498,6210
10587.234,6499,6210
10587.703,6500,6210
10587.734,6501,6210
10587.945,6502,6210
10588.38,6503,6210
10589.152,6504,6210
10590.296,6505,6210
10590.768,6506,6210
10590.798,6507,6210
10591.364,6508,6210
10591.619,6509,6210
10592.087,6510,6210
10594.779,6511,6210
10596.197,6512,6210
10598.321,6513,6210
10599.119,6514,6210
10602.428,6515,6210
10603.897,6516,6210
10608.411,6517,6210
10608.601,6518,6210
10609.227,6519,6210
10612.114,6520,6210
10613.774,6521,6210
10620.904,6522,6210
10623.213,6523,6210
10629.405,6524,6210
10647.389,6525,6210
10660.121,6526,6210
10684.31,6527,6210
10749.762,6528,6210
10751.008,6529,6210
10761.806,6530,6210
10784.978,6531,6210
10784.991,6532,6210
10785.397,6533,6210
10785.48,6534,6210
10798.28,6535,6210
10806.707,6536,6210
10817.828,6537,6210
10819.86,6538,6210
10821.899,6539,6210
10827.704,6540,6210
10833.707,6541,6210
10842.908,6542,6210
10845.994,6543,6210
10932.807,6544,6210
10947.103,6545,6210
10958.346,6546,6210
10975.811,6547,6210
10989.29,6548,6210
10989.426,6549,6210
11010.012,6550,6210
11034.254,6551,6210
11035.885,6552,6210
11036.454,6553,6210
11036.651,6554,6210
11037.774,6555,6210
11044.185,6556,6210
11044.253,6557,6210
11044.278,6558,6210
11044.289,6559,6210
11044.704,6560,6210
11046.253,6561,6210
11046.841,6562,6210
11053.62,6563,6210
11062.182,6564,6210
11083.956,6565,6210
11118.058,6566,6210
11182.454,6567,6210
11211.071,6568,6210
11211.128,6569,6210
11231.267,6570,6210
11237.654,6571,6211
11247.175,6572,6211
11247.59,6573,6211
11247.698,6574,6211
11263.405,6575,6211
11264.863,6576,6211
11290.967,6577,6211
11308.273,6578,6211
11309.547,6579,6211
11325.341,6580,6211
11325.972,6581,6211
11328.981,6582,6211
11332.422,6583,6211
11372.459,6584,6213
11373.428,6585,6213
11379.203,6586,6213
11379.219,6587,6213
11379.3,6588,6213
11379.328,6589,6213
11380.389,6590,6213
11381.464,6591,6213
11381.549,6592,6213
11381.668,6593,6213
11381.994,6594,6213
11382.276,6595,6213
11382.452,6596,6213
11383.269,6597,6213
11383.785,6598,6213
11386.43,6599,6213
11386.605,6600,6213
11387.4,6601,6213
11387.894,6602,6213
11392.033,6603,6213
11394.081,6604,6213
11394.419,6605,6213
11396.61,6606,6213
11397.819,6607,6213
11399.255,6608,6213
11408.127,6609,6213
11411.845,6610,6213
11423.86,6611,6213
11439.21,6612,6213
11443.005,6613,6213
11460.588,6614,6213
11461.173,6615,6213
11526.919,6616,6213
11527.219,6617,6213
11527.58,6618,6213
11530.211,6619,6213
11545.0,6620,6213
11545.259,6621,6213
11545.434,6622,6213
11545.653,6623,6213
11546.723,6624,6213
11546.823,6625,6213
11547.062,6626,6213
11549.44,6627,6213
11555.394,6628,6213
11555.636,6629,6213
11556.213,6630,6213
11557.667,6631,6213
11559.731,6632,6213
11559.97,6633,6213
11560.529,6634,6213
11561.271,6635,6213
11562.38,6636,6213
11565.052,6637,6213
11566.076,6638,6213
11568.784,6639,6213
11569.291,6640,6213
11580.653,6641,6213
11580.705,6642,6213
11580.719,6643,6213
11580.801,6644,6213
11600.003,6645,6213
11600.078,6646,6213
11600.116,6647,6213
11600.415,6648,6213
11600.46,6649,6213
11600.718,6650,6213
11602.22,6651,6213
11618.247,6652,6213
11623.576,6653,6213
11643.163,6654,6213
11645.2,6655,6213
11671.121,6656,6213
11789.096,6657,6213
11802.862,6658,6213
11819.952,6659,6213
11823.007,6660,6213
11823.168,6661,6213
11823.181,6662,6213
11823.316,6663,6213
11824.061,6664,6213
11825.086,6665,6213
11825.658,6666,6213
11825.946,6667,6213
11826.504,6668,6213
11833.263,6669,6213
11833.511,6670,6213
11836.143,6671,6213
11838.283,6672,6213
11839.864,6673,6213
11849.439,6674,6213
11855.109,6675,6213
11884.652,6676,6213
11886.804,6677,6213
11908.182,6678,6213
11908.981,6679,6214
11913.173,6680,6214
11915.382,6681,6214
11917.744,6682,6214
11918.403,6683,6214
11918.485,6684,6214
11918.518,6685,6214
11918.543,6686,6214
11918.842,6687,6214
11920.04,6688,6214
11922.469,6689,6214
11922.558,6690,6214
11923.175,6691,6215
11927.641,6692,6216
11931.311,6693,6216
11935.994,6694,6216
11966.312,6695,6216
11966.342,6696,6216
11971.722,6697,6216
11971.92,6698,6216
11972.345,6699,6216
11974.394,6700,6216
11988.07,6701,6216
11990.67,6702,6216
11992.025,6703,6216
11992.238,6704,6216
11993.406,6705,6216
11999.357,6706,6216
11999.757,6707,6216
11999.836,6708,6216
12000.491,6709,6216
12001.186,6710,6216
12010.284,6711,6216
12010.393,6712,6216
12027.794,6713,6216
12029.809,6714,6216
12029.932,6715,6216
12029.989,6716,6216
12031.312,6717,6216
12037.002,6718,6216
12042.375,6719,6216
12055.931,6720,6216
12065.746,6721,6216
12074.063,6722,6216
12076.996,6723,6216
12083.159,6724,6216
12083.286,6725,6216
12083.372,6726,6216
12083.481,6727,6216
12084.106,6728,6216
12088.306,6729,6216
12089.394,6730,6216
12096.607,6731,6216
12126.816,6732,6216
12133.597,6733,6216
12139.409,6734,6216
12156.067,6735,6216
12156.534,6736,6216
12156.845,6737,6216
12156.963,6738,6216
12157.078,6739,6216
12157.652,6740,6216
12160.213,6741,6216
12163.988,6742,6216
12164.671,6743,6216
12166.183,6744,6216
12167.418,6745,6216
12168.131,6746,6216
12171.897,6747,6216
12177.905,6748,6216
12178.292,6749,6216
12179.049,6750,6216
12180.227,6751,6216
12181.254,6752,6216
12182.455,6753,6216
12186.908,6754,6216
12187.434,6755,6216
12201.156,6756,6216
12205.229,6757,6216
12222.315,6758,6216
12233.989,6759,6216
12242.003,6760,6216
12242.129,6761,6216
12248.162,6762,6216
12266.255,6763,6216
12270.69,6764,6216
12282.076,6765,6216
12282.282,6766,6216
12308.413,6767,6216
12309.455,6768,6216
12314.119,6769,6216
12326.911,6770,6216
12327.064,6771,6216
12342.122,6772,6216
12350.957,6773,6216
12351.344,6774,6216
12351.799,6775,6216
12355.479,6776,6216
12356.255,6777,6216
12356.469,6778,6216
12359.707,6779,6216
12384.224,6780,6216
12385.67,6781,6216
12385.809,6782,6216
12394.527,6783,6216
12406.806,6784,6216
12407.01,6785,6216
12407.513,6786,6216
12436.616,6787,6216
12439.026,6788,6216
12442.184,6789,6216
12443.004,6790,6216
12470.404,6791,6216
12470.514,6792,6216
12473.05,6793,6216
12478.689,6794,6216
12480.363,6795,6216
12481.142,6796,6216
12492.756,6797,6216
12496.876,6798,6216
12498.185,6799,6216
12505.6,6800,6216
12507.577,6801,6216
12513.557,6802,6216
12544.643,6803,6216
12554.518,6804,6216
12554.532,6805,6216
12555.079,6806,6216
12578.16,6807,6216
12578.269,6808,6216
12585.46,6809,6216
12585.758,6810,6216
12585.865,6811,6216
12585.936,6812,6216
12586.929,6813,6216
12588.095,6814,6216
12593.029,6815,6216
12597.875,6816,6216
12599.277,6817,6216
12606.857,6818,6216
12615.044,6819,6216
12623.796,6820,6216
12624.02,6821,6216
12624.05,6822,6216
12624.277,6823,6216
12624.497,6824,6216
12625.171,6825,6216
12626.379,6826,6216
12627.719,6827,6216
12627.821,6828,6216
12628.087,6829,6216
12659.27,6830,6216
12662.397,6831,6216
12670.692,6832,6216
12679.088,6833,6216
12680.855,6834,6216
12681.406,6835,6216
12681.527,6836,6216
12682.231,6837,6216
12682.931,6838,6216
12687.424,6839,6216
12692.739,6840,6216
12708.701,6841,6216
12716.449,6842,6216
12729.286,6843,6216
12731.717,6844,6216
12741.042,6845,6216
12798.173,6846,6216
12798.199,6847,6216
12799.411,6848,6216
12801.431,6849,6216
12831.784,6850,6216
12839.19,6851,6216
12840.397,6852,6216
12840.731,6853,6216
12871.179,6854,6216
12876.893,6855,6216
12878.745,6856,6218
12884.548,6857,6218
12885.903,6858,6218
12886.208,6859,6218
12889.358,6860,6218
12890.186,6861,6218
12904.898,6862,6218
12909.806,6863,6218
12910.427,6864,6218
12914.43,6865,6218
12938.637,6866,6218
12947.086,6867,6218
12961.407,6868,6218
12963.263,6869,6218
12963.713,6870,6221
12976.312,6871,6221
12976.326,6872,6221
12978.158,6873,6221
12978.427,6874,6221
12979.187,6875,6221
12981.063,6876,6221
12986.259,6877,6221
12997.67,6878,6221
13001.852,6879,6221
13019.211,6880,6221
13043.771,6881,6221
13044.097,6882,6221
13044.66,6883,6221
13046.542,6884,6221
13055.302,6885,6221
13063.365,6886,6221
13064.505,6887,6221
13064.941,6888,6221
13071.867,6889,6221
13090.416,6890,6221
13090.632,6891,6221
13090.912,6892,6221
13091.524,6893,6221
13092.222,6894,6221
13093.034,6895,6221
13094.768,6896,6221
13098.563,6897,6221
13099.644,6898,6221
13099.874,6899,6221
13104.445,6900,6221
13104.628,6901,6221
13107.765,6902,6221
13135.688,6903,6221
13149.154,6904,6221
13149.199,6905,6221
13157.747,6906,6221
13157.89,6907,6221
13159.198,6908,6221
13180.629,6909,6224
13183.302,6910,6224
13193.52,6911,6224
13210.011,6912,6224
13213.382,6913,6224
13287.412,6914,6224
13287.439,6915,6224
13289.486,6916,6224
13299.348,6917,6224
13299.61,6918,6224
13300.658,6919,6224
13301.639,6920,6224
13302.015,6921,6224
13303.795,6922,6224
13304.154,6923,6224
13305.094,6924,6224
13305.441,6925,6224
13305.734,6926,6224
13307.739,6927,6224
13309.26,6928,6224
13315.646,6929,6224
13324.68,6930,6224
13325.461,6931,6224
13329.258,6932,6224
13331.143,6933,6224
13332.072,6934,6224
13332.433,6935,6224
13356.228,6936,6224
13369.602,6937,6224
13369.607,6938,6224
13369.884,6939,6224
13381.741,6940,6224
13416.911,6941,6224
13417.481,6942,6224
13418.771,6943,6224
13419.094,6944,6224
13419.144,6945,6224
13419.355,6946,6224
13422.019,6947,6224
13422.344,6948,6224
13424.577,6949,6224
13426.348,6950,6224
13427.679,6951,6224
13429.835,6952,6224
13430.328,6953,6224
13430.578,6954,6225
13434.128,6955,6225
13446.157,6956,6225
13449.748,6957,6225
13457.811,6958,6225
13465.869,6959,6225
13465.872,6960,6225
13475.574,6961,6225
13475.87,6962,6225
13476.456,6963,6225
13476.493,6964,6225
13476.716,6965,6225
13478.981,6966,6225
13480.605,6967,6225
13524.566,6968,6225
13528.066,6969,6225
13564.833,6970,6225
13564.866,6971,6225
13569.585,6972,6225
13569.605,6973,6225
13570.752,6974,6225
13591.609,6975,6225
13591.627,6976,6225
13591.637,6977,6225
13591.675,6978,6225
13591.715,6979,6225
13592.006,6980,6225
13592.128,6981,6225
13592.777,6982,6225
13593.505,6983,6225
13593.854,6984,6225
13593.952,6985,6225
13596.73,6986,6225
13597.248,6987,6225
13598.139,6988,6225
13598.369,6989,6225
13599.433,6990,6225
13601.548,6991,6225
13602.377,6992,6225
13602.424,6993,6225
13606.725,6994,6225
13607.968,6995,6225
13608.627,6996,6225
13608.742,6997,6225
13609.334,6998,6225
13668.642,6999,6225
13668.739,7000,6225
13677.14,7001,6225
13680.217,7002,6225
13694.419,7003,6225
13694.542,7004,6225
13694.586,7005,6225
13694.698,7006,6225
13696.527,7007,6225
13697.656,7008,6225
13698.671,7009,6225
13702.577,7010,6225
13704.815,7011,6225
13710.051,7012,6225
13712.171,7013,6225
13741.985,7014,6225
13742.267,7015,6225
13743.097,7016,6225
13747.52,7017,6225
13755.869,7018,6225
13777.859,7019,6225
13778.008,7020,6225
13779.727,7021,6225
13782.743,7022,6225
13786.131,7023,6225
13789.001,7024,6225
13796.951,7025,6225
13797.025,7026,6225
13797.251,7027,6225
13797.258,7028,6225
13797.436,7029,6225
13797.794,7030,6225
13798.225,7031,6225
13798.417,7032,6225
13799.753,7033,6225
13800.437,7034,6225
13801.071,7035,6225
13801.221,7036,6225
13801.312,7037,6225
13801.538,7038,6225
13810.725,7039,6225
13833.611,7040,6225
13853.355,7041,6225
13859.671,7042,6225
13864.079,7043,6225
13882.646,7044,6225
13882.749,7045,6225
13882.924,7046,6225
13883.103,7047,6225
13883.28,7048,6225
13884.789,7049,6225
13929.805,7050,6225
13949.922,7051,6225
13958.288,7052,6225
13966.485,7053,6225
13967.511,7054,6225
13969.18,7055,6225
13974.172,7056,6225
13981.179,7057,6225
14018.806,7058,6225
14028.831,7059,6225
14048.468,7060,6225
14048.706,7061,6225
14049.927,7062,6225
14058.415,7063,6225
14058.796,7064,6225
14072.814,7065,6225
14134.813,7066,6225
14193.051,7067,6225
14204.19,7068,6225
14204.76,7069,6225
14207.034,7070,6225
14209.156,7071,6225
14209.844,7072,6225
14225.123,7073,6225
14225.45,7074,6225
14229.718,7075,6225
14247.132,7076,6225
14269.705,7077,6225
14273.45,7078,6225
14273.526,7079,6225
14274.029,7080,6225
14274.465,7081,6225
14274.503,7082,6225
14274.801,7083,6225
14275.598,7084,6225
14275.878,7085,6225
14276.702,7086,6225
14277.591,7087,6225
14277.827,7088,6225
14278.183,7089,6225
14278.367,7090,6225
14281.196,7091,6225
14281.676,7092,6225
14282.215,7093,6225
14284.438,7094,6225
14286.161,7095,6225
14290.474,7096,6225
14291.024,7097,6225
14292.559,7098,6225
14333.394,7099,6225
14343.728,7100,6225
14345.075,7101,6225
14347.876,7102,6225
14357.736,7103,6225
14361.546,7104,6225
14369.293,7105,6225
14370.314,7106,6225
14370.706,7107,6225
14374.166,7108,6225
14416.604,7109,6225
14416.67,7110,6225
14428.318,7111,6225
14450.277,7112,6225
14488.067,7113,6225
14490.834,7114,6225
14505.829,7115,6225
14505.904,7116,6225
14507.321,7117,6225
14507.929,7118,6225
14507.972,7119,6225
14508.251,7120,6225
14533.235,7121,6225
14533.347,7122,6225
14533.592,7123,6225
14534.7,7124,6225
14535.606,7125,6225
14536.185,7126,6225
14537.189,7127,6225
14538.812,7128,6225
14545.489,7129,6225
14551.488,7130,6225
14553.095,7131,6225
14554.299,7132,6225
14557.095,7133,6225
14557.108,7134,6225
14557.123,7135,6225
14557.161,7136,6225
14557.198,7137,6225
14557.474,7138,6225
14557.903,7139,6225
14558.092,7140,6225
14559.834,7141,6225
14560.267,7142,6225
14562.62,7143,6225
14566.455,7144,6225
14595.336,7145,6225
14653.557,7146,6225
14653.686,7147,6225
14693.945,7148,6225
14703.274,7149,6225
14703.79,7150,6225
14705.422,7151,6225
14709.822,7152,6225
14710.192,7153,6227
14712.07,7154,6227
14737.528,7155,6227
14756.246,7156,6227
14759.912,7157,6227
14760.939,7158,6227
14808.045,7159,6227
14808.104,7160,6227
14819.87,7161,6227
14821.082,7162,6227
14839.067,7163,6227
14845.596,7164,6227
14845.915,7165,6227
14846.526,7166,6227
14857.913,7167,6227
14894.39,7168,6227
14894.406,7169,6227
14894.42,7170,6227
14894.456,7171,6227
14894.602,7172,6227
14895.145,7173,6227
14895.356,7174,6227
14895.361,7175,6227
14895.762,7176,6227
14896.278,7177,6227
14896.525,7178,6227
14897.208,7179,6227
14897.222,7180,6227
14897.357,7181,6227
14898.786,7182,6227
14900.993,7183,6227
14904.965,7184,6227
14935.464,7185,6227
14949.191,7186,6227
14965.986,7187,6227
14983.299,7188,6227
15000.954,7189,6227
15001.558,7190,6227
15009.422,7191,6227
15021.045,7192,6227
15022.254,7193,6227
15051.982,7194,6227
15053.615,7195,6227
15078.874,7196,6227
15165.588,7197,6227
15168.409,7198,6227
15170.355,7199,6227
15170.693,7200,6227
15194.531,7201,6227
15195.86,7202,6227
15219.041,7203,6227
15236.101,7204,6227
15237.847,7205,6227
15262.193,7206,6227
15299.061,7207,6227
15315.445,7208,6227
15324.283,7209,6227
15324.508,7210,6227
15348.122,7211,6227
15364.055,7212,6227
15370.576,7213,6227
15400.189,7214,6227
15433.533,7215,6227
15434.609,7216,6227
15435.849,7217,6227
15438.101,7218,6227
15438.748,7219,6227
15440.176,7220,6227
15445.226,7221,6227
15471.071,7222,6227
15475.089,7223,6227
15477.546,7224,6227
15508.077,7225,6227
15510.101,7226,6227
15516.835,7227,6227
15529.716,7228,6227
15549.607,7229,6227
15552.936,7230,6227
15555.202,7231,6227
15556.235,7232,6227
15585.925,7233,6227
15614.742,7234,6227
15624.788,7235,6227
15664.641,7236,6227
15666.436,7237,6227
15666.96,7238,6227
15680.014,7239,6227
15680.106,7240,6227
15680.129,7241,6227
15708.01,7242,6227
15748.23,7243,6227
15766.853,7244,6227
15772.576,7245,6227
15774.768,7246,6227
15793.334,7247,6227
15799.636,7248,6227
15830.881,7249,6227
15831.757,7250,6227
15832.251,7251,6227
15832.494,7252,6227
15878.165,7253,6227
15906.855,7254,6227
15922.679,7255,6227
15924.793,7256,6227
15931.785,7257,6227
15931.81,7258,6227
15974.057,7259,6227
15976.559,7260,6227
15986.578,7261,6227
15986.609,7262,6227
16018.895,7263,6227
16029.83,7264,6227
16060.585,7265,6227
16060.777,7266,6227
16073.675,7267,6227
16075.147,7268,6227
16079.375,7269,6227
16123.604,7270,6227
16124.085,7271,6227
16124.145,7272,6227
16177.031,7273,6227
16178.828,7274,6227
16194.663,7275,6227
16225.778,7276,6227
16237.106,7277,6227
16309.169,7278,6227
16348.751,7279,6227
16374.423,7280,6227
16466.201,7281,6227
16466.905,7282,6227
16502.706,7283,6227
16508.349,7284,6227
16511.388,7285,6227
16529.856,7286,6227
16530.756,7287,6227
16530.854,7288,6227
16531.531,7289,6227
16534.071,7290,6227
16537.417,7291,6227
16539.404,7292,6227
16543.751,7293,6227
16544.459,7294,6227
16557.505,7295,6227
16558.151,7296,6227
16606.593,7297,6227
16606.607,7298,6227
16741.725,7299,6227
16741.938,7300,6227
16741.996,7301,6227
16742.231,7302,6227
16742.881,7303,6227
16743.576,7304,6227
16744.939,7305,6227
16746.714,7306,6227
16772.295,7307,6227
16801.437,7308,6227
16826.89,7309,6227
16862.044,7310,6227
16891.827,7311,6227
16900.142,7312,6228
16900.615,7313,6228
16904.712,7314,6228
16904.867,7315,6228
16910.336,7316,6228
17053.53,7317,6228
17054.206,7318,6228
17054.915,7319,6228
17056.345,7320,6228
17140.597,7321,6228
17141.236,7322,6228
17143.296,7323,6228
17144.394,7324,6228
17145.723,7325,6228
17174.796,7326,6228
17185.972,7327,6228
17229.553,7328,6228
17230.055,7329,6228
17297.087,7330,6228
17331.728,7331,6228
17331.895,7332,6228
17332.457,7333,6228
17332.601,7334,6228
17334.227,7335,6228
17338.906,7336,6228
17340.848,7337,6228
17341.241,7338,6228
17349.671,7339,6228
17350.756,7340,6228
17351.775,7341,6228
17354.438,7342,6228
17381.885,7343,6228
17415.162,7344,6228
17433.265,7345,6228
17468.489,7346,6229
17469.593,7347,6229
17469.671,7348,6230
17471.061,7349,6230
17471.69,7350,6230
17475.045,7351,6230
17515.591,7352,6230
17515.949,7353,6230
17522.121,7354,6230
17556.445,7355,6230
17556.616,7356,6230
17557.913,7357,6230
17562.927,7358,6230
17563.61,7359,6230
17575.187,7360,6230
17581.505,7361,6230
17657.051,7362,6230
17659.48,7363,6230
17709.465,7364,6230
17710.682,7365,6230
17710.762,7366,6230
17711.269,7367,6230
17711.279,7368,6230
17717.532,7369,6230
17735.358,7370,6231
17742.688,7371,6231
17753.87,7372,6231
17754.729,7373,6231
17756.377,7374,6231
17757.203,7375,6231
17798.118,7376,6231
17830.987,7377,6231
17831.448,7378,6231
17831.892,7379,6231
17833.984,7380,6231
17835.231,7381,6231
17876.497,7382,6231
17898.34,7383,6231
17909.383,7384,6231
17909.43,7385,6231
17909.607,7386,6231
17909.656,7387,6231
17909.808,7388,6231
17911.504,7389,6231
17912.043,7390,6231
17912.203,7391,6231
17912.787,7392,6231
17913.274,7393,6231
17917.322,7394,6231
17923.38,7395,6231
17925.965,7396,6231
17941.026,7397,6231
17957.876,7398,6231
18008.598,7399,6231
18092.096,7400,6231
18114.996,7401,6231
18141.281,7402,6231
18178.385,7403,6231
18241.631,7404,6231
18241.938,7405,6231
18254.037,7406,6231
18305.982,7407,6231
18312.957,7408,6231
18317.282,7409,6231
18317.701,7410,6231
18319.744,7411,6231
18320.02,7412,6231
18331.495,7413,6231
18347.439,7414,6231
18351.142,7415,6231
18393.585,7416,6231
18396.349,7417,6231
18402.45,7418,6231
18402.54,7419,6231
18403.209,7420,6231
18405.587,7421,6231
18411.58,7422,6231
18417.328,7423,6231
18420.926,7424,6231
18428.22,7425,6231
18437.15,7426,6231
18455.277,7427,6231
18457.863,7428,6231
18521.435,7429,6231
18521.908,7430,6231
18538.083,7431,6232
18538.583,7432,6232
18574.778,7433,6232
18603.738,7434,6232
18617.996,7435,6232
18618.222,7436,6232
18618.282,7437,6232
18618.306,7438,6232
18618.426,7439,6232
18620.479,7440,6232
18621.496,7441,6232
18623.036,7442,6232
18644.141,7443,6232
18662.555,7444,6232
18709.818,7445,6232
18714.373,7446,6232
18714.454,7447,6232
18726.55,7448,6232
18726.579,7449,6232
18727.228,7450,6232
18727.732,7451,6232
18727.987,7452,6232
18729.029,7453,6232
18729.206,7454,6232
18742.8,7455,6232
18750.737,7456,6232
18750.848,7457,6232
18750.916,7458,6232
18750.982,7459,6232
18751.567,7460,6232
18752.964,7461,6232
18753.559,7462,6232
18754.643,7463,6232
18754.772,7464,6232
18754.962,7465,6232
18755.585,7466,6232
18757.078,7467,6232
18759.92,7468,6232
18778.257,7469,6232
18778.475,7470,6232
18778.538,7471,6232
18781.337,7472,6232
18782.312,7473,6232
18787.686,7474,6232
18789.618,7475,6232
18802.343,7476,6232
18807.463,7477,6232
18818.07,7478,6232
18835.742,7479,6232
18863.544,7480,6232
18881.809,7481,6232
18888.621,7482,6232
18888.646,7483,6232
18888.857,7484,6232
18889.191,7485,6232
18890.984,7486,6232
18891.444,7487,6232
18891.613,7488,6232
18891.699,7489,6232
18892.009,7490,6232
18895.027,7491,6232
18896.527,7492,6232
18900.898,7493,6232
18923.457,7494,6232
18943.505,7495,6232
18980.4,7496,6232
18980.841,7497,6232
18983.03,7498,6232
18990.074,7499,6232
19002.409,7500,6232
19004.116,7501,6232
19010.112,7502,6232
19075.778,7503,6232
19119.174,7504,6233
19126.402,7505,6233
19126.746,7506,6233
19127.031,7507,6233
19127.357,7508,6233
19128.123,7509,6233
19128.458,7510,6233
19138.413,7511,6233
19199.84,7512,6233
19202.142,7513,6233
19202.344,7514,6233
19217.578,7515,6233
19223.205,7516,6233
19223.259,7517,6233
19224.266,7518,6233
19226.365,7519,6233
19226.494,7520,6233
19226.738,7521,6233
19228.891,7522,6233
19229.574,7523,6233
19232.661,7524,6233
19233.541,7525,6233
19233.621,7526,6233
19270.346,7527,6233
19270.445,7528,6233
19295.052,7529,6233
19306.26,7530,6233
19307.515,7531,6233
19310.049,7532,6233
19317.509,7533,6233
19437.469,7534,6233
19447.029,7535,6233
19447.193,7536,6233
19447.493,7537,6233
19447.679,7538,6233
19448.276,7539,6233
19482.64,7540,6233
19524.028,7541,6233
19579.792,7542,6233
19579.872,7543,6233
19580.307,7544,6233
19580.803,7545,6233
19707.164,7546,6233
19718.739,7547,6233
19720.119,7548,6233
19729.314,7549,6233
19774.789,7550,6233
19784.895,7551,6233
19803.035,7552,6233
19805.182,7553,6233
19835.719,7554,6233
19870.828,7555,6233
19889.199,7556,6233
19894.837,7557,6233
19896.329,7558,6233
19921.072,7559,6233
19921.916,7560,6233
19959.97,7561,6233
19975.128,7562,6233
19994.959,7563,6233
19995.233,7564,6233
19995.943,7565,6233
19996.143,7566,6233
19997.371,7567,6233
19998.138,7568,6233
20058.399,7569,6233
20058.404,7570,6233
20101.563,7571,6233
20121.462,7572,6233
20121.494,7573,6233
20121.629,7574,6233
20121.673,7575,6233
20121.88,7576,6233
20122.439,7577,6233
20122.67,7578,6233
20122.972,7579,6233
20123.711,7580,6233
20128.08,7581,6233
20137.146,7582,6233
20165.241,7583,6233
20165.621,7584,6233
20190.479,7585,6233
20192.695,7586,6233
20193.076,7587,6233
20193.406,7588,6233
20194.095,7589,6233
20195.676,7590,6233
20196.025,7591,6233
20201.86,7592,6233
20214.474,7593,6233
20219.473,7594,6233
20228.48,7595,6233
20228.543,7596,6233
20228.632,7597,6233
20228.792,7598,6233
20229.046,7599,6233
20293.576,7600,6233
20293.692,7601,6233
20294.066,7602,6233
20295.049,7603,6233
20309.613,7604,6233
20339.207,7605,6233
20357.99,7606,6233
20409.461,7607,6233
20430.016,7608,6233
20437.462,7609,6233
20437.497,7610,6233
20464.4,7611,6233
20464.83,7612,6233
20465.398,7613,6233
20466.318,7614,6233
20466.821,7615,6233
20468.268,7616,6233
20472.051,7617,6233
20472.188,7618,6233
20473.906,7619,6233
20473.912,7620,6233
20475.731,7621,6233
20478.08,7622,6233
20478.396,7623,6233
20479.23,7624,6233
20479.377,7625,6233
20501.956,7626,6233
20502.007,7627,6233
20597.404,7628,6233
20603.03,7629,6233
20646.013,7630,6233
20661.521,7631,6233
20690.758,7632,6233
20721.657,7633,6233
20758.832,7634,6233
20804.139,7635,6233
20845.814,7636,6233
20846.205,7637,6233
20846.289,7638,6233
20846.555,7639,6233
20850.994,7640,6233
20851.699,7641,6233
20851.841,7642,6233
20886.98,7643,6233
20887.318,7644,6233
20898.532,7645,6233
20956.991,7646,6233
21005.135,7647,6233
21005.963,7648,6233
21006.824,7649,6233
21007.569,7650,6233
21024.289,7651,6233
21027.55,7652,6233
21050.993,7653,6233
21053.854,7654,6233
21083.701,7655,6233
21084.493,7656,6233
21086.822,7657,6233
21087.24,7658,6233
21087.826,7659,6233
21088.208,7660,6233
21088.589,7661,6233
21089.292,7662,6233
21093.741,7663,6233
21107.545,7664,6233
21107.711,7665,6233
21107.933,7666,6233
21107.984,7667,6233
21108.253,7668,6233
21108.604,7669,6233
21109.628,7670,6233
21112.345,7671,6233
21112.482,7672,6233
21113.775,7673,6233
21136.185,7674,6233
21136.504,7675,6233
21137.842,7676,6233
21139.896,7677,6233
21172.062,7678,6233
21172.913,7679,6233
21176.419,7680,6233
21220.284,7681,6233
21236.772,7682,6233
21236.855,7683,6233
21237.627,7684,6233
21238.203,7685,6233
21238.275,7686,6233
21239.632,7687,6233
21242.504,7688,6233
21242.962,7689,6233
21244.185,7690,6233
21244.558,7691,6233
21247.378,7692,6233
21247.429,7693,6233
21249.056,7694,6233
21249.369,7695,6233
21252.423,7696,6233
21253.42,7697,6233
21256.639,7698,6233
21258.252,7699,6233
21272.195,7700,6233
21276.376,7701,6233
21276.411,7702,6233
21276.438,7703,6233
21276.475,7704,6233
21276.744,7705,6233
21278.037,7706,6233
21278.24,7707,6233
21281.443,7708,6233
21281.524,7709,6233
21283.269,7710,6233
21284.281,7711,6233
21284.54,7712,6233
21285.143,7713,6233
21285.197,7714,6233
21285.31,7715,6233
21300.216,7716,6233
21301.337,7717,6233
21303.803,7718,6233
21314.192,7719,6233
21317.614,7720,6233
21320.325,7721,6233
21328.454,7722,6233
21328.786,7723,6233
21349.36,7724,6233
21349.421,7725,6233
21349.437,7726,6233
21349.458,7727,6233
21349.477,7728,6233
21349.897,7729,6233
21350.006,7730,6233
21350.626,7731,6233
21350.87,7732,6233
21351.255,7733,6233
21351.283,7734,6233
21351.449,7735,6233
21352.207,7736,6233
21352.277,7737,6233
21352.977,7738,6233
21353.356,7739,6233
21353.567,7740,6233
21353.584,7741,6233
21355.959,7742,6233
21356.484,7743,6233
21369.358,7744,6233
21369.467,7745,6233
21369.537,7746,6233
21369.589,7747,6233
21369.679,7748,6233
21369.799,7749,6233
21369.888,7750,6233
21369.934,7751,6233
21369.977,7752,6233
21370.255,7753,6233
21370.371,7754,6233
21370.572,7755,6233
21371.519,7756,6233
21371.865,7757,6233
21371.877,7758,6233
21371.911,7759,6233
21372.995,7760,6233
21373.357,7761,6233
21374.089,7762,6233
21374.144,7763,6233
21374.595,7764,6233
21374.766,7765,6233
21374.91,7766,6233
21375.138,7767,6233
21376.014,7768,6233
21376.203,7769,6233
21377.658,7770,6233
21378.246,7771,6233
21379.785,7772,6233
21380.264,7773,6233
21381.25,7774,6233
21384.757,7775,6233
21386.992,7776,6233
21387.507,7777,6233
21388.83,7778,6233
21389.425,7779,6233
21394.862,7780,6233
21395.812,7781,6233
21399.768,7782,6233
21400.07,7783,6233
21400.27,7784,6233
21402.006,7785,6233
21405.239,7786,6233
21411.2,7787,6233
21413.37,7788,6233
21413.661,7789,6233
21413.668,7790,6233
21414.407,7791,6233
21414.691,7792,6233
21416.042,7793,6233
21423.038,7794,6233
21424.125,7795,6233
21426.114,7796,6233
21426.487,7797,6233
21427.184,7798,6233
21427.205,7799,6233
21427.883,7800,6233
21429.143,7801,6233
21430.464,7802,6233
21431.691,7803,6233
21433.796,7804,6233
21435.474,7805,6233
21436.702,7806,6234
21440.098,7807,6234
21440.316,7808,6234
21442.34,7809,6234
21443.95,7810,6234
21448.915,7811,6234
21449.712,7812,6234
21453.561,7813,6234
21456.772,7814,6234
21468.014,7815,6234
21469.008,7816,6234
21494.64,7817,6234
21511.231,7818,6234
21512.107,7819,6234
21512.791,7820,6234
21519.219,7821,6234
21522.817,7822,6234
21526.09,7823,6234
21527.71,7824,6234
21528.149,7825,6234
21544.873,7826,6234
21544.92,7827,6234
21545.647,7828,6234
21546.127,7829,6234
21546.24,7830,6234
21548.618,7831,6234
21548.774,7832,6234
21551.561,7833,6234
21556.366,7834,6234
21557.008,7835,6234
21559.695,7836,6234
21568.755,7837,6234
21591.441,7838,6234
21591.604,7839,6234
21614.003,7840,6234
21615.016,7841,6234
21615.94,7842,6234
21622.633,7843,6234
21622.666,7844,6234
21622.828,7845,6234
21623.033,7846,6234
21623.279,7847,6234
21623.431,7848,6234
21623.938,7849,6234
21624.121,7850,6234
21627.736,7851,6234
21629.501,7852,6234
21629.99,7853,6234
21630.141,7854,6234
21634.434,7855,6234
21636.364,7856,6234
21637.779,7857,6234
21638.953,7858,6234
21639.689,7859,6234
21641.687,7860,6234
21652.158,7861,6234
21655.622,7862,6234
21656.333,7863,6234
21660.686,7864,6234
21673.641,7865,6234
21673.671,7866,6234
21673.758,7867,6234
21673.785,7868,6234
21673.857,7869,6234
21673.87,7870,6234
21673.95,7871,6234
21674.042,7872,6234
21674.558,7873,6234
21674.71,7874,6234
21674.929,7875,6234
21675.149,7876,6234
21676.124,7877,6234
21676.759,7878,6234
21677.858,7879,6234
21678.893,7880,6234
21682.578,7881,6234
21683.405,7882,6234
21685.635,7883,6234
21685.985,7884,6234
21687.945,7885,6234
21689.342,7886,6234
21703.936,7887,6234
21706.552,7888,6234
21708.245,7889,6234
21723.05,7890,6234
21723.166,7891,6234
21723.501,7892,6234
21727.851,7893,6234
21733.761,7894,6234
21737.179,7895,6234
21741.152,7896,6234
21765.23,7897,6234
21765.284,7898,6234
21767.174,7899,6234
21769.442,7900,6234
21771.313,7901,6234
21782.161,7902,6234
21819.911,7903,6234
21820.523,7904,6234
21821.867,7905,6234
21822.205,7906,6234
21822.605,7907,6234
21824.508,7908,6234
21825.909,7909,6234
21826.059,7910,6234
21826.73,7911,6234
21827.59,7912,6234
21828.731,7913,6234
21830.16,7914,6234
21833.586,7915,6234
21833.757,7916,6234
21835.487,7917,6234
21835.895,7918,6234
21845.269,7919,6234
21845.848,7920,6234
21846.154,7921,6234
21847.838,7922,6234
21856.732,7923,6234
21860.779,7924,6234
21862.104,7925,6234
21862.238,7926,6234
21864.935,7927,6234
21869.01,7928,6234
21872.35,7929,6234
21876.217,7930,6234
21881.499,7931,6234
21881.715,7932,6234
21881.871,7933,6234
21882.71,7934,6234
21892.284,7935,6234
21915.067,7936,6234
21915.704,7937,6234
21933.049,7938,6234
21933.162,7939,6234
21933.18,7940,6234
21933.775,7941,6234
21934.64,7942,6234
21934.694,7943,6234
21934.821,7944,6234
21936.244,7945,6234
21939.406,7946,6234
21941.201,7947,6234
21941.951,7948,6234
21947.612,7949,6234
21947.628,7950,6234
21947.68,7951,6234
21947.779,7952,6234
21947.836,7953,6234
21947.935,7954,6234
21948.155,7955,6234
21948.443,7956,6234
21949.356,7957,6234
21949.656,7958,6234
21951.258,7959,6234
21951.506,7960,6234
21951.876,7961,6234
21952.79,7962,6234
21953.014,7963,6234
21958.02,7964,6234
21958.212,7965,6234
21958.261,7966,6234
21959.864,7967,6234
21959.968,7968,6234
21960.026,7969,6234
21960.065,7970,6234
21960.258,7971,6234
21960.309,7972,6234
21960.438,7973,6234
21961.067,7974,6234
21961.599,7975,6234
21961.708,7976,6234
21962.1,7977,6234
21962.385,7978,6234
21962.457,7979,6234
21962.482,7980,6234
21962.949,7981,6234
21965.305,7982,6234
21965.762,7983,6234
21965.795,7984,6234
21965.807,7985,6234
21968.723,7986,6234
21969.024,7987,6234
21969.559,7988,6234
21969.762,7989,6234
21971.202,7990,6234
21982.347,7991,6234
21983.102,7992,6234
21993.318,7993,6234
21993.379,7994,6234
21994.323,7995,6234
21995.891,7996,6234
21998.271,7997,6234
21999.854,7998,6234
22000.636,7999,6234
22011.453,8000,6234
22014.832,8001,6234
22035.286,8002,6234
22044.962,8003,6234
22045.045,8004,6234
22045.545,8005,6234
22054.429,8006,6234
22056.345,8007,6234
22057.243,8008,6234
22058.963,8009,6234
22059.902,8010,6234
22060.557,8011,6234
22060.618,8012,6234
22062.975,8013,6234
22064.013,8014,6234
22064.759,8015,6234
22071.455,8016,6234
22074.006,8017,6234
22074.24,8018,6234
22075.596,8019,6234
22077.337,8020,6234
22078.01,8021,6234
22078.186,8022,6234
22080.404,8023,6234
22081.602,8024,6234
22082.658,8025,6234
22085.578,8026,6234
22096.541,8027,6234
22096.555,8028,6234
22097.912,8029,6234
22105.285,8030,6234
22105.337,8031,6234
22107.12,8032,6234
22108.072,8033,6234
22110.336,8034,6234
22188.692,8035,6234
22462.07,8036,6234
22574.351,8037,6234
22627.445,8038,6234
22694.644,8039,6234
22704.213,8040,6234
22704.343,8041,6234
22704.441,8042,6234
22706.92,8043,6234
22707.151,8044,6234
22708.665,8045,6234
22709.174,8046,6234
22709.997,8047,6234
22710.158,8048,6234
22714.03,8049,6234
22714.265,8050,6234
22717.145,8051,6234
22726.92,8052,6234
22729.419,8053,6234
22740.507,8054,6234
22740.548,8055,6234
22741.257,8056,6234
22741.746,8057,6234
22741.82,8058,6234
22741.861,8059,6234
22743.04,8060,6234
22743.422,8061,6234
22743.866,8062,6234
22744.313,8063,6234
22744.945,8064,6234
22745.091,8065,6234
22745.449,8066,6234
22745.566,8067,6234
22745.654,8068,6234
22746.82,8069,6234
22746.977,8070,6234
22747.24,8071,6234
22747.523,8072,6234
22750.136,8073,6234
22751.096,8074,6234
22756.937,8075,6234
22757.043,8076,6234
22757.132,8077,6234
22757.985,8078,6234
22758.026,8079,6234
22759.801,8080,6234
22760.953,8081,6234
22764.716,8082,6234
22767.057,8083,6234
22769.172,8084,6234
22773.636,8085,6234
22779.37,8086,6234
22779.778,8087,6234
22780.788,8088,6234
22781.808,8089,6234
22793.123,8090,6234
22794.473,8091,6234
22797.826,8092,6234
22803.99,8093,6234
22804.882,8094,6234
22805.238,8095,6234
22805.295,8096,6234
22807.14,8097,6234
22807.52,8098,6234
22813.076,8099,6234
22823.455,8100,6234
22826.7,8101,6234
22826.744,8102,6234
22826.783,8103,6234
22826.954,8104,6234
22828.704,8105,6234
22834.024,8106,6234
22834.236,8107,6234
22834.394,8108,6234
22836.662,8109,6234
22838.03,8110,6234
22839.304,8111,6234
22849.04,8112,6234
22861.757,8113,6234
22870.072,8114,6234
22870.431,8115,6234
22871.178,8116,6234
22871.418,8117,6234
22872.089,8118,6234
22872.514,8119,6234
22873.363,8120,6234
22873.61,8121,6234
22878.079,8122,6234
22884.02,8123,6234
22884.916,8124,6234
22885.349,8125,6234
22887.006,8126,6234
22887.251,8127,6234
22891.181,8128,6234
22894.476,8129,6234
22896.128,8130,6234
22900.247,8131,6234
22900.722,8132,6234
22903.491,8133,6234
22907.768,8134,6234
22924.533,8135,6234
22924.771,8136,6234
22926.134,8137,6234
22926.993,8138,6234
22928.382,8139,6234
22933.192,8140,6234
22935.288,8141,6234
22935.332,8142,6234
22944.186,8143,6234
22965.147,8144,6234
22967.494,8145,6234
22971.91,8146,6234
22972.153,8147,6234
22972.653,8148,6234
22973.064,8149,6234
22978.547,8150,6234
22979.236,8151,6234
22979.3,8152,6234
22980.106,8153,6234
22986.167,8154,6234
22995.223,8155,6234
22995.403,8156,6234
22995.49,8157,6234
22995.555,8158,6234
22996.77,8159,6234
22997.999,8160,6234
22998.121,8161,6234
23000.441,8162,6234
23001.404,8163,6234
23001.652,8164,6234
23004.333,8165,6234
23022.465,8166,6234
23042.229,8167,6234
23047.11,8168,6234
23054.475,8169,6234
23058.124,8170,6234
23058.604,8171,6234
23064.467,8172,6234
23073.147,8173,6234
23081.11,8174,6234
23087.987,8175,6234
23104.725,8176,6234
23142.382,8177,6234
23143.142,8178,6234
23148.199,8179,6234
23161.705,8180,6234
23161.727,8181,6234
23162.309,8182,6234
23162.642,8183,6234
23162.67,8184,6234
23162.732,8185,6234
23162.824,8186,6234
23163.989,8187,6234
23164.323,8188,6234
23164.707,8189,6234
23165.14,8190,6234
23165.495,8191,6234
23166.878,8192,6234
23167.022,8193,6234
23167.083,8194,6234
23167.506,8195,6234
23168.575,8196,6234
23172.001,8197,6234
23173.852,8198,6234
23174.778,8199,6234
23175.832,8200,6234
23176.833,8201,6234
23177.205,8202,6234
23178.566,8203,6234
23181.452,8204,6234
23184.76,8205,6234
23193.705,8206,6234
23199.306,8207,6234
23199.482,8208,6234
23201.26,8209,6234
23203.762,8210,6234
23204.147,8211,6234
23205.567,8212,6234
23206.108,8213,6234
23206.452,8214,6234
23206.707,8215,6234
23211.481,8216,6234
23225.602,8217,6234
23237.022,8218,6234
23239.013,8219,6234
23242.013,8220,6234
23242.504,8221,6234
23244.729,8222,6234
23245.447,8223,6234
23247.384,8224,6234
23249.418,8225,6234
23251.006,8226,6234
23253.196,8227,6234
23257.806,8228,6234
23258.682,8229,6234
23258.789,8230,6234
23268.229,8231,6234
23270.87,8232,6234
23278.808,8233,6234
23280.778,8234,6234
23280.799,8235,6234
23280.904,8236,6234
23281.14,8237,6234
23283.479,8238,6234
23284.202,8239,6234
23286.998,8240,6234
23288.763,8241,6234
23290.296,8242,6234
23294.018,8243,6234
23296.399,8244,6234
23296.823,8245,6234
23298.107,8246,6234
23300.189,8247,6234
23313.604,8248,6234
23323.181,8249,6234
23324.726,8250,6234
23325.916,8251,6234
23329.48,8252,6234
23333.256,8253,6234
23336.701,8254,6234
23337.228,8255,6234
23343.229,8256,6234
23343.271,8257,6234
23344.127,8258,6234
23344.174,8259,6234
23344.358,8260,6234
23344.604,8261,6234
23345.336,8262,6234
23346.621,8263,6234
23347.101,8264,6234
23348.063,8265,6234
23348.182,8266,6235
23349.321,8267,6235
23351.874,8268,6235
23352.404,8269,6235
23352.745,8270,6235
23358.758,8271,6235
23360.918,8272,6235
23363.241,8273,6235
23363.667,8274,6235
23364.377,8275,6235
23365.295,8276,6235
23369.928,8277,6235
23373.336,8278,6235
23376.893,8279,6235
23377.135,8280,6235
23378.557,8281,6235
23379.653,8282,6235
23392.469,8283,6235
23405.461,8284,6235
23407.48,8285,6235
23440.839,8286,6235
23440.942,8287,6235
23445.604,8288,6235
23448.983,8289,6235
23449.167,8290,6235
23449.268,8291,6235
23449.661,8292,6235
23450.163,8293,6235
23450.502,8294,6235
23451.175,8295,6235
23451.411,8296,6235
23452.486,8297,6235
23455.859,8298,6235
23457.879,8299,6235
23462.929,8300,6235
23479.553,8301,6235
23479.863,8302,6235
23480.141,8303,6235
23487.15,8304,6235
23494.461,8305,6235
23503.012,8306,6235
23503.025,8307,6235
23510.513,8308,6235
23511.578,8309,6235
23511.752,8310,6235
23512.293,8311,6235
23512.524,8312,6235
23512.668,8313,6235
23513.426,8314,6235
23516.12,8315,6235
23517.582,8316,6235
23518.701,8317,6235
23519.409,8318,6235
23520.62,8319,6235
23521.657,8320,6235
23523.68,8321,6235
23523.712,8322,6235
23523.757,8323,6235
23528.936,8324,6235
23529.849,8325,6235
23535.186,8326,6235
23537.912,8327,6235
23538.112,8328,6235
23544.913,8329,6235
23549.223,8330,6235
23551.189,8331,6235
23551.436,8332,6235
23551.977,8333,6235
23554.343,8334,6235
23563.211,8335,6235
23565.574,8336,6235
23568.15,8337,6235
23575.004,8338,6235
23579.05,8339,6235
23585.28,8340,6235
23585.459,8341,6235
23586.164,8342,6235
23586.753,8343,6235
23586.804,8344,6235
23587.349,8345,6235
23587.746,8346,6235
23587.984,8347,6235
23588.323,8348,6235
23589.186,8349,6235
23593.933,8350,6235
23594.313,8351,6235
23595.372,8352,6235
23596.019,8353,6235
23596.045,8354,6235
23596.324,8355,6235
23599.822,8356,6235
23601.796,8357,6235
23606.931,8358,6235
23607.289,8359,6235
23608.776,8360,6235
23610.996,8361,6235
23613.747,8362,6235
23621.44,8363,6235
23626.756,8364,6235
23627.372,8365,6235
23627.52,8366,6235
23628.27,8367,6235
23628.429,8368,6235
23629.317,8369,6235
23631.966,8370,6235
23633.484,8371,6235
23635.088,8372,6235
23635.256,8373,6235
23636.437,8374,6235
23636.937,8375,6235
23637.491,8376,6235
23638.866,8377,6235
23640.291,8378,6235
23640.771,8379,6235
23665.87,8380,6235
23681.656,8381,6235
23683.717,8382,6235
23685.08,8383,6235
23692.174,8384,6235
23693.186,8385,6235
23707.202,8386,6235
23707.232,8387,6235
23707.763,8388,6235
23709.068,8389,6235
23709.715,8390,6235
23709.793,8391,6235
23710.089,8392,6235
23711.283,8393,6235
23711.549,8394,6235
23713.567,8395,6235
23713.983,8396,6235
23715.804,8397,6235
23731.693,8398,6235
23741.534,8399,6235
23741.572,8400,6235
23742.086,8401,6235
23745.76,8402,6235
23749.326,8403,6235
23756.014,8404,6235
23761.04,8405,6235
23765.019,8406,6235
23769.158,8407,6235
23769.184,8408,6235
23772.397,8409,6235
23772.648,8410,6235
23774.317,8411,6235
23789.576,8412,6235
23789.829,8413,6235
23800.792,8414,6235
23806.11,8415,6235
23817.155,8416,6235
23817.41,8417,6235
23817.8,8418,6235
23818.46,8419,6235
23822.658,8420,6235
23822.883,8421,6235
23823.268,8422,6235
23823.283,8423,6235
23824.588,8424,6235
23824.775,8425,6235
23825.399,8426,6235
23827.961,8427,6235
23827.974,8428,6235
23828.742,8429,6235
23828.865,8430,6235
23829.645,8431,6235
23831.356,8432,6235
23836.882,8433,6235
23847.424,8434,6235
23853.161,8435,6235
23860.369,8436,6235
23863.712,8437,6235
23864.334,8438,6235
23883.704,8439,6235
23909.699,8440,6235
23913.321,8441,6235
23914.078,8442,6235
23916.625,8443,6235
23920.456,8444,6235
23920.898,8445,6235
23922.29,8446,6235
23938.254,8447,6235
23944.605,8448,6235
23948.982,8449,6235
23952.765,8450,6235
23959.211,8451,6235
23960.03,8452,6235
23965.676,8453,6235
23968.189,8454,6235
23992.617,8455,6235
23997.653,8456,6235
24016.998,8457,6235
24055.922,8458,6235
24056.289,8459,6235
24056.315,8460,6235
24056.689,8461,6235
24058.983,8462,6235
24059.402,8463,6235
24062.594,8464,6235
24062.775,8465,6235
24063.302,8466,6235
24064.508,8467,6235
24068.496,8468,6235
24070.382,8469,6235
24070.64,8470,6235
24070.975,8471,6235
24073.894,8472,6235
24075.529,8473,6235
24078.947,8474,6235
24080.933,8475,6235
24082.51,8476,6235
24086.955,8477,6235
24089.103,8478,6235
24096.808,8479,6235
24102.761,8480,6235
24104.1,8481,6235
24108.129,8482,6235
24116.976,8483,6235
24130.134,8484,6235
24188.182,8485,6235
24189.431,8486,6235
24214.353,8487,6235
24219.11,8488,6235
24226.212,8489,6235
24226.437,8490,6235
24226.703,8491,6235
24228.417,8492,6235
24229.527,8493,6235
24229.837,8494,6235
24234.938,8495,6235
24239.534,8496,6235
24239.72,8497,6235
24239.808,8498,6235
24240.109,8499,6235
24241.819,8500,6235
24242.805,8501,6235
24251.612,8502,6235
24274.308,8503,6235
24274.745,8504,6235
24274.907,8505,6235
24274.942,8506,6235
24275.581,8507,6235
24275.754,8508,6235
24275.829,8509,6235
24277.303,8510,6235
24277.384,8511,6235
24277.55,8512,6235
24280.063,8513,6235
24285.234,8514,6235
24289.02,8515,6235
24303.166,8516,6235
24314.936,8517,6235
24316.846,8518,6235
24316.922,8519,6235
24319.423,8520,6235
24328.826,8521,6235
24331.404,8522,6235
24338.483,8523,6235
24345.438,8524,6235
24346.959,8525,6235
24355.825,8526,6235
24364.982,8527,6235
24369.795,8528,6235
24385.719,8529,6235
24387.987,8530,6235
24403.259,8531,6235
24405.565,8532,6235
24405.646,8533,6235
24406.688,8534,6235
24407.567,8535,6235
24407.686,8536,6235
24407.8,8537,6235
24407.981,8538,6235
24408.248,8539,6235
24408.492,8540,6235
24409.725,8541,6235
24410.899,8542,6235
24411.342,8543,6235
24411.756,8544,6235
24412.173,8545,6235
24412.462,8546,6235
24413.631,8547,6235
24415.635,8548,6235
24416.66,8549,6235
24417.505,8550,6235
24418.917,8551,6235
24437.123,8552,6235
24437.485,8553,6235
24437.6,8554,6235
24437.68,8555,6235
24438.303,8556,6235
24439.872,8557,6235
24448.635,8558,6235
24456.071,8559,6235
24460.976,8560,6235
24465.466,8561,6235
24475.354,8562,6235
24482.525,8563,6235
24482.962,8564,6235
24486.237,8565,6235
24506.87,8566,6235
24514.408,8567,6235
24516.337,8568,6235
24516.414,8569,6235
24516.594,8570,6235
24516.669,8571,6235
24516.891,8572,6235
24516.977,8573,6235
24517.233,8574,6235
24517.513,8575,6235
24517.591,8576,6235
24518.244,8577,6235
24518.312,8578,6235
24519.111,8579,6235
24523.984,8580,6235
24526.499,8581,6235
24527.123,8582,6235
24528.617,8583,6235
24535.141,8584,6235
24556.549,8585,6235
24574.113,8586,6235
24579.007,8587,6235
24588.512,8588,6235
24618.456,8589,6235
24627.517,8590,6235
24643.636,8591,6235
24655.463,8592,6235
24659.372,8593,6235
24659.495,8594,6235
24661.081,8595,6235
24672.383,8596,6235
24673.641,8597,6235
24682.756,8598,6235
24683.319,8599,6235
24704.13,8600,6235
24714.02,8601,6235
24714.696,8602,6235
24714.725,8603,6235
24716.446,8604,6235
24718.57,8605,6235
24737.761,8606,6235
24743.213,8607,6235
24749.814,8608,6235
24773.322,8609,6235
24783.397,8610,6235
24783.451,8611,6235
24785.372,8612,6235
24786.559,8613,6235
24787.34,8614,6235
24814.166,8615,6235
24840.902,8616,6235
24841.123,8617,6235
24841.447,8618,6235
24841.609,8619,6235
24842.04,8620,6235
24842.151,8621,6235
24842.732,8622,6235
24842.934,8623,6235
24844.203,8624,6235
24845.079,8625,6235
24845.539,8626,6235
24846.491,8627,6235
24846.723,8628,6235
24846.899,8629,6235
24847.276,8630,6235
24848.975,8631,6235
24850.01,8632,6235
24850.259,8633,6235
24851.086,8634,6235
24851.495,8635,6235
24852.131,8636,6235
24853.069,8637,6235
24853.733,8638,6235
24854.674,8639,6235
24858.556,8640,6235
24859.718,8641,6235
24866.628,8642,6235
24875.319,8643,6235
24890.312,8644,6235
24890.665,8645,6235
24898.915,8646,6235
24900.491,8647,6235
24903.823,8648,6235
24906.955,8649,6235
24911.605,8650,6235
24912.186,8651,6235
24912.322,8652,6235
24914.256,8653,6235
24917.783,8654,6235
24922.267,8655,6235
24924.516,8656,6235
24926.407,8657,6235
24926.554,8658,6235
24928.324,8659,6235
24937.471,8660,6235
24937.592,8661,6235
24959.504,8662,6235
24974.997,8663,6235
24978.143,8664,6235
24995.09,8665,6235
24995.129,8666,6235
25007.469,8667,6235
25009.793,8668,6235
25014.593,8669,6235
25056.488,8670,6235
25084.433,8671,6235
25085.401,8672,6235
25086.989,8673,6235
25087.507,8674,6235
25088.01,8675,6235
25089.685,8676,6235
25091.223,8677,6235
25092.115,8678,6235
25095.729,8679,6235
25098.144,8680,6235
25131.029,8681,6235
25135.179,8682,6235
25135.685,8683,6235
25135.716,8684,6235
25138.005,8685,6235
25138.938,8686,6235
25162.587,8687,6235
25166.716,8688,6235
25168.306,8689,6235
25168.433,8690,6235
25213.298,8691,6235
25225.91,8692,6235
25226.175,8693,6235
25227.621,8694,6235
25229.917,8695,6235
25246.334,8696,6235
25248.203,8697,6235
25254.285,8698,6235
25268.056,8699,6235
25268.145,8700,6235
25269.397,8701,6235
25272.354,8702,6235
25273.541,8703,6235
25279.138,8704,6235
25289.026,8705,6235
25309.21,8706,6235
25311.05,8707,6235
25378.235,8708,6235
25396.659,8709,6235
25397.417,8710,6235
25398.378,8711,6235
25400.509,8712,6235
25406.127,8713,6235
25406.247,8714,6235
25421.225,8715,6235
25457.261,8716,6235
25457.682,8717,6235
25463.924,8718,6235
25473.733,8719,6235
25474.948,8720,6235
25475.805,8721,6235
25476.174,8722,6235
25476.22,8723,6235
25483.923,8724,6235
25488.532,8725,6235
25503.093,8726,6235
25530.975,8727,6235
25531.634,8728,6235
25531.886,8729,6235
25533.253,8730,6235
25533.271,8731,6235
25534.198,8732,6235
25534.732,8733,6235
25534.782,8734,6235
25534.899,8735,6235
25535.154,8736,6235
25535.666,8737,6235
25543.835,8738,6235
25552.818,8739,6235
25553.009,8740,6235
25554.213,8741,6235
25556.028,8742,6235
25557.444,8743,6235
25560.906,8744,6235
25562.149,8745,6235
25566.879,8746,6235
25570.939,8747,6235
25572.449,8748,6235
25573.735,8749,6235
25575.771,8750,6235
25592.267,8751,6235
25604.896,8752,6235
25604.928,8753,6235
25611.648,8754,6235
25616.44,8755,6235
25625.084,8756,6235
25636.458,8757,6235
25642.246,8758,6235
25649.651,8759,6235
25651.699,8760,6235
25662.63,8761,6235
25667.138,8762,6235
25682.619,8763,6235
25685.159,8764,6235
25712.122,8765,6235
25723.267,8766,6235
25729.827,8767,6235
25730.106,8768,6235
25732.622,8769,6235
25736.125,8770,6235
25742.133,8771,6235
25747.641,8772,6235
25749.415,8773,6235
25754.743,8774,6235
25767.574,8775,6235
25767.608,8776,6235
25788.964,8777,6235
25798.436,8778,6235
25798.738,8779,6235
25824.959,8780,6235
25852.081,8781,6235
25862.039,8782,6235
25877.37,8783,6235
25879.339,8784,6235
25879.879,8785,6235
25907.196,8786,6235
25928.285,8787,6235
25928.36,8788,6235
25935.131,8789,6235
25935.24,8790,6235
25935.383,8791,6235
25935.426,8792,6235
25939.46,8793,6235
25942.524,8794,6235
25952.305,8795,6235
25955.682,8796,6235
25957.649,8797,6235
25957.819,8798,6235
25994.87,8799,6235
25995.156,8800,6235
26003.796,8801,6235
26006.766,8802,6235
26007.257,8803,6235
26008.529,8804,6235
26009.653,8805,6236
26012.506,8806,6236
26016.643,8807,6236
26031.166,8808,6236
26041.362,8809,6236
26079.173,8810,6236
26115.103,8811,6236
26119.097,8812,6236
26133.203,8813,6236
26138.959,8814,6236
26139.951,8815,6236
26191.113,8816,6236
26191.186,8817,6236
26194.599,8818,6236
26195.981,8819,6236
26198.624,8820,6236
26198.711,8821,6236
26208.711,8822,6236
26210.804,8823,6236
26224.027,8824,6236
26224.649,8825,6236
26234.751,8826,6236
26234.779,8827,6236
26236.691,8828,6236
26238.246,8829,6236
26242.03,8830,6236
26247.746,8831,6236
26248.655,8832,6236
26249.961,8833,6236
26250.781,8834,6236
26252.537,8835,6236
26258.876,8836,6236
26265.461,8837,6236
26265.594,8838,6236
26271.697,8839,6236
26292.387,8840,6236
26292.767,8841,6236
26299.91,8842,6236
26318.814,8843,6236
26318.837,8844,6236
26319.023,8845,6236
26325.378,8846,6236
26329.536,8847,6236
26334.199,8848,6236
26336.1,8849,6236
26346.147,8850,6236
26378.349,8851,6236
26381.957,8852,6236
26398.973,8853,6236
26400.099,8854,6236
26434.397,8855,6236
26446.963,8856,6236
26453.318,8857,6236
26453.478,8858,6236
26515.07,8859,6236
26517.876,8860,6236
26518.443,8861,6236
26533.546,8862,6236
26554.949,8863,6236
26563.301,8864,6236
26614.446,8865,6236
26616.725,8866,6236
26619.754,8867,6236
26705.624,8868,6236
26728.118,8869,6236
26732.556,8870,6236
26735.848,8871,6236
26735.867,8872,6236
26742.195,8873,6236
26742.507,8874,6236
26746.497,8875,6236
26752.515,8876,6236
26762.057,8877,6236
26762.143,8878,6236
26768.284,8879,6236
26773.142,8880,6236
26807.469,8881,6236
26807.804,8882,6236
26845.748,8883,6236
26882.767,8884,6236
26883.45,8885,6236
26884.188,8886,6236
26886.448,8887,6236
26897.828,8888,6236
26908.499,8889,6236
26932.413,8890,6236
26933.773,8891,6236
26946.362,8892,6236
26947.245,8893,6236
26951.607,8894,6236
26954.277,8895,6236
26956.003,8896,6236
26956.023,8897,6236
26973.137,8898,6236
26974.546,8899,6236
26977.441,8900,6236
26979.326,8901,6236
26988.222,8902,6236
26994.098,8903,6236
27011.656,8904,6236
27020.852,8905,6236
27020.907,8906,6236
27030.192,8907,6236
27037.26,8908,6236
27037.943,8909,6236
27041.321,8910,6236
27044.277,8911,6236
27084.583,8912,6236
27091.337,8913,6236
27092.133,8914,6236
27096.069,8915,6236
27099.711,8916,6236
27108.107,8917,6236
27110.539,8918,6236
27130.263,8919,6236
27130.825,8920,6236
27145.106,8921,6236
27209.588,8922,6236
27253.519,8923,6236
27276.286,8924,6236
27283.34,8925,6236
27298.137,8926,6236
27299.019,8927,6236
27325.436,8928,6236
27325.569,8929,6236
27331.401,8930,6236
27336.441,8931,6236
27342.769,8932,6236
27343.765,8933,6236
27351.013,8934,6236
27370.74,8935,6236
27511.075,8936,6236
27511.968,8937,6236
27524.851,8938,6236
27527.569,8939,6236
27528.778,8940,6236
27530.556,8941,6236
27549.539,8942,6236
27552.792,8943,6236
27612.137,8944,6236
27616.603,8945,6236
27616.613,8946,6236
27618.76,8947,6236
27618.784,8948,6236
27618.793,8949,6236
27619.319,8950,6236
27620.196,8951,6236
27626.33,8952,6236
27627.709,8953,6236
27627.783,8954,6236
27660.775,8955,6236
27660.851,8956,6236
27690.978,8957,6236
27693.711,8958,6236
27697.573,8959,6236
27702.86,8960,6236
27705.044,8961,6236
27707.7,8962,6236
27707.9,8963,6236
27734.958,8964,6236
27739.742,8965,6236
27740.724,8966,6236
27765.343,8967,6236
27767.7,8968,6236
27784.659,8969,6236
27786.848,8970,6236
27787.872,8971,6236
27794.275,8972,6236
27807.141,8973,6236
27870.735,8974,6236
27872.467,8975,6236
27874.109,8976,6236
27878.379,8977,6236
27879.472,8978,6236
27907.051,8979,6236
27923.494,8980,6236
27925.151,8981,6236
27926.407,8982,6236
27927.751,8983,6236
27939.557,8984,6236
27941.061,8985,6236
27947.952,8986,6236
27952.84,8987,6236
27963.931,8988,6236
27971.671,8989,6236
27994.308,8990,6236
28014.199,8991,6236
28054.949,8992,6236
28056.544,8993,6236
28142.099,8994,6236
28142.424,8995,6236
28143.055,8996,6236
28153.583,8997,6236
28173.265,8998,6236
28175.614,8999,6236
28232.254,9000,6236
28232.29,9001,6236
28239.272,9002,6236
28242.77,9003,6236
28258.36,9004,6236
28262.966,9005,6236
28290.325,9006,6236
28290.384,9007,6236
28295.192,9008,6236
28297.454,9009,6236
28305.352,9010,6236
28324.119,9011,6236
28335.143,9012,6236
28337.268,9013,6236
28378.709,9014,6236
28379.079,9015,6236
28394.645,9016,6236
28395.228,9017,6236
28395.305,9018,6236
28395.592,9019,6236
28408.265,9020,6236
28431.634,9021,6236
28442.369,9022,6236
28502.137,9023,6236
28503.486,9024,6236
28503.507,9025,6236
28504.043,9026,6236
28513.795,9027,6236
28528.263,9028,6236
28553.548,9029,6236
28629.729,9030,6236
28630.842,9031,6236
28635.903,9032,6236
28677.702,9033,6236
28693.015,9034,6236
28693.29,9035,6236
28699.317,9036,6236
28711.811,9037,6236
28721.799,9038,6236
28726.05,9039,6236
28734.091,9040,6236
28763.295,9041,6236
28788.334,9042,6236
28828.751,9043,6236
28883.677,9044,6236
28892.574,9045,6236
28892.894,9046,6236
28914.936,9047,6236
28918.675,9048,6236
28929.909,9049,6236
28943.961,9050,6236
28946.279,9051,6236
28950.079,9052,6236
28950.114,9053,6236
28987.187,9054,6236
28998.624,9055,6236
29001.95,9056,6236
29062.128,9057,6236
29085.823,9058,6236
29136.473,9059,6236
29144.669,9060,6236
29153.923,9061,6236
29207.404,9062,6236
29208.827,9063,6236
29263.462,9064,6236
29263.479,9065,6236
29270.332,9066,6236
29282.349,9067,6236
29292.514,9068,6236
29293.162,9069,6236
29303.124,9070,6236
29427.216,9071,6236
29445.268,9072,6236
29453.097,9073,6236
29453.411,9074,6236
29479.942,9075,6236
29481.143,9076,6236
29534.36,9077,6236
29598.604,9078,6236
29627.663,9079,6236
29650.258,9080,6236
29688.541,9081,6236
29689.786,9082,6236
29695.464,9083,6236
29695.533,9084,6236
29698.943,9085,6236
29708.141,9086,6236
29708.963,9087,6236
29710.7,9088,6236
29714.417,9089,6236
29715.318,9090,6236
29717.725,9091,6236
29737.886,9092,6236
29745.6,9093,6236
29771.71,9094,6236
29797.675,9095,6236
29804.109,9096,6236
29832.537,9097,6236
29942.778,9098,6236
29944.16,9099,6236
29944.284,9100,6236
29944.389,9101,6236
29944.536,9102,6236
29948.563,9103,6236
29949.714,9104,6236
29950.925,9105,6236
30011.411,9106,6236
30013.601,9107,6236
30110.514,9108,6236
30120.963,9109,6236
30136.886,9110,6236
30140.888,9111,6236
30143.287,9112,6236
30191.183,9113,6236
30220.313,9114,6236
30221.002,9115,6236
30225.203,9116,6236
30226.137,9117,6236
30230.458,9118,6236
30247.806,9119,6236
30249.413,9120,6236
30249.975,9121,6236
30281.779,9122,6236
30282.892,9123,6236
30287.583,9124,6236
30331.347,9125,6236
30333.606,9126,6236
30390.707,9127,6236
30390.826,9128,6236
30430.382,9129,6236
30447.779,9130,6236
30617.63,9131,6236
30708.472,9132,6236
30716.646,9133,6236
30716.773,9134,6236
30717.132,9135,6236
30717.677,9136,6236
30743.546,9137,6236
30746.968,9138,6236
30750.525,9139,6236
30761.035,9140,6236
30888.407,9141,6236
30888.994,9142,6236
30890.715,9143,6236
30917.946,9144,6236
30922.09,9145,6236
30922.114,9146,6236
30934.201,9147,6236
30950.611,9148,6236
30950.625,9149,6236
30953.869,9150,6236
30954.225,9151,6236
30954.591,9152,6236
31009.184,9153,6236
31009.411,9154,6236
31009.504,9155,6236
31011.406,9156,6236
31015.382,9157,6236
31028.253,9158,6236
31037.392,9159,6236
31087.459,9160,6236
31094.192,9161,6236
31119.911,9162,6236
31158.076,9163,6236
31189.897,9164,6236
31222.618,9165,6236
31296.195,9166,6236
31312.245,9167,6236
31347.538,9168,6236
31381.667,9169,6236
31403.849,9170,6236
31403.963,9171,6236
31414.062,9172,6236
31414.093,9173,6236
31418.379,9174,6236
31439.657,9175,6236
31457.449,9176,6236
31460.194,9177,6236
31472.712,9178,6236
31485.789,9179,6236
31545.182,9180,6236
31547.085,9181,6236
31549.307,9182,6236
31610.511,9183,6236
31610.715,9184,6236
31611.788,9185,6236
31612.169,9186,6236
31618.959,9187,6236
31623.231,9188,6236
31627.386,9189,6236
31682.209,9190,6236
31682.437,9191,6236
31690.619,9192,6236
31706.169,9193,6236
31707.0,9194,6236
31707.262,9195,6236
31707.616,9196,6236
31708.64,9197,6236
31714.238,9198,6236
31717.061,9199,6236
31723.938,9200,6236
31732.283,9201,6236
31734.408,9202,6236
31750.943,9203,6236
31893.224,9204,6236
31896.767,9205,6236
31898.842,9206,6236
31908.592,9207,6236
31993.742,9208,6236
31994.811,9209,6236
32000.856,9210,6236
32002.111,9211,6236
32038.795,9212,6236
32043.633,9213,6236
32045.58,9214,6236
32051.593,9215,6236
32052.016,9216,6236
32057.822,9217,6236
32061.937,9218,6236
32068.237,9219,6236
32075.87,9220,6236
32091.188,9221,6236
32111.754,9222,6236
32166.608,9223,6236
32194.479,9224,6236
32253.659,9225,6236
32318.05,9226,6236
32318.106,9227,6236
32318.141,9228,6236
32353.299,9229,6236
32354.681,9230,6236
32385.111,9231,6236
32403.645,9232,6236
32404.892,9233,6236
32405.954,9234,6236
32413.922,9235,6236
32445.865,9236,6236
32455.943,9237,6236
32531.89,9238,6236
32543.475,9239,6236
32600.828,9240,6236
32611.145,9241,6236
32612.679,9242,6236
32646.552,9243,6236
32655.572,9244,6236
32703.568,9245,6236
32729.743,9246,6236
32759.947,9247,6236
32760.667,9248,6236
32769.018,9249,6236
32785.322,9250,6236
32785.387,9251,6236
32786.381,9252,6236
32839.499,9253,6236
32895.251,9254,6236
32925.102,9255,6236
32925.241,9256,6236
32958.803,9257,6236
33010.339,9258,6236
33015.835,9259,6236
33037.898,9260,6236
33038.583,9261,6236
33039.492,9262,6236
33045.219,9263,6236
33063.727,9264,6236
33097.289,9265,6236
33131.747,9266,6236
33136.842,9267,6236
33142.465,9268,6236
33155.043,9269,6236
33159.755,9270,6236
33186.148,9271,6236
33197.582,9272,6236
33202.006,9273,6236
33206.237,9274,6236
33276.126,9275,6236
33286.203,9276,6236
33287.747,9277,6236
33297.675,9278,6236
33298.067,9279,6236
33298.759,9280,6236
33417.814,9281,6236
33449.316,9282,6236
33549.559,9283,6236
33601.837,9284,6236
33619.932,9285,6236
33631.149,9286,6236
33631.596,9287,6236
33634.555,9288,6236
33635.013,9289,6236
33641.742,9290,6236
33829.502,9291,6236
33837.837,9292,6236
33855.109,9293,6236
33869.207,9294,6236
33872.789,9295,6236
33883.767,9296,6236
33943.292,9297,6236
33959.914,9298,6236
34013.209,9299,6236
34015.187,9300,6236
34016.459,9301,6236
34021.37,9302,6236
34021.419,9303,6236
34045.176,9304,6236
34047.983,9305,6236
34055.313,9306,6236
34056.123,9307,6236
34056.195,9308,6236
34056.756,9309,6236
34058.956,9310,6236
34066.207,9311,6236
34169.251,9312,6236
34169.408,9313,6236
34182.233,9314,6236
34222.173,9315,6236
34305.75,9316,6236
34480.439,9317,6236
34520.193,9318,6236
34584.031,9319,6236
34684.52,9320,6236
34747.735,9321,6236
34771.413,9322,6236
34874.864,9323,6236
34877.857,9324,6236
34880.507,9325,6236
34882.242,9326,6236
34889.229,9327,6236
34893.19,9328,6236
34905.9,9329,6236
34993.012,9330,6236
35053.58,9331,6236
35057.362,9332,6236
35058.191,9333,6236
35062.26,9334,6236
35440.856,9335,6236
35440.878,9336,6236
35441.143,9337,6236
35441.327,9338,6236
35442.011,9339,6236
35442.269,9340,6236
35451.005,9341,6236
35482.234,9342,6236
35498.861,9343,6236
35499.084,9344,6236
35499.218,9345,6236
35499.565,9346,6236
35499.733,9347,6236
35502.096,9348,6236
35506.025,9349,6236
35536.045,9350,6236
35537.382,9351,6236
35553.977,9352,6236
35561.154,9353,6236
35597.828,9354,6236
35609.323,9355,6236
35711.338,9356,6236
35721.309,9357,6236
35840.907,9358,6236
35858.654,9359,6236
35905.123,9360,6236
35979.881,9361,6236
36002.973,9362,6236
36003.599,9363,6236
36007.63,9364,6236
36007.637,9365,6236
36023.679,9366,6236
36081.472,9367,6236
36116.109,9368,6236
36120.121,9369,6236
36126.166,9370,6236
36127.359,9371,6236
36145.371,9372,6236
36202.954,9373,6236
36203.272,9374,6236
36249.823,9375,6236
36257.914,9376,6236
36274.877,9377,6236
36274.906,9378,6236
36456.389,9379,6236
36473.664,9380,6236
36494.999,9381,6236
36527.196,9382,6236
36559.74,9383,6236
36594.077,9384,6236
36685.378,9385,6236
36714.786,9386,6236
36723.283,9387,6236
36762.286,9388,6236
36792.469,9389,6236
36831.746,9390,6236
36944.849,9391,6236
37049.643,9392,6236
37081.748,9393,6236
37186.559,9394,6236
37201.317,9395,6236
37281.177,9396,6236
37318.738,9397,6236
37319.195,9398,6236
37334.469,9399,6236
37334.479,9400,6236
37334.509,9401,6236
37365.387,9402,6236
37399.678,9403,6236
37400.484,9404,6236
37409.043,9405,6236
37411.452,9406,6236
37443.16,9407,6236
37443.264,9408,6236
37443.663,9409,6236
37443.797,9410,6236
37453.308,9411,6236
37472.709,9412,6236
37606.595,9413,6236
37609.78,9414,6236
37631.822,9415,6236
37653.097,9416,6236
37653.785,9417,6236
37653.881,9418,6236
37716.131,9419,6236
37724.258,9420,6236
37741.749,9421,6236
37798.647,9422,6236
37885.929,9423,6236
37886.546,9424,6236
37986.546,9425,6236
38111.592,9426,6236
38214.741,9427,6236
38217.111,9428,6236
38218.612,9429,6236
38220.592,9430,6236
38229.132,9431,6236
38253.923,9432,6236
38320.663,9433,6236
38321.334,9434,6236
38360.602,9435,6236
38377.296,9436,6236
38461.423,9437,6236
38518.488,9438,6236
38518.784,9439,6236
38528.96,9440,6236
38592.344,9441,6236
38705.946,9442,6236
38706.834,9443,6236
38728.312,9444,6236
38728.618,9445,6236
38729.397,9446,6236
38740.365,9447,6236
38753.802,9448,6236
38757.419,9449,6236
38768.63,9450,6236
38793.802,9451,6236
38844.56,9452,6236
38932.132,9453,6236
38998.797,9454,6236
39023.254,9455,6236
39042.542,9456,6236
39042.985,9457,6236
39091.113,9458,6236
39145.281,9459,6236
39207.843,9460,6236
39303.011,9461,6236
39395.246,9462,6236
39415.178,9463,6236
39449.892,9464,6236
39494.626,9465,6236
39527.625,9466,6236
39542.314,9467,6236
39542.326,9468,6236
39633.693,9469,6236
39658.92,9470,6236
39663.283,9471,6236
39725.905,9472,6236
39726.323,9473,6236
39785.588,9474,6236
39786.249,9475,6236
39788.103,9476,6236
39901.364,9477,6236
39911.812,9478,6236
39913.754,9479,6236
40001.192,9480,6236
40038.94,9481,6236
40053.978,9482,6236
40054.683,9483,6236
40174.391,9484,6236
40219.58,9485,6236
40223.851,9486,6236
40297.848,9487,6236
40365.392,9488,6236
40388.931,9489,6236
40406.508,9490,6236
40420.627,9491,6236
40420.949,9492,6236
40446.993,9493,6236
40447.993,9494,6236
40452.411,9495,6236
40457.159,9496,6236
40461.438,9497,6236
40484.583,9498,6236
40560.004,9499,6236
40575.576,9500,6236
40653.095,9501,6236
40713.451,9502,6236
40719.678,9503,6236
40726.14,9504,6236
40729.474,9505,6236
40731.295,9506,6236
40775.29,9507,6236
40781.409,9508,6236
40820.282,9509,6236
40834.923,9510,6236
40840.58,9511,6236
40842.253,9512,6236
40873.932,9513,6236
40877.998,9514,6236
40892.028,9515,6236
40920.993,9516,6236
40923.534,9517,6236
41033.717,9518,6236
41044.738,9519,6236
41110.574,9520,6236
41116.525,9521,6236
41133.706,9522,6236
41172.754,9523,6236
41190.451,9524,6236
41215.964,9525,6236
41226.69,9526,6236
41294.857,9527,6236
41432.393,9528,6237
41434.107,9529,6237
41434.133,9530,6237
41494.818,9531,6237
41513.002,9532,6237
41542.372,9533,6237
41550.5,9534,6237
41568.839,9535,6237
41619.188,9536,6237
41660.807,9537,6237
41672.009,9538,6237
41672.041,9539,6237
41678.126,9540,6237
41678.381,9541,6237
41704.44,9542,6237
41724.083,9543,6237
41815.195,9544,6237
41821.956,9545,6237
41879.956,9546,6237
41950.065,9547,6237
41984.937,9548,6237
42015.833,9549,6237
42024.777,9550,6237
42042.527,9551,6237
42043.155,9552,6237
42137.836,9553,6237
42138.285,9554,6237
42139.042,9555,6237
42218.205,9556,6237
42239.404,9557,6237
42326.549,9558,6237
42395.561,9559,6237
42423.695,9560,6237
42423.985,9561,6237
42424.966,9562,6237
42429.418,9563,6237
42457.393,9564,6237
42508.873,9565,6237
42510.241,9566,6237
42511.773,9567,6237
42520.008,9568,6237
42524.455,9569,6237
42536.555,9570,6237
42571.958,9571,6237
42627.684,9572,6237
42627.855,9573,6237
42628.872,9574,6237
42685.45,9575,6237
42717.575,9576,6237
42752.623,9577,6237
42911.783,9578,6237
42957.074,9579,6237
43015.777,9580,6237
43038.451,9581,6237
43058.592,9582,6237
43111.848,9583,6237
43136.148,9584,6237
43161.555,9585,6237
43163.979,9586,6237
43208.523,9587,6237
43233.678,9588,6237
43303.715,9589,6237
43321.476,9590,6237
43321.536,9591,6237
43321.81,9592,6237
43323.616,9593,6237
43340.901,9594,6237
43342.538,9595,6237
43347.307,9596,6237
43348.351,9597,6237
43559.2,9598,6237
43561.009,9599,6237
43618.822,9600,6237
43618.976,9601,6237
43686.484,9602,6237
43686.653,9603,6237
43687.314,9604,6237
43740.288,9605,6237
43743.283,9606,6237
43743.785,9607,6237
43764.117,9608,6237
43768.342,9609,6237
43772.976,9610,6237
43807.831,9611,6237
43848.129,9612,6237
43990.544,9613,6237
44108.275,9614,6237
44230.017,9615,6237
44272.97,9616,6237
44292.696,9617,6237
44325.848,9618,6237
44357.243,9619,6237
44377.466,9620,6237
44377.468,9621,6237
44458.964,9622,6237
44461.691,9623,6237
44466.328,9624,6237
44646.689,9625,6237
44920.005,9626,6237
44971.307,9627,6237
44981.394,9628,6237
45071.89,9629,6237
45244.455,9630,6237
45275.325,9631,6237
45301.292,9632,6237
45302.106,9633,6237
45304.542,9634,6237
45307.856,9635,6237
45316.301,9636,6237
45330.015,9637,6237
45331.711,9638,6237
45338.099,9639,6237
45340.447,9640,6237
45346.335,9641,6237
45623.764,9642,6237
45727.79,9643,6237
45727.84,9644,6237
45780.823,9645,6237
45784.355,9646,6237
45796.808,9647,6237
45810.079,9648,6237
45814.702,9649,6237
45837.13,9650,6237
45902.766,9651,6237
45914.719,9652,6237
45915.937,9653,6237
45924.488,9654,6237
45990.701,9655,6237
46065.591,9656,6237
46070.306,9657,6237
46079.795,9658,6237
46118.537,9659,6237
46139.902,9660,6237
46140.326,9661,6237
46144.751,9662,6237
46146.188,9663,6237
46155.535,9664,6237
46218.545,9665,6237
46288.082,9666,6237
46456.93,9667,6237
46471.014,9668,6237
46474.007,9669,6237
46474.753,9670,6237
46475.988,9671,6237
46505.115,9672,6237
46564.346,9673,6237
46564.549,9674,6237
46584.717,9675,6237
46587.4,9676,6237
46675.927,9677,6237
46679.358,9678,6237
46687.808,9679,6237
46702.308,9680,6237
46902.413,9681,6237
46994.125,9682,6237
47018.577,9683,6237
47067.097,9684,6237
47069.611,9685,6237
47087.7,9686,6237
47219.622,9687,6237
47243.19,9688,6237
47243.954,9689,6237
47283.067,9690,6237
47283.459,9691,6237
47285.611,9692,6237
47346.619,9693,6237
47346.699,9694,6237
47558.109,9695,6237
47569.465,9696,6237
47569.886,9697,6237
47570.36,9698,6237
47570.481,9699,6237
47571.113,9700,6237
47574.361,9701,6237
47578.147,9702,6237
47581.859,9703,6237
47666.021,9704,6237
47675.014,9705,6237
47811.35,9706,6237
47835.933,9707,6237
47927.139,9708,6237
48009.736,9709,6237
48009.769,9710,6237
48020.243,9711,6237
48021.213,9712,6237
48037.541,9713,6237
48070.454,9714,6237
48296.0,9715,6237
48372.763,9716,6237
48375.24,9717,6237
48421.386,9718,6237
48597.238,9719,6237
48778.631,9720,6237
48799.102,9721,6237
48811.042,9722,6237
48955.598,9723,6237
49044.318,9724,6237
49065.236,9725,6237
49090.183,9726,6237
49179.359,9727,6237
49179.487,9728,6237
49188.812,9729,6237
49221.633,9730,6237
49324.143,9731,6237
49347.498,9732,6237
49350.28,9733,6237
49350.32,9734,6237
49382.961,9735,6237
49384.072,9736,6237
49384.188,9737,6237
49384.388,9738,6237
49385.233,9739,6237
49387.572,9740,6237
49388.785,9741,6237
49389.39,9742,6237
49389.722,9743,6237
49390.123,9744,6237
49390.974,9745,6237
49402.168,9746,6237
49444.78,9747,6237
49457.058,9748,6237
49473.479,9749,6237
49474.231,9750,6237
49475.116,9751,6237
49477.483,9752,6237
49481.045,9753,6237
49484.428,9754,6237
49490.022,9755,6237
49506.928,9756,6237
49508.986,9757,6237
49549.49,9758,6237
49561.409,9759,6237
49636.961,9760,6237
49725.699,9761,6237
49789.746,9762,6237
49796.036,9763,6237
49801.84,9764,6237
49803.64,9765,6237
49854.599,9766,6237
49877.858,9767,6237
50055.004,9768,6237
50074.313,9769,6237
50198.991,9770,6237
50199.263,9771,6237
50227.343,9772,6237
50296.257,9773,6237
50321.653,9774,6237
50408.806,9775,6237
50426.31,9776,6237
50428.303,9777,6237
50506.597,9778,6237
50514.651,9779,6237
50554.702,9780,6237
50605.822,9781,6237
50635.227,9782,6237
50638.232,9783,6237
50670.892,9784,6237
50690.245,9785,6237
50690.291,9786,6237
50692.167,9787,6237
50692.314,9788,6237
50696.52,9789,6237
50703.414,9790,6237
50704.635,9791,6237
50705.297,9792,6237
50714.466,9793,6237
50740.021,9794,6237
50824.067,9795,6237
50824.092,9796,6237
50824.263,9797,6237
50824.332,9798,6237
50824.801,9799,6237
50837.425,9800,6237
50865.598,9801,6237
50955.125,9802,6237
50955.323,9803,6237
50957.432,9804,6237
50958.396,9805,6237
50958.639,9806,6237
50964.447,9807,6237
50986.685,9808,6237
50986.761,9809,6237
50998.511,9810,6237
51241.037,9811,6237
51518.057,9812,6237
51518.675,9813,6237
51617.303,9814,6237
51659.292,9815,6237
51737.826,9816,6237
51754.659,9817,6237
51890.244,9818,6237
52126.77,9819,6237
52147.415,9820,6237
52427.543,9821,6237
52427.675,9822,6237
52493.99,9823,6237
52572.873,9824,6237
52576.557,9825,6237
52629.63,9826,6237
52685.333,9827,6237
52690.16,9828,6237
52723.947,9829,6237
52756.366,9830,6237
52815.415,9831,6237
52827.817,9832,6237
52848.172,9833,6237
52980.478,9834,6237
52997.542,9835,6237
53011.49,9836,6237
53013.026,9837,6237
53096.015,9838,6237
53138.591,9839,6237
53291.259,9840,6237
53340.532,9841,6237
53343.597,9842,6237
53433.146,9843,6237
53464.282,9844,6237
53517.275,9845,6237
53538.09,9846,6237
53795.732,9847,6237
53910.54,9848,6237
53910.612,9849,6237
53943.525,9850,6237
53958.426,9851,6237
54069.898,9852,6237
54070.134,9853,6237
54077.612,9854,6237
54084.485,9855,6237
54147.436,9856,6237
54193.396,9857,6237
54215.716,9858,6237
54223.153,9859,6237
54229.224,9860,6237
54234.458,9861,6237
54272.6,9862,6237
54307.154,9863,6237
54311.55,9864,6237
54381.702,9865,6237
54468.383,9866,6237
54475.332,9867,6237
54506.058,9868,6237
54592.754,9869,6237
54639.774,9870,6237
54653.701,9871,6237
54654.12,9872,6237
54654.338,9873,6237
54654.86,9874,6237
54660.217,9875,6237
54668.666,9876,6237
54680.859,9877,6237
54682.531,9878,6237
54683.545,9879,6237
54691.445,9880,6237
54808.453,9881,6237
54873.432,9882,6237
54898.561,9883,6237
54939.663,9884,6237
54941.18,9885,6237
54943.496,9886,6237
54943.526,9887,6237
54943.888,9888,6237
54986.973,9889,6237
54987.056,9890,6237
54989.152,9891,6237
55004.356,9892,6238
55010.634,9893,6238
55034.667,9894,6238
55063.665,9895,6238
55078.964,9896,6238
55097.423,9897,6238
55104.643,9898,6238
55218.529,9899,6238
55390.474,9900,6238
55409.762,9901,6238
55410.29,9902,6238
55411.437,9903,6238
55412.228,9904,6238
55413.337,9905,6238
55413.426,9906,6238
55414.378,9907,6238
55419.867,9908,6238
55631.242,9909,6238
55651.713,9910,6238
55656.717,9911,6238
55717.746,9912,6238
55735.961,9913,6238
55851.685,9914,6238
55956.38,9915,6238
56039.502,9916,6238
56130.659,9917,6238
56130.802,9918,6238
56212.881,9919,6238
56240.079,9920,6238
56311.442,9921,6238
56400.753,9922,6238
56427.83,9923,6238
56445.496,9924,6238
56445.596,9925,6238
56445.622,9926,6238
56445.955,9927,6238
56445.971,9928,6238
56446.005,9929,6238
56447.643,9930,6238
56448.186,9931,6238
56449.044,9932,6238
56477.497,9933,6238
56588.699,9934,6238
56596.646,9935,6238
56692.347,9936,6238
56703.698,9937,6238
56717.944,9938,6238
56745.662,9939,6238
56768.391,9940,6238
56820.625,9941,6238
56827.216,9942,6238
56880.677,9943,6238
57026.384,9944,6238
57040.783,9945,6238
57070.865,9946,6238
57107.265,9947,6238
57145.817,9948,6238
57218.663,9949,6238
57219.085,9950,6238
57220.75,9951,6238
57221.376,9952,6238
57236.827,9953,6238
57245.952,9954,6238
57275.067,9955,6238
57358.738,9956,6238
57359.909,9957,6238
57360.6,9958,6238
57361.85,9959,6238
57399.202,9960,6238
57419.057,9961,6238
57424.304,9962,6238
57436.604,9963,6238
57436.653,9964,6238
57436.787,9965,6238
57550.31,9966,6238
57553.619,9967,6238
57556.381,9968,6238
57779.982,9969,6238
57884.753,9970,6238
57886.306,9971,6238
57887.88,9972,6238
57890.133,9973,6238
57892.057,9974,6238
57893.533,9975,6238
57901.068,9976,6238
57908.15,9977,6238
57908.609,9978,6238
57917.359,9979,6238
57926.837,9980,6238
58069.896,9981,6238
58124.868,9982,6238
58186.1,9983,6238
58189.372,9984,6238
58191.364,9985,6238
58379.217,9986,6238
58380.961,9987,6238
58391.535,9988,6238
58395.633,9989,6238
58450.597,9990,6238
58577.632,9991,6239
58582.47,9992,6239
58583.054,9993,6239
58601.348,9994,6239
58624.683,9995,6239
58625.188,9996,6239
58625.866,9997,6239
58629.988,9998,6239
58636.68,9999,6239
58637.322,10000,6239
58669.307,10001,6239
58718.017,10002,6239
58874.991,10003,6239
58935.663,10004,6239
58968.166,10005,6239
59033.346,10006,6239
59071.941,10007,6239
59072.95,10008,6239
59075.257,10009,6239
59152.882,10010,6239
59227.295,10011,6239
59270.478,10012,6239
59274.002,10013,6239
59307.061,10014,6239
59863.235,10015,6239
59866.364,10016,6239
59994.435,10017,6239
60026.608,10018,6239
60172.362,10019,6239
60293.63,10020,6239
60439.217,10021,6239
60547.989,10022,6239
60583.8,10023,6239
60639.895,10024,6239
60754.442,10025,6239
60789.027,10026,6239
60789.612,10027,6239
60797.563,10028,6239
60854.543,10029,6239
60961.098,10030,6239
60973.188,10031,6239
60991.473,10032,6239
61070.192,10033,6239
61110.429,10034,6239
61144.611,10035,6239
61144.69,10036,6239
61145.625,10037,6239
61147.906,10038,6239
61205.356,10039,6239
61272.404,10040,6239
61373.6,10041,6239
61471.302,10042,6239
61472.271,10043,6239
61495.629,10044,6239
61509.093,10045,6239
61509.135,10046,6239
61509.148,10047,6239
61509.805,10048,6239
61511.087,10049,6239
61517.184,10050,6239
61628.188,10051,6239
61644.927,10052,6239
61645.82,10053,6239
61668.68,10054,6239
61741.466,10055,6239
61824.61,10056,6239
61854.239,10057,6239
61854.995,10058,6239
61960.417,10059,6239
61983.568,10060,6239
62351.89,10061,6239
62545.278,10062,6239
62556.43,10063,6239
62672.071,10064,6239
62700.565,10065,6239
62788.079,10066,6239
62788.784,10067,6239
62803.787,10068,6239
62904.562,10069,6239
63110.649,10070,6239
63146.258,10071,6239
63331.675,10072,6239
63536.781,10073,6239
63548.329,10074,6239
63652.195,10075,6239
63821.51,10076,6239
63932.245,10077,6239
64108.325,10078,6239
64180.427,10079,6239
64353.312,10080,6239
64447.321,10081,6239
64499.916,10082,6239
64630.372,10083,6239
64727.1,10084,6239
64761.431,10085,6239
64850.051,10086,6239
64940.95,10087,6239
64974.663,10088,6239
65218.456,10089,6239
65427.293,10090,6239
65459.76,10091,6239
65591.253,10092,6239
65688.6,10093,6239
65707.446,10094,6239
65786.938,10095,6239
65796.102,10096,6239
65939.296,10097,6239
66040.833,10098,6239
66047.153,10099,6239
66076.011,10100,6239
66168.264,10101,6239
66310.555,10102,6239
66358.89,10103,6239
66412.079,10104,6239
66636.808,10105,6239
66693.509,10106,6239
66694.361,10107,6239
67439.835,10108,6239
67568.327,10109,6239
68066.343,10110,6239
68157.863,10111,6239
68181.481,10112,6239
68181.537,10113,6239
68183.552,10114,6239
68183.775,10115,6239
68191.407,10116,6239
68284.668,10117,6239
68439.801,10118,6239
68593.102,10119,6239
68626.241,10120,6239
68676.795,10121,6239
68679.001,10122,6239
68737.251,10123,6239
68791.261,10124,6239
69035.574,10125,6239
69172.093,10126,6239
69263.758,10127,6239
69632.067,10128,6239
69833.104,10129,6239
70044.178,10130,6239
70073.357,10131,6239
70329.917,10132,6239
70638.831,10133,6239
70677.527,10134,6239
70847.012,10135,6239
70847.103,10136,6239
70904.004,10137,6239
70945.421,10138,6239
71230.094,10139,6239
71508.393,10140,6239
71622.477,10141,6239
71653.8,10142,6239
71805.203,10143,6239
71840.572,10144,6239
71857.611,10145,6239
71908.797,10146,6239
72054.624,10147,6239
72213.205,10148,6239
72436.918,10149,6239
72439.85,10150,6239
72828.763,10151,6239
72914.008,10152,6239
72976.944,10153,6239
73013.508,10154,6239
73021.907,10155,6239
73129.324,10156,6239
73212.493,10157,6239
73236.379,10158,6239
73363.781,10159,6239
73414.751,10160,6239
73426.763,10161,6239
73505.603,10162,6239
73507.308,10163,6239
73620.594,10164,6239
73738.031,10165,6239
73765.011,10166,6239
73998.687,10167,6239
74038.578,10168,6239
74070.135,10169,6239
74088.046,10170,6239
74089.437,10171,6239
74331.281,10172,6239
74420.573,10173,6239
74457.101,10174,6239
74631.075,10175,6239
74631.12,10176,6239
74631.144,10177,6239
74731.831,10178,6239
74957.646,10179,6239
75225.732,10180,6239
75291.81,10181,6239
75426.624,10182,6239
75460.788,10183,6239
75502.705,10184,6239
75504.538,10185,6239
75504.57,10186,6239
75506.685,10187,6239
75601.088,10188,6239
75656.563,10189,6239
75673.869,10190,6239
75724.71,10191,6239
75904.619,10192,6239
76018.68,10193,6239
76199.606,10194,6239
76229.735,10195,6239
76232.795,10196,6239
76264.274,10197,6239
76463.234,10198,6239
76548.298,10199,6239
76609.41,10200,6239
76681.068,10201,6239
76803.294,10202,6239
76848.677,10203,6239
76858.403,10204,6239
76922.582,10205,6239
77026.961,10206,6239
77047.46,10207,6239
77181.648,10208,6239
77182.437,10209,6239
77259.884,10210,6239
77320.124,10211,6239
77321.747,10212,6239
77371.005,10213,6239
77473.061,10214,6239
77576.713,10215,6239
77625.024,10216,6239
77743.068,10217,6239
77784.129,10218,6239
77784.779,10219,6239
77784.928,10220,6239
77786.534,10221,6239
78098.897,10222,6239
78195.528,10223,6239
78424.017,10224,6240
78424.465,10225,6240
78676.565,10226,6240
78676.725,10227,6240
78676.866,10228,6240
78785.717,10229,6240
78938.926,10230,6240
78999.85,10231,6240
79240.69,10232,6240
79656.594,10233,6240
79749.912,10234,6240
79750.22,10235,6240
79878.917,10236,6240
79978.896,10237,6240
80098.567,10238,6240
80473.939,10239,6240
80513.942,10240,6240
80517.205,10241,6240
80524.865,10242,6240
81025.366,10243,6240
81432.612,10244,6240
81576.711,10245,6240
81901.855,10246,6240
82017.713,10247,6240
82017.852,10248,6240
82178.652,10249,6240
82183.647,10250,6240
82183.77,10251,6240
82185.404,10252,6240
82334.562,10253,6240
82624.384,10254,6240
82659.159,10255,6240
82659.182,10256,6240
82660.666,10257,6240
82662.439,10258,6240
82662.838,10259,6240
82776.535,10260,6240
82779.476,10261,6240
82867.93,10262,6240
82870.285,10263,6240
82987.667,10264,6240
83301.791,10265,6240
83525.867,10266,6240
83551.858,10267,6240
83576.36,10268,6240
84348.226,10269,6240
84416.794,10270,6240
84471.845,10271,6240
84748.468,10272,6240
85466.087,10273,6240
85470.78,10274,6240
85661.359,10275,6240
85738.926,10276,6240
85852.416,10277,6240
