time_s,inputs,cumulative_edges
0.0,1,153
0.001,2,158
0.006,3,163
0.01,4,166
0.014,5,166
0.017,6,172
0.02,7,172
0.028,8,172
0.031,9,172
0.035,10,173
0.038,11,175
0.051,12,175
0.069,13,175
0.085,14,175
0.104,15,175
0.122,16,175
0.131,17,177
0.137,18,177
0.361,19,177
0.447,20,177
0.535,21,177
0.541,22,178
0.773,23,181
0.927,24,182
0.963,25,182
1.019,26,182
1.169,27,182
1.255,28,224
1.448,29,224
1.484,30,224
1.647,31,257
1.829,32,257
1.912,33,257
1.929,34,258
1.958,35,261
1.999,36,266
2.154,37,266
2.477,38,266
2.775,39,266
2.823,40,266
2.873,41,267
3.651,42,267
3.716,43,267
4.04,44,268
4.894,45,268
5.004,46,269
5.009,47,269
5.114,48,270
5.175,49,271
5.651,50,272
5.984,51,273
6.159,52,277
6.184,53,277
6.237,54,277
6.881,55,277
7.382,56,277
7.391,57,278
7.581,58,293
7.681,59,294
7.783,60,295
7.802,61,295
7.908,62,295
8.199,63,295
8.502,64,297
8.613,65,298
8.626,66,298
8.647,67,299
8.768,68,299
9.897,69,300
10.255,70,300
10.344,71,300
10.617,72,300
10.657,73,300
10.661,74,314
10.788,75,314
10.829,76,315
10.916,77,315
10.947,78,315
11.118,79,315
11.544,80,316
11.572,81,321
11.594,82,321
11.604,83,321
11.611,84,327
11.62,85,328
11.624,86,328
11.804,87,328
11.935,88,328
12.734,89,328
12.831,90,328
13.057,91,328
13.409,92,328
13.526,93,328
13.541,94,328
13.557,95,328
13.708,96,328
13.726,97,328
13.932,98,328
14.004,99,328
14.316,100,328
14.563,101,333
14.674,102,333
14.678,103,333
14.711,104,335
14.719,105,336
14.76,106,338
14.779,107,347
14.802,108,347
14.811,109,347
14.818,110,347
14.857,111,348
14.878,112,348
14.972,113,348
14.982,114,349
15.04,115,350
15.135,116,350
15.175,117,355
15.341,118,355
15.407,119,356
15.431,120,356
15.552,121,356
15.635,122,356
15.7,123,356
15.74,124,356
15.75,125,356
15.851,126,356
15.867,127,356
15.949,128,357
16.0,129,357
16.062,130,357
16.099,131,357
16.112,132,357
16.13,133,358
16.145,134,358
16.213,135,358
16.287,136,358
16.377,137,358
16.468,138,358
16.53,139,359
16.682,140,359
16.864,141,359
16.898,142,359
16.937,143,360
16.946,144,361
16.959,145,362
17.115,146,363
17.138,147,364
17.19,148,364
17.226,149,364
17.293,150,365
17.333,151,366
17.357,152,366
17.467,153,366
17.546,154,366
17.689,155,366
17.839,156,366
17.856,157,366
18.054,158,366
18.326,159,366
18.631,160,367
18.723,161,367
18.774,162,374
18.838,163,374
18.881,164,374
19.452,165,375
19.936,166,375
19.986,167,376
19.995,168,377
20.522,169,378
21.02,170,378
21.094,171,378
21.109,172,378
21.149,173,378
21.927,174,378
22.035,175,378
22.18,176,379
22.28,177,379
22.362,178,379
22.372,179,379
22.406,180,379
22.475,181,379
22.654,182,379
22.674,183,379
22.715,184,379
22.719,185,379
22.734,186,379
22.739,187,379
22.756,188,379
22.76,189,380
22.775,190,380
23.117,191,380
23.359,192,382
23.445,193,382
23.46,194,382
23.632,195,383
23.875,196,383
23.925,197,383
23.985,198,383
24.012,199,383
24.017,200,383
24.143,201,384
24.228,202,384
24.272,203,384
24.422,204,384
24.479,205,384
24.617,206,385
24.654,207,386
24.737,208,386
24.767,209,386
24.889,210,386
24.934,211,388
25.011,212,388
25.067,213,388
25.089,214,388
25.117,215,390
25.227,216,390
25.392,217,390
25.397,218,391
25.58,219,391
25.865,220,391
25.949,221,391
26.014,222,392
26.134,223,392
26.562,224,392
26.623,225,392
26.676,226,393
26.705,227,394
26.746,228,395
26.881,229,395
27.213,230,395
27.267,231,395
27.338,232,395
27.705,233,395
27.795,234,395
27.842,235,395
27.909,236,395
27.935,237,395
27.957,238,395
28.199,239,395
28.556,240,395
28.626,241,395
29.033,242,395
29.19,243,395
29.835,244,395
29.842,245,395
29.863,246,395
29.986,247,395
30.006,248,395
30.019,249,395
30.026,250,395
30.052,251,395
30.127,252,396
30.198,253,397
30.215,254,398
30.218,255,398
30.277,256,398
30.283,257,398
30.313,258,398
30.338,259,398
30.355,260,398
30.369,261,398
30.707,262,398
30.796,263,398
31.022,264,398
31.052,265,398
31.076,266,398
31.127,267,398
31.283,268,398
31.286,269,398
31.311,270,398
31.419,271,398
31.424,272,398
31.615,273,398
31.79,274,398
32.131,275,398
32.927,276,398
33.412,277,398
34.172,278,398
34.54,279,398
34.738,280,398
34.807,281,398
35.156,282,398
35.874,283,398
36.281,284,398
36.607,285,398
36.664,286,398
36.71,287,399
36.79,288,402
37.257,289,402
37.476,290,402
37.512,291,402
37.517,292,402
37.555,293,402
37.564,294,402
37.571,295,402
37.626,296,402
37.63,297,402
37.67,298,402
37.727,299,402
37.738,300,402
37.779,301,402
37.928,302,402
37.998,303,402
38.074,304,402
38.105,305,402
38.184,306,402
38.328,307,402
38.366,308,402
38.378,309,402
38.75,310,402
38.777,311,402
38.83,312,402
39.189,313,402
39.656,314,405
39.997,315,405
40.401,316,405
40.717,317,405
40.827,318,405
41.279,319,405
41.347,320,405
42.391,321,405
42.675,322,405
42.809,323,405
43.162,324,405
44.992,325,405
45.424,326,405
45.433,327,405
45.674,328,405
46.502,329,405
46.674,330,405
47.18,331,405
47.931,332,405
47.955,333,405
48.219,334,405
48.3,335,405
48.599,336,405
48.63,337,405
48.674,338,405
49.956,339,405
49.985,340,405
50.233,341,405
50.591,342,405
51.973,343,405
52.992,344,405
53.276,345,405
53.329,346,405
53.415,347,405
55.957,348,405
56.768,349,405
56.775,350,406
56.917,351,406
56.996,352,406
57.274,353,409
57.449,354,410
58.316,355,410
58.666,356,410
58.772,357,413
60.896,358,413
61.018,359,413
62.772,360,413
62.903,361,414
63.019,362,414
63.066,363,469
63.885,364,469
63.965,365,469
64.277,366,469
64.62,367,476
64.631,368,504
64.633,369,506
64.653,370,507
64.693,371,513
64.704,372,513
64.718,373,514
64.744,374,514
64.762,375,514
64.81,376,514
64.862,377,515
64.873,378,516
64.953,379,516
64.979,380,517
65.011,381,518
65.013,382,521
65.076,383,522
65.1,384,524
65.12,385,525
65.15,386,525
65.193,387,525
65.366,388,526
65.473,389,527
65.584,390,527
65.759,391,527
65.875,392,535
66.082,393,535
66.123,394,535
68.377,395,536
69.457,396,539
69.479,397,539
70.01,398,539
71.082,399,539
71.141,400,539
72.679,401,549
72.806,402,549
73.026,403,549
73.427,404,549
73.845,405,550
74.419,406,550
74.903,407,550
75.482,408,550
75.889,409,552
76.182,410,552
77.029,411,553
77.183,412,554
77.657,413,556
77.701,414,556
78.049,415,556
78.177,416,556
79.316,417,556
80.561,418,556
80.63,419,558
80.632,420,558
80.636,421,559
80.863,422,559
80.977,423,560
80.989,424,560
81.003,425,560
81.044,426,560
81.048,427,560
81.085,428,562
81.117,429,562
81.131,430,562
81.142,431,567
81.396,432,567
81.454,433,568
81.468,434,568
81.479,435,568
81.48,436,568
81.601,437,569
81.619,438,569
81.625,439,570
81.667,440,570
81.674,441,570
81.731,442,571
81.795,443,571
81.827,444,572
81.881,445,574
81.994,446,579
82.06,447,579
82.149,448,579
82.205,449,579
82.33,450,580
82.399,451,580
82.511,452,580
82.823,453,581
82.98,454,581
83.239,455,581
83.876,456,581
84.014,457,581
84.143,458,581
84.145,459,581
84.197,460,581
84.326,461,582
84.413,462,583
84.627,463,584
84.877,464,584
84.898,465,584
84.911,466,584
85.078,467,584
85.099,468,585
85.193,469,585
85.685,470,585
86.032,471,585
86.574,472,585
86.601,473,586
86.607,474,586
86.611,475,586
86.638,476,586
86.656,477,588
86.683,478,588
86.685,479,588
86.688,480,588
86.736,481,588
86.74,482,590
86.747,483,590
86.797,484,590
86.805,485,590
86.946,486,591
86.966,487,592
86.969,488,592
87.017,489,592
87.139,490,592
87.165,491,592
87.22,492,592
87.237,493,592
87.412,494,593
87.428,495,597
87.506,496,597
87.62,497,597
87.793,498,597
87.812,499,597
87.82,500,598
87.934,501,598
87.984,502,598
88.194,503,598
88.245,504,598
88.256,505,599
88.397,506,599
88.496,507,599
88.522,508,600
88.582,509,600
88.848,510,600
88.856,511,600
88.966,512,600
89.298,513,601
89.303,514,601
89.707,515,601
89.741,516,601
89.788,517,601
90.072,518,601
90.318,519,601
90.7,520,602
90.739,521,602
91.239,522,1043
91.248,523,1043
91.296,524,1044
91.369,525,1044
91.372,526,1044
91.48,527,1045
91.527,528,1045
91.558,529,1045
91.595,530,1045
91.622,531,1045
91.869,532,1045
91.884,533,1045
91.903,534,1045
91.996,535,1045
92.32,536,1046
92.438,537,1047
93.126,538,1047
94.263,539,1048
94.55,540,1048
94.575,541,1049
94.619,542,1050
94.807,543,1050
95.0,544,1050
95.015,545,1050
95.114,546,1051
95.21,547,1051
95.6,548,1051
96.482,549,1051
96.598,550,1051
96.875,551,1051
97.108,552,1051
97.228,553,1052
97.277,554,1052
97.786,555,1052
97.797,556,1052
98.034,557,1052
98.508,558,1052
98.526,559,1053
99.069,560,1053
99.178,561,1053
99.802,562,1053
100.13,563,1053
100.166,564,1067
101.354,565,1067
101.382,566,1067
102.294,567,1067
102.681,568,1067
103.426,569,1069
105.418,570,1069
105.597,571,1069
106.119,572,1069
106.529,573,1069
106.68,574,1069
106.76,575,1069
107.097,576,1069
107.909,577,1069
108.016,578,1069
108.021,579,1070
108.032,580,1070
108.1,581,1071
108.13,582,1071
108.154,583,1071
108.162,584,1072
108.382,585,1072
108.516,586,1072
108.652,587,1073
108.723,588,1074
108.885,589,1074
108.888,590,1074
109.053,591,1074
109.305,592,1074
109.596,593,1074
109.626,594,1074
109.979,595,1076
110.461,596,1076
110.665,597,1076
111.456,598,1076
111.561,599,1077
111.811,600,1077
111.91,601,1077
113.361,602,1077
114.294,603,1077
114.829,604,1077
115.36,605,1077
115.384,606,1077
116.329,607,1077
116.814,608,1077
117.118,609,1083
117.154,610,1084
117.157,611,1084
117.16,612,1084
117.283,613,1253
117.296,614,1253
117.312,615,1253
117.316,616,1297
117.564,617,1306
117.575,618,1538
117.604,619,1538
117.606,620,1539
117.615,621,1549
117.618,622,1638
117.641,623,1638
117.698,624,1638
117.717,625,1638
117.777,626,1639
117.858,627,1640
117.904,628,1640
117.92,629,1640
117.97,630,1653
118.05,631,1653
118.058,632,1653
118.19,633,1653
118.308,634,1653
118.324,635,1653
118.366,636,1657
118.461,637,1715
118.541,638,1716
118.622,639,1726
118.665,640,1726
118.679,641,1726
118.745,642,1726
118.84,643,1731
118.993,644,1760
119.046,645,1761
119.091,646,1761
119.175,647,1761
119.182,648,1761
119.242,649,1761
119.361,650,1761
119.38,651,1764
119.395,652,1764
119.63,653,1764
119.769,654,1764
119.79,655,1768
119.815,656,1892
119.855,657,1892
119.969,658,1898
120.037,659,1898
120.33,660,1899
120.491,661,1907
120.515,662,1907
120.712,663,1939
120.764,664,1941
120.822,665,1942
120.861,666,2052
120.875,667,2058
120.917,668,2061
121.024,669,2062
121.159,670,2062
121.451,671,2063
121.513,672,2063
121.515,673,2063
121.553,674,2065
121.564,675,2092
121.742,676,2096
121.763,677,2096
121.812,678,2096
121.829,679,2096
122.04,680,2096
122.181,681,2112
122.19,682,2112
122.194,683,2113
122.23,684,2121
122.372,685,2201
122.439,686,2201
122.599,687,2202
122.628,688,2202
122.775,689,2205
122.862,690,2219
122.927,691,2219
122.934,692,2220
122.996,693,2220
123.006,694,2221
123.068,695,2224
123.09,696,2224
123.117,697,2224
123.521,698,2314
123.531,699,2314
123.603,700,2448
123.672,701,2448
124.166,702,2450
124.7,703,2451
124.737,704,2534
124.81,705,2537
124.994,706,2537
125.001,707,2537
125.082,708,2538
125.11,709,2538
125.183,710,2581
125.263,711,2582
125.407,712,2595
126.151,713,2595
126.246,714,2701
126.628,715,2701
126.682,716,2701
127.09,717,2701
127.267,718,2707
127.5,719,2725
127.549,720,2726
127.609,721,2726
127.869,722,2726
128.411,723,2727
128.46,724,2727
128.593,725,2730
128.647,726,2730
128.664,727,2730
128.923,728,2764
129.044,729,2764
129.055,730,2764
129.083,731,2764
129.099,732,2764
129.214,733,2765
129.513,734,2773
129.633,735,2773
129.663,736,2773
130.092,737,2774
130.136,738,2774
130.209,739,2774
130.342,740,2774
130.468,741,2774
130.658,742,2774
131.091,743,2786
131.176,744,2786
131.195,745,2786
131.46,746,2787
131.857,747,2802
132.142,748,2802
132.204,749,2823
132.265,750,2825
132.614,751,2825
132.778,752,2825
132.903,753,2825
132.934,754,2826
133.041,755,2827
133.391,756,2828
133.468,757,2828
133.637,758,2828
133.688,759,2834
133.965,760,2835
134.133,761,2835
134.134,762,2835
134.303,763,2835
134.634,764,2835
135.195,765,2835
135.916,766,2835
136.266,767,2848
136.359,768,2848
136.362,769,2849
136.366,770,2851
136.37,771,2852
136.402,772,2868
136.529,773,2869
136.535,774,2870
136.583,775,2870
136.632,776,2874
136.655,777,2896
136.676,778,2916
136.693,779,2918
136.738,780,2922
136.809,781,2922
136.815,782,2922
136.844,783,2926
136.891,784,2926
136.922,785,2926
136.934,786,2926
136.961,787,2942
137.001,788,2942
137.027,789,2943
137.069,790,2943
137.091,791,2943
137.116,792,2944
137.126,793,2946
137.136,794,2946
137.198,795,2950
137.251,796,2955
137.273,797,2956
137.276,798,2956
137.289,799,2961
137.344,800,2961
137.371,801,2961
137.441,802,2964
137.455,803,2964
137.553,804,2964
137.571,805,2965
137.718,806,2966
137.745,807,2966
137.807,808,2966
137.836,809,2971
137.852,810,2977
137.863,811,2978
137.901,812,2978
137.969,813,2978
137.995,814,2979
138.02,815,2995
138.241,816,3041
138.306,817,3041
138.314,818,3041
138.354,819,3041
138.401,820,3041
138.414,821,3047
138.453,822,3047
138.505,823,3047
138.556,824,3047
138.603,825,3047
138.687,826,3047
138.696,827,3047
138.731,828,3054
138.854,829,3056
138.882,830,3056
138.896,831,3056
138.957,832,3056
138.995,833,3057
139.031,834,3057
139.086,835,3057
139.327,836,3058
139.371,837,3062
139.517,838,3062
139.618,839,3062
139.658,840,3063
139.679,841,3065
139.721,842,3065
139.74,843,3157
139.747,844,3158
139.762,845,3159
139.788,846,3169
139.819,847,3169
139.822,848,3175
139.865,849,3175
139.871,850,3176
139.91,851,3176
140.03,852,3178
140.056,853,3179
140.377,854,3179
140.42,855,3181
140.493,856,3181
140.497,857,3184
140.622,858,3186
140.665,859,3217
140.688,860,3217
140.726,861,3218
140.833,862,3220
140.92,863,3220
141.013,864,3221
141.234,865,3221
141.26,866,3258
141.337,867,3258
141.354,868,3258
141.362,869,3268
141.657,870,3269
141.71,871,3269
141.823,872,3270
141.842,873,3270
142.149,874,3270
142.168,875,3270
142.504,876,3270
142.598,877,3271
142.646,878,3276
142.75,879,3276
142.98,880,3276
143.053,881,3276
143.112,882,3276
143.146,883,3276
143.164,884,3276
143.217,885,3276
143.277,886,3276
143.349,887,3276
143.362,888,3277
143.471,889,3277
143.521,890,3277
143.729,891,3277
143.748,892,3282
143.917,893,3282
144.054,894,3282
144.056,895,3283
144.138,896,3283
144.24,897,3283
144.589,898,3284
144.629,899,3287
145.077,900,3289
145.291,901,3290
145.482,902,3290
145.66,903,3290
145.684,904,3290
145.793,905,3294
145.854,906,3301
145.985,907,3302
145.99,908,3302
146.096,909,3302
146.51,910,3306
146.919,911,3306
146.998,912,3307
147.017,913,3307
147.1,914,3307
147.354,915,3308
147.679,916,3335
147.732,917,3336
147.928,918,3336
148.001,919,3342
148.014,920,3342
148.299,921,3345
148.325,922,3345
148.555,923,3345
148.663,924,3345
149.052,925,3345
149.115,926,3346
149.133,927,3349
149.195,928,3349
149.284,929,3349
149.328,930,3350
149.6,931,3376
149.798,932,3376
149.937,933,3376
150.054,934,3381
150.061,935,3393
150.157,936,3393
150.565,937,3449
150.601,938,3452
150.819,939,3452
150.949,940,3460
151.035,941,3460
151.32,942,3464
151.49,943,3477
151.7,944,3477
152.103,945,3477
152.33,946,3477
152.55,947,3477
152.571,948,3477
152.657,949,3477
152.689,950,3477
152.696,951,3477
153.006,952,3477
153.214,953,3477
153.655,954,3478
153.942,955,3481
153.961,956,3482
154.064,957,3482
154.103,958,3486
154.204,959,3486
154.303,960,3486
154.4,961,3486
154.504,962,3486
154.611,963,3486
154.702,964,3487
155.226,965,3490
155.235,966,3490
155.252,967,3491
155.331,968,3494
155.477,969,3494
155.793,970,3495
155.902,971,3495
156.02,972,3495
156.273,973,3495
156.429,974,3495
156.438,975,3496
156.889,976,3496
156.949,977,3496
157.031,978,3502
157.059,979,3502
157.162,980,3502
157.197,981,3502
157.567,982,3502
157.86,983,3503
158.02,984,3504
158.499,985,3504
159.102,986,3504
159.53,987,3504
159.696,988,3504
160.084,989,3702
160.208,990,3702
160.468,991,3702
160.77,992,3702
161.019,993,3702
161.177,994,3703
161.186,995,3703
161.307,996,3703
161.566,997,3703
161.949,998,3704
161.982,999,3704
162.167,1000,3705
163.071,1001,3705
163.107,1002,3705
163.218,1003,3705
163.292,1004,3705
163.854,1005,3706
163.955,1006,3708
164.181,1007,3709
164.847,1008,3709
165.006,1009,3709
165.291,1010,3709
165.767,1011,3709
166.351,1012,3710
166.452,1013,3710
166.706,1014,3710
166.72,1015,3710
167.181,1016,3710
167.238,1017,3710
167.384,1018,3710
167.793,1019,3712
167.831,1020,3715
167.984,1021,3715
169.412,1022,3715
170.205,1023,3724
170.905,1024,3724
172.523,1025,3733
172.714,1026,3733
172.781,1027,3742
173.031,1028,3742
173.295,1029,3742
173.483,1030,3743
173.578,1031,3743
173.69,1032,3743
173.881,1033,3746
173.971,1034,3746
174.3,1035,3746
174.521,1036,3746
175.193,1037,3746
175.757,1038,3746
175.795,1039,3746
175.956,1040,3748
176.082,1041,3750
176.138,1042,3752
176.248,1043,3752
176.545,1044,3752
176.587,1045,3780
176.9,1046,3781
177.457,1047,3786
177.685,1048,3786
177.94,1049,3786
178.535,1050,3786
178.761,1051,3794
178.86,1052,3804
179.34,1053,3806
179.462,1054,3806
180.047,1055,3806
180.115,1056,3806
180.468,1057,3806
180.679,1058,3806
180.911,1059,3806
181.192,1060,3806
181.76,1061,3807
182.0,1062,3810
182.171,1063,3811
182.357,1064,3811
182.584,1065,3816
182.88,1066,3816
183.236,1067,3816
183.425,1068,3817
184.157,1069,3817
184.846,1070,3818
184.907,1071,3821
185.054,1072,3821
185.117,1073,3821
185.508,1074,3821
185.715,1075,3821
185.871,1076,3823
186.482,1077,3823
186.893,1078,3823
188.007,1079,3836
188.088,1080,3836
188.272,1081,3836
189.257,1082,3836
189.495,1083,3845
189.647,1084,3852
189.918,1085,3852
190.375,1086,3853
190.689,1087,3853
190.709,1088,3861
191.33,1089,3861
191.483,1090,3864
191.518,1091,3864
191.909,1092,3864
192.101,1093,3864
192.685,1094,3864
193.318,1095,3864
193.597,1096,3864
193.904,1097,3864
193.929,1098,3864
194.241,1099,3864
195.635,1100,3864
195.708,1101,3864
196.07,1102,3864
196.213,1103,3864
197.422,1104,3864
197.715,1105,3864
198.106,1106,3878
198.885,1107,3878
199.236,1108,3878
199.951,1109,3878
201.319,1110,3878
202.165,1111,3879
202.94,1112,3885
203.14,1113,3885
203.364,1114,3886
204.145,1115,3886
204.49,1116,3886
205.713,1117,3886
205.807,1118,3886
206.145,1119,3886
207.402,1120,3886
207.41,1121,3886
207.962,1122,3886
208.033,1123,3886
209.393,1124,3886
210.226,1125,3898
210.669,1126,3898
211.092,1127,3901
211.508,1128,3901
212.779,1129,3911
212.892,1130,3912
212.992,1131,3912
214.415,1132,3912
214.438,1133,3912
214.606,1134,3912
214.913,1135,3912
215.161,1136,3925
216.805,1137,3925
216.88,1138,3925
217.309,1139,3928
218.082,1140,3928
219.302,1141,3928
219.936,1142,3928
220.115,1143,3928
220.299,1144,3929
220.793,1145,3930
220.933,1146,3930
223.438,1147,3930
225.089,1148,3930
225.292,1149,3930
225.803,1150,3930
226.122,1151,3930
226.264,1152,3932
227.055,1153,3932
227.667,1154,3932
228.171,1155,3935
228.411,1156,3935
228.894,1157,3935
229.112,1158,3935
229.704,1159,3935
230.159,1160,3935
230.632,1161,3935
232.011,1162,3935
232.162,1163,3935
235.642,1164,3935
236.492,1165,3951
238.607,1166,3953
239.479,1167,3954
241.043,1168,3954
242.205,1169,3954
242.856,1170,3954
243.952,1171,3954
245.147,1172,3954
245.151,1173,3954
245.167,1174,3954
245.348,1175,3958
245.364,1176,3959
245.366,1177,3959
245.374,1178,3960
245.378,1179,3985
245.382,1180,3986
245.387,1181,3991
245.393,1182,3995
245.395,1183,3996
245.397,1184,3996
245.434,1185,3997
245.442,1186,4004
245.447,1187,4007
245.449,1188,4010
245.452,1189,4010
245.476,1190,4015
245.478,1191,4016
245.483,1192,4019
245.49,1193,4020
245.493,1194,4020
245.499,1195,4020
245.503,1196,4022
245.511,1197,4022
245.528,1198,4024
245.536,1199,4024
245.54,1200,4025
245.545,1201,4028
245.548,1202,4028
245.55,1203,4029
245.56,1204,4029
245.571,1205,4029
245.577,1206,4034
245.598,1207,4034
245.612,1208,4034
245.616,1209,4034
245.631,1210,4043
245.681,1211,4043
245.687,1212,4053
245.699,1213,4057
245.7,1214,4058
245.706,1215,4058
245.785,1216,4058
245.796,1217,4060
245.857,1218,4060
245.927,1219,4060
245.938,1220,4060
246.002,1221,4060
246.032,1222,4060
246.055,1223,4060
246.099,1224,4060
246.151,1225,4060
246.329,1226,4061
246.337,1227,4062
246.495,1228,4062
246.578,1229,4064
246.629,1230,4064
246.636,1231,4064
246.643,1232,4064
246.825,1233,4064
246.886,1234,4064
246.926,1235,4064
246.997,1236,4064
247.023,1237,4064
247.028,1238,4064
247.099,1239,4065
247.384,1240,4069
247.4,1241,4070
247.463,1242,4070
247.579,1243,4070
247.654,1244,4071
247.758,1245,4071
247.774,1246,4071
247.803,1247,4072
247.973,1248,4072
247.98,1249,4075
248.127,1250,4078
248.146,1251,4078
248.185,1252,4079
248.238,1253,4079
248.314,1254,4079
248.34,1255,4079
248.38,1256,4082
248.486,1257,4082
248.525,1258,4082
248.556,1259,4082
248.608,1260,4082
248.663,1261,4082
248.802,1262,4084
248.832,1263,4084
248.923,1264,4084
248.953,1265,4084
249.027,1266,4102
249.03,1267,4102
249.047,1268,4102
249.088,1269,4102
249.11,1270,4103
249.123,1271,4103
249.2,1272,4103
249.298,1273,4103
249.336,1274,4104
249.391,1275,4105
249.8,1276,4105
249.826,1277,4105
249.884,1278,4105
250.107,1279,4105
250.281,1280,4105
250.321,1281,4105
250.41,1282,4105
250.428,1283,4110
250.629,1284,4110
250.658,1285,4110
250.702,1286,4110
250.815,1287,4113
251.02,1288,4113
251.091,1289,4113
251.102,1290,4113
251.145,1291,4114
251.173,1292,4114
251.261,1293,4120
251.281,1294,4124
251.608,1295,4124
251.72,1296,4128
251.728,1297,4129
251.762,1298,4130
251.796,1299,4130
251.868,1300,4131
251.879,1301,4132
251.884,1302,4132
251.925,1303,4132
251.993,1304,4135
252.063,1305,4135
252.082,1306,4135
252.202,1307,4137
252.276,1308,4137
252.477,1309,4137
252.665,1310,4138
252.755,1311,4138
252.776,1312,4138
252.787,1313,4140
253.118,1314,4140
253.184,1315,4153
253.418,1316,4170
253.629,1317,4170
253.842,1318,4170
253.934,1319,4172
254.098,1320,4177
254.144,1321,4178
254.248,1322,4182
254.487,1323,4182
254.577,1324,4182
254.64,1325,4187
254.747,1326,4187
254.815,1327,4187
255.294,1328,4187
255.348,1329,4187
255.524,1330,4187
255.721,1331,4187
255.83,1332,4187
255.955,1333,4192
256.207,1334,4194
256.403,1335,4194
256.43,1336,4194
256.507,1337,4194
256.513,1338,4194
256.668,1339,4194
256.718,1340,4200
257.076,1341,4200
257.117,1342,4201
257.417,1343,4218
258.065,1344,4218
258.297,1345,4218
258.639,1346,4218
258.795,1347,4218
258.826,1348,4218
258.918,1349,4220
259.067,1350,4220
259.075,1351,4313
259.129,1352,4313
259.132,1353,4313
259.151,1354,4314
259.237,1355,4314
259.605,1356,4315
259.903,1357,4315
260.252,1358,4315
260.468,1359,4317
260.5,1360,4317
260.627,1361,4317
260.87,1362,4319
261.139,1363,4319
261.333,1364,4319
261.42,1365,4320
261.503,1366,4320
261.524,1367,4320
261.617,1368,4320
261.655,1369,4322
261.866,1370,4323
261.923,1371,4323
261.929,1372,4323
261.956,1373,4323
262.114,1374,4324
262.128,1375,4324
262.172,1376,4324
262.442,1377,4325
262.456,1378,4325
262.474,1379,4325
262.526,1380,4325
262.694,1381,4325
262.981,1382,4325
263.02,1383,4326
263.73,1384,4326
263.986,1385,4327
264.058,1386,4327
264.086,1387,4329
264.137,1388,4329
264.177,1389,4330
264.209,1390,4330
264.35,1391,4331
264.354,1392,4332
264.492,1393,4332
264.494,1394,4348
264.52,1395,4348
264.717,1396,4348
264.79,1397,4348
264.911,1398,4397
264.999,1399,4397
265.269,1400,4397
265.276,1401,4397
265.632,1402,4397
265.659,1403,4397
265.798,1404,4397
266.075,1405,4397
266.107,1406,4398
266.115,1407,4399
266.516,1408,4399
267.697,1409,4399
267.757,1410,4399
267.778,1411,4399
268.367,1412,4399
268.382,1413,4399
270.361,1414,4399
271.124,1415,4401
271.282,1416,4401
272.217,1417,4402
272.365,1418,4402
273.637,1419,4402
273.73,1420,4402
274.884,1421,4402
274.962,1422,4402
275.378,1423,4402
275.599,1424,4402
275.853,1425,4402
275.959,1426,4402
276.281,1427,4403
277.098,1428,4403
277.266,1429,4403
277.88,1430,4403
278.003,1431,4403
278.34,1432,4403
278.494,1433,4403
279.422,1434,4403
279.776,1435,4403
280.129,1436,4403
280.221,1437,4403
281.464,1438,4403
282.27,1439,4403
283.157,1440,4403
283.4,1441,4403
283.695,1442,4403
284.448,1443,4403
284.599,1444,4404
284.742,1445,4404
286.016,1446,4404
287.067,1447,4404
287.711,1448,4404
289.171,1449,4405
289.584,1450,4405
289.743,1451,4405
289.936,1452,4405
291.106,1453,4405
291.216,1454,4406
292.082,1455,4406
292.682,1456,4406
293.651,1457,4408
293.756,1458,4413
294.7,1459,4413
295.068,1460,4414
295.605,1461,4414
296.398,1462,4415
297.58,1463,4415
297.821,1464,4415
298.572,1465,4415
298.843,1466,4415
299.948,1467,4415
300.201,1468,4415
300.628,1469,4415
300.793,1470,4416
300.934,1471,4416
301.379,1472,4416
302.215,1473,4416
304.645,1474,4420
304.796,1475,4421
305.235,1476,4421
305.507,1477,4422
306.075,1478,4422
306.686,1479,4422
308.645,1480,4427
309.349,1481,4464
309.499,1482,4464
309.672,1483,4464
309.999,1484,4464
310.542,1485,4465
310.561,1486,4465
310.785,1487,4466
312.762,1488,4466
313.248,1489,4574
313.871,1490,4574
315.972,1491,4574
316.061,1492,4574
316.547,1493,4574
317.488,1494,4574
317.729,1495,4574
318.031,1496,4574
318.149,1497,4574
318.786,1498,4574
319.52,1499,4574
320.721,1500,4574
321.747,1501,4574
323.215,1502,4574
323.937,1503,4575
325.253,1504,4575
325.497,1505,4576
325.661,1506,4576
325.956,1507,4576
326.681,1508,4576
326.798,1509,4576
327.215,1510,4577
327.512,1511,4577
328.51,1512,4577
328.751,1513,4588
329.892,1514,4588
330.57,1515,4588
331.916,1516,4599
332.269,1517,4599
332.3,1518,4600
333.015,1519,4600
333.527,1520,4600
336.142,1521,4600
337.823,1522,4600
337.921,1523,4600
339.193,1524,4608
339.59,1525,4609
341.426,1526,4609
342.213,1527,4609
342.847,1528,4609
343.739,1529,4610
344.423,1530,4612
344.942,1531,4612
345.341,1532,4612
346.533,1533,4614
347.417,1534,4614
350.445,1535,4614
351.358,1536,4614
354.528,1537,4614
354.851,1538,4614
355.791,1539,4614
357.066,1540,4614
357.822,1541,4617
358.958,1542,4617
360.344,1543,4619
360.83,1544,4619
361.973,1545,4620
362.564,1546,4627
362.884,1547,4664
364.326,1548,4667
365.519,1549,4667
365.966,1550,4667
367.465,1551,4667
369.128,1552,4667
372.245,1553,4667
372.421,1554,4668
375.387,1555,4668
375.686,1556,4668
379.314,1557,4668
379.392,1558,4668
380.027,1559,4668
381.488,1560,4668
381.813,1561,4668
382.733,1562,4668
384.192,1563,4668
386.886,1564,4668
387.863,1565,4668
388.91,1566,4668
390.214,1567,4668
391.15,1568,4668
391.287,1569,4671
393.936,1570,4672
396.666,1571,4675
396.751,1572,4676
397.452,1573,4676
399.69,1574,4676
400.149,1575,4676
400.268,1576,4676
400.752,1577,4676
402.064,1578,4676
402.279,1579,4676
402.597,1580,4687
402.862,1581,4687
404.163,1582,4687
404.668,1583,4688
405.596,1584,4688
405.979,1585,4688
406.501,1586,4688
407.88,1587,4688
408.501,1588,4690
409.422,1589,4690
409.645,1590,4690
410.488,1591,4690
410.672,1592,4691
411.142,1593,4691
411.37,1594,4691
412.883,1595,4691
414.333,1596,4691
415.373,1597,4691
415.749,1598,4691
416.069,1599,4691
418.195,1600,4691
418.895,1601,4691
419.224,1602,4692
420.214,1603,4692
421.325,1604,4727
422.085,1605,4727
422.201,1606,4727
422.615,1607,4727
424.478,1608,4727
425.103,1609,4738
428.499,1610,4738
430.366,1611,4738
432.779,1612,4738
435.191,1613,4738
435.484,1614,4738
436.777,1615,4803
437.055,1616,4803
439.34,1617,4804
441.008,1618,4804
442.381,1619,4804
443.767,1620,4804
444.722,1621,4804
446.253,1622,4804
447.668,1623,4805
447.799,1624,4805
448.368,1625,4805
449.028,1626,4807
450.275,1627,4807
450.917,1628,4807
451.139,1629,4838
452.134,1630,4838
452.298,1631,4838
453.246,1632,4838
454.475,1633,4838
455.246,1634,4838
458.368,1635,4838
460.844,1636,4838
461.391,1637,4838
464.662,1638,4838
465.302,1639,4838
466.593,1640,4838
467.887,1641,4838
469.332,1642,4838
470.171,1643,4838
471.409,1644,4838
475.414,1645,4838
475.651,1646,4838
477.251,1647,4838
481.058,1648,4838
483.28,1649,4838
483.558,1650,4838
485.581,1651,4838
487.115,1652,4841
489.578,1653,4841
489.663,1654,4842
489.95,1655,4842
490.438,1656,4842
492.51,1657,4842
496.183,1658,4842
501.263,1659,4843
501.802,1660,4843
518.765,1661,4843
521.454,1662,4843
525.578,1663,4843
527.938,1664,4843
528.738,1665,4845
532.367,1666,4845
532.848,1667,4845
533.356,1668,4845
535.832,1669,4851
536.649,1670,4859
537.045,1671,4859
537.527,1672,4860
537.53,1673,4860
537.536,1674,4860
537.742,1675,4861
538.3,1676,4861
538.349,1677,4862
538.581,1678,4864
538.737,1679,4864
538.922,1680,4864
538.963,1681,4866
539.34,1682,4866
539.938,1683,4866
539.979,1684,4871
540.384,1685,4871
540.579,1686,4878
540.699,1687,4878
540.885,1688,4878
541.131,1689,4890
541.264,1690,4890
541.775,1691,4890
542.682,1692,4890
542.879,1693,4900
543.536,1694,4901
543.582,1695,4902
543.584,1696,4902
543.716,1697,4906
543.753,1698,4907
543.756,1699,4907
543.765,1700,4907
543.787,1701,4907
543.795,1702,4907
543.8,1703,4907
543.804,1704,4907
543.814,1705,4907
543.889,1706,4907
543.906,1707,4907
543.913,1708,4907
543.922,1709,4911
543.925,1710,4919
543.931,1711,4929
543.935,1712,4929
543.938,1713,4929
543.981,1714,4929
544.011,1715,4929
544.024,1716,4929
544.033,1717,4929
544.053,1718,4929
544.089,1719,4931
544.131,1720,4931
544.172,1721,4931
544.173,1722,4931
544.226,1723,4932
544.292,1724,4932
544.334,1725,4932
544.398,1726,4932
544.411,1727,4933
544.414,1728,4934
544.453,1729,4934
544.461,1730,4937
544.479,1731,4937
544.513,1732,4939
544.568,1733,4939
544.66,1734,4944
544.678,1735,4944
544.858,1736,4944
544.951,1737,4944
545.12,1738,4944
545.131,1739,4945
545.229,1740,4946
545.254,1741,4946
545.306,1742,4950
545.417,1743,4950
545.435,1744,4950
545.545,1745,4951
545.573,1746,4956
545.629,1747,4986
545.755,1748,4987
545.772,1749,4989
545.87,1750,4989
545.885,1751,4989
545.913,1752,4989
545.96,1753,4989
545.976,1754,4989
546.028,1755,4990
546.056,1756,4991
546.08,1757,4991
546.093,1758,4991
546.258,1759,4991
546.4,1760,4991
546.455,1761,4991
546.463,1762,4991
546.691,1763,4991
546.706,1764,4991
546.77,1765,4992
546.829,1766,4993
546.943,1767,4993
547.107,1768,4994
547.123,1769,4994
547.168,1770,5002
547.197,1771,5002
547.217,1772,5009
547.232,1773,5010
547.244,1774,5010
547.292,1775,5010
547.31,1776,5010
547.325,1777,5010
547.371,1778,5010
547.384,1779,5010
547.448,1780,5010
547.683,1781,5012
547.8,1782,5013
547.805,1783,5013
547.825,1784,5014
547.898,1785,5015
548.081,1786,5015
548.16,1787,5015
548.296,1788,5017
548.331,1789,5017
548.472,1790,5017
548.58,1791,5017
548.643,1792,5017
548.886,1793,5031
548.929,1794,5031
548.972,1795,5032
549.108,1796,5068
549.12,1797,5068
549.291,1798,5068
549.373,1799,5068
549.465,1800,5068
549.595,1801,5069
549.632,1802,5069
549.64,1803,5069
549.757,1804,5069
549.923,1805,5072
550.094,1806,5072
550.297,1807,5072
550.341,1808,5072
550.37,1809,5072
550.574,1810,5072
551.09,1811,5072
551.217,1812,5072
551.586,1813,5073
551.691,1814,5073
551.779,1815,5073
551.822,1816,5073
551.888,1817,5073
552.113,1818,5073
552.123,1819,5073
552.224,1820,5073
552.252,1821,5074
552.344,1822,5074
552.355,1823,5074
552.597,1824,5075
552.711,1825,5075
552.951,1826,5075
553.202,1827,5075
553.305,1828,5075
553.375,1829,5075
553.469,1830,5075
554.161,1831,5075
554.282,1832,5075
554.317,1833,5075
554.376,1834,5081
554.466,1835,5085
554.542,1836,5085
554.633,1837,5094
554.662,1838,5094
554.871,1839,5094
555.006,1840,5094
555.23,1841,5094
555.289,1842,5094
555.566,1843,5094
555.618,1844,5094
555.732,1845,5094
555.737,1846,5094
556.192,1847,5094
556.323,1848,5094
556.485,1849,5094
556.566,1850,5094
556.603,1851,5094
556.677,1852,5094
556.813,1853,5101
556.998,1854,5101
557.948,1855,5101
557.976,1856,5101
558.312,1857,5101
558.39,1858,5101
558.496,1859,5101
558.526,1860,5102
558.594,1861,5103
558.767,1862,5103
559.31,1863,5104
559.782,1864,5104
559.799,1865,5104
560.053,1866,5104
560.192,1867,5105
560.457,1868,5106
560.908,1869,5106
561.107,1870,5107
561.15,1871,5108
561.205,1872,5111
561.216,1873,5111
561.584,1874,5111
561.676,1875,5111
562.442,1876,5111
562.565,1877,5112
562.582,1878,5112
562.684,1879,5112
562.919,1880,5112
563.007,1881,5112
563.725,1882,5112
564.33,1883,5112
564.735,1884,5112
564.902,1885,5112
564.969,1886,5113
565.3,1887,5113
565.482,1888,5114
565.498,1889,5114
565.503,1890,5114
565.517,1891,5114
565.713,1892,5114
565.732,1893,5114
565.774,1894,5114
565.96,1895,5114
566.026,1896,5114
566.068,1897,5114
566.077,1898,5114
566.32,1899,5114
566.335,1900,5124
566.393,1901,5124
566.399,1902,5124
566.474,1903,5124
566.55,1904,5124
566.759,1905,5149
566.815,1906,5149
566.885,1907,5149
566.896,1908,5149
567.019,1909,5149
567.025,1910,5149
567.452,1911,5154
567.518,1912,5154
567.599,1913,5154
567.957,1914,5154
568.055,1915,5154
568.094,1916,5154
568.402,1917,5154
568.529,1918,5154
568.595,1919,5154
568.61,1920,5154
568.644,1921,5154
568.73,1922,5154
568.895,1923,5154
569.183,1924,5161
569.194,1925,5161
569.396,1926,5164
570.554,1927,5164
570.567,1928,5164
570.58,1929,5164
570.603,1930,5164
570.634,1931,5164
570.651,1932,5164
570.664,1933,5165
570.813,1934,5165
570.935,1935,5165
570.947,1936,5165
571.055,1937,5165
571.144,1938,5166
571.218,1939,5166
571.268,1940,5168
571.312,1941,5169
571.366,1942,5169
571.741,1943,5169
571.777,1944,5169
572.154,1945,5169
572.344,1946,5169
572.541,1947,5169
572.627,1948,5169
572.649,1949,5169
572.667,1950,5169
572.759,1951,5169
572.875,1952,5169
573.083,1953,5169
573.153,1954,5169
573.363,1955,5169
573.401,1956,5169
573.436,1957,5169
573.455,1958,5169
573.567,1959,5169
573.624,1960,5169
573.709,1961,5169
573.74,1962,5169
573.79,1963,5169
573.81,1964,5169
573.844,1965,5169
573.911,1966,5169
574.039,1967,5169
574.366,1968,5169
574.742,1969,5169
575.118,1970,5169
575.163,1971,5169
575.184,1972,5169
575.503,1973,5169
575.629,1974,5169
575.727,1975,5169
575.781,1976,5169
576.326,1977,5169
576.534,1978,5169
577.165,1979,5169
577.316,1980,5169
577.935,1981,5169
578.221,1982,5169
578.329,1983,5169
578.862,1984,5169
579.214,1985,5169
579.772,1986,5169
579.952,1987,5169
580.343,1988,5169
580.359,1989,5169
580.638,1990,5169
580.901,1991,5169
580.972,1992,5169
581.327,1993,5169
581.443,1994,5169
581.622,1995,5169
582.23,1996,5169
582.458,1997,5169
582.573,1998,5169
582.679,1999,5169
582.78,2000,5169
582.987,2001,5169
583.169,2002,5169
583.362,2003,5171
583.497,2004,5180
583.712,2005,5180
583.817,2006,5181
583.917,2007,5181
584.655,2008,5181
584.734,2009,5181
586.656,2010,5181
587.198,2011,5181
587.6,2012,5181
588.401,2013,5181
589.14,2014,5181
589.316,2015,5181
589.62,2016,5181
592.96,2017,5181
593.1,2018,5181
593.415,2019,5181
595.574,2020,5181
596.197,2021,5181
597.588,2022,5181
597.866,2023,5181
598.257,2024,5181
599.801,2025,5184
600.987,2026,5184
603.196,2027,5189
604.22,2028,5189
604.819,2029,5189
605.369,2030,5189
606.477,2031,5189
609.74,2032,5189
610.488,2033,5189
610.632,2034,5193
611.267,2035,5193
611.598,2036,5193
611.839,2037,5194
612.033,2038,5194
613.275,2039,5195
615.017,2040,5195
616.041,2041,5195
617.572,2042,5195
618.985,2043,5195
619.074,2044,5195
620.276,2045,5195
622.418,2046,5195
622.988,2047,5195
623.073,2048,5195
623.128,2049,5195
623.781,2050,5195
624.201,2051,5195
625.277,2052,5195
626.472,2053,5195
626.767,2054,5195
627.144,2055,5195
627.464,2056,5195
627.67,2057,5195
627.68,2058,5195
627.772,2059,5195
627.799,2060,5195
627.803,2061,5195
628.193,2062,5205
628.568,2063,5205
628.635,2064,5205
628.69,2065,5205
628.885,2066,5205
628.96,2067,5205
629.052,2068,5205
629.672,2069,5205
629.759,2070,5205
630.055,2071,5205
630.356,2072,5205
631.151,2073,5205
631.466,2074,5205
632.057,2075,5205
632.507,2076,5205
632.8,2077,5205
632.906,2078,5205
633.762,2079,5205
635.511,2080,5205
635.663,2081,5206
635.711,2082,5206
636.448,2083,5207
638.361,2084,5207
641.837,2085,5207
643.522,2086,5207
646.205,2087,5207
647.322,2088,5207
648.414,2089,5207
650.193,2090,5207
656.301,2091,5207
656.345,2092,5207
656.367,2093,5207
656.38,2094,5207
657.077,2095,5207
657.179,2096,5207
657.387,2097,5215
657.829,2098,5215
658.491,2099,5215
659.36,2100,5215
659.72,2101,5219
660.596,2102,5219
660.748,2103,5219
662.607,2104,5219
663.465,2105,5219
663.804,2106,5219
664.925,2107,5219
665.981,2108,5220
668.568,2109,5220
668.673,2110,5220
669.483,2111,5220
670.639,2112,5220
671.182,2113,5220
672.683,2114,5220
672.735,2115,5220
672.737,2116,5220
672.757,2117,5220
672.76,2118,5220
672.763,2119,5220
672.774,2120,5220
672.795,2121,5220
672.808,2122,5221
672.826,2123,5221
672.893,2124,5222
673.093,2125,5222
673.139,2126,5222
673.188,2127,5222
673.282,2128,5222
673.341,2129,5222
673.422,2130,5222
673.473,2131,5222
673.847,2132,5222
674.134,2133,5222
674.228,2134,5222
674.55,2135,5222
674.838,2136,5225
675.672,2137,5226
676.035,2138,5226
676.088,2139,5226
676.37,2140,5228
677.111,2141,5228
677.323,2142,5236
677.569,2143,5239
677.814,2144,5239
678.113,2145,5239
678.173,2146,5239
678.253,2147,5239
678.427,2148,5239
678.57,2149,5239
678.915,2150,5239
679.086,2151,5240
679.544,2152,5240
679.774,2153,5240
679.852,2154,5240
680.799,2155,5240
681.325,2156,5241
681.93,2157,5241
682.152,2158,5241
682.467,2159,5242
682.685,2160,5242
682.856,2161,5242
683.483,2162,5243
684.448,2163,5243
684.613,2164,5243
684.886,2165,5243
685.963,2166,5243
686.531,2167,5243
687.943,2168,5243
688.293,2169,5243
688.616,2170,5243
688.624,2171,5243
689.324,2172,5243
689.366,2173,5243
689.826,2174,5243
692.191,2175,5244
692.88,2176,5244
693.384,2177,5244
693.926,2178,5245
695.566,2179,5245
695.663,2180,5245
695.766,2181,5245
695.831,2182,5245
695.911,2183,5245
695.921,2184,5246
696.011,2185,5249
696.065,2186,5249
696.082,2187,5249
696.255,2188,5249
697.12,2189,5249
697.492,2190,5254
697.596,2191,5254
697.785,2192,5254
698.907,2193,5254
699.325,2194,5254
699.969,2195,5254
700.471,2196,5254
700.846,2197,5254
701.785,2198,5254
703.557,2199,5255
703.847,2200,5255
704.423,2201,5256
704.719,2202,5256
704.837,2203,5256
707.459,2204,5256
708.935,2205,5256
709.221,2206,5256
709.289,2207,5256
709.329,2208,5257
709.529,2209,5257
709.674,2210,5257
709.763,2211,5257
710.089,2212,5257
710.589,2213,5257
710.692,2214,5257
711.1,2215,5257
711.19,2216,5269
711.348,2217,5269
711.858,2218,5269
712.255,2219,5269
713.338,2220,5269
714.238,2221,5277
714.964,2222,5277
716.644,2223,5278
716.649,2224,5278
716.674,2225,5278
716.679,2226,5279
716.689,2227,5279
716.69,2228,5280
716.692,2229,5281
716.699,2230,5281
716.72,2231,5282
716.737,2232,5283
716.765,2233,5284
716.79,2234,5285
716.793,2235,5285
716.798,2236,5285
716.799,2237,5285
716.878,2238,5288
716.897,2239,5293
716.906,2240,5294
716.908,2241,5295
716.912,2242,5297
716.916,2243,5297
716.926,2244,5298
716.986,2245,5299
717.009,2246,5300
717.014,2247,5303
717.018,2248,5305
717.037,2249,5305
717.043,2250,5307
717.046,2251,5308
717.072,2252,5310
717.085,2253,5311
717.114,2254,5311
717.135,2255,5312
717.144,2256,5312
717.158,2257,5313
717.178,2258,5313
717.181,2259,5313
717.247,2260,5313
717.271,2261,5314
717.361,2262,5314
717.369,2263,5314
717.476,2264,5315
717.518,2265,5317
717.614,2266,5317
717.627,2267,5317
717.72,2268,5318
717.834,2269,5318
717.974,2270,5321
718.023,2271,5323
718.075,2272,5325
718.103,2273,5326
718.121,2274,5326
718.155,2275,5326
718.189,2276,5327
718.195,2277,5332
718.242,2278,5332
718.263,2279,5335
718.32,2280,5340
718.338,2281,5341
718.344,2282,5342
718.351,2283,5343
718.41,2284,5343
718.453,2285,5343
718.489,2286,5344
718.493,2287,5346
718.536,2288,5349
718.612,2289,5349
718.633,2290,5349
718.777,2291,5349
718.844,2292,5349
718.901,2293,5349
718.907,2294,5349
718.927,2295,5350
718.973,2296,5350
718.98,2297,5350
719.058,2298,5351
719.08,2299,5351
719.123,2300,5354
719.253,2301,5354
719.271,2302,5355
719.369,2303,5355
719.451,2304,5355
719.488,2305,5359
719.604,2306,5359
719.653,2307,5359
719.674,2308,5361
719.806,2309,5362
719.813,2310,5362
719.818,2311,5363
719.845,2312,5363
719.85,2313,5363
719.91,2314,5363
719.968,2315,5363
720.054,2316,5363
720.099,2317,5364
720.234,2318,5376
720.25,2319,5376
720.311,2320,5376
720.321,2321,5376
720.331,2322,5376
720.345,2323,5378
720.583,2324,5378
720.948,2325,5378
720.962,2326,5383
721.008,2327,5383
721.058,2328,5384
721.1,2329,5385
721.155,2330,5386
721.364,2331,5387
721.605,2332,5387
721.828,2333,5388
721.909,2334,5388
722.002,2335,5388
722.101,2336,5388
722.264,2337,5388
722.398,2338,5388
722.489,2339,5388
722.516,2340,5388
722.528,2341,5388
722.7,2342,5388
722.709,2343,5388
722.753,2344,5389
722.834,2345,5390
723.097,2346,5390
723.334,2347,5391
723.359,2348,5392
723.411,2349,5392
723.677,2350,5392
723.685,2351,5392
723.916,2352,5393
723.956,2353,5394
724.017,2354,5395
724.241,2355,5395
724.288,2356,5396
724.511,2357,5396
724.551,2358,5398
724.893,2359,5398
725.14,2360,5398
725.168,2361,5410
725.382,2362,5410
725.494,2363,5410
725.498,2364,5410
725.841,2365,5413
726.362,2366,5413
726.536,2367,5413
726.554,2368,5413
726.655,2369,5413
726.738,2370,5422
726.871,2371,5422
727.02,2372,5422
727.34,2373,5422
727.616,2374,5422
727.733,2375,5422
728.017,2376,5425
728.297,2377,5426
728.491,2378,5427
728.765,2379,5465
728.77,2380,5465
728.854,2381,5465
728.985,2382,5465
729.806,2383,5465
730.134,2384,5466
730.337,2385,5466
730.36,2386,5466
730.459,2387,5467
730.753,2388,5467
730.906,2389,5467
731.016,2390,5467
731.15,2391,5472
731.281,2392,5472
731.344,2393,5480
732.119,2394,5480
732.123,2395,5480
732.191,2396,5480
732.413,2397,5480
732.421,2398,5481
732.465,2399,5481
732.581,2400,5481
732.588,2401,5485
732.611,2402,5485
733.008,2403,5485
733.011,2404,5485
733.118,2405,5485
733.423,2406,5485
733.666,2407,5485
733.915,2408,5487
733.949,2409,5487
734.276,2410,5487
734.39,2411,5487
734.486,2412,5487
734.838,2413,5487
734.886,2414,5487
735.306,2415,5487
735.466,2416,5488
735.787,2417,5488
737.489,2418,5488
739.755,2419,5488
744.536,2420,5490
748.18,2421,5490
749.001,2422,5490
756.04,2423,5490
760.557,2424,5490
763.107,2425,5492
763.389,2426,5492
770.776,2427,5492
776.727,2428,5492
777.332,2429,5492
778.864,2430,5492
781.081,2431,5516
801.549,2432,5516
801.716,2433,5516
809.106,2434,5516
822.176,2435,5516
822.353,2436,5516
822.427,2437,5516
822.501,2438,5516
823.991,2439,5516
824.627,2440,5516
824.95,2441,5516
825.966,2442,5517
826.056,2443,5517
828.436,2444,5517
829.175,2445,5518
829.531,2446,5518
829.695,2447,5520
838.969,2448,5524
843.919,2449,5524
851.398,2450,5526
853.389,2451,5526
856.741,2452,5526
858.023,2453,5526
858.285,2454,5526
861.898,2455,5539
863.688,2456,5541
869.564,2457,5541
870.908,2458,5541
872.162,2459,5541
873.702,2460,5541
878.507,2461,5541
881.52,2462,5541
885.03,2463,5541
885.345,2464,5541
886.762,2465,5541
894.323,2466,5541
897.357,2467,5541
901.44,2468,5541
902.655,2469,5541
910.937,2470,5541
911.132,2471,5541
911.547,2472,5541
915.212,2473,5541
917.553,2474,5541
929.963,2475,5541
938.447,2476,5541
948.591,2477,5541
949.894,2478,5541
956.93,2479,5541
964.6,2480,5541
967.019,2481,5541
970.712,2482,5541
983.958,2483,5541
986.728,2484,5545
991.24,2485,5545
992.218,2486,5545
993.078,2487,5545
995.522,2488,5545
1011.188,2489,5546
1013.851,2490,5546
1016.266,2491,5546
1020.083,2492,5546
1023.458,2493,5546
1024.938,2494,5546
1027.542,2495,5546
1037.71,2496,5546
1048.603,2497,5546
1055.672,2498,5546
1059.101,2499,5546
1061.151,2500,5551
1068.249,2501,5551
1068.768,2502,5551
1072.715,2503,5552
1073.62,2504,5552
1078.659,2505,5552
1086.417,2506,5552
1114.498,2507,5553
1121.357,2508,5553
1133.139,2509,5553
1141.082,2510,5553
1184.775,2511,5553
1184.802,2512,5553
1184.823,2513,5554
1184.834,2514,5554
1184.849,2515,5554
1184.901,2516,5555
1184.987,2517,5555
1185.251,2518,5555
1185.287,2519,5555
1185.566,2520,5555
1187.256,2521,5556
1187.694,2522,5556
1187.978,2523,5556
1188.218,2524,5556
1188.761,2525,5556
1190.552,2526,5556
1190.741,2527,5557
1191.317,2528,5557
1191.376,2529,5557
1192.034,2530,5557
1192.044,2531,5559
1192.256,2532,5559
1192.806,2533,5559
1193.796,2534,5559
1194.058,2535,5559
1194.294,2536,5559
1194.768,2537,5559
1195.591,2538,5559
1196.022,2539,5559
1196.468,2540,5559
1197.056,2541,5559
1197.064,2542,5559
1197.451,2543,5559
1198.829,2544,5559
1199.4,2545,5559
1200.142,2546,5559
1203.18,2547,5559
1204.557,2548,5559
1205.518,2549,5559
1208.647,2550,5559
1209.088,2551,5559
1209.775,2552,5559
1211.039,2553,5579
1212.803,2554,5579
1213.812,2555,5579
1214.132,2556,5579
1215.111,2557,5579
1217.273,2558,5579
1217.557,2559,5579
1219.381,2560,5579
1220.132,2561,5580
1221.663,2562,5580
1222.008,2563,5580
1222.771,2564,5580
1223.49,2565,5580
1225.268,2566,5580
1226.489,2567,5581
1227.376,2568,5581
1227.508,2569,5582
1227.599,2570,5582
1227.855,2571,5582
1228.376,2572,5582
1228.906,2573,5582
1232.105,2574,5582
1232.41,2575,5585
1236.418,2576,5585
1237.127,2577,5585
1238.936,2578,5586
1240.118,2579,5586
1240.329,2580,5586
1240.784,2581,5586
1240.827,2582,5597
1241.48,2583,5597
1244.584,2584,5597
1245.365,2585,5597
1248.148,2586,5597
1249.592,2587,5597
1249.596,2588,5597
1249.599,2589,5597
1249.719,2590,5597
1249.801,2591,5597
1249.88,2592,5597
1249.927,2593,5597
1249.982,2594,5597
1250.145,2595,5597
1250.148,2596,5597
1250.279,2597,5597
1250.725,2598,5597
1251.027,2599,5597
1251.128,2600,5597
1251.643,2601,5598
1251.81,2602,5598
1251.864,2603,5598
1252.019,2604,5599
1252.031,2605,5599
1252.167,2606,5600
1252.38,2607,5601
1252.524,2608,5601
1252.537,2609,5607
1252.636,2610,5607
1252.757,2611,5607
1252.769,2612,5609
1252.872,2613,5609
1252.893,2614,5609
1253.524,2615,5609
1253.868,2616,5609
1253.933,2617,5609
1254.253,2618,5609
1254.505,2619,5609
1254.581,2620,5609
1254.928,2621,5609
1255.112,2622,5609
1255.764,2623,5609
1256.01,2624,5609
1256.058,2625,5609
1256.791,2626,5609
1257.062,2627,5609
1257.233,2628,5610
1258.386,2629,5610
1258.7,2630,5611
1259.319,2631,5611
1259.468,2632,5611
1259.509,2633,5611
1259.636,2634,5612
1259.88,2635,5612
1260.07,2636,5612
1260.252,2637,5612
1260.482,2638,5612
1260.596,2639,5612
1261.21,2640,5612
1261.411,2641,5612
1261.453,2642,5612
1262.788,2643,5612
1262.862,2644,5612
1263.47,2645,5612
1264.084,2646,5612
1264.228,2647,5612
1264.372,2648,5612
1264.881,2649,5613
1264.956,2650,5613
1265.175,2651,5613
1265.3,2652,5613
1265.572,2653,5613
1266.25,2654,5613
1267.417,2655,5614
1267.597,2656,5615
1267.654,2657,5615
1268.282,2658,5615
1268.388,2659,5615
1268.566,2660,5615
1268.8,2661,5615
1269.275,2662,5615
1269.325,2663,5615
1269.521,2664,5615
1269.931,2665,5615
1269.981,2666,5615
1270.01,2667,5632
1270.418,2668,5632
1270.582,2669,5632
1270.636,2670,5633
1271.204,2671,5633
1274.561,2672,5633
1278.923,2673,5633
1279.102,2674,5633
1279.241,2675,5635
1279.324,2676,5636
1279.451,2677,5636
1279.734,2678,5636
1279.847,2679,5636
1279.968,2680,5638
1280.408,2681,5638
1280.613,2682,5638
1281.016,2683,5638
1281.026,2684,5639
1281.83,2685,5639
1281.945,2686,5639
1282.533,2687,5639
1282.658,2688,5639
1284.238,2689,5639
1284.377,2690,5639
1284.405,2691,5639
1284.895,2692,5639
1285.108,2693,5641
1285.197,2694,5644
1285.638,2695,5644
1294.629,2696,5644
1294.631,2697,5644
1296.219,2698,5644
1297.953,2699,5646
1299.783,2700,5646
1301.811,2701,5646
1302.343,2702,5646
1305.231,2703,5646
1305.665,2704,5646
1308.086,2705,5646
1316.603,2706,5648
1323.441,2707,5648
1323.663,2708,5648
1326.229,2709,5648
1337.697,2710,5648
1343.71,2711,5648
1358.314,2712,5648
1365.588,2713,5648
1365.704,2714,5648
1365.878,2715,5648
1370.825,2716,5648
1385.461,2717,5648
1387.916,2718,5648
1388.876,2719,5648
1391.339,2720,5649
1395.774,2721,5649
1404.509,2722,5651
1407.708,2723,5651
1432.686,2724,5651
1436.209,2725,5651
1438.659,2726,5654
1444.574,2727,5654
1462.529,2728,5654
1468.527,2729,5654
1490.643,2730,5654
1491.729,2731,5654
1504.108,2732,5654
1512.261,2733,5654
1513.118,2734,5655
1526.71,2735,5655
1555.012,2736,5655
1567.03,2737,5655
1570.8,2738,5655
1612.051,2739,5655
1619.016,2740,5655
1619.079,2741,5655
1619.41,2742,5656
1619.523,2743,5656
1619.657,2744,5656
1619.846,2745,5656
1619.866,2746,5656
1620.173,2747,5656
1620.182,2748,5656
1620.516,2749,5656
1621.297,2750,5656
1621.536,2751,5656
1622.288,2752,5656
1622.632,2753,5656
1623.197,2754,5656
1623.883,2755,5656
1624.082,2756,5656
1626.982,2757,5656
1630.49,2758,5656
1630.565,2759,5656
1631.469,2760,5656
1635.23,2761,5656
1636.634,2762,5656
1637.208,2763,5656
1638.199,2764,5656
1638.22,2765,5656
1638.607,2766,5656
1638.818,2767,5656
1640.094,2768,5657
1645.361,2769,5658
1646.42,2770,5658
1646.94,2771,5658
1659.594,2772,5658
1659.654,2773,5658
1659.66,2774,5658
1659.689,2775,5660
1659.881,2776,5660
1659.923,2777,5660
1659.967,2778,5660
1659.975,2779,5660
1660.045,2780,5660
1660.059,2781,5660
1660.088,2782,5660
1660.145,2783,5660
1660.163,2784,5660
1660.175,2785,5660
1660.201,2786,5661
1660.223,2787,5661
1660.247,2788,5661
1660.266,2789,5661
1660.355,2790,5661
1660.402,2791,5661
1660.424,2792,5663
1660.502,2793,5663
1660.536,2794,5663
1660.571,2795,5665
1660.687,2796,5665
1660.691,2797,5665
1660.771,2798,5665
1660.955,2799,5665
1661.226,2800,5665
1661.283,2801,5671
1661.325,2802,5671
1661.358,2803,5671
1661.372,2804,5671
1661.383,2805,5671
1661.391,2806,5671
1661.5,2807,5671
1661.519,2808,5673
1661.596,2809,5673
1661.609,2810,5673
1661.65,2811,5673
1661.763,2812,5674
1661.791,2813,5674
1661.821,2814,5674
1661.835,2815,5674
1661.878,2816,5674
1661.98,2817,5674
1662.172,2818,5674
1662.197,2819,5674
1662.267,2820,5674
1662.286,2821,5674
1662.677,2822,5674
1662.69,2823,5674
1662.787,2824,5674
1662.847,2825,5674
1663.092,2826,5675
1663.155,2827,5675
1663.312,2828,5675
1663.438,2829,5675
1663.459,2830,5676
1663.669,2831,5676
1663.858,2832,5676
1664.08,2833,5676
1664.086,2834,5676
1664.188,2835,5676
1664.253,2836,5676
1664.346,2837,5676
1664.482,2838,5676
1664.668,2839,5676
1664.846,2840,5677
1664.904,2841,5677
1664.973,2842,5677
1665.155,2843,5677
1665.277,2844,5677
1672.476,2845,5677
1672.677,2846,5678
1672.728,2847,5678
1672.916,2848,5678
1672.93,2849,5678
1673.386,2850,5678
1673.714,2851,5678
1673.724,2852,5678
1674.269,2853,5678
1674.28,2854,5680
1674.316,2855,5680
1674.469,2856,5680
1674.918,2857,5680
1675.577,2858,5680
1675.712,2859,5680
1675.758,2860,5680
1676.406,2861,5680
1676.486,2862,5681
1677.241,2863,5681
1677.805,2864,5682
1677.843,2865,5682
1678.108,2866,5682
1678.798,2867,5685
1678.903,2868,5685
1679.889,2869,5685
1680.5,2870,5688
1681.015,2871,5688
1681.145,2872,5688
1681.647,2873,5688
1681.902,2874,5688
1682.607,2875,5688
1683.503,2876,5688
1683.508,2877,5688
1683.916,2878,5688
1683.996,2879,5688
1685.534,2880,5689
1685.952,2881,5689
1686.696,2882,5689
1687.805,2883,5691
1688.02,2884,5691
1688.335,2885,5691
1689.564,2886,5692
1690.622,2887,5692
1691.412,2888,5692
1691.649,2889,5692
1692.058,2890,5692
1694.802,2891,5692
1694.877,2892,5693
1695.18,2893,5693
1695.216,2894,5693
1695.287,2895,5697
1695.408,2896,5697
1695.423,2897,5698
1695.428,2898,5700
1695.433,2899,5701
1695.449,2900,5703
1695.463,2901,5704
1695.555,2902,5705
1695.565,2903,5705
1695.576,2904,5705
1695.602,2905,5705
1695.672,2906,5705
1695.685,2907,5705
1695.692,2908,5705
1695.706,2909,5705
1696.049,2910,5705
1696.159,2911,5706
1696.234,2912,5707
1696.24,2913,5707
1696.257,2914,5707
1696.262,2915,5707
1696.271,2916,5707
1696.304,2917,5708
1696.435,2918,5708
1696.483,2919,5710
1696.504,2920,5710
1696.581,2921,5710
1696.593,2922,5712
1696.628,2923,5713
1696.689,2924,5713
1696.703,2925,5713
1696.736,2926,5713
1696.751,2927,5713
1696.775,2928,5713
1696.789,2929,5713
1696.882,2930,5713
1696.904,2931,5713
1696.973,2932,5713
1697.013,2933,5717
1697.059,2934,5717
1697.129,2935,5717
1697.271,2936,5717
1697.299,2937,5718
1697.349,2938,5718
1697.375,2939,5718
1697.682,2940,5718
1697.732,2941,5719
1697.93,2942,5725
1698.075,2943,5726
1698.125,2944,5726
1698.219,2945,5726
1698.417,2946,5726
1698.483,2947,5728
1698.536,2948,5728
1698.59,2949,5728
1698.814,2950,5728
1698.831,2951,5732
1698.876,2952,5732
1698.921,2953,5734
1699.068,2954,5734
1699.138,2955,5734
1699.3,2956,5734
1699.328,2957,5734
1699.334,2958,5734
1699.363,2959,5739
1699.414,2960,5739
1699.603,2961,5739
1699.644,2962,5739
1699.666,2963,5739
1699.883,2964,5740
1699.913,2965,5740
1700.295,2966,5741
1700.71,2967,5741
1700.762,2968,5742
1700.8,2969,5742
1700.886,2970,5742
1701.463,2971,5742
1701.491,2972,5743
1701.508,2973,5748
1701.991,2974,5748
1702.114,2975,5749
1702.198,2976,5751
1702.427,2977,5753
1702.663,2978,5753
1702.723,2979,5753
1702.922,2980,5754
1702.953,2981,5754
1703.052,2982,5755
1703.152,2983,5756
1703.186,2984,5756
1703.221,2985,5756
1703.419,2986,5757
1703.595,2987,5757
1703.701,2988,5757
1703.824,2989,5757
1703.917,2990,5757
1703.94,2991,5757
1704.043,2992,5758
1704.063,2993,5758
1704.141,2994,5758
1704.146,2995,5758
1704.667,2996,5758
1704.745,2997,5759
1704.76,2998,5759
1704.875,2999,5759
1705.614,3000,5761
1705.68,3001,5764
1705.92,3002,5764
1706.235,3003,5764
1706.252,3004,5765
1706.563,3005,5768
1706.675,3006,5768
1706.725,3007,5768
1707.113,3008,5768
1707.35,3009,5768
1708.898,3010,5768
1709.368,3011,5770
1709.516,3012,5770
1709.941,3013,5770
1709.986,3014,5770
1710.107,3015,5770
1710.139,3016,5770
1710.235,3017,5771
1710.49,3018,5771
1710.655,3019,5771
1711.049,3020,5771
1711.181,3021,5771
1711.261,3022,5771
1711.346,3023,5772
1711.516,3024,5772
1711.661,3025,5772
1711.769,3026,5772
1712.13,3027,5772
1712.337,3028,5772
1712.678,3029,5772
1712.974,3030,5773
1713.739,3031,5774
1714.155,3032,5774
1714.49,3033,5774
1715.175,3034,5774
1715.637,3035,5774
1715.694,3036,5775
1716.079,3037,5775
1716.25,3038,5775
1716.672,3039,5776
1716.94,3040,5777
1717.045,3041,5777
1717.211,3042,5777
1717.403,3043,5778
1717.591,3044,5778
1717.602,3045,5778
1717.899,3046,5778
1717.926,3047,5778
1718.086,3048,5778
1718.136,3049,5778
1718.4,3050,5779
1718.544,3051,5779
1718.781,3052,5779
1718.936,3053,5779
1719.325,3054,5779
1719.431,3055,5780
1719.878,3056,5780
1720.453,3057,5780
1720.565,3058,5783
1720.731,3059,5783
1720.741,3060,5783
1720.853,3061,5787
1720.883,3062,5787
1721.204,3063,5787
1721.508,3064,5787
1721.656,3065,5791
1722.078,3066,5792
1722.187,3067,5792
1722.556,3068,5792
1726.791,3069,5792
1727.651,3070,5792
1728.045,3071,5792
1730.492,3072,5792
1733.865,3073,5793
1736.336,3074,5793
1739.853,3075,5793
1743.962,3076,5793
1745.171,3077,5793
1754.6,3078,5793
1755.195,3079,5793
1759.483,3080,5793
1762.736,3081,5793
1765.371,3082,5793
1768.803,3083,5793
1769.908,3084,5793
1774.355,3085,5793
1774.462,3086,5793
1774.898,3087,5793
1784.448,3088,5793
1795.903,3089,5794
1796.127,3090,5794
1797.129,3091,5794
1798.343,3092,5794
1799.464,3093,5794
1799.476,3094,5795
1799.483,3095,5796
1799.647,3096,5796
1799.666,3097,5797
1799.901,3098,5805
1799.944,3099,5805
1801.25,3100,5805
1802.531,3101,5805
1802.817,3102,5806
1803.382,3103,5806
1803.605,3104,5807
1803.679,3105,5823
1803.809,3106,5823
1803.848,3107,5827
1803.888,3108,5827
1803.925,3109,5829
1803.939,3110,5829
1804.148,3111,5829
1804.265,3112,5829
1804.338,3113,5829
1804.645,3114,5829
1804.753,3115,5829
1804.954,3116,5830
1805.043,3117,5830
1805.293,3118,5830
1805.331,3119,5830
1805.434,3120,5830
1805.816,3121,5830
1805.904,3122,5830
1805.924,3123,5830
1805.968,3124,5830
1806.263,3125,5830
1806.548,3126,5830
1806.646,3127,5830
1806.843,3128,5830
1807.053,3129,5830
1807.361,3130,5830
1807.525,3131,5830
1807.609,3132,5830
1807.77,3133,5830
1807.792,3134,5830
1808.747,3135,5830
1809.017,3136,5830
1809.426,3137,5831
1809.879,3138,5831
1810.004,3139,5831
1810.62,3140,5831
1810.817,3141,5831
1810.83,3142,5831
1810.851,3143,5831
1811.042,3144,5831
1811.067,3145,5831
1811.265,3146,5832
1811.355,3147,5832
1811.743,3148,5832
1811.829,3149,5832
1812.011,3150,5832
1812.351,3151,5832
1812.794,3152,5832
1813.231,3153,5832
1813.574,3154,5832
1813.6,3155,5832
1813.795,3156,5832
1813.886,3157,5833
1813.906,3158,5833
1814.224,3159,5834
1814.242,3160,5834
1814.543,3161,5835
1814.591,3162,5835
1815.848,3163,5835
1815.85,3164,5837
1817.573,3165,5837
1822.773,3166,5837
1822.936,3167,5837
1823.91,3168,5837
1823.98,3169,5838
1824.406,3170,5838
1827.809,3171,5838
1829.424,3172,5838
1831.658,3173,5838
1833.018,3174,5838
1833.349,3175,5838
1833.891,3176,5838
1836.179,3177,5838
1842.199,3178,5838
1842.647,3179,5838
1842.771,3180,5839
1843.007,3181,5839
1843.17,3182,5839
1843.243,3183,5839
1843.635,3184,5839
1844.796,3185,5839
1844.981,3186,5839
1845.336,3187,5839
1845.607,3188,5845
1845.713,3189,5845
1846.543,3190,5845
1846.567,3191,5845
1847.729,3192,5845
1847.797,3193,5845
1848.072,3194,5846
1848.138,3195,5847
1848.453,3196,5847
1848.672,3197,5849
1849.577,3198,5849
1850.246,3199,5849
1851.061,3200,5849
1851.138,3201,5849
1851.909,3202,5849
1862.66,3203,5850
1866.802,3204,5850
1870.169,3205,5850
1925.998,3206,5850
1926.01,3207,5850
1928.963,3208,5850
1938.867,3209,5850
1938.965,3210,5850
1939.744,3211,5850
1940.255,3212,5850
1940.329,3213,5850
1940.417,3214,5850
1940.458,3215,5850
1940.809,3216,5850
1940.923,3217,5850
1941.23,3218,5850
1941.716,3219,5850
1942.202,3220,5851
1942.3,3221,5851
1942.451,3222,5851
1942.481,3223,5851
1943.135,3224,5853
1943.392,3225,5853
1944.128,3226,5854
1944.18,3227,5854
1944.671,3228,5854
1944.989,3229,5854
1945.431,3230,5854
1946.718,3231,5854
1946.913,3232,5854
1946.915,3233,5860
1947.101,3234,5860
1947.413,3235,5860
1947.49,3236,5862
1948.693,3237,5862
1948.866,3238,5863
1948.881,3239,5863
1949.771,3240,5863
1951.517,3241,5863
1951.698,3242,5863
1951.912,3243,5863
1954.613,3244,5864
1954.68,3245,5864
1955.554,3246,5866
1956.787,3247,5866
1956.822,3248,5866
1957.009,3249,5869
1957.209,3250,5869
1957.663,3251,5869
1959.074,3252,5869
1960.382,3253,5870
1964.292,3254,5870
1989.66,3255,5870
1989.696,3256,5870
1989.909,3257,5870
1992.288,3258,5870
1993.448,3259,5870
1994.129,3260,5870
1994.46,3261,5870
1995.456,3262,5870
1995.705,3263,5870
1997.572,3264,5871
1998.03,3265,5871
2003.283,3266,5871
2004.618,3267,5873
2006.985,3268,5873
2008.827,3269,5873
2009.035,3270,5873
2009.117,3271,5873
2009.721,3272,5873
2013.644,3273,5873
2014.29,3274,5873
2015.748,3275,5873
2016.559,3276,5873
2017.624,3277,5874
2023.548,3278,5874
2027.385,3279,5874
2038.64,3280,5874
2068.158,3281,5877
2076.799,3282,5877
2077.755,3283,5878
2078.84,3284,5878
2114.659,3285,5878
2120.965,3286,5878
2141.859,3287,5878
2145.556,3288,5878
2164.067,3289,5878
2164.096,3290,5878
2164.357,3291,5878
2164.65,3292,5878
2168.797,3293,5878
2172.253,3294,5878
2172.966,3295,5878
2175.073,3296,5878
2180.417,3297,5878
2187.564,3298,5878
2190.425,3299,5878
2200.107,3300,5878
2212.982,3301,5878
2240.572,3302,5878
2245.662,3303,5878
2253.275,3304,5878
2263.629,3305,5878
2290.081,3306,5878
2345.081,3307,5878
2352.77,3308,5878
2362.907,3309,5882
2363.212,3310,5882
2363.247,3311,5888
2363.269,3312,5890
2363.291,3313,5890
2363.322,3314,5890
2363.351,3315,5890
2363.373,3316,5894
2363.394,3317,5894
2363.42,3318,5894
2363.442,3319,5894
2363.469,3320,5894
2363.533,3321,5894
2363.6,3322,5896
2364.646,3323,5896
2364.706,3324,5897
2365.005,3325,5897
2365.582,3326,5897
2365.731,3327,5897
2366.007,3328,5897
2366.156,3329,5898
2366.37,3330,5898
2366.566,3331,5898
2367.467,3332,5898
2367.863,3333,5898
2367.951,3334,5898
2368.164,3335,5898
2368.185,3336,5898
2368.293,3337,5898
2368.641,3338,5898
2368.68,3339,5898
2368.953,3340,5898
2369.263,3341,5900
2369.36,3342,5900
2370.109,3343,5900
2370.558,3344,5900
2371.286,3345,5903
2372.124,3346,5903
2372.307,3347,5903
2373.061,3348,5903
2373.244,3349,5903
2373.296,3350,5903
2374.622,3351,5904
2376.051,3352,5904
2376.59,3353,5904
2377.74,3354,5904
2377.924,3355,5904
2378.605,3356,5904
2378.822,3357,5904
2380.616,3358,5904
2380.817,3359,5910
2382.053,3360,5910
2384.121,3361,5910
2385.834,3362,5910
2385.955,3363,5910
2387.922,3364,5910
2388.761,3365,5910
2389.94,3366,5910
2390.689,3367,5910
2391.37,3368,5910
2391.867,3369,5910
2395.83,3370,5910
2396.874,3371,5910
2397.441,3372,5910
2398.138,3373,5910
2399.003,3374,5910
2402.026,3375,5910
2406.497,3376,5910
2408.629,3377,5910
2408.947,3378,5910
2409.342,3379,5910
2411.645,3380,5910
2416.63,3381,5910
2417.361,3382,5910
2419.426,3383,5910
2424.463,3384,5910
2426.488,3385,5910
2429.066,3386,5910
2429.717,3387,5910
2430.689,3388,5910
2431.045,3389,5910
2434.262,3390,5910
2435.649,3391,5910
2442.371,3392,5910
2449.969,3393,5910
2451.773,3394,5910
2454.027,3395,5910
2456.329,3396,5910
2457.098,3397,5910
2463.199,3398,5910
2463.303,3399,5910
2463.368,3400,5910
2463.623,3401,5910
2465.275,3402,5910
2466.755,3403,5910
2468.27,3404,5910
2468.583,3405,5910
2469.603,3406,5910
2469.738,3407,5910
2470.043,3408,5910
2470.55,3409,5910
2472.326,3410,5910
2474.25,3411,5910
2474.559,3412,5910
2475.559,3413,5910
2476.786,3414,5911
2477.139,3415,5911
2479.765,3416,5911
2479.903,3417,5912
2480.363,3418,5912
2487.124,3419,5912
2490.456,3420,5912
2492.487,3421,5912
2494.73,3422,5912
2495.067,3423,5912
2495.597,3424,5912
2495.925,3425,5912
2496.852,3426,5912
2496.97,3427,5912
2497.407,3428,5912
2500.527,3429,5912
2501.571,3430,5913
2502.021,3431,5913
2506.444,3432,5913
2512.589,3433,5913
2536.85,3434,5913
2538.742,3435,5913
2541.187,3436,5913
2547.686,3437,5913
2547.881,3438,5913
2581.87,3439,5913
2603.698,3440,5913
2626.17,3441,5913
2627.337,3442,5913
2631.172,3443,5913
2632.951,3444,5913
2633.673,3445,5914
2644.1,3446,5914
2670.819,3447,5915
2674.21,3448,5915
2688.09,3449,5915
2698.033,3450,5915
2719.067,3451,5915
2736.139,3452,5915
2741.219,3453,5915
2785.537,3454,5915
2843.234,3455,5915
2849.188,3456,5915
2865.029,3457,5915
2866.963,3458,5915
2880.528,3459,5915
2896.464,3460,5927
2896.52,3461,5927
2896.67,3462,5927
2896.711,3463,5927
2896.729,3464,5927
2896.809,3465,5927
2896.985,3466,5927
2897.219,3467,5927
2897.291,3468,5927
2897.42,3469,5927
2897.446,3470,5927
2899.189,3471,5927
2899.282,3472,5927
2899.546,3473,5927
2899.83,3474,5928
2900.2,3475,5928
2901.811,3476,5928
2907.037,3477,5928
2907.677,3478,5928
2907.792,3479,5928
2907.875,3480,5928
2909.501,3481,5928
2909.786,3482,5928
2910.02,3483,5929
2910.147,3484,5929
2910.762,3485,5929
2910.771,3486,5930
2911.012,3487,5930
2911.478,3488,5930
2911.627,3489,5930
2911.702,3490,5930
2911.8,3491,5931
2913.658,3492,5931
2915.687,3493,5931
2915.895,3494,5931
2915.939,3495,5931
2916.707,3496,5931
2917.019,3497,5931
2917.445,3498,5932
2918.083,3499,5933
2918.418,3500,5933
2919.075,3501,5934
2919.355,3502,5934
2920.054,3503,5934
2920.65,3504,5934
2922.095,3505,5934
2925.253,3506,5934
2926.27,3507,5935
2927.453,3508,5935
2929.375,3509,5935
2932.082,3510,5935
2932.116,3511,5938
2932.139,3512,5939
2932.522,3513,5939
2934.156,3514,5939
2934.304,3515,5939
2934.557,3516,5939
2935.668,3517,5939
2935.921,3518,5939
2936.053,3519,5939
2936.156,3520,5940
2936.302,3521,5940
2936.356,3522,5941
2936.561,3523,5941
2937.44,3524,5941
2937.671,3525,5941
2937.676,3526,5941
2937.75,3527,5941
2938.03,3528,5941
2940.185,3529,5941
2940.593,3530,5941
2940.825,3531,5941
2942.662,3532,5941
2942.936,3533,5941
2943.112,3534,5941
2943.196,3535,5941
2943.767,3536,5941
2943.998,3537,5941
2944.136,3538,5941
2944.395,3539,5943
2944.411,3540,5943
2944.435,3541,5946
2945.023,3542,5946
2945.2,3543,5946
2946.021,3544,5946
2946.081,3545,5946
2946.291,3546,5946
2946.999,3547,5946
2947.49,3548,5946
2947.718,3549,5947
2947.822,3550,5947
2947.96,3551,5947
2948.374,3552,5947
2948.758,3553,5947
2948.841,3554,5947
2949.51,3555,5947
2949.591,3556,5947
2949.679,3557,5947
2951.035,3558,5947
2952.77,3559,5947
2954.285,3560,5947
2954.336,3561,5947
2954.616,3562,5947
2955.67,3563,5947
2955.869,3564,5947
2955.933,3565,5947
2957.473,3566,5947
2958.385,3567,5947
2959.134,3568,5947
2959.456,3569,5947
2961.289,3570,5947
2961.841,3571,5947
2962.384,3572,5947
2962.969,3573,5947
2965.942,3574,5948
2967.045,3575,5948
2967.141,3576,5948
2967.523,3577,5948
2967.683,3578,5948
2967.849,3579,5948
2968.172,3580,5948
2969.177,3581,5948
2969.605,3582,5948
2969.741,3583,5948
2969.967,3584,5948
2970.477,3585,5948
2970.633,3586,5948
2972.084,3587,5948
2972.413,3588,5948
2973.208,3589,5948
2973.297,3590,5948
2973.917,3591,5948
2974.375,3592,5948
2976.254,3593,5948
2976.285,3594,5948
2976.931,3595,5948
2991.214,3596,5948
2991.287,3597,5949
2991.332,3598,5949
2991.339,3599,5949
2991.404,3600,5949
2991.442,3601,5949
2991.811,3602,5949
2992.059,3603,5949
2992.146,3604,5949
2992.754,3605,5949
2992.793,3606,5949
2993.385,3607,5949
2993.796,3608,5949
2994.59,3609,5949
2994.777,3610,5949
2995.2,3611,5949
2995.558,3612,5949
2995.58,3613,5949
2995.873,3614,5953
2996.135,3615,5953
2996.884,3616,5953
2997.246,3617,5953
2997.257,3618,5954
2997.325,3619,5956
2997.339,3620,5956
3005.776,3621,5956
3006.845,3622,5956
3007.444,3623,5956
3007.54,3624,5958
3007.713,3625,5958
3008.024,3626,5958
3017.832,3627,5960
3017.836,3628,5960
3018.989,3629,5960
3019.826,3630,5960
3019.985,3631,5960
3020.046,3632,5960
3021.063,3633,5960
3021.368,3634,5960
3021.449,3635,5960
3021.489,3636,5961
3021.877,3637,5961
3022.32,3638,5961
3023.21,3639,5962
3023.613,3640,5962
3023.681,3641,5962
3023.746,3642,5962
3023.824,3643,5962
3025.167,3644,5962
3027.185,3645,5964
3027.304,3646,5964
3028.045,3647,5964
3028.246,3648,5964
3028.56,3649,5964
3028.614,3650,5964
3029.434,3651,5964
3030.198,3652,5964
3030.79,3653,5965
3032.782,3654,5965
3038.061,3655,5965
3038.604,3656,5965
3038.789,3657,5965
3040.011,3658,5965
3041.074,3659,5965
3042.478,3660,5965
3044.729,3661,5965
3044.766,3662,5965
3045.719,3663,5965
3046.507,3664,5965
3048.118,3665,5965
3049.063,3666,5965
3050.22,3667,5965
3050.705,3668,5965
3051.873,3669,5965
3052.912,3670,5965
3053.055,3671,5965
3053.163,3672,5965
3053.824,3673,5965
3054.803,3674,5965
3057.583,3675,5965
3058.264,3676,5965
3058.513,3677,5965
3059.567,3678,5966
3063.392,3679,5966
3063.927,3680,5966
3066.106,3681,5966
3066.118,3682,5966
3066.133,3683,5966
3066.163,3684,5966
3066.176,3685,5966
3066.218,3686,5966
3066.492,3687,5966
3066.651,3688,5966
3066.877,3689,5966
3067.232,3690,5966
3068.85,3691,5966
3069.102,3692,5966
3069.205,3693,5966
3075.842,3694,5966
3085.594,3695,5966
3090.581,3696,5966
3103.065,3697,5966
3104.379,3698,5966
3115.621,3699,5966
3117.265,3700,5966
3128.203,3701,5966
3135.906,3702,5966
3141.909,3703,5966
3151.421,3704,5967
3199.246,3705,5967
3203.473,3706,5967
3204.678,3707,5967
3204.788,3708,5967
3205.486,3709,5967
3205.611,3710,5967
3205.792,3711,5967
3206.046,3712,5967
3206.193,3713,5967
3206.454,3714,5967
3206.71,3715,5968
3207.007,3716,5969
3207.577,3717,5972
3207.732,3718,5972
3207.815,3719,5972
3207.916,3720,5972
3207.946,3721,5973
3208.014,3722,5973
3208.241,3723,5973
3208.729,3724,5973
3209.357,3725,5973
3209.924,3726,5973
3210.443,3727,5973
3212.048,3728,5973
3212.676,3729,5973
3212.913,3730,5973
3213.049,3731,5973
3213.512,3732,5973
3214.723,3733,5973
3216.473,3734,5973
3216.825,3735,5973
3216.906,3736,5974
3218.08,3737,5974
3218.823,3738,5974
3219.137,3739,5974
3219.731,3740,5974
3221.849,3741,5974
3225.201,3742,5974
3225.959,3743,5974
3226.787,3744,5974
3226.919,3745,5974
3226.986,3746,5974
3227.242,3747,5974
3227.705,3748,5974
3227.74,3749,5974
3228.951,3750,5974
3229.284,3751,5974
3229.44,3752,5974
3230.578,3753,5974
3231.336,3754,5974
3231.494,3755,5974
3231.773,3756,5974
3233.712,3757,5974
3235.829,3758,5974
3237.997,3759,5974
3238.071,3760,5975
3238.277,3761,5975
3242.151,3762,5975
3243.981,3763,5975
3244.134,3764,5975
3244.156,3765,5975
3244.21,3766,5975
3244.245,3767,5975
3244.294,3768,5975
3244.325,3769,5975
3244.347,3770,5975
3244.408,3771,5975
3244.43,3772,5975
3244.47,3773,5975
3244.491,3774,5975
3244.523,3775,5975
3244.575,3776,5975
3244.597,3777,5975
3244.671,3778,5975
3246.408,3779,5975
3248.41,3780,5975
3248.673,3781,5975
3249.856,3782,5975
3249.943,3783,5975
3250.647,3784,5976
3250.785,3785,5976
3252.15,3786,5976
3252.293,3787,5976
3252.716,3788,5976
3252.951,3789,5976
3252.98,3790,5976
3253.101,3791,5976
3253.561,3792,5976
3254.277,3793,5976
3254.4,3794,5976
3254.921,3795,5976
3255.711,3796,5976
3256.881,3797,5976
3257.912,3798,5976
3258.308,3799,5976
3258.883,3800,5976
3258.997,3801,5977
3259.137,3802,5977
3259.661,3803,5977
3260.619,3804,5977
3260.712,3805,5977
3262.509,3806,5977
3262.645,3807,5977
3264.791,3808,5977
3265.271,3809,5978
3267.949,3810,5978
3268.578,3811,5978
3269.126,3812,5978
3269.219,3813,5978
3270.013,3814,5978
3270.176,3815,5978
3270.409,3816,5978
3270.414,3817,5978
3270.441,3818,5978
3270.451,3819,5978
3270.459,3820,5978
3270.47,3821,5978
3270.62,3822,5978
3270.932,3823,5980
3271.14,3824,5980
3271.232,3825,5989
3271.669,3826,5989
3271.896,3827,5990
3272.158,3828,5990
3272.181,3829,5990
3272.329,3830,5990
3272.775,3831,5993
3273.699,3832,5993
3274.324,3833,5993
3274.526,3834,5993
3274.796,3835,5993
3275.267,3836,5994
3276.649,3837,5994
3276.962,3838,5995
3284.749,3839,5995
3285.055,3840,5995
3288.998,3841,5995
3291.182,3842,5995
3292.521,3843,5995
3292.534,3844,5995
3292.559,3845,5995
3292.602,3846,5995
3295.567,3847,5995
3296.065,3848,5995
3296.952,3849,5995
3297.141,3850,5995
3297.8,3851,6006
3298.207,3852,6006
3299.251,3853,6006
3299.645,3854,6006
3299.902,3855,6006
3300.604,3856,6011
3300.787,3857,6011
3300.855,3858,6011
3301.221,3859,6011
3301.466,3860,6011
3302.045,3861,6011
3302.543,3862,6011
3303.127,3863,6011
3303.421,3864,6011
3308.807,3865,6011
3310.971,3866,6011
3311.65,3867,6011
3311.953,3868,6011
3313.165,3869,6011
3313.401,3870,6011
3314.346,3871,6011
3315.574,3872,6011
3315.945,3873,6011
3316.69,3874,6011
3318.766,3875,6011
3320.287,3876,6011
3321.457,3877,6011
3324.55,3878,6011
3324.85,3879,6011
3324.935,3880,6011
3325.549,3881,6011
3326.032,3882,6011
3327.188,3883,6011
3327.729,3884,6011
3331.251,3885,6011
3332.024,3886,6011
3338.921,3887,6011
3343.647,3888,6011
3349.499,3889,6011
3351.791,3890,6012
3354.292,3891,6012
3354.621,3892,6012
3356.046,3893,6012
3358.038,3894,6012
3359.62,3895,6012
3359.724,3896,6012
3360.021,3897,6012
3364.22,3898,6012
3364.438,3899,6012
3367.329,3900,6012
3368.294,3901,6014
3368.737,3902,6014
3368.743,3903,6014
3368.944,3904,6014
3369.024,3905,6014
3369.041,3906,6014
3369.056,3907,6014
3369.169,3908,6014
3369.418,3909,6014
3369.653,3910,6014
3370.7,3911,6014
3372.525,3912,6014
3372.549,3913,6014
3372.921,3914,6014
3373.058,3915,6014
3374.124,3916,6014
3377.199,3917,6014
3378.258,3918,6014
3378.576,3919,6014
3378.665,3920,6014
3378.765,3921,6014
3379.456,3922,6014
3381.448,3923,6014
3383.663,3924,6014
3383.98,3925,6014
3385.438,3926,6014
3385.515,3927,6014
3387.036,3928,6014
3387.232,3929,6014
3387.261,3930,6014
3388.847,3931,6014
3389.643,3932,6014
3389.662,3933,6014
3390.168,3934,6014
3391.448,3935,6014
3391.534,3936,6015
3391.933,3937,6015
3392.466,3938,6015
3393.466,3939,6015
3394.012,3940,6015
3395.257,3941,6015
3395.436,3942,6029
3395.463,3943,6029
3395.806,3944,6029
3396.703,3945,6029
3397.017,3946,6029
3398.099,3947,6029
3398.122,3948,6029
3398.159,3949,6029
3398.216,3950,6029
3398.238,3951,6031
3398.268,3952,6031
3398.318,3953,6031
3398.34,3954,6031
3398.466,3955,6031
3398.501,3956,6031
3398.537,3957,6031
3398.578,3958,6031
3398.703,3959,6031
3398.756,3960,6031
3398.838,3961,6031
3399.001,3962,6031
3399.026,3963,6031
3399.047,3964,6031
3399.698,3965,6031
3399.742,3966,6031
3399.785,3967,6031
3399.987,3968,6031
3400.212,3969,6031
3400.252,3970,6031
3400.293,3971,6031
3400.363,3972,6031
3400.441,3973,6031
3400.575,3974,6031
3400.782,3975,6031
3400.849,3976,6031
3401.0,3977,6031
3401.219,3978,6031
3401.3,3979,6031
3401.383,3980,6031
3402.513,3981,6031
3403.285,3982,6031
3403.486,3983,6031
3403.67,3984,6031
3403.836,3985,6031
3403.911,3986,6031
3403.989,3987,6031
3404.269,3988,6031
3404.475,3989,6034
3404.516,3990,6034
3404.767,3991,6034
3404.977,3992,6034
3404.995,3993,6034
3405.123,3994,6034
3405.433,3995,6034
3405.606,3996,6034
3405.998,3997,6034
3406.386,3998,6034
3406.636,3999,6034
3407.608,4000,6034
3407.738,4001,6034
3408.421,4002,6034
3408.544,4003,6034
3408.603,4004,6034
3409.365,4005,6034
3410.842,4006,6034
3411.323,4007,6034
3411.892,4008,6034
3412.008,4009,6034
3412.457,4010,6034
3413.513,4011,6034
3413.614,4012,6035
3415.071,4013,6035
3415.419,4014,6035
3415.574,4015,6035
3415.664,4016,6035
3416.697,4017,6035
3418.321,4018,6035
3418.397,4019,6035
3419.259,4020,6035
3419.564,4021,6035
3419.816,4022,6035
3419.952,4023,6035
3420.248,4024,6035
3420.65,4025,6035
3421.013,4026,6035
3421.592,4027,6035
3422.252,4028,6035
3424.102,4029,6035
3424.913,4030,6035
3425.138,4031,6035
3429.198,4032,6035
3429.235,4033,6035
3429.64,4034,6035
3429.69,4035,6035
3429.742,4036,6035
3429.887,4037,6037
3430.074,4038,6037
3430.097,4039,6037
3430.306,4040,6037
3430.447,4041,6037
3430.613,4042,6037
3430.887,4043,6037
3431.603,4044,6037
3432.034,4045,6037
3432.093,4046,6037
3432.438,4047,6037
3434.102,4048,6037
3440.034,4049,6037
3440.759,4050,6037
3441.266,4051,6037
3444.664,4052,6046
3445.463,4053,6046
3449.538,4054,6046
3449.932,4055,6052
3451.194,4056,6052
3451.701,4057,6052
3469.186,4058,6052
3471.72,4059,6052
3500.047,4060,6052
3500.083,4061,6052
3507.684,4062,6052
3519.196,4063,6052
3521.436,4064,6053
3549.329,4065,6053
3555.492,4066,6053
3555.598,4067,6053
3555.939,4068,6053
3556.138,4069,6053
3556.855,4070,6053
3558.714,4071,6053
3559.115,4072,6053
3571.333,4073,6054
3579.505,4074,6054
3584.116,4075,6054
3587.235,4076,6054
3587.929,4077,6054
3589.145,4078,6055
3589.358,4079,6055
3593.147,4080,6055
3605.467,4081,6055
3607.966,4082,6055
3624.597,4083,6055
3627.617,4084,6055
3631.836,4085,6055
3634.84,4086,6055
3636.818,4087,6055
3639.21,4088,6055
3645.571,4089,6055
3648.406,4090,6057
3655.427,4091,6057
3656.231,4092,6057
3657.974,4093,6057
3667.459,4094,6057
3668.6,4095,6058
3669.214,4096,6058
3670.625,4097,6058
3670.637,4098,6058
3670.643,4099,6058
3671.098,4100,6058
3671.908,4101,6058
3671.968,4102,6058
3672.574,4103,6058
3673.525,4104,6058
3678.679,4105,6058
3679.26,4106,6058
3679.937,4107,6058
3680.33,4108,6058
3680.65,4109,6058
3681.295,4110,6058
3682.404,4111,6058
3682.743,4112,6058
3682.938,4113,6058
3683.382,4114,6058
3686.247,4115,6058
3688.17,4116,6058
3689.241,4117,6058
3689.919,4118,6058
3692.818,4119,6058
3693.62,4120,6058
3695.427,4121,6058
3698.621,4122,6058
3699.95,4123,6058
3700.58,4124,6058
3704.852,4125,6058
3706.477,4126,6058
3707.02,4127,6058
3715.403,4128,6058
3722.676,4129,6058
3722.749,4130,6058
3725.406,4131,6058
3728.095,4132,6058
3731.643,4133,6058
3746.782,4134,6058
3751.88,4135,6058
3753.632,4136,6058
3760.995,4137,6058
3761.315,4138,6058
3776.141,4139,6058
3784.87,4140,6058
3789.392,4141,6059
3792.313,4142,6059
3793.911,4143,6059
3794.483,4144,6059
3796.686,4145,6059
3799.099,4146,6059
3810.746,4147,6059
3811.604,4148,6059
3816.33,4149,6060
3818.708,4150,6060
3821.828,4151,6060
3822.6,4152,6060
3828.176,4153,6060
3830.185,4154,6060
3832.185,4155,6060
3845.807,4156,6060
3848.767,4157,6060
3850.913,4158,6060
3868.465,4159,6060
3868.832,4160,6060
3881.515,4161,6060
3883.407,4162,6060
3893.766,4163,6060
3894.107,4164,6060
3896.384,4165,6061
3897.604,4166,6061
3908.465,4167,6061
3913.876,4168,6061
3913.894,4169,6061
3920.634,4170,6061
3921.021,4171,6061
3921.15,4172,6061
3921.357,4173,6061
3921.538,4174,6061
3921.667,4175,6061
3928.446,4176,6061
3934.57,4177,6061
3952.918,4178,6061
3954.411,4179,6061
3961.868,4180,6061
3967.118,4181,6061
3969.675,4182,6061
3988.154,4183,6061
4002.52,4184,6061
4010.945,4185,6061
4013.031,4186,6061
4027.846,4187,6061
4033.066,4188,6061
4034.297,4189,6061
4038.508,4190,6061
4058.775,4191,6061
4069.639,4192,6061
4095.548,4193,6061
4110.311,4194,6061
4115.989,4195,6061
4194.888,4196,6061
4239.821,4197,6061
4258.061,4198,6061
4259.37,4199,6061
4260.619,4200,6061
4260.691,4201,6066
4261.787,4202,6066
4265.514,4203,6066
4272.202,4204,6068
4273.442,4205,6068
4275.482,4206,6068
4283.813,4207,6068
4283.911,4208,6069
4285.945,4209,6069
4286.391,4210,6069
4294.094,4211,6069
4296.294,4212,6070
4296.382,4213,6070
4296.937,4214,6070
4297.012,4215,6070
4297.031,4216,6070
4297.151,4217,6070
4297.788,4218,6070
4298.357,4219,6070
4299.327,4220,6070
4300.494,4221,6070
4300.685,4222,6070
4301.059,4223,6070
4301.611,4224,6070
4301.625,4225,6070
4303.837,4226,6070
4310.878,4227,6070
4325.043,4228,6070
4325.138,4229,6070
4325.155,4230,6070
4325.711,4231,6070
4325.749,4232,6070
4327.639,4233,6070
4328.077,4234,6070
4339.256,4235,6070
4339.713,4236,6070
4339.824,4237,6070
4339.936,4238,6070
4340.461,4239,6070
4341.53,4240,6070
4348.218,4241,6070
4362.847,4242,6070
4388.697,4243,6075
4438.472,4244,6076
4444.065,4245,6076
4456.804,4246,6076
4456.929,4247,6076
4457.429,4248,6076
4461.307,4249,6076
4462.742,4250,6076
4463.343,4251,6076
4464.213,4252,6076
4465.399,4253,6076
4465.969,4254,6076
4466.779,4255,6076
4468.288,4256,6076
4470.65,4257,6076
4476.502,4258,6076
4476.705,4259,6076
4485.293,4260,6076
4493.703,4261,6076
4497.53,4262,6076
4519.404,4263,6076
4519.455,4264,6076
4519.465,4265,6076
4519.508,4266,6076
4519.601,4267,6076
4519.624,4268,6076
4519.668,4269,6076
4519.693,4270,6076
4519.733,4271,6076
4519.746,4272,6076
4519.816,4273,6076
4519.828,4274,6076
4519.84,4275,6076
4519.874,4276,6076
4519.986,4277,6076
4519.997,4278,6076
4520.012,4279,6076
4520.091,4280,6076
4520.198,4281,6076
4520.246,4282,6076
4520.277,4283,6076
4520.413,4284,6076
4520.45,4285,6076
4520.467,4286,6076
4520.603,4287,6076
4520.618,4288,6076
4520.648,4289,6076
4520.663,4290,6076
4520.707,4291,6076
4520.782,4292,6076
4521.341,4293,6076
4521.386,4294,6076
4521.511,4295,6076
4521.54,4296,6076
4521.565,4297,6076
4521.61,4298,6076
4521.747,4299,6076
4521.772,4300,6076
4521.804,4301,6076
4521.835,4302,6076
4521.95,4303,6076
4521.973,4304,6076
4522.168,4305,6076
4522.524,4306,6076
4522.613,4307,6076
4523.153,4308,6076
4523.231,4309,6076
4523.297,4310,6076
4523.403,4311,6076
4523.564,4312,6076
4523.716,4313,6076
4523.824,4314,6076
4524.251,4315,6076
4524.284,4316,6076
4524.563,4317,6076
4524.584,4318,6076
4524.807,4319,6076
4525.262,4320,6076
4525.386,4321,6076
4525.496,4322,6076
4525.574,4323,6076
4525.752,4324,6076
4525.829,4325,6076
4525.93,4326,6076
4527.514,4327,6076
4527.665,4328,6076
4527.688,4329,6076
4527.895,4330,6076
4528.037,4331,6076
4528.359,4332,6076
4528.656,4333,6076
4528.84,4334,6076
4529.295,4335,6077
4529.31,4336,6077
4529.547,4337,6077
4530.003,4338,6077
4530.944,4339,6077
4531.49,4340,6077
4531.633,4341,6077
4531.961,4342,6077
4532.232,4343,6077
4532.359,4344,6077
4532.426,4345,6077
4532.754,4346,6077
4532.809,4347,6077
4533.229,4348,6077
4533.403,4349,6077
4534.875,4350,6077
4535.872,4351,6077
4535.881,4352,6077
4536.656,4353,6077
4537.677,4354,6077
4537.98,4355,6077
4538.374,4356,6077
4539.619,4357,6077
4539.752,4358,6077
4540.103,4359,6077
4540.885,4360,6077
4540.978,4361,6077
4555.831,4362,6077
4556.701,4363,6077
4556.913,4364,6077
4557.665,4365,6077
4562.579,4366,6080
4569.781,4367,6080
4572.496,4368,6080
4573.218,4369,6080
4573.534,4370,6080
4575.837,4371,6080
4578.543,4372,6080
4584.327,4373,6080
4593.501,4374,6080
4597.959,4375,6080
4610.037,4376,6080
4632.282,4377,6080
4633.011,4378,6080
4635.111,4379,6080
4638.435,4380,6080
4639.192,4381,6080
4643.769,4382,6080
4645.501,4383,6080
4646.359,4384,6080
4651.069,4385,6081
4651.715,4386,6081
4653.546,4387,6082
4661.944,4388,6082
4662.115,4389,6082
4662.44,4390,6082
4662.725,4391,6082
4662.887,4392,6083
4663.571,4393,6083
4663.766,4394,6083
4663.868,4395,6083
4664.18,4396,6084
4664.583,4397,6084
4665.173,4398,6084
4666.62,4399,6084
4666.717,4400,6084
4669.7,4401,6084
4672.633,4402,6084
4673.938,4403,6084
4675.338,4404,6084
4679.945,4405,6084
4680.117,4406,6084
4680.681,4407,6084
4681.067,4408,6084
4682.148,4409,6084
4682.874,4410,6084
4684.247,4411,6084
4684.897,4412,6084
4686.402,4413,6084
4686.985,4414,6084
4688.437,4415,6084
4691.002,4416,6084
4691.588,4417,6084
4696.473,4418,6084
4697.005,4419,6084
4705.165,4420,6084
4706.764,4421,6084
4709.113,4422,6084
4710.547,4423,6084
4711.56,4424,6084
4714.759,4425,6084
4716.245,4426,6084
4761.311,4427,6084
4761.536,4428,6084
4761.947,4429,6084
4762.455,4430,6085
4762.608,4431,6085
4763.112,4432,6085
4763.286,4433,6085
4764.308,4434,6085
4768.582,4435,6085
4768.599,4436,6085
4769.502,4437,6085
4774.994,4438,6085
4775.193,4439,6085
4775.725,4440,6085
4776.476,4441,6085
4778.028,4442,6085
4778.385,4443,6085
4779.121,4444,6085
4779.706,4445,6085
4780.675,4446,6085
4783.667,4447,6085
4795.52,4448,6085
4798.025,4449,6085
4800.496,4450,6085
4802.726,4451,6085
4805.093,4452,6085
4809.522,4453,6085
4813.726,4454,6085
4814.696,4455,6086
4815.232,4456,6087
4822.908,4457,6087
4836.542,4458,6087
4838.083,4459,6087
4843.225,4460,6087
4846.594,4461,6087
4848.976,4462,6087
4852.401,4463,6087
4852.955,4464,6087
4860.877,4465,6087
4875.365,4466,6087
4877.636,4467,6087
4880.911,4468,6088
4941.778,4469,6088
4957.384,4470,6088
4958.839,4471,6088
4968.85,4472,6088
4981.382,4473,6088
4984.199,4474,6088
4996.158,4475,6088
5011.132,4476,6088
5039.994,4477,6088
5052.325,4478,6088
5052.557,4479,6088
5053.044,4480,6088
5053.23,4481,6088
5054.301,4482,6088
5055.599,4483,6088
5055.773,4484,6088
5056.977,4485,6088
5057.32,4486,6088
5058.607,4487,6088
5059.284,4488,6088
5060.946,4489,6088
5060.971,4490,6088
5061.337,4491,6088
5062.307,4492,6088
5062.634,4493,6088
5063.995,4494,6088
5065.225,4495,6088
5065.35,4496,6089
5065.388,4497,6089
5065.615,4498,6092
5066.944,4499,6094
5067.04,4500,6094
5067.219,4501,6094
5067.319,4502,6094
5068.006,4503,6094
5068.85,4504,6094
5069.201,4505,6094
5069.82,4506,6094
5069.929,4507,6094
5072.27,4508,6094
5073.202,4509,6094
5073.871,4510,6094
5077.911,4511,6094
5078.1,4512,6095
5083.908,4513,6095
5085.197,4514,6101
5086.032,4515,6101
5087.235,4516,6101
5088.329,4517,6103
5088.37,4518,6104
5088.42,4519,6104
5088.505,4520,6104
5093.428,4521,6104
5094.049,4522,6104
5094.378,4523,6104
5094.417,4524,6104
5094.65,4525,6104
5096.005,4526,6104
5096.639,4527,6104
5097.4,4528,6104
5097.787,4529,6104
5097.888,4530,6104
5097.918,4531,6104
5098.075,4532,6104
5098.133,4533,6104
5098.217,4534,6104
5098.277,4535,6104
5098.62,4536,6104
5098.722,4537,6104
5098.858,4538,6104
5099.051,4539,6104
5099.191,4540,6104
5100.049,4541,6104
5100.058,4542,6108
5100.227,4543,6108
5100.623,4544,6108
5101.097,4545,6108
5101.324,4546,6108
5102.408,4547,6108
5103.978,4548,6108
5104.449,4549,6108
5104.51,4550,6109
5105.328,4551,6116
5105.371,4552,6116
5105.758,4553,6116
5105.865,4554,6116
5107.644,4555,6116
5108.061,4556,6116
5108.661,4557,6116
5109.667,4558,6123
5119.59,4559,6123
5127.498,4560,6123
5131.31,4561,6123
5133.384,4562,6123
5134.135,4563,6123
5134.165,4564,6123
5134.315,4565,6123
5134.396,4566,6123
5134.443,4567,6123
5134.483,4568,6123
5134.567,4569,6123
5134.816,4570,6123
5134.923,4571,6123
5135.059,4572,6123
5135.108,4573,6123
5135.354,4574,6123
5135.513,4575,6123
5135.601,4576,6123
5135.699,4577,6123
5135.786,4578,6123
5136.215,4579,6123
5136.552,4580,6123
5136.75,4581,6123
5136.897,4582,6123
5137.072,4583,6123
5137.365,4584,6123
5137.394,4585,6123
5137.43,4586,6123
5137.469,4587,6123
5137.569,4588,6123
5137.748,4589,6123
5137.825,4590,6123
5137.872,4591,6123
5137.93,4592,6123
5138.028,4593,6123
5138.446,4594,6123
5138.473,4595,6123
5138.554,4596,6123
5138.951,4597,6123
5139.11,4598,6123
5139.163,4599,6123
5139.198,4600,6123
5139.381,4601,6123
5139.431,4602,6123
5139.528,4603,6123
5139.575,4604,6123
5140.274,4605,6123
5140.324,4606,6123
5140.359,4607,6123
5140.5,4608,6123
5140.66,4609,6123
5141.175,4610,6123
5141.317,4611,6123
5141.352,4612,6123
5141.382,4613,6123
5142.294,4614,6123
5144.012,4615,6123
5144.622,4616,6123
5144.71,4617,6123
5145.751,4618,6123
5145.875,4619,6123
5145.985,4620,6123
5146.124,4621,6123
5146.899,4622,6123
5147.052,4623,6123
5147.381,4624,6123
5147.543,4625,6123
5147.753,4626,6123
5148.028,4627,6123
5148.349,4628,6123
5149.403,4629,6123
5149.541,4630,6123
5150.304,4631,6123
5150.494,4632,6123
5150.657,4633,6123
5151.064,4634,6123
5151.37,4635,6123
5151.607,4636,6123
5152.241,4637,6123
5152.604,4638,6123
5153.119,4639,6123
5153.618,4640,6123
5153.71,4641,6123
5154.797,4642,6123
5156.529,4643,6123
5157.845,4644,6123
5158.335,4645,6123
5158.446,4646,6123
5161.015,4647,6123
5162.009,4648,6123
5162.966,4649,6123
5163.152,4650,6123
5163.63,4651,6123
5163.982,4652,6123
5164.19,4653,6123
5164.785,4654,6123
5165.014,4655,6123
5165.086,4656,6123
5165.651,4657,6123
5165.924,4658,6123
5167.052,4659,6123
5168.951,4660,6123
5169.655,4661,6123
5171.417,4662,6123
5171.462,4663,6123
5171.514,4664,6123
5171.609,4665,6126
5171.888,4666,6126
5172.44,4667,6126
5174.218,4668,6126
5174.431,4669,6126
5175.059,4670,6126
5175.462,4671,6126
5175.865,4672,6126
5176.16,4673,6126
5176.669,4674,6126
5178.603,4675,6126
5179.068,4676,6126
5179.302,4677,6126
5179.64,4678,6126
5181.775,4679,6126
5181.805,4680,6126
5184.174,4681,6126
5186.276,4682,6126
5186.343,4683,6126
5186.674,4684,6126
5187.365,4685,6126
5188.754,4686,6126
5189.734,4687,6126
5189.98,4688,6126
5191.926,4689,6126
5203.519,4690,6126
5203.794,4691,6126
5204.523,4692,6126
5248.81,4693,6126
5249.02,4694,6126
5249.222,4695,6128
5249.281,4696,6128
5249.359,4697,6128
5249.368,4698,6131
5249.462,4699,6131
5249.47,4700,6131
5249.675,4701,6131
5249.691,4702,6131
5249.767,4703,6132
5249.806,4704,6132
5250.0,4705,6132
5250.529,4706,6132
5250.741,4707,6132
5250.89,4708,6132
5251.25,4709,6132
5251.309,4710,6132
5251.607,4711,6132
5251.736,4712,6132
5252.194,4713,6132
5252.895,4714,6132
5254.054,4715,6132
5254.673,4716,6132
5267.48,4717,6132
5267.633,4718,6132
5267.994,4719,6132
5268.1,4720,6132
5268.815,4721,6132
5269.18,4722,6132
5270.247,4723,6132
5270.296,4724,6132
5274.984,4725,6132
5275.003,4726,6132
5276.319,4727,6132
5280.573,4728,6132
5282.37,4729,6132
5287.486,4730,6132
5302.868,4731,6132
5304.993,4732,6132
5306.324,4733,6132
5307.671,4734,6132
5311.674,4735,6132
5320.365,4736,6132
5332.728,4737,6132
5337.089,4738,6132
5364.986,4739,6132
5365.409,4740,6132
5377.709,4741,6132
5395.213,4742,6133
5395.245,4743,6133
5395.416,4744,6133
5395.421,4745,6133
5395.452,4746,6133
5396.223,4747,6133
5396.806,4748,6133
5396.886,4749,6133
5398.33,4750,6133
5404.566,4751,6133
5411.852,4752,6133
5412.712,4753,6133
5413.835,4754,6133
5414.817,4755,6133
5415.078,4756,6136
5415.3,4757,6136
5415.377,4758,6136
5415.953,4759,6136
5417.005,4760,6136
5417.066,4761,6136
5417.691,4762,6136
5420.203,4763,6136
5420.442,4764,6136
5420.972,4765,6136
5421.945,4766,6136
5421.959,4767,6136
5422.285,4768,6136
5422.334,4769,6136
5422.491,4770,6136
5422.623,4771,6136
5422.887,4772,6136
5423.077,4773,6136
5423.158,4774,6136
5423.31,4775,6136
5423.343,4776,6136
5423.523,4777,6136
5423.663,4778,6136
5423.726,4779,6136
5423.786,4780,6136
5424.295,4781,6136
5424.506,4782,6136
5424.855,4783,6136
5425.027,4784,6136
5425.118,4785,6136
5425.217,4786,6136
5425.741,4787,6136
5425.879,4788,6136
5426.763,4789,6136
5427.04,4790,6136
5427.127,4791,6136
5427.473,4792,6136
5427.932,4793,6136
5428.143,4794,6136
5429.279,4795,6136
5429.423,4796,6136
5431.012,4797,6136
5432.215,4798,6136
5432.232,4799,6136
5433.451,4800,6136
5433.586,4801,6136
5434.034,4802,6136
5434.179,4803,6136
5434.334,4804,6136
5437.783,4805,6136
5438.253,4806,6136
5438.401,4807,6136
5453.223,4808,6136
5453.444,4809,6136
5477.875,4810,6136
5478.295,4811,6136
5478.438,4812,6136
5478.552,4813,6136
5478.574,4814,6136
5479.259,4815,6136
5480.55,4816,6136
5482.043,4817,6136
5485.88,4818,6136
5485.983,4819,6136
5486.652,4820,6136
5488.566,4821,6136
5490.416,4822,6136
5497.069,4823,6136
5504.326,4824,6136
5506.396,4825,6136
5508.748,4826,6136
5510.094,4827,6136
5510.139,4828,6136
5510.37,4829,6136
5510.594,4830,6136
5510.967,4831,6136
5511.134,4832,6136
5511.48,4833,6136
5511.668,4834,6136
5511.769,4835,6136
5511.951,4836,6136
5511.971,4837,6136
5512.654,4838,6136
5512.962,4839,6136
5513.089,4840,6136
5514.573,4841,6136
5533.667,4842,6136
5540.034,4843,6136
5541.416,4844,6136
5542.259,4845,6136
5542.267,4846,6136
5542.398,4847,6136
5542.581,4848,6136
5542.702,4849,6136
5543.387,4850,6136
5543.778,4851,6136
5544.342,4852,6136
5545.295,4853,6136
5545.905,4854,6136
5545.95,4855,6136
5546.164,4856,6136
5546.581,4857,6136
5547.103,4858,6136
5548.714,4859,6136
5551.396,4860,6136
5551.613,4861,6136
5559.094,4862,6136
5560.874,4863,6136
5562.057,4864,6136
5562.325,4865,6136
5562.692,4866,6136
5567.095,4867,6136
5569.723,4868,6136
5569.764,4869,6136
5569.803,4870,6136
5571.213,4871,6136
5571.55,4872,6136
5572.658,4873,6136
5573.245,4874,6136
5574.427,4875,6136
5575.446,4876,6136
5576.142,4877,6136
5578.491,4878,6136
5581.604,4879,6136
5581.758,4880,6136
5581.793,4881,6136
5583.551,4882,6136
5584.944,4883,6136
5586.449,4884,6136
5589.931,4885,6136
5593.826,4886,6136
5597.254,4887,6136
5602.788,4888,6136
5603.726,4889,6136
5604.265,4890,6136
5607.58,4891,6136
5608.001,4892,6136
5608.647,4893,6136
5612.816,4894,6136
5616.252,4895,6136
5622.119,4896,6136
5627.169,4897,6136
5653.547,4898,6136
5669.341,4899,6136
5670.812,4900,6136
5671.116,4901,6136
5671.257,4902,6136
5671.593,4903,6136
5671.605,4904,6136
5672.02,4905,6136
5673.004,4906,6139
5674.053,4907,6140
5674.725,4908,6140
5675.428,4909,6140
5675.804,4910,6140
5676.143,4911,6140
5676.35,4912,6140
5677.158,4913,6140
5677.767,4914,6140
5681.204,4915,6140
5682.255,4916,6140
5689.459,4917,6140
5689.664,4918,6140
5689.725,4919,6140
5692.187,4920,6140
5692.295,4921,6140
5692.783,4922,6140
5693.36,4923,6140
5693.857,4924,6140
5718.838,4925,6140
5729.19,4926,6140
5729.465,4927,6140
5729.603,4928,6140
5730.799,4929,6140
5731.343,4930,6140
5735.793,4931,6140
5736.136,4932,6140
5736.149,4933,6140
5736.164,4934,6140
5737.387,4935,6140
5737.428,4936,6140
5737.637,4937,6140
5739.045,4938,6140
5739.671,4939,6140
5740.531,4940,6140
5741.063,4941,6140
5741.288,4942,6140
5742.308,4943,6140
5742.971,4944,6140
5743.998,4945,6140
5744.673,4946,6140
5748.682,4947,6140
5754.462,4948,6140
5774.274,4949,6140
5774.7,4950,6140
5774.715,4951,6142
5775.193,4952,6142
5775.443,4953,6142
5776.129,4954,6142
5776.143,4955,6144
5776.583,4956,6144
5777.384,4957,6147
5777.717,4958,6147
5779.736,4959,6147
5780.343,4960,6147
5782.168,4961,6147
5782.356,4962,6147
5782.886,4963,6147
5783.873,4964,6147
5790.93,4965,6147
5791.363,4966,6147
5791.754,4967,6147
5791.802,4968,6147
5792.376,4969,6147
5793.309,4970,6147
5793.587,4971,6147
5793.703,4972,6147
5794.142,4973,6147
5794.178,4974,6147
5795.024,4975,6147
5795.807,4976,6147
5797.201,4977,6147
5798.014,4978,6147
5798.344,4979,6147
5802.728,4980,6147
5802.823,4981,6147
5803.809,4982,6147
5803.824,4983,6147
5804.0,4984,6150
5804.14,4985,6150
5804.183,4986,6150
5804.265,4987,6153
5805.195,4988,6153
5805.342,4989,6153
5805.51,4990,6153
5806.026,4991,6153
5806.942,4992,6153
5807.501,4993,6153
5807.612,4994,6153
5807.978,4995,6153
5809.266,4996,6153
5809.462,4997,6153
5810.954,4998,6153
5811.526,4999,6153
5813.75,5000,6153
5815.642,5001,6153
5816.16,5002,6153
5816.851,5003,6153
5818.711,5004,6153
5818.727,5005,6153
5822.915,5006,6153
5827.593,5007,6153
5827.731,5008,6153
5844.588,5009,6153
5845.332,5010,6153
5846.203,5011,6153
5846.869,5012,6153
5847.098,5013,6153
5849.119,5014,6153
5850.224,5015,6153
5850.885,5016,6153
5856.368,5017,6153
5858.047,5018,6153
5863.535,5019,6153
5871.713,5020,6153
5872.331,5021,6153
5876.08,5022,6153
5877.609,5023,6153
5880.815,5024,6153
5898.339,5025,6153
5918.204,5026,6153
5934.685,5027,6153
5947.651,5028,6153
5955.521,5029,6153
5955.69,5030,6153
5964.725,5031,6153
5966.121,5032,6153
5966.177,5033,6153
5966.495,5034,6153
5966.644,5035,6153
5966.748,5036,6153
5973.474,5037,6153
5973.785,5038,6153
5973.924,5039,6153
5976.144,5040,6153
5976.197,5041,6153
5985.282,5042,6154
5987.003,5043,6154
5992.106,5044,6154
6000.346,5045,6154
6004.543,5046,6154
6008.735,5047,6154
6013.989,5048,6154
6016.926,5049,6154
6017.005,5050,6154
6051.852,5051,6154
6051.952,5052,6154
6052.252,5053,6154
6053.702,5054,6154
6054.383,5055,6154
6055.468,5056,6154
6055.818,5057,6154
6056.014,5058,6154
6056.543,5059,6154
6056.763,5060,6154
6057.149,5061,6154
6057.514,5062,6154
6058.837,5063,6154
6058.881,5064,6154
6058.915,5065,6154
6060.709,5066,6154
6060.757,5067,6154
6062.899,5068,6154
6063.296,5069,6154
6064.533,5070,6154
6064.716,5071,6154
6065.819,5072,6154
6067.194,5073,6154
6068.911,5074,6154
6069.455,5075,6154
6070.192,5076,6154
6071.103,5077,6154
6077.823,5078,6154
6080.652,5079,6154
6080.69,5080,6154
6081.302,5081,6154
6083.629,5082,6154
6083.946,5083,6154
6084.829,5084,6154
6085.374,5085,6154
6085.463,5086,6154
6086.212,5087,6154
6086.541,5088,6154
6087.055,5089,6154
6088.654,5090,6154
6090.18,5091,6154
6094.375,5092,6154
6096.427,5093,6154
6096.55,5094,6154
6098.728,5095,6156
6100.041,5096,6156
6100.646,5097,6156
6109.651,5098,6156
6112.05,5099,6156
6114.457,5100,6156
6140.14,5101,6156
6140.865,5102,6156
6143.245,5103,6156
6144.401,5104,6156
6144.929,5105,6156
6158.936,5106,6156
6162.876,5107,6156
6165.806,5108,6156
6167.018,5109,6156
6168.158,5110,6156
6173.051,5111,6156
6178.359,5112,6156
6179.56,5113,6156
6184.837,5114,6156
6187.113,5115,6156
6189.115,5116,6156
6197.235,5117,6156
6207.316,5118,6156
6208.153,5119,6156
6208.188,5120,6156
6208.413,5121,6156
6208.892,5122,6156
6208.994,5123,6156
6209.213,5124,6156
6209.231,5125,6156
6209.504,5126,6156
6209.75,5127,6156
6209.873,5128,6156
6210.639,5129,6156
6210.681,5130,6156
6211.333,5131,6156
6211.382,5132,6156
6212.369,5133,6156
6213.125,5134,6156
6213.353,5135,6156
6215.066,5136,6156
6215.267,5137,6156
6216.518,5138,6159
6217.177,5139,6159
6225.835,5140,6159
6226.134,5141,6159
6228.367,5142,6159
6240.665,5143,6159
6240.701,5144,6159
6240.887,5145,6159
6240.958,5146,6159
6241.013,5147,6159
6241.193,5148,6159
6242.999,5149,6159
6243.072,5150,6159
6244.015,5151,6159
6257.109,5152,6159
6257.745,5153,6159
6261.64,5154,6159
6266.375,5155,6159
6272.016,5156,6159
6281.529,5157,6159
6289.685,5158,6159
6292.064,5159,6159
6293.817,5160,6159
6297.518,5161,6159
6310.889,5162,6159
6322.003,5163,6159
6325.755,5164,6159
6350.231,5165,6159
6352.498,5166,6161
6352.756,5167,6161
6352.872,5168,6163
6353.191,5169,6163
6354.164,5170,6163
6355.129,5171,6163
6355.6,5172,6163
6356.038,5173,6163
6356.728,5174,6164
6357.083,5175,6165
6358.091,5176,6168
6358.128,5177,6168
6358.39,5178,6168
6358.767,5179,6168
6359.513,5180,6168
6359.772,5181,6168
6361.048,5182,6168
6366.589,5183,6168
6366.86,5184,6168
6366.975,5185,6168
6367.664,5186,6168
6368.422,5187,6168
6368.469,5188,6168
6368.553,5189,6168
6368.836,5190,6168
6369.808,5191,6168
6369.827,5192,6168
6372.454,5193,6168
6376.018,5194,6169
6376.371,5195,6172
6376.758,5196,6172
6376.801,5197,6176
6378.227,5198,6176
6382.81,5199,6179
6383.865,5200,6179
6384.165,5201,6180
6386.754,5202,6180
6394.441,5203,6180
6394.502,5204,6180
6394.982,5205,6180
6396.412,5206,6180
6396.637,5207,6180
6397.352,5208,6180
6397.545,5209,6180
6398.449,5210,6181
6398.833,5211,6181
6399.654,5212,6181
6401.285,5213,6181
6405.856,5214,6181
6406.339,5215,6181
6408.641,5216,6181
6411.153,5217,6181
6411.42,5218,6181
6422.582,5219,6181
6429.063,5220,6181
6431.972,5221,6181
6432.166,5222,6181
6433.156,5223,6181
6440.057,5224,6181
6444.757,5225,6181
6472.473,5226,6181
6481.066,5227,6181
6505.421,5228,6181
6515.105,5229,6181
6535.993,5230,6181
6537.227,5231,6181
6537.683,5232,6182
6537.787,5233,6182
6540.982,5234,6182
6542.228,5235,6182
6544.813,5236,6182
6545.09,5237,6182
6545.395,5238,6183
6547.819,5239,6183
6548.91,5240,6183
6549.529,5241,6183
6556.433,5242,6183
6563.859,5243,6186
6563.869,5244,6189
6564.316,5245,6189
6564.353,5246,6189
6564.513,5247,6189
6564.546,5248,6189
6564.636,5249,6190
6564.811,5250,6191
6565.237,5251,6193
6565.46,5252,6193
6565.522,5253,6193
6565.54,5254,6193
6565.714,5255,6193
6565.821,5256,6193
6565.878,5257,6193
6566.072,5258,6195
6566.292,5259,6195
6567.466,5260,6195
6568.307,5261,6195
6570.715,5262,6195
6572.187,5263,6195
6572.754,5264,6195
6573.633,5265,6195
6574.666,5266,6198
6575.33,5267,6198
6576.328,5268,6198
6577.036,5269,6198
6577.087,5270,6198
6577.859,5271,6198
6579.554,5272,6198
6582.331,5273,6198
6582.336,5274,6198
6582.398,5275,6198
6584.471,5276,6198
6585.692,5277,6198
6585.794,5278,6198
6585.911,5279,6198
6586.322,5280,6198
6586.707,5281,6198
6587.11,5282,6198
6587.722,5283,6198
6587.999,5284,6198
6588.11,5285,6198
6588.935,5286,6198
6589.082,5287,6198
6589.756,5288,6198
6589.869,5289,6198
6589.935,5290,6198
6591.691,5291,6198
6592.477,5292,6198
6592.6,5293,6198
6592.702,5294,6198
6592.84,5295,6198
6593.256,5296,6198
6593.44,5297,6198
6594.122,5298,6198
6594.692,5299,6198
6596.605,5300,6198
6597.43,5301,6198
6597.873,5302,6198
6599.111,5303,6198
6605.911,5304,6198
6606.061,5305,6198
6606.251,5306,6198
6606.745,5307,6198
6607.705,5308,6198
6608.613,5309,6198
6609.929,5310,6198
6610.393,5311,6198
6610.795,5312,6198
6611.01,5313,6198
6611.737,5314,6198
6611.892,5315,6198
6612.126,5316,6198
6613.117,5317,6198
6621.019,5318,6198
6621.486,5319,6198
6622.866,5320,6198
6626.86,5321,6198
6627.065,5322,6198
6629.657,5323,6198
6630.292,5324,6198
6633.988,5325,6198
6635.118,5326,6198
6638.172,5327,6198
6638.532,5328,6198
6638.686,5329,6198
6642.101,5330,6198
6642.841,5331,6198
6642.995,5332,6198
6643.895,5333,6198
6644.126,5334,6198
6644.955,5335,6199
6645.101,5336,6199
6645.389,5337,6199
6645.412,5338,6199
6648.167,5339,6199
6648.764,5340,6199
6649.396,5341,6199
6650.831,5342,6199
6652.954,5343,6199
6654.426,5344,6199
6655.99,5345,6199
6670.249,5346,6199
6673.624,5347,6199
6676.99,5348,6200
6677.121,5349,6200
6679.535,5350,6200
6680.382,5351,6200
6688.229,5352,6200
6688.69,5353,6200
6689.106,5354,6200
6689.436,5355,6200
6694.459,5356,6200
6695.151,5357,6200
6695.517,5358,6200
6695.651,5359,6200
6696.777,5360,6202
6698.008,5361,6202
6704.101,5362,6202
6735.795,5363,6202
6739.206,5364,6202
6742.204,5365,6202
6745.313,5366,6202
6762.835,5367,6202
6767.244,5368,6202
6767.685,5369,6202
6767.949,5370,6202
6768.139,5371,6203
6768.184,5372,6203
6772.962,5373,6203
6774.253,5374,6203
6777.362,5375,6203
6778.306,5376,6203
6778.794,5377,6203
6778.953,5378,6203
6781.636,5379,6203
6782.421,5380,6203
6783.177,5381,6203
6783.645,5382,6203
6805.084,5383,6203
6821.221,5384,6203
6823.433,5385,6203
6835.003,5386,6203
6837.474,5387,6203
6840.725,5388,6203
6840.784,5389,6203
6841.12,5390,6203
6841.838,5391,6203
6842.739,5392,6206
6844.544,5393,6206
6845.155,5394,6209
6845.275,5395,6209
6845.395,5396,6212
6848.53,5397,6212
6849.854,5398,6212
6850.289,5399,6212
6852.656,5400,6212
6853.005,5401,6212
6853.975,5402,6212
6854.438,5403,6212
6854.612,5404,6212
6854.853,5405,6212
6854.939,5406,6212
6855.111,5407,6212
6855.158,5408,6212
6855.243,5409,6212
6860.73,5410,6212
6860.85,5411,6212
6861.192,5412,6212
6862.2,5413,6212
6862.733,5414,6212
6863.115,5415,6212
6863.295,5416,6212
6864.041,5417,6212
6864.387,5418,6212
6864.713,5419,6212
6864.739,5420,6212
6865.835,5421,6212
6866.75,5422,6212
6867.821,5423,6212
6876.483,5424,6212
6876.793,5425,6212
6880.836,5426,6212
6880.966,5427,6214
6881.026,5428,6214
6881.208,5429,6214
6881.416,5430,6214
6885.024,5431,6214
6885.484,5432,6214
6886.245,5433,6214
6892.023,5434,6214
6903.906,5435,6214
6905.58,5436,6214
6911.15,5437,6214
6912.277,5438,6214
6913.761,5439,6214
6914.754,5440,6214
6916.869,5441,6214
6916.893,5442,6214
6917.467,5443,6214
6918.043,5444,6214
6918.398,5445,6214
6920.617,5446,6214
6920.814,5447,6214
6921.313,5448,6214
6924.637,5449,6214
6925.097,5450,6214
6927.545,5451,6214
6929.34,5452,6214
6931.899,5453,6214
6941.278,5454,6214
6942.19,5455,6214
6944.938,5456,6214
6945.292,5457,6214
6953.184,5458,6214
6962.249,5459,6214
6964.455,5460,6214
6964.648,5461,6214
6965.566,5462,6214
6965.642,5463,6214
6968.96,5464,6214
6969.253,5465,6214
6971.557,5466,6214
6974.218,5467,6214
6975.075,5468,6214
6975.742,5469,6214
6977.05,5470,6214
6981.294,5471,6214
6983.765,5472,6214
6984.23,5473,6214
6997.462,5474,6214
6997.533,5475,6214
6998.228,5476,6214
6998.391,5477,6214
6998.439,5478,6214
6998.556,5479,6214
6998.704,5480,6214
6998.719,5481,6214
6998.765,5482,6214
6999.004,5483,6214
6999.063,5484,6214
6999.244,5485,6214
7000.011,5486,6217
7000.904,5487,6217
7001.44,5488,6217
7001.585,5489,6217
7001.716,5490,6217
7002.866,5491,6217
7004.522,5492,6217
7007.436,5493,6217
7007.704,5494,6217
7008.541,5495,6217
7009.849,5496,6217
7022.654,5497,6217
7022.707,5498,6217
7023.529,5499,6217
7024.034,5500,6217
7024.279,5501,6217
7025.716,5502,6217
7027.618,5503,6217
7033.483,5504,6217
7042.949,5505,6217
7043.109,5506,6217
7043.187,5507,6217
7052.239,5508,6217
7052.41,5509,6217
7055.74,5510,6217
7061.606,5511,6217
7061.918,5512,6217
7064.323,5513,6217
7067.439,5514,6217
7080.756,5515,6217
7101.594,5516,6217
7101.621,5517,6217
7101.791,5518,6217
7104.592,5519,6217
7105.018,5520,6217
7107.646,5521,6217
7111.486,5522,6217
7118.282,5523,6217
7122.077,5524,6217
7128.566,5525,6217
7129.725,5526,6217
7136.706,5527,6218
7146.757,5528,6218
7146.76,5529,6218
7146.791,5530,6218
7146.992,5531,6218
7147.03,5532,6218
7147.078,5533,6218
7147.561,5534,6218
7147.62,5535,6218
7147.927,5536,6218
7148.284,5537,6218
7148.614,5538,6218
7149.141,5539,6218
7149.437,5540,6218
7150.532,5541,6218
7151.26,5542,6218
7153.475,5543,6218
7153.624,5544,6218
7158.711,5545,6218
7158.937,5546,6218
7161.744,5547,6218
7176.107,5548,6218
7219.625,5549,6218
7237.607,5550,6218
7238.984,5551,6218
7240.092,5552,6218
7241.242,5553,6218
7242.29,5554,6218
7242.691,5555,6218
7243.286,5556,6218
7244.043,5557,6218
7250.399,5558,6218
7252.616,5559,6218
7255.956,5560,6218
7257.033,5561,6218
7258.055,5562,6218
7261.051,5563,6218
7261.452,5564,6218
7282.605,5565,6218
7286.126,5566,6218
7286.157,5567,6218
7286.584,5568,6218
7287.642,5569,6218
7291.343,5570,6218
7291.796,5571,6218
7295.027,5572,6218
7299.025,5573,6218
7299.674,5574,6218
7302.536,5575,6218
7307.292,5576,6218
7310.644,5577,6218
7318.185,5578,6218
7321.143,5579,6218
7321.312,5580,6218
7322.574,5581,6218
7323.416,5582,6218
7324.023,5583,6218
7325.931,5584,6218
7328.216,5585,6218
7333.893,5586,6218
7346.835,5587,6218
7349.774,5588,6218
7368.22,5589,6218
7374.734,5590,6218
7383.857,5591,6218
7385.038,5592,6218
7408.786,5593,6218
7437.462,5594,6218
7439.419,5595,6218
7442.303,5596,6218
7466.043,5597,6218
7466.074,5598,6218
7466.09,5599,6218
7466.912,5600,6218
7467.044,5601,6218
7467.258,5602,6218
7467.384,5603,6218
7468.841,5604,6218
7469.393,5605,6218
7470.314,5606,6218
7470.773,5607,6218
7470.885,5608,6218
7471.926,5609,6218
7478.348,5610,6218
7480.754,5611,6218
7481.79,5612,6218
7483.89,5613,6218
7508.365,5614,6218
7509.646,5615,6218
7510.701,5616,6218
7511.959,5617,6218
7512.951,5618,6218
7513.385,5619,6218
7513.989,5620,6218
7515.057,5621,6218
7520.212,5622,6218
7520.952,5623,6218
7522.666,5624,6218
7522.738,5625,6218
7522.964,5626,6218
7524.761,5627,6218
7526.417,5628,6218
7527.677,5629,6218
7533.312,5630,6218
7533.872,5631,6218
7534.877,5632,6218
7539.738,5633,6218
7540.364,5634,6218
7541.252,5635,6218
7541.542,5636,6218
7543.576,5637,6218
7550.624,5638,6218
7557.266,5639,6218
7562.294,5640,6218
7562.92,5641,6218
7564.662,5642,6218
7567.214,5643,6218
7570.476,5644,6218
7574.322,5645,6218
7579.814,5646,6218
7583.33,5647,6218
7614.056,5648,6218
7625.406,5649,6218
7628.856,5650,6218
7632.755,5651,6218
7634.679,5652,6218
7644.717,5653,6218
7655.023,5654,6218
7655.33,5655,6218
7662.368,5656,6218
7665.726,5657,6218
7667.901,5658,6218
7693.759,5659,6218
7699.321,5660,6218
7714.806,5661,6218
7752.531,5662,6218
7753.412,5663,6218
7772.421,5664,6218
7772.563,5665,6218
7772.716,5666,6218
7774.39,5667,6218
7785.496,5668,6218
7789.063,5669,6218
7804.611,5670,6218
7828.985,5671,6218
7832.054,5672,6218
7839.615,5673,6218
7840.468,5674,6218
7840.599,5675,6218
7841.144,5676,6218
7841.756,5677,6218
7842.808,5678,6218
7842.985,5679,6218
7844.867,5680,6218
7845.484,5681,6218
7846.363,5682,6218
7846.709,5683,6218
7847.052,5684,6218
7847.401,5685,6218
7847.439,5686,6218
7847.543,5687,6218
7848.812,5688,6218
7850.373,5689,6218
7851.476,5690,6218
7852.974,5691,6218
7853.075,5692,6218
7854.144,5693,6218
7854.82,5694,6218
7856.437,5695,6218
7856.566,5696,6218
7857.594,5697,6218
7858.817,5698,6218
7858.896,5699,6218
7858.963,5700,6218
7859.055,5701,6218
7862.332,5702,6218
7864.589,5703,6218
7864.703,5704,6218
7865.044,5705,6218
7866.293,5706,6218
7866.633,5707,6218
7867.368,5708,6218
7867.425,5709,6218
7868.678,5710,6218
7871.828,5711,6218
7872.674,5712,6218
7873.029,5713,6218
7873.414,5714,6218
7873.82,5715,6218
7876.337,5716,6218
7878.321,5717,6218
7878.814,5718,6218
7883.238,5719,6218
7885.521,5720,6218
7886.178,5721,6218
7889.87,5722,6218
7960.74,5723,6218
7960.8,5724,6218
7969.91,5725,6218
7970.389,5726,6218
7976.406,5727,6218
7976.502,5728,6218
7977.641,5729,6218
7978.235,5730,6218
7979.899,5731,6218
7980.57,5732,6218
7982.277,5733,6218
7982.374,5734,6218
7985.917,5735,6218
7986.256,5736,6218
7987.521,5737,6218
7988.625,5738,6218
7993.708,5739,6218
7994.374,5740,6218
7994.862,5741,6218
7999.581,5742,6218
8002.644,5743,6218
8003.553,5744,6218
8005.973,5745,6218
8006.574,5746,6218
8007.579,5747,6218
8008.292,5748,6218
8010.221,5749,6218
8011.627,5750,6218
8011.906,5751,6218
8031.04,5752,6218
8034.131,5753,6218
8038.604,5754,6218
8042.859,5755,6218
8043.272,5756,6218
8048.584,5757,6218
8049.657,5758,6218
8064.755,5759,6218
8065.307,5760,6218
8065.524,5761,6218
8066.005,5762,6218
8072.224,5763,6218
8083.472,5764,6218
8094.291,5765,6218
8131.1,5766,6218
8131.408,5767,6218
8140.004,5768,6218
8155.024,5769,6218
8172.284,5770,6218
8186.666,5771,6218
8195.846,5772,6218
8210.713,5773,6218
8210.954,5774,6218
8211.438,5775,6218
8211.639,5776,6218
8215.528,5777,6218
8217.181,5778,6218
8217.897,5779,6218
8219.223,5780,6218
8221.403,5781,6218
8222.676,5782,6218
8223.23,5783,6218
8225.468,5784,6218
8226.374,5785,6218
8226.878,5786,6218
8229.117,5787,6218
8229.564,5788,6218
8229.718,5789,6218
8230.243,5790,6218
8232.231,5791,6218
8232.804,5792,6218
8235.766,5793,6218
8236.591,5794,6218
8236.818,5795,6218
8238.469,5796,6218
8240.953,5797,6218
8244.413,5798,6218
8245.178,5799,6218
8245.634,5800,6218
8253.567,5801,6218
8255.365,5802,6218
8255.636,5803,6218
8279.678,5804,6218
8294.145,5805,6218
8298.664,5806,6218
8299.125,5807,6218
8299.181,5808,6218
8302.7,5809,6218
8303.789,5810,6218
8303.926,5811,6218
8304.045,5812,6218
8304.062,5813,6218
8304.844,5814,6218
8305.287,5815,6218
8305.402,5816,6218
8305.633,5817,6218
8305.85,5818,6218
8306.606,5819,6218
8307.714,5820,6218
8307.938,5821,6218
8308.264,5822,6218
8309.196,5823,6218
8309.597,5824,6218
8309.717,5825,6218
8313.354,5826,6218
8314.185,5827,6218
8314.572,5828,6218
8331.978,5829,6218
8332.464,5830,6218
8341.275,5831,6218
8348.266,5832,6218
8379.027,5833,6218
8390.343,5834,6218
8390.52,5835,6218
8391.957,5836,6218
8394.133,5837,6218
8394.966,5838,6218
8398.151,5839,6218
8402.036,5840,6218
8403.599,5841,6218
8404.096,5842,6218
8410.126,5843,6218
8412.418,5844,6218
8414.032,5845,6218
8425.4,5846,6218
8425.483,5847,6218
8427.578,5848,6218
8437.503,5849,6218
8445.878,5850,6218
8457.478,5851,6218
8462.063,5852,6218
8469.183,5853,6218
8480.178,5854,6218
8482.338,5855,6218
8488.11,5856,6218
8495.958,5857,6219
8496.679,5858,6219
8497.207,5859,6219
8504.496,5860,6219
8522.785,5861,6219
8523.465,5862,6219
8524.336,5863,6219
8531.465,5864,6219
8531.576,5865,6219
8535.793,5866,6219
8538.994,5867,6219
8540.76,5868,6219
8565.383,5869,6219
8565.602,5870,6219
8565.965,5871,6219
8566.917,5872,6221
8570.463,5873,6221
8572.023,5874,6221
8582.169,5875,6221
8586.934,5876,6221
8590.066,5877,6221
8596.098,5878,6221
8600.847,5879,6221
8605.357,5880,6221
8608.396,5881,6221
8612.818,5882,6221
8614.096,5883,6221
8627.933,5884,6221
8636.232,5885,6221
8648.277,5886,6221
8663.743,5887,6221
8669.987,5888,6222
8670.292,5889,6222
8672.773,5890,6222
8678.762,5891,6222
8679.121,5892,6222
8680.628,5893,6222
8682.966,5894,6222
8711.021,5895,6222
8712.929,5896,6222
8714.549,5897,6222
8726.757,5898,6222
8727.991,5899,6222
8729.273,5900,6222
8729.56,5901,6222
8738.603,5902,6222
8752.459,5903,6222
8775.49,5904,6222
8790.447,5905,6222
8795.809,5906,6222
8810.94,5907,6222
8814.168,5908,6222
8845.346,5909,6222
8855.81,5910,6222
8859.283,5911,6222
8863.161,5912,6222
8879.541,5913,6222
8902.464,5914,6222
8911.744,5915,6222
8927.173,5916,6222
8932.083,5917,6222
8943.077,5918,6222
8953.617,5919,6222
8984.044,5920,6222
8986.412,5921,6222
9029.372,5922,6222
9044.09,5923,6222
9101.987,5924,6222
9153.816,5925,6222
9206.908,5926,6222
9213.844,5927,6222
9220.903,5928,6222
9223.805,5929,6222
9224.565,5930,6222
9224.8,5931,6222
9226.545,5932,6222
9231.981,5933,6222
9232.581,5934,6222
9233.256,5935,6222
9237.642,5936,6222
9238.468,5937,6222
9243.891,5938,6222
9250.732,5939,6222
9253.535,5940,6222
9257.432,5941,6222
9257.79,5942,6222
9262.789,5943,6222
9263.872,5944,6222
9264.671,5945,6222
9267.211,5946,6222
9271.217,5947,6222
9274.793,5948,6222
9281.243,5949,6222
9282.085,5950,6222
9287.532,5951,6222
9323.231,5952,6222
9327.042,5953,6222
9334.185,5954,6222
9343.308,5955,6222
9343.736,5956,6222
9344.015,5957,6222
9344.063,5958,6222
9345.058,5959,6222
9348.009,5960,6222
9348.393,5961,6222
9349.758,5962,6222
9349.868,5963,6222
9350.17,5964,6222
9360.73,5965,6222
9411.825,5966,6222
9444.258,5967,6222
9450.775,5968,6222
9453.001,5969,6222
9454.988,5970,6222
9455.318,5971,6222
9455.362,5972,6222
9463.832,5973,6222
9473.326,5974,6222
9492.122,5975,6222
9501.925,5976,6222
9518.437,5977,6222
9531.864,5978,6222
9544.464,5979,6222
9544.818,5980,6222
9545.994,5981,6222
9549.189,5982,6222
9566.505,5983,6222
9582.229,5984,6222
9592.525,5985,6222
9597.458,5986,6222
9620.248,5987,6222
9630.142,5988,6222
9634.734,5989,6222
9635.552,5990,6222
9635.727,5991,6222
9637.72,5992,6222
9649.836,5993,6222
9652.616,5994,6222
9664.99,5995,6222
9667.912,5996,6222
9672.925,5997,6222
9673.272,5998,6222
9676.33,5999,6222
9679.012,6000,6222
9679.383,6001,6222
9679.94,6002,6222
9694.897,6003,6222
9695.111,6004,6222
9698.031,6005,6222
9701.288,6006,6222
9727.145,6007,6222
9760.025,6008,6222
9760.032,6009,6222
9762.565,6010,6222
9781.952,6011,6222
9783.028,6012,6223
9784.575,6013,6223
9785.879,6014,6223
9786.066,6015,6223
9786.333,6016,6223
9786.633,6017,6223
9786.936,6018,6223
9789.681,6019,6223
9789.718,6020,6223
9791.824,6021,6223
9806.452,6022,6223
9806.591,6023,6223
9811.325,6024,6223
9820.344,6025,6223
9820.791,6026,6223
9821.01,6027,6223
9821.156,6028,6223
9821.523,6029,6223
9821.791,6030,6223
9822.074,6031,6223
9823.136,6032,6223
9823.204,6033,6223
9825.121,6034,6223
9826.569,6035,6223
9827.067,6036,6223
9828.177,6037,6223
9828.301,6038,6223
9829.428,6039,6223
9832.614,6040,6223
9833.198,6041,6223
9833.563,6042,6223
9834.19,6043,6223
9834.513,6044,6223
9834.672,6045,6223
9835.458,6046,6223
9837.953,6047,6223
9838.566,6048,6223
9842.416,6049,6223
9844.863,6050,6223
9845.476,6051,6223
9849.289,6052,6223
9853.733,6053,6223
9855.494,6054,6223
9858.658,6055,6223
9864.708,6056,6223
9867.209,6057,6223
9873.263,6058,6223
9875.363,6059,6223
9875.469,6060,6223
9907.999,6061,6223
9912.967,6062,6223
9948.968,6063,6223
9979.077,6064,6223
9981.489,6065,6223
10001.83,6066,6223
10002.727,6067,6223
10003.107,6068,6223
10003.697,6069,6223
10004.227,6070,6223
10004.477,6071,6223
10004.712,6072,6223
10005.212,6073,6223
10005.559,6074,6223
10005.815,6075,6223
10006.172,6076,6223
10006.872,6077,6223
10006.945,6078,6223
10007.422,6079,6223
10007.769,6080,6223
10008.688,6081,6223
10009.062,6082,6223
10012.2,6083,6223
10014.049,6084,6223
10014.313,6085,6223
10014.585,6086,6223
10015.295,6087,6223
10018.924,6088,6223
10021.448,6089,6223
10026.557,6090,6223
10030.667,6091,6223
10030.972,6092,6223
10031.232,6093,6223
10031.967,6094,6223
10036.612,6095,6223
10040.192,6096,6223
10040.494,6097,6223
10078.838,6098,6223
10085.563,6099,6223
10087.591,6100,6223
10091.183,6101,6223
10100.914,6102,6223
10101.162,6103,6223
10101.718,6104,6223
10102.948,6105,6223
10124.417,6106,6223
10127.438,6107,6223
10136.577,6108,6223
10141.547,6109,6223
10152.922,6110,6223
10183.624,6111,6223
10190.762,6112,6223
10210.088,6113,6223
10252.558,6114,6223
10300.983,6115,6223
10301.018,6116,6223
10301.428,6117,6223
10304.557,6118,6223
10305.79,6119,6223
10346.862,6120,6223
10381.762,6121,6223
10383.885,6122,6223
10391.699,6123,6223
10406.818,6124,6223
10406.962,6125,6223
10426.147,6126,6223
10478.222,6127,6223
10478.244,6128,6223
10478.334,6129,6223
10494.278,6130,6223
10496.056,6131,6223
10496.157,6132,6223
10496.435,6133,6223
10496.699,6134,6223
10496.973,6135,6223
10497.408,6136,6223
10511.555,6137,6223
10528.152,6138,6223
10535.105,6139,6223
10551.903,6140,6223
10552.143,6141,6223
10552.169,6142,6223
10553.31,6143,6223
10555.582,6144,6223
10556.382,6145,6223
10556.904,6146,6223
10561.31,6147,6223
10567.593,6148,6223
10572.49,6149,6223
10575.883,6150,6223
10575.906,6151,6223
10581.59,6152,6223
10616.378,6153,6223
10617.355,6154,6223
10617.444,6155,6223
10618.77,6156,6223
10620.515,6157,6223
10621.411,6158,6223
10624.821,6159,6223
10632.389,6160,6223
10632.461,6161,6223
10635.609,6162,6223
10644.883,6163,6223
10671.826,6164,6223
10672.737,6165,6223
10676.938,6166,6223
10677.049,6167,6223
10678.384,6168,6223
10679.325,6169,6223
10680.039,6170,6223
10682.548,6171,6223
10688.967,6172,6223
10690.199,6173,6223
10693.771,6174,6223
10694.466,6175,6223
10702.724,6176,6223
10703.582,6177,6223
10707.615,6178,6223
10708.74,6179,6223
10711.122,6180,6223
10718.666,6181,6224
10719.24,6182,6224
10736.5,6183,6224
10737.841,6184,6224
10738.428,6185,6224
10766.028,6186,6224
10767.81,6187,6225
10778.59,6188,6225
10778.613,6189,6225
10779.572,6190,6225
10779.764,6191,6225
10779.967,6192,6225
10780.223,6193,6225
10780.703,6194,6225
10780.719,6195,6225
10781.14,6196,6225
10781.267,6197,6225
10781.637,6198,6225
10783.006,6199,6225
10783.492,6200,6225
10784.544,6201,6225
10786.308,6202,6225
10786.684,6203,6225
10787.775,6204,6225
10788.562,6205,6225
10789.714,6206,6225
10790.34,6207,6225
10790.365,6208,6225
10791.052,6209,6225
10792.088,6210,6225
10793.081,6211,6225
10793.635,6212,6225
10813.619,6213,6225
10822.485,6214,6225
10822.52,6215,6225
10823.154,6216,6225
10823.229,6217,6225
10823.281,6218,6225
10823.341,6219,6225
10824.999,6220,6225
10826.838,6221,6225
10831.772,6222,6225
10832.716,6223,6225
10833.936,6224,6225
10835.657,6225,6225
10836.443,6226,6225
10881.226,6227,6225
10989.489,6228,6225
11007.433,6229,6225
11035.482,6230,6225
11054.22,6231,6225
11054.789,6232,6226
11055.463,6233,6226
11060.316,6234,6226
11061.364,6235,6226
11061.648,6236,6226
11062.878,6237,6226
11063.3,6238,6226
11128.577,6239,6226
11143.759,6240,6226
11151.019,6241,6226
11151.695,6242,6226
11165.473,6243,6226
11236.574,6244,6226
11257.325,6245,6226
11257.385,6246,6226
11306.036,6247,6226
11306.851,6248,6226
11314.636,6249,6229
11323.12,6250,6229
11335.137,6251,6229
11335.646,6252,6229
11336.111,6253,6229
11376.138,6254,6229
11391.118,6255,6230
11391.122,6256,6230
11412.975,6257,6230
11488.142,6258,6230
11488.258,6259,6230
11522.363,6260,6230
11549.248,6261,6230
11549.481,6262,6230
11598.459,6263,6230
11618.292,6264,6230
11621.117,6265,6230
11632.671,6266,6230
11633.828,6267,6230
11699.861,6268,6230
11713.981,6269,6230
11714.859,6270,6230
11716.057,6271,6230
11718.897,6272,6230
11720.678,6273,6230
11720.995,6274,6230
11722.682,6275,6230
11724.624,6276,6230
11744.574,6277,6230
11746.183,6278,6230
11749.846,6279,6230
11799.572,6280,6230
11809.004,6281,6230
11811.685,6282,6230
11859.175,6283,6230
11861.938,6284,6230
11861.974,6285,6230
11862.158,6286,6230
11862.17,6287,6230
11862.616,6288,6230
11862.827,6289,6230
11863.837,6290,6230
11864.44,6291,6230
11864.452,6292,6230
11864.862,6293,6230
11865.068,6294,6230
11867.245,6295,6230
11874.783,6296,6230
11890.04,6297,6230
11894.432,6298,6230
11907.253,6299,6230
11971.017,6300,6230
11984.797,6301,6230
11985.895,6302,6230
11988.177,6303,6230
11989.032,6304,6230
11989.479,6305,6230
11992.281,6306,6230
11992.314,6307,6230
11995.043,6308,6230
11995.658,6309,6230
12002.603,6310,6230
12037.268,6311,6230
12038.287,6312,6230
12062.999,6313,6230
12114.688,6314,6230
12115.042,6315,6230
12126.58,6316,6230
12127.882,6317,6230
12131.049,6318,6230
12134.069,6319,6230
12136.862,6320,6230
12138.746,6321,6230
12140.139,6322,6230
12142.756,6323,6230
12145.279,6324,6230
12148.28,6325,6230
12160.027,6326,6230
12166.184,6327,6230
12206.337,6328,6230
12206.348,6329,6230
12207.135,6330,6230
12207.436,6331,6230
12207.617,6332,6230
12208.988,6333,6230
12210.351,6334,6230
12211.684,6335,6230
12212.015,6336,6230
12212.078,6337,6230
12214.433,6338,6230
12215.639,6339,6230
12217.458,6340,6230
12217.767,6341,6230
12218.213,6342,6230
12220.812,6343,6230
12220.843,6344,6230
12223.277,6345,6230
12230.672,6346,6230
12285.865,6347,6230
12286.091,6348,6230
12286.205,6349,6230
12286.495,6350,6230
12288.564,6351,6230
12291.315,6352,6230
12291.43,6353,6230
12294.921,6354,6230
12296.067,6355,6230
12312.13,6356,6230
12312.193,6357,6230
12312.229,6358,6230
12313.267,6359,6230
12313.833,6360,6230
12315.028,6361,6230
12315.458,6362,6230
12316.536,6363,6230
12320.424,6364,6230
12321.815,6365,6230
12325.966,6366,6230
12330.684,6367,6230
12334.06,6368,6230
12347.017,6369,6230
12347.349,6370,6230
12350.133,6371,6230
12352.289,6372,6230
12402.247,6373,6230
12403.174,6374,6230
12418.324,6375,6230
12422.028,6376,6230
12423.333,6377,6230
12437.82,6378,6230
12447.62,6379,6230
12457.951,6380,6230
12477.283,6381,6230
12503.576,6382,6230
12521.435,6383,6230
12521.904,6384,6230
12522.077,6385,6230
12536.459,6386,6231
12537.321,6387,6231
12537.955,6388,6232
12538.161,6389,6233
12541.239,6390,6233
12593.094,6391,6233
12615.748,6392,6233
12616.232,6393,6233
12616.26,6394,6233
12617.642,6395,6233
12621.151,6396,6233
12625.946,6397,6233
12632.457,6398,6233
12632.505,6399,6233
12632.623,6400,6233
12633.397,6401,6233
12633.67,6402,6233
12633.788,6403,6233
12634.836,6404,6233
12638.732,6405,6233
12641.895,6406,6233
12643.034,6407,6233
12644.151,6408,6233
12645.043,6409,6233
12646.135,6410,6233
12658.162,6411,6233
12662.703,6412,6233
12664.256,6413,6233
12665.121,6414,6233
12674.573,6415,6233
12685.592,6416,6233
12767.15,6417,6233
12786.524,6418,6233
12808.157,6419,6233
12842.711,6420,6233
12854.857,6421,6233
12855.277,6422,6233
12855.288,6423,6233
12855.741,6424,6233
12856.114,6425,6233
12856.605,6426,6233
12862.941,6427,6233
12869.594,6428,6233
12869.832,6429,6233
12879.723,6430,6233
12894.212,6431,6233
12901.348,6432,6233
12904.699,6433,6233
12955.983,6434,6233
12993.761,6435,6233
12996.863,6436,6233
12997.14,6437,6233
13004.317,6438,6233
13006.2,6439,6233
13013.32,6440,6233
13018.259,6441,6233
13023.058,6442,6233
13033.002,6443,6233
13033.542,6444,6233
13065.931,6445,6233
13066.249,6446,6233
13067.315,6447,6233
13067.433,6448,6233
13072.672,6449,6233
13072.753,6450,6233
13085.489,6451,6233
13102.814,6452,6233
13104.106,6453,6233
13104.92,6454,6233
13105.554,6455,6233
13105.903,6456,6233
13110.666,6457,6233
13115.468,6458,6233
13116.606,6459,6233
13118.875,6460,6233
13129.462,6461,6233
13178.031,6462,6233
13178.463,6463,6233
13189.465,6464,6233
13189.905,6465,6233
13190.572,6466,6233
13190.98,6467,6233
13193.361,6468,6233
13193.41,6469,6233
13194.477,6470,6233
13221.629,6471,6233
13222.188,6472,6233
13222.247,6473,6233
13222.446,6474,6233
13224.76,6475,6233
13225.058,6476,6233
13231.81,6477,6233
13302.796,6478,6233
13302.828,6479,6233
13302.93,6480,6233
13303.114,6481,6233
13303.181,6482,6233
13303.263,6483,6233
13312.083,6484,6233
13314.261,6485,6233
13316.282,6486,6233
13316.689,6487,6234
13317.367,6488,6234
13322.764,6489,6234
13335.055,6490,6234
13338.748,6491,6234
13340.328,6492,6234
13342.189,6493,6234
13344.029,6494,6234
13348.067,6495,6234
13348.548,6496,6234
13352.793,6497,6234
13355.466,6498,6234
13367.984,6499,6234
13368.201,6500,6234
13368.505,6501,6234
13369.642,6502,6234
13369.969,6503,6234
13370.01,6504,6234
13370.105,6505,6234
13370.927,6506,6234
13371.175,6507,6234
13371.215,6508,6234
13371.918,6509,6234
13374.261,6510,6234
13382.311,6511,6234
13385.568,6512,6234
13387.683,6513,6234
13411.06,6514,6234
13411.848,6515,6234
13412.988,6516,6234
13413.578,6517,6234
13414.107,6518,6234
13454.136,6519,6234
13454.154,6520,6234
13494.394,6521,6234
13503.815,6522,6234
13504.093,6523,6234
13507.235,6524,6234
13507.847,6525,6234
13511.337,6526,6234
13514.356,6527,6234
13527.025,6528,6234
13539.863,6529,6234
13540.584,6530,6234
13541.798,6531,6235
13545.155,6532,6235
13553.523,6533,6235
13573.337,6534,6235
13574.322,6535,6235
13589.998,6536,6235
13605.065,6537,6235
13649.365,6538,6235
13652.088,6539,6235
13654.284,6540,6235
13656.642,6541,6235
13713.713,6542,6235
13714.929,6543,6235
13724.326,6544,6235
13725.295,6545,6235
13743.925,6546,6235
13743.944,6547,6235
13744.511,6548,6235
13744.625,6549,6235
13751.049,6550,6235
13752.11,6551,6235
13752.487,6552,6235
13754.639,6553,6235
13787.55,6554,6235
13789.827,6555,6235
13791.39,6556,6235
13818.695,6557,6235
13821.853,6558,6235
13835.002,6559,6235
13839.137,6560,6235
13857.84,6561,6235
13861.237,6562,6235
13861.383,6563,6235
13861.429,6564,6235
13861.781,6565,6235
13861.967,6566,6235
13862.556,6567,6235
13927.344,6568,6235
13932.303,6569,6235
13932.667,6570,6235
13949.413,6571,6235
13950.047,6572,6235
13954.654,6573,6235
13955.882,6574,6235
13969.09,6575,6235
13969.65,6576,6235
13980.635,6577,6235
13983.961,6578,6235
13985.574,6579,6235
14020.374,6580,6235
14036.596,6581,6235
14036.721,6582,6235
14036.744,6583,6235
14036.814,6584,6235
14036.86,6585,6235
14037.005,6586,6235
14055.773,6587,6235
14055.809,6588,6235
14055.875,6589,6235
14056.001,6590,6235
14056.261,6591,6235
14062.32,6592,6235
14089.279,6593,6235
14089.947,6594,6235
14100.806,6595,6235
14128.906,6596,6235
14138.077,6597,6235
14144.11,6598,6235
14165.728,6599,6235
14165.866,6600,6235
14165.989,6601,6235
14166.075,6602,6235
14166.225,6603,6235
14167.805,6604,6235
14168.334,6605,6235
14169.11,6606,6235
14171.357,6607,6235
14171.588,6608,6235
14171.632,6609,6235
14171.735,6610,6235
14174.725,6611,6235
14178.374,6612,6235
14179.004,6613,6235
14180.477,6614,6235
14183.886,6615,6235
14199.132,6616,6235
14202.205,6617,6235
14259.517,6618,6235
14270.646,6619,6235
14312.72,6620,6236
14313.229,6621,6236
14314.117,6622,6236
14314.217,6623,6236
14345.668,6624,6236
14345.704,6625,6236
14369.777,6626,6236
14426.935,6627,6236
14483.404,6628,6236
14492.995,6629,6236
14501.47,6630,6236
14501.873,6631,6236
14502.453,6632,6236
14518.155,6633,6236
14519.838,6634,6236
14519.889,6635,6236
14519.905,6636,6236
14521.64,6637,6236
14521.753,6638,6236
14522.733,6639,6236
14523.881,6640,6236
14524.425,6641,6236
14531.258,6642,6236
14538.297,6643,6236
14560.995,6644,6236
14576.31,6645,6236
14577.226,6646,6236
14592.02,6647,6236
14594.827,6648,6236
14598.938,6649,6236
14602.653,6650,6236
14652.772,6651,6236
14655.642,6652,6236
14656.286,6653,6236
14661.893,6654,6236
14664.398,6655,6236
14678.709,6656,6236
14682.716,6657,6236
14689.083,6658,6236
14695.113,6659,6236
14713.07,6660,6236
14713.477,6661,6236
14719.281,6662,6236
14723.84,6663,6236
14724.63,6664,6236
14726.575,6665,6236
14728.192,6666,6236
14744.899,6667,6236
14749.032,6668,6236
14758.586,6669,6236
14794.273,6670,6236
14797.47,6671,6236
14807.35,6672,6236
14807.553,6673,6236
14832.365,6674,6236
14852.985,6675,6236
14853.33,6676,6236
14853.503,6677,6236
14853.97,6678,6236
14855.651,6679,6236
14855.762,6680,6236
14860.317,6681,6236
14869.089,6682,6236
14880.964,6683,6236
14962.606,6684,6236
14995.285,6685,6236
14995.425,6686,6236
14999.857,6687,6236
15003.614,6688,6236
15017.829,6689,6236
15031.173,6690,6236
15035.224,6691,6236
15035.861,6692,6236
15039.75,6693,6236
15039.781,6694,6236
15039.887,6695,6236
15046.798,6696,6236
15057.62,6697,6236
15080.052,6698,6236
15098.769,6699,6236
15110.407,6700,6236
15121.258,6701,6236
15134.676,6702,6236
15134.821,6703,6236
15137.508,6704,6236
15138.206,6705,6236
15139.329,6706,6236
15148.45,6707,6236
15148.489,6708,6236
15153.285,6709,6236
15153.627,6710,6236
15192.932,6711,6236
15193.16,6712,6236
15193.257,6713,6236
15193.82,6714,6236
15195.006,6715,6236
15198.11,6716,6236
15201.989,6717,6236
15215.906,6718,6236
15224.161,6719,6236
15237.985,6720,6236
15244.897,6721,6237
15269.766,6722,6238
15273.411,6723,6238
15273.485,6724,6238
15273.563,6725,6238
15273.655,6726,6238
15284.885,6727,6238
15372.893,6728,6238
15378.172,6729,6238
15386.612,6730,6238
15387.102,6731,6238
15387.256,6732,6238
15460.567,6733,6238
15493.663,6734,6238
15520.97,6735,6238
15521.547,6736,6238
15523.741,6737,6238
15539.028,6738,6238
15540.3,6739,6238
15540.485,6740,6238
15557.014,6741,6238
15573.198,6742,6238
15593.518,6743,6238
15607.273,6744,6238
15646.078,6745,6238
15649.996,6746,6238
15656.73,6747,6238
15657.413,6748,6238
15658.919,6749,6238
15659.557,6750,6238
15660.148,6751,6238
15660.879,6752,6238
15662.505,6753,6238
15662.727,6754,6238
15663.721,6755,6238
15663.868,6756,6238
15664.022,6757,6238
15664.761,6758,6238
15667.449,6759,6238
15680.547,6760,6238
15680.922,6761,6238
15683.836,6762,6238
15684.782,6763,6238
15687.875,6764,6238
15696.786,6765,6238
15709.894,6766,6238
15730.603,6767,6238
15734.638,6768,6238
15782.195,6769,6238
15799.302,6770,6238
15799.548,6771,6238
15799.941,6772,6238
15806.71,6773,6238
15808.828,6774,6238
15816.106,6775,6238
15820.748,6776,6238
15859.287,6777,6239
15878.217,6778,6239
15897.248,6779,6239
15899.732,6780,6239
15903.052,6781,6239
15904.082,6782,6239
15922.314,6783,6239
15930.195,6784,6239
15934.095,6785,6239
15934.337,6786,6239
15935.157,6787,6239
15944.419,6788,6239
15944.429,6789,6239
15945.59,6790,6239
15945.809,6791,6239
15945.902,6792,6239
15946.439,6793,6239
15946.465,6794,6239
15950.645,6795,6239
15952.466,6796,6239
15953.369,6797,6239
15956.187,6798,6239
15956.842,6799,6239
15960.153,6800,6239
16018.065,6801,6239
16030.341,6802,6239
16030.914,6803,6239
16031.202,6804,6239
16109.363,6805,6239
16110.299,6806,6239
16122.475,6807,6239
16126.473,6808,6239
16128.662,6809,6239
16130.317,6810,6239
16175.758,6811,6240
16177.136,6812,6240
16177.482,6813,6240
16177.56,6814,6241
16188.9,6815,6241
16189.207,6816,6241
16220.861,6817,6241
16222.082,6818,6241
16222.83,6819,6241
16223.738,6820,6241
16226.279,6821,6241
16230.36,6822,6241
16240.994,6823,6241
16249.844,6824,6241
16252.444,6825,6241
16265.209,6826,6241
16269.248,6827,6241
16270.268,6828,6241
16282.599,6829,6241
16284.587,6830,6241
16292.716,6831,6241
16309.682,6832,6241
16311.444,6833,6241
16311.707,6834,6241
16313.113,6835,6241
16313.849,6836,6241
16319.868,6837,6241
16327.339,6838,6241
16327.706,6839,6241
16352.222,6840,6241
16380.201,6841,6241
16393.117,6842,6241
16394.929,6843,6241
16395.601,6844,6241
16396.389,6845,6241
16422.191,6846,6241
16439.454,6847,6241
16462.126,6848,6241
16471.796,6849,6241
16475.604,6850,6241
16476.747,6851,6241
16493.099,6852,6241
16494.533,6853,6241
16497.32,6854,6241
16506.022,6855,6241
16527.141,6856,6241
16530.629,6857,6241
16530.916,6858,6241
16551.329,6859,6241
16598.99,6860,6241
16601.184,6861,6241
16601.34,6862,6241
16601.863,6863,6241
16602.344,6864,6241
16602.479,6865,6241
16602.675,6866,6241
16603.84,6867,6241
16603.928,6868,6241
16604.543,6869,6241
16604.587,6870,6241
16605.369,6871,6241
16606.898,6872,6241
16607.645,6873,6241
16608.318,6874,6241
16609.488,6875,6241
16610.002,6876,6241
16610.32,6877,6241
16614.456,6878,6241
16616.357,6879,6241
16632.393,6880,6241
16657.981,6881,6241
16658.355,6882,6241
16663.329,6883,6241
16668.941,6884,6241
16689.153,6885,6241
16726.879,6886,6241
16769.218,6887,6241
16787.146,6888,6241
16787.817,6889,6241
16793.827,6890,6241
16821.466,6891,6241
16822.23,6892,6241
16823.555,6893,6241
16831.806,6894,6241
16836.105,6895,6241
16839.835,6896,6241
16851.525,6897,6241
16901.589,6898,6241
16911.023,6899,6241
16911.149,6900,6241
16916.096,6901,6241
16980.896,6902,6241
16987.411,6903,6241
16995.75,6904,6241
17000.11,6905,6241
17008.305,6906,6241
17008.363,6907,6241
17009.273,6908,6241
17010.2,6909,6241
17012.738,6910,6241
17022.211,6911,6241
17040.439,6912,6241
17040.634,6913,6241
17042.213,6914,6241
17042.539,6915,6241
17058.39,6916,6241
17063.473,6917,6241
17064.109,6918,6241
17065.89,6919,6241
17067.887,6920,6241
17069.466,6921,6241
17070.796,6922,6241
17081.315,6923,6241
17109.562,6924,6241
17110.531,6925,6241
17218.735,6926,6241
17219.09,6927,6241
17222.161,6928,6241
17222.265,6929,6241
17222.964,6930,6241
17223.142,6931,6241
17228.258,6932,6241
17230.15,6933,6241
17233.186,6934,6241
17240.057,6935,6241
17271.06,6936,6241
17282.203,6937,6241
17287.137,6938,6241
17290.393,6939,6241
17319.261,6940,6241
17375.997,6941,6241
17409.883,6942,6241
17410.294,6943,6241
17410.337,6944,6241
17429.655,6945,6241
17429.914,6946,6241
17430.99,6947,6241
17432.621,6948,6241
17438.313,6949,6241
17440.836,6950,6241
17441.932,6951,6241
17461.233,6952,6241
17462.377,6953,6241
17470.468,6954,6241
17534.657,6955,6241
17586.084,6956,6241
17586.334,6957,6241
17587.297,6958,6241
17655.628,6959,6241
17671.48,6960,6241
17695.001,6961,6241
17697.738,6962,6241
17764.022,6963,6241
17792.632,6964,6241
17796.705,6965,6241
17814.771,6966,6241
17815.441,6967,6241
17875.673,6968,6241
17889.691,6969,6241
17924.315,6970,6241
17934.779,6971,6241
17945.855,6972,6241
17945.92,6973,6241
17947.512,6974,6241
17947.931,6975,6241
17956.538,6976,6241
17956.607,6977,6241
17962.203,6978,6241
18055.191,6979,6241
18076.793,6980,6241
18076.935,6981,6241
18077.23,6982,6241
18077.335,6983,6241
18078.318,6984,6241
18078.717,6985,6241
18078.772,6986,6241
18080.964,6987,6241
18081.023,6988,6241
18094.929,6989,6241
18095.823,6990,6241
18100.892,6991,6241
18166.275,6992,6241
18167.286,6993,6241
18195.441,6994,6241
18195.817,6995,6242
18196.247,6996,6242
18197.008,6997,6242
18197.588,6998,6242
18199.428,6999,6242
18199.747,7000,6242
18199.767,7001,6242
18220.32,7002,6242
18280.111,7003,6242
18280.986,7004,6242
18281.2,7005,6242
18283.657,7006,6242
18323.145,7007,6242
18343.706,7008,6242
18345.065,7009,6242
18345.151,7010,6242
18347.312,7011,6242
18347.544,7012,6242
18350.729,7013,6242
18351.965,7014,6242
18357.983,7015,6242
18395.16,7016,6242
18395.411,7017,6242
18395.48,7018,6242
18395.488,7019,6242
18396.005,7020,6242
18396.298,7021,6242
18397.047,7022,6242
18397.273,7023,6242
18397.401,7024,6242
18397.649,7025,6242
18397.825,7026,6242
18398.598,7027,6242
18400.442,7028,6242
18403.106,7029,6242
18403.333,7030,6242
18404.284,7031,6242
18478.637,7032,6242
18478.689,7033,6242
18483.072,7034,6242
18493.554,7035,6242
18501.498,7036,6242
18513.201,7037,6242
18538.485,7038,6242
18563.796,7039,6242
18569.887,7040,6242
18573.584,7041,6242
18578.626,7042,6242
18578.732,7043,6242
18600.567,7044,6242
18606.498,7045,6242
18608.959,7046,6242
18609.54,7047,6242
18609.789,7048,6242
18631.366,7049,6242
18632.677,7050,6242
18634.575,7051,6242
18655.509,7052,6242
18658.385,7053,6242
18663.303,7054,6242
18667.554,7055,6242
18672.662,7056,6242
18675.543,7057,6242
18687.455,7058,6242
18705.824,7059,6242
18705.833,7060,6242
18706.381,7061,6242
18707.869,7062,6242
18709.319,7063,6242
18710.503,7064,6242
18714.743,7065,6242
18721.17,7066,6242
18721.327,7067,6242
18721.611,7068,6242
18724.12,7069,6242
18730.242,7070,6242
18739.409,7071,6242
18739.74,7072,6242
18740.132,7073,6242
18741.832,7074,6242
18743.921,7075,6242
18744.513,7076,6242
18745.391,7077,6242
18745.504,7078,6242
18749.946,7079,6242
18751.805,7080,6242
18757.311,7081,6242
18760.267,7082,6242
18761.528,7083,6242
18770.727,7084,6242
18772.846,7085,6242
18777.281,7086,6242
18784.327,7087,6242
18808.193,7088,6242
18808.23,7089,6242
18809.523,7090,6242
18811.729,7091,6242
18820.234,7092,6242
18824.935,7093,6244
18856.59,7094,6244
18862.024,7095,6244
18879.764,7096,6244
18883.775,7097,6244
18907.92,7098,6244
18911.506,7099,6244
18912.194,7100,6244
18914.84,7101,6244
18914.893,7102,6244
18915.206,7103,6244
18915.233,7104,6244
18915.867,7105,6244
18916.52,7106,6244
18916.662,7107,6244
18920.874,7108,6244
18921.241,7109,6244
18933.895,7110,6244
18935.87,7111,6244
18942.434,7112,6244
18990.34,7113,6244
18991.713,7114,6244
19006.849,7115,6244
19021.849,7116,6244
19036.592,7117,6244
19082.729,7118,6244
19107.646,7119,6244
19107.81,7120,6244
19111.339,7121,6244
19111.395,7122,6244
19125.078,7123,6244
19126.152,7124,6244
19203.668,7125,6244
19203.842,7126,6244
19210.175,7127,6244
19210.521,7128,6244
19216.615,7129,6244
19216.674,7130,6244
19216.798,7131,6244
19217.538,7132,6244
19219.001,7133,6244
19220.023,7134,6244
19221.435,7135,6244
19222.363,7136,6244
19224.076,7137,6244
19225.32,7138,6244
19225.542,7139,6244
19226.677,7140,6244
19227.615,7141,6244
19227.873,7142,6244
19229.602,7143,6244
19230.42,7144,6244
19233.32,7145,6244
19238.362,7146,6244
19240.914,7147,6244
19256.622,7148,6244
19257.783,7149,6244
19283.411,7150,6244
19321.421,7151,6244
19343.658,7152,6244
19344.805,7153,6244
19368.364,7154,6244
19368.839,7155,6244
19370.667,7156,6244
19371.69,7157,6244
19372.344,7158,6244
19377.067,7159,6244
19377.089,7160,6244
19378.039,7161,6244
19378.801,7162,6244
19378.836,7163,6244
19380.131,7164,6244
19403.937,7165,6244
19412.722,7166,6244
19412.825,7167,6244
19413.061,7168,6244
19413.401,7169,6244
19414.522,7170,6244
19425.858,7171,6244
19433.25,7172,6244
19434.262,7173,6244
19440.84,7174,6244
19465.242,7175,6244
19521.044,7176,6244
19529.17,7177,6244
19538.906,7178,6244
19541.191,7179,6244
19575.449,7180,6244
19575.597,7181,6244
19576.401,7182,6244
19576.628,7183,6244
19579.731,7184,6244
19580.5,7185,6244
19599.383,7186,6244
19600.547,7187,6244
19600.786,7188,6244
19602.739,7189,6244
19616.829,7190,6244
19635.817,7191,6244
19650.231,7192,6244
19676.249,7193,6244
19686.029,7194,6244
19697.043,7195,6244
19715.842,7196,6244
19715.945,7197,6244
19716.238,7198,6244
19718.781,7199,6244
19719.968,7200,6244
19721.99,7201,6244
19723.237,7202,6244
19752.523,7203,6244
19752.729,7204,6244
19754.371,7205,6244
19754.734,7206,6244
19759.799,7207,6244
19774.526,7208,6244
19780.298,7209,6244
19785.246,7210,6244
19787.368,7211,6244
19789.22,7212,6244
19789.422,7213,6244
19789.628,7214,6244
19790.13,7215,6244
19790.334,7216,6244
19790.808,7217,6244
19795.059,7218,6244
19836.398,7219,6244
19836.842,7220,6244
19836.893,7221,6244
19838.446,7222,6244
19840.459,7223,6244
19842.158,7224,6244
19848.512,7225,6244
19882.313,7226,6244
19883.966,7227,6244
19884.275,7228,6244
19893.637,7229,6244
19910.779,7230,6244
19920.964,7231,6244
19920.997,7232,6244
19921.025,7233,6244
19921.582,7234,6244
19921.808,7235,6244
19924.095,7236,6244
19927.896,7237,6244
19930.373,7238,6244
19935.19,7239,6244
19941.082,7240,6244
19975.608,7241,6244
19977.157,7242,6244
19985.477,7243,6244
19989.477,7244,6244
20007.709,7245,6244
20008.507,7246,6244
20009.6,7247,6244
20009.804,7248,6244
20039.966,7249,6244
20040.104,7250,6244
20041.189,7251,6244
20042.016,7252,6244
20043.968,7253,6244
20044.635,7254,6244
20045.091,7255,6244
20045.621,7256,6244
20049.728,7257,6244
20052.16,7258,6244
20052.871,7259,6244
20053.789,7260,6244
20075.253,7261,6244
20083.007,7262,6244
20083.339,7263,6244
20085.184,7264,6244
20086.516,7265,6244
20086.663,7266,6244
20092.572,7267,6244
20093.064,7268,6244
20093.126,7269,6244
20095.899,7270,6244
20097.548,7271,6244
20100.283,7272,6244
20100.959,7273,6244
20110.794,7274,6244
20122.036,7275,6244
20123.998,7276,6244
20124.737,7277,6244
20125.725,7278,6244
20127.698,7279,6244
20142.533,7280,6244
20168.86,7281,6244
20169.817,7282,6244
20212.727,7283,6244
20219.063,7284,6244
20219.665,7285,6244
20227.752,7286,6244
20244.343,7287,6244
20257.954,7288,6244
20261.037,7289,6244
20268.01,7290,6244
20273.273,7291,6244
20282.472,7292,6244
20311.063,7293,6244
20336.718,7294,6244
20338.442,7295,6244
20339.898,7296,6244
20354.562,7297,6244
20355.559,7298,6244
20357.828,7299,6244
20381.625,7300,6244
20382.585,7301,6244
20383.035,7302,6244
20389.767,7303,6244
20444.212,7304,6244
20444.717,7305,6244
20445.524,7306,6244
20446.614,7307,6244
20447.659,7308,6244
20448.346,7309,6244
20449.386,7310,6244
20451.129,7311,6244
20471.446,7312,6244
20471.633,7313,6244
20471.891,7314,6244
20472.701,7315,6244
20473.878,7316,6244
20475.688,7317,6244
20476.07,7318,6244
20479.417,7319,6244
20484.706,7320,6244
20488.11,7321,6244
20537.596,7322,6244
20537.883,7323,6244
20562.91,7324,6244
20620.514,7325,6244
20620.935,7326,6244
20622.66,7327,6244
20655.043,7328,6244
20655.422,7329,6244
20681.423,7330,6244
20684.173,7331,6244
20691.238,7332,6244
20738.696,7333,6244
20788.817,7334,6244
20798.004,7335,6244
20802.354,7336,6244
20816.274,7337,6244
20837.711,7338,6244
20838.179,7339,6244
20852.273,7340,6244
20856.536,7341,6244
20901.186,7342,6244
20901.555,7343,6244
20902.109,7344,6244
20918.732,7345,6244
20924.694,7346,6244
20924.885,7347,6244
20924.898,7348,6244
20925.029,7349,6244
20925.043,7350,6244
20925.279,7351,6244
20925.289,7352,6244
20926.017,7353,6244
20926.75,7354,6244
20927.679,7355,6244
20934.486,7356,6244
20935.12,7357,6244
20938.547,7358,6244
20944.369,7359,6244
20950.088,7360,6244
21044.786,7361,6244
21109.849,7362,6244
21110.22,7363,6244
21110.925,7364,6244
21111.851,7365,6244
21115.406,7366,6244
21116.187,7367,6244
21116.515,7368,6244
21117.787,7369,6244
21119.27,7370,6245
21145.994,7371,6245
21154.39,7372,6245
21154.429,7373,6245
21155.744,7374,6245
21155.916,7375,6245
21157.181,7376,6245
21163.133,7377,6245
21169.101,7378,6245
21170.069,7379,6245
21187.332,7380,6245
21188.814,7381,6245
21189.597,7382,6245
21189.626,7383,6245
21190.626,7384,6245
21248.838,7385,6245
21253.33,7386,6245
21257.014,7387,6245
21311.327,7388,6245
21318.037,7389,6245
21338.191,7390,6245
21365.991,7391,6245
21476.474,7392,6245
21476.585,7393,6245
21477.486,7394,6245
21479.006,7395,6245
21479.13,7396,6245
21479.236,7397,6245
21479.363,7398,6245
21481.826,7399,6245
21482.142,7400,6245
21486.1,7401,6245
21488.861,7402,6245
21492.671,7403,6245
21497.254,7404,6245
21497.568,7405,6245
21499.421,7406,6245
21499.655,7407,6245
21511.307,7408,6245
21522.165,7409,6245
21549.532,7410,6245
21588.464,7411,6245
21588.962,7412,6245
21589.194,7413,6245
21590.522,7414,6245
21590.988,7415,6245
21592.182,7416,6245
21595.274,7417,6245
21600.583,7418,6245
21603.114,7419,6245
21607.391,7420,6245
21642.047,7421,6245
21649.097,7422,6245
21659.777,7423,6245
21681.624,7424,6245
21691.977,7425,6245
21692.433,7426,6245
21694.037,7427,6245
21719.078,7428,6245
21719.09,7429,6245
21719.293,7430,6245
21720.164,7431,6245
21720.441,7432,6245
21720.582,7433,6245
21721.851,7434,6245
21722.295,7435,6245
21727.453,7436,6245
21728.558,7437,6245
21730.651,7438,6245
21733.3,7439,6245
21740.005,7440,6245
21740.024,7441,6245
21740.115,7442,6245
21740.294,7443,6245
21740.624,7444,6245
21740.843,7445,6245
21741.443,7446,6245
21741.684,7447,6245
21742.85,7448,6245
21743.949,7449,6245
21745.221,7450,6245
21747.354,7451,6245
21749.224,7452,6246
21749.953,7453,6246
21751.079,7454,6246
21753.087,7455,6246
21766.766,7456,6246
21774.616,7457,6246
21789.206,7458,6246
21793.103,7459,6246
21797.043,7460,6246
21797.067,7461,6246
21797.21,7462,6246
21797.321,7463,6246
21798.181,7464,6246
21799.083,7465,6246
21799.121,7466,6246
21799.301,7467,6246
21799.324,7468,6246
21799.556,7469,6246
21800.253,7470,6246
21800.342,7471,6246
21800.977,7472,6246
21801.239,7473,6246
21801.951,7474,6246
21802.106,7475,6246
21802.278,7476,6246
21802.426,7477,6246
21802.492,7478,6246
21803.515,7479,6246
21804.714,7480,6246
21804.787,7481,6246
21805.054,7482,6246
21805.428,7483,6246
21805.658,7484,6246
21805.835,7485,6246
21809.315,7486,6246
21814.427,7487,6246
21814.526,7488,6246
21815.816,7489,6246
21816.08,7490,6246
21817.389,7491,6246
21819.107,7492,6246
21823.238,7493,6246
21876.946,7494,6246
21877.005,7495,6246
21879.14,7496,6246
21881.013,7497,6246
21905.479,7498,6246
21907.415,7499,6246
21907.776,7500,6246
21908.431,7501,6246
21908.701,7502,6246
21908.743,7503,6246
21910.663,7504,6246
21918.012,7505,6246
21924.83,7506,6246
21925.586,7507,6246
21930.502,7508,6246
21931.211,7509,6246
21931.454,7510,6246
21957.97,7511,6246
21957.993,7512,6246
21958.013,7513,6246
21958.034,7514,6246
21962.197,7515,6246
21962.504,7516,6246
21986.69,7517,6246
21986.883,7518,6246
21986.92,7519,6246
21987.156,7520,6246
21987.967,7521,6246
21988.378,7522,6246
21993.329,7523,6246
21997.528,7524,6246
21999.083,7525,6246
21999.153,7526,6246
22004.617,7527,6246
22004.743,7528,6246
22007.275,7529,6246
22012.331,7530,6246
22012.997,7531,6246
22013.328,7532,6246
22013.434,7533,6246
22014.562,7534,6246
22015.283,7535,6246
22015.498,7536,6246
22020.108,7537,6246
22022.762,7538,6246
22024.637,7539,6246
22121.637,7540,6246
22121.7,7541,6246
22122.901,7542,6246
22123.976,7543,6246
22124.175,7544,6246
22126.189,7545,6246
22128.017,7546,6246
22128.763,7547,6246
22131.059,7548,6246
22136.684,7549,6246
22152.168,7550,6246
22233.239,7551,6246
22246.198,7552,6249
22362.896,7553,6249
22418.003,7554,6249
22432.866,7555,6249
22450.648,7556,6249
22450.678,7557,6249
22607.124,7558,6249
22734.15,7559,6250
22797.012,7560,6250
22797.554,7561,6250
22967.376,7562,6250
23075.327,7563,6250
23075.738,7564,6250
23075.822,7565,6250
23075.931,7566,6250
23076.239,7567,6250
23077.808,7568,6250
23079.247,7569,6250
23080.056,7570,6250
23083.482,7571,6250
23083.675,7572,6250
23084.149,7573,6250
23105.972,7574,6250
23106.109,7575,6250
23118.947,7576,6250
23121.294,7577,6250
23122.321,7578,6250
23129.164,7579,6250
23129.278,7580,6250
23129.884,7581,6250
23130.742,7582,6250
23133.479,7583,6250
23136.372,7584,6250
23162.92,7585,6250
23164.538,7586,6250
23249.286,7587,6250
23249.875,7588,6250
23250.208,7589,6250
23261.616,7590,6250
23369.767,7591,6250
23370.53,7592,6250
23404.048,7593,6250
23542.576,7594,6250
23556.624,7595,6250
23577.212,7596,6250
23724.118,7597,6250
23724.696,7598,6250
23780.111,7599,6250
23884.53,7600,6250
23884.955,7601,6250
23885.031,7602,6250
23885.205,7603,6250
23885.836,7604,6250
23885.864,7605,6250
23886.086,7606,6250
23887.058,7607,6250
23887.879,7608,6250
23887.988,7609,6250
23889.099,7610,6250
23889.737,7611,6250
23890.329,7612,6250
23890.505,7613,6250
23890.618,7614,6250
23892.319,7615,6250
23893.176,7616,6250
23893.475,7617,6250
23893.563,7618,6250
23893.602,7619,6250
23893.769,7620,6250
23894.745,7621,6250
23894.932,7622,6250
23895.354,7623,6250
23895.842,7624,6250
23899.355,7625,6250
23899.814,7626,6250
23900.591,7627,6250
23903.98,7628,6250
23904.261,7629,6250
23904.576,7630,6250
23905.381,7631,6250
23906.015,7632,6250
23906.676,7633,6250
23906.803,7634,6250
23919.817,7635,6250
23957.805,7636,6250
23967.186,7637,6250
24048.276,7638,6250
24048.702,7639,6250
24050.521,7640,6250
24051.429,7641,6251
24053.21,7642,6251
24056.882,7643,6251
24092.469,7644,6251
24169.178,7645,6251
24177.304,7646,6251
24177.432,7647,6251
24189.111,7648,6251
24236.334,7649,6251
24318.8,7650,6251
24319.396,7651,6251
24320.629,7652,6251
24333.348,7653,6251
24339.933,7654,6251
24420.08,7655,6251
24420.122,7656,6251
24421.548,7657,6251
24421.871,7658,6251
24422.132,7659,6251
24423.043,7660,6251
24423.059,7661,6251
24423.589,7662,6251
24424.315,7663,6252
24425.007,7664,6252
24427.114,7665,6252
24428.754,7666,6252
24438.179,7667,6252
24445.4,7668,6252
24473.014,7669,6252
24483.441,7670,6252
24526.964,7671,6252
24528.398,7672,6252
24528.452,7673,6252
24528.73,7674,6252
24528.777,7675,6252
24538.558,7676,6252
24548.741,7677,6252
24564.574,7678,6252
24578.085,7679,6252
24594.694,7680,6252
24595.892,7681,6252
24629.452,7682,6252
24633.872,7683,6252
24636.453,7684,6252
24688.466,7685,6252
24775.689,7686,6252
24835.512,7687,6252
24843.629,7688,6252
24857.124,7689,6252
24903.706,7690,6252
24917.661,7691,6252
24922.019,7692,6252
24932.107,7693,6252
24932.339,7694,6252
24933.417,7695,6252
24936.453,7696,6252
24936.784,7697,6252
24942.358,7698,6252
24947.3,7699,6252
24949.173,7700,6252
24951.741,7701,6252
25002.191,7702,6252
25003.662,7703,6252
25005.347,7704,6252
25008.22,7705,6252
25009.592,7706,6252
25038.027,7707,6252
25038.054,7708,6252
25257.466,7709,6252
25285.402,7710,6252
25320.007,7711,6252
25320.842,7712,6252
25344.06,7713,6252
25368.144,7714,6252
25368.345,7715,6252
25375.113,7716,6252
25382.328,7717,6252
25386.171,7718,6252
25437.894,7719,6252
25438.072,7720,6252
25439.332,7721,6252
25439.459,7722,6252
25439.487,7723,6252
25439.69,7724,6252
25444.726,7725,6252
25445.155,7726,6252
25448.041,7727,6252
25453.972,7728,6252
25522.003,7729,6252
25522.775,7730,6252
25552.905,7731,6252
25555.693,7732,6252
25563.572,7733,6252
25571.208,7734,6252
25571.31,7735,6252
25604.543,7736,6252
25619.669,7737,6252
25621.239,7738,6252
25621.937,7739,6252
25622.491,7740,6252
25623.887,7741,6252
25639.095,7742,6252
25657.162,7743,6252
25657.175,7744,6252
25773.055,7745,6252
25781.109,7746,6252
25800.084,7747,6252
25831.37,7748,6252
25865.199,7749,6252
25909.405,7750,6252
25958.603,7751,6252
25999.388,7752,6252
26031.944,7753,6252
26196.501,7754,6252
26272.074,7755,6252
26315.012,7756,6252
26477.983,7757,6252
26517.99,7758,6252
26518.311,7759,6252
26547.62,7760,6252
26555.21,7761,6252
26555.233,7762,6252
26555.253,7763,6252
26555.264,7764,6252
26555.303,7765,6252
26556.636,7766,6252
26565.983,7767,6252
26567.301,7768,6252
26570.136,7769,6252
26571.089,7770,6252
26598.634,7771,6252
26684.596,7772,6252
26720.07,7773,6252
26888.097,7774,6252
26888.712,7775,6252
26889.166,7776,6252
26927.389,7777,6252
26927.906,7778,6252
26961.176,7779,6252
26961.566,7780,6252
26962.206,7781,6252
26995.865,7782,6252
27101.568,7783,6252
27111.939,7784,6252
27207.9,7785,6252
27208.825,7786,6252
27209.388,7787,6252
27219.538,7788,6252
27237.255,7789,6252
27239.373,7790,6252
27264.36,7791,6252
27284.447,7792,6252
27334.073,7793,6252
27437.186,7794,6252
27437.46,7795,6252
27437.562,7796,6252
27591.733,7797,6252
27611.338,7798,6252
27802.166,7799,6252
27803.887,7800,6252
27804.007,7801,6252
27805.908,7802,6252
27806.281,7803,6252
27807.376,7804,6252
27807.595,7805,6252
27807.922,7806,6252
27808.249,7807,6252
27811.233,7808,6252
27812.21,7809,6252
27813.647,7810,6252
27815.933,7811,6252
27884.332,7812,6252
27919.896,7813,6252
27941.81,7814,6252
27943.986,7815,6252
27951.884,7816,6252
27984.201,7817,6252
27984.396,7818,6252
28017.073,7819,6252
28040.174,7820,6252
28040.625,7821,6252
28042.582,7822,6252
28063.492,7823,6252
28063.835,7824,6252
28065.006,7825,6252
28104.818,7826,6252
28104.918,7827,6252
28106.48,7828,6252
28107.013,7829,6252
28107.533,7830,6252
28110.996,7831,6252
28124.752,7832,6252
28126.827,7833,6252
28127.216,7834,6252
28139.652,7835,6252
28140.673,7836,6252
28148.482,7837,6252
28154.495,7838,6252
28157.023,7839,6252
28176.892,7840,6252
28181.591,7841,6252
28183.261,7842,6252
28184.539,7843,6252
28477.073,7844,6252
28493.95,7845,6252
28494.182,7846,6252
28494.484,7847,6252
28494.91,7848,6252
28495.186,7849,6252
28495.524,7850,6252
28496.193,7851,6252
28496.409,7852,6252
28496.517,7853,6252
28497.524,7854,6252
28497.681,7855,6252
28498.018,7856,6252
28500.264,7857,6252
28502.163,7858,6252
28515.143,7859,6252
28535.23,7860,6252
28561.79,7861,6252
28573.205,7862,6252
28628.825,7863,6252
28698.297,7864,6252
28726.032,7865,6252
28726.328,7866,6252
28726.363,7867,6252
28726.622,7868,6252
28727.782,7869,6252
28729.183,7870,6252
28729.476,7871,6252
28729.714,7872,6252
28731.668,7873,6252
28731.82,7874,6252
28737.471,7875,6252
28740.469,7876,6252
28742.136,7877,6252
28745.656,7878,6252
28746.91,7879,6252
28764.08,7880,6252
28766.185,7881,6252
28768.71,7882,6252
28787.46,7883,6252
28787.985,7884,6252
28788.042,7885,6252
28788.433,7886,6252
28790.454,7887,6252
28796.134,7888,6252
28800.357,7889,6252
28812.766,7890,6252
28815.297,7891,6252
28885.987,7892,6252
28889.064,7893,6252
28898.844,7894,6252
28964.036,7895,6252
28966.652,7896,6252
28968.286,7897,6252
29000.753,7898,6252
29002.026,7899,6252
29002.458,7900,6252
29003.787,7901,6252
29004.378,7902,6252
29015.438,7903,6252
29037.64,7904,6252
29038.713,7905,6252
29039.181,7906,6252
29039.743,7907,6252
29057.987,7908,6252
29070.7,7909,6252
29091.81,7910,6252
29120.446,7911,6252
29120.887,7912,6252
29144.232,7913,6252
29145.792,7914,6252
29146.064,7915,6252
29272.559,7916,6252
29272.776,7917,6252
29272.932,7918,6252
29273.081,7919,6252
29274.649,7920,6252
29274.791,7921,6252
29275.42,7922,6252
29276.267,7923,6252
29276.977,7924,6252
29277.316,7925,6252
29277.38,7926,6252
29277.464,7927,6252
29279.039,7928,6252
29279.404,7929,6252
29279.64,7930,6252
29280.864,7931,6252
29280.955,7932,6252
29284.772,7933,6252
29285.098,7934,6252
29285.667,7935,6252
29287.001,7936,6252
29287.124,7937,6252
29292.366,7938,6252
29292.737,7939,6252
29308.51,7940,6252
29371.912,7941,6252
29386.606,7942,6252
29386.872,7943,6252
29389.203,7944,6252
29471.538,7945,6252
29476.044,7946,6252
29478.255,7947,6252
29508.509,7948,6252
29508.843,7949,6252
29524.74,7950,6252
29525.133,7951,6252
29525.231,7952,6252
29525.344,7953,6252
29525.417,7954,6252
29540.305,7955,6252
29578.862,7956,6252
29579.074,7957,6252
29579.453,7958,6252
29621.497,7959,6252
29639.096,7960,6252
29639.147,7961,6252
29639.419,7962,6252
29640.466,7963,6252
29640.593,7964,6252
29647.017,7965,6252
29647.665,7966,6252
29648.516,7967,6252
29649.485,7968,6252
29649.77,7969,6252
29652.23,7970,6252
29653.618,7971,6252
29658.397,7972,6252
29669.876,7973,6252
29676.082,7974,6252
29678.564,7975,6252
29682.252,7976,6252
29687.068,7977,6252
29692.57,7978,6252
29694.306,7979,6252
29702.715,7980,6252
29757.378,7981,6252
29788.121,7982,6252
29789.418,7983,6252
29901.859,7984,6252
29968.955,7985,6252
30005.193,7986,6252
30024.147,7987,6252
30026.348,7988,6252
30026.516,7989,6252
30034.175,7990,6252
30090.925,7991,6252
30095.334,7992,6252
30096.286,7993,6252
30121.403,7994,6252
30123.337,7995,6252
30123.485,7996,6252
30124.183,7997,6252
30124.48,7998,6252
30125.35,7999,6252
30125.626,8000,6252
30126.337,8001,6252
30127.655,8002,6252
30127.798,8003,6252
30129.096,8004,6252
30130.277,8005,6252
30130.592,8006,6252
30130.719,8007,6252
30134.513,8008,6252
30145.46,8009,6252
30147.442,8010,6252
30147.695,8011,6252
30147.779,8012,6252
30149.251,8013,6252
30151.506,8014,6252
30151.894,8015,6252
30155.135,8016,6252
30156.446,8017,6252
30170.747,8018,6252
30194.645,8019,6252
30196.896,8020,6252
30197.875,8021,6252
30213.122,8022,6252
30241.228,8023,6252
30244.016,8024,6252
30244.613,8025,6252
30245.769,8026,6252
30246.179,8027,6252
30248.264,8028,6252
30253.01,8029,6252
30255.385,8030,6252
30255.819,8031,6252
30256.1,8032,6252
30260.976,8033,6252
30280.285,8034,6252
30334.313,8035,6252
30341.579,8036,6252
30343.709,8037,6252
30377.318,8038,6252
30377.321,8039,6252
30377.35,8040,6252
30377.428,8041,6252
30392.051,8042,6252
30452.71,8043,6252
30454.688,8044,6252
30470.8,8045,6252
30470.881,8046,6252
30471.076,8047,6252
30471.136,8048,6252
30471.149,8049,6252
30496.303,8050,6252
30501.946,8051,6252
30602.454,8052,6252
30602.578,8053,6252
30628.363,8054,6252
30646.84,8055,6252
30700.539,8056,6252
30726.801,8057,6252
30728.671,8058,6252
30730.174,8059,6252
30800.851,8060,6252
30803.667,8061,6252
30851.126,8062,6252
30857.01,8063,6252
30942.097,8064,6252
30942.96,8065,6252
30985.896,8066,6252
30985.999,8067,6252
31022.225,8068,6252
31036.454,8069,6252
31163.599,8070,6252
31215.966,8071,6252
31217.967,8072,6252
31218.232,8073,6252
31222.144,8074,6252
31224.73,8075,6252
31224.861,8076,6252
31228.933,8077,6252
31232.171,8078,6252
31361.846,8079,6252
31365.077,8080,6252
31365.924,8081,6252
31398.65,8082,6252
31418.834,8083,6252
31419.291,8084,6253
31425.332,8085,6253
31457.351,8086,6253
31459.295,8087,6253
31493.617,8088,6253
31557.41,8089,6253
31654.933,8090,6253
31687.845,8091,6253
31687.879,8092,6253
31692.901,8093,6253
31693.336,8094,6253
31696.445,8095,6253
31751.651,8096,6253
31758.474,8097,6253
31758.623,8098,6253
31758.862,8099,6253
31760.517,8100,6253
31825.595,8101,6253
31827.84,8102,6253
31981.317,8103,6253
32060.234,8104,6253
32061.594,8105,6253
32071.594,8106,6253
32088.502,8107,6253
32088.73,8108,6253
32089.428,8109,6253
32094.114,8110,6253
32094.576,8111,6253
32095.042,8112,6253
32097.36,8113,6253
32103.516,8114,6253
32106.194,8115,6253
32137.029,8116,6253
32138.426,8117,6253
32140.244,8118,6253
32142.896,8119,6253
32143.016,8120,6253
32143.261,8121,6253
32152.08,8122,6253
32167.345,8123,6253
32204.474,8124,6253
32243.977,8125,6253
32257.462,8126,6253
32260.068,8127,6253
32261.203,8128,6253
32263.405,8129,6253
32300.009,8130,6253
32302.461,8131,6253
32303.778,8132,6253
32359.417,8133,6253
32360.889,8134,6253
32368.829,8135,6253
32372.042,8136,6253
32388.869,8137,6253
32396.661,8138,6253
32465.526,8139,6253
32472.695,8140,6253
32472.81,8141,6253
32482.036,8142,6253
32519.236,8143,6253
32520.355,8144,6253
32570.759,8145,6253
32592.876,8146,6253
32607.665,8147,6253
32620.721,8148,6253
32656.132,8149,6253
32676.099,8150,6253
32676.863,8151,6253
32803.299,8152,6253
32850.265,8153,6253
32861.87,8154,6253
32904.835,8155,6253
32923.45,8156,6253
32941.229,8157,6253
33018.729,8158,6253
33019.755,8159,6253
33021.751,8160,6253
33026.048,8161,6253
33027.806,8162,6253
33029.211,8163,6253
33032.89,8164,6253
33037.521,8165,6253
33038.108,8166,6253
33039.653,8167,6253
33123.611,8168,6253
33124.133,8169,6253
33127.114,8170,6253
33128.211,8171,6253
33129.738,8172,6253
33130.585,8173,6253
33132.151,8174,6253
33143.225,8175,6253
33161.62,8176,6253
33239.052,8177,6253
33240.617,8178,6253
33257.648,8179,6253
33257.663,8180,6253
33336.352,8181,6253
33336.663,8182,6253
33364.402,8183,6253
33365.099,8184,6253
33388.801,8185,6253
33397.614,8186,6253
33435.908,8187,6253
33436.339,8188,6253
33437.606,8189,6253
33438.163,8190,6253
33440.815,8191,6253
33443.36,8192,6253
33443.952,8193,6253
33513.528,8194,6253
33513.539,8195,6253
33513.575,8196,6253
33524.856,8197,6253
33525.515,8198,6253
33525.542,8199,6253
33526.304,8200,6253
33531.106,8201,6253
33544.541,8202,6253
33547.727,8203,6253
33670.99,8204,6253
33671.032,8205,6253
33671.904,8206,6253
33671.996,8207,6253
33721.597,8208,6253
33725.261,8209,6253
33726.172,8210,6253
33783.465,8211,6253
33789.65,8212,6253
33794.75,8213,6253
33795.091,8214,6253
33795.367,8215,6253
33827.351,8216,6253
33833.989,8217,6253
33834.007,8218,6253
33850.574,8219,6253
33856.165,8220,6253
34087.643,8221,6253
34227.732,8222,6253
34268.209,8223,6253
34268.75,8224,6253
34270.408,8225,6253
34273.675,8226,6253
34319.969,8227,6253
34413.271,8228,6253
34499.844,8229,6253
34845.64,8230,6253
35061.188,8231,6253
35062.115,8232,6253
35138.489,8233,6253
35246.232,8234,6253
35258.173,8235,6253
35288.704,8236,6253
35301.139,8237,6253
35301.294,8238,6253
35301.713,8239,6253
35306.189,8240,6253
35307.174,8241,6253
35313.377,8242,6253
35313.627,8243,6253
35463.306,8244,6253
35480.187,8245,6253
35480.341,8246,6253
35548.834,8247,6253
35756.574,8248,6253
35756.639,8249,6253
35826.256,8250,6253
35868.304,8251,6253
35965.468,8252,6253
36235.25,8253,6253
36340.922,8254,6253
36342.335,8255,6253
36429.271,8256,6253
36665.681,8257,6253
36667.678,8258,6253
36667.895,8259,6253
36673.995,8260,6253
36676.679,8261,6253
36677.551,8262,6253
36683.747,8263,6253
36693.51,8264,6253
36695.065,8265,6253
36732.047,8266,6253
36806.674,8267,6253
36808.123,8268,6253
36821.456,8269,6253
36870.012,8270,6253
36870.023,8271,6253
36927.575,8272,6253
36934.254,8273,6253
36934.645,8274,6253
36936.468,8275,6253
36984.174,8276,6253
37020.918,8277,6253
37127.926,8278,6253
37173.516,8279,6253
37316.464,8280,6253
37316.873,8281,6253
37318.564,8282,6253
37318.86,8283,6253
37319.658,8284,6253
37322.943,8285,6253
37323.74,8286,6253
37331.58,8287,6253
37335.572,8288,6253
37337.489,8289,6253
37424.143,8290,6253
37472.132,8291,6253
37504.976,8292,6253
37609.113,8293,6253
37619.98,8294,6253
37620.091,8295,6253
37621.276,8296,6253
37621.354,8297,6253
37621.365,8298,6253
37621.448,8299,6253
37622.482,8300,6253
37625.525,8301,6253
37626.607,8302,6253
37626.883,8303,6253
37683.176,8304,6253
37831.982,8305,6253
38221.805,8306,6253
38221.965,8307,6253
38605.37,8308,6253
38649.139,8309,6253
38650.001,8310,6253
38662.757,8311,6253
38707.729,8312,6253
38713.092,8313,6253
38830.174,8314,6253
38869.434,8315,6253
38934.3,8316,6253
38934.554,8317,6253
38935.415,8318,6253
39126.275,8319,6253
39144.79,8320,6253
39147.688,8321,6253
39180.333,8322,6253
39202.79,8323,6253
39254.463,8324,6253
39305.921,8325,6253
39401.678,8326,6253
39466.387,8327,6253
39466.427,8328,6253
39466.454,8329,6253
39466.579,8330,6253
39529.764,8331,6253
39827.394,8332,6253
39839.179,8333,6253
39909.132,8334,6253
39998.044,8335,6253
39998.242,8336,6253
40106.486,8337,6253
40172.255,8338,6253
40180.184,8339,6253
40296.703,8340,6253
40299.211,8341,6253
40299.451,8342,6253
40300.443,8343,6253
40303.946,8344,6253
40304.997,8345,6253
40305.761,8346,6253
40321.001,8347,6253
40356.215,8348,6253
40411.565,8349,6253
40450.712,8350,6253
40465.879,8351,6253
40505.389,8352,6253
40597.578,8353,6253
40736.762,8354,6253
40859.156,8355,6253
41018.751,8356,6253
41019.159,8357,6253
41313.168,8358,6253
41339.355,8359,6253
41393.0,8360,6253
41463.357,8361,6253
41463.678,8362,6253
41654.542,8363,6253
41658.882,8364,6253
41660.277,8365,6253
41877.543,8366,6253
41921.658,8367,6253
42080.981,8368,6253
42122.839,8369,6253
42146.186,8370,6253
42148.043,8371,6253
42187.289,8372,6253
42294.529,8373,6253
42304.285,8374,6253
42370.597,8375,6253
42422.305,8376,6253
42445.497,8377,6254
42445.93,8378,6254
42482.206,8379,6254
42483.249,8380,6254
42483.298,8381,6254
42483.969,8382,6254
42484.918,8383,6254
42487.266,8384,6254
42489.363,8385,6254
42490.528,8386,6254
42542.801,8387,6254
42858.5,8388,6254
42860.173,8389,6254
42863.69,8390,6254
42877.641,8391,6254
42982.463,8392,6254
43109.071,8393,6254
43113.153,8394,6254
43266.688,8395,6254
43295.176,8396,6254
43387.914,8397,6254
43423.829,8398,6254
43631.904,8399,6254
43696.616,8400,6254
43708.931,8401,6254
43730.139,8402,6254
43820.09,8403,6254
43838.795,8404,6254
44014.915,8405,6254
44171.07,8406,6254
44213.046,8407,6254
44213.082,8408,6254
44411.833,8409,6254
44438.619,8410,6254
44440.343,8411,6254
44443.524,8412,6254
44444.438,8413,6254
44447.675,8414,6254
44472.743,8415,6254
44626.165,8416,6254
44822.276,8417,6254
44912.812,8418,6254
44916.091,8419,6254
44916.774,8420,6254
44920.408,8421,6254
44925.552,8422,6254
44925.765,8423,6254
44926.124,8424,6254
44959.151,8425,6254
44959.423,8426,6254
45003.847,8427,6254
45118.271,8428,6254
45118.359,8429,6254
45120.131,8430,6254
45177.023,8431,6254
45192.682,8432,6254
45367.58,8433,6254
45478.857,8434,6254
45540.616,8435,6254
45742.96,8436,6254
45748.555,8437,6254
45748.901,8438,6254
45761.854,8439,6254
45764.127,8440,6254
45766.322,8441,6254
45768.252,8442,6254
45770.991,8443,6254
45783.994,8444,6254
45866.958,8445,6254
45868.934,8446,6254
45870.468,8447,6254
46138.09,8448,6254
46198.449,8449,6254
46332.429,8450,6254
46487.9,8451,6254
46508.915,8452,6254
46603.587,8453,6254
46623.887,8454,6254
46636.559,8455,6254
46804.467,8456,6254
46826.194,8457,6254
46852.441,8458,6254
46932.314,8459,6254
47046.815,8460,6254
47252.778,8461,6254
47291.195,8462,6254
47315.838,8463,6254
47321.884,8464,6254
47452.474,8465,6254
47453.232,8466,6254
47455.209,8467,6254
47568.699,8468,6254
47568.832,8469,6254
47577.459,8470,6254
47578.092,8471,6254
47580.365,8472,6254
47581.863,8473,6254
47585.954,8474,6254
47589.144,8475,6254
47595.673,8476,6254
47606.301,8477,6254
47608.221,8478,6254
47637.496,8479,6254
47639.602,8480,6254
47659.5,8481,6254
47661.303,8482,6254
47663.45,8483,6254
47665.258,8484,6254
47666.412,8485,6254
47666.647,8486,6254
47671.895,8487,6254
47675.898,8488,6254
47679.933,8489,6254
47715.329,8490,6254
47716.15,8491,6254
47716.358,8492,6254
47717.668,8493,6254
47717.75,8494,6254
47718.193,8495,6254
47720.957,8496,6254
47722.641,8497,6254
47725.814,8498,6254
47727.042,8499,6254
47729.287,8500,6254
47729.793,8501,6254
47738.432,8502,6254
47742.189,8503,6254
47747.294,8504,6254
47751.196,8505,6254
47775.198,8506,6254
47787.082,8507,6254
47787.308,8508,6254
47787.541,8509,6254
47787.67,8510,6254
47790.79,8511,6254
47795.546,8512,6254
47800.657,8513,6254
47844.161,8514,6254
47845.753,8515,6254
47870.426,8516,6254
47881.92,8517,6254
47883.467,8518,6254
47884.951,8519,6254
47885.069,8520,6254
47885.242,8521,6254
47885.898,8522,6254
47887.214,8523,6254
47895.642,8524,6254
47898.575,8525,6254
47933.613,8526,6254
47954.967,8527,6254
47977.766,8528,6254
47980.117,8529,6254
47980.531,8530,6254
47980.563,8531,6254
47982.458,8532,6254
47982.726,8533,6254
47983.682,8534,6254
47983.826,8535,6254
47986.513,8536,6254
47986.551,8537,6254
47987.304,8538,6254
47987.774,8539,6254
47988.477,8540,6254
47996.739,8541,6254
48001.436,8542,6254
48006.671,8543,6254
48046.433,8544,6254
48120.254,8545,6254
48120.306,8546,6254
48122.363,8547,6254
48129.537,8548,6254
48132.022,8549,6254
48136.381,8550,6254
48176.009,8551,6254
48227.09,8552,6254
48227.22,8553,6254
48227.888,8554,6254
48228.479,8555,6254
48231.106,8556,6254
48232.307,8557,6254
48232.391,8558,6254
48233.709,8559,6254
48259.116,8560,6254
48259.181,8561,6254
48262.202,8562,6254
48265.817,8563,6254
48276.704,8564,6254
48276.966,8565,6254
48278.934,8566,6254
48279.389,8567,6254
48280.71,8568,6254
48280.903,8569,6254
48284.959,8570,6254
48286.575,8571,6254
48286.818,8572,6254
48298.007,8573,6254
48298.889,8574,6254
48322.703,8575,6254
48342.564,8576,6254
48354.126,8577,6254
48408.372,8578,6254
48409.335,8579,6254
48411.413,8580,6254
48424.815,8581,6254
48447.26,8582,6254
48447.351,8583,6254
48450.442,8584,6254
48484.076,8585,6254
48484.49,8586,6254
48493.628,8587,6254
48495.855,8588,6254
48502.519,8589,6254
48588.102,8590,6254
48590.898,8591,6254
48605.814,8592,6254
48606.366,8593,6254
48610.896,8594,6254
48642.916,8595,6254
48663.296,8596,6254
48663.882,8597,6254
48665.251,8598,6254
48665.306,8599,6254
48666.239,8600,6254
48667.149,8601,6254
48668.694,8602,6254
48688.416,8603,6254
48690.596,8604,6254
48691.417,8605,6254
48697.866,8606,6254
48704.381,8607,6254
48720.698,8608,6254
48722.357,8609,6254
48768.834,8610,6254
48770.9,8611,6254
48772.14,8612,6254
48778.586,8613,6254
48779.709,8614,6254
48781.128,8615,6254
48781.565,8616,6254
48784.657,8617,6254
48813.276,8618,6254
48814.881,8619,6254
48819.035,8620,6254
48819.116,8621,6254
48827.127,8622,6254
48827.965,8623,6254
48829.058,8624,6254
48831.272,8625,6254
48837.801,8626,6254
48860.02,8627,6254
48897.451,8628,6254
48900.561,8629,6254
48914.903,8630,6254
48916.707,8631,6254
48917.053,8632,6254
48918.817,8633,6254
48919.013,8634,6254
48934.645,8635,6254
48956.59,8636,6254
48958.565,8637,6254
48977.016,8638,6254
48984.237,8639,6254
48988.654,8640,6254
49004.56,8641,6254
49017.484,8642,6254
49023.385,8643,6254
49023.652,8644,6254
49026.477,8645,6254
49029.707,8646,6254
49031.5,8647,6254
49033.263,8648,6254
49033.665,8649,6254
49035.448,8650,6254
49039.383,8651,6254
49046.558,8652,6254
49052.662,8653,6254
49055.508,8654,6254
49063.702,8655,6254
49069.48,8656,6254
49138.856,8657,6254
49156.964,8658,6254
49167.786,8659,6254
49191.931,8660,6254
49192.029,8661,6254
49192.205,8662,6254
49196.944,8663,6254
49205.921,8664,6254
49218.852,8665,6254
49223.878,8666,6254
49236.962,8667,6254
49239.2,8668,6254
49253.816,8669,6254
49266.506,8670,6254
49279.413,8671,6254
49282.48,8672,6254
49283.767,8673,6254
49290.401,8674,6254
49294.753,8675,6254
49298.405,8676,6254
49300.307,8677,6254
49303.41,8678,6254
49310.022,8679,6254
49333.102,8680,6254
49373.426,8681,6254
49373.84,8682,6254
49382.233,8683,6254
49394.984,8684,6254
49406.358,8685,6254
49411.63,8686,6254
49412.802,8687,6254
49413.444,8688,6254
49414.388,8689,6254
49414.794,8690,6254
49415.753,8691,6254
49417.757,8692,6254
49418.706,8693,6254
49477.699,8694,6254
49477.987,8695,6254
49479.724,8696,6254
49483.628,8697,6254
49490.292,8698,6254
49500.073,8699,6254
49504.619,8700,6254
49504.653,8701,6254
49505.486,8702,6254
49505.859,8703,6254
49511.715,8704,6254
49522.77,8705,6254
49533.014,8706,6254
49533.576,8707,6254
49533.7,8708,6254
49534.55,8709,6254
49535.106,8710,6254
49537.628,8711,6254
49537.724,8712,6254
49539.302,8713,6254
49540.821,8714,6254
49546.242,8715,6254
49546.357,8716,6254
49556.439,8717,6254
49556.886,8718,6254
49597.072,8719,6254
49616.515,8720,6254
49632.073,8721,6254
49640.641,8722,6254
49650.789,8723,6254
49653.907,8724,6254
49654.025,8725,6254
49660.761,8726,6254
49666.642,8727,6254
49670.328,8728,6254
49675.95,8729,6254
49683.136,8730,6254
49684.721,8731,6254
49685.816,8732,6254
49709.673,8733,6254
49710.683,8734,6254
49712.641,8735,6254
49727.28,8736,6254
49727.557,8737,6254
49739.676,8738,6254
49739.79,8739,6254
49739.815,8740,6254
49741.846,8741,6254
49774.897,8742,6254
49847.38,8743,6254
49860.093,8744,6254
49874.899,8745,6254
49879.158,8746,6254
49879.402,8747,6254
49895.163,8748,6254
49900.071,8749,6254
49932.249,8750,6254
49932.331,8751,6254
49932.46,8752,6254
49932.697,8753,6254
49933.673,8754,6254
49934.989,8755,6254
49936.331,8756,6254
49936.95,8757,6254
49940.943,8758,6254
49944.819,8759,6254
50003.394,8760,6254
50109.92,8761,6254
50111.49,8762,6254
50111.631,8763,6254
50115.291,8764,6254
50116.083,8765,6254
50118.232,8766,6254
50124.99,8767,6254
50130.452,8768,6254
50138.256,8769,6254
50142.575,8770,6254
50181.206,8771,6254
50228.997,8772,6254
50234.726,8773,6254
50235.811,8774,6254
50237.227,8775,6254
50246.975,8776,6254
50255.887,8777,6254
50257.454,8778,6254
50265.963,8779,6254
50268.717,8780,6254
50276.743,8781,6254
50278.193,8782,6254
50278.284,8783,6254
50279.09,8784,6254
50279.332,8785,6254
50279.463,8786,6254
50292.923,8787,6254
50294.987,8788,6254
50300.318,8789,6254
50305.477,8790,6254
50331.25,8791,6254
50332.763,8792,6254
50365.446,8793,6254
50365.511,8794,6254
50365.975,8795,6254
50371.579,8796,6254
50376.237,8797,6254
50389.841,8798,6254
50417.228,8799,6254
50438.191,8800,6254
50457.621,8801,6254
50484.2,8802,6254
50485.423,8803,6254
50504.327,8804,6254
50506.686,8805,6254
50636.551,8806,6254
50638.04,8807,6256
50659.865,8808,6256
50659.947,8809,6256
50659.98,8810,6256
50660.805,8811,6256
50660.876,8812,6256
50661.547,8813,6256
50661.689,8814,6256
50662.057,8815,6256
50662.24,8816,6256
50663.087,8817,6256
50665.675,8818,6256
50666.5,8819,6256
50666.565,8820,6256
50667.575,8821,6256
50667.94,8822,6256
50668.405,8823,6256
50669.211,8824,6256
50669.346,8825,6256
50669.596,8826,6256
50669.766,8827,6256
50670.111,8828,6256
50670.736,8829,6256
50672.712,8830,6256
50675.968,8831,6256
50676.394,8832,6256
50678.771,8833,6256
50679.581,8834,6256
50680.391,8835,6256
50680.834,8836,6256
50693.762,8837,6256
50695.116,8838,6256
50741.579,8839,6256
50749.109,8840,6256
50766.621,8841,6256
50768.836,8842,6256
50774.93,8843,6256
50777.661,8844,6256
50780.89,8845,6256
50786.8,8846,6256
50786.886,8847,6256
50789.104,8848,6256
50790.438,8849,6256
50790.964,8850,6256
50791.741,8851,6256
50794.559,8852,6256
50795.223,8853,6256
50804.692,8854,6256
50809.226,8855,6256
50812.642,8856,6256
50815.155,8857,6256
50842.143,8858,6256
50845.62,8859,6256
50847.08,8860,6256
50850.314,8861,6256
50853.693,8862,6256
50886.875,8863,6256
50887.035,8864,6256
50887.576,8865,6256
50888.685,8866,6256
50925.869,8867,6256
50927.191,8868,6256
50930.031,8869,6256
50931.624,8870,6256
50962.799,8871,6256
50974.832,8872,6256
50985.27,8873,6256
51010.837,8874,6256
51011.068,8875,6256
51026.966,8876,6256
51038.434,8877,6256
51047.381,8878,6256
51078.906,8879,6256
51145.277,8880,6256
51181.423,8881,6256
51205.123,8882,6256
51228.851,8883,6256
51231.002,8884,6256
51234.602,8885,6256
51235.49,8886,6256
51237.468,8887,6256
51246.015,8888,6256
51298.509,8889,6256
51299.726,8890,6256
51299.878,8891,6256
51300.001,8892,6256
51300.82,8893,6256
51301.998,8894,6256
51304.548,8895,6256
51309.261,8896,6256
51321.8,8897,6256
51328.027,8898,6256
51337.833,8899,6256
51342.077,8900,6256
51345.462,8901,6256
51349.084,8902,6256
51414.201,8903,6256
51414.462,8904,6256
51414.582,8905,6256
51443.28,8906,6256
51495.858,8907,6256
51496.133,8908,6256
51496.161,8909,6256
51496.627,8910,6256
51497.109,8911,6256
51502.494,8912,6256
51509.823,8913,6256
51511.85,8914,6256
51515.304,8915,6256
51515.377,8916,6256
51522.098,8917,6256
51536.531,8918,6256
51568.411,8919,6256
51581.347,8920,6256
51584.74,8921,6256
51598.604,8922,6256
51648.564,8923,6256
51655.34,8924,6256
51709.501,8925,6256
51718.074,8926,6256
51718.625,8927,6256
51718.686,8928,6256
51719.093,8929,6256
51722.745,8930,6256
51734.341,8931,6256
51736.952,8932,6256
51752.952,8933,6256
51774.921,8934,6256
51787.756,8935,6256
51799.956,8936,6256
51804.241,8937,6256
51845.172,8938,6256
51855.439,8939,6256
51922.351,8940,6256
51923.575,8941,6256
51968.57,8942,6256
51982.699,8943,6256
51990.943,8944,6256
52056.818,8945,6256
52057.621,8946,6256
52058.1,8947,6256
52058.154,8948,6256
52059.124,8949,6256
52060.709,8950,6256
52063.321,8951,6256
52081.695,8952,6256
52084.665,8953,6256
52107.215,8954,6256
52183.681,8955,6256
52194.756,8956,6256
52196.518,8957,6256
52198.909,8958,6256
52216.757,8959,6256
52217.501,8960,6256
52220.829,8961,6256
52235.353,8962,6256
52257.362,8963,6256
52258.621,8964,6256
52338.046,8965,6256
52414.732,8966,6256
52415.312,8967,6256
52429.955,8968,6256
52436.542,8969,6256
52445.757,8970,6256
52482.115,8971,6256
52484.993,8972,6256
52501.946,8973,6256
52511.613,8974,6256
52514.993,8975,6256
52515.162,8976,6256
52515.238,8977,6256
52515.736,8978,6256
52517.711,8979,6256
52521.897,8980,6256
52523.08,8981,6256
52533.266,8982,6256
52552.436,8983,6256
52555.645,8984,6256
52577.979,8985,6256
52587.42,8986,6256
52628.509,8987,6256
52723.342,8988,6256
52724.785,8989,6256
52760.758,8990,6256
52772.482,8991,6256
52835.37,8992,6256
52835.386,8993,6256
52836.55,8994,6256
52908.421,8995,6256
52908.441,8996,6256
52940.425,8997,6256
52990.658,8998,6256
52992.181,8999,6256
53024.673,9000,6256
53081.93,9001,6256
53082.101,9002,6256
53084.164,9003,6256
53190.091,9004,6256
53214.651,9005,6256
53221.7,9006,6256
53274.031,9007,6256
53307.544,9008,6256
53324.809,9009,6256
53325.132,9010,6256
53344.061,9011,6256
53368.126,9012,6256
53414.064,9013,6256
53432.1,9014,6256
53432.184,9015,6256
53432.329,9016,6256
53440.586,9017,6256
53456.114,9018,6256
53481.388,9019,6256
53518.226,9020,6256
53590.974,9021,6256
53603.33,9022,6256
53664.175,9023,6256
53697.232,9024,6256
53705.036,9025,6256
53779.113,9026,6256
53779.379,9027,6256
53789.899,9028,6256
53790.513,9029,6256
53793.441,9030,6256
53798.936,9031,6256
53805.169,9032,6256
53831.552,9033,6256
53887.055,9034,6256
53894.878,9035,6256
53895.444,9036,6256
53914.505,9037,6256
53943.875,9038,6256
54009.05,9039,6256
54029.356,9040,6256
54043.052,9041,6256
54043.189,9042,6256
54090.395,9043,6256
54128.073,9044,6256
54290.202,9045,6256
54306.161,9046,6256
54307.705,9047,6256
54323.726,9048,6256
54379.659,9049,6256
54406.586,9050,6256
54479.841,9051,6256
54480.14,9052,6256
54495.632,9053,6256
54532.709,9054,6256
54533.477,9055,6256
54533.986,9056,6256
54607.473,9057,6256
54670.752,9058,6256
54675.061,9059,6256
54695.482,9060,6256
54695.53,9061,6256
54695.575,9062,6256
54727.255,9063,6256
54753.839,9064,6256
54753.863,9065,6256
54753.869,9066,6256
54757.736,9067,6256
54764.622,9068,6256
54765.931,9069,6256
54766.002,9070,6256
54767.44,9071,6256
54803.484,9072,6256
54840.83,9073,6256
54842.602,9074,6256
54843.112,9075,6256
54846.039,9076,6256
54849.25,9077,6256
54855.124,9078,6256
54855.58,9079,6256
54863.563,9080,6256
54876.066,9081,6256
54876.109,9082,6256
54876.524,9083,6256
54886.749,9084,6256
54899.438,9085,6256
54956.677,9086,6256
54969.582,9087,6256
54978.35,9088,6256
55022.038,9089,6256
55049.347,9090,6256
55099.408,9091,6256
55115.254,9092,6256
55121.045,9093,6256
55123.887,9094,6256
55133.127,9095,6256
55135.04,9096,6256
55229.11,9097,6256
55270.956,9098,6256
55271.278,9099,6256
55271.874,9100,6256
55294.556,9101,6256
55303.185,9102,6256
55311.498,9103,6256
55311.526,9104,6256
55343.176,9105,6256
55393.75,9106,6256
55398.913,9107,6256
55427.51,9108,6256
55443.499,9109,6256
55467.944,9110,6256
55511.2,9111,6256
55622.745,9112,6256
55638.154,9113,6256
55685.119,9114,6256
55717.255,9115,6256
55767.967,9116,6256
55808.878,9117,6256
55818.423,9118,6256
55856.2,9119,6256
55859.724,9120,6256
55877.419,9121,6256
55901.86,9122,6256
55939.874,9123,6256
55943.006,9124,6256
56104.149,9125,6256
56124.669,9126,6256
56150.839,9127,6256
56152.683,9128,6256
56153.118,9129,6256
56156.87,9130,6256
56159.098,9131,6256
56160.137,9132,6256
56163.001,9133,6256
56185.132,9134,6256
56209.012,9135,6256
56239.247,9136,6256
56295.332,9137,6256
56323.763,9138,6257
56324.196,9139,6257
56332.993,9140,6257
56390.401,9141,6257
56401.576,9142,6257
56431.16,9143,6257
56451.612,9144,6257
56467.836,9145,6257
56587.478,9146,6257
56588.062,9147,6257
56596.562,9148,6257
56630.523,9149,6257
56688.105,9150,6257
56689.596,9151,6257
56692.141,9152,6257
56698.938,9153,6257
56829.03,9154,6257
56860.584,9155,6258
56860.806,9156,6258
56912.008,9157,6258
56926.625,9158,6258
56992.27,9159,6258
56994.578,9160,6258
57089.964,9161,6258
57090.187,9162,6258
57090.572,9163,6258
57113.885,9164,6258
57217.445,9165,6258
57288.407,9166,6258
57288.456,9167,6258
57411.16,9168,6258
57425.541,9169,6258
57502.223,9170,6258
57503.302,9171,6258
57544.684,9172,6258
57568.885,9173,6258
57569.545,9174,6258
57571.659,9175,6258
57613.679,9176,6258
57795.611,9177,6258
58031.128,9178,6258
58034.632,9179,6258
58357.55,9180,6258
58381.451,9181,6258
58492.226,9182,6258
58512.835,9183,6258
58576.89,9184,6258
58692.43,9185,6258
58693.129,9186,6258
58881.08,9187,6258
58903.992,9188,6258
58951.748,9189,6258
58952.44,9190,6258
58954.615,9191,6258
58961.964,9192,6258
58982.443,9193,6258
58992.49,9194,6258
59020.983,9195,6258
59107.999,9196,6258
59301.974,9197,6258
59471.18,9198,6258
59476.269,9199,6258
59476.285,9200,6258
59506.465,9201,6258
59508.998,9202,6258
59540.414,9203,6258
59587.921,9204,6258
59787.659,9205,6258
59790.775,9206,6258
59794.037,9207,6258
60008.954,9208,6258
60010.279,9209,6258
60013.46,9210,6258
60198.462,9211,6258
60271.988,9212,6258
60338.14,9213,6258
60548.78,9214,6258
60559.84,9215,6258
60739.56,9216,6258
60761.787,9217,6258
60962.036,9218,6258
60988.677,9219,6258
61151.798,9220,6258
61255.139,9221,6258
61325.793,9222,6258
61681.245,9223,6258
61718.644,9224,6258
61863.125,9225,6258
61863.517,9226,6258
61863.919,9227,6258
61866.239,9228,6258
61875.134,9229,6258
61893.549,9230,6258
62033.956,9231,6258
62068.17,9232,6258
62096.402,9233,6258
62123.245,9234,6258
62206.574,9235,6258
62381.952,9236,6260
62382.196,9237,6261
62382.249,9238,6261
62382.499,9239,6261
62486.553,9240,6261
62654.057,9241,6261
62654.541,9242,6261
62657.645,9243,6261
62660.335,9244,6261
62661.532,9245,6261
62709.907,9246,6261
62956.386,9247,6261
63035.637,9248,6261
63119.568,9249,6261
63119.749,9250,6261
63119.808,9251,6261
63119.933,9252,6261
63129.411,9253,6261
63136.375,9254,6261
63157.323,9255,6261
63213.023,9256,6261
63214.567,9257,6261
63248.018,9258,6261
63338.383,9259,6261
63378.097,9260,6261
63489.518,9261,6261
63598.058,9262,6261
63692.83,9263,6261
63694.768,9264,6261
63699.927,9265,6261
63700.024,9266,6261
63700.144,9267,6261
63700.204,9268,6261
63711.507,9269,6261
63722.439,9270,6261
63722.86,9271,6261
63724.068,9272,6261
63730.916,9273,6261
63746.486,9274,6261
63746.572,9275,6261
63747.735,9276,6261
63748.103,9277,6261
63753.456,9278,6261
63756.961,9279,6261
63757.143,9280,6261
63759.28,9281,6261
63765.509,9282,6261
63830.784,9283,6261
63831.165,9284,6261
63837.921,9285,6261
63842.049,9286,6261
63848.983,9287,6261
63872.008,9288,6261
63919.941,9289,6261
63924.168,9290,6261
63925.725,9291,6261
63931.69,9292,6261
63932.589,9293,6261
63932.808,9294,6261
63933.897,9295,6261
63937.187,9296,6261
63949.043,9297,6261
63956.85,9298,6261
63963.22,9299,6261
63970.23,9300,6261
63970.433,9301,6261
63987.451,9302,6261
63991.13,9303,6261
63991.277,9304,6261
63996.13,9305,6261
63997.381,9306,6261
64002.58,9307,6261
64003.845,9308,6261
64004.031,9309,6261
64011.105,9310,6261
64011.414,9311,6261
64017.591,9312,6261
64045.281,9313,6261
64049.808,9314,6261
64083.125,9315,6261
64091.35,9316,6261
64091.369,9317,6261
64122.09,9318,6261
64143.33,9319,6261
64180.533,9320,6261
64181.992,9321,6261
64182.09,9322,6261
64193.237,9323,6261
64207.906,9324,6261
64219.501,9325,6261
64253.352,9326,6261
64253.551,9327,6261
64284.393,9328,6261
64300.245,9329,6261
64308.95,9330,6261
64309.001,9331,6261
64311.638,9332,6261
64319.132,9333,6261
64319.791,9334,6261
64321.793,9335,6261
64333.79,9336,6261
64384.492,9337,6261
64391.495,9338,6261
64421.994,9339,6261
64437.938,9340,6261
64438.049,9341,6261
64439.671,9342,6261
64447.287,9343,6261
64447.333,9344,6261
64447.479,9345,6261
64447.835,9346,6261
64450.419,9347,6261
64471.759,9348,6261
64491.82,9349,6261
64513.592,9350,6261
64514.12,9351,6261
64519.098,9352,6261
64560.063,9353,6261
64575.398,9354,6261
64576.584,9355,6261
64580.762,9356,6261
64592.059,9357,6261
64601.142,9358,6261
64616.244,9359,6261
64617.628,9360,6261
64662.703,9361,6261
64681.904,9362,6261
64683.272,9363,6261
64685.579,9364,6261
64728.626,9365,6261
64729.094,9366,6261
64729.736,9367,6261
64818.248,9368,6261
64829.77,9369,6261
64835.154,9370,6261
64839.165,9371,6261
64854.687,9372,6261
64854.807,9373,6261
64855.89,9374,6261
64856.407,9375,6261
64863.48,9376,6261
64874.404,9377,6261
64875.512,9378,6261
64878.566,9379,6261
64896.872,9380,6261
64918.275,9381,6261
64918.882,9382,6261
64920.177,9383,6261
64925.306,9384,6261
64937.11,9385,6261
64955.714,9386,6261
64958.609,9387,6261
64960.217,9388,6261
64963.374,9389,6261
64965.428,9390,6261
64968.559,9391,6261
64971.466,9392,6261
64984.35,9393,6261
64990.55,9394,6261
65018.812,9395,6261
65025.266,9396,6261
65025.309,9397,6261
65035.325,9398,6261
65043.371,9399,6261
65082.524,9400,6261
65082.997,9401,6261
65083.928,9402,6261
65086.805,9403,6261
65101.461,9404,6261
65103.024,9405,6261
65120.876,9406,6261
65121.164,9407,6261
65127.482,9408,6261
65170.849,9409,6261
65170.995,9410,6261
65171.076,9411,6261
65171.773,9412,6261
65175.549,9413,6261
65194.526,9414,6261
65196.889,9415,6261
65198.524,9416,6261
65201.032,9417,6261
65203.216,9418,6261
65218.357,9419,6261
65219.676,9420,6261
65221.583,9421,6261
65224.344,9422,6261
65237.858,9423,6261
65242.27,9424,6261
65253.264,9425,6261
65319.343,9426,6261
65344.705,9427,6261
65345.649,9428,6261
65349.858,9429,6261
65353.419,9430,6261
65355.24,9431,6261
65366.827,9432,6261
65371.901,9433,6261
65400.52,9434,6261
65401.78,9435,6261
65404.392,9436,6261
65405.878,9437,6261
65407.873,9438,6261
65410.425,9439,6261
65410.501,9440,6261
65413.101,9441,6261
65418.876,9442,6261
65426.1,9443,6261
65443.541,9444,6261
65443.623,9445,6261
65443.723,9446,6261
65444.225,9447,6261
65444.806,9448,6261
65460.874,9449,6261
65479.504,9450,6261
65479.576,9451,6261
65479.66,9452,6261
65481.19,9453,6261
65495.328,9454,6261
65515.538,9455,6261
65529.763,9456,6261
65530.155,9457,6261
65545.809,9458,6261
65577.123,9459,6261
65614.791,9460,6261
65658.644,9461,6261
65714.126,9462,6261
65739.959,9463,6261
65748.644,9464,6261
65748.704,9465,6261
65748.755,9466,6261
65748.792,9467,6261
65752.426,9468,6261
65820.253,9469,6261
65841.16,9470,6261
65845.915,9471,6261
65897.859,9472,6261
65901.836,9473,6261
65901.9,9474,6261
65919.276,9475,6261
65930.847,9476,6261
65952.498,9477,6261
65954.455,9478,6261
65955.757,9479,6261
66036.726,9480,6261
66037.564,9481,6261
66039.465,9482,6261
66060.861,9483,6261
66066.928,9484,6261
66087.611,9485,6261
66103.705,9486,6261
66114.601,9487,6261
66117.519,9488,6261
66144.943,9489,6261
66145.625,9490,6261
66226.636,9491,6261
66228.188,9492,6261
66228.96,9493,6261
66235.496,9494,6261
66261.695,9495,6261
66263.499,9496,6261
66322.26,9497,6261
66371.787,9498,6261
66393.0,9499,6261
66395.304,9500,6261
66412.98,9501,6261
66414.876,9502,6261
66416.966,9503,6261
66418.556,9504,6261
66422.861,9505,6261
66427.536,9506,6261
66427.764,9507,6261
66434.184,9508,6261
66456.652,9509,6261
66484.334,9510,6261
66485.753,9511,6261
66496.885,9512,6261
66538.646,9513,6261
66583.292,9514,6261
66584.715,9515,6261
66585.004,9516,6261
66616.973,9517,6261
66634.149,9518,6261
66683.556,9519,6261
66684.348,9520,6261
66686.505,9521,6261
66693.009,9522,6261
66706.727,9523,6261
66742.842,9524,6261
66745.031,9525,6261
66763.841,9526,6261
66765.84,9527,6261
66781.773,9528,6261
66790.525,9529,6261
66793.167,9530,6261
66794.862,9531,6261
66821.896,9532,6261
66919.235,9533,6261
66921.956,9534,6261
66928.624,9535,6261
66975.92,9536,6261
66986.112,9537,6261
66986.299,9538,6261
67046.763,9539,6261
67054.055,9540,6261
67113.361,9541,6261
67156.197,9542,6261
67156.221,9543,6261
67172.618,9544,6261
67207.27,9545,6261
67333.603,9546,6261
67333.662,9547,6261
67407.887,9548,6261
67407.969,9549,6261
67410.35,9550,6261
67410.387,9551,6261
67445.564,9552,6261
67456.615,9553,6261
67484.3,9554,6261
67488.951,9555,6261
67501.1,9556,6261
67501.301,9557,6261
67503.635,9558,6261
67584.905,9559,6261
67599.848,9560,6261
67600.067,9561,6261
67603.427,9562,6261
67624.096,9563,6261
67625.425,9564,6261
67666.809,9565,6261
67678.397,9566,6261
67689.54,9567,6261
67724.044,9568,6261
67734.277,9569,6261
67739.778,9570,6261
67750.112,9571,6261
67750.165,9572,6261
67801.421,9573,6261
67801.532,9574,6261
67802.449,9575,6262
67802.615,9576,6263
67810.247,9577,6263
67813.867,9578,6263
67816.922,9579,6263
67820.75,9580,6263
67840.519,9581,6263
67841.287,9582,6263
67842.054,9583,6263
67861.836,9584,6263
67929.233,9585,6263
67930.829,9586,6263
67942.141,9587,6263
67962.359,9588,6263
67962.438,9589,6263
67962.464,9590,6263
67962.545,9591,6263
67970.623,9592,6263
67978.094,9593,6263
67978.1,9594,6263
68011.362,9595,6263
68034.734,9596,6263
68044.171,9597,6263
68063.459,9598,6263
68083.617,9599,6263
68102.698,9600,6263
68102.751,9601,6263
68102.776,9602,6263
68102.818,9603,6263
68103.066,9604,6263
68109.077,9605,6263
68118.051,9606,6263
68143.125,9607,6263
68150.906,9608,6263
68152.943,9609,6263
68157.182,9610,6263
68157.296,9611,6263
68196.137,9612,6263
68256.11,9613,6263
68270.612,9614,6263
68277.971,9615,6263
68298.406,9616,6263
68330.537,9617,6263
68346.658,9618,6263
68347.423,9619,6263
68393.787,9620,6263
68395.727,9621,6263
68395.969,9622,6263
68396.29,9623,6263
68492.092,9624,6263
68544.989,9625,6263
68545.101,9626,6263
68545.195,9627,6263
68545.291,9628,6263
68545.307,9629,6263
68545.559,9630,6263
68546.647,9631,6263
68547.525,9632,6263
68581.865,9633,6263
68653.491,9634,6263
68726.512,9635,6263
68743.17,9636,6263
68744.704,9637,6263
68762.355,9638,6263
68772.442,9639,6263
68773.511,9640,6263
68803.674,9641,6263
68804.426,9642,6263
68805.179,9643,6263
68805.802,9644,6263
68808.221,9645,6263
68813.101,9646,6263
68825.873,9647,6263
68850.773,9648,6263
68873.502,9649,6263
68903.638,9650,6263
68961.745,9651,6263
68967.678,9652,6263
68985.863,9653,6263
68988.291,9654,6263
69010.593,9655,6263
69010.796,9656,6263
69030.465,9657,6263
69038.409,9658,6263
69065.018,9659,6263
69065.741,9660,6263
69076.973,9661,6263
69077.91,9662,6263
69096.0,9663,6263
69096.11,9664,6263
69111.865,9665,6263
69114.821,9666,6263
69117.66,9667,6263
69154.683,9668,6263
69158.245,9669,6263
69158.802,9670,6263
69180.336,9671,6263
69180.39,9672,6263
69183.115,9673,6263
69194.494,9674,6263
69203.056,9675,6263
69229.526,9676,6263
69259.807,9677,6263
69300.295,9678,6263
69301.503,9679,6263
69379.794,9680,6263
69379.813,9681,6263
69379.829,9682,6263
69381.092,9683,6263
69382.23,9684,6263
69383.83,9685,6263
69384.407,9686,6263
69386.452,9687,6263
69391.637,9688,6263
69396.176,9689,6263
69400.283,9690,6263
69437.658,9691,6263
69437.712,9692,6263
69438.381,9693,6263
69440.959,9694,6263
69487.302,9695,6263
69498.562,9696,6263
69562.787,9697,6263
69563.028,9698,6263
69563.048,9699,6263
69598.206,9700,6263
69606.857,9701,6263
69606.918,9702,6263
69665.07,9703,6263
69666.605,9704,6263
69733.131,9705,6263
69734.825,9706,6263
69736.075,9707,6263
69811.215,9708,6263
69828.925,9709,6263
69887.525,9710,6263
69895.281,9711,6263
69904.017,9712,6263
69980.519,9713,6263
70022.745,9714,6263
70068.774,9715,6263
70068.862,9716,6263
70086.238,9717,6263
70096.56,9718,6263
70205.144,9719,6263
70245.804,9720,6263
70283.937,9721,6263
70284.061,9722,6263
70284.194,9723,6263
70286.973,9724,6263
70294.923,9725,6263
70298.622,9726,6263
70350.859,9727,6263
70354.959,9728,6263
70359.924,9729,6263
70436.788,9730,6263
70436.818,9731,6263
70442.976,9732,6263
70443.027,9733,6263
70449.33,9734,6263
70462.756,9735,6263
70476.815,9736,6263
70480.487,9737,6263
70486.045,9738,6263
70565.388,9739,6263
70623.784,9740,6263
70624.88,9741,6263
70636.592,9742,6263
70768.966,9743,6263
70776.065,9744,6263
70814.421,9745,6263
70842.411,9746,6263
70847.021,9747,6263
70874.822,9748,6263
70895.092,9749,6263
70932.549,9750,6263
70933.832,9751,6263
71006.766,9752,6263
71015.764,9753,6263
71028.479,9754,6263
71067.228,9755,6263
71089.296,9756,6263
71136.869,9757,6263
71144.697,9758,6263
71204.0,9759,6263
71209.244,9760,6263
71209.384,9761,6263
71209.908,9762,6263
71222.083,9763,6263
71279.36,9764,6263
71295.046,9765,6263
71309.614,9766,6263
71340.981,9767,6263
71341.535,9768,6263
71398.977,9769,6263
71405.93,9770,6263
71407.302,9771,6263
71408.481,9772,6263
71413.586,9773,6263
71515.003,9774,6263
71546.574,9775,6263
71547.519,9776,6263
71565.463,9777,6263
71565.971,9778,6263
71566.816,9779,6263
71568.942,9780,6263
71656.385,9781,6263
71723.174,9782,6263
71801.654,9783,6263
71832.83,9784,6263
71833.266,9785,6263
71868.452,9786,6263
71884.701,9787,6263
71896.055,9788,6263
71919.635,9789,6263
71933.852,9790,6263
71936.392,9791,6263
71950.804,9792,6263
71972.432,9793,6263
71986.554,9794,6263
72019.154,9795,6263
72019.187,9796,6263
72019.282,9797,6263
72031.633,9798,6263
72091.924,9799,6263
72093.853,9800,6263
72149.076,9801,6263
72233.372,9802,6263
72257.111,9803,6263
72352.959,9804,6263
72353.388,9805,6263
72354.574,9806,6263
72355.315,9807,6263
72361.159,9808,6263
72363.302,9809,6263
72381.579,9810,6263
72437.037,9811,6263
72437.373,9812,6263
72439.202,9813,6263
72443.38,9814,6263
72448.138,9815,6263
72508.47,9816,6263
72515.166,9817,6263
72571.579,9818,6263
72642.74,9819,6263
72678.63,9820,6263
72680.474,9821,6263
72768.138,9822,6263
72797.12,9823,6263
72905.716,9824,6263
72927.874,9825,6263
72968.526,9826,6263
73018.659,9827,6263
73066.797,9828,6263
73080.406,9829,6263
73166.795,9830,6263
73166.834,9831,6263
73170.726,9832,6263
73192.483,9833,6263
73192.908,9834,6263
73213.701,9835,6263
73241.263,9836,6263
73260.496,9837,6263
73266.299,9838,6263
73318.371,9839,6263
73329.895,9840,6263
73330.116,9841,6263
73341.326,9842,6263
73395.23,9843,6263
73453.381,9844,6263
73456.172,9845,6263
73490.506,9846,6263
73495.486,9847,6263
73538.044,9848,6263
73538.234,9849,6263
73550.943,9850,6263
73598.145,9851,6263
73661.637,9852,6263
73682.089,9853,6263
73716.91,9854,6263
73717.034,9855,6263
73717.459,9856,6263
73722.273,9857,6263
73729.691,9858,6263
73729.897,9859,6263
73749.903,9860,6263
73789.024,9861,6263
73789.726,9862,6263
73807.484,9863,6263
73813.922,9864,6263
73814.001,9865,6263
73829.448,9866,6263
73882.948,9867,6263
73896.963,9868,6263
73912.683,9869,6263
73920.252,9870,6263
73954.642,9871,6263
73954.878,9872,6263
73955.87,9873,6263
73958.035,9874,6263
73975.139,9875,6263
74036.102,9876,6263
74039.428,9877,6263
74064.471,9878,6263
74109.158,9879,6263
74136.621,9880,6263
74262.086,9881,6263
74292.155,9882,6263
74351.389,9883,6263
74351.439,9884,6263
74414.902,9885,6263
74415.678,9886,6263
74417.965,9887,6263
74577.959,9888,6264
74578.239,9889,6264
74594.807,9890,6264
74603.545,9891,6264
74603.551,9892,6264
74604.186,9893,6264
74605.788,9894,6264
74606.471,9895,6264
74607.266,9896,6264
74608.107,9897,6264
74610.924,9898,6264
74617.416,9899,6264
74617.7,9900,6264
74675.563,9901,6264
74731.643,9902,6264
74732.468,9903,6264
74767.549,9904,6264
74767.569,9905,6264
74768.122,9906,6264
74879.529,9907,6264
74898.292,9908,6264
74948.723,9909,6264
75079.399,9910,6264
75088.33,9911,6264
75128.049,9912,6264
75144.768,9913,6264
75145.096,9914,6264
75168.409,9915,6264
75199.152,9916,6264
75341.433,9917,6264
75400.378,9918,6264
75423.269,9919,6264
75448.834,9920,6264
75450.094,9921,6264
75514.142,9922,6264
75606.666,9923,6264
75682.047,9924,6264
75682.288,9925,6264
75682.378,9926,6264
75683.62,9927,6264
75684.109,9928,6264
75684.947,9929,6264
75690.345,9930,6264
75709.028,9931,6264
75803.998,9932,6265
75847.229,9933,6265
75892.382,9934,6265
75916.128,9935,6265
75956.4,9936,6265
76014.649,9937,6265
76060.79,9938,6265
76085.881,9939,6265
76116.4,9940,6265
76160.245,9941,6265
76177.505,9942,6265
76177.827,9943,6265
76231.835,9944,6265
76407.446,9945,6265
76495.723,9946,6265
76506.788,9947,6265
76607.458,9948,6265
76657.829,9949,6265
76658.564,9950,6265
76682.594,9951,6265
76841.015,9952,6265
76861.071,9953,6265
77044.102,9954,6265
77089.243,9955,6265
77107.496,9956,6265
77185.824,9957,6265
77227.648,9958,6265
77230.382,9959,6265
77304.746,9960,6265
77345.408,9961,6265
77433.935,9962,6265
77459.37,9963,6265
77485.976,9964,6265
77552.621,9965,6265
77566.527,9966,6265
77567.185,9967,6265
77600.111,9968,6265
77654.273,9969,6265
77692.193,9970,6265
77789.062,9971,6265
77805.818,9972,6265
77824.163,9973,6265
77847.827,9974,6265
77913.431,9975,6265
78086.917,9976,6265
78121.36,9977,6265
78122.648,9978,6265
78190.116,9979,6265
78214.494,9980,6265
78234.278,9981,6265
78236.134,9982,6265
78337.289,9983,6265
78337.987,9984,6265
78346.577,9985,6265
78351.544,9986,6265
78433.142,9987,6265
78555.203,9988,6265
78603.608,9989,6265
78773.257,9990,6265
78845.307,9991,6265
78962.396,9992,6265
79181.686,9993,6266
79182.817,9994,6266
79198.891,9995,6266
79308.681,9996,6266
79368.25,9997,6266
79390.633,9998,6266
79457.338,9999,6266
79478.806,10000,6266
79481.457,10001,6266
79489.117,10002,6266
79499.566,10003,6266
79528.91,10004,6266
79574.729,10005,6266
79576.231,10006,6266
79576.308,10007,6266
79576.715,10008,6266
79608.726,10009,6266
79608.831,10010,6266
79639.665,10011,6266
79654.064,10012,6266
79672.609,10013,6266
79690.164,10014,6266
79709.8,10015,6266
79813.438,10016,6266
79830.188,10017,6266
79834.864,10018,6267
79835.318,10019,6267
79843.653,10020,6267
79883.168,10021,6267
79883.305,10022,6267
79883.893,10023,6267
79887.834,10024,6267
79889.185,10025,6267
79889.277,10026,6267
79893.001,10027,6267
79893.644,10028,6267
79894.205,10029,6267
79932.631,10030,6267
79932.842,10031,6267
79933.162,10032,6267
79933.287,10033,6267
79934.052,10034,6267
79934.227,10035,6267
79935.452,10036,6267
79938.963,10037,6267
79942.517,10038,6267
79943.162,10039,6267
79945.231,10040,6267
79948.079,10041,6267
79952.666,10042,6267
79960.633,10043,6267
79961.037,10044,6267
79963.093,10045,6267
79963.495,10046,6267
79972.952,10047,6267
79973.473,10048,6267
79982.505,10049,6267
79982.531,10050,6267
79991.671,10051,6267
80015.475,10052,6267
80049.972,10053,6267
80090.354,10054,6267
80112.271,10055,6267
80135.807,10056,6267
80135.97,10057,6267
80136.08,10058,6267
80152.708,10059,6267
80152.869,10060,6267
80153.088,10061,6267
80153.115,10062,6267
80155.344,10063,6267
80156.138,10064,6267
80158.738,10065,6267
80158.817,10066,6267
80159.532,10067,6267
80163.263,10068,6267
80163.711,10069,6267
80164.025,10070,6267
80226.652,10071,6267
80288.455,10072,6267
80289.087,10073,6267
80290.768,10074,6267
80295.014,10075,6267
80296.49,10076,6267
80297.541,10077,6267
80303.43,10078,6267
80303.845,10079,6267
80307.662,10080,6267
80309.013,10081,6267
80318.978,10082,6267
80319.685,10083,6267
80338.051,10084,6267
80346.797,10085,6267
80347.936,10086,6267
80359.135,10087,6267
80361.755,10088,6267
80363.29,10089,6267
80422.104,10090,6267
80441.686,10091,6267
80443.451,10092,6267
80443.564,10093,6267
80443.614,10094,6267
80447.073,10095,6267
80450.329,10096,6267
80450.418,10097,6267
80452.292,10098,6267
80453.565,10099,6267
80455.107,10100,6267
80457.707,10101,6267
80463.047,10102,6267
80466.415,10103,6267
80491.613,10104,6267
80495.321,10105,6267
80496.013,10106,6267
80496.165,10107,6267
80496.33,10108,6267
80498.904,10109,6267
80499.34,10110,6267
80504.604,10111,6267
80570.619,10112,6267
80590.773,10113,6267
80720.784,10114,6267
80742.775,10115,6267
80743.47,10116,6267
80744.669,10117,6267
80750.524,10118,6267
80754.46,10119,6267
80754.681,10120,6267
80757.804,10121,6267
80759.379,10122,6267
80759.977,10123,6267
80886.329,10124,6267
80886.49,10125,6267
80886.542,10126,6267
80886.614,10127,6267
80886.669,10128,6267
80901.371,10129,6267
80901.43,10130,6267
80901.499,10131,6267
80988.633,10132,6267
81000.468,10133,6267
81004.287,10134,6267
81027.264,10135,6267
81027.328,10136,6267
81027.376,10137,6267
81070.875,10138,6267
81112.447,10139,6267
81150.517,10140,6267
81168.167,10141,6267
81181.202,10142,6267
81183.874,10143,6267
81239.525,10144,6267
81259.739,10145,6267
81261.953,10146,6267
81289.748,10147,6267
81291.08,10148,6267
81291.396,10149,6267
81293.967,10150,6267
81295.12,10151,6267
81300.051,10152,6267
81303.213,10153,6267
81321.442,10154,6267
81389.64,10155,6267
81396.166,10156,6267
81397.846,10157,6267
81407.781,10158,6267
81462.334,10159,6267
81510.387,10160,6267
81521.408,10161,6267
81529.6,10162,6267
81604.188,10163,6267
81614.211,10164,6267
81614.272,10165,6267
81614.339,10166,6267
81614.533,10167,6267
81615.895,10168,6267
81739.508,10169,6267
81808.394,10170,6267
81858.166,10171,6267
81935.717,10172,6267
81935.856,10173,6267
81985.061,10174,6267
82032.433,10175,6267
82113.098,10176,6267
82213.032,10177,6267
82213.512,10178,6267
82213.717,10179,6267
82213.75,10180,6267
82216.902,10181,6267
82315.553,10182,6267
82316.156,10183,6267
82316.54,10184,6267
82318.573,10185,6267
82319.904,10186,6267
82323.84,10187,6267
82382.252,10188,6267
82674.041,10189,6267
82694.472,10190,6267
82945.928,10191,6267
82947.678,10192,6267
82948.921,10193,6267
82998.771,10194,6267
83001.039,10195,6267
83001.117,10196,6267
83063.399,10197,6267
83065.359,10198,6267
83065.949,10199,6267
83102.147,10200,6267
83103.024,10201,6267
83106.049,10202,6267
83138.325,10203,6267
83140.451,10204,6267
83143.903,10205,6267
83147.198,10206,6267
83210.214,10207,6267
83246.666,10208,6267
83299.593,10209,6267
83314.18,10210,6267
83417.256,10211,6267
83429.775,10212,6267
83474.064,10213,6267
83617.656,10214,6267
83635.338,10215,6267
83767.603,10216,6267
84193.729,10217,6267
84205.584,10218,6267
84328.855,10219,6267
84416.469,10220,6267
84451.81,10221,6267
84550.054,10222,6267
84679.592,10223,6267
84679.596,10224,6267
84679.692,10225,6267
84679.735,10226,6267
84818.733,10227,6267
84818.739,10228,6267
84819.333,10229,6267
84848.254,10230,6267
84974.777,10231,6267
85172.487,10232,6267
85229.499,10233,6267
85400.578,10234,6267
85421.927,10235,6267
85472.293,10236,6267
85580.896,10237,6267
85670.2,10238,6267
85671.835,10239,6267
