time_s,inputs,cumulative_edges
0.0,1,153
0.001,2,158
0.005,3,161
0.009,4,164
0.015,5,165
0.021,6,168
0.03,7,174
0.068,8,175
0.072,9,175
0.074,10,175
0.077,11,175
0.084,12,175
0.09,13,182
0.099,14,224
0.104,15,224
0.11,16,224
0.118,17,254
0.128,18,257
0.139,19,258
0.142,20,258
0.145,21,259
0.153,22,261
0.157,23,261
0.161,24,269
0.17,25,269
0.178,26,274
0.181,27,274
0.185,28,274
0.194,29,274
0.201,30,276
0.239,31,276
0.248,32,276
0.26,33,277
0.262,34,278
0.27,35,278
0.333,36,278
0.336,37,278
0.391,38,278
0.408,39,278
0.429,40,278
0.484,41,278
0.495,42,278
0.528,43,278
0.558,44,278
0.562,45,278
0.646,46,278
0.699,47,278
0.723,48,278
0.795,49,279
0.809,50,279
0.841,51,279
0.866,52,279
0.904,53,279
0.934,54,280
0.952,55,280
0.968,56,280
0.977,57,298
1.06,58,298
1.104,59,311
1.111,60,311
1.186,61,311
1.223,62,317
1.232,63,317
1.281,64,318
1.348,65,318
1.392,66,319
1.529,67,319
1.564,68,319
1.632,69,319
1.636,70,319
1.713,71,319
1.836,72,320
1.986,73,320
2.032,74,320
2.1,75,320
2.155,76,320
2.157,77,320
2.275,78,320
2.316,79,320
2.419,80,320
2.435,81,325
2.454,82,326
2.517,83,326
2.539,84,327
2.556,85,327
2.563,86,327
2.589,87,328
2.592,88,328
2.7,89,328
2.854,90,328
2.892,91,328
2.925,92,330
2.939,93,331
3.115,94,331
3.321,95,331
3.366,96,332
3.384,97,332
3.423,98,332
3.52,99,332
3.538,100,343
3.682,101,345
3.763,102,346
3.773,103,346
4.058,104,346
4.456,105,346
4.551,106,346
4.595,107,346
4.709,108,346
4.807,109,346
4.835,110,347
4.992,111,347
5.053,112,347
5.14,113,347
5.505,114,347
6.039,115,347
6.049,116,347
6.125,117,347
6.22,118,347
6.375,119,348
6.458,120,348
6.567,121,349
6.578,122,349
6.628,123,349
6.763,124,356
7.033,125,358
7.726,126,358
7.735,127,358
8.055,128,362
8.203,129,362
8.317,130,362
8.387,131,363
8.439,132,363
8.62,133,363
8.755,134,363
8.766,135,363
9.651,136,364
9.664,137,365
9.928,138,365
10.059,139,365
10.274,140,368
10.31,141,368
10.352,142,368
10.363,143,368
10.427,144,368
10.465,145,369
10.48,146,375
10.518,147,376
11.042,148,376
11.073,149,376
11.115,150,376
11.316,151,376
11.388,152,381
11.391,153,382
11.469,154,382
11.56,155,382
11.666,156,382
11.877,157,382
12.216,158,382
12.372,159,382
12.392,160,383
12.421,161,383
12.593,162,383
12.795,163,383
12.881,164,383
12.967,165,384
12.982,166,387
14.73,167,387
15.181,168,387
15.466,169,387
15.524,170,389
15.923,171,389
15.976,172,390
16.299,173,390
16.649,174,390
17.017,175,390
17.636,176,390
18.473,177,391
18.709,178,391
18.728,179,391
18.97,180,391
19.076,181,391
19.264,182,391
19.722,183,391
19.868,184,393
20.25,185,393
20.45,186,393
20.567,187,394
20.582,188,394
21.566,189,395
21.908,190,396
22.033,191,396
22.249,192,396
22.472,193,396
23.395,194,397
23.506,195,397
23.594,196,397
23.955,197,397
24.073,198,397
24.1,199,397
24.585,200,397
24.659,201,397
25.197,202,397
25.993,203,397
26.094,204,397
26.137,205,397
27.021,206,397
27.236,207,397
27.294,208,397
28.199,209,397
28.52,210,397
28.757,211,397
28.826,212,397
29.387,213,397
29.429,214,397
29.933,215,397
30.007,216,397
30.01,217,397
30.016,218,397
30.113,219,397
30.116,220,397
30.157,221,397
30.179,222,397
30.207,223,397
30.304,224,397
30.358,225,397
30.383,226,397
30.4,227,397
30.416,228,397
30.456,229,397
30.463,230,397
30.497,231,397
30.565,232,397
30.572,233,397
30.584,234,397
30.799,235,397
30.818,236,397
30.911,237,397
30.984,238,397
31.05,239,397
31.088,240,397
31.125,241,397
31.134,242,397
31.197,243,397
31.204,244,397
31.37,245,397
31.47,246,397
31.488,247,398
31.588,248,398
31.621,249,398
31.755,250,398
31.831,251,398
31.878,252,398
31.947,253,398
32.041,254,398
32.056,255,398
32.245,256,398
32.381,257,398
32.387,258,398
32.599,259,398
32.765,260,398
32.858,261,398
33.011,262,398
33.248,263,398
33.799,264,398
33.842,265,398
34.537,266,398
34.642,267,398
34.813,268,398
35.037,269,398
35.86,270,398
35.97,271,398
36.536,272,398
36.559,273,398
36.705,274,398
36.948,275,398
36.999,276,398
37.86,277,398
38.33,278,398
38.605,279,398
38.724,280,398
39.401,281,398
39.429,282,399
39.499,283,399
40.49,284,399
40.797,285,399
41.343,286,399
41.53,287,399
41.932,288,399
42.648,289,399
43.179,290,399
43.874,291,399
44.056,292,399
44.072,293,399
44.142,294,399
44.147,295,399
44.371,296,399
45.193,297,399
47.731,298,399
47.849,299,399
48.157,300,399
48.767,301,399
48.879,302,399
48.993,303,399
49.394,304,399
49.799,305,399
51.065,306,399
51.465,307,399
51.616,308,399
52.065,309,399
53.136,310,402
53.225,311,402
53.241,312,405
53.253,313,405
53.404,314,406
53.414,315,406
53.458,316,450
53.509,317,450
53.72,318,454
53.764,319,474
53.774,320,474
53.791,321,474
53.852,322,477
53.895,323,478
53.935,324,479
53.972,325,481
54.144,326,485
54.245,327,485
54.313,328,485
54.339,329,485
54.343,330,485
54.638,331,485
54.827,332,486
55.008,333,486
55.018,334,487
55.076,335,488
55.27,336,499
55.555,337,500
55.731,338,500
55.784,339,503
55.989,340,505
56.083,341,505
56.163,342,505
56.592,343,505
57.126,344,524
57.144,345,527
57.316,346,527
57.325,347,531
57.77,348,534
57.793,349,534
57.983,350,535
58.023,351,535
58.055,352,535
58.175,353,535
58.383,354,541
58.536,355,542
58.703,356,542
58.752,357,542
58.787,358,544
58.887,359,544
59.06,360,544
59.286,361,544
59.369,362,553
59.662,363,554
59.737,364,554
60.41,365,555
60.581,366,556
60.76,367,558
61.062,368,559
61.192,369,559
61.399,370,559
61.578,371,559
61.629,372,559
61.778,373,559
62.073,374,562
62.298,375,562
62.32,376,562
62.739,377,562
62.913,378,563
63.274,379,563
63.328,380,564
63.752,381,564
63.864,382,565
64.112,383,566
65.192,384,566
65.579,385,566
65.746,386,566
66.047,387,566
67.37,388,566
68.206,389,566
68.514,390,566
68.58,391,566
68.708,392,566
68.96,393,566
69.002,394,566
69.054,395,566
69.06,396,568
69.097,397,568
69.374,398,568
69.437,399,568
69.632,400,568
69.704,401,571
69.841,402,571
69.991,403,571
70.072,404,572
70.259,405,572
70.295,406,573
70.702,407,573
70.784,408,576
70.823,409,577
70.88,410,577
70.994,411,577
71.016,412,577
71.19,413,577
71.608,414,577
71.878,415,577
72.049,416,577
72.144,417,577
72.155,418,577
74.04,419,578
74.047,420,578
74.145,421,578
74.92,422,578
75.26,423,578
75.431,424,578
75.688,425,578
75.862,426,578
76.102,427,579
76.181,428,580
76.38,429,580
76.48,430,581
76.853,431,582
76.969,432,582
76.997,433,582
77.018,434,583
77.282,435,583
77.413,436,585
77.579,437,586
77.936,438,587
78.29,439,587
78.66,440,588
78.749,441,588
78.996,442,588
79.732,443,588
79.776,444,588
79.813,445,589
80.377,446,590
81.542,447,590
81.617,448,591
82.076,449,592
82.091,450,593
83.062,451,594
83.654,452,594
83.754,453,594
83.847,454,594
83.879,455,594
83.991,456,595
84.065,457,595
84.163,458,595
84.243,459,595
84.347,460,595
84.419,461,595
84.732,462,604
85.05,463,604
85.213,464,604
85.38,465,604
86.548,466,604
86.892,467,604
88.577,468,604
89.229,469,604
89.311,470,604
90.136,471,604
90.433,472,605
90.519,473,605
90.554,474,605
90.589,475,605
90.618,476,607
90.671,477,608
90.765,478,608
90.864,479,608
90.985,480,608
91.03,481,608
91.138,482,608
91.685,483,608
92.185,484,608
92.257,485,608
92.875,486,609
92.903,487,609
92.927,488,609
93.398,489,609
93.512,490,609
93.516,491,609
93.659,492,609
94.055,493,609
95.611,494,610
95.855,495,615
95.901,496,615
96.049,497,615
97.337,498,615
97.744,499,615
97.992,500,615
98.834,501,615
99.495,502,615
99.835,503,615
100.551,504,615
100.75,505,615
101.493,506,615
102.961,507,617
104.587,508,617
104.797,509,617
105.098,510,617
105.253,511,617
105.257,512,619
105.383,513,619
105.394,514,619
105.427,515,619
105.435,516,619
105.506,517,619
105.662,518,619
105.818,519,619
105.867,520,619
105.924,521,619
105.984,522,619
106.121,523,620
106.338,524,620
106.359,525,620
106.371,526,620
106.495,527,620
106.541,528,622
106.544,529,622
106.806,530,622
106.927,531,622
107.088,532,622
107.158,533,622
107.885,534,622
108.762,535,623
108.808,536,623
109.134,537,623
109.329,538,623
109.343,539,623
109.489,540,624
109.523,541,631
109.998,542,631
110.233,543,632
110.25,544,633
110.291,545,633
110.513,546,639
111.025,547,641
111.079,548,642
111.084,549,1037
112.031,550,1041
112.113,551,1042
112.152,552,1042
112.253,553,1043
112.308,554,1183
112.527,555,1183
112.597,556,1185
112.703,557,1185
112.816,558,1185
113.019,559,1185
113.363,560,1187
113.622,561,1188
113.846,562,1188
114.157,563,1227
114.554,564,1227
114.562,565,1227
114.574,566,1227
114.605,567,1227
114.699,568,1228
114.933,569,1228
115.071,570,1228
115.203,571,1228
115.417,572,1229
115.437,573,1229
115.512,574,1229
115.617,575,1229
115.689,576,1230
115.943,577,1230
116.179,578,1230
116.371,579,1230
116.516,580,1230
116.535,581,1232
117.414,582,1232
119.19,583,1232
119.894,584,1232
121.832,585,1232
121.948,586,1232
122.111,587,1232
122.189,588,1232
122.876,589,1273
122.894,590,1273
122.905,591,1276
122.907,592,1327
122.909,593,1328
122.966,594,1335
122.982,595,1338
122.985,596,1362
122.988,597,1364
123.007,598,1412
123.042,599,1412
123.078,600,1415
123.085,601,1457
123.116,602,1525
123.132,603,1549
123.146,604,1551
123.158,605,1588
123.165,606,1589
123.169,607,1589
123.176,608,1590
123.223,609,1592
123.243,610,1724
123.248,611,1725
123.252,612,1725
123.255,613,1843
123.313,614,1850
123.339,615,1851
123.397,616,1851
123.404,617,1851
123.436,618,1851
123.439,619,1851
123.48,620,1854
123.542,621,1860
123.548,622,1860
123.557,623,1862
123.584,624,1862
123.623,625,1862
123.627,626,1862
123.638,627,1894
123.766,628,1900
123.78,629,1904
123.827,630,1993
123.863,631,1993
123.891,632,1993
123.94,633,2087
123.97,634,2213
123.974,635,2213
123.996,636,2215
124.008,637,2217
124.085,638,2229
124.157,639,2229
124.266,640,2296
124.281,641,2296
124.343,642,2297
124.352,643,2297
124.362,644,2346
124.373,645,2346
124.469,646,2350
124.478,647,2351
124.559,648,2357
124.563,649,2361
124.63,650,2363
124.673,651,2370
124.707,652,2370
124.717,653,2370
124.804,654,2386
124.846,655,2386
124.851,656,2387
124.862,657,2398
125.003,658,2400
125.019,659,2401
125.063,660,2401
125.093,661,2401
125.113,662,2402
125.119,663,2402
125.125,664,2405
125.262,665,2411
125.268,666,2411
125.392,667,2411
125.501,668,2418
125.525,669,2418
125.546,670,2418
125.61,671,2419
125.612,672,2419
125.67,673,2419
125.701,674,2419
125.724,675,2419
125.785,676,2445
125.866,677,2446
125.878,678,2446
125.893,679,2448
125.92,680,2449
125.953,681,2464
126.006,682,2464
126.025,683,2464
126.044,684,2468
126.088,685,2468
126.138,686,2475
126.182,687,2490
126.227,688,2494
126.259,689,2494
126.317,690,2494
126.333,691,2495
126.359,692,2501
126.367,693,2542
126.407,694,2543
126.471,695,2544
126.479,696,2548
126.606,697,2548
126.652,698,2548
126.748,699,2548
126.759,700,2548
126.782,701,2549
126.816,702,2549
126.876,703,2550
126.93,704,2551
127.051,705,2551
127.259,706,2551
127.263,707,2551
127.282,708,2551
127.439,709,2555
127.483,710,2555
127.513,711,2555
127.522,712,2555
127.549,713,2555
127.553,714,2557
127.588,715,2560
127.687,716,2560
127.712,717,2564
127.851,718,2568
127.894,719,2568
127.923,720,2568
127.927,721,2569
127.951,722,2570
127.982,723,2570
128.035,724,2571
128.064,725,2572
128.073,726,2605
128.077,727,2605
128.102,728,2605
128.124,729,2605
128.234,730,2605
128.27,731,2609
128.347,732,2610
128.353,733,2610
128.476,734,2610
128.639,735,2610
128.728,736,2613
128.73,737,2613
128.746,738,2622
128.754,739,2631
128.869,740,2657
129.021,741,2657
129.026,742,2659
129.218,743,2659
129.26,744,2659
129.275,745,2659
129.35,746,2673
129.39,747,2673
129.517,748,2687
129.527,749,2687
129.533,750,2687
129.613,751,2687
129.64,752,2693
129.819,753,2693
129.899,754,2693
130.56,755,2693
130.584,756,2693
130.591,757,2693
130.611,758,2693
130.617,759,2693
130.622,760,2697
130.63,761,2697
130.652,762,2699
130.657,763,2699
130.67,764,2699
130.695,765,2703
130.721,766,2703
130.724,767,2703
130.747,768,2703
130.758,769,2703
130.859,770,2703
130.918,771,2703
130.939,772,2705
131.046,773,2706
131.112,774,2706
131.16,775,2714
131.17,776,2714
131.174,777,2714
131.267,778,2714
131.281,779,2726
131.284,780,2726
131.294,781,2726
131.322,782,2726
131.338,783,2726
131.361,784,2737
131.382,785,2738
131.389,786,2738
131.425,787,2738
131.429,788,2739
131.48,789,2743
131.484,790,2748
131.581,791,2748
131.67,792,2831
131.735,793,2831
131.909,794,2834
131.965,795,2834
132.052,796,2835
132.318,797,2842
132.499,798,2842
132.522,799,2842
132.526,800,2864
132.537,801,2864
132.708,802,2865
132.777,803,2866
132.983,804,2866
133.16,805,2866
133.652,806,2866
133.713,807,2866
133.785,808,2867
134.14,809,2872
134.568,810,2872
134.575,811,2872
134.588,812,2872
134.686,813,2873
134.695,814,2873
134.716,815,2877
134.794,816,2880
134.904,817,2942
135.239,818,2942
135.366,819,2942
135.702,820,2948
135.992,821,2951
136.083,822,2963
136.108,823,2964
136.215,824,2970
136.431,825,2971
136.699,826,2972
136.735,827,2973
136.867,828,2973
136.943,829,2973
136.975,830,2973
137.159,831,2978
137.169,832,2978
137.318,833,2978
137.352,834,2983
137.381,835,2983
137.501,836,2983
137.673,837,2983
137.751,838,2983
138.066,839,2985
138.085,840,2985
138.138,841,2986
138.304,842,2986
138.571,843,2986
138.575,844,2986
138.649,845,2988
138.979,846,2988
139.292,847,2995
140.001,848,3013
140.118,849,3015
140.795,850,3015
140.915,851,3016
141.088,852,3016
141.394,853,3017
141.5,854,3022
141.553,855,3023
141.853,856,3028
142.091,857,3028
142.188,858,3029
142.445,859,3031
142.595,860,3031
142.601,861,3031
142.612,862,3033
142.62,863,3037
142.83,864,3037
142.958,865,3038
143.594,866,3042
143.827,867,3042
144.124,868,3047
144.228,869,3049
144.313,870,3051
144.413,871,3052
144.801,872,3052
145.49,873,3058
146.043,874,3058
146.17,875,3059
146.257,876,3060
146.261,877,3060
146.56,878,3069
146.926,879,3079
147.794,880,3080
147.907,881,3080
148.067,882,3080
148.137,883,3080
148.35,884,3080
148.655,885,3081
148.737,886,3081
148.774,887,3105
148.941,888,3105
149.086,889,3107
149.275,890,3108
149.482,891,3109
149.694,892,3111
149.779,893,3112
149.871,894,3113
149.892,895,3113
150.135,896,3116
150.359,897,3117
150.394,898,3117
150.582,899,3117
150.634,900,3119
150.764,901,3119
150.994,902,3120
150.996,903,3120
151.124,904,3120
151.169,905,3120
151.255,906,3120
151.297,907,3120
151.419,908,3120
151.554,909,3123
151.566,910,3123
151.621,911,3123
151.631,912,3123
151.846,913,3123
152.368,914,3124
152.485,915,3124
152.701,916,3173
152.846,917,3173
153.207,918,3173
153.35,919,3174
153.687,920,3174
153.719,921,3175
153.721,922,3177
153.725,923,3177
153.728,924,3177
153.731,925,3178
153.733,926,3181
153.738,927,3181
153.74,928,3181
153.794,929,3182
153.81,930,3182
153.815,931,3182
153.819,932,3182
153.822,933,3186
153.836,934,3186
153.838,935,3186
153.86,936,3192
153.868,937,3192
153.88,938,3193
153.886,939,3193
153.91,940,3194
153.914,941,3195
153.924,942,3196
153.934,943,3196
153.948,944,3196
153.97,945,3196
153.986,946,3197
153.994,947,3197
154.048,948,3197
154.056,949,3197
154.074,950,3198
154.08,951,3200
154.089,952,3200
154.101,953,3200
154.136,954,3203
154.147,955,3203
154.156,956,3211
154.165,957,3211
154.186,958,3211
154.213,959,3211
154.242,960,3211
154.252,961,3215
154.269,962,3217
154.278,963,3217
154.283,964,3217
154.323,965,3219
154.331,966,3219
154.35,967,3219
154.39,968,3219
154.406,969,3219
154.427,970,3222
154.444,971,3224
154.449,972,3226
154.488,973,3231
154.522,974,3231
154.529,975,3231
154.543,976,3231
154.548,977,3231
154.595,978,3231
154.627,979,3252
154.654,980,3252
154.674,981,3253
154.695,982,3253
154.713,983,3253
154.716,984,3253
154.779,985,3253
154.784,986,3253
154.794,987,3256
154.825,988,3257
154.83,989,3257
154.854,990,3266
154.904,991,3266
154.906,992,3267
154.915,993,3267
154.944,994,3267
154.959,995,3268
154.978,996,3268
155.013,997,3269
155.046,998,3407
155.08,999,3407
155.088,1000,3407
155.113,1001,3407
155.145,1002,3409
155.166,1003,3409
155.218,1004,3409
155.273,1005,3409
155.276,1006,3409
155.352,1007,3409
155.422,1008,3409
155.43,1009,3498
155.46,1010,3499
155.483,1011,3500
155.553,1012,3500
155.566,1013,3503
155.686,1014,3503
155.702,1015,3503
155.735,1016,3503
155.77,1017,3505
155.776,1018,3505
155.921,1019,3505
156.059,1020,3506
156.104,1021,3506
156.108,1022,3506
156.114,1023,3507
156.182,1024,3507
156.219,1025,3508
156.235,1026,3508
156.243,1027,3509
156.259,1028,3509
156.274,1029,3514
156.358,1030,3515
156.363,1031,3516
156.446,1032,3516
156.483,1033,3517
156.487,1034,3517
156.555,1035,3521
156.573,1036,3521
156.622,1037,3521
156.737,1038,3521
156.795,1039,3521
156.879,1040,3522
156.935,1041,3522
156.979,1042,3522
156.981,1043,3524
157.035,1044,3525
157.089,1045,3526
157.11,1046,3532
157.194,1047,3532
157.199,1048,3532
157.23,1049,3532
157.234,1050,3532
157.29,1051,3533
157.309,1052,3533
157.358,1053,3533
157.383,1054,3533
157.515,1055,3533
157.632,1056,3533
157.638,1057,3533
157.711,1058,3533
157.722,1059,3533
157.792,1060,3533
157.814,1061,3534
157.879,1062,3576
157.997,1063,3576
158.108,1064,3576
158.114,1065,3578
158.16,1066,3579
158.282,1067,3579
158.292,1068,3580
158.318,1069,3580
158.34,1070,3580
158.366,1071,3580
158.39,1072,3580
158.447,1073,3581
158.532,1074,3581
158.599,1075,3581
158.608,1076,3582
158.642,1077,3582
158.71,1078,3582
158.737,1079,3583
158.817,1080,3583
158.847,1081,3583
158.884,1082,3652
158.951,1083,3652
158.969,1084,3652
159.262,1085,3652
159.408,1086,3654
159.527,1087,3654
159.531,1088,3655
159.537,1089,3655
159.601,1090,3655
159.623,1091,3656
159.646,1092,3658
159.668,1093,3658
159.685,1094,3658
159.692,1095,3658
159.705,1096,3668
159.755,1097,3668
159.792,1098,3676
159.797,1099,3676
159.861,1100,3676
159.869,1101,3676
159.932,1102,3676
159.974,1103,3676
160.108,1104,3676
160.167,1105,3676
160.199,1106,3678
160.263,1107,3678
160.339,1108,3678
160.409,1109,3678
160.614,1110,3678
160.627,1111,3681
160.666,1112,3681
160.87,1113,3681
160.932,1114,3681
161.05,1115,3681
161.079,1116,3681
161.34,1117,3681
161.418,1118,3681
161.457,1119,3681
161.679,1120,3681
161.927,1121,3681
162.072,1122,3681
162.668,1123,3681
162.722,1124,3681
162.92,1125,3682
163.096,1126,3682
163.145,1127,3682
163.306,1128,3684
163.399,1129,3684
163.669,1130,3684
163.746,1131,3685
163.823,1132,3685
163.935,1133,3685
164.082,1134,3689
164.125,1135,3689
164.452,1136,3690
164.494,1137,3690
164.523,1138,3696
164.902,1139,3701
164.904,1140,3701
164.978,1141,3701
164.99,1142,3702
165.043,1143,3703
165.052,1144,3703
165.076,1145,3703
165.094,1146,3703
165.142,1147,3703
165.16,1148,3705
165.17,1149,3705
165.216,1150,3705
165.222,1151,3705
165.255,1152,3705
165.316,1153,3705
165.413,1154,3705
165.419,1155,3706
165.437,1156,3706
165.517,1157,3706
165.528,1158,3711
165.541,1159,3711
165.627,1160,3711
165.862,1161,3719
165.883,1162,3725
165.958,1163,3732
166.03,1164,3734
166.286,1165,3734
166.29,1166,3828
166.313,1167,3828
166.346,1168,3828
166.351,1169,3828
166.366,1170,3828
166.517,1171,3830
166.537,1172,3830
166.554,1173,3831
166.707,1174,3847
166.844,1175,3847
166.882,1176,3847
166.891,1177,3847
166.995,1178,3848
167.017,1179,3848
167.126,1180,3856
167.188,1181,3856
167.282,1182,3856
167.288,1183,3856
167.323,1184,3895
167.462,1185,3898
167.47,1186,3898
167.493,1187,3901
167.575,1188,3901
167.598,1189,3902
167.605,1190,3917
167.662,1191,3918
167.685,1192,3918
167.723,1193,3918
167.77,1194,3919
167.861,1195,3919
167.917,1196,3936
167.993,1197,3937
168.06,1198,3938
168.093,1199,3938
168.11,1200,3938
168.116,1201,3939
168.289,1202,3939
168.351,1203,3939
168.387,1204,3939
168.474,1205,3940
168.478,1206,3940
168.518,1207,3941
168.536,1208,3945
168.588,1209,3945
168.637,1210,3945
168.688,1211,3945
168.96,1212,3947
168.968,1213,3976
169.106,1214,3980
169.109,1215,3980
169.15,1216,3980
169.205,1217,3980
169.238,1218,3983
169.262,1219,3987
169.332,1220,3987
169.408,1221,3987
169.429,1222,3987
169.442,1223,3987
169.492,1224,3991
169.667,1225,3991
169.887,1226,3991
169.934,1227,3991
170.161,1228,3991
170.388,1229,3991
170.477,1230,3991
170.563,1231,4011
170.893,1232,4013
171.273,1233,4019
171.302,1234,4019
171.441,1235,4037
171.481,1236,4038
171.489,1237,4038
171.639,1238,4038
171.663,1239,4039
171.719,1240,4049
171.766,1241,4049
171.886,1242,4050
171.901,1243,4050
171.943,1244,4051
172.05,1245,4051
172.114,1246,4051
172.29,1247,4051
172.3,1248,4052
172.333,1249,4052
172.356,1250,4056
172.5,1251,4056
172.614,1252,4056
172.64,1253,4060
172.783,1254,4060
172.954,1255,4060
173.246,1256,4060
173.435,1257,4060
173.541,1258,4060
173.557,1259,4061
173.617,1260,4061
173.72,1261,4061
173.76,1262,4062
173.811,1263,4062
173.979,1264,4063
173.994,1265,4063
174.093,1266,4063
174.152,1267,4063
174.353,1268,4067
174.384,1269,4067
174.556,1270,4071
174.624,1271,4071
174.725,1272,4092
174.813,1273,4094
174.938,1274,4095
174.971,1275,4095
175.145,1276,4096
175.296,1277,4097
175.372,1278,4097
175.387,1279,4097
175.586,1280,4099
175.714,1281,4102
175.992,1282,4104
176.072,1283,4105
176.08,1284,4105
176.112,1285,4207
176.131,1286,4207
176.136,1287,4207
176.499,1288,4207
176.533,1289,4208
176.658,1290,4208
176.671,1291,4208
176.867,1292,4208
177.306,1293,4208
177.579,1294,4209
177.755,1295,4209
177.895,1296,4210
178.043,1297,4213
178.111,1298,4213
178.115,1299,4214
178.356,1300,4214
178.455,1301,4214
178.478,1302,4215
178.658,1303,4215
178.667,1304,4218
178.683,1305,4218
178.71,1306,4253
178.73,1307,4253
178.838,1308,4253
178.887,1309,4253
179.175,1310,4253
179.279,1311,4253
179.356,1312,4253
179.405,1313,4253
179.41,1314,4253
179.562,1315,4253
179.733,1316,4253
179.918,1317,4253
179.966,1318,4253
179.985,1319,4253
180.105,1320,4253
180.342,1321,4254
180.57,1322,4263
180.644,1323,4265
180.668,1324,4265
180.894,1325,4265
180.903,1326,4272
180.906,1327,4287
180.911,1328,4289
180.951,1329,4314
180.958,1330,4314
180.963,1331,4315
180.967,1332,4316
180.981,1333,4317
180.986,1334,4317
180.993,1335,4319
180.999,1336,4319
181.033,1337,4320
181.042,1338,4320
181.047,1339,4320
181.064,1340,4320
181.082,1341,4327
181.087,1342,4327
181.106,1343,4341
181.118,1344,4341
181.131,1345,4370
181.135,1346,4374
181.153,1347,4374
181.162,1348,4374
181.167,1349,4374
181.178,1350,4374
181.185,1351,4374
181.191,1352,4376
181.202,1353,4376
181.22,1354,4376
181.252,1355,4378
181.269,1356,4378
181.274,1357,4378
181.297,1358,4378
181.307,1359,4380
181.365,1360,4380
181.373,1361,4381
181.391,1362,4381
181.404,1363,4381
181.436,1364,4381
181.454,1365,4381
181.459,1366,4381
181.464,1367,4382
181.473,1368,4382
181.483,1369,4382
181.496,1370,4386
181.516,1371,4386
181.52,1372,4422
181.533,1373,4422
181.559,1374,4422
181.631,1375,4422
181.643,1376,4434
181.667,1377,4434
181.69,1378,4440
181.702,1379,4443
181.706,1380,4443
181.717,1381,4445
181.734,1382,4446
181.745,1383,4446
181.779,1384,4446
181.794,1385,4451
181.815,1386,4452
181.828,1387,4452
181.889,1388,4452
181.902,1389,4459
181.925,1390,4459
181.978,1391,4459
181.989,1392,4459
182.011,1393,4459
182.034,1394,4459
182.06,1395,4459
182.064,1396,4459
182.095,1397,4459
182.169,1398,4462
182.177,1399,4462
182.191,1400,4482
182.208,1401,4482
182.236,1402,4482
182.286,1403,4486
182.313,1404,4486
182.332,1405,4486
182.357,1406,4492
182.396,1407,4493
182.428,1408,4493
182.431,1409,4493
182.471,1410,4493
182.505,1411,4496
182.558,1412,4498
182.618,1413,4498
182.653,1414,4499
182.667,1415,4499
182.729,1416,4500
182.855,1417,4500
182.861,1418,4500
182.891,1419,4501
183.012,1420,4501
183.047,1421,4501
183.058,1422,4501
183.099,1423,4501
183.116,1424,4501
183.154,1425,4501
183.186,1426,4501
183.252,1427,4501
183.311,1428,4501
183.362,1429,4501
183.38,1430,4502
183.417,1431,4502
183.429,1432,4502
183.461,1433,4502
183.521,1434,4506
183.551,1435,4506
183.582,1436,4506
183.749,1437,4506
183.781,1438,4508
183.791,1439,4508
183.956,1440,4508
183.986,1441,4508
184.065,1442,4509
184.122,1443,4510
184.16,1444,4511
184.213,1445,4511
184.226,1446,4511
184.293,1447,4511
184.386,1448,4565
184.425,1449,4565
184.574,1450,4565
184.709,1451,4565
184.795,1452,4565
184.907,1453,4580
184.918,1454,4580
184.929,1455,4583
184.979,1456,4583
185.038,1457,4585
185.055,1458,4585
185.104,1459,4585
185.188,1460,4586
185.218,1461,4586
185.229,1462,4586
185.366,1463,4586
185.814,1464,4586
185.867,1465,4586
185.873,1466,4586
185.879,1467,4586
185.883,1468,4586
185.893,1469,4586
185.901,1470,4586
185.909,1471,4586
185.966,1472,4586
186.001,1473,4586
186.292,1474,4588
186.356,1475,4588
186.496,1476,4588
186.519,1477,4588
186.574,1478,4588
186.754,1479,4588
186.829,1480,4588
187.003,1481,4588
187.172,1482,4588
187.215,1483,4588
187.57,1484,4588
187.583,1485,4588
187.86,1486,4588
187.995,1487,4588
188.121,1488,4588
188.13,1489,4588
188.347,1490,4589
188.591,1491,4589
188.654,1492,4589
188.719,1493,4589
188.774,1494,4589
188.901,1495,4589
188.921,1496,4589
189.29,1497,4589
189.35,1498,4589
189.362,1499,4589
189.956,1500,4589
190.195,1501,4594
190.222,1502,4594
191.032,1503,4594
191.391,1504,4594
191.531,1505,4594
191.59,1506,4594
191.649,1507,4594
191.669,1508,4594
191.773,1509,4594
192.036,1510,4595
192.219,1511,4595
192.255,1512,4595
192.401,1513,4598
192.407,1514,4604
192.422,1515,4604
192.73,1516,4604
192.834,1517,4604
193.563,1518,4604
193.765,1519,4604
193.865,1520,4604
194.131,1521,4604
194.467,1522,4604
194.93,1523,4604
195.382,1524,4604
195.74,1525,4604
195.988,1526,4604
196.151,1527,4604
196.212,1528,4604
196.742,1529,4604
196.891,1530,4604
197.212,1531,4604
197.512,1532,4605
197.622,1533,4606
197.965,1534,4606
198.202,1535,4606
198.449,1536,4606
198.526,1537,4606
198.575,1538,4606
198.747,1539,4606
198.917,1540,4606
199.005,1541,4606
199.237,1542,4606
199.905,1543,4606
200.244,1544,4606
200.764,1545,4606
200.845,1546,4606
201.175,1547,4606
201.263,1548,4607
201.298,1549,4607
201.351,1550,4607
201.481,1551,4607
201.49,1552,4607
201.652,1553,4608
201.658,1554,4608
201.695,1555,4608
201.844,1556,4608
202.029,1557,4608
202.85,1558,4608
203.385,1559,4608
203.823,1560,4608
204.978,1561,4608
205.094,1562,4608
205.616,1563,4611
205.625,1564,4611
205.629,1565,4611
205.633,1566,4611
205.678,1567,4611
205.754,1568,4612
205.756,1569,4612
205.783,1570,4612
205.798,1571,4612
205.81,1572,4612
205.859,1573,4612
205.867,1574,4612
205.902,1575,4612
205.912,1576,4613
205.969,1577,4613
205.993,1578,4613
206.002,1579,4613
206.078,1580,4613
206.081,1581,4613
206.133,1582,4613
206.142,1583,4613
206.167,1584,4613
206.187,1585,4613
206.204,1586,4613
206.246,1587,4613
206.271,1588,4613
206.276,1589,4613
206.304,1590,4613
206.309,1591,4616
206.386,1592,4616
206.508,1593,4616
206.52,1594,4616
206.526,1595,4616
206.561,1596,4616
206.589,1597,4616
206.606,1598,4616
206.627,1599,4616
206.661,1600,4616
206.746,1601,4616
206.78,1602,4616
206.789,1603,4617
206.841,1604,4617
206.874,1605,4617
206.938,1606,4617
207.102,1607,4617
207.112,1608,4617
207.157,1609,4617
207.166,1610,4617
207.244,1611,4617
207.288,1612,4618
207.39,1613,4618
207.406,1614,4618
207.414,1615,4618
207.42,1616,4622
207.434,1617,4623
207.48,1618,4623
207.488,1619,4624
207.561,1620,4624
207.571,1621,4625
207.663,1622,4625
207.796,1623,4626
207.846,1624,4626
207.851,1625,4626
207.905,1626,4626
207.922,1627,4626
207.941,1628,4626
208.003,1629,4626
208.057,1630,4633
208.104,1631,4633
208.372,1632,4633
208.413,1633,4633
208.447,1634,4633
208.487,1635,4638
208.5,1636,4638
208.587,1637,4638
208.806,1638,4647
208.959,1639,4647
209.031,1640,4647
209.044,1641,4647
209.078,1642,4647
209.105,1643,4648
209.168,1644,4648
209.287,1645,4648
209.461,1646,4652
209.472,1647,4654
209.614,1648,4654
209.621,1649,4654
209.651,1650,4654
209.656,1651,4654
209.74,1652,4654
209.967,1653,4654
210.003,1654,4654
210.258,1655,4654
210.532,1656,4654
210.79,1657,4654
211.327,1658,4654
211.775,1659,4654
212.001,1660,4654
212.625,1661,4654
212.753,1662,4654
212.762,1663,4654
212.918,1664,4654
212.976,1665,4654
213.252,1666,4654
214.05,1667,4656
214.182,1668,4656
214.414,1669,4656
215.081,1670,4657
215.151,1671,4657
215.688,1672,4657
215.709,1673,4658
215.939,1674,4658
216.651,1675,4658
218.511,1676,4658
218.615,1677,4659
220.408,1678,4659
220.554,1679,4659
220.749,1680,4664
220.822,1681,4664
221.193,1682,4664
221.341,1683,4665
221.649,1684,4665
226.102,1685,4665
226.255,1686,4665
227.327,1687,4665
228.21,1688,4665
229.911,1689,4665
230.018,1690,4665
230.1,1691,4665
230.181,1692,4665
230.268,1693,4665
230.277,1694,4665
230.436,1695,4665
230.585,1696,4665
230.61,1697,4665
230.696,1698,4665
230.725,1699,4665
230.764,1700,4665
230.896,1701,4665
230.923,1702,4665
230.944,1703,4665
231.122,1704,4665
231.149,1705,4666
231.161,1706,4666
231.193,1707,4666
231.329,1708,4666
231.668,1709,4666
231.743,1710,4666
231.88,1711,4666
232.03,1712,4667
232.103,1713,4667
232.146,1714,4667
232.335,1715,4668
232.38,1716,4668
232.401,1717,4668
232.532,1718,4668
232.807,1719,4668
232.891,1720,4668
232.944,1721,4668
233.009,1722,4668
233.608,1723,4668
233.627,1724,4668
233.673,1725,4668
233.893,1726,4668
234.039,1727,4670
234.043,1728,4676
234.2,1729,4676
234.248,1730,4676
234.376,1731,4676
234.392,1732,4676
234.528,1733,4676
234.806,1734,4676
234.857,1735,4676
234.984,1736,4683
235.004,1737,4683
235.164,1738,4683
236.043,1739,4683
236.161,1740,4683
236.276,1741,4686
236.349,1742,4686
236.391,1743,4698
236.451,1744,4698
236.833,1745,4698
237.262,1746,4699
237.598,1747,4699
237.644,1748,4699
237.739,1749,4699
238.343,1750,4700
238.761,1751,4700
239.232,1752,4700
239.264,1753,4700
239.474,1754,4700
239.649,1755,4700
239.74,1756,4700
240.057,1757,4700
240.256,1758,4700
240.287,1759,4700
240.301,1760,4700
240.446,1761,4700
240.826,1762,4703
240.877,1763,4704
240.925,1764,4704
241.124,1765,4706
241.26,1766,4706
241.265,1767,4706
241.275,1768,4706
241.319,1769,4706
241.554,1770,4706
241.773,1771,4706
242.106,1772,4706
242.286,1773,4706
242.67,1774,4706
242.879,1775,4706
242.992,1776,4706
243.31,1777,4708
243.833,1778,4708
244.124,1779,4708
244.264,1780,4708
244.326,1781,4709
244.348,1782,4709
244.74,1783,4709
245.079,1784,4709
245.111,1785,4709
245.267,1786,4711
245.379,1787,4714
245.86,1788,4714
247.127,1789,4714
247.274,1790,4714
247.3,1791,4714
247.355,1792,4714
248.128,1793,4716
248.473,1794,4716
248.797,1795,4716
248.842,1796,4716
249.974,1797,4716
250.12,1798,4718
250.346,1799,4723
250.645,1800,4723
250.88,1801,4723
251.072,1802,4723
251.266,1803,4723
251.414,1804,4723
251.728,1805,4723
251.997,1806,4723
252.342,1807,4723
252.901,1808,4724
252.906,1809,4725
253.123,1810,4725
253.137,1811,4725
253.434,1812,4728
253.718,1813,4728
254.36,1814,4728
254.922,1815,4728
255.109,1816,4730
255.555,1817,4730
255.601,1818,4733
256.252,1819,4733
256.435,1820,4733
256.798,1821,4733
256.854,1822,4733
256.964,1823,4733
257.698,1824,4733
258.607,1825,4733
259.188,1826,4733
259.349,1827,4733
259.535,1828,4733
259.692,1829,4733
259.758,1830,4733
259.951,1831,4733
260.158,1832,4733
260.347,1833,4734
260.407,1834,4734
260.43,1835,4734
260.449,1836,4734
260.577,1837,4734
260.892,1838,4734
260.931,1839,4734
260.942,1840,4734
261.088,1841,4734
261.563,1842,4734
261.714,1843,4734
261.768,1844,4734
262.217,1845,4734
262.326,1846,4734
262.808,1847,4737
262.967,1848,4737
263.125,1849,4737
263.502,1850,4754
263.526,1851,4754
263.531,1852,4756
263.651,1853,4760
263.665,1854,4761
263.695,1855,4764
263.705,1856,4764
263.749,1857,4764
263.763,1858,4765
263.814,1859,4765
263.822,1860,4770
263.848,1861,4770
263.863,1862,4770
263.907,1863,4770
263.916,1864,4770
263.93,1865,4770
263.936,1866,4770
263.945,1867,4770
263.951,1868,4770
263.973,1869,4770
263.984,1870,4770
264.022,1871,4770
264.054,1872,4770
264.064,1873,4770
264.114,1874,4770
264.148,1875,4771
264.163,1876,4771
264.213,1877,4771
264.223,1878,4771
264.232,1879,4771
264.264,1880,4771
264.29,1881,4771
264.327,1882,4771
264.387,1883,4771
264.4,1884,4771
264.479,1885,4771
264.517,1886,4771
264.549,1887,4771
264.631,1888,4771
264.701,1889,4772
264.8,1890,4772
264.874,1891,4772
264.961,1892,4772
265.051,1893,4772
265.066,1894,4772
265.095,1895,4772
265.111,1896,4772
265.262,1897,4772
265.268,1898,4772
265.43,1899,4773
265.635,1900,4775
265.825,1901,4775
265.871,1902,4775
266.06,1903,4775
266.185,1904,4777
266.282,1905,4778
266.412,1906,4778
266.42,1907,4778
266.45,1908,4778
266.514,1909,4778
266.52,1910,4783
266.594,1911,4783
266.687,1912,4783
266.735,1913,4783
266.936,1914,4784
267.274,1915,4784
267.307,1916,4784
267.571,1917,4784
267.615,1918,4784
267.629,1919,4784
267.727,1920,4784
267.734,1921,4788
267.787,1922,4801
267.855,1923,4801
267.867,1924,4801
268.232,1925,4801
268.342,1926,4802
268.53,1927,4803
268.544,1928,4803
268.67,1929,4803
268.97,1930,4803
269.534,1931,4814
269.542,1932,4815
269.597,1933,4815
269.638,1934,4816
269.741,1935,4816
269.906,1936,4817
269.918,1937,4838
269.938,1938,4839
269.951,1939,4839
269.979,1940,4839
270.022,1941,4839
270.109,1942,4839
270.119,1943,4839
270.144,1944,4839
270.164,1945,4839
270.209,1946,4839
270.287,1947,4839
270.312,1948,4839
270.475,1949,4839
270.482,1950,4840
270.52,1951,4840
270.618,1952,4840
270.659,1953,4840
270.858,1954,4840
270.873,1955,4840
270.888,1956,4841
270.907,1957,4841
270.92,1958,4841
271.13,1959,4841
271.201,1960,4844
271.257,1961,4847
271.263,1962,4848
271.324,1963,4848
271.45,1964,4849
271.657,1965,4850
271.727,1966,4855
271.738,1967,4856
271.914,1968,4860
271.927,1969,4860
271.945,1970,4861
271.958,1971,4861
272.219,1972,4861
272.377,1973,4861
272.609,1974,4861
272.659,1975,4861
272.825,1976,4861
272.994,1977,4862
273.109,1978,4877
273.366,1979,4877
273.564,1980,4878
273.596,1981,4878
273.636,1982,4879
273.728,1983,4879
273.985,1984,4879
273.996,1985,4881
274.016,1986,4881
274.165,1987,4881
274.185,1988,4881
274.201,1989,4882
274.464,1990,4882
274.576,1991,4883
274.597,1992,4884
274.653,1993,4884
275.109,1994,4884
275.342,1995,4885
275.434,1996,4885
276.261,1997,4885
276.615,1998,4918
277.241,1999,4918
277.297,2000,4919
277.35,2001,4922
277.979,2002,4922
278.65,2003,4922
279.202,2004,4922
279.388,2005,4922
279.719,2006,4922
279.786,2007,4922
279.865,2008,4923
279.944,2009,4923
280.648,2010,4923
280.694,2011,4923
281.182,2012,4923
282.265,2013,4923
282.479,2014,4923
282.663,2015,4924
283.015,2016,4924
283.312,2017,4924
283.382,2018,4924
283.56,2019,4924
283.975,2020,4924
285.983,2021,4924
286.692,2022,4924
287.028,2023,4924
287.412,2024,4924
288.539,2025,4924
289.623,2026,4924
289.731,2027,4924
291.015,2028,4924
291.749,2029,4925
293.419,2030,4926
293.663,2031,4926
294.56,2032,4926
294.714,2033,4927
294.936,2034,4927
294.944,2035,4928
294.952,2036,4929
295.094,2037,4929
295.1,2038,4929
295.222,2039,4929
295.283,2040,4929
295.325,2041,4930
295.484,2042,4931
295.545,2043,4931
296.028,2044,4931
296.679,2045,4931
297.279,2046,4932
297.309,2047,4932
297.475,2048,4932
297.599,2049,4932
297.998,2050,4932
298.785,2051,4932
299.101,2052,4932
299.143,2053,4932
299.438,2054,4932
299.547,2055,4932
299.558,2056,4932
299.566,2057,4932
299.639,2058,4932
300.384,2059,4933
300.394,2060,4933
300.638,2061,4934
301.868,2062,4935
302.181,2063,4935
304.163,2064,4968
304.237,2065,4997
304.624,2066,4997
304.816,2067,4998
304.878,2068,4998
305.161,2069,4998
305.28,2070,4999
305.655,2071,5001
305.717,2072,5001
305.746,2073,5001
305.899,2074,5002
305.99,2075,5002
307.611,2076,5002
307.917,2077,5002
308.183,2078,5002
308.194,2079,5002
308.264,2080,5002
308.443,2081,5002
308.602,2082,5002
308.649,2083,5002
308.87,2084,5003
309.124,2085,5004
309.99,2086,5004
310.488,2087,5004
310.555,2088,5004
310.793,2089,5004
310.809,2090,5004
310.812,2091,5007
310.822,2092,5007
310.84,2093,5007
311.011,2094,5007
311.063,2095,5007
311.07,2096,5007
311.133,2097,5007
311.138,2098,5013
311.224,2099,5013
311.248,2100,5013
311.279,2101,5013
311.311,2102,5013
311.347,2103,5014
311.394,2104,5014
311.427,2105,5014
311.44,2106,5014
311.449,2107,5014
311.463,2108,5014
311.481,2109,5014
311.666,2110,5014
311.721,2111,5014
311.756,2112,5014
311.835,2113,5014
311.871,2114,5014
311.936,2115,5014
311.96,2116,5014
311.981,2117,5014
311.989,2118,5014
312.191,2119,5015
312.306,2120,5015
312.371,2121,5015
312.532,2122,5015
312.558,2123,5015
312.582,2124,5015
312.664,2125,5015
312.723,2126,5015
312.734,2127,5015
312.831,2128,5015
312.851,2129,5015
312.957,2130,5015
313.017,2131,5015
313.032,2132,5015
313.179,2133,5015
313.299,2134,5015
313.327,2135,5022
313.375,2136,5022
313.476,2137,5022
313.493,2138,5022
313.524,2139,5022
313.724,2140,5022
314.046,2141,5022
314.059,2142,5022
314.314,2143,5022
314.348,2144,5022
314.469,2145,5022
314.486,2146,5022
314.51,2147,5022
314.716,2148,5022
314.855,2149,5022
314.896,2150,5022
315.1,2151,5022
315.325,2152,5022
315.402,2153,5022
315.597,2154,5022
315.609,2155,5022
315.619,2156,5022
316.023,2157,5022
316.328,2158,5022
316.544,2159,5022
316.629,2160,5022
316.688,2161,5022
316.7,2162,5022
317.183,2163,5022
317.215,2164,5022
317.412,2165,5022
317.934,2166,5022
317.94,2167,5022
318.111,2168,5022
318.562,2169,5022
319.138,2170,5022
319.158,2171,5022
319.312,2172,5022
319.351,2173,5023
319.432,2174,5023
319.437,2175,5023
319.641,2176,5023
319.774,2177,5023
319.798,2178,5023
319.842,2179,5023
319.851,2180,5023
319.876,2181,5036
319.938,2182,5036
319.95,2183,5036
319.99,2184,5036
320.025,2185,5036
320.135,2186,5036
320.157,2187,5037
320.17,2188,5039
320.282,2189,5039
320.293,2190,5039
320.312,2191,5041
320.528,2192,5042
320.576,2193,5042
320.606,2194,5045
320.65,2195,5065
320.657,2196,5065
320.675,2197,5065
320.728,2198,5065
320.758,2199,5065
320.925,2200,5065
321.014,2201,5068
321.11,2202,5068
321.173,2203,5068
321.252,2204,5068
321.525,2205,5068
321.537,2206,5069
321.648,2207,5069
321.772,2208,5069
321.796,2209,5069
321.818,2210,5069
321.871,2211,5069
322.114,2212,5069
322.148,2213,5069
322.257,2214,5069
322.62,2215,5069
322.629,2216,5069
322.966,2217,5075
322.99,2218,5075
323.078,2219,5075
323.135,2220,5075
323.197,2221,5075
323.22,2222,5075
323.349,2223,5075
323.396,2224,5075
323.404,2225,5075
323.639,2226,5079
323.997,2227,5079
324.163,2228,5080
324.281,2229,5080
324.318,2230,5080
324.375,2231,5080
324.975,2232,5080
325.404,2233,5080
325.461,2234,5080
325.495,2235,5080
325.788,2236,5080
325.927,2237,5080
326.331,2238,5080
326.632,2239,5080
326.909,2240,5081
327.094,2241,5081
327.224,2242,5081
327.451,2243,5081
327.478,2244,5081
327.66,2245,5087
327.822,2246,5087
327.881,2247,5087
327.931,2248,5087
327.99,2249,5088
328.046,2250,5089
328.144,2251,5089
328.4,2252,5089
329.805,2253,5089
330.057,2254,5090
330.096,2255,5092
330.26,2256,5093
330.546,2257,5093
331.089,2258,5094
332.352,2259,5094
332.43,2260,5094
332.777,2261,5094
333.155,2262,5094
333.388,2263,5094
333.799,2264,5094
334.027,2265,5094
334.047,2266,5094
334.392,2267,5094
334.563,2268,5103
334.701,2269,5103
334.934,2270,5104
334.949,2271,5104
335.479,2272,5104
335.531,2273,5110
335.606,2274,5110
336.621,2275,5110
336.709,2276,5110
336.857,2277,5110
336.988,2278,5112
337.032,2279,5112
337.399,2280,5112
337.871,2281,5112
337.9,2282,5112
338.316,2283,5114
338.495,2284,5114
338.655,2285,5114
339.218,2286,5115
339.256,2287,5115
339.556,2288,5115
339.685,2289,5115
339.964,2290,5115
340.773,2291,5115
340.921,2292,5115
340.993,2293,5116
341.148,2294,5118
341.403,2295,5118
341.635,2296,5118
341.737,2297,5118
342.137,2298,5118
342.671,2299,5119
343.187,2300,5139
343.229,2301,5139
343.315,2302,5139
343.326,2303,5139
343.37,2304,5139
343.388,2305,5139
343.511,2306,5139
343.624,2307,5139
343.632,2308,5139
343.66,2309,5143
343.995,2310,5144
344.022,2311,5144
344.087,2312,5145
344.516,2313,5148
344.739,2314,5148
344.809,2315,5148
345.588,2316,5148
346.168,2317,5148
346.917,2318,5148
346.93,2319,5148
347.031,2320,5148
347.067,2321,5148
347.094,2322,5214
347.246,2323,5214
347.396,2324,5214
347.402,2325,5214
347.537,2326,5214
347.783,2327,5214
348.2,2328,5214
348.319,2329,5218
348.843,2330,5218
349.72,2331,5218
349.883,2332,5218
350.129,2333,5229
350.707,2334,5229
350.834,2335,5229
350.96,2336,5229
351.026,2337,5229
351.214,2338,5229
351.762,2339,5229
351.816,2340,5229
352.138,2341,5229
352.712,2342,5229
352.883,2343,5229
353.405,2344,5230
353.947,2345,5231
354.149,2346,5231
354.295,2347,5231
355.237,2348,5232
355.308,2349,5232
355.392,2350,5232
355.425,2351,5232
355.839,2352,5233
355.909,2353,5234
355.93,2354,5234
355.945,2355,5234
356.214,2356,5234
356.22,2357,5234
356.253,2358,5235
356.267,2359,5235
356.293,2360,5235
356.979,2361,5236
357.413,2362,5237
357.78,2363,5237
357.816,2364,5237
358.206,2365,5247
358.394,2366,5247
358.539,2367,5247
358.592,2368,5248
359.26,2369,5248
359.339,2370,5248
360.443,2371,5248
360.886,2372,5249
361.306,2373,5249
361.448,2374,5249
361.549,2375,5249
362.114,2376,5252
362.505,2377,5252
363.096,2378,5252
364.578,2379,5252
365.044,2380,5252
365.527,2381,5252
365.838,2382,5253
366.459,2383,5253
367.584,2384,5254
367.591,2385,5255
367.961,2386,5255
368.3,2387,5255
368.799,2388,5256
369.666,2389,5256
372.101,2390,5256
373.012,2391,5256
373.05,2392,5256
373.076,2393,5256
373.103,2394,5256
373.245,2395,5256
373.333,2396,5256
373.396,2397,5256
373.404,2398,5256
373.444,2399,5256
373.688,2400,5256
373.699,2401,5256
374.064,2402,5256
374.179,2403,5256
374.39,2404,5256
374.67,2405,5256
375.251,2406,5256
375.711,2407,5256
375.863,2408,5256
375.971,2409,5256
376.612,2410,5256
377.208,2411,5256
377.464,2412,5256
377.742,2413,5256
377.823,2414,5256
378.762,2415,5256
380.349,2416,5256
380.776,2417,5260
380.789,2418,5261
380.799,2419,5262
380.869,2420,5262
380.9,2421,5262
380.982,2422,5262
380.987,2423,5262
381.007,2424,5262
381.015,2425,5262
381.035,2426,5266
381.049,2427,5266
381.073,2428,5266
381.085,2429,5266
381.096,2430,5266
381.101,2431,5268
381.164,2432,5268
381.205,2433,5268
381.344,2434,5268
381.448,2435,5268
381.707,2436,5268
381.76,2437,5272
381.881,2438,5272
381.908,2439,5275
381.933,2440,5275
381.966,2441,5275
382.011,2442,5276
382.019,2443,5278
382.062,2444,5278
382.083,2445,5278
382.111,2446,5278
382.164,2447,5278
382.185,2448,5280
382.283,2449,5281
382.328,2450,5282
382.405,2451,5282
382.59,2452,5282
382.698,2453,5282
382.74,2454,5283
382.78,2455,5286
382.84,2456,5286
382.845,2457,5286
382.948,2458,5286
383.016,2459,5287
383.075,2460,5287
383.161,2461,5297
383.167,2462,5297
383.201,2463,5298
383.223,2464,5298
383.365,2465,5300
383.412,2466,5300
383.526,2467,5300
383.621,2468,5300
383.785,2469,5300
383.83,2470,5304
383.846,2471,5304
384.028,2472,5304
384.052,2473,5304
384.133,2474,5304
384.159,2475,5304
384.226,2476,5304
384.277,2477,5304
384.351,2478,5305
384.689,2479,5305
384.719,2480,5305
384.806,2481,5307
384.816,2482,5307
385.04,2483,5307
385.326,2484,5307
385.577,2485,5307
385.596,2486,5307
386.374,2487,5307
386.813,2488,5307
386.945,2489,5307
386.955,2490,5307
386.961,2491,5307
387.08,2492,5307
387.294,2493,5307
387.359,2494,5307
387.603,2495,5307
387.918,2496,5307
388.051,2497,5307
388.219,2498,5309
388.228,2499,5309
388.516,2500,5312
388.754,2501,5312
388.778,2502,5312
388.841,2503,5313
388.923,2504,5313
388.958,2505,5313
389.242,2506,5313
389.609,2507,5313
389.858,2508,5313
389.911,2509,5313
389.971,2510,5317
390.011,2511,5317
390.106,2512,5317
390.573,2513,5317
390.626,2514,5317
390.877,2515,5317
390.885,2516,5317
391.27,2517,5317
391.286,2518,5317
391.413,2519,5317
391.704,2520,5317
392.039,2521,5317
392.206,2522,5317
392.308,2523,5317
392.328,2524,5325
392.346,2525,5325
392.495,2526,5325
392.843,2527,5325
392.898,2528,5325
393.215,2529,5325
393.472,2530,5326
393.591,2531,5326
394.049,2532,5326
394.335,2533,5326
394.389,2534,5326
394.66,2535,5327
394.892,2536,5327
395.48,2537,5327
395.599,2538,5327
395.72,2539,5327
396.003,2540,5327
396.112,2541,5327
396.12,2542,5327
396.141,2543,5327
396.176,2544,5327
396.205,2545,5327
397.432,2546,5327
397.626,2547,5327
397.733,2548,5331
397.996,2549,5331
398.266,2550,5331
398.383,2551,5331
398.901,2552,5331
399.066,2553,5342
399.271,2554,5342
399.398,2555,5342
400.222,2556,5342
400.263,2557,5343
400.728,2558,5343
401.098,2559,5343
401.146,2560,5344
402.027,2561,5345
402.616,2562,5345
402.624,2563,5351
402.63,2564,5354
402.756,2565,5354
402.959,2566,5354
403.262,2567,5354
403.328,2568,5354
403.78,2569,5354
404.54,2570,5354
405.253,2571,5354
405.346,2572,5355
405.876,2573,5355
406.17,2574,5356
406.285,2575,5356
406.382,2576,5356
406.625,2577,5356
407.102,2578,5356
407.179,2579,5356
408.042,2580,5357
408.187,2581,5357
408.271,2582,5357
408.309,2583,5358
408.462,2584,5358
408.587,2585,5358
409.649,2586,5359
409.688,2587,5359
410.048,2588,5360
410.304,2589,5365
410.338,2590,5365
411.556,2591,5365
411.599,2592,5365
411.7,2593,5365
411.906,2594,5365
412.331,2595,5365
412.628,2596,5365
412.951,2597,5365
413.038,2598,5365
413.398,2599,5365
413.545,2600,5365
414.245,2601,5366
414.329,2602,5366
414.575,2603,5366
414.604,2604,5366
414.841,2605,5366
415.244,2606,5366
415.994,2607,5366
416.612,2608,5366
417.182,2609,5366
417.373,2610,5366
417.432,2611,5366
417.47,2612,5366
417.498,2613,5366
417.607,2614,5370
417.662,2615,5370
417.781,2616,5372
417.908,2617,5372
417.949,2618,5372
417.994,2619,5372
418.028,2620,5374
418.034,2621,5374
418.077,2622,5374
418.141,2623,5375
418.171,2624,5375
418.213,2625,5375
418.261,2626,5375
418.488,2627,5375
418.611,2628,5375
418.674,2629,5375
418.688,2630,5375
418.882,2631,5375
418.908,2632,5375
418.977,2633,5375
419.129,2634,5375
419.304,2635,5375
419.381,2636,5375
419.456,2637,5375
419.467,2638,5375
419.576,2639,5375
419.673,2640,5375
419.759,2641,5375
419.816,2642,5375
419.964,2643,5375
420.18,2644,5375
420.263,2645,5375
420.347,2646,5375
420.353,2647,5375
420.474,2648,5375
420.57,2649,5376
420.986,2650,5376
421.272,2651,5376
421.284,2652,5376
421.548,2653,5376
421.676,2654,5376
421.875,2655,5376
421.919,2656,5376
421.942,2657,5376
422.0,2658,5376
422.024,2659,5376
422.094,2660,5376
422.127,2661,5376
422.358,2662,5376
422.593,2663,5376
422.761,2664,5376
422.968,2665,5376
423.18,2666,5376
423.255,2667,5376
423.328,2668,5376
423.39,2669,5376
423.469,2670,5376
423.521,2671,5376
423.652,2672,5377
423.749,2673,5377
423.783,2674,5377
423.824,2675,5377
423.933,2676,5379
423.988,2677,5379
424.096,2678,5379
424.116,2679,5379
424.254,2680,5379
424.413,2681,5380
424.561,2682,5380
424.61,2683,5380
424.763,2684,5380
424.875,2685,5381
425.064,2686,5381
425.248,2687,5382
425.313,2688,5382
425.322,2689,5382
425.358,2690,5382
425.433,2691,5382
425.53,2692,5382
425.606,2693,5382
425.741,2694,5382
425.808,2695,5384
426.011,2696,5384
426.084,2697,5384
426.606,2698,5384
427.089,2699,5384
427.406,2700,5384
429.2,2701,5384
429.971,2702,5384
430.206,2703,5384
431.94,2704,5384
432.429,2705,5384
433.262,2706,5384
435.817,2707,5384
436.614,2708,5384
436.764,2709,5384
439.967,2710,5384
441.468,2711,5384
443.144,2712,5384
444.355,2713,5384
447.389,2714,5384
447.482,2715,5384
447.717,2716,5384
448.157,2717,5384
448.23,2718,5384
448.307,2719,5384
449.568,2720,5384
451.312,2721,5384
451.659,2722,5384
452.253,2723,5384
452.332,2724,5384
453.05,2725,5384
453.25,2726,5384
453.894,2727,5384
453.938,2728,5385
453.946,2729,5385
454.021,2730,5385
454.035,2731,5385
454.056,2732,5385
454.092,2733,5385
454.156,2734,5387
454.17,2735,5387
454.176,2736,5387
454.243,2737,5387
454.283,2738,5387
454.287,2739,5387
454.313,2740,5387
454.362,2741,5387
454.605,2742,5387
454.69,2743,5387
454.706,2744,5387
454.774,2745,5388
454.829,2746,5388
454.854,2747,5388
454.954,2748,5388
455.082,2749,5388
455.212,2750,5389
455.228,2751,5389
455.25,2752,5389
455.29,2753,5389
455.341,2754,5389
455.475,2755,5389
455.573,2756,5389
455.701,2757,5389
455.891,2758,5389
456.034,2759,5389
456.095,2760,5389
456.175,2761,5389
456.402,2762,5389
456.53,2763,5389
456.594,2764,5389
456.615,2765,5390
456.634,2766,5390
456.668,2767,5390
456.759,2768,5397
457.038,2769,5397
457.069,2770,5402
457.117,2771,5402
457.246,2772,5404
457.384,2773,5404
457.511,2774,5404
457.559,2775,5404
457.642,2776,5405
457.796,2777,5405
457.806,2778,5405
457.886,2779,5405
457.925,2780,5405
458.116,2781,5405
458.187,2782,5405
458.384,2783,5405
458.438,2784,5405
458.563,2785,5405
458.622,2786,5406
458.73,2787,5406
459.048,2788,5406
459.102,2789,5409
459.891,2790,5409
459.901,2791,5410
460.637,2792,5410
461.571,2793,5410
464.027,2794,5410
464.189,2795,5410
464.281,2796,5410
464.338,2797,5412
465.303,2798,5412
465.636,2799,5412
465.713,2800,5412
465.754,2801,5412
465.845,2802,5412
465.893,2803,5412
466.056,2804,5412
466.132,2805,5416
466.232,2806,5416
466.578,2807,5416
467.486,2808,5416
467.762,2809,5416
468.753,2810,5417
470.409,2811,5417
470.868,2812,5417
472.397,2813,5417
472.537,2814,5417
472.551,2815,5417
472.859,2816,5417
473.013,2817,5417
473.043,2818,5417
473.063,2819,5417
473.167,2820,5417
473.234,2821,5417
473.313,2822,5417
473.939,2823,5417
474.317,2824,5417
474.332,2825,5417
474.551,2826,5417
474.632,2827,5417
474.677,2828,5418
474.978,2829,5418
475.258,2830,5418
475.446,2831,5418
476.432,2832,5418
476.702,2833,5418
477.324,2834,5418
479.153,2835,5418
479.245,2836,5418
479.809,2837,5418
480.181,2838,5418
480.993,2839,5418
482.115,2840,5418
482.597,2841,5418
482.738,2842,5419
483.751,2843,5419
484.932,2844,5419
486.39,2845,5419
486.919,2846,5419
488.18,2847,5419
489.525,2848,5419
492.292,2849,5419
493.06,2850,5419
498.163,2851,5420
498.185,2852,5420
499.312,2853,5420
499.343,2854,5420
499.62,2855,5420
499.759,2856,5421
499.899,2857,5421
499.903,2858,5421
499.977,2859,5421
500.041,2860,5421
500.074,2861,5421
500.095,2862,5421
500.229,2863,5421
500.303,2864,5421
500.401,2865,5421
500.666,2866,5421
500.774,2867,5421
500.851,2868,5421
500.898,2869,5421
500.953,2870,5421
500.987,2871,5423
501.299,2872,5423
501.302,2873,5423
501.372,2874,5423
501.457,2875,5423
501.785,2876,5427
501.854,2877,5427
501.929,2878,5427
502.307,2879,5427
502.724,2880,5427
502.756,2881,5427
503.133,2882,5428
503.443,2883,5428
503.63,2884,5428
503.823,2885,5430
503.985,2886,5430
504.087,2887,5430
504.632,2888,5430
505.1,2889,5430
505.479,2890,5432
505.571,2891,5433
506.215,2892,5433
506.265,2893,5433
506.553,2894,5433
506.773,2895,5436
506.952,2896,5436
507.088,2897,5436
507.16,2898,5436
507.303,2899,5436
508.073,2900,5436
508.963,2901,5436
509.15,2902,5436
509.656,2903,5439
509.676,2904,5439
509.748,2905,5439
509.912,2906,5442
509.976,2907,5442
510.757,2908,5442
510.934,2909,5442
511.738,2910,5442
511.949,2911,5442
512.005,2912,5442
512.797,2913,5442
513.311,2914,5442
513.331,2915,5442
514.004,2916,5442
514.029,2917,5443
514.114,2918,5443
514.676,2919,5443
514.942,2920,5443
515.191,2921,5443
516.044,2922,5443
516.144,2923,5443
516.73,2924,5443
516.81,2925,5443
516.854,2926,5443
517.241,2927,5443
517.801,2928,5443
518.57,2929,5443
518.767,2930,5443
519.191,2931,5443
520.106,2932,5443
520.355,2933,5443
520.669,2934,5443
521.446,2935,5443
523.102,2936,5443
523.215,2937,5443
524.056,2938,5443
527.412,2939,5443
528.99,2940,5444
529.44,2941,5444
529.477,2942,5444
529.573,2943,5444
530.489,2944,5444
530.745,2945,5444
531.607,2946,5444
531.922,2947,5444
532.348,2948,5444
532.539,2949,5444
533.587,2950,5444
534.906,2951,5444
534.932,2952,5445
534.943,2953,5445
535.205,2954,5447
536.938,2955,5447
536.969,2956,5447
537.562,2957,5447
539.402,2958,5447
539.42,2959,5447
539.522,2960,5447
539.532,2961,5451
539.617,2962,5451
539.892,2963,5451
539.948,2964,5451
540.127,2965,5451
540.556,2966,5451
540.603,2967,5454
540.619,2968,5454
540.738,2969,5454
540.843,2970,5454
540.935,2971,5454
541.603,2972,5458
541.648,2973,5458
541.934,2974,5458
542.086,2975,5458
542.172,2976,5458
542.835,2977,5458
542.947,2978,5458
543.36,2979,5458
543.733,2980,5458
543.891,2981,5458
546.118,2982,5458
547.256,2983,5458
547.937,2984,5458
549.916,2985,5458
549.983,2986,5458
551.181,2987,5458
551.198,2988,5459
554.437,2989,5459
554.97,2990,5459
556.416,2991,5460
556.624,2992,5460
557.687,2993,5460
558.663,2994,5460
559.002,2995,5461
559.012,2996,5461
559.021,2997,5461
559.026,2998,5465
559.05,2999,5466
559.076,3000,5479
559.204,3001,5481
559.257,3002,5481
559.282,3003,5481
559.317,3004,5482
559.33,3005,5482
559.34,3006,5482
559.357,3007,5482
559.369,3008,5483
559.381,3009,5483
559.386,3010,5483
559.439,3011,5483
559.446,3012,5502
559.496,3013,5502
559.568,3014,5504
559.609,3015,5504
559.628,3016,5504
559.664,3017,5510
559.694,3018,5515
559.736,3019,5517
559.752,3020,5517
559.815,3021,5517
559.874,3022,5517
559.914,3023,5525
559.955,3024,5525
559.97,3025,5525
560.003,3026,5528
560.072,3027,5528
560.133,3028,5528
560.173,3029,5531
560.2,3030,5531
560.415,3031,5531
560.555,3032,5531
560.626,3033,5533
560.718,3034,5542
560.763,3035,5542
560.787,3036,5542
560.831,3037,5543
561.116,3038,5544
561.139,3039,5544
561.196,3040,5547
561.226,3041,5547
561.257,3042,5548
561.386,3043,5548
561.39,3044,5548
561.432,3045,5549
561.592,3046,5549
561.675,3047,5549
561.786,3048,5549
561.806,3049,5550
561.856,3050,5550
561.933,3051,5550
562.02,3052,5551
562.037,3053,5551
562.04,3054,5553
562.132,3055,5615
562.167,3056,5615
562.327,3057,5615
562.366,3058,5615
562.639,3059,5615
562.732,3060,5615
562.803,3061,5615
562.809,3062,5615
562.83,3063,5615
563.017,3064,5620
563.026,3065,5620
563.065,3066,5620
563.52,3067,5620
563.558,3068,5620
563.673,3069,5622
563.873,3070,5622
563.901,3071,5635
564.219,3072,5635
564.236,3073,5635
564.26,3074,5635
564.55,3075,5635
564.683,3076,5635
564.85,3077,5635
564.948,3078,5636
565.022,3079,5637
565.059,3080,5638
565.149,3081,5702
565.229,3082,5702
565.365,3083,5702
565.562,3084,5702
567.74,3085,5702
567.839,3086,5702
568.334,3087,5702
568.412,3088,5703
568.453,3089,5703
568.872,3090,5703
569.736,3091,5703
569.841,3092,5703
569.918,3093,5703
570.547,3094,5703
570.627,3095,5703
572.274,3096,5703
572.366,3097,5703
572.566,3098,5703
573.134,3099,5703
573.624,3100,5703
573.868,3101,5708
574.046,3102,5708
574.225,3103,5708
575.4,3104,5708
576.801,3105,5708
577.05,3106,5708
578.213,3107,5708
578.356,3108,5708
578.599,3109,5708
578.632,3110,5708
578.669,3111,5708
578.707,3112,5708
578.792,3113,5708
578.805,3114,5708
578.811,3115,5708
578.935,3116,5708
578.942,3117,5708
579.049,3118,5708
579.052,3119,5708
579.103,3120,5708
579.186,3121,5708
579.328,3122,5708
579.337,3123,5708
579.505,3124,5708
579.602,3125,5709
579.756,3126,5709
579.762,3127,5709
579.926,3128,5709
579.978,3129,5709
580.3,3130,5709
580.6,3131,5710
580.652,3132,5710
580.672,3133,5711
580.698,3134,5711
581.097,3135,5711
581.321,3136,5715
581.393,3137,5718
581.458,3138,5718
581.658,3139,5718
581.713,3140,5718
581.836,3141,5718
582.034,3142,5718
582.152,3143,5718
582.272,3144,5718
582.512,3145,5718
582.68,3146,5719
582.838,3147,5719
582.866,3148,5719
582.915,3149,5719
582.974,3150,5719
583.003,3151,5719
583.068,3152,5721
583.458,3153,5722
584.018,3154,5722
584.251,3155,5722
584.512,3156,5723
584.883,3157,5723
584.898,3158,5724
585.248,3159,5724
585.335,3160,5724
585.497,3161,5724
585.638,3162,5724
586.087,3163,5724
586.312,3164,5724
586.347,3165,5724
586.496,3166,5724
586.541,3167,5725
586.59,3168,5725
586.816,3169,5725
586.911,3170,5725
587.447,3171,5725
587.649,3172,5725
587.661,3173,5725
587.84,3174,5725
587.915,3175,5725
588.37,3176,5725
588.458,3177,5725
588.913,3178,5725
588.982,3179,5725
589.128,3180,5725
589.734,3181,5725
589.924,3182,5725
590.442,3183,5725
590.49,3184,5725
591.116,3185,5725
591.614,3186,5725
591.957,3187,5725
594.039,3188,5725
594.572,3189,5725
594.87,3190,5725
596.784,3191,5725
596.856,3192,5726
596.929,3193,5726
596.973,3194,5726
597.339,3195,5726
598.356,3196,5726
600.754,3197,5726
600.951,3198,5726
602.342,3199,5726
603.343,3200,5726
603.4,3201,5726
603.511,3202,5726
603.697,3203,5726
604.148,3204,5726
604.935,3205,5726
604.95,3206,5726
605.229,3207,5738
605.293,3208,5738
605.696,3209,5738
606.198,3210,5738
606.701,3211,5738
607.595,3212,5739
607.77,3213,5739
608.05,3214,5740
608.197,3215,5740
609.091,3216,5745
609.35,3217,5745
610.589,3218,5745
611.747,3219,5746
612.455,3220,5746
613.915,3221,5746
614.204,3222,5746
614.247,3223,5746
614.253,3224,5746
614.701,3225,5746
617.028,3226,5746
621.36,3227,5746
621.395,3228,5746
621.399,3229,5746
621.452,3230,5746
621.641,3231,5746
622.525,3232,5746
622.855,3233,5746
623.196,3234,5746
624.011,3235,5746
624.574,3236,5746
625.11,3237,5746
626.096,3238,5746
628.406,3239,5746
628.698,3240,5746
628.809,3241,5746
628.879,3242,5746
628.981,3243,5746
629.17,3244,5746
629.302,3245,5746
629.415,3246,5746
629.503,3247,5747
629.512,3248,5747
629.964,3249,5747
630.009,3250,5747
630.024,3251,5747
630.184,3252,5747
630.382,3253,5747
630.658,3254,5747
631.012,3255,5747
631.412,3256,5747
631.782,3257,5748
631.973,3258,5748
632.323,3259,5748
632.556,3260,5748
633.331,3261,5748
633.418,3262,5748
633.702,3263,5748
633.986,3264,5748
634.008,3265,5749
634.261,3266,5749
634.324,3267,5749
635.061,3268,5749
635.469,3269,5749
635.922,3270,5749
636.096,3271,5749
636.539,3272,5749
637.073,3273,5749
637.415,3274,5749
638.296,3275,5750
638.504,3276,5750
638.766,3277,5760
638.938,3278,5760
639.273,3279,5761
639.567,3280,5761
639.62,3281,5761
640.835,3282,5764
641.295,3283,5764
642.749,3284,5764
642.772,3285,5764
642.934,3286,5764
643.011,3287,5764
644.341,3288,5764
645.133,3289,5764
645.228,3290,5764
645.306,3291,5764
645.332,3292,5764
645.735,3293,5764
646.27,3294,5764
646.344,3295,5764
647.363,3296,5764
647.76,3297,5764
649.086,3298,5764
650.997,3299,5764
651.837,3300,5764
652.152,3301,5765
652.155,3302,5767
652.159,3303,5768
652.164,3304,5774
652.167,3305,5774
652.217,3306,5779
652.327,3307,5779
652.332,3308,5780
652.335,3309,5780
652.338,3310,5780
652.359,3311,5780
652.384,3312,5780
652.395,3313,5781
652.406,3314,5782
652.414,3315,5782
652.428,3316,5782
652.435,3317,5788
652.44,3318,5789
652.447,3319,5789
652.46,3320,5789
652.465,3321,5789
652.502,3322,5797
652.509,3323,5797
652.52,3324,5797
652.532,3325,5797
652.546,3326,5797
652.593,3327,5797
652.687,3328,5797
652.821,3329,5797
652.847,3330,5798
652.852,3331,5798
652.876,3332,5798
652.905,3333,5798
652.942,3334,5798
652.984,3335,5798
653.042,3336,5800
653.091,3337,5801
653.098,3338,5801
653.196,3339,5801
653.206,3340,5802
653.241,3341,5802
653.291,3342,5802
653.322,3343,5809
653.45,3344,5809
653.53,3345,5809
653.614,3346,5809
658.661,3347,5810
658.767,3348,5811
658.772,3349,5811
658.839,3350,5811
658.899,3351,5818
659.083,3352,5819
659.18,3353,5820
659.21,3354,5823
659.242,3355,5823
659.277,3356,5823
659.482,3357,5823
659.516,3358,5823
659.757,3359,5823
659.76,3360,5823
659.943,3361,5823
659.974,3362,5823
660.287,3363,5823
660.506,3364,5823
660.588,3365,5823
660.725,3366,5823
660.8,3367,5823
665.995,3368,5823
666.046,3369,5823
666.127,3370,5823
666.228,3371,5823
666.469,3372,5824
666.642,3373,5824
666.646,3374,5824
666.659,3375,5824
666.667,3376,5824
666.689,3377,5824
666.754,3378,5824
666.834,3379,5824
666.944,3380,5824
667.025,3381,5824
667.117,3382,5824
667.221,3383,5824
668.092,3384,5824
668.238,3385,5824
668.319,3386,5825
669.093,3387,5825
669.553,3388,5825
669.737,3389,5825
671.005,3390,5825
671.342,3391,5826
671.381,3392,5827
671.754,3393,5827
673.377,3394,5827
674.516,3395,5827
675.816,3396,5827
675.93,3397,5827
676.046,3398,5827
676.167,3399,5827
676.478,3400,5827
677.146,3401,5827
677.235,3402,5827
678.02,3403,5827
678.161,3404,5827
678.339,3405,5827
678.51,3406,5827
678.591,3407,5827
678.997,3408,5827
679.434,3409,5827
680.015,3410,5827
680.401,3411,5832
681.866,3412,5832
682.104,3413,5834
682.567,3414,5834
682.904,3415,5837
683.607,3416,5837
685.514,3417,5838
685.766,3418,5838
685.853,3419,5838
685.933,3420,5838
686.012,3421,5838
686.508,3422,5839
686.524,3423,5839
687.482,3424,5839
687.592,3425,5839
687.671,3426,5839
688.302,3427,5839
689.39,3428,5839
689.612,3429,5839
691.55,3430,5839
691.686,3431,5839
691.901,3432,5839
692.102,3433,5840
692.532,3434,5840
693.108,3435,5840
695.896,3436,5840
697.412,3437,5840
699.613,3438,5840
699.634,3439,5843
701.815,3440,5843
701.901,3441,5843
702.981,3442,5843
706.366,3443,5844
708.204,3444,5844
709.805,3445,5844
712.098,3446,5844
713.419,3447,5844
714.123,3448,5844
714.341,3449,5844
715.597,3450,5844
715.612,3451,5844
715.628,3452,5844
715.67,3453,5844
715.734,3454,5844
716.178,3455,5844
716.889,3456,5844
717.261,3457,5847
718.081,3458,5847
719.551,3459,5849
719.989,3460,5849
720.179,3461,5849
720.755,3462,5850
722.775,3463,5850
722.833,3464,5850
723.19,3465,5850
723.36,3466,5850
723.839,3467,5850
723.867,3468,5850
723.934,3469,5850
724.3,3470,5850
724.669,3471,5850
725.277,3472,5850
725.41,3473,5850
725.662,3474,5850
725.904,3475,5850
726.318,3476,5850
726.841,3477,5850
727.415,3478,5850
727.602,3479,5850
728.055,3480,5850
728.262,3481,5850
729.627,3482,5850
730.102,3483,5850
730.526,3484,5850
730.687,3485,5850
730.897,3486,5850
731.462,3487,5850
732.622,3488,5850
735.067,3489,5850
735.629,3490,5850
736.5,3491,5854
737.468,3492,5854
737.52,3493,5854
739.124,3494,5854
739.681,3495,5854
740.064,3496,5854
740.281,3497,5860
740.376,3498,5860
741.24,3499,5860
741.326,3500,5860
741.539,3501,5860
741.788,3502,5860
741.96,3503,5860
742.165,3504,5861
742.186,3505,5861
742.327,3506,5861
743.026,3507,5861
743.553,3508,5861
744.022,3509,5861
744.06,3510,5861
744.352,3511,5861
744.524,3512,5861
744.577,3513,5861
745.21,3514,5861
746.178,3515,5861
746.76,3516,5864
748.16,3517,5871
748.299,3518,5871
748.466,3519,5871
749.799,3520,5881
750.469,3521,5896
750.922,3522,5897
751.632,3523,5898
751.711,3524,5900
752.866,3525,5900
754.633,3526,5900
754.812,3527,5903
755.268,3528,5903
758.493,3529,5907
758.599,3530,5908
759.78,3531,5908
760.289,3532,5908
760.352,3533,5908
760.83,3534,5908
761.083,3535,5908
761.534,3536,5908
762.413,3537,5908
764.097,3538,5908
764.505,3539,5909
765.07,3540,5909
766.799,3541,5909
767.111,3542,5913
767.624,3543,5919
769.429,3544,5919
769.761,3545,5920
769.788,3546,5925
770.601,3547,5925
771.355,3548,5925
771.407,3549,5925
771.541,3550,5925
771.995,3551,5925
772.264,3552,5925
774.134,3553,5925
776.187,3554,5925
776.422,3555,5925
776.53,3556,5925
776.631,3557,5925
776.823,3558,5925
780.448,3559,5926
781.316,3560,5926
784.9,3561,5926
784.918,3562,5926
784.943,3563,5926
785.692,3564,5926
785.704,3565,5926
785.716,3566,5926
785.809,3567,5926
785.852,3568,5926
785.908,3569,5926
786.56,3570,5926
788.577,3571,5926
813.599,3572,5926
813.678,3573,5926
813.773,3574,5926
813.908,3575,5926
813.968,3576,5926
814.077,3577,5926
814.223,3578,5926
814.45,3579,5926
816.375,3580,5926
816.789,3581,5926
816.991,3582,5926
817.062,3583,5926
817.562,3584,5926
817.821,3585,5926
818.327,3586,5926
818.985,3587,5927
820.859,3588,5927
821.109,3589,5927
822.759,3590,5927
823.012,3591,5928
823.168,3592,5936
825.036,3593,5936
826.156,3594,5936
827.918,3595,5941
828.088,3596,5941
828.896,3597,5941
830.456,3598,5941
830.642,3599,5941
837.785,3600,5941
838.061,3601,5941
843.795,3602,5941
847.66,3603,5941
854.372,3604,5941
854.392,3605,5941
856.416,3606,5941
856.57,3607,5941
857.073,3608,5941
859.045,3609,5941
859.59,3610,5941
863.209,3611,5941
866.17,3612,5942
870.396,3613,5942
874.307,3614,5943
874.387,3615,5943
874.782,3616,5943
874.867,3617,5943
875.313,3618,5943
875.455,3619,5943
875.519,3620,5943
877.065,3621,5943
877.556,3622,5943
883.391,3623,5943
885.215,3624,5943
885.575,3625,5943
887.278,3626,5943
892.876,3627,5943
893.509,3628,5943
893.605,3629,5943
894.864,3630,5943
895.002,3631,5943
897.179,3632,5943
897.593,3633,5943
898.631,3634,5943
898.999,3635,5943
899.434,3636,5943
907.024,3637,5943
908.418,3638,5943
908.63,3639,5943
908.939,3640,5943
924.75,3641,5943
926.549,3642,5943
927.876,3643,5943
935.626,3644,5943
941.303,3645,5943
943.376,3646,5943
963.481,3647,5943
969.626,3648,5943
969.697,3649,5943
970.829,3650,5943
982.007,3651,5943
986.066,3652,5944
1003.04,3653,5944
1003.83,3654,5944
1004.471,3655,5944
1004.952,3656,5944
1004.969,3657,5944
1005.417,3658,5944
1005.436,3659,5944
1005.66,3660,5944
1007.456,3661,5944
1007.577,3662,5944
1007.586,3663,5947
1008.132,3664,5947
1012.112,3665,5947
1012.481,3666,5947
1013.488,3667,5948
1014.627,3668,5949
1015.266,3669,5949
1015.457,3670,5949
1015.706,3671,5949
1017.256,3672,5949
1017.855,3673,5950
1018.012,3674,5950
1018.063,3675,5950
1018.077,3676,5950
1018.088,3677,5950
1018.143,3678,5950
1018.362,3679,5950
1018.629,3680,5950
1018.744,3681,5950
1018.786,3682,5951
1018.854,3683,5951
1018.912,3684,5951
1018.935,3685,5951
1019.487,3686,5953
1019.806,3687,5953
1020.016,3688,5953
1020.075,3689,5959
1020.239,3690,5960
1020.247,3691,5960
1020.709,3692,5960
1020.797,3693,5960
1020.817,3694,5960
1021.158,3695,5960
1021.293,3696,5960
1021.527,3697,5960
1022.177,3698,5960
1022.426,3699,5960
1022.671,3700,5960
1022.811,3701,5960
1023.595,3702,5960
1023.704,3703,5960
1023.765,3704,5961
1024.051,3705,5961
1024.528,3706,5961
1024.743,3707,5961
1025.279,3708,5961
1025.467,3709,5961
1025.531,3710,5961
1026.357,3711,5961
1026.735,3712,5961
1027.294,3713,5961
1027.864,3714,5961
1028.062,3715,5964
1028.109,3716,5964
1028.139,3717,5964
1028.224,3718,5965
1028.745,3719,5965
1029.461,3720,5965
1029.821,3721,5967
1031.449,3722,5967
1031.619,3723,5967
1032.197,3724,5967
1032.788,3725,5969
1033.634,3726,5969
1034.171,3727,5969
1035.501,3728,5969
1035.77,3729,5969
1035.987,3730,5969
1036.061,3731,5969
1040.455,3732,5969
1040.555,3733,5969
1040.574,3734,5969
1040.591,3735,5969
1040.611,3736,5969
1040.635,3737,5969
1040.641,3738,5969
1040.648,3739,5969
1040.661,3740,5969
1040.721,3741,5969
1040.835,3742,5969
1041.246,3743,5970
1041.355,3744,5970
1041.409,3745,5970
1041.447,3746,5970
1041.497,3747,5970
1041.548,3748,5970
1041.668,3749,5970
1041.682,3750,5972
1041.795,3751,5972
1041.895,3752,5972
1041.988,3753,5972
1042.089,3754,5972
1042.187,3755,5972
1042.209,3756,5972
1042.249,3757,5972
1042.311,3758,5972
1042.408,3759,5972
1042.595,3760,5972
1042.855,3761,5972
1043.008,3762,5972
1043.157,3763,5972
1043.338,3764,5972
1043.375,3765,5972
1043.397,3766,5972
1043.424,3767,5972
1043.528,3768,5972
1043.621,3769,5972
1043.695,3770,5972
1043.724,3771,5972
1044.225,3772,5972
1044.453,3773,5972
1044.56,3774,5972
1044.621,3775,5972
1044.647,3776,5972
1044.708,3777,5972
1044.815,3778,5972
1045.085,3779,5972
1045.095,3780,5972
1045.127,3781,5972
1045.46,3782,5972
1046.58,3783,5972
1046.748,3784,5972
1047.206,3785,5972
1047.299,3786,5972
1047.51,3787,5972
1047.724,3788,5972
1048.077,3789,5972
1048.243,3790,5972
1048.313,3791,5972
1048.355,3792,5972
1048.612,3793,5972
1048.982,3794,5972
1049.246,3795,5972
1049.384,3796,5972
1049.473,3797,5972
1049.505,3798,5973
1050.42,3799,5973
1051.189,3800,5973
1051.496,3801,5973
1051.619,3802,5973
1052.289,3803,5974
1052.618,3804,5974
1052.884,3805,5974
1053.034,3806,5974
1053.457,3807,5974
1054.423,3808,5974
1054.618,3809,5975
1055.284,3810,5975
1057.269,3811,5975
1058.083,3812,5975
1058.088,3813,5975
1058.359,3814,5975
1058.385,3815,5975
1058.434,3816,5975
1058.519,3817,5975
1058.588,3818,5976
1058.686,3819,5977
1058.756,3820,5977
1058.932,3821,5977
1059.017,3822,5977
1059.096,3823,5977
1059.584,3824,5977
1059.997,3825,5977
1060.79,3826,5977
1060.846,3827,5977
1061.131,3828,5977
1061.747,3829,5977
1061.871,3830,5977
1062.135,3831,5977
1062.423,3832,5977
1063.986,3833,5977
1064.12,3834,5977
1066.639,3835,5977
1067.1,3836,5977
1068.865,3837,5977
1070.689,3838,5977
1071.424,3839,5977
1073.612,3840,5977
1074.498,3841,5977
1074.714,3842,5977
1076.277,3843,5977
1079.048,3844,5977
1080.834,3845,5977
1082.788,3846,5977
1084.852,3847,5977
1086.316,3848,5978
1086.321,3849,5978
1086.34,3850,5978
1086.356,3851,5979
1086.445,3852,5979
1086.527,3853,5979
1086.588,3854,5983
1086.611,3855,5983
1086.741,3856,5983
1086.747,3857,5983
1086.766,3858,5986
1086.776,3859,5986
1086.857,3860,5986
1086.86,3861,5986
1086.878,3862,5986
1087.047,3863,5986
1087.184,3864,5986
1087.192,3865,5986
1087.398,3866,5986
1087.433,3867,5986
1087.478,3868,5986
1087.566,3869,5987
1087.773,3870,5987
1087.963,3871,5987
1088.312,3872,5987
1089.301,3873,5987
1089.489,3874,5987
1089.645,3875,5987
1090.115,3876,5987
1091.694,3877,5987
1091.699,3878,5987
1091.705,3879,5987
1091.726,3880,5987
1091.737,3881,5987
1091.744,3882,5987
1094.158,3883,5987
1097.178,3884,5987
1098.081,3885,5987
1098.802,3886,5987
1098.9,3887,5987
1099.076,3888,5987
1099.106,3889,5987
1100.14,3890,5987
1102.398,3891,5987
1102.717,3892,5987
1102.889,3893,5987
1104.269,3894,5987
1104.982,3895,5987
1105.26,3896,5987
1107.057,3897,5987
1107.508,3898,5987
1107.932,3899,5987
1108.815,3900,5987
1109.575,3901,5987
1109.627,3902,5988
1109.685,3903,5988
1110.245,3904,5988
1110.942,3905,5988
1112.219,3906,5988
1112.442,3907,5988
1115.308,3908,5988
1116.52,3909,5988
1117.808,3910,5988
1119.533,3911,5988
1122.689,3912,5988
1125.515,3913,5988
1125.74,3914,5988
1129.383,3915,5988
1132.503,3916,5988
1136.098,3917,5989
1141.391,3918,5989
1143.433,3919,5989
1143.817,3920,5989
1145.216,3921,5990
1146.032,3922,5991
1146.646,3923,5992
1146.8,3924,5993
1146.953,3925,5994
1148.315,3926,5995
1149.096,3927,5995
1149.299,3928,5995
1152.27,3929,5995
1153.723,3930,5995
1155.736,3931,5995
1155.762,3932,5995
1156.512,3933,5995
1159.739,3934,5995
1159.764,3935,5995
1159.855,3936,5995
1159.875,3937,5995
1160.048,3938,5995
1163.457,3939,5996
1163.665,3940,5996
1163.829,3941,5996
1163.873,3942,5996
1164.43,3943,5996
1166.295,3944,5997
1166.9,3945,5997
1167.117,3946,5997
1167.246,3947,5998
1167.631,3948,5998
1167.917,3949,5998
1167.935,3950,5998
1167.979,3951,5998
1169.684,3952,5998
1171.548,3953,5998
1171.781,3954,5998
1171.949,3955,5998
1172.342,3956,5998
1174.36,3957,5998
1175.163,3958,5998
1175.54,3959,5998
1175.599,3960,5998
1175.858,3961,5998
1180.788,3962,5998
1180.949,3963,5998
1184.792,3964,5998
1185.19,3965,5998
1185.665,3966,5998
1186.087,3967,5998
1186.398,3968,5998
1186.959,3969,5998
1187.629,3970,5998
1187.901,3971,5998
1187.978,3972,5998
1188.769,3973,5998
1189.603,3974,5998
1189.913,3975,5998
1190.765,3976,5998
1190.886,3977,5998
1191.622,3978,5998
1195.162,3979,5998
1202.095,3980,5998
1202.161,3981,5998
1202.63,3982,5998
1203.466,3983,5998
1205.189,3984,6002
1206.427,3985,6002
1208.85,3986,6002
1209.628,3987,6002
1211.909,3988,6002
1212.186,3989,6003
1212.219,3990,6003
1212.553,3991,6003
1212.57,3992,6003
1212.583,3993,6003
1212.809,3994,6003
1212.846,3995,6003
1212.874,3996,6003
1213.327,3997,6003
1213.915,3998,6003
1214.833,3999,6003
1215.066,4000,6003
1215.192,4001,6003
1215.815,4002,6003
1216.206,4003,6003
1216.439,4004,6003
1218.017,4005,6003
1218.251,4006,6003
1218.776,4007,6003
1218.782,4008,6003
1219.043,4009,6003
1219.089,4010,6003
1220.586,4011,6003
1220.915,4012,6003
1221.177,4013,6003
1223.195,4014,6003
1224.742,4015,6003
1224.864,4016,6003
1225.197,4017,6003
1225.368,4018,6003
1225.481,4019,6003
1226.124,4020,6003
1230.868,4021,6003
1232.845,4022,6003
1234.375,4023,6003
1235.25,4024,6003
1238.331,4025,6003
1238.514,4026,6003
1239.303,4027,6008
1240.754,4028,6008
1243.775,4029,6008
1244.218,4030,6008
1245.382,4031,6008
1246.329,4032,6008
1256.257,4033,6008
1257.966,4034,6008
1268.497,4035,6008
1290.086,4036,6008
1299.448,4037,6008
1321.193,4038,6008
1323.081,4039,6008
1334.058,4040,6008
1334.86,4041,6017
1334.884,4042,6017
1334.997,4043,6017
1335.072,4044,6017
1335.25,4045,6017
1335.256,4046,6017
1335.409,4047,6017
1335.488,4048,6017
1335.775,4049,6017
1335.969,4050,6017
1335.979,4051,6017
1336.042,4052,6017
1336.075,4053,6017
1336.205,4054,6018
1336.773,4055,6018
1337.302,4056,6018
1337.367,4057,6018
1337.83,4058,6019
1338.764,4059,6019
1338.832,4060,6019
1338.844,4061,6019
1340.558,4062,6019
1341.734,4063,6019
1342.382,4064,6019
1342.763,4065,6019
1342.804,4066,6019
1342.83,4067,6019
1342.865,4068,6019
1345.359,4069,6019
1345.372,4070,6019
1345.389,4071,6021
1345.395,4072,6022
1345.412,4073,6022
1345.706,4074,6022
1345.867,4075,6022
1345.884,4076,6022
1345.907,4077,6022
1345.994,4078,6022
1346.085,4079,6022
1346.194,4080,6022
1346.272,4081,6022
1346.57,4082,6022
1347.745,4083,6022
1348.647,4084,6022
1348.686,4085,6022
1349.04,4086,6022
1349.595,4087,6022
1349.91,4088,6022
1349.952,4089,6022
1349.999,4090,6022
1350.01,4091,6022
1353.151,4092,6022
1355.662,4093,6022
1358.249,4094,6022
1359.705,4095,6022
1360.127,4096,6022
1364.781,4097,6022
1366.864,4098,6022
1369.612,4099,6022
1369.809,4100,6022
1372.043,4101,6022
1381.27,4102,6022
1381.676,4103,6022
1381.918,4104,6022
1385.678,4105,6022
1386.914,4106,6022
1387.69,4107,6022
1390.541,4108,6022
1390.627,4109,6022
1395.747,4110,6022
1396.151,4111,6022
1396.361,4112,6022
1396.49,4113,6022
1396.532,4114,6022
1409.89,4115,6022
1410.733,4116,6022
1414.468,4117,6022
1415.284,4118,6022
1424.389,4119,6022
1435.192,4120,6022
1448.811,4121,6022
1472.283,4122,6022
1472.631,4123,6022
1473.147,4124,6022
1473.376,4125,6022
1475.092,4126,6022
1476.562,4127,6022
1481.413,4128,6022
1481.539,4129,6027
1481.555,4130,6027
1481.704,4131,6027
1481.767,4132,6027
1482.165,4133,6027
1482.833,4134,6029
1482.849,4135,6029
1482.932,4136,6029
1482.973,4137,6029
1483.654,4138,6029
1483.75,4139,6029
1483.791,4140,6029
1483.802,4141,6029
1483.922,4142,6029
1483.95,4143,6033
1484.033,4144,6033
1484.547,4145,6033
1484.848,4146,6033
1485.056,4147,6034
1485.219,4148,6034
1485.406,4149,6034
1485.502,4150,6034
1485.97,4151,6034
1486.356,4152,6034
1486.449,4153,6037
1486.799,4154,6037
1486.897,4155,6037
1487.958,4156,6037
1488.112,4157,6037
1489.453,4158,6038
1492.328,4159,6038
1500.553,4160,6038
1506.001,4161,6038
1537.888,4162,6038
1537.998,4163,6038
1538.063,4164,6038
1538.197,4165,6038
1538.539,4166,6038
1538.639,4167,6038
1538.702,4168,6038
1538.91,4169,6038
1539.307,4170,6038
1539.494,4171,6038
1539.731,4172,6039
1539.783,4173,6039
1539.867,4174,6039
1540.998,4175,6039
1541.264,4176,6039
1541.361,4177,6039
1541.81,4178,6039
1542.351,4179,6040
1542.815,4180,6040
1546.252,4181,6040
1547.514,4182,6040
1547.554,4183,6040
1547.601,4184,6040
1547.647,4185,6040
1547.677,4186,6040
1547.73,4187,6040
1547.781,4188,6040
1547.848,4189,6040
1548.405,4190,6040
1548.458,4191,6040
1548.468,4192,6040
1548.588,4193,6040
1548.69,4194,6040
1548.98,4195,6040
1549.287,4196,6040
1549.301,4197,6040
1549.619,4198,6040
1549.702,4199,6040
1550.127,4200,6040
1550.15,4201,6040
1550.41,4202,6040
1551.046,4203,6040
1552.126,4204,6040
1552.426,4205,6040
1553.65,4206,6040
1554.222,4207,6040
1555.692,4208,6040
1556.43,4209,6040
1557.049,4210,6040
1561.339,4211,6040
1565.056,4212,6040
1571.217,4213,6040
1571.246,4214,6040
1571.252,4215,6040
1571.651,4216,6040
1571.666,4217,6040
1572.984,4218,6040
1573.566,4219,6040
1574.712,4220,6040
1574.756,4221,6040
1575.494,4222,6040
1575.524,4223,6040
1577.222,4224,6040
1577.544,4225,6040
1579.266,4226,6040
1581.087,4227,6040
1581.715,4228,6040
1581.96,4229,6040
1582.492,4230,6040
1582.663,4231,6040
1587.537,4232,6040
1589.494,4233,6040
1607.436,4234,6040
1625.89,4235,6040
1650.853,4236,6040
1651.798,4237,6040
1652.942,4238,6040
1653.306,4239,6040
1653.594,4240,6040
1655.267,4241,6040
1655.273,4242,6040
1655.282,4243,6040
1655.292,4244,6040
1655.297,4245,6040
1655.301,4246,6041
1655.305,4247,6041
1655.316,4248,6041
1655.327,4249,6041
1655.333,4250,6041
1655.337,4251,6041
1655.341,4252,6041
1655.347,4253,6041
1655.354,4254,6041
1655.371,4255,6041
1655.374,4256,6041
1655.389,4257,6041
1655.784,4258,6041
1655.797,4259,6041
1655.827,4260,6041
1655.852,4261,6041
1655.869,4262,6041
1655.897,4263,6041
1655.918,4264,6041
1655.929,4265,6041
1655.957,4266,6041
1655.972,4267,6041
1656.027,4268,6041
1656.058,4269,6041
1656.1,4270,6041
1656.122,4271,6041
1656.127,4272,6041
1656.135,4273,6041
1656.166,4274,6041
1656.182,4275,6041
1656.187,4276,6041
1656.252,4277,6041
1656.297,4278,6041
1656.319,4279,6041
1656.334,4280,6041
1656.344,4281,6041
1656.425,4282,6041
1656.519,4283,6041
1656.576,4284,6041
1656.592,4285,6041
1656.603,4286,6041
1656.641,4287,6041
1656.733,4288,6041
1656.828,4289,6041
1656.956,4290,6041
1657.149,4291,6041
1657.229,4292,6041
1657.465,4293,6041
1657.523,4294,6041
1657.552,4295,6041
1657.596,4296,6041
1657.609,4297,6041
1657.657,4298,6041
1657.749,4299,6041
1657.835,4300,6041
1657.875,4301,6041
1657.905,4302,6041
1657.951,4303,6041
1657.977,4304,6041
1658.115,4305,6041
1658.19,4306,6041
1658.204,4307,6041
1658.244,4308,6041
1658.364,4309,6041
1658.405,4310,6041
1658.495,4311,6041
1658.602,4312,6041
1658.65,4313,6041
1658.781,4314,6041
1658.855,4315,6041
1658.996,4316,6041
1659.039,4317,6041
1659.205,4318,6041
1659.459,4319,6041
1659.707,4320,6041
1660.165,4321,6041
1660.439,4322,6041
1660.516,4323,6042
1660.58,4324,6042
1660.812,4325,6042
1660.836,4326,6042
1661.142,4327,6042
1661.584,4328,6042
1661.761,4329,6042
1661.951,4330,6042
1662.052,4331,6042
1662.265,4332,6042
1662.488,4333,6042
1662.505,4334,6042
1662.743,4335,6042
1663.253,4336,6042
1663.436,4337,6042
1664.153,4338,6042
1664.388,4339,6042
1664.455,4340,6042
1664.471,4341,6042
1664.569,4342,6042
1664.658,4343,6042
1664.761,4344,6042
1664.89,4345,6042
1664.947,4346,6042
1665.156,4347,6042
1665.79,4348,6042
1665.866,4349,6042
1666.045,4350,6042
1666.11,4351,6042
1668.418,4352,6042
1668.535,4353,6042
1668.965,4354,6042
1669.835,4355,6042
1669.856,4356,6042
1672.743,4357,6042
1678.127,4358,6042
1692.371,4359,6042
1692.41,4360,6042
1716.143,4361,6042
1719.288,4362,6042
1725.715,4363,6042
1757.206,4364,6042
1767.61,4365,6042
1767.952,4366,6042
1768.322,4367,6042
1769.244,4368,6042
1769.249,4369,6042
1769.261,4370,6042
1769.271,4371,6042
1769.274,4372,6042
1769.287,4373,6042
1769.294,4374,6042
1769.299,4375,6042
1769.305,4376,6042
1769.318,4377,6042
1769.344,4378,6042
1769.369,4379,6042
1769.618,4380,6042
1769.647,4381,6042
1769.669,4382,6042
1769.712,4383,6042
1769.768,4384,6042
1769.807,4385,6042
1769.814,4386,6042
1769.829,4387,6042
1769.845,4388,6042
1769.859,4389,6042
1769.962,4390,6042
1769.97,4391,6042
1769.997,4392,6042
1770.011,4393,6042
1770.076,4394,6042
1770.133,4395,6042
1770.17,4396,6042
1770.223,4397,6042
1770.458,4398,6042
1770.492,4399,6042
1770.536,4400,6042
1770.569,4401,6042
1770.576,4402,6042
1770.628,4403,6042
1770.672,4404,6042
1770.736,4405,6042
1770.742,4406,6042
1770.763,4407,6042
1770.779,4408,6042
1770.813,4409,6042
1770.848,4410,6042
1770.972,4411,6042
1770.977,4412,6042
1770.991,4413,6042
1770.995,4414,6042
1771.093,4415,6042
1771.107,4416,6042
1771.166,4417,6042
1771.176,4418,6042
1771.185,4419,6042
1771.229,4420,6042
1771.24,4421,6042
1771.287,4422,6042
1771.495,4423,6042
1771.504,4424,6042
1771.527,4425,6042
1771.563,4426,6042
1771.69,4427,6042
1771.801,4428,6042
1771.884,4429,6042
1771.957,4430,6042
1772.054,4431,6042
1772.094,4432,6042
1772.157,4433,6042
1772.357,4434,6042
1772.514,4435,6042
1772.54,4436,6042
1772.556,4437,6042
1772.642,4438,6042
1772.716,4439,6042
1772.779,4440,6042
1773.796,4441,6042
1773.918,4442,6042
1774.074,4443,6042
1774.236,4444,6042
1774.359,4445,6042
1774.498,4446,6042
1774.679,4447,6042
1775.099,4448,6042
1775.187,4449,6043
1775.506,4450,6043
1775.561,4451,6043
1775.892,4452,6043
1776.579,4453,6043
1776.794,4454,6043
1777.09,4455,6043
1778.326,4456,6044
1778.342,4457,6045
1778.347,4458,6046
1778.354,4459,6047
1778.548,4460,6047
1778.707,4461,6047
1779.301,4462,6047
1779.705,4463,6048
1780.513,4464,6048
1781.575,4465,6049
1782.047,4466,6049
1782.6,4467,6049
1782.747,4468,6049
1783.317,4469,6056
1784.002,4470,6059
1784.196,4471,6059
1786.224,4472,6059
1787.092,4473,6059
1789.447,4474,6059
1791.114,4475,6059
1791.358,4476,6059
1791.391,4477,6059
1795.663,4478,6059
1795.883,4479,6059
1795.894,4480,6059
1795.917,4481,6059
1795.936,4482,6059
1795.979,4483,6059
1796.004,4484,6059
1796.163,4485,6059
1796.235,4486,6059
1796.437,4487,6059
1796.458,4488,6062
1796.603,4489,6062
1796.697,4490,6062
1796.821,4491,6062
1796.85,4492,6062
1796.918,4493,6064
1796.971,4494,6064
1796.997,4495,6064
1797.32,4496,6064
1797.456,4497,6064
1797.772,4498,6064
1798.294,4499,6064
1798.418,4500,6064
1798.572,4501,6064
1799.316,4502,6066
1800.04,4503,6068
1800.093,4504,6068
1800.411,4505,6068
1800.431,4506,6068
1800.829,4507,6068
1801.61,4508,6068
1802.758,4509,6068
1804.353,4510,6068
1808.756,4511,6068
1809.357,4512,6068
1811.427,4513,6068
1818.979,4514,6068
1824.849,4515,6068
1886.762,4516,6068
1888.013,4517,6068
1889.155,4518,6068
1890.279,4519,6068
1890.305,4520,6068
1890.689,4521,6068
1890.71,4522,6068
1890.941,4523,6068
1891.128,4524,6068
1891.362,4525,6068
1891.828,4526,6068
1893.65,4527,6069
1894.653,4528,6069
1894.707,4529,6070
1895.082,4530,6070
1895.608,4531,6071
1896.858,4532,6071
1898.318,4533,6071
1899.474,4534,6071
1902.207,4535,6071
1903.521,4536,6071
1906.915,4537,6071
1910.141,4538,6071
1910.426,4539,6071
1910.542,4540,6071
1910.942,4541,6072
1911.0,4542,6073
1911.143,4543,6073
1911.247,4544,6073
1913.299,4545,6073
1914.351,4546,6073
1918.734,4547,6073
1919.538,4548,6073
1919.761,4549,6073
1919.786,4550,6073
1920.03,4551,6075
1921.047,4552,6075
1921.115,4553,6076
1921.779,4554,6076
1921.995,4555,6077
1922.239,4556,6077
1922.366,4557,6078
1922.906,4558,6078
1923.026,4559,6078
1923.604,4560,6078
1924.939,4561,6078
1925.335,4562,6078
1926.155,4563,6078
1926.512,4564,6078
1931.252,4565,6078
1931.256,4566,6078
1931.478,4567,6078
1931.514,4568,6078
1931.556,4569,6078
1931.658,4570,6078
1931.699,4571,6078
1931.704,4572,6079
1931.831,4573,6079
1931.97,4574,6079
1932.006,4575,6079
1932.04,4576,6081
1932.102,4577,6081
1932.215,4578,6083
1932.419,4579,6084
1932.491,4580,6084
1932.76,4581,6084
1933.276,4582,6084
1933.41,4583,6084
1933.786,4584,6084
1933.974,4585,6084
1934.931,4586,6084
1935.107,4587,6084
1935.225,4588,6084
1935.241,4589,6084
1935.569,4590,6085
1936.119,4591,6085
1936.362,4592,6085
1937.738,4593,6085
1938.916,4594,6085
1939.584,4595,6085
1942.031,4596,6085
1945.804,4597,6085
1947.198,4598,6085
1947.872,4599,6085
1948.529,4600,6085
1948.711,4601,6085
1949.281,4602,6085
1950.127,4603,6085
1950.18,4604,6085
1951.423,4605,6085
1953.462,4606,6085
1954.491,4607,6085
1955.615,4608,6085
1960.459,4609,6085
1961.445,4610,6085
1962.782,4611,6085
1968.514,4612,6085
1968.557,4613,6086
1968.883,4614,6086
1968.89,4615,6086
1968.903,4616,6086
1968.954,4617,6086
1968.958,4618,6086
1968.973,4619,6086
1968.997,4620,6087
1969.003,4621,6087
1969.008,4622,6087
1969.084,4623,6087
1969.122,4624,6087
1969.134,4625,6087
1969.174,4626,6087
1969.193,4627,6088
1969.246,4628,6088
1969.288,4629,6088
1969.307,4630,6088
1969.348,4631,6088
1969.513,4632,6088
1969.724,4633,6088
1969.763,4634,6088
1969.893,4635,6088
1970.007,4636,6088
1970.095,4637,6088
1970.103,4638,6088
1970.124,4639,6088
1970.238,4640,6088
1970.38,4641,6088
1970.503,4642,6088
1970.604,4643,6088
1970.864,4644,6088
1970.935,4645,6088
1970.988,4646,6088
1971.052,4647,6089
1971.144,4648,6089
1971.148,4649,6089
1971.168,4650,6089
1971.303,4651,6089
1971.345,4652,6089
1971.424,4653,6089
1971.664,4654,6089
1971.933,4655,6089
1971.953,4656,6089
1972.269,4657,6089
1972.345,4658,6089
1972.384,4659,6089
1972.89,4660,6089
1972.982,4661,6089
1973.348,4662,6089
1973.473,4663,6089
1973.481,4664,6089
1974.33,4665,6089
1974.415,4666,6089
1974.456,4667,6089
1984.066,4668,6089
1984.907,4669,6089
1986.238,4670,6089
1986.761,4671,6089
1987.073,4672,6089
1987.131,4673,6089
1987.456,4674,6089
1989.865,4675,6089
1990.67,4676,6089
1990.811,4677,6089
1993.513,4678,6089
1995.695,4679,6089
1996.194,4680,6089
1996.202,4681,6089
1997.447,4682,6090
2000.691,4683,6090
2001.338,4684,6090
2007.053,4685,6090
2007.109,4686,6090
2007.153,4687,6090
2007.868,4688,6090
2009.784,4689,6090
2012.25,4690,6090
2015.055,4691,6090
2019.082,4692,6090
2020.083,4693,6090
2024.42,4694,6090
2024.661,4695,6090
2025.27,4696,6090
2026.1,4697,6093
2029.275,4698,6094
2029.309,4699,6094
2029.331,4700,6094
2029.439,4701,6094
2029.545,4702,6095
2029.612,4703,6095
2029.788,4704,6095
2030.099,4705,6095
2030.336,4706,6095
2030.413,4707,6095
2030.502,4708,6095
2030.752,4709,6095
2031.424,4710,6095
2031.584,4711,6095
2031.943,4712,6095
2031.963,4713,6095
2032.264,4714,6096
2032.315,4715,6096
2032.774,4716,6096
2032.808,4717,6096
2033.411,4718,6097
2033.521,4719,6097
2033.661,4720,6097
2033.884,4721,6097
2033.918,4722,6097
2034.15,4723,6097
2034.415,4724,6097
2034.923,4725,6098
2034.931,4726,6098
2035.13,4727,6098
2035.531,4728,6098
2038.604,4729,6098
2051.542,4730,6098
2055.001,4731,6098
2063.657,4732,6098
2067.643,4733,6098
2070.537,4734,6098
2070.837,4735,6098
2075.426,4736,6098
2076.136,4737,6098
2077.248,4738,6098
2078.971,4739,6098
2083.4,4740,6098
2084.879,4741,6098
2085.119,4742,6098
2085.344,4743,6098
2086.032,4744,6098
2087.328,4745,6098
2091.235,4746,6098
2102.316,4747,6098
2104.958,4748,6098
2105.021,4749,6098
2105.063,4750,6098
2105.659,4751,6098
2105.789,4752,6098
2107.597,4753,6098
2107.675,4754,6098
2108.673,4755,6098
2109.92,4756,6098
2109.953,4757,6098
2113.033,4758,6098
2113.38,4759,6098
2114.042,4760,6098
2117.47,4761,6098
2117.514,4762,6098
2117.566,4763,6098
2117.591,4764,6098
2117.661,4765,6098
2117.718,4766,6098
2118.421,4767,6101
2119.39,4768,6101
2120.047,4769,6101
2121.43,4770,6101
2133.296,4771,6101
2139.105,4772,6101
2139.123,4773,6101
2142.886,4774,6102
2145.674,4775,6102
2145.702,4776,6102
2145.978,4777,6102
2145.986,4778,6102
2146.083,4779,6102
2146.285,4780,6102
2146.562,4781,6102
2149.221,4782,6102
2149.298,4783,6102
2149.529,4784,6102
2149.971,4785,6102
2151.015,4786,6102
2151.639,4787,6102
2152.229,4788,6102
2152.571,4789,6103
2152.699,4790,6103
2153.065,4791,6104
2158.304,4792,6104
2158.501,4793,6104
2158.647,4794,6104
2165.072,4795,6104
2165.437,4796,6112
2165.591,4797,6112
2166.086,4798,6112
2171.723,4799,6112
2175.225,4800,6113
2197.918,4801,6113
2208.722,4802,6113
2209.083,4803,6113
2209.245,4804,6113
2209.424,4805,6114
2209.674,4806,6114
2209.797,4807,6114
2209.815,4808,6114
2209.843,4809,6114
2210.237,4810,6114
2210.656,4811,6114
2210.744,4812,6114
2210.92,4813,6114
2210.974,4814,6114
2211.199,4815,6115
2211.395,4816,6115
2211.812,4817,6115
2211.865,4818,6115
2212.382,4819,6115
2212.697,4820,6115
2212.888,4821,6115
2213.559,4822,6115
2213.802,4823,6116
2214.44,4824,6116
2215.09,4825,6116
2215.33,4826,6116
2220.6,4827,6116
2220.833,4828,6116
2221.306,4829,6116
2221.332,4830,6116
2221.47,4831,6116
2222.608,4832,6116
2226.103,4833,6116
2227.965,4834,6116
2231.443,4835,6117
2235.797,4836,6117
2237.257,4837,6117
2237.274,4838,6117
2237.29,4839,6117
2237.375,4840,6117
2237.461,4841,6117
2237.573,4842,6117
2237.721,4843,6117
2238.788,4844,6117
2238.833,4845,6117
2238.894,4846,6117
2238.944,4847,6117
2239.121,4848,6117
2239.15,4849,6117
2239.234,4850,6117
2239.257,4851,6117
2239.268,4852,6117
2239.547,4853,6117
2239.777,4854,6117
2240.045,4855,6117
2240.086,4856,6117
2240.36,4857,6117
2240.423,4858,6118
2240.428,4859,6118
2240.621,4860,6118
2240.863,4861,6118
2241.285,4862,6118
2241.627,4863,6118
2241.646,4864,6118
2241.688,4865,6118
2241.829,4866,6118
2242.738,4867,6118
2242.752,4868,6118
2242.819,4869,6118
2242.918,4870,6118
2242.951,4871,6118
2242.972,4872,6118
2243.779,4873,6118
2243.821,4874,6118
2243.893,4875,6118
2243.948,4876,6118
2244.02,4877,6118
2244.833,4878,6118
2246.619,4879,6118
2246.672,4880,6118
2246.865,4881,6118
2247.063,4882,6118
2247.482,4883,6118
2247.687,4884,6118
2247.812,4885,6118
2248.082,4886,6118
2248.437,4887,6118
2249.577,4888,6118
2249.835,4889,6118
2251.135,4890,6118
2253.586,4891,6118
2254.124,4892,6118
2254.43,4893,6118
2254.445,4894,6121
2254.662,4895,6121
2256.672,4896,6121
2256.727,4897,6121
2260.83,4898,6121
2261.083,4899,6121
2261.154,4900,6121
2263.596,4901,6121
2263.802,4902,6121
2264.031,4903,6121
2264.473,4904,6121
2264.541,4905,6121
2264.835,4906,6121
2265.235,4907,6122
2265.749,4908,6122
2265.918,4909,6122
2266.024,4910,6122
2266.128,4911,6122
2266.211,4912,6122
2267.794,4913,6122
2268.381,4914,6122
2268.683,4915,6122
2270.266,4916,6122
2270.558,4917,6122
2271.302,4918,6122
2275.829,4919,6122
2276.774,4920,6122
2291.925,4921,6122
2292.487,4922,6122
2292.52,4923,6122
2293.026,4924,6123
2294.278,4925,6123
2294.491,4926,6123
2297.132,4927,6123
2297.333,4928,6123
2299.499,4929,6123
2305.504,4930,6123
2306.073,4931,6123
2306.104,4932,6123
2306.137,4933,6123
2306.572,4934,6124
2306.675,4935,6124
2306.918,4936,6124
2306.935,4937,6124
2307.013,4938,6124
2307.122,4939,6124
2307.301,4940,6124
2307.908,4941,6124
2308.616,4942,6124
2309.295,4943,6124
2309.38,4944,6124
2311.626,4945,6124
2312.464,4946,6124
2315.851,4947,6125
2315.957,4948,6125
2316.009,4949,6125
2316.106,4950,6125
2316.149,4951,6125
2316.175,4952,6126
2317.407,4953,6126
2317.636,4954,6126
2317.754,4955,6126
2318.0,4956,6127
2318.041,4957,6127
2318.071,4958,6127
2318.449,4959,6127
2318.47,4960,6127
2318.993,4961,6127
2319.165,4962,6127
2319.433,4963,6127
2319.806,4964,6127
2320.12,4965,6128
2320.313,4966,6128
2320.6,4967,6129
2320.749,4968,6129
2321.206,4969,6129
2321.307,4970,6129
2321.407,4971,6129
2321.873,4972,6129
2322.126,4973,6132
2322.998,4974,6132
2323.151,4975,6132
2323.342,4976,6132
2324.237,4977,6132
2325.282,4978,6132
2326.513,4979,6132
2326.68,4980,6132
2327.337,4981,6132
2327.401,4982,6132
2329.27,4983,6133
2330.021,4984,6133
2331.994,4985,6133
2332.576,4986,6133
2333.77,4987,6133
2338.265,4988,6133
2338.434,4989,6133
2339.871,4990,6133
2341.131,4991,6133
2341.23,4992,6133
2343.685,4993,6133
2343.853,4994,6133
2345.473,4995,6133
2346.952,4996,6133
2348.016,4997,6133
2350.909,4998,6133
2352.826,4999,6133
2352.907,5000,6133
2353.41,5001,6133
2353.437,5002,6133
2353.458,5003,6133
2353.597,5004,6133
2354.328,5005,6133
2354.518,5006,6133
2356.017,5007,6133
2357.073,5008,6133
2359.154,5009,6133
2360.462,5010,6133
2363.728,5011,6133
2363.852,5012,6133
2364.998,5013,6133
2366.079,5014,6133
2366.286,5015,6133
2367.576,5016,6133
2367.986,5017,6133
2368.073,5018,6133
2368.592,5019,6133
2369.154,5020,6133
2369.513,5021,6133
2369.63,5022,6133
2370.836,5023,6133
2370.91,5024,6133
2372.629,5025,6133
2373.777,5026,6133
2374.365,5027,6133
2375.176,5028,6133
2378.286,5029,6133
2381.404,5030,6133
2381.878,5031,6133
2383.028,5032,6133
2383.273,5033,6133
2385.362,5034,6133
2389.007,5035,6133
2389.397,5036,6133
2390.671,5037,6133
2392.957,5038,6133
2397.152,5039,6133
2404.322,5040,6133
2404.647,5041,6133
2406.379,5042,6133
2410.072,5043,6133
2410.412,5044,6133
2421.816,5045,6133
2422.658,5046,6133
2424.369,5047,6133
2435.169,5048,6133
2437.062,5049,6134
2437.195,5050,6135
2437.271,5051,6135
2438.217,5052,6135
2438.723,5053,6135
2439.278,5054,6137
2439.404,5055,6137
2440.286,5056,6137
2441.125,5057,6138
2441.319,5058,6138
2442.264,5059,6138
2442.345,5060,6138
2443.925,5061,6138
2443.956,5062,6138
2443.974,5063,6138
2443.998,5064,6138
2444.011,5065,6138
2444.101,5066,6138
2444.185,5067,6138
2444.239,5068,6138
2444.521,5069,6138
2444.557,5070,6138
2444.666,5071,6138
2444.718,5072,6138
2444.744,5073,6138
2444.929,5074,6138
2444.983,5075,6138
2444.995,5076,6138
2445.069,5077,6138
2445.407,5078,6138
2445.559,5079,6138
2445.579,5080,6138
2446.167,5081,6138
2446.306,5082,6138
2447.168,5083,6138
2447.342,5084,6138
2447.486,5085,6138
2447.802,5086,6138
2448.037,5087,6138
2448.189,5088,6138
2453.552,5089,6138
2453.7,5090,6138
2454.686,5091,6138
2455.067,5092,6138
2455.156,5093,6138
2455.986,5094,6138
2456.166,5095,6139
2456.569,5096,6139
2457.104,5097,6139
2458.072,5098,6139
2459.571,5099,6139
2460.574,5100,6139
2463.294,5101,6139
2467.901,5102,6139
2468.095,5103,6139
2468.822,5104,6139
2471.505,5105,6139
2472.291,5106,6139
2475.384,5107,6139
2479.738,5108,6139
2479.813,5109,6139
2483.921,5110,6139
2485.925,5111,6139
2486.07,5112,6139
2486.767,5113,6139
2487.234,5114,6139
2487.317,5115,6139
2487.612,5116,6139
2487.82,5117,6139
2488.167,5118,6139
2488.337,5119,6139
2488.895,5120,6139
2489.522,5121,6139
2489.974,5122,6139
2495.667,5123,6139
2496.081,5124,6139
2496.179,5125,6139
2496.217,5126,6139
2496.331,5127,6139
2497.527,5128,6139
2499.196,5129,6139
2503.45,5130,6139
2503.687,5131,6139
2503.757,5132,6139
2505.324,5133,6139
2505.624,5134,6139
2505.758,5135,6139
2505.937,5136,6141
2506.027,5137,6141
2506.471,5138,6141
2506.63,5139,6141
2508.312,5140,6141
2508.562,5141,6141
2509.773,5142,6141
2511.079,5143,6141
2516.806,5144,6141
2516.863,5145,6141
2516.901,5146,6141
2516.938,5147,6141
2516.944,5148,6142
2517.033,5149,6142
2517.398,5150,6142
2517.552,5151,6142
2517.635,5152,6142
2517.648,5153,6142
2517.782,5154,6142
2518.35,5155,6142
2518.381,5156,6142
2518.503,5157,6142
2518.521,5158,6142
2519.141,5159,6142
2519.506,5160,6142
2519.938,5161,6145
2520.088,5162,6145
2520.128,5163,6145
2520.33,5164,6145
2520.95,5165,6145
2521.956,5166,6145
2522.073,5167,6145
2522.154,5168,6145
2522.676,5169,6145
2523.048,5170,6145
2523.856,5171,6145
2524.516,5172,6145
2526.624,5173,6145
2529.326,5174,6145
2529.378,5175,6145
2529.508,5176,6145
2530.759,5177,6145
2531.16,5178,6146
2534.473,5179,6147
2536.372,5180,6147
2539.107,5181,6147
2539.129,5182,6147
2539.173,5183,6147
2539.283,5184,6147
2539.303,5185,6147
2539.932,5186,6147
2540.08,5187,6147
2540.12,5188,6147
2540.175,5189,6150
2540.186,5190,6150
2540.225,5191,6150
2540.307,5192,6150
2540.637,5193,6150
2540.689,5194,6150
2540.816,5195,6151
2540.853,5196,6151
2541.157,5197,6151
2541.853,5198,6151
2542.453,5199,6151
2544.207,5200,6151
2544.968,5201,6151
2545.757,5202,6154
2546.309,5203,6154
2550.044,5204,6154
2550.474,5205,6154
2551.531,5206,6155
2553.278,5207,6155
2557.159,5208,6155
2559.029,5209,6155
2559.209,5210,6155
2560.612,5211,6155
2563.882,5212,6155
2567.292,5213,6155
2567.359,5214,6155
2569.081,5215,6155
2569.187,5216,6155
2569.203,5217,6155
2569.242,5218,6155
2569.288,5219,6155
2569.342,5220,6155
2570.79,5221,6155
2570.883,5222,6155
2571.429,5223,6155
2571.482,5224,6155
2572.067,5225,6155
2572.486,5226,6155
2572.987,5227,6155
2573.085,5228,6155
2574.623,5229,6155
2576.788,5230,6155
2578.943,5231,6155
2579.335,5232,6155
2579.349,5233,6155
2579.566,5234,6155
2579.66,5235,6155
2580.525,5236,6155
2580.981,5237,6155
2582.243,5238,6156
2582.832,5239,6156
2583.212,5240,6156
2583.303,5241,6156
2585.87,5242,6156
2586.51,5243,6156
2588.856,5244,6156
2591.453,5245,6156
2591.465,5246,6156
2591.492,5247,6156
2591.697,5248,6156
2592.989,5249,6156
2603.048,5250,6156
2603.083,5251,6156
2606.801,5252,6156
2606.853,5253,6156
2611.208,5254,6156
2612.402,5255,6156
2613.713,5256,6156
2614.589,5257,6156
2614.932,5258,6156
2615.739,5259,6156
2615.807,5260,6156
2615.847,5261,6156
2616.737,5262,6156
2621.53,5263,6156
2625.463,5264,6156
2625.929,5265,6156
2627.693,5266,6156
2631.221,5267,6156
2632.695,5268,6156
2641.843,5269,6156
2643.914,5270,6156
2644.151,5271,6156
2644.21,5272,6156
2644.287,5273,6156
2645.683,5274,6156
2646.297,5275,6156
2651.398,5276,6156
2651.797,5277,6156
2652.222,5278,6156
2655.321,5279,6156
2665.269,5280,6160
2665.81,5281,6160
2666.152,5282,6160
2667.131,5283,6160
2668.052,5284,6161
2670.283,5285,6161
2672.109,5286,6161
2673.948,5287,6162
2674.009,5288,6162
2674.115,5289,6162
2674.347,5290,6162
2674.431,5291,6163
2674.858,5292,6163
2675.228,5293,6163
2675.406,5294,6163
2677.256,5295,6163
2677.32,5296,6163
2678.46,5297,6163
2678.532,5298,6163
2678.593,5299,6163
2678.733,5300,6163
2680.473,5301,6163
2681.756,5302,6163
2681.904,5303,6163
2682.073,5304,6163
2683.998,5305,6163
2690.397,5306,6164
2690.475,5307,6164
2690.909,5308,6165
2692.107,5309,6165
2694.182,5310,6165
2694.986,5311,6165
2696.13,5312,6165
2704.358,5313,6165
2704.751,5314,6166
2705.53,5315,6166
2706.476,5316,6166
2707.869,5317,6166
2713.683,5318,6166
2714.802,5319,6166
2714.934,5320,6166
2715.742,5321,6166
2716.353,5322,6166
2716.542,5323,6166
2718.427,5324,6166
2719.096,5325,6166
2730.689,5326,6166
2731.316,5327,6166
2733.971,5328,6166
2735.126,5329,6166
2735.504,5330,6166
2735.676,5331,6166
2736.83,5332,6166
2742.744,5333,6166
2742.792,5334,6166
2742.906,5335,6167
2743.18,5336,6167
2744.905,5337,6167
2749.483,5338,6167
2749.5,5339,6168
2752.024,5340,6168
2752.204,5341,6168
2759.03,5342,6168
2759.043,5343,6168
2760.001,5344,6168
2760.05,5345,6168
2762.584,5346,6168
2762.62,5347,6168
2762.743,5348,6168
2762.96,5349,6168
2762.975,5350,6171
2763.07,5351,6171
2763.237,5352,6171
2763.336,5353,6171
2763.411,5354,6171
2763.915,5355,6171
2764.372,5356,6171
2764.774,5357,6171
2765.388,5358,6171
2766.963,5359,6171
2767.019,5360,6171
2767.059,5361,6171
2767.484,5362,6174
2767.505,5363,6174
2768.092,5364,6174
2769.003,5365,6174
2773.194,5366,6174
2773.483,5367,6174
2774.645,5368,6174
2776.113,5369,6174
2782.945,5370,6174
2783.516,5371,6174
2787.338,5372,6174
2791.027,5373,6174
2791.616,5374,6174
2793.424,5375,6174
2794.401,5376,6174
2798.164,5377,6174
2801.247,5378,6174
2803.187,5379,6174
2803.687,5380,6174
2809.257,5381,6174
2810.619,5382,6174
2827.883,5383,6174
2829.596,5384,6174
2830.079,5385,6174
2830.499,5386,6174
2830.732,5387,6174
2830.739,5388,6174
2833.699,5389,6174
2837.76,5390,6174
2837.804,5391,6174
2839.015,5392,6174
2844.068,5393,6174
2844.615,5394,6174
2859.872,5395,6174
2864.147,5396,6174
2864.164,5397,6174
2864.221,5398,6174
2864.301,5399,6174
2865.816,5400,6174
2869.177,5401,6174
2869.327,5402,6174
2869.363,5403,6174
2869.427,5404,6174
2869.47,5405,6174
2869.497,5406,6174
2869.555,5407,6174
2873.329,5408,6174
2874.104,5409,6174
2874.456,5410,6174
2874.948,5411,6174
2882.933,5412,6174
2889.812,5413,6174
2891.511,5414,6174
2892.008,5415,6174
2892.543,5416,6174
2893.897,5417,6175
2895.813,5418,6175
2906.851,5419,6176
2909.699,5420,6176
2912.932,5421,6176
2915.093,5422,6176
2917.79,5423,6176
2917.879,5424,6176
2918.008,5425,6176
2918.781,5426,6178
2919.071,5427,6178
2919.782,5428,6178
2921.151,5429,6178
2921.734,5430,6178
2922.222,5431,6178
2922.944,5432,6178
2923.511,5433,6178
2926.098,5434,6178
2932.123,5435,6183
2932.867,5436,6183
2935.062,5437,6183
2938.143,5438,6183
2940.335,5439,6183
2942.537,5440,6183
2942.849,5441,6186
2943.069,5442,6186
2943.502,5443,6186
2944.12,5444,6186
2945.547,5445,6186
2947.643,5446,6186
2947.994,5447,6186
2951.692,5448,6186
2955.175,5449,6186
2963.349,5450,6186
2965.335,5451,6186
2967.52,5452,6186
2968.4,5453,6186
2973.515,5454,6186
2976.168,5455,6186
2980.093,5456,6186
2982.379,5457,6186
2982.504,5458,6186
2982.719,5459,6186
2982.872,5460,6186
2983.416,5461,6186
2983.638,5462,6187
2984.135,5463,6187
2985.952,5464,6187
2987.211,5465,6187
2989.202,5466,6187
2990.994,5467,6187
2991.817,5468,6187
2994.327,5469,6187
2994.867,5470,6187
2995.16,5471,6187
2997.315,5472,6187
2997.403,5473,6187
2998.304,5474,6187
3001.592,5475,6187
3009.003,5476,6187
3010.524,5477,6187
3012.531,5478,6187
3013.29,5479,6187
3013.439,5480,6188
3014.432,5481,6188
3014.652,5482,6188
3014.689,5483,6188
3014.981,5484,6188
3017.364,5485,6188
3017.986,5486,6188
3020.142,5487,6188
3020.841,5488,6188
3021.078,5489,6188
3021.102,5490,6188
3021.557,5491,6191
3021.624,5492,6191
3021.783,5493,6191
3021.795,5494,6191
3021.904,5495,6191
3021.96,5496,6191
3022.541,5497,6191
3022.907,5498,6191
3023.171,5499,6191
3023.3,5500,6191
3023.317,5501,6191
3023.365,5502,6191
3023.497,5503,6191
3024.289,5504,6191
3024.598,5505,6191
3024.894,5506,6191
3024.921,5507,6191
3025.074,5508,6191
3026.291,5509,6194
3026.392,5510,6194
3026.554,5511,6194
3026.639,5512,6194
3026.817,5513,6194
3026.919,5514,6194
3027.263,5515,6194
3027.604,5516,6194
3028.02,5517,6194
3028.149,5518,6197
3028.174,5519,6197
3030.55,5520,6197
3030.69,5521,6197
3030.822,5522,6197
3030.901,5523,6197
3032.246,5524,6197
3032.55,5525,6197
3033.682,5526,6197
3033.853,5527,6197
3034.163,5528,6197
3034.997,5529,6197
3035.182,5530,6197
3036.206,5531,6197
3041.394,5532,6197
3045.663,5533,6197
3067.761,5534,6197
3068.016,5535,6197
3068.129,5536,6197
3068.167,5537,6200
3068.181,5538,6200
3068.293,5539,6200
3068.339,5540,6200
3068.358,5541,6200
3068.529,5542,6200
3068.661,5543,6200
3068.808,5544,6200
3068.86,5545,6200
3068.959,5546,6200
3069.002,5547,6200
3069.097,5548,6200
3069.29,5549,6200
3069.498,5550,6200
3070.491,5551,6200
3071.027,5552,6200
3071.166,5553,6200
3071.369,5554,6200
3071.485,5555,6200
3071.923,5556,6200
3072.494,5557,6200
3072.749,5558,6200
3072.861,5559,6200
3073.001,5560,6200
3073.809,5561,6200
3074.395,5562,6200
3074.399,5563,6200
3074.866,5564,6200
3085.217,5565,6200
3085.568,5566,6200
3089.603,5567,6200
3090.354,5568,6200
3090.379,5569,6200
3090.446,5570,6200
3091.424,5571,6200
3091.583,5572,6200
3093.999,5573,6200
3095.061,5574,6200
3095.432,5575,6200
3098.593,5576,6200
3099.347,5577,6200
3099.7,5578,6200
3108.12,5579,6200
3109.163,5580,6200
3110.031,5581,6200
3110.082,5582,6200
3112.379,5583,6200
3112.73,5584,6200
3114.375,5585,6200
3115.643,5586,6200
3118.141,5587,6200
3118.747,5588,6200
3119.441,5589,6200
3122.877,5590,6200
3123.702,5591,6200
3127.908,5592,6200
3135.697,5593,6200
3135.822,5594,6200
3138.783,5595,6200
3142.449,5596,6200
3144.962,5597,6200
3160.208,5598,6200
3166.445,5599,6200
3169.483,5600,6200
3177.605,5601,6200
3184.521,5602,6200
3187.38,5603,6200
3187.41,5604,6200
3193.652,5605,6200
3195.287,5606,6200
3197.226,5607,6200
3204.885,5608,6200
3205.009,5609,6200
3206.792,5610,6200
3210.463,5611,6200
3211.821,5612,6200
3212.999,5613,6200
3215.042,5614,6200
3221.732,5615,6200
3229.555,5616,6200
3229.568,5617,6200
3229.626,5618,6200
3230.429,5619,6200
3230.479,5620,6200
3231.17,5621,6200
3231.71,5622,6200
3231.876,5623,6200
3232.068,5624,6200
3232.674,5625,6200
3239.328,5626,6200
3240.555,5627,6200
3240.7,5628,6200
3242.552,5629,6200
3242.923,5630,6200
3247.32,5631,6200
3248.722,5632,6200
3249.964,5633,6200
3250.197,5634,6200
3252.914,5635,6200
3253.525,5636,6200
3262.611,5637,6200
3262.847,5638,6200
3276.087,5639,6200
3281.728,5640,6200
3285.591,5641,6200
3294.991,5642,6200
3295.575,5643,6200
3298.695,5644,6200
3298.751,5645,6200
3299.09,5646,6200
3299.105,5647,6200
3299.43,5648,6200
3300.618,5649,6200
3300.732,5650,6200
3300.997,5651,6200
3301.015,5652,6200
3301.061,5653,6201
3302.249,5654,6201
3302.574,5655,6201
3304.027,5656,6201
3312.401,5657,6201
3313.943,5658,6201
3314.116,5659,6203
3316.414,5660,6203
3326.476,5661,6203
3338.857,5662,6203
3339.514,5663,6203
3340.076,5664,6203
3340.526,5665,6203
3344.204,5666,6203
3345.087,5667,6203
3352.748,5668,6203
3363.412,5669,6203
3363.471,5670,6203
3365.947,5671,6203
3371.128,5672,6203
3375.653,5673,6203
3377.476,5674,6203
3377.745,5675,6203
3378.016,5676,6205
3378.354,5677,6205
3380.132,5678,6205
3383.404,5679,6205
3384.655,5680,6205
3385.794,5681,6205
3392.667,5682,6205
3392.776,5683,6205
3413.468,5684,6205
3421.801,5685,6205
3422.169,5686,6205
3422.391,5687,6205
3454.558,5688,6205
3462.957,5689,6205
3470.1,5690,6205
3472.935,5691,6205
3473.04,5692,6205
3473.82,5693,6205
3477.341,5694,6205
3478.562,5695,6205
3485.729,5696,6205
3486.511,5697,6205
3497.138,5698,6205
3499.128,5699,6205
3506.126,5700,6205
3507.373,5701,6205
3507.493,5702,6205
3510.096,5703,6205
3512.235,5704,6205
3517.854,5705,6205
3522.288,5706,6205
3522.699,5707,6205
3523.119,5708,6205
3524.353,5709,6205
3524.419,5710,6205
3526.075,5711,6205
3528.23,5712,6205
3529.751,5713,6205
3534.812,5714,6205
3538.33,5715,6205
3538.626,5716,6205
3539.442,5717,6205
3545.579,5718,6205
3546.779,5719,6205
3547.578,5720,6205
3549.05,5721,6205
3551.675,5722,6205
3552.125,5723,6205
3568.714,5724,6205
3569.06,5725,6208
3573.242,5726,6208
3577.197,5727,6208
3578.867,5728,6208
3580.732,5729,6208
3591.327,5730,6208
3591.339,5731,6208
3591.343,5732,6208
3591.366,5733,6208
3591.398,5734,6208
3591.43,5735,6208
3591.459,5736,6208
3591.515,5737,6208
3592.463,5738,6208
3592.566,5739,6208
3592.642,5740,6208
3592.806,5741,6208
3592.944,5742,6208
3593.335,5743,6208
3593.418,5744,6208
3593.612,5745,6208
3594.415,5746,6208
3595.145,5747,6208
3595.314,5748,6208
3596.645,5749,6208
3598.048,5750,6208
3599.205,5751,6208
3599.62,5752,6208
3599.665,5753,6208
3601.05,5754,6208
3604.594,5755,6208
3614.302,5756,6208
3633.737,5757,6208
3634.502,5758,6208
3648.759,5759,6208
3654.647,5760,6208
3668.043,5761,6208
3668.379,5762,6208
3669.208,5763,6208
3669.422,5764,6208
3671.367,5765,6208
3671.789,5766,6208
3681.767,5767,6208
3682.439,5768,6208
3682.506,5769,6208
3683.264,5770,6208
3684.046,5771,6208
3684.055,5772,6208
3685.879,5773,6208
3685.942,5774,6208
3686.046,5775,6208
3686.336,5776,6208
3687.756,5777,6208
3688.128,5778,6208
3688.561,5779,6208
3688.708,5780,6208
3688.778,5781,6208
3690.12,5782,6208
3691.02,5783,6208
3691.331,5784,6208
3691.826,5785,6208
3691.842,5786,6208
3692.88,5787,6208
3692.933,5788,6208
3693.508,5789,6208
3693.659,5790,6208
3694.293,5791,6208
3694.398,5792,6208
3694.415,5793,6208
3694.99,5794,6208
3695.128,5795,6208
3696.125,5796,6208
3696.995,5797,6208
3697.9,5798,6208
3697.989,5799,6208
3698.057,5800,6208
3698.81,5801,6208
3699.726,5802,6208
3701.396,5803,6208
3701.59,5804,6208
3708.401,5805,6208
3710.323,5806,6208
3715.688,5807,6208
3716.101,5808,6210
3716.405,5809,6210
3717.092,5810,6210
3718.016,5811,6210
3722.431,5812,6210
3722.477,5813,6210
3724.864,5814,6210
3728.916,5815,6210
3729.104,5816,6210
3730.815,5817,6210
3731.115,5818,6210
3733.017,5819,6210
3733.122,5820,6210
3733.363,5821,6210
3747.938,5822,6210
3754.696,5823,6210
3777.122,5824,6210
3777.195,5825,6210
3778.053,5826,6210
3782.689,5827,6210
3785.722,5828,6210
3791.407,5829,6210
3792.147,5830,6210
3792.156,5831,6210
3793.452,5832,6210
3794.164,5833,6210
3794.984,5834,6210
3795.199,5835,6210
3795.242,5836,6210
3818.772,5837,6210
3818.804,5838,6210
3822.666,5839,6210
3831.629,5840,6210
3831.669,5841,6210
3831.856,5842,6210
3832.855,5843,6210
3833.104,5844,6210
3835.564,5845,6210
3836.25,5846,6210
3838.222,5847,6210
3839.12,5848,6210
3846.948,5849,6210
3846.962,5850,6210
3847.064,5851,6210
3847.322,5852,6210
3848.202,5853,6210
3848.452,5854,6210
3850.036,5855,6210
3851.331,5856,6210
3851.576,5857,6210
3852.517,5858,6210
3861.074,5859,6210
3871.142,5860,6210
3893.257,5861,6210
3926.641,5862,6210
3933.834,5863,6210
3936.369,5864,6210
3940.511,5865,6211
3941.485,5866,6212
3942.14,5867,6212
3943.092,5868,6212
3946.153,5869,6212
3951.759,5870,6212
3955.832,5871,6212
3955.997,5872,6212
3956.024,5873,6212
3956.079,5874,6212
3956.151,5875,6212
3956.63,5876,6212
3962.386,5877,6212
3965.555,5878,6212
3967.928,5879,6212
3968.603,5880,6212
3991.3,5881,6212
4013.513,5882,6212
4013.783,5883,6212
4013.807,5884,6212
4013.883,5885,6212
4014.608,5886,6212
4014.805,5887,6212
4015.457,5888,6212
4016.383,5889,6212
4018.886,5890,6212
4019.131,5891,6212
4019.598,5892,6212
4019.675,5893,6212
4021.469,5894,6212
4021.599,5895,6212
4022.028,5896,6212
4022.627,5897,6212
4030.212,5898,6212
4030.747,5899,6212
4031.438,5900,6212
4031.471,5901,6212
4032.971,5902,6212
4037.839,5903,6212
4040.281,5904,6212
4121.495,5905,6212
4125.537,5906,6212
4130.287,5907,6212
4130.453,5908,6212
4130.653,5909,6212
4130.834,5910,6212
4130.959,5911,6212
4132.879,5912,6212
4135.023,5913,6212
4135.27,5914,6212
4136.324,5915,6212
4136.455,5916,6212
4136.587,5917,6212
4137.573,5918,6212
4137.621,5919,6212
4140.583,5920,6212
4147.971,5921,6212
4151.175,5922,6212
4151.253,5923,6212
4170.207,5924,6212
4177.205,5925,6212
4179.086,5926,6212
4187.42,5927,6212
4187.543,5928,6212
4187.591,5929,6212
4188.141,5930,6212
4188.87,5931,6212
4189.652,5932,6212
4189.862,5933,6212
4190.359,5934,6212
4190.861,5935,6212
4200.316,5936,6212
4204.215,5937,6212
4209.286,5938,6212
4209.902,5939,6212
4210.537,5940,6212
4210.846,5941,6212
4211.597,5942,6212
4212.126,5943,6212
4212.164,5944,6212
4216.309,5945,6212
4223.44,5946,6212
4229.799,5947,6212
4237.157,5948,6212
4245.183,5949,6212
4245.388,5950,6212
4246.257,5951,6212
4246.783,5952,6212
4247.077,5953,6212
4249.823,5954,6212
4250.741,5955,6212
4252.02,5956,6212
4252.21,5957,6212
4253.001,5958,6212
4253.319,5959,6212
4253.378,5960,6212
4255.885,5961,6212
4269.514,5962,6212
4277.749,5963,6212
4293.938,5964,6212
4295.597,5965,6212
4300.027,5966,6212
4300.888,5967,6212
4301.463,5968,6212
4321.969,5969,6212
4333.079,5970,6212
4333.861,5971,6212
4334.225,5972,6212
4338.912,5973,6212
4339.349,5974,6212
4340.123,5975,6212
4344.1,5976,6212
4369.069,5977,6212
4372.518,5978,6212
4379.037,5979,6212
4383.273,5980,6212
4383.326,5981,6212
4383.342,5982,6212
4383.555,5983,6212
4383.958,5984,6212
4386.352,5985,6212
4386.806,5986,6212
4387.292,5987,6212
4387.867,5988,6212
4388.447,5989,6212
4388.894,5990,6212
4394.396,5991,6212
4395.779,5992,6212
4398.645,5993,6212
4404.272,5994,6212
4419.089,5995,6212
4423.104,5996,6212
4423.115,5997,6212
4423.268,5998,6212
4423.354,5999,6212
4423.374,6000,6212
4423.403,6001,6212
4423.431,6002,6212
4423.499,6003,6212
4423.702,6004,6212
4423.787,6005,6212
4425.097,6006,6212
4425.443,6007,6212
4425.473,6008,6212
4425.657,6009,6212
4425.723,6010,6212
4425.987,6011,6212
4426.386,6012,6212
4426.54,6013,6212
4426.777,6014,6212
4426.828,6015,6212
4426.851,6016,6212
4427.06,6017,6212
4427.121,6018,6212
4427.38,6019,6212
4428.469,6020,6212
4430.036,6021,6212
4430.541,6022,6212
4430.758,6023,6212
4432.957,6024,6212
4433.079,6025,6212
4433.567,6026,6214
4434.244,6027,6214
4434.957,6028,6214
4435.146,6029,6214
4437.268,6030,6214
4437.619,6031,6214
4439.189,6032,6214
4439.387,6033,6214
4440.217,6034,6214
4441.281,6035,6214
4441.628,6036,6214
4469.259,6037,6214
4469.334,6038,6214
4469.52,6039,6214
4477.983,6040,6214
4481.242,6041,6214
4485.011,6042,6214
4486.622,6043,6214
4487.245,6044,6214
4487.314,6045,6214
4492.936,6046,6214
4493.902,6047,6214
4514.425,6048,6214
4545.06,6049,6214
4545.495,6050,6214
4545.515,6051,6214
4547.486,6052,6214
4547.614,6053,6214
4550.363,6054,6214
4551.381,6055,6214
4552.987,6056,6214
4557.72,6057,6214
4558.733,6058,6214
4565.626,6059,6214
4565.735,6060,6214
4565.977,6061,6214
4568.207,6062,6214
4568.276,6063,6214
4568.854,6064,6214
4570.47,6065,6214
4570.53,6066,6214
4570.653,6067,6214
4571.357,6068,6214
4571.885,6069,6214
4572.22,6070,6214
4572.423,6071,6214
4573.503,6072,6214
4574.06,6073,6214
4575.067,6074,6214
4576.487,6075,6214
4576.894,6076,6214
4577.586,6077,6214
4578.515,6078,6214
4583.789,6079,6214
4590.22,6080,6214
4591.22,6081,6214
4596.34,6082,6214
4596.611,6083,6214
4625.425,6084,6214
4630.953,6085,6214
4631.577,6086,6214
4633.84,6087,6214
4633.986,6088,6214
4636.479,6089,6214
4640.3,6090,6214
4640.971,6091,6214
4650.388,6092,6214
4656.339,6093,6214
4658.943,6094,6214
4667.493,6095,6214
4686.364,6096,6214
4688.273,6097,6214
4696.977,6098,6214
4711.674,6099,6214
4712.166,6100,6214
4728.342,6101,6214
4728.699,6102,6214
4729.644,6103,6214
4757.374,6104,6214
4811.245,6105,6214
4822.901,6106,6214
4839.533,6107,6214
4863.337,6108,6214
4863.474,6109,6214
4863.488,6110,6214
4863.508,6111,6214
4863.661,6112,6214
4863.777,6113,6214
4864.909,6114,6214
4865.488,6115,6214
4865.572,6116,6214
4865.942,6117,6214
4866.227,6118,6214
4866.76,6119,6214
4868.035,6120,6214
4868.318,6121,6214
4869.251,6122,6214
4869.995,6123,6214
4870.854,6124,6214
4871.42,6125,6214
4872.351,6126,6214
4872.915,6127,6214
4873.355,6128,6214
4876.442,6129,6214
4876.748,6130,6214
4877.63,6131,6214
4880.369,6132,6214
4883.939,6133,6214
4885.609,6134,6214
4889.839,6135,6214
4890.311,6136,6215
4892.169,6137,6215
4892.876,6138,6217
4896.672,6139,6217
4905.344,6140,6217
4910.612,6141,6217
4910.623,6142,6217
4917.058,6143,6217
4921.701,6144,6217
4921.749,6145,6217
4921.823,6146,6217
4921.878,6147,6217
4921.937,6148,6217
4922.338,6149,6217
4922.646,6150,6217
4923.239,6151,6217
4929.27,6152,6217
4930.205,6153,6217
4935.546,6154,6217
4952.864,6155,6217
4953.056,6156,6217
4960.872,6157,6217
4963.48,6158,6217
4963.824,6159,6217
4967.26,6160,6217
4971.27,6161,6217
4971.589,6162,6217
4972.649,6163,6217
4973.243,6164,6217
4979.67,6165,6217
4982.077,6166,6217
4992.875,6167,6217
4996.496,6168,6217
5000.298,6169,6217
5015.159,6170,6217
5024.483,6171,6217
5024.667,6172,6217
5025.515,6173,6217
5033.569,6174,6217
5036.115,6175,6217
5036.634,6176,6217
5039.762,6177,6217
5039.797,6178,6217
5044.56,6179,6217
5044.637,6180,6217
5048.833,6181,6217
5049.174,6182,6217
5060.081,6183,6217
5061.137,6184,6217
5064.241,6185,6217
5064.517,6186,6217
5084.126,6187,6218
5084.652,6188,6218
5086.388,6189,6218
5087.855,6190,6218
5087.957,6191,6218
5093.331,6192,6218
5095.562,6193,6218
5099.935,6194,6218
5099.977,6195,6218
5100.193,6196,6218
5100.24,6197,6218
5100.307,6198,6218
5100.506,6199,6218
5107.979,6200,6218
5110.475,6201,6218
5110.904,6202,6218
5112.442,6203,6218
5113.218,6204,6218
5114.788,6205,6218
5115.789,6206,6218
5116.105,6207,6218
5119.038,6208,6218
5120.005,6209,6218
5125.388,6210,6218
5125.965,6211,6218
5127.496,6212,6218
5132.892,6213,6218
5133.491,6214,6218
5135.766,6215,6218
5135.881,6216,6218
5139.732,6217,6218
5141.598,6218,6218
5146.15,6219,6218
5154.342,6220,6218
5157.77,6221,6218
5160.289,6222,6218
5167.258,6223,6219
5866.377,6224,6219
5882.992,6225,6219
6559.436,6226,6219
6560.285,6227,6219
6579.94,6228,6219
6580.123,6229,6219
6580.29,6230,6219
6580.457,6231,6219
6581.485,6232,6219
6581.538,6233,6219
6583.668,6234,6219
6584.059,6235,6219
6584.103,6236,6219
6584.289,6237,6219
6587.848,6238,6219
6588.899,6239,6219
6589.978,6240,6219
6594.004,6241,6219
6595.517,6242,6219
6597.888,6243,6219
6606.927,6244,6220
6609.831,6245,6220
6612.806,6246,6220
6616.646,6247,6220
6616.868,6248,6220
6617.28,6249,6220
6631.581,6250,6220
6631.846,6251,6220
6634.085,6252,6220
6634.154,6253,6220
6634.92,6254,6220
6635.127,6255,6220
6635.609,6256,6220
6636.45,6257,6220
6639.999,6258,6220
6648.257,6259,6220
6648.474,6260,6220
6655.29,6261,6220
6657.837,6262,6220
6923.588,6263,6220
6938.641,6264,6220
7758.853,6265,6220
7858.713,6266,6220
9102.091,6267,6220
9238.784,6268,6220
9591.02,6269,6220
9864.296,6270,6220
10327.098,6271,6220
11011.889,6272,6220
11021.244,6273,6220
11037.286,6274,6220
11037.497,6275,6223
11050.312,6276,6223
11088.218,6277,6223
11104.093,6278,6223
11114.376,6279,6223
11114.632,6280,6223
11114.785,6281,6223
11115.054,6282,6223
11116.489,6283,6223
11119.756,6284,6223
11126.765,6285,6223
11133.151,6286,6223
11133.721,6287,6223
11138.164,6288,6223
11144.662,6289,6223
11170.549,6290,6223
11219.679,6291,6223
11223.547,6292,6223
11231.78,6293,6223
11243.405,6294,6223
11245.149,6295,6223
11245.812,6296,6223
11252.806,6297,6223
11260.298,6298,6223
11260.995,6299,6223
11262.227,6300,6223
11262.491,6301,6223
11262.821,6302,6223
11262.87,6303,6223
11262.998,6304,6223
11263.308,6305,6223
11263.927,6306,6223
11264.918,6307,6223
11267.052,6308,6223
11269.225,6309,6223
11269.537,6310,6223
11270.572,6311,6223
11270.7,6312,6223
11270.907,6313,6223
11271.477,6314,6223
11273.862,6315,6223
11275.125,6316,6223
11275.677,6317,6223
11278.099,6318,6223
11283.77,6319,6223
11286.669,6320,6223
11317.564,6321,6223
11321.54,6322,6223
11323.436,6323,6223
11328.283,6324,6223
11328.568,6325,6223
11342.35,6326,6223
11350.112,6327,6223
11354.601,6328,6223
11382.54,6329,6223
11382.571,6330,6223
11382.575,6331,6223
11382.601,6332,6223
11382.609,6333,6223
11382.69,6334,6223
11382.707,6335,6223
11382.91,6336,6223
11383.548,6337,6223
11384.325,6338,6223
11386.984,6339,6223
11387.196,6340,6223
11400.192,6341,6223
11401.777,6342,6223
11418.024,6343,6223
11426.614,6344,6223
11426.829,6345,6223
11426.84,6346,6223
11428.868,6347,6223
11451.241,6348,6223
11455.381,6349,6223
11465.189,6350,6223
11468.629,6351,6223
11468.651,6352,6223
11475.46,6353,6223
11515.622,6354,6223
11520.025,6355,6223
11520.08,6356,6223
11520.228,6357,6223
11521.212,6358,6223
11532.202,6359,6223
11532.307,6360,6223
11533.583,6361,6223
11533.843,6362,6223
11554.244,6363,6223
11554.284,6364,6223
11554.524,6365,6223
11554.538,6366,6223
11555.075,6367,6223
11563.467,6368,6223
11563.501,6369,6223
11579.248,6370,6223
11615.985,6371,6223
11616.497,6372,6223
11617.013,6373,6223
11622.329,6374,6223
11622.412,6375,6223
11629.249,6376,6223
11652.635,6377,6223
11659.528,6378,6223
11663.381,6379,6223
11669.526,6380,6223
11677.796,6381,6223
11677.819,6382,6223
11678.388,6383,6223
11682.807,6384,6223
11720.04,6385,6223
11720.676,6386,6223
11720.83,6387,6223
11720.885,6388,6223
11720.953,6389,6223
11721.222,6390,6223
11721.276,6391,6223
11721.355,6392,6223
11721.494,6393,6223
11721.515,6394,6223
11722.239,6395,6223
11722.368,6396,6223
11722.423,6397,6223
11722.453,6398,6223
11722.598,6399,6223
11723.65,6400,6223
11724.433,6401,6223
11725.147,6402,6223
11726.069,6403,6223
11727.424,6404,6223
11727.93,6405,6223
11728.941,6406,6223
11732.612,6407,6223
11733.047,6408,6223
11733.986,6409,6223
11734.094,6410,6223
11735.493,6411,6223
11735.846,6412,6223
11736.21,6413,6223
11737.363,6414,6223
11739.034,6415,6223
11739.28,6416,6223
11742.355,6417,6223
11746.425,6418,6223
11754.352,6419,6223
11754.426,6420,6223
11755.726,6421,6223
11757.998,6422,6223
11759.113,6423,6223
11768.119,6424,6223
11768.388,6425,6223
11770.598,6426,6223
11770.677,6427,6223
11772.64,6428,6223
11772.985,6429,6223
11776.074,6430,6223
11784.384,6431,6223
11785.804,6432,6223
11792.132,6433,6223
11792.948,6434,6223
11793.329,6435,6223
11793.384,6436,6223
11794.213,6437,6223
11794.79,6438,6223
11795.307,6439,6223
11795.345,6440,6223
11796.15,6441,6223
11796.937,6442,6223
11797.017,6443,6223
11798.861,6444,6223
11807.398,6445,6223
11807.472,6446,6223
11810.457,6447,6223
11820.187,6448,6223
11821.327,6449,6223
11826.226,6450,6223
11828.007,6451,6223
11833.161,6452,6223
11838.321,6453,6223
11844.415,6454,6223
11848.165,6455,6223
11852.214,6456,6223
11852.225,6457,6223
11852.474,6458,6223
11854.517,6459,6223
11854.66,6460,6223
11857.074,6461,6223
11860.13,6462,6223
11862.615,6463,6223
11863.463,6464,6223
11863.809,6465,6223
11863.856,6466,6223
11866.924,6467,6223
11899.151,6468,6223
11899.176,6469,6223
11900.612,6470,6223
11901.053,6471,6223
11901.113,6472,6223
11902.134,6473,6223
11903.718,6474,6223
11904.706,6475,6223
11905.747,6476,6223
11906.68,6477,6223
11907.169,6478,6223
11908.031,6479,6223
11910.582,6480,6223
11911.052,6481,6223
11915.246,6482,6223
11926.525,6483,6223
11926.992,6484,6223
11928.56,6485,6223
11929.717,6486,6223
11930.081,6487,6223
11934.495,6488,6223
11946.811,6489,6223
11946.912,6490,6223
11947.303,6491,6223
11951.371,6492,6223
11952.867,6493,6223
11965.388,6494,6223
11970.265,6495,6223
11974.483,6496,6223
11975.349,6497,6223
11984.192,6498,6223
11999.868,6499,6223
12001.099,6500,6223
12002.257,6501,6223
12009.154,6502,6223
12012.683,6503,6223
12035.624,6504,6223
12045.879,6505,6223
12064.919,6506,6223
12071.739,6507,6223
12072.26,6508,6223
12075.689,6509,6223
12079.11,6510,6223
12109.274,6511,6223
12109.439,6512,6223
12110.284,6513,6223
12113.077,6514,6223
12117.503,6515,6223
12121.576,6516,6223
12184.236,6517,6223
12196.094,6518,6223
12204.385,6519,6223
12209.618,6520,6223
12252.9,6521,6223
12253.163,6522,6223
12266.787,6523,6223
12282.305,6524,6223
12294.273,6525,6223
12306.09,6526,6223
12312.38,6527,6223
12317.783,6528,6223
12317.878,6529,6223
12318.871,6530,6223
12328.625,6531,6223
12331.794,6532,6225
12341.331,6533,6225
12341.99,6534,6225
12344.133,6535,6225
12353.394,6536,6225
12355.503,6537,6225
12363.737,6538,6225
12371.61,6539,6225
12371.734,6540,6225
12381.915,6541,6225
12383.074,6542,6225
12387.389,6543,6225
12387.589,6544,6225
12399.668,6545,6225
12408.563,6546,6225
12419.394,6547,6225
12421.059,6548,6225
12439.682,6549,6225
12451.568,6550,6225
12452.281,6551,6225
12452.474,6552,6225
12455.688,6553,6225
12456.555,6554,6225
12457.714,6555,6225
12464.921,6556,6225
12470.591,6557,6225
12476.794,6558,6225
12479.567,6559,6225
12485.824,6560,6225
12488.747,6561,6225
12495.467,6562,6225
12503.371,6563,6225
12503.404,6564,6225
12511.745,6565,6225
12519.651,6566,6225
12545.376,6567,6225
12586.592,6568,6225
12588.935,6569,6225
12593.037,6570,6225
12602.236,6571,6225
12604.338,6572,6225
12604.951,6573,6225
12606.236,6574,6225
12607.156,6575,6225
12617.796,6576,6225
12620.023,6577,6225
12622.35,6578,6225
12625.953,6579,6225
12627.115,6580,6225
12655.368,6581,6225
12655.391,6582,6225
12655.418,6583,6225
12655.438,6584,6225
12655.459,6585,6225
12655.649,6586,6225
12655.796,6587,6225
12655.816,6588,6225
12656.612,6589,6225
12657.44,6590,6225
12658.296,6591,6225
12660.635,6592,6225
12661.216,6593,6225
12661.493,6594,6225
12662.058,6595,6225
12662.299,6596,6225
12664.849,6597,6225
12665.695,6598,6225
12666.385,6599,6225
12673.759,6600,6225
12675.602,6601,6225
12689.083,6602,6225
12690.752,6603,6225
12692.043,6604,6225
12693.806,6605,6225
12694.687,6606,6225
12711.794,6607,6225
12714.112,6608,6225
12714.689,6609,6225
12724.74,6610,6225
12727.989,6611,6225
12728.52,6612,6225
12737.741,6613,6225
12740.569,6614,6225
12741.32,6615,6225
12747.971,6616,6225
12755.098,6617,6225
12763.306,6618,6225
12774.693,6619,6225
12774.787,6620,6225
12774.898,6621,6225
12779.806,6622,6225
12780.085,6623,6225
12782.305,6624,6225
12782.517,6625,6225
12782.63,6626,6225
12783.354,6627,6225
12795.391,6628,6225
12802.379,6629,6225
12808.153,6630,6226
12812.937,6631,6226
12852.915,6632,6226
12853.005,6633,6226
12853.778,6634,6226
12860.433,6635,6226
12861.712,6636,6226
12863.6,6637,6226
12872.638,6638,6226
12875.809,6639,6226
12878.05,6640,6226
12886.382,6641,6226
12887.123,6642,6226
12888.449,6643,6226
12915.102,6644,6226
12915.117,6645,6226
12929.969,6646,6226
12934.037,6647,6226
12938.99,6648,6226
12939.059,6649,6226
12939.85,6650,6226
12943.77,6651,6226
12946.988,6652,6226
12951.238,6653,6226
12965.121,6654,6226
12988.765,6655,6226
12995.229,6656,6226
12996.071,6657,6226
12996.39,6658,6226
12996.779,6659,6226
12997.251,6660,6226
13000.078,6661,6226
13010.99,6662,6226
13024.877,6663,6226
13040.216,6664,6226
13067.064,6665,6226
13067.133,6666,6226
13070.182,6667,6226
13070.237,6668,6226
13080.855,6669,6226
13081.041,6670,6226
13127.169,6671,6226
13127.541,6672,6226
13127.837,6673,6226
13128.124,6674,6226
13128.861,6675,6226
13129.462,6676,6226
13131.377,6677,6226
13131.882,6678,6226
13132.839,6679,6226
13133.536,6680,6226
13136.447,6681,6226
13139.556,6682,6226
13141.173,6683,6226
13143.267,6684,6226
13144.22,6685,6226
13153.147,6686,6226
13155.144,6687,6226
13166.252,6688,6226
13166.352,6689,6226
13166.629,6690,6226
13166.677,6691,6226
13170.82,6692,6226
13208.846,6693,6226
13210.116,6694,6226
13210.222,6695,6226
13212.043,6696,6226
13216.92,6697,6226
13227.662,6698,6226
13233.187,6699,6226
13241.841,6700,6226
13248.922,6701,6226
13271.777,6702,6226
13278.745,6703,6226
13292.472,6704,6226
13294.77,6705,6226
13301.829,6706,6226
13302.015,6707,6226
13312.548,6708,6226
13349.333,6709,6226
13364.354,6710,6226
13383.21,6711,6226
13383.29,6712,6226
13385.008,6713,6226
13389.692,6714,6226
13390.996,6715,6226
13392.284,6716,6226
13392.879,6717,6226
13397.375,6718,6226
13407.38,6719,6226
13418.943,6720,6226
13424.625,6721,6226
13424.716,6722,6226
13424.801,6723,6226
13424.88,6724,6226
13425.957,6725,6226
13426.068,6726,6226
13426.258,6727,6226
13426.473,6728,6226
13426.542,6729,6226
13426.627,6730,6226
13426.803,6731,6226
13427.098,6732,6226
13427.681,6733,6226
13427.88,6734,6226
13428.357,6735,6226
13430.291,6736,6226
13431.33,6737,6226
13431.515,6738,6226
13432.302,6739,6226
13432.736,6740,6226
13433.313,6741,6226
13436.109,6742,6226
13436.187,6743,6226
13437.572,6744,6226
13438.301,6745,6226
13441.049,6746,6226
13446.078,6747,6226
13446.369,6748,6226
13447.793,6749,6226
13474.906,6750,6226
13482.479,6751,6226
13495.83,6752,6226
13496.669,6753,6226
13498.409,6754,6226
13512.405,6755,6226
13513.617,6756,6226
13514.168,6757,6226
13515.788,6758,6226
13530.762,6759,6226
13535.465,6760,6226
13547.718,6761,6226
13562.301,6762,6226
13565.2,6763,6226
13567.109,6764,6226
13570.341,6765,6226
13570.619,6766,6226
13574.693,6767,6226
13581.847,6768,6226
13587.533,6769,6226
13619.474,6770,6226
13628.541,6771,6226
13638.154,6772,6226
13639.415,6773,6226
13639.468,6774,6226
13639.78,6775,6226
13639.828,6776,6226
13645.527,6777,6226
13648.555,6778,6226
13681.312,6779,6226
13685.279,6780,6226
13705.317,6781,6226
13718.359,6782,6226
13721.892,6783,6226
13723.442,6784,6226
13728.63,6785,6226
13794.444,6786,6226
13796.518,6787,6226
13803.496,6788,6226
13825.032,6789,6226
13846.54,6790,6226
13863.561,6791,6226
13866.511,6792,6226
13885.689,6793,6226
13902.958,6794,6226
13919.667,6795,6226
13919.716,6796,6226
13919.79,6797,6226
13927.248,6798,6226
13953.017,6799,6226
14000.733,6800,6226
14002.841,6801,6226
14018.516,6802,6226
14022.044,6803,6226
14048.978,6804,6226
14102.349,6805,6226
14103.546,6806,6226
14126.616,6807,6226
14142.176,6808,6227
14143.862,6809,6227
14146.346,6810,6227
14160.74,6811,6227
14160.783,6812,6227
14168.38,6813,6227
14169.297,6814,6227
14253.893,6815,6227
14283.08,6816,6227
14293.92,6817,6227
14303.915,6818,6227
14318.162,6819,6228
14318.816,6820,6229
14320.046,6821,6230
14364.681,6822,6230
14365.221,6823,6230
14365.258,6824,6230
14365.343,6825,6230
14365.524,6826,6230
14366.557,6827,6230
14366.648,6828,6230
14367.653,6829,6230
14369.121,6830,6230
14370.146,6831,6230
14388.61,6832,6230
14405.218,6833,6230
14405.416,6834,6230
14406.924,6835,6230
14407.681,6836,6230
14407.967,6837,6230
14412.083,6838,6230
14418.788,6839,6230
14428.511,6840,6230
14429.834,6841,6230
14430.6,6842,6230
14431.565,6843,6230
14432.062,6844,6230
14432.727,6845,6230
14436.133,6846,6230
14439.621,6847,6230
14456.955,6848,6230
14457.171,6849,6230
14472.913,6850,6230
14478.416,6851,6230
14512.847,6852,6230
14520.626,6853,6230
14520.648,6854,6230
14527.061,6855,6230
14533.883,6856,6230
14545.228,6857,6230
14575.587,6858,6230
14600.551,6859,6230
14628.488,6860,6230
14628.811,6861,6230
14629.9,6862,6230
14629.936,6863,6230
14630.002,6864,6230
14630.746,6865,6230
14630.985,6866,6230
14632.068,6867,6230
14632.625,6868,6230
14633.303,6869,6230
14636.123,6870,6230
14637.574,6871,6230
14645.17,6872,6230
14685.366,6873,6230
14689.856,6874,6230
14700.899,6875,6231
14716.033,6876,6231
14716.779,6877,6231
14724.096,6878,6231
14724.983,6879,6231
14725.762,6880,6231
14726.076,6881,6231
14726.177,6882,6231
14727.939,6883,6231
14728.83,6884,6231
14730.798,6885,6231
14731.236,6886,6231
14734.071,6887,6231
14734.902,6888,6231
14735.747,6889,6231
14735.876,6890,6231
14736.371,6891,6231
14739.404,6892,6231
14739.707,6893,6231
14741.531,6894,6231
14745.927,6895,6231
14774.803,6896,6231
14779.695,6897,6231
14779.811,6898,6231
14779.908,6899,6231
14780.097,6900,6231
14781.137,6901,6231
14781.311,6902,6231
14781.396,6903,6231
14781.536,6904,6231
14781.948,6905,6231
14782.386,6906,6231
14782.716,6907,6231
14782.769,6908,6231
14783.864,6909,6231
14786.234,6910,6231
14788.002,6911,6231
14788.474,6912,6231
14788.507,6913,6231
14788.778,6914,6231
14789.297,6915,6231
14789.407,6916,6231
14790.352,6917,6231
14791.491,6918,6231
14791.521,6919,6231
14793.751,6920,6231
14797.401,6921,6231
14798.06,6922,6231
14800.724,6923,6231
14802.503,6924,6231
14824.137,6925,6231
14825.501,6926,6231
14827.073,6927,6231
14844.94,6928,6231
14847.922,6929,6231
14849.43,6930,6231
14850.913,6931,6231
14885.535,6932,6231
14887.427,6933,6231
14888.185,6934,6231
14888.517,6935,6231
14893.205,6936,6231
14893.227,6937,6231
14897.122,6938,6231
14897.958,6939,6231
14899.314,6940,6231
14901.199,6941,6231
14905.796,6942,6231
14906.696,6943,6231
14917.872,6944,6231
14919.499,6945,6231
14921.763,6946,6231
14943.746,6947,6231
14960.333,6948,6231
14962.367,6949,6231
14972.735,6950,6231
14975.759,6951,6231
14976.718,6952,6231
14977.462,6953,6231
14979.912,6954,6231
14980.419,6955,6231
14996.104,6956,6231
15014.513,6957,6231
15030.936,6958,6231
15083.53,6959,6231
15083.609,6960,6231
15083.804,6961,6231
15095.185,6962,6231
15098.741,6963,6231
15100.542,6964,6231
15111.727,6965,6231
15153.18,6966,6231
15154.684,6967,6231
15155.788,6968,6231
15169.558,6969,6231
15169.88,6970,6231
15185.166,6971,6231
15212.006,6972,6231
15214.193,6973,6231
15214.817,6974,6231
15221.711,6975,6231
15252.774,6976,6231
15258.008,6977,6231
15258.876,6978,6231
15293.169,6979,6231
15303.54,6980,6231
15309.458,6981,6231
15341.5,6982,6231
15341.988,6983,6231
15343.608,6984,6231
15349.674,6985,6231
15387.03,6986,6231
15388.885,6987,6231
15394.311,6988,6231
15405.509,6989,6231
15405.567,6990,6231
15429.619,6991,6231
15430.654,6992,6231
15431.115,6993,6231
15478.442,6994,6231
15506.975,6995,6232
15551.846,6996,6234
15552.176,6997,6234
15554.462,6998,6234
15556.072,6999,6234
15564.342,7000,6234
15564.641,7001,6234
15569.844,7002,6234
15594.095,7003,6234
15602.355,7004,6234
15603.491,7005,6234
15605.456,7006,6234
15636.576,7007,6234
15637.746,7008,6235
15643.321,7009,6235
15658.152,7010,6235
15670.609,7011,6235
15671.139,7012,6235
15686.538,7013,6235
15686.56,7014,6235
15686.958,7015,6235
15734.015,7016,6235
15751.201,7017,6235
15751.7,7018,6235
15752.277,7019,6235
15759.169,7020,6235
15770.932,7021,6235
15771.661,7022,6235
15773.425,7023,6235
15774.506,7024,6235
15774.803,7025,6235
15782.034,7026,6235
15786.303,7027,6235
15793.437,7028,6235
15796.603,7029,6235
15797.892,7030,6235
15803.5,7031,6235
15809.511,7032,6235
15814.386,7033,6235
15856.782,7034,6235
15872.686,7035,6235
15897.688,7036,6235
15897.711,7037,6235
15899.801,7038,6235
15900.942,7039,6235
15901.181,7040,6235
15901.611,7041,6235
15902.028,7042,6235
15902.106,7043,6235
15902.771,7044,6235
15903.164,7045,6235
15903.246,7046,6235
15907.397,7047,6235
15907.427,7048,6235
15913.972,7049,6235
15941.682,7050,6235
15945.949,7051,6235
15946.125,7052,6235
15948.107,7053,6235
15948.118,7054,6235
15955.763,7055,6235
15956.897,7056,6235
15957.318,7057,6235
15958.374,7058,6235
15982.488,7059,6235
16010.239,7060,6235
16021.562,7061,6235
16024.359,7062,6235
16049.6,7063,6235
16050.018,7064,6235
16054.692,7065,6235
16059.678,7066,6235
16060.001,7067,6235
16060.744,7068,6235
16060.91,7069,6235
16062.344,7070,6235
16062.502,7071,6235
16066.051,7072,6235
16066.248,7073,6235
16071.216,7074,6235
16075.767,7075,6235
16130.545,7076,6235
16131.408,7077,6235
16131.643,7078,6235
16141.845,7079,6235
16146.313,7080,6235
16149.511,7081,6235
16152.276,7082,6235
16152.654,7083,6235
16156.45,7084,6235
16180.273,7085,6235
16203.927,7086,6235
16231.574,7087,6235
16232.103,7088,6235
16242.409,7089,6235
16298.362,7090,6235
16354.004,7091,6235
16354.053,7092,6235
16374.117,7093,6235
16374.124,7094,6235
16415.689,7095,6235
16418.084,7096,6235
16418.674,7097,6235
16421.438,7098,6235
16428.947,7099,6235
16443.126,7100,6235
16443.691,7101,6235
16475.337,7102,6235
16476.002,7103,6235
16481.653,7104,6235
16483.247,7105,6235
16543.376,7106,6235
16553.643,7107,6235
16575.903,7108,6235
16617.448,7109,6235
16617.514,7110,6235
16618.405,7111,6235
16618.618,7112,6235
16618.981,7113,6235
16619.574,7114,6235
16692.422,7115,6235
16712.463,7116,6235
16733.092,7117,6236
16733.189,7118,6239
16749.554,7119,6239
16749.941,7120,6239
16772.923,7121,6239
16799.133,7122,6239
16833.154,7123,6239
16833.247,7124,6239
16920.653,7125,6239
16920.703,7126,6239
16920.844,7127,6239
16921.88,7128,6239
16922.402,7129,6239
16922.464,7130,6239
16923.212,7131,6239
16930.085,7132,6239
16931.206,7133,6239
16936.746,7134,6239
16942.046,7135,6239
16942.443,7136,6239
16946.465,7137,6239
16947.392,7138,6239
16955.567,7139,6239
16956.672,7140,6239
16966.675,7141,6239
16974.91,7142,6239
16990.505,7143,6239
17000.972,7144,6239
17001.546,7145,6239
17001.598,7146,6239
17004.145,7147,6239
17004.828,7148,6239
17007.783,7149,6239
17008.546,7150,6239
17008.979,7151,6239
17012.031,7152,6239
17013.578,7153,6239
17037.363,7154,6239
17037.516,7155,6239
17038.055,7156,6239
17038.384,7157,6239
17041.892,7158,6239
17046.265,7159,6239
17049.799,7160,6239
17049.997,7161,6239
17118.723,7162,6239
17119.382,7163,6239
17120.532,7164,6239
17122.757,7165,6239
17146.531,7166,6239
17146.564,7167,6239
17153.037,7168,6239
17153.374,7169,6239
17153.402,7170,6239
17153.506,7171,6239
17153.547,7172,6239
17154.541,7173,6239
17156.137,7174,6240
17161.272,7175,6240
17161.98,7176,6240
17162.176,7177,6240
17168.85,7178,6240
17182.915,7179,6240
17183.469,7180,6240
17183.483,7181,6240
17183.861,7182,6240
17192.538,7183,6240
17200.082,7184,6240
17202.222,7185,6240
17222.784,7186,6240
17239.44,7187,6240
17244.503,7188,6240
17290.261,7189,6240
17300.375,7190,6240
17316.4,7191,6240
17329.739,7192,6240
17330.942,7193,6240
17335.358,7194,6240
17356.123,7195,6240
17356.855,7196,6240
17362.043,7197,6240
17366.331,7198,6240
17371.09,7199,6240
17384.52,7200,6240
17426.952,7201,6240
17426.974,7202,6240
17427.033,7203,6240
17427.21,7204,6240
17429.327,7205,6240
17429.387,7206,6240
17430.988,7207,6240
17446.057,7208,6240
17449.027,7209,6240
17449.55,7210,6240
17451.898,7211,6240
17459.195,7212,6240
17467.633,7213,6240
17487.996,7214,6240
17494.624,7215,6240
17512.103,7216,6240
17519.037,7217,6240
17530.942,7218,6240
17564.972,7219,6240
17565.99,7220,6240
17582.748,7221,6240
17597.449,7222,6240
17604.2,7223,6240
17605.467,7224,6240
17614.981,7225,6240
17615.674,7226,6240
17616.798,7227,6240
17617.643,7228,6240
17648.463,7229,6240
17658.178,7230,6240
17662.918,7231,6240
17665.077,7232,6240
17683.832,7233,6240
17690.696,7234,6240
17691.328,7235,6240
17691.419,7236,6240
17691.58,7237,6240
17692.111,7238,6240
17693.539,7239,6240
17695.229,7240,6240
17698.291,7241,6240
17698.609,7242,6241
17705.828,7243,6241
17709.334,7244,6241
17746.596,7245,6241
17747.631,7246,6241
17764.308,7247,6241
17765.59,7248,6241
17778.174,7249,6241
17789.787,7250,6241
17792.499,7251,6241
17795.437,7252,6241
17795.562,7253,6241
17796.225,7254,6241
17796.836,7255,6241
17797.527,7256,6241
17816.791,7257,6241
17847.2,7258,6241
17847.801,7259,6241
17848.628,7260,6241
17848.919,7261,6241
17851.339,7262,6241
17852.885,7263,6241
17856.177,7264,6241
17857.368,7265,6241
17861.051,7266,6241
17869.735,7267,6241
17900.459,7268,6241
17944.987,7269,6241
17945.54,7270,6241
17971.883,7271,6241
18017.883,7272,6241
18071.285,7273,6241
18077.0,7274,6241
18103.027,7275,6241
18113.399,7276,6241
18114.372,7277,6241
18114.518,7278,6241
18114.619,7279,6241
18114.806,7280,6241
18185.015,7281,6241
18186.802,7282,6241
18198.314,7283,6241
18203.852,7284,6241
18223.395,7285,6241
18275.136,7286,6241
18281.469,7287,6241
18281.89,7288,6241
18285.95,7289,6241
18335.721,7290,6241
18343.986,7291,6241
18344.908,7292,6241
18345.862,7293,6241
18348.833,7294,6241
18351.247,7295,6241
18357.552,7296,6241
18384.842,7297,6241
18391.36,7298,6241
18407.559,7299,6241
18407.596,7300,6241
18421.216,7301,6241
18478.384,7302,6241
18527.537,7303,6241
18600.298,7304,6241
18622.522,7305,6241
18622.819,7306,6241
18639.075,7307,6241
18642.588,7308,6241
18667.883,7309,6241
18669.863,7310,6241
18679.843,7311,6241
18680.002,7312,6241
18695.717,7313,6241
18774.257,7314,6241
18784.902,7315,6241
18798.894,7316,6241
18799.13,7317,6241
18819.535,7318,6241
18819.665,7319,6241
18820.403,7320,6241
18821.798,7321,6241
18822.507,7322,6241
18828.849,7323,6241
18841.944,7324,6241
18848.016,7325,6241
18848.521,7326,6241
18852.039,7327,6241
18890.686,7328,6241
18921.061,7329,6241
18921.116,7330,6241
18937.973,7331,6241
18938.509,7332,6241
18940.99,7333,6241
18947.29,7334,6241
18963.734,7335,6241
18994.442,7336,6241
18998.343,7337,6241
19030.023,7338,6241
19068.856,7339,6241
19070.142,7340,6241
19097.88,7341,6241
19097.951,7342,6241
19204.077,7343,6241
19237.843,7344,6241
19237.9,7345,6241
19237.929,7346,6241
19237.992,7347,6241
19238.182,7348,6241
19238.356,7349,6241
19238.373,7350,6241
19239.051,7351,6241
19239.255,7352,6241
19239.679,7353,6241
19241.688,7354,6241
19253.011,7355,6241
19295.065,7356,6241
19300.521,7357,6241
19337.447,7358,6241
19337.798,7359,6241
19340.016,7360,6241
19340.59,7361,6241
19357.317,7362,6241
19360.485,7363,6241
19361.154,7364,6241
19367.243,7365,6241
19375.632,7366,6241
19419.41,7367,6241
19421.213,7368,6241
19421.484,7369,6242
19422.234,7370,6242
19422.641,7371,6242
19428.026,7372,6242
19456.983,7373,6242
19464.262,7374,6242
19464.29,7375,6242
19483.613,7376,6242
19489.321,7377,6242
19511.812,7378,6242
19578.174,7379,6242
19586.83,7380,6242
19599.115,7381,6242
19651.816,7382,6242
19712.331,7383,6242
19713.154,7384,6242
19745.331,7385,6242
19746.759,7386,6242
19804.521,7387,6242
19808.56,7388,6242
19821.145,7389,6242
19822.258,7390,6242
19857.967,7391,6242
19858.2,7392,6242
19863.39,7393,6242
19873.326,7394,6242
19875.646,7395,6242
19893.813,7396,6242
19925.382,7397,6242
19938.577,7398,6242
19970.057,7399,6242
19985.222,7400,6242
19988.398,7401,6244
20016.129,7402,6244
20021.386,7403,6244
20048.189,7404,6244
20068.079,7405,6244
20095.97,7406,6244
20112.886,7407,6244
20118.045,7408,6244
20156.637,7409,6244
20173.085,7410,6244
20226.647,7411,6244
20227.839,7412,6244
20228.194,7413,6244
20305.769,7414,6244
20306.76,7415,6244
20306.971,7416,6244
20307.6,7417,6244
20312.083,7418,6244
20320.139,7419,6244
20328.636,7420,6244
20329.781,7421,6244
20355.422,7422,6244
20357.187,7423,6244
20407.017,7424,6244
20454.644,7425,6244
20455.827,7426,6244
20480.67,7427,6244
20508.015,7428,6244
20515.5,7429,6244
20548.512,7430,6244
20587.894,7431,6244
20592.284,7432,6244
20633.468,7433,6244
20633.726,7434,6244
20634.418,7435,6244
20634.714,7436,6244
20635.91,7437,6244
20637.559,7438,6244
20641.886,7439,6244
20650.689,7440,6244
20675.95,7441,6244
20686.442,7442,6244
20690.686,7443,6244
20690.851,7444,6244
20695.859,7445,6244
20699.569,7446,6244
20699.849,7447,6244
20725.399,7448,6244
20727.694,7449,6244
20741.167,7450,6244
20742.461,7451,6244
20746.526,7452,6244
20762.112,7453,6244
20767.386,7454,6244
20772.538,7455,6244
20822.294,7456,6244
20825.077,7457,6244
20857.074,7458,6244
20857.622,7459,6244
20867.407,7460,6244
20872.419,7461,6244
20872.445,7462,6244
20872.535,7463,6244
20872.673,7464,6244
20872.746,7465,6244
20872.806,7466,6244
20872.847,7467,6244
20872.932,7468,6244
20873.035,7469,6244
20873.116,7470,6244
20873.136,7471,6244
20873.179,7472,6244
20873.33,7473,6244
20873.363,7474,6244
20873.626,7475,6244
20875.329,7476,6244
20875.684,7477,6244
20875.813,7478,6244
20878.151,7479,6244
20878.226,7480,6244
20878.52,7481,6244
20879.03,7482,6244
20879.116,7483,6244
20879.306,7484,6244
20889.905,7485,6244
20896.214,7486,6244
20896.62,7487,6244
20898.235,7488,6244
20898.765,7489,6244
20898.955,7490,6244
20933.943,7491,6244
20964.214,7492,6244
20985.603,7493,6244
20989.468,7494,6244
20999.303,7495,6244
21035.745,7496,6244
21078.562,7497,6244
21084.092,7498,6244
21084.701,7499,6244
21136.861,7500,6244
21154.625,7501,6244
21160.06,7502,6244
21160.222,7503,6244
21160.323,7504,6244
21161.814,7505,6244
21163.104,7506,6244
21163.178,7507,6244
21165.22,7508,6244
21165.428,7509,6244
21166.653,7510,6244
21172.782,7511,6244
21179.447,7512,6244
21189.719,7513,6244
21192.264,7514,6244
21202.702,7515,6244
21203.206,7516,6244
21205.948,7517,6244
21206.25,7518,6244
21207.194,7519,6244
21242.651,7520,6244
21246.785,7521,6244
21247.542,7522,6244
21253.234,7523,6244
21256.296,7524,6244
21259.095,7525,6244
21266.14,7526,6244
21266.62,7527,6244
21267.237,7528,6244
21269.499,7529,6244
21277.396,7530,6244
21277.87,7531,6244
21282.445,7532,6244
21282.938,7533,6244
21283.978,7534,6244
21294.528,7535,6244
21308.797,7536,6244
21343.314,7537,6244
21427.086,7538,6244
21504.921,7539,6244
21522.024,7540,6244
21544.963,7541,6244
21556.795,7542,6244
21556.942,7543,6244
21601.829,7544,6244
21617.35,7545,6244
21627.939,7546,6244
21655.206,7547,6244
21655.503,7548,6244
21655.658,7549,6244
21657.14,7550,6244
21659.406,7551,6244
21660.156,7552,6244
21660.364,7553,6244
21667.626,7554,6244
21695.277,7555,6244
21718.92,7556,6244
21719.897,7557,6244
21732.902,7558,6244
21733.796,7559,6244
21792.514,7560,6244
21793.325,7561,6244
21807.093,7562,6244
21850.283,7563,6244
21861.65,7564,6244
21886.473,7565,6244
21890.711,7566,6244
21917.35,7567,6244
21923.418,7568,6244
21931.453,7569,6244
21931.878,7570,6244
21932.075,7571,6244
21933.304,7572,6244
21939.792,7573,6244
21977.518,7574,6244
21981.02,7575,6244
22043.548,7576,6244
22149.186,7577,6245
22163.328,7578,6246
22378.118,7579,6246
22476.635,7580,6246
22676.101,7581,6246
22755.924,7582,6246
22772.628,7583,6246
22780.942,7584,6246
22831.421,7585,6246
22954.072,7586,6246
22954.34,7587,6246
23042.173,7588,6246
23058.387,7589,6246
23060.246,7590,6246
23075.135,7591,6246
23105.407,7592,6246
23113.142,7593,6246
23161.07,7594,6246
23486.967,7595,6246
23490.368,7596,6246
23492.531,7597,6246
23500.944,7598,6246
23516.868,7599,6246
23573.302,7600,6246
23613.213,7601,6246
23613.988,7602,6246
23757.165,7603,6246
23822.385,7604,6246
23843.607,7605,6246
23898.36,7606,6246
23954.148,7607,6246
23978.898,7608,6247
23979.623,7609,6247
24074.55,7610,6247
24325.313,7611,6247
24438.218,7612,6247
24440.037,7613,6247
24509.288,7614,6247
24551.174,7615,6247
24561.715,7616,6247
24637.948,7617,6247
24637.984,7618,6247
24638.059,7619,6247
24663.445,7620,6248
24664.786,7621,6248
24664.877,7622,6248
24666.245,7623,6248
24681.511,7624,6248
24684.218,7625,6248
24699.237,7626,6248
24717.449,7627,6248
24977.727,7628,6248
24977.972,7629,6248
25000.15,7630,6248
25015.873,7631,6248
25068.106,7632,6248
25148.728,7633,6248
25152.624,7634,6248
25195.736,7635,6248
25223.312,7636,6249
25224.081,7637,6249
25224.232,7638,6249
25257.31,7639,6249
25259.404,7640,6249
25293.065,7641,6249
25293.344,7642,6249
25383.532,7643,6249
25384.647,7644,6249
25467.707,7645,6249
25471.519,7646,6249
25709.858,7647,6249
25820.48,7648,6249
25956.526,7649,6249
25956.903,7650,6249
25969.666,7651,6249
26014.686,7652,6249
26020.169,7653,6249
26140.012,7654,6249
26209.518,7655,6249
26219.106,7656,6249
26262.291,7657,6249
26291.469,7658,6249
26291.957,7659,6249
26349.393,7660,6249
26349.666,7661,6249
26349.892,7662,6249
26382.123,7663,6249
26384.504,7664,6249
26385.679,7665,6249
26404.437,7666,6249
26405.11,7667,6249
26577.974,7668,6249
26583.337,7669,6249
26724.19,7670,6249
26724.2,7671,6249
26724.33,7672,6249
26757.086,7673,6249
26765.762,7674,6249
26767.345,7675,6249
26767.596,7676,6249
26810.926,7677,6249
26859.014,7678,6249
26915.391,7679,6249
27019.729,7680,6249
27019.792,7681,6249
27020.144,7682,6249
27020.215,7683,6249
27020.264,7684,6249
27020.397,7685,6249
27020.582,7686,6249
27020.808,7687,6249
27021.02,7688,6249
27021.032,7689,6249
27021.388,7690,6249
27021.631,7691,6249
27024.277,7692,6249
27024.433,7693,6249
27024.608,7694,6249
27025.657,7695,6249
27025.883,7696,6249
27026.29,7697,6249
27026.986,7698,6249
27027.744,7699,6249
27028.519,7700,6249
27028.639,7701,6249
27031.217,7702,6249
27032.366,7703,6249
27065.764,7704,6249
27068.454,7705,6249
27122.604,7706,6249
27138.307,7707,6249
27154.838,7708,6249
27178.669,7709,6249
27179.913,7710,6249
27182.872,7711,6249
27213.74,7712,6249
27214.034,7713,6249
27214.045,7714,6249
27227.001,7715,6249
27347.124,7716,6249
27364.999,7717,6249
27365.31,7718,6249
27379.179,7719,6249
27407.626,7720,6249
27428.8,7721,6249
27468.451,7722,6249
27476.289,7723,6249
27477.227,7724,6249
27478.218,7725,6249
27478.51,7726,6249
27484.265,7727,6249
27562.199,7728,6249
27576.676,7729,6249
27632.35,7730,6249
27746.62,7731,6249
27773.387,7732,6249
27780.538,7733,6249
27864.551,7734,6249
27935.117,7735,6249
27967.921,7736,6249
27968.49,7737,6249
28000.652,7738,6249
28030.929,7739,6249
28032.833,7740,6249
28033.273,7741,6249
28146.925,7742,6249
28184.139,7743,6249
28248.487,7744,6249
28318.107,7745,6249
28319.33,7746,6249
28343.156,7747,6249
28401.282,7748,6249
28410.931,7749,6249
28411.01,7750,6249
28433.915,7751,6249
28581.402,7752,6249
28713.701,7753,6249
28717.641,7754,6249
28735.193,7755,6249
28774.853,7756,6249
28817.854,7757,6249
28817.996,7758,6249
28827.738,7759,6249
28852.794,7760,6249
28852.816,7761,6249
28855.828,7762,6249
28916.698,7763,6249
28940.348,7764,6249
28940.603,7765,6249
28978.394,7766,6249
29001.656,7767,6249
29068.832,7768,6249
29069.899,7769,6249
29072.458,7770,6249
29136.175,7771,6249
29137.509,7772,6249
29297.813,7773,6249
29365.316,7774,6249
29405.155,7775,6250
29405.682,7776,6250
29413.938,7777,6250
29414.449,7778,6250
29430.901,7779,6250
29432.235,7780,6251
29433.008,7781,6251
29433.311,7782,6251
29513.081,7783,6251
29586.979,7784,6251
29617.885,7785,6251
29621.911,7786,6251
29720.94,7787,6251
29721.705,7788,6251
29756.472,7789,6251
29913.038,7790,6251
29913.427,7791,6251
29969.246,7792,6251
29980.579,7793,6251
30083.509,7794,6251
30119.574,7795,6251
30266.817,7796,6251
30275.136,7797,6251
30281.407,7798,6251
30281.859,7799,6251
30281.927,7800,6251
30282.615,7801,6251
30282.878,7802,6251
30285.488,7803,6251
30308.662,7804,6251
30308.705,7805,6251
30308.716,7806,6251
30308.73,7807,6251
30308.75,7808,6251
30308.805,7809,6251
30315.046,7810,6251
30479.11,7811,6251
30480.617,7812,6251
30484.401,7813,6251
30492.811,7814,6251
30493.07,7815,6251
30495.532,7816,6251
30589.093,7817,6251
30610.884,7818,6251
30612.186,7819,6251
30613.21,7820,6251
30613.347,7821,6251
30615.41,7822,6251
30616.028,7823,6251
30616.164,7824,6251
30618.452,7825,6251
30624.096,7826,6251
30633.97,7827,6251
30662.688,7828,6251
30678.145,7829,6251
30680.813,7830,6251
30680.958,7831,6251
30681.463,7832,6251
30682.801,7833,6251
30705.277,7834,6251
30713.699,7835,6251
30717.007,7836,6251
30720.388,7837,6251
30720.478,7838,6251
30721.217,7839,6251
30723.567,7840,6251
30726.145,7841,6251
30732.563,7842,6251
30734.25,7843,6251
30736.924,7844,6251
30737.107,7845,6251
30737.144,7846,6251
30737.204,7847,6251
30737.234,7848,6251
30737.471,7849,6251
30737.486,7850,6251
30737.544,7851,6251
30737.745,7852,6251
30738.574,7853,6251
30739.513,7854,6251
30739.931,7855,6251
30742.275,7856,6251
30743.631,7857,6251
30744.293,7858,6251
30744.812,7859,6251
30744.903,7860,6251
30745.393,7861,6251
30746.198,7862,6251
30747.168,7863,6251
30755.403,7864,6251
30762.606,7865,6251
30765.657,7866,6251
30774.631,7867,6251
30775.023,7868,6251
30775.971,7869,6251
30777.022,7870,6251
30777.987,7871,6251
30779.576,7872,6251
30787.23,7873,6251
30791.345,7874,6251
30824.15,7875,6251
30824.754,7876,6251
30825.265,7877,6251
30825.578,7878,6251
30834.758,7879,6251
30849.487,7880,6251
30851.906,7881,6251
30855.486,7882,6251
30871.935,7883,6251
30884.647,7884,6251
30887.542,7885,6251
30890.732,7886,6251
30899.15,7887,6251
30901.691,7888,6251
30922.997,7889,6251
30923.042,7890,6251
30923.787,7891,6251
30923.827,7892,6251
30925.532,7893,6251
30930.37,7894,6251
30932.365,7895,6251
30943.994,7896,6251
30945.222,7897,6251
30945.681,7898,6251
30946.596,7899,6251
30947.843,7900,6251
30951.961,7901,6251
30952.841,7902,6251
30957.799,7903,6251
30961.942,7904,6251
30967.83,7905,6251
30969.188,7906,6251
30978.618,7907,6251
30984.136,7908,6251
30985.163,7909,6251
30986.111,7910,6251
30986.829,7911,6251
30987.316,7912,6251
30987.931,7913,6251
30988.38,7914,6251
30988.593,7915,6251
30990.802,7916,6251
30994.304,7917,6251
30994.992,7918,6251
30997.21,7919,6251
30998.7,7920,6251
31000.66,7921,6251
31004.3,7922,6251
31009.065,7923,6251
31009.575,7924,6251
31013.181,7925,6251
31017.026,7926,6251
31017.953,7927,6251
31018.288,7928,6251
31018.432,7929,6251
31019.549,7930,6251
31019.715,7931,6251
31020.772,7932,6251
31022.623,7933,6251
31025.277,7934,6251
31031.32,7935,6251
31036.491,7936,6251
31036.523,7937,6251
31036.943,7938,6251
31036.968,7939,6251
31037.071,7940,6251
31037.164,7941,6251
31037.366,7942,6251
31049.657,7943,6251
31062.185,7944,6251
31062.318,7945,6251
31063.721,7946,6251
31064.054,7947,6251
31065.727,7948,6251
31073.497,7949,6251
31089.391,7950,6251
31162.294,7951,6251
31169.493,7952,6251
31169.874,7953,6251
31170.043,7954,6251
31170.858,7955,6251
31253.433,7956,6251
31254.034,7957,6251
31254.67,7958,6251
31260.204,7959,6251
31265.243,7960,6251
31306.794,7961,6251
31306.951,7962,6251
31307.931,7963,6251
31310.306,7964,6251
31321.721,7965,6251
31322.332,7966,6251
31336.853,7967,6251
31341.406,7968,6251
31341.932,7969,6251
31349.088,7970,6251
31353.189,7971,6251
31379.639,7972,6251
31402.487,7973,6251
31402.596,7974,6251
31403.359,7975,6251
31403.439,7976,6251
31405.679,7977,6251
31406.108,7978,6251
31411.083,7979,6251
31411.375,7980,6251
31412.139,7981,6251
31418.144,7982,6251
31419.478,7983,6251
31419.852,7984,6251
31421.283,7985,6251
31423.267,7986,6251
31424.226,7987,6251
31431.33,7988,6251
31431.359,7989,6251
31433.127,7990,6251
31448.141,7991,6251
31449.218,7992,6251
31449.593,7993,6251
31449.645,7994,6251
31449.738,7995,6251
31450.061,7996,6251
31450.121,7997,6251
31450.201,7998,6251
31450.219,7999,6251
31450.376,8000,6251
31450.769,8001,6251
31450.787,8002,6251
31450.922,8003,6251
31451.387,8004,6251
31454.486,8005,6251
31456.794,8006,6251
31458.191,8007,6251
31458.594,8008,6251
31459.065,8009,6251
31459.545,8010,6251
31460.938,8011,6251
31461.143,8012,6251
31463.524,8013,6251
31464.48,8014,6251
31465.371,8015,6251
31465.426,8016,6251
31467.656,8017,6251
31468.406,8018,6251
31471.611,8019,6251
31474.615,8020,6251
31474.74,8021,6251
31478.17,8022,6251
31478.391,8023,6251
31478.96,8024,6251
31479.334,8025,6251
31479.864,8026,6251
31479.942,8027,6251
31481.175,8028,6251
31482.773,8029,6251
31484.633,8030,6251
31486.594,8031,6251
31486.638,8032,6251
31509.85,8033,6251
31528.901,8034,6251
31540.631,8035,6251
31541.277,8036,6251
31541.295,8037,6251
31542.132,8038,6251
31550.898,8039,6251
31553.63,8040,6251
31566.193,8041,6251
31566.374,8042,6251
31566.421,8043,6251
31566.434,8044,6251
31566.511,8045,6251
31566.522,8046,6251
31566.551,8047,6251
31566.609,8048,6251
31566.715,8049,6251
31567.002,8050,6251
31567.454,8051,6251
31567.877,8052,6251
31568.25,8053,6251
31568.614,8054,6251
31569.417,8055,6251
31569.541,8056,6251
31569.574,8057,6251
31570.148,8058,6251
31570.573,8059,6251
31572.43,8060,6251
31573.065,8061,6251
31588.974,8062,6251
31595.743,8063,6251
31596.698,8064,6251
31613.545,8065,6251
31614.528,8066,6251
31617.984,8067,6251
31639.406,8068,6251
31640.566,8069,6251
31668.254,8070,6251
31668.255,8071,6251
31670.923,8072,6251
31671.182,8073,6251
31680.798,8074,6251
31705.283,8075,6251
31755.298,8076,6251
31755.403,8077,6251
31761.61,8078,6251
31763.121,8079,6251
31773.174,8080,6251
31774.989,8081,6251
31775.241,8082,6251
31775.308,8083,6251
31775.614,8084,6251
31775.679,8085,6251
31776.209,8086,6251
31776.236,8087,6251
31776.365,8088,6251
31776.688,8089,6251
31776.856,8090,6251
31776.868,8091,6251
31776.968,8092,6251
31777.139,8093,6251
31778.506,8094,6251
31778.891,8095,6251
31779.478,8096,6251
31779.838,8097,6251
31780.037,8098,6251
31780.298,8099,6251
31780.742,8100,6251
31781.054,8101,6251
31782.77,8102,6251
31782.944,8103,6251
31783.784,8104,6251
31785.152,8105,6251
31785.306,8106,6251
31787.66,8107,6251
31788.647,8108,6251
31789.792,8109,6251
31791.661,8110,6251
31791.829,8111,6251
31794.249,8112,6251
31795.628,8113,6251
31797.136,8114,6251
31797.726,8115,6251
31799.133,8116,6251
31800.372,8117,6251
31810.939,8118,6251
31811.011,8119,6251
31811.139,8120,6251
31816.637,8121,6251
31820.948,8122,6251
31821.024,8123,6251
31826.452,8124,6251
31832.158,8125,6251
31833.508,8126,6251
31842.18,8127,6251
31855.069,8128,6251
31856.186,8129,6251
31858.773,8130,6251
31861.534,8131,6251
31868.729,8132,6251
31890.676,8133,6251
31890.928,8134,6251
31891.592,8135,6251
31891.964,8136,6251
31898.129,8137,6251
31911.528,8138,6251
31912.257,8139,6251
31912.328,8140,6251
31919.653,8141,6251
31926.632,8142,6251
31927.488,8143,6251
31946.874,8144,6251
31948.298,8145,6251
31949.376,8146,6251
31950.764,8147,6251
31959.475,8148,6251
31959.602,8149,6251
31961.378,8150,6251
31961.543,8151,6251
31962.635,8152,6251
31966.507,8153,6251
31967.288,8154,6251
31977.53,8155,6251
32007.27,8156,6251
32028.923,8157,6251
32028.971,8158,6251
32050.966,8159,6251
32074.329,8160,6251
32074.438,8161,6251
32075.008,8162,6251
32085.468,8163,6251
32091.495,8164,6251
32092.184,8165,6251
32108.322,8166,6251
32108.916,8167,6251
32110.131,8168,6251
32111.624,8169,6251
32112.449,8170,6251
32112.889,8171,6251
32115.277,8172,6251
32117.721,8173,6251
32118.453,8174,6251
32120.075,8175,6251
32122.735,8176,6251
32129.693,8177,6251
32129.846,8178,6251
32134.302,8179,6251
32139.309,8180,6251
32141.241,8181,6251
32145.842,8182,6251
32146.862,8183,6251
32151.058,8184,6251
32164.404,8185,6251
32164.439,8186,6251
32164.775,8187,6251
32164.875,8188,6251
32165.167,8189,6251
32166.013,8190,6251
32167.134,8191,6251
32167.606,8192,6251
32167.624,8193,6251
32168.981,8194,6251
32169.922,8195,6251
32170.765,8196,6251
32170.845,8197,6251
32182.006,8198,6251
32182.096,8199,6251
32185.45,8200,6251
32186.253,8201,6251
32188.738,8202,6251
32191.316,8203,6251
32193.579,8204,6251
32199.865,8205,6251
32209.793,8206,6251
32209.831,8207,6251
32209.871,8208,6251
32209.999,8209,6251
32210.132,8210,6251
32211.089,8211,6251
32212.557,8212,6251
32215.75,8213,6251
32216.639,8214,6251
32217.271,8215,6251
32220.479,8216,6251
32224.05,8217,6251
32224.61,8218,6251
32226.295,8219,6251
32231.726,8220,6251
32233.731,8221,6251
32239.212,8222,6251
32254.003,8223,6251
32264.873,8224,6251
32281.068,8225,6251
32281.482,8226,6251
32281.509,8227,6251
32281.719,8228,6251
32282.174,8229,6251
32282.547,8230,6251
32284.142,8231,6251
32284.165,8232,6251
32285.633,8233,6251
32287.577,8234,6251
32304.672,8235,6251
32306.83,8236,6251
32315.147,8237,6251
32317.292,8238,6251
32355.873,8239,6251
32384.696,8240,6251
32392.216,8241,6251
32408.179,8242,6251
32420.807,8243,6251
32421.487,8244,6251
32428.191,8245,6251
32428.479,8246,6251
32434.224,8247,6251
32438.206,8248,6251
32441.724,8249,6251
32476.503,8250,6251
32481.292,8251,6251
32481.537,8252,6251
32482.646,8253,6251
32484.869,8254,6251
32487.941,8255,6251
32509.054,8256,6251
32509.697,8257,6251
32514.147,8258,6251
32518.426,8259,6251
32519.464,8260,6251
32522.538,8261,6251
32528.883,8262,6251
32532.524,8263,6251
32534.842,8264,6251
32540.964,8265,6251
32553.818,8266,6251
32578.67,8267,6251
32581.308,8268,6251
32601.15,8269,6251
32601.247,8270,6251
32601.878,8271,6251
32602.656,8272,6251
32604.409,8273,6251
32610.078,8274,6251
32629.011,8275,6251
32644.849,8276,6251
32652.947,8277,6251
32665.795,8278,6251
32670.686,8279,6251
32674.567,8280,6251
32713.948,8281,6251
32719.285,8282,6251
32737.779,8283,6251
32737.937,8284,6251
32737.971,8285,6251
32738.327,8286,6251
32738.44,8287,6251
32738.647,8288,6251
32739.34,8289,6251
32739.531,8290,6251
32739.925,8291,6251
32740.215,8292,6251
32740.667,8293,6251
32741.575,8294,6251
32741.635,8295,6251
32742.738,8296,6251
32743.455,8297,6251
32743.712,8298,6251
32745.254,8299,6251
32745.677,8300,6251
32746.905,8301,6251
32747.301,8302,6251
32750.196,8303,6251
32750.39,8304,6251
32756.052,8305,6251
32756.418,8306,6251
32757.381,8307,6251
32760.881,8308,6251
32763.044,8309,6251
32766.937,8310,6251
32776.507,8311,6251
32793.878,8312,6251
32809.166,8313,6251
32812.258,8314,6251
32814.069,8315,6251
32817.244,8316,6251
32817.345,8317,6251
32818.981,8318,6251
32833.883,8319,6251
32842.136,8320,6251
32842.643,8321,6251
32846.668,8322,6251
32849.792,8323,6251
32850.021,8324,6251
32859.308,8325,6251
32859.593,8326,6251
32860.128,8327,6251
32860.397,8328,6251
32860.667,8329,6251
32860.701,8330,6251
32861.419,8331,6251
32861.952,8332,6251
32862.224,8333,6251
32865.904,8334,6252
32872.038,8335,6252
32874.007,8336,6252
32875.717,8337,6252
32898.104,8338,6252
32906.751,8339,6252
32908.601,8340,6252
32913.454,8341,6252
32913.615,8342,6252
32927.856,8343,6252
32929.122,8344,6252
32929.661,8345,6252
32937.597,8346,6252
32938.916,8347,6252
32942.612,8348,6252
32971.971,8349,6252
32989.961,8350,6252
32990.848,8351,6252
32992.571,8352,6252
32999.295,8353,6252
33008.778,8354,6252
33012.356,8355,6252
33044.071,8356,6252
33055.557,8357,6252
33058.693,8358,6252
33060.669,8359,6252
33060.705,8360,6252
33061.039,8361,6252
33064.325,8362,6252
33065.19,8363,6252
33068.067,8364,6252
33070.704,8365,6252
33072.397,8366,6252
33073.788,8367,6252
33077.245,8368,6252
33077.306,8369,6252
33080.941,8370,6252
33086.163,8371,6252
33090.445,8372,6252
33092.525,8373,6252
33104.248,8374,6252
33106.365,8375,6252
33120.14,8376,6252
33121.766,8377,6252
33124.119,8378,6252
33160.922,8379,6252
33162.922,8380,6252
33164.32,8381,6252
33200.639,8382,6252
33202.603,8383,6252
33202.858,8384,6252
33211.269,8385,6252
33214.546,8386,6252
33230.354,8387,6252
33231.459,8388,6252
33245.154,8389,6252
33255.485,8390,6252
33265.453,8391,6252
33265.697,8392,6252
33285.516,8393,6252
33285.961,8394,6252
33287.161,8395,6252
33289.25,8396,6252
33292.606,8397,6252
33304.658,8398,6252
33311.384,8399,6252
33356.778,8400,6252
33360.037,8401,6252
33381.391,8402,6252
33381.489,8403,6252
33390.3,8404,6252
33396.723,8405,6252
33428.944,8406,6252
33462.576,8407,6252
33462.719,8408,6252
33462.948,8409,6252
33463.019,8410,6252
33473.584,8411,6252
33489.199,8412,6252
33491.499,8413,6252
33491.602,8414,6252
33491.655,8415,6252
33491.802,8416,6252
33492.314,8417,6252
33492.367,8418,6252
33502.396,8419,6252
33508.593,8420,6252
33509.117,8421,6252
33510.518,8422,6252
33515.554,8423,6252
33520.434,8424,6252
33521.013,8425,6252
33557.335,8426,6252
33560.766,8427,6252
33561.964,8428,6252
33564.529,8429,6252
33567.257,8430,6252
33567.452,8431,6252
33571.568,8432,6252
33575.764,8433,6252
33576.256,8434,6252
33586.314,8435,6252
33588.671,8436,6252
33619.051,8437,6252
33619.26,8438,6252
33640.506,8439,6252
33667.834,8440,6252
33668.803,8441,6252
33669.366,8442,6252
33672.251,8443,6252
33675.857,8444,6252
33679.256,8445,6252
33699.037,8446,6252
33718.676,8447,6252
33718.785,8448,6252
33719.591,8449,6252
33719.75,8450,6252
33720.685,8451,6252
33722.363,8452,6252
33729.144,8453,6252
33739.111,8454,6252
33766.044,8455,6252
33768.478,8456,6252
33772.514,8457,6252
33772.584,8458,6252
33790.997,8459,6252
33791.733,8460,6252
33792.79,8461,6253
33792.887,8462,6253
33793.45,8463,6253
33794.463,8464,6253
33795.199,8465,6253
33795.217,8466,6253
33797.911,8467,6253
33799.998,8468,6253
33801.265,8469,6253
33805.419,8470,6253
33806.538,8471,6253
33811.689,8472,6253
33813.967,8473,6253
33814.574,8474,6253
33827.778,8475,6253
33830.758,8476,6253
33832.085,8477,6253
33844.238,8478,6253
33849.137,8479,6253
33886.17,8480,6253
33903.152,8481,6253
33942.598,8482,6253
34041.413,8483,6253
34059.436,8484,6253
34066.855,8485,6253
34267.252,8486,6253
34347.95,8487,6253
34395.504,8488,6253
34402.427,8489,6253
34408.637,8490,6253
34414.933,8491,6253
34435.021,8492,6253
34435.034,8493,6253
34435.094,8494,6253
34435.224,8495,6253
34435.273,8496,6253
34435.366,8497,6253
34435.387,8498,6253
34435.722,8499,6253
34435.978,8500,6253
34436.153,8501,6253
34437.566,8502,6253
34437.672,8503,6253
34437.967,8504,6253
34438.711,8505,6253
34439.439,8506,6253
34440.795,8507,6253
34441.574,8508,6253
34442.211,8509,6253
34442.314,8510,6253
34442.786,8511,6253
34443.924,8512,6253
34446.251,8513,6253
34446.814,8514,6253
34446.938,8515,6253
34447.888,8516,6253
34448.958,8517,6253
34453.303,8518,6253
34454.711,8519,6253
34455.133,8520,6253
34457.172,8521,6253
34457.9,8522,6253
34458.428,8523,6253
34458.888,8524,6253
34459.399,8525,6253
34459.655,8526,6253
34462.566,8527,6253
34465.163,8528,6253
34465.228,8529,6253
34465.532,8530,6253
34465.717,8531,6253
34466.813,8532,6253
34468.441,8533,6253
34469.01,8534,6253
34469.131,8535,6253
34469.18,8536,6253
34469.206,8537,6253
34469.409,8538,6253
34469.942,8539,6253
34470.174,8540,6253
34470.662,8541,6253
34471.521,8542,6253
34471.846,8543,6253
34472.017,8544,6253
34472.491,8545,6253
34472.85,8546,6253
34473.329,8547,6253
34473.827,8548,6253
34473.93,8549,6253
34474.488,8550,6253
34476.035,8551,6253
34477.099,8552,6253
34477.329,8553,6253
34484.743,8554,6253
34485.387,8555,6253
34503.86,8556,6253
34504.417,8557,6253
34504.454,8558,6253
34505.075,8559,6253
34505.592,8560,6253
34506.203,8561,6253
34506.311,8562,6253
34506.611,8563,6253
34508.063,8564,6253
34511.223,8565,6253
34511.363,8566,6253
34513.346,8567,6253
34513.664,8568,6253
34514.021,8569,6253
34517.35,8570,6253
34519.188,8571,6253
34521.77,8572,6253
34523.006,8573,6253
34524.568,8574,6253
34525.311,8575,6253
34527.867,8576,6253
34532.523,8577,6253
34540.179,8578,6253
34540.364,8579,6253
34541.235,8580,6253
34545.049,8581,6253
34545.939,8582,6253
34548.18,8583,6253
34548.425,8584,6253
34549.389,8585,6253
34549.851,8586,6253
34549.932,8587,6253
34550.536,8588,6253
34551.121,8589,6253
34555.513,8590,6253
34556.787,8591,6253
34556.973,8592,6253
34557.382,8593,6253
34558.491,8594,6253
34565.289,8595,6253
34587.227,8596,6253
34628.283,8597,6253
34628.331,8598,6253
34635.25,8599,6253
34635.428,8600,6253
34635.589,8601,6253
34636.462,8602,6253
34637.242,8603,6253
34637.56,8604,6253
34638.002,8605,6253
34639.322,8606,6253
34640.005,8607,6253
34642.519,8608,6253
34642.9,8609,6253
34650.878,8610,6253
34652.205,8611,6253
34658.358,8612,6253
34664.239,8613,6253
34670.822,8614,6253
34674.419,8615,6253
34674.439,8616,6253
34674.536,8617,6253
34674.948,8618,6253
34674.986,8619,6253
34676.924,8620,6253
34679.663,8621,6253
34684.081,8622,6253
34686.34,8623,6253
34686.815,8624,6253
34687.642,8625,6253
34700.597,8626,6253
34716.25,8627,6253
34726.775,8628,6253
34726.782,8629,6253
34726.925,8630,6253
34727.771,8631,6253
34731.999,8632,6253
34732.404,8633,6253
34734.497,8634,6253
34734.626,8635,6253
34735.602,8636,6253
34736.141,8637,6253
34737.523,8638,6253
34737.655,8639,6253
34739.512,8640,6253
34739.62,8641,6253
34743.217,8642,6253
34746.779,8643,6253
34747.16,8644,6253
34747.345,8645,6253
34747.672,8646,6253
34747.95,8647,6253
34748.07,8648,6253
34748.239,8649,6253
34748.394,8650,6253
34749.786,8651,6253
34750.83,8652,6253
34750.929,8653,6253
34751.941,8654,6253
34753.276,8655,6253
34756.876,8656,6253
34757.956,8657,6253
34758.05,8658,6253
34761.38,8659,6253
34762.248,8660,6253
34763.782,8661,6253
34764.302,8662,6253
34807.06,8663,6253
34808.418,8664,6253
34809.05,8665,6253
34810.046,8666,6253
34810.542,8667,6253
34811.003,8668,6253
34813.13,8669,6253
34818.208,8670,6253
34820.092,8671,6253
34821.966,8672,6253
34822.336,8673,6253
34835.619,8674,6253
34851.567,8675,6253
34851.733,8676,6253
34851.765,8677,6253
34857.8,8678,6253
34895.478,8679,6253
34910.08,8680,6253
34911.609,8681,6253
34927.136,8682,6253
34928.607,8683,6253
34928.911,8684,6253
34928.979,8685,6253
34929.322,8686,6253
34929.356,8687,6253
34929.808,8688,6253
34932.956,8689,6253
34934.516,8690,6253
34938.621,8691,6253
34939.547,8692,6253
34957.431,8693,6253
34958.407,8694,6253
34958.792,8695,6253
34958.845,8696,6253
34958.931,8697,6253
34961.6,8698,6253
34963.847,8699,6253
34967.107,8700,6253
34968.363,8701,6253
34968.593,8702,6253
34969.633,8703,6253
34969.712,8704,6253
34971.078,8705,6253
34972.524,8706,6253
34976.516,8707,6253
34985.489,8708,6253
34986.936,8709,6253
34988.656,8710,6253
35008.83,8711,6253
35040.266,8712,6253
35040.924,8713,6253
35041.165,8714,6253
35042.351,8715,6253
35042.626,8716,6253
35044.057,8717,6253
35044.48,8718,6253
35045.303,8719,6253
35046.218,8720,6253
35047.711,8721,6253
35047.955,8722,6253
35048.128,8723,6253
35050.12,8724,6253
35051.411,8725,6253
35051.557,8726,6253
35051.93,8727,6253
35055.876,8728,6253
35056.766,8729,6253
35057.274,8730,6253
35082.068,8731,6253
35090.926,8732,6253
35091.845,8733,6253
35095.216,8734,6253
35095.279,8735,6253
35105.249,8736,6253
35110.978,8737,6253
35111.015,8738,6253
35112.991,8739,6253
35127.287,8740,6253
35127.619,8741,6253
35129.476,8742,6254
35129.557,8743,6254
35129.67,8744,6254
35130.542,8745,6254
35131.563,8746,6254
35131.746,8747,6254
35131.934,8748,6254
35133.626,8749,6254
35133.887,8750,6254
35134.496,8751,6254
35135.566,8752,6254
35136.593,8753,6254
35137.16,8754,6254
35137.218,8755,6254
35138.217,8756,6254
35142.933,8757,6254
35145.798,8758,6254
35145.876,8759,6254
35151.808,8760,6254
35183.807,8761,6254
35192.331,8762,6254
35192.477,8763,6254
35193.162,8764,6254
35194.731,8765,6254
35195.829,8766,6254
35196.543,8767,6254
35197.187,8768,6254
35197.628,8769,6254
35199.769,8770,6254
35199.93,8771,6254
35201.187,8772,6254
35203.236,8773,6254
35205.147,8774,6254
35205.894,8775,6254
35208.052,8776,6254
35208.59,8777,6254
35209.547,8778,6254
35209.63,8779,6254
35213.098,8780,6254
35213.802,8781,6254
35224.185,8782,6254
35266.334,8783,6254
35270.064,8784,6254
35274.827,8785,6254
35282.912,8786,6254
35283.053,8787,6254
35283.19,8788,6254
35284.9,8789,6254
35285.011,8790,6254
35285.083,8791,6254
35285.203,8792,6254
35285.215,8793,6254
35286.502,8794,6254
35286.781,8795,6254
35287.032,8796,6254
35287.404,8797,6254
35287.676,8798,6254
35288.209,8799,6254
35290.603,8800,6254
35292.645,8801,6254
35293.593,8802,6254
35293.951,8803,6254
35294.44,8804,6254
35295.164,8805,6254
35297.248,8806,6254
35302.378,8807,6254
35312.092,8808,6254
35312.164,8809,6254
35313.3,8810,6254
35313.423,8811,6254
35314.15,8812,6254
35316.031,8813,6254
35316.047,8814,6254
35316.327,8815,6254
35321.82,8816,6254
35323.387,8817,6254
35324.172,8818,6254
35324.291,8819,6254
35325.826,8820,6254
35327.379,8821,6254
35328.926,8822,6254
35330.555,8823,6254
35331.696,8824,6254
35397.576,8825,6254
35397.697,8826,6254
35398.242,8827,6254
35399.15,8828,6254
35414.778,8829,6254
35419.737,8830,6254
35424.441,8831,6254
35425.421,8832,6254
35439.955,8833,6254
35440.199,8834,6254
35440.247,8835,6254
35440.363,8836,6254
35446.448,8837,6254
35466.877,8838,6254
35508.499,8839,6254
35520.114,8840,6254
35520.882,8841,6254
35573.512,8842,6254
35576.888,8843,6254
35600.462,8844,6254
35600.939,8845,6254
35602.587,8846,6254
35602.798,8847,6254
35607.406,8848,6254
35609.122,8849,6254
35613.432,8850,6254
35615.531,8851,6254
35620.688,8852,6254
35628.574,8853,6254
35659.924,8854,6254
35728.501,8855,6254
35729.042,8856,6254
35730.839,8857,6254
35731.435,8858,6254
35731.55,8859,6254
35740.6,8860,6254
35741.35,8861,6254
35750.4,8862,6254
35798.414,8863,6254
35815.718,8864,6254
35817.412,8865,6254
35817.712,8866,6254
35817.865,8867,6254
35832.14,8868,6254
35832.452,8869,6254
35877.746,8870,6254
35884.408,8871,6254
35897.152,8872,6254
35897.256,8873,6254
35898.784,8874,6254
35903.421,8875,6254
35905.564,8876,6254
35912.738,8877,6254
35919.117,8878,6254
35947.842,8879,6254
35948.356,8880,6254
35948.703,8881,6254
35948.859,8882,6254
35949.565,8883,6254
35959.767,8884,6254
35971.898,8885,6254
35985.965,8886,6254
36002.404,8887,6254
36005.822,8888,6254
36005.856,8889,6254
36013.974,8890,6254
36024.056,8891,6254
36024.702,8892,6254
36025.909,8893,6254
36028.15,8894,6254
36030.015,8895,6254
36034.64,8896,6254
36038.067,8897,6254
36066.238,8898,6254
36074.937,8899,6254
36076.772,8900,6254
36078.916,8901,6254
36081.38,8902,6254
36083.164,8903,6254
36084.05,8904,6254
36086.366,8905,6254
36088.114,8906,6254
36094.068,8907,6254
36100.758,8908,6254
36102.691,8909,6254
36108.427,8910,6254
36109.593,8911,6254
36116.069,8912,6254
36146.429,8913,6254
36146.489,8914,6254
36146.572,8915,6254
36148.893,8916,6254
36150.421,8917,6254
36160.211,8918,6254
36161.886,8919,6254
36170.214,8920,6254
36173.699,8921,6254
36178.82,8922,6254
36184.458,8923,6254
36186.983,8924,6254
36207.69,8925,6254
36212.139,8926,6254
36212.411,8927,6254
36220.313,8928,6254
36236.912,8929,6254
36241.875,8930,6254
36258.7,8931,6254
36274.139,8932,6254
36279.599,8933,6254
36282.785,8934,6254
36282.957,8935,6254
36284.783,8936,6254
36284.806,8937,6254
36285.023,8938,6254
36285.037,8939,6254
36285.984,8940,6254
36287.489,8941,6254
36288.374,8942,6254
36305.901,8943,6254
36310.336,8944,6254
36321.253,8945,6254
36326.259,8946,6254
36330.353,8947,6254
36330.45,8948,6254
36334.078,8949,6254
36356.313,8950,6254
36361.011,8951,6254
36388.64,8952,6254
36389.01,8953,6254
36391.999,8954,6254
36392.538,8955,6254
36394.705,8956,6254
36425.925,8957,6254
36428.861,8958,6254
36451.791,8959,6254
36455.82,8960,6254
36465.98,8961,6254
36465.999,8962,6254
36466.026,8963,6254
36466.114,8964,6254
36466.563,8965,6254
36466.983,8966,6254
36484.912,8967,6254
36486.142,8968,6254
36501.045,8969,6254
36502.428,8970,6254
36523.779,8971,6254
36525.65,8972,6254
36556.441,8973,6254
36556.696,8974,6254
36556.88,8975,6254
36557.141,8976,6254
36557.84,8977,6254
36559.11,8978,6254
36559.141,8979,6254
36559.802,8980,6254
36561.217,8981,6254
36563.886,8982,6254
36567.934,8983,6254
36579.526,8984,6254
36604.049,8985,6254
36604.705,8986,6254
36618.527,8987,6254
36620.092,8988,6254
36636.157,8989,6254
36648.361,8990,6254
36648.48,8991,6254
36670.246,8992,6254
36673.281,8993,6254
36681.135,8994,6254
36696.268,8995,6254
36698.125,8996,6254
36699.369,8997,6254
36708.973,8998,6254
36709.188,8999,6254
36710.112,9000,6254
36712.726,9001,6254
36715.503,9002,6254
36721.823,9003,6254
36728.204,9004,6254
36751.398,9005,6254
36751.832,9006,6254
36755.221,9007,6254
36844.525,9008,6254
36853.126,9009,6254
36854.202,9010,6254
36854.49,9011,6254
36854.515,9012,6254
36854.78,9013,6254
36858.754,9014,6254
36859.845,9015,6254
36862.688,9016,6254
36881.184,9017,6254
36888.059,9018,6254
36939.812,9019,6254
36943.933,9020,6254
36945.078,9021,6254
36945.209,9022,6254
36946.91,9023,6254
36946.942,9024,6254
36981.96,9025,6254
36986.422,9026,6254
36996.03,9027,6254
36997.073,9028,6254
36997.104,9029,6254
36997.592,9030,6254
37001.265,9031,6254
37001.639,9032,6254
37001.657,9033,6254
37004.697,9034,6254
37004.73,9035,6254
37006.628,9036,6254
37009.788,9037,6254
37013.013,9038,6254
37013.995,9039,6254
37019.158,9040,6254
37023.203,9041,6254
37026.091,9042,6254
37030.412,9043,6254
37044.806,9044,6254
37046.323,9045,6254
37047.359,9046,6254
37051.399,9047,6254
37065.494,9048,6254
37069.469,9049,6254
37070.182,9050,6254
37074.319,9051,6254
37086.382,9052,6254
37102.761,9053,6254
37102.812,9054,6254
37109.658,9055,6254
37110.545,9056,6254
37142.235,9057,6254
37144.535,9058,6254
37148.828,9059,6254
37148.898,9060,6254
37157.543,9061,6254
37179.794,9062,6254
37179.945,9063,6254
37180.07,9064,6254
37180.889,9065,6254
37183.325,9066,6254
37184.884,9067,6254
37188.331,9068,6254
37189.978,9069,6254
37191.286,9070,6254
37193.185,9071,6254
37193.307,9072,6254
37195.247,9073,6254
37196.014,9074,6254
37196.384,9075,6254
37199.351,9076,6254
37201.065,9077,6254
37201.613,9078,6254
37208.368,9079,6254
37212.468,9080,6254
37214.28,9081,6254
37233.084,9082,6254
37268.245,9083,6254
37294.197,9084,6254
37294.21,9085,6254
37294.577,9086,6254
37294.672,9087,6254
37295.417,9088,6254
37296.729,9089,6254
37299.249,9090,6254
37299.365,9091,6254
37299.706,9092,6254
37307.968,9093,6254
37319.15,9094,6254
37321.758,9095,6254
37322.123,9096,6254
37322.185,9097,6254
37323.346,9098,6254
37323.414,9099,6254
37329.313,9100,6254
37346.034,9101,6254
37351.346,9102,6254
37365.195,9103,6254
37399.415,9104,6254
37399.598,9105,6254
37401.435,9106,6254
37403.226,9107,6254
37408.664,9108,6254
37417.574,9109,6254
37423.778,9110,6254
37465.095,9111,6254
37472.974,9112,6254
37473.034,9113,6254
37474.416,9114,6254
37475.313,9115,6254
37475.61,9116,6254
37475.776,9117,6254
37479.709,9118,6254
37482.465,9119,6254
37490.175,9120,6254
37502.005,9121,6254
37506.91,9122,6254
37508.971,9123,6254
37618.528,9124,6254
37631.949,9125,6254
37632.07,9126,6254
37633.172,9127,6254
37633.776,9128,6254
37633.891,9129,6254
37634.374,9130,6254
37636.069,9131,6254
37640.557,9132,6254
37643.418,9133,6254
37643.522,9134,6254
37645.558,9135,6254
37653.415,9136,6254
37653.991,9137,6254
37655.189,9138,6254
37658.413,9139,6254
37660.479,9140,6254
37663.504,9141,6254
37666.542,9142,6254
37766.964,9143,6254
37767.608,9144,6254
37768.666,9145,6254
37768.74,9146,6254
37768.782,9147,6254
37769.359,9148,6254
37769.625,9149,6254
37771.279,9150,6254
37772.126,9151,6254
37773.583,9152,6254
37776.7,9153,6254
37779.744,9154,6254
37800.355,9155,6254
37814.117,9156,6254
37820.092,9157,6254
37820.282,9158,6254
37822.831,9159,6254
37843.843,9160,6254
37867.42,9161,6254
37867.435,9162,6254
37923.81,9163,6254
37928.444,9164,6254
37930.335,9165,6254
37981.02,9166,6254
38018.712,9167,6254
38021.803,9168,6254
38022.146,9169,6254
38025.001,9170,6254
38032.509,9171,6254
38034.379,9172,6254
38035.78,9173,6254
38112.092,9174,6254
38112.663,9175,6254
38112.72,9176,6254
38113.523,9177,6254
38114.137,9178,6254
38127.803,9179,6254
38131.801,9180,6254
38140.146,9181,6254
38182.584,9182,6254
38183.731,9183,6254
38185.96,9184,6254
38206.386,9185,6254
38212.6,9186,6254
38235.62,9187,6254
38264.486,9188,6254
38295.561,9189,6254
38337.67,9190,6254
38344.328,9191,6254
38362.935,9192,6254
38364.746,9193,6254
38394.212,9194,6254
38438.165,9195,6254
38458.644,9196,6254
38459.493,9197,6254
38470.851,9198,6254
38480.392,9199,6254
38482.231,9200,6254
38494.244,9201,6254
38495.223,9202,6254
38498.318,9203,6254
38530.847,9204,6254
38602.256,9205,6254
38629.986,9206,6254
38633.85,9207,6254
38667.711,9208,6254
38668.14,9209,6254
38685.027,9210,6254
38686.785,9211,6254
38687.368,9212,6254
38687.77,9213,6254
38687.834,9214,6254
38690.862,9215,6254
38691.31,9216,6254
38693.302,9217,6254
38704.626,9218,6254
38705.724,9219,6254
38707.011,9220,6254
38748.616,9221,6254
38748.646,9222,6254
38748.708,9223,6254
38749.338,9224,6254
38750.053,9225,6254
38751.041,9226,6254
38758.568,9227,6254
38770.238,9228,6254
38780.522,9229,6254
38792.847,9230,6254
38830.48,9231,6254
38831.456,9232,6254
38892.082,9233,6254
38892.226,9234,6254
38914.049,9235,6254
38930.726,9236,6254
38955.523,9237,6254
38967.828,9238,6254
38988.997,9239,6254
38989.068,9240,6254
38989.635,9241,6254
39012.326,9242,6254
39014.401,9243,6254
39015.004,9244,6254
39026.533,9245,6254
39040.14,9246,6254
39040.622,9247,6254
39057.725,9248,6254
39060.941,9249,6254
39151.96,9250,6254
39161.877,9251,6254
39176.451,9252,6254
39185.906,9253,6254
39200.972,9254,6254
39204.004,9255,6254
39246.325,9256,6254
39248.101,9257,6254
39257.114,9258,6254
39260.546,9259,6254
39263.133,9260,6254
39279.855,9261,6254
39283.38,9262,6254
39297.105,9263,6254
39325.578,9264,6254
39337.912,9265,6254
39363.202,9266,6254
39371.324,9267,6254
39371.382,9268,6254
39373.515,9269,6254
39388.338,9270,6254
39397.048,9271,6254
39400.607,9272,6254
39416.541,9273,6254
39429.65,9274,6254
39458.403,9275,6254
39458.894,9276,6254
39468.327,9277,6254
39511.815,9278,6254
39537.815,9279,6254
39538.381,9280,6254
39614.988,9281,6254
39654.201,9282,6254
39654.757,9283,6254
39654.979,9284,6254
39677.53,9285,6254
39685.787,9286,6254
39745.259,9287,6254
39757.983,9288,6254
39766.471,9289,6254
39766.485,9290,6254
39787.502,9291,6254
39788.62,9292,6254
39789.092,9293,6254
39789.956,9294,6254
39794.359,9295,6254
39829.885,9296,6254
39864.122,9297,6254
39866.905,9298,6254
39869.061,9299,6254
39875.349,9300,6254
39965.918,9301,6254
39972.161,9302,6254
39972.163,9303,6254
40007.986,9304,6254
40009.867,9305,6254
40010.416,9306,6254
40011.047,9307,6254
40013.43,9308,6254
40016.874,9309,6254
40025.09,9310,6254
40025.865,9311,6254
40045.017,9312,6254
40069.94,9313,6254
40097.482,9314,6254
40121.29,9315,6254
40125.519,9316,6254
40151.237,9317,6254
40173.647,9318,6254
40222.19,9319,6254
40230.642,9320,6254
40231.375,9321,6254
40236.916,9322,6254
40238.96,9323,6254
40301.687,9324,6254
40308.847,9325,6254
40330.135,9326,6254
40331.844,9327,6254
40383.462,9328,6254
40419.214,9329,6254
40431.701,9330,6254
40436.526,9331,6254
40455.25,9332,6254
40455.589,9333,6254
40456.982,9334,6254
40457.326,9335,6254
40460.379,9336,6254
40461.462,9337,6254
40465.418,9338,6254
40470.878,9339,6254
40474.033,9340,6254
40479.129,9341,6254
40479.851,9342,6254
40491.803,9343,6254
40518.435,9344,6254
40545.49,9345,6254
40589.251,9346,6254
40591.008,9347,6254
40600.219,9348,6254
40701.069,9349,6254
40749.469,9350,6254
40759.537,9351,6254
40829.554,9352,6254
40829.6,9353,6254
40883.011,9354,6254
41001.686,9355,6254
41023.882,9356,6254
41041.465,9357,6254
41042.135,9358,6254
41051.922,9359,6254
41062.484,9360,6254
41062.588,9361,6254
41073.913,9362,6254
41082.597,9363,6254
41084.477,9364,6254
41084.925,9365,6254
41095.365,9366,6254
41103.185,9367,6254
41157.232,9368,6254
41157.367,9369,6254
41162.541,9370,6254
41182.599,9371,6254
41229.947,9372,6254
41231.087,9373,6254
41231.117,9374,6254
41232.087,9375,6254
41235.314,9376,6254
41242.972,9377,6254
41246.937,9378,6254
41250.326,9379,6254
41252.688,9380,6254
41260.923,9381,6254
41295.523,9382,6254
41306.597,9383,6254
41308.164,9384,6254
41309.854,9385,6254
41310.438,9386,6254
41313.865,9387,6254
41313.888,9388,6254
41314.287,9389,6254
41332.878,9390,6254
41333.88,9391,6254
41337.842,9392,6254
41443.796,9393,6254
41454.471,9394,6254
41455.537,9395,6254
41485.728,9396,6254
41494.129,9397,6254
41495.026,9398,6254
41508.45,9399,6254
41519.019,9400,6254
41519.439,9401,6254
41546.504,9402,6254
41548.14,9403,6254
41548.679,9404,6254
41548.78,9405,6254
41548.849,9406,6254
41549.07,9407,6254
41553.255,9408,6254
41554.905,9409,6254
41563.106,9410,6254
41566.262,9411,6254
41583.977,9412,6254
41584.02,9413,6254
41625.898,9414,6254
41625.908,9415,6254
41635.279,9416,6254
41658.363,9417,6254
41703.317,9418,6254
41711.26,9419,6254
41728.787,9420,6254
41729.569,9421,6254
41788.311,9422,6254
41829.395,9423,6254
41845.904,9424,6254
41851.048,9425,6254
41855.949,9426,6254
41860.767,9427,6254
41866.957,9428,6254
41889.353,9429,6254
41927.767,9430,6254
41930.76,9431,6254
41943.233,9432,6254
41945.226,9433,6254
41947.753,9434,6254
41949.557,9435,6254
41952.558,9436,6254
41957.518,9437,6254
41959.501,9438,6254
41960.3,9439,6254
41967.761,9440,6254
41976.645,9441,6254
41996.299,9442,6254
41996.571,9443,6254
41996.924,9444,6254
41997.26,9445,6254
41997.439,9446,6254
42038.555,9447,6254
42038.627,9448,6254
42078.828,9449,6254
42093.544,9450,6254
42165.674,9451,6254
42190.121,9452,6254
42235.222,9453,6254
42296.762,9454,6254
42312.104,9455,6254
42312.239,9456,6254
42385.073,9457,6254
42385.126,9458,6254
42385.181,9459,6254
42385.188,9460,6254
42385.723,9461,6254
42385.75,9462,6254
42386.212,9463,6254
42386.496,9464,6254
42411.277,9465,6254
42414.061,9466,6254
42416.976,9467,6254
42423.949,9468,6254
42432.783,9469,6254
42461.253,9470,6254
42487.083,9471,6254
42505.865,9472,6254
42506.868,9473,6254
42507.554,9474,6254
42515.229,9475,6254
42521.519,9476,6254
42526.323,9477,6254
42558.672,9478,6254
42558.866,9479,6254
42559.432,9480,6254
42561.564,9481,6254
42562.2,9482,6254
42626.941,9483,6254
42628.087,9484,6254
42628.144,9485,6254
42628.941,9486,6254
42629.154,9487,6254
42632.601,9488,6254
42643.957,9489,6254
42644.068,9490,6254
42651.269,9491,6254
42708.492,9492,6254
42712.744,9493,6254
42747.192,9494,6254
42758.047,9495,6254
42762.156,9496,6254
42828.622,9497,6254
42875.974,9498,6254
42957.675,9499,6254
43025.508,9500,6254
43063.681,9501,6254
43063.724,9502,6254
43066.778,9503,6254
43080.185,9504,6254
43093.7,9505,6254
43134.615,9506,6254
43175.362,9507,6254
43177.365,9508,6254
43177.931,9509,6254
43183.075,9510,6254
43195.113,9511,6254
43224.271,9512,6254
43235.089,9513,6254
43240.196,9514,6254
43242.933,9515,6254
43243.355,9516,6254
43280.266,9517,6254
43314.954,9518,6254
43332.829,9519,6254
43333.911,9520,6254
43346.031,9521,6254
43371.544,9522,6254
43377.386,9523,6254
43398.464,9524,6254
43423.22,9525,6254
43438.484,9526,6254
43456.364,9527,6254
43512.318,9528,6254
43513.604,9529,6254
43514.197,9530,6254
43532.533,9531,6254
43533.189,9532,6254
43566.578,9533,6254
43633.83,9534,6254
43656.632,9535,6254
43661.175,9536,6254
43670.891,9537,6254
43689.879,9538,6254
43731.133,9539,6254
43739.737,9540,6254
43787.554,9541,6254
43804.472,9542,6254
43862.288,9543,6254
43864.472,9544,6254
43890.388,9545,6254
43898.764,9546,6254
43904.17,9547,6254
43905.376,9548,6254
43906.271,9549,6254
43920.249,9550,6254
43988.893,9551,6254
43991.208,9552,6254
43994.845,9553,6254
44009.857,9554,6254
44058.06,9555,6254
44072.686,9556,6254
44104.894,9557,6254
44105.956,9558,6254
44165.485,9559,6254
44175.993,9560,6254
44176.112,9561,6254
44196.996,9562,6254
44199.172,9563,6254
44199.259,9564,6254
44200.739,9565,6254
44203.703,9566,6254
44208.794,9567,6254
44216.017,9568,6254
44228.253,9569,6254
44240.815,9570,6254
44285.597,9571,6254
44285.788,9572,6254
44286.069,9573,6254
44287.232,9574,6254
44290.009,9575,6254
44315.225,9576,6254
44360.746,9577,6254
44362.496,9578,6254
44379.147,9579,6254
44403.623,9580,6254
44403.752,9581,6254
44405.546,9582,6254
44408.719,9583,6254
44506.694,9584,6254
44575.52,9585,6254
44582.567,9586,6254
44683.543,9587,6254
44747.955,9588,6254
44788.949,9589,6254
44927.924,9590,6254
44928.021,9591,6254
44928.124,9592,6254
44933.544,9593,6254
44935.527,9594,6254
45034.961,9595,6254
45115.758,9596,6254
45141.254,9597,6254
45189.394,9598,6254
45219.004,9599,6254
45220.356,9600,6254
45220.415,9601,6254
45223.837,9602,6254
45246.434,9603,6254
45254.783,9604,6254
45256.098,9605,6254
45442.709,9606,6254
45520.799,9607,6254
45520.863,9608,6254
45533.918,9609,6254
45566.492,9610,6254
45714.856,9611,6254
45731.041,9612,6254
45731.093,9613,6254
45787.029,9614,6254
45848.754,9615,6254
45894.224,9616,6254
45909.167,9617,6254
45922.029,9618,6254
45931.899,9619,6254
45933.781,9620,6254
45944.858,9621,6254
45970.692,9622,6254
45984.214,9623,6254
46005.022,9624,6254
46109.047,9625,6254
46115.082,9626,6254
46208.664,9627,6254
46208.765,9628,6254
46210.503,9629,6254
46216.497,9630,6254
46222.096,9631,6254
46251.324,9632,6254
46342.218,9633,6254
46398.527,9634,6254
46486.446,9635,6254
46509.402,9636,6254
46511.22,9637,6254
46533.965,9638,6254
46543.043,9639,6254
46560.38,9640,6254
46585.394,9641,6254
46585.439,9642,6254
46587.828,9643,6254
46588.539,9644,6254
46590.434,9645,6254
46593.581,9646,6254
46594.071,9647,6254
46600.697,9648,6254
46606.573,9649,6254
46607.581,9650,6254
46726.52,9651,6254
46727.001,9652,6254
46739.207,9653,6254
46740.844,9654,6254
46757.309,9655,6254
46757.385,9656,6254
46757.516,9657,6254
46782.095,9658,6254
46782.108,9659,6254
46798.467,9660,6254
46799.398,9661,6254
46802.946,9662,6254
46847.605,9663,6254
46884.272,9664,6254
46896.828,9665,6254
47027.164,9666,6254
47042.999,9667,6254
47045.095,9668,6254
47049.298,9669,6254
47116.263,9670,6254
47176.34,9671,6254
47189.196,9672,6254
47234.622,9673,6254
47304.88,9674,6254
47337.588,9675,6254
47343.336,9676,6254
47374.648,9677,6254
47424.227,9678,6254
47461.026,9679,6254
47479.96,9680,6254
47480.279,9681,6254
47486.12,9682,6254
47491.653,9683,6254
47499.481,9684,6254
47501.84,9685,6254
47574.129,9686,6254
47725.568,9687,6254
47727.28,9688,6254
47740.601,9689,6254
47740.677,9690,6254
47741.797,9691,6254
47741.855,9692,6254
47742.08,9693,6254
47749.205,9694,6254
47774.558,9695,6254
47774.629,9696,6254
47775.166,9697,6254
47831.473,9698,6254
47897.568,9699,6254
47903.529,9700,6254
47906.565,9701,6254
47937.945,9702,6254
48038.776,9703,6254
48039.079,9704,6254
48041.456,9705,6254
48042.94,9706,6254
48049.058,9707,6254
48057.026,9708,6254
48064.11,9709,6254
48074.835,9710,6254
48082.15,9711,6254
48121.224,9712,6254
48154.861,9713,6254
48173.367,9714,6254
48192.943,9715,6254
48229.963,9716,6255
48278.049,9717,6255
48302.711,9718,6255
48303.331,9719,6255
48328.414,9720,6255
48362.432,9721,6255
48460.038,9722,6255
48520.646,9723,6255
48529.919,9724,6255
48529.945,9725,6255
48565.019,9726,6255
48565.87,9727,6255
48568.171,9728,6255
48568.22,9729,6255
48580.081,9730,6255
48598.871,9731,6255
48599.688,9732,6255
48644.221,9733,6255
48694.167,9734,6255
48761.131,9735,6255
48761.462,9736,6255
48784.131,9737,6255
48784.171,9738,6255
48789.798,9739,6255
48804.981,9740,6255
48867.407,9741,6255
49037.97,9742,6255
49040.188,9743,6255
49040.698,9744,6255
49067.674,9745,6255
49142.663,9746,6255
49160.548,9747,6255
49161.996,9748,6255
49184.625,9749,6255
49230.484,9750,6255
49230.556,9751,6255
49231.163,9752,6255
49231.978,9753,6255
49232.639,9754,6255
49294.706,9755,6255
49294.838,9756,6255
49339.307,9757,6255
49362.442,9758,6255
49379.8,9759,6255
49425.527,9760,6255
49451.826,9761,6255
49462.353,9762,6255
49463.471,9763,6255
49586.828,9764,6255
49586.923,9765,6255
49596.971,9766,6255
49610.3,9767,6255
49731.648,9768,6255
49781.139,9769,6255
49977.465,9770,6255
50100.438,9771,6255
50103.072,9772,6255
50185.542,9773,6255
50240.688,9774,6255
50325.163,9775,6255
50330.034,9776,6255
50330.457,9777,6255
50330.733,9778,6255
50331.485,9779,6255
50335.908,9780,6255
50364.536,9781,6255
50387.126,9782,6255
50420.897,9783,6255
50424.874,9784,6255
50425.223,9785,6255
50455.828,9786,6255
50463.413,9787,6255
50500.783,9788,6255
50508.958,9789,6255
50509.96,9790,6255
50510.996,9791,6255
50545.051,9792,6255
50546.902,9793,6255
50561.266,9794,6255
50600.232,9795,6255
50648.74,9796,6255
50684.543,9797,6255
50753.336,9798,6255
50754.152,9799,6255
50756.207,9800,6255
50784.033,9801,6255
50800.272,9802,6255
50848.149,9803,6255
50931.424,9804,6255
50931.533,9805,6255
50932.791,9806,6255
50934.173,9807,6255
50935.536,9808,6255
50953.218,9809,6255
50957.533,9810,6255
51014.71,9811,6255
51033.182,9812,6255
51148.378,9813,6255
51193.01,9814,6255
51196.918,9815,6255
51200.19,9816,6255
51243.119,9817,6255
51299.025,9818,6255
51326.479,9819,6255
51337.097,9820,6255
51401.63,9821,6255
51485.733,9822,6255
51491.8,9823,6255
51538.255,9824,6255
51565.532,9825,6255
51565.787,9826,6255
51566.104,9827,6255
51573.72,9828,6255
51724.776,9829,6255
51725.504,9830,6255
51753.92,9831,6255
51855.829,9832,6255
51910.436,9833,6255
51917.011,9834,6255
51921.091,9835,6255
51921.123,9836,6255
51925.842,9837,6255
51957.052,9838,6255
51957.197,9839,6255
51957.275,9840,6255
51957.927,9841,6255
51958.026,9842,6255
51959.493,9843,6255
52116.235,9844,6255
52116.39,9845,6255
52116.742,9846,6255
52118.276,9847,6255
52118.461,9848,6255
52123.53,9849,6255
52179.402,9850,6255
52335.864,9851,6255
52384.469,9852,6255
52419.264,9853,6255
52434.309,9854,6255
52472.904,9855,6255
52473.828,9856,6255
52514.561,9857,6255
52581.191,9858,6255
52595.843,9859,6255
52621.501,9860,6255
52622.743,9861,6255
52708.686,9862,6255
52762.548,9863,6255
52764.518,9864,6255
52806.315,9865,6255
52854.84,9866,6255
52854.882,9867,6255
52854.892,9868,6255
52854.939,9869,6255
52856.241,9870,6255
52858.78,9871,6255
52859.309,9872,6255
52866.028,9873,6255
52879.825,9874,6255
52897.268,9875,6255
52898.89,9876,6255
52914.523,9877,6255
52933.208,9878,6255
52958.525,9879,6255
53028.753,9880,6255
53086.902,9881,6255
53311.62,9882,6255
53311.756,9883,6255
53324.293,9884,6255
53372.753,9885,6255
53374.712,9886,6255
53389.902,9887,6255
53392.216,9888,6255
53392.243,9889,6255
53397.828,9890,6255
53398.12,9891,6255
53411.839,9892,6255
53485.819,9893,6255
53486.646,9894,6255
53540.709,9895,6255
53570.244,9896,6255
53598.434,9897,6255
53598.649,9898,6255
53600.181,9899,6255
53669.331,9900,6255
53681.033,9901,6255
53718.41,9902,6255
53768.158,9903,6255
53836.279,9904,6255
53859.424,9905,6255
53990.399,9906,6255
54021.556,9907,6255
54079.867,9908,6255
54137.382,9909,6255
54149.234,9910,6255
54180.778,9911,6255
54219.75,9912,6255
54238.546,9913,6255
54291.819,9914,6255
54295.032,9915,6255
54315.775,9916,6255
54371.566,9917,6255
54430.917,9918,6255
54499.744,9919,6255
54521.048,9920,6255
54530.038,9921,6255
54534.498,9922,6255
54576.882,9923,6255
54577.206,9924,6255
54577.79,9925,6255
54679.198,9926,6255
54679.331,9927,6255
54681.93,9928,6255
54744.747,9929,6255
54745.688,9930,6255
54748.695,9931,6255
54880.604,9932,6255
54880.809,9933,6255
54904.934,9934,6255
54908.268,9935,6255
54912.421,9936,6255
54921.256,9937,6255
54937.673,9938,6255
54991.599,9939,6255
55047.015,9940,6255
55072.604,9941,6255
55096.648,9942,6255
55104.886,9943,6255
55105.137,9944,6255
55303.454,9945,6255
55395.085,9946,6255
55395.504,9947,6255
55397.274,9948,6255
55399.02,9949,6255
55408.146,9950,6255
55570.327,9951,6255
55570.384,9952,6255
55570.592,9953,6255
55590.328,9954,6255
55657.667,9955,6255
55731.263,9956,6255
55731.623,9957,6255
55821.751,9958,6255
55853.851,9959,6255
55921.691,9960,6255
55945.889,9961,6255
56094.816,9962,6255
56204.848,9963,6255
56218.462,9964,6256
56219.03,9965,6256
56247.709,9966,6256
56391.762,9967,6256
56403.773,9968,6256
56432.741,9969,6256
56434.339,9970,6256
56434.896,9971,6256
56436.579,9972,6256
56439.564,9973,6256
56439.678,9974,6256
56447.336,9975,6256
56449.504,9976,6256
56453.344,9977,6256
56505.409,9978,6256
56522.015,9979,6256
56542.921,9980,6256
56593.635,9981,6256
56620.288,9982,6256
56620.364,9983,6256
56620.423,9984,6256
56620.843,9985,6256
56622.062,9986,6256
56638.183,9987,6256
56638.36,9988,6256
56757.263,9989,6256
56766.181,9990,6256
56800.443,9991,6256
56817.337,9992,6256
56817.995,9993,6256
56818.95,9994,6256
56820.123,9995,6256
56823.449,9996,6256
56828.57,9997,6256
56832.533,9998,6256
56882.191,9999,6256
57085.328,10000,6256
57149.666,10001,6256
57159.296,10002,6256
57184.733,10003,6256
57234.073,10004,6256
57234.127,10005,6256
57234.207,10006,6256
57234.441,10007,6256
57234.605,10008,6256
57235.336,10009,6256
57235.562,10010,6256
57235.602,10011,6256
57237.008,10012,6256
57257.734,10013,6256
57305.538,10014,6256
57305.61,10015,6256
57305.673,10016,6256
57306.934,10017,6256
57349.327,10018,6256
57375.39,10019,6256
57388.598,10020,6256
57409.801,10021,6256
57444.341,10022,6256
57503.23,10023,6256
57516.788,10024,6256
57523.73,10025,6256
57572.982,10026,6256
57576.331,10027,6256
57577.336,10028,6256
57579.902,10029,6256
57589.277,10030,6256
57617.913,10031,6256
57674.734,10032,6256
57692.748,10033,6256
57719.02,10034,6256
57719.327,10035,6256
57746.759,10036,6256
57835.127,10037,6256
57868.853,10038,6256
57895.876,10039,6256
57986.007,10040,6256
58010.018,10041,6256
58080.227,10042,6256
58185.637,10043,6256
58185.647,10044,6256
58192.362,10045,6256
58245.27,10046,6256
58256.26,10047,6256
58311.675,10048,6256
58312.726,10049,6256
58325.267,10050,6256
58384.851,10051,6256
58396.941,10052,6256
58412.575,10053,6256
58428.113,10054,6256
58437.599,10055,6256
58507.898,10056,6256
58508.072,10057,6256
58512.87,10058,6256
58567.466,10059,6256
58567.528,10060,6256
58604.671,10061,6256
58627.388,10062,6256
58699.195,10063,6256
58768.173,10064,6256
58770.159,10065,6256
58863.435,10066,6256
58899.464,10067,6256
58956.931,10068,6256
59043.557,10069,6256
59045.22,10070,6256
59094.732,10071,6256
59104.722,10072,6256
59132.907,10073,6256
59133.003,10074,6256
59133.028,10075,6256
59133.626,10076,6256
59134.864,10077,6256
59134.978,10078,6256
59137.831,10079,6256
59147.917,10080,6256
59163.325,10081,6256
59205.747,10082,6256
59315.898,10083,6256
59343.525,10084,6256
59376.741,10085,6256
59429.176,10086,6256
59521.673,10087,6256
59572.346,10088,6256
59592.142,10089,6256
59646.211,10090,6256
59688.126,10091,6256
59689.514,10092,6256
59761.356,10093,6256
59872.311,10094,6256
59929.899,10095,6256
59930.1,10096,6256
59930.321,10097,6256
59935.263,10098,6256
59935.811,10099,6256
60090.448,10100,6256
60101.284,10101,6256
60135.467,10102,6256
60223.625,10103,6256
60224.185,10104,6256
60280.853,10105,6256
60289.185,10106,6256
60289.423,10107,6256
60363.291,10108,6256
60366.875,10109,6256
60390.719,10110,6256
60428.339,10111,6256
60444.58,10112,6256
60509.611,10113,6256
60512.795,10114,6256
60536.064,10115,6256
60538.295,10116,6256
60545.423,10117,6256
60546.651,10118,6256
60546.674,10119,6256
60547.082,10120,6256
60552.128,10121,6256
60558.356,10122,6256
60567.41,10123,6256
60570.247,10124,6256
60733.087,10125,6256
60746.979,10126,6256
60747.98,10127,6256
60811.489,10128,6256
61028.148,10129,6256
61100.127,10130,6256
61111.596,10131,6256
61276.847,10132,6256
61354.818,10133,6256
61478.974,10134,6256
61527.179,10135,6256
61685.483,10136,6256
61874.593,10137,6256
61874.696,10138,6256
61875.558,10139,6256
61913.347,10140,6256
61931.695,10141,6256
61934.914,10142,6256
62029.98,10143,6256
62072.404,10144,6256
62148.575,10145,6256
62171.112,10146,6256
62171.735,10147,6256
62171.908,10148,6256
62186.484,10149,6256
62202.003,10150,6256
62210.01,10151,6256
62229.443,10152,6256
62266.662,10153,6256
62361.766,10154,6256
62387.908,10155,6256
62481.811,10156,6256
62489.15,10157,6256
62637.904,10158,6256
62651.928,10159,6256
62766.773,10160,6256
62767.772,10161,6256
62804.988,10162,6256
62829.559,10163,6256
62851.02,10164,6256
63239.106,10165,6256
63306.598,10166,6256
63325.839,10167,6256
63328.227,10168,6256
63359.046,10169,6256
63373.882,10170,6256
63447.664,10171,6256
63449.835,10172,6256
63465.089,10173,6256
63474.0,10174,6256
63479.504,10175,6256
63483.284,10176,6256
63488.238,10177,6256
63627.655,10178,6256
63630.481,10179,6256
63632.837,10180,6256
63696.17,10181,6256
63854.327,10182,6256
63895.947,10183,6256
63977.664,10184,6256
63977.671,10185,6256
64113.67,10186,6256
64189.477,10187,6256
64262.869,10188,6256
64383.977,10189,6256
64384.302,10190,6256
64427.844,10191,6256
64547.14,10192,6256
64656.721,10193,6256
64658.423,10194,6256
64704.168,10195,6256
64704.285,10196,6256
64707.318,10197,6256
64863.01,10198,6256
64863.39,10199,6256
64863.638,10200,6256
64925.675,10201,6256
64925.798,10202,6256
64926.039,10203,6256
64948.152,10204,6256
64948.7,10205,6256
64949.495,10206,6256
64949.607,10207,6256
64950.546,10208,6256
64954.82,10209,6256
64959.141,10210,6256
64959.572,10211,6256
64964.326,10212,6256
64966.307,10213,6256
64968.834,10214,6256
64969.006,10215,6256
64995.528,10216,6256
64997.291,10217,6256
65006.779,10218,6256
65008.699,10219,6256
65021.669,10220,6256
65050.37,10221,6256
65053.127,10222,6256
65107.562,10223,6256
65107.738,10224,6256
65122.841,10225,6256
65152.099,10226,6256
65279.495,10227,6256
65350.059,10228,6256
65397.984,10229,6256
65484.866,10230,6256
65489.07,10231,6256
65594.838,10232,6256
65607.21,10233,6256
65609.098,10234,6256
65631.188,10235,6256
65877.939,10236,6256
65878.645,10237,6256
65879.159,10238,6256
65937.433,10239,6256
65938.526,10240,6256
65943.614,10241,6256
65948.472,10242,6256
66077.402,10243,6256
66078.507,10244,6256
66081.888,10245,6256
66089.741,10246,6256
66325.944,10247,6256
66361.059,10248,6256
66375.437,10249,6256
66377.421,10250,6256
66387.951,10251,6256
66472.276,10252,6256
66477.318,10253,6256
66522.161,10254,6256
66566.594,10255,6256
66767.556,10256,6256
66790.132,10257,6256
66799.401,10258,6256
66931.785,10259,6256
66933.366,10260,6256
66940.569,10261,6256
66942.434,10262,6256
66957.3,10263,6256
67004.339,10264,6256
67016.115,10265,6256
67032.374,10266,6256
67199.529,10267,6256
67476.535,10268,6256
67505.876,10269,6256
67526.482,10270,6256
67752.154,10271,6256
67788.358,10272,6256
67884.434,10273,6256
67922.326,10274,6256
67929.67,10275,6256
67930.085,10276,6256
67930.343,10277,6256
67964.553,10278,6256
67964.558,10279,6256
68009.889,10280,6256
68080.705,10281,6256
68089.568,10282,6256
68089.763,10283,6256
68097.046,10284,6256
68141.364,10285,6256
68157.031,10286,6256
68251.915,10287,6256
68275.814,10288,6256
68311.531,10289,6256
68312.237,10290,6256
68312.312,10291,6256
68312.852,10292,6256
68317.005,10293,6256
68355.929,10294,6256
68356.837,10295,6256
68367.159,10296,6256
68372.346,10297,6256
68407.204,10298,6256
68440.862,10299,6256
68461.04,10300,6256
68464.959,10301,6256
68602.835,10302,6256
68670.62,10303,6256
68677.054,10304,6256
68689.799,10305,6256
68829.552,10306,6256
68868.718,10307,6256
68955.805,10308,6256
69105.238,10309,6256
69148.623,10310,6256
69243.283,10311,6256
69332.598,10312,6256
69443.311,10313,6256
69448.316,10314,6256
69639.917,10315,6256
69884.351,10316,6256
70179.289,10317,6256
70273.655,10318,6256
70292.605,10319,6256
70318.657,10320,6256
70373.823,10321,6256
70422.942,10322,6256
70431.391,10323,6256
70431.601,10324,6256
70595.744,10325,6256
70621.554,10326,6256
70621.857,10327,6256
70622.576,10328,6256
70898.541,10329,6256
71194.228,10330,6256
71365.661,10331,6256
71410.062,10332,6256
71566.757,10333,6256
71756.496,10334,6257
71770.716,10335,6257
71770.781,10336,6257
71777.242,10337,6257
71777.928,10338,6257
71777.946,10339,6257
71798.883,10340,6257
72135.002,10341,6257
72148.123,10342,6257
72224.2,10343,6257
72224.26,10344,6257
72318.838,10345,6257
72327.629,10346,6257
72537.725,10347,6257
72740.623,10348,6257
72786.332,10349,6257
72888.762,10350,6257
72944.055,10351,6257
73136.453,10352,6257
73256.215,10353,6257
73350.257,10354,6257
73386.936,10355,6257
73645.475,10356,6257
73765.746,10357,6257
73765.848,10358,6257
73822.394,10359,6257
73822.658,10360,6257
73833.23,10361,6257
73952.506,10362,6257
73970.055,10363,6257
74011.298,10364,6257
74177.643,10365,6257
74208.198,10366,6257
74469.131,10367,6257
74498.759,10368,6257
74582.37,10369,6257
74630.523,10370,6257
74645.334,10371,6257
74742.38,10372,6257
74743.091,10373,6257
74849.93,10374,6257
74992.03,10375,6257
75087.219,10376,6257
75200.924,10377,6257
75255.155,10378,6257
75266.493,10379,6257
75348.219,10380,6257
75374.47,10381,6257
75375.602,10382,6257
75441.061,10383,6257
75442.488,10384,6257
75442.839,10385,6257
75606.145,10386,6257
75789.588,10387,6257
75944.066,10388,6257
76034.993,10389,6257
76147.786,10390,6257
76294.38,10391,6257
76316.093,10392,6257
76316.511,10393,6257
76319.234,10394,6257
76327.658,10395,6257
76328.25,10396,6257
76514.994,10397,6257
76618.831,10398,6257
76624.334,10399,6257
76647.7,10400,6257
76647.809,10401,6257
76670.759,10402,6257
76848.43,10403,6257
76851.983,10404,6257
76969.868,10405,6257
76983.356,10406,6257
77127.707,10407,6257
77128.381,10408,6257
77157.178,10409,6257
77299.958,10410,6257
77576.889,10411,6257
77630.32,10412,6257
77697.579,10413,6257
77712.711,10414,6257
77775.025,10415,6257
77863.261,10416,6257
77863.303,10417,6257
77879.018,10418,6257
77924.83,10419,6257
78223.533,10420,6257
78433.806,10421,6257
78523.168,10422,6257
78641.2,10423,6257
78704.921,10424,6257
78727.85,10425,6257
78749.904,10426,6257
78857.714,10427,6257
78911.862,10428,6257
78996.032,10429,6257
79016.9,10430,6257
79161.378,10431,6257
79196.666,10432,6257
79283.973,10433,6257
79289.267,10434,6257
79668.382,10435,6257
79968.865,10436,6257
79993.386,10437,6257
79995.518,10438,6257
79999.083,10439,6257
80000.898,10440,6257
80054.385,10441,6257
80058.607,10442,6257
80223.484,10443,6257
80511.459,10444,6257
80528.516,10445,6257
80730.193,10446,6257
81054.149,10447,6257
81102.758,10448,6257
81261.346,10449,6257
81309.222,10450,6257
81493.805,10451,6257
81506.197,10452,6257
81704.151,10453,6257
81704.283,10454,6257
81705.353,10455,6257
81891.823,10456,6257
81979.613,10457,6257
81986.075,10458,6257
82013.793,10459,6257
82092.991,10460,6257
82457.141,10461,6257
82519.194,10462,6257
82633.067,10463,6257
82706.196,10464,6257
82856.444,10465,6257
82882.739,10466,6257
83038.846,10467,6257
83549.884,10468,6257
83646.675,10469,6257
83989.177,10470,6257
84137.264,10471,6257
84145.447,10472,6257
84288.158,10473,6257
84669.313,10474,6257
85256.417,10475,6257
85558.603,10476,6257
85603.732,10477,6257
85716.335,10478,6257
