time_s,inputs,cumulative_edges
0.0,1,153
0.002,2,158
0.006,3,162
0.01,4,165
0.012,5,166
0.015,6,166
0.02,7,166
0.023,8,166
0.027,9,168
0.031,10,168
0.034,11,168
0.038,12,168
0.042,13,168
0.045,14,169
0.049,15,175
0.053,16,175
0.056,17,177
0.061,18,177
0.088,19,182
0.111,20,182
0.122,21,182
0.129,22,182
0.17,23,182
0.192,24,182
0.196,25,182
0.202,26,182
0.214,27,182
0.298,28,182
0.32,29,183
0.341,30,226
0.39,31,226
0.399,32,226
0.402,33,268
0.487,34,268
0.533,35,269
0.571,36,274
0.583,37,275
0.612,38,275
0.637,39,275
0.664,40,277
0.67,41,277
0.697,42,277
0.715,43,277
0.738,44,277
0.742,45,278
0.768,46,278
0.819,47,278
0.846,48,278
0.921,49,278
0.93,50,279
1.001,51,279
1.007,52,279
1.08,53,279
1.104,54,280
1.233,55,280
1.243,56,280
1.28,57,280
1.288,58,280
1.295,59,280
1.333,60,280
1.34,61,282
1.435,62,282
1.484,63,283
1.52,64,283
1.533,65,283
1.584,66,283
1.622,67,283
1.625,68,283
1.675,69,283
1.708,70,300
1.758,71,301
1.808,72,301
1.839,73,313
1.86,74,313
1.915,75,313
1.947,76,314
1.987,77,314
2.123,78,314
2.15,79,314
2.246,80,314
2.312,81,314
2.374,82,314
2.404,83,314
2.411,84,315
2.448,85,315
2.598,86,315
2.705,87,316
2.715,88,318
2.72,89,318
2.789,90,320
2.834,91,320
2.952,92,320
2.958,93,320
3.002,94,320
3.026,95,321
3.044,96,322
3.141,97,326
3.158,98,326
3.349,99,326
3.356,100,326
3.368,101,327
3.438,102,327
3.626,103,327
3.666,104,327
4.029,105,328
4.098,106,328
4.283,107,328
4.323,108,328
4.412,109,328
4.659,110,329
4.681,111,341
4.71,112,341
4.792,113,349
4.879,114,351
4.902,115,352
4.999,116,352
5.143,117,352
5.161,118,352
5.215,119,352
5.296,120,352
5.68,121,352
5.865,122,353
5.965,123,353
6.014,124,353
6.022,125,354
6.122,126,355
6.21,127,356
6.476,128,357
6.679,129,358
6.692,130,358
7.076,131,358
7.113,132,358
7.493,133,359
7.661,134,360
7.67,135,360
7.913,136,360
7.92,137,360
7.97,138,360
7.979,139,360
7.984,140,360
8.04,141,360
8.124,142,360
8.137,143,360
8.147,144,360
8.156,145,360
8.172,146,360
8.176,147,360
8.18,148,361
8.184,149,365
8.189,150,365
8.23,151,365
8.275,152,370
8.311,153,370
8.325,154,370
8.345,155,370
8.353,156,370
8.36,157,370
8.378,158,371
8.472,159,371
8.491,160,371
8.534,161,373
8.565,162,373
8.644,163,373
8.651,164,377
8.675,165,378
8.682,166,378
8.728,167,380
8.825,168,380
8.914,169,380
8.938,170,381
9.076,171,381
9.125,172,381
9.217,173,383
9.272,174,383
9.438,175,384
9.5,176,386
9.637,177,386
9.782,178,386
9.844,179,386
9.858,180,386
10.15,181,386
10.18,182,386
10.229,183,387
10.328,184,387
10.428,185,388
10.517,186,388
10.521,187,388
10.572,188,389
10.66,189,389
10.896,190,389
11.06,191,389
11.542,192,389
11.723,193,389
11.731,194,389
11.761,195,390
12.283,196,390
12.716,197,390
12.817,198,390
13.187,199,390
13.38,200,390
13.558,201,391
13.755,202,391
13.85,203,391
13.884,204,392
14.286,205,392
14.467,206,392
14.504,207,392
14.818,208,392
15.238,209,392
15.414,210,392
15.54,211,392
15.602,212,392
16.012,213,392
16.149,214,392
16.195,215,392
16.201,216,392
16.204,217,392
16.263,218,392
16.572,219,392
16.75,220,392
17.128,221,392
17.566,222,392
17.848,223,392
18.092,224,392
19.034,225,396
20.797,226,396
22.434,227,396
23.586,228,396
23.679,229,396
24.237,230,396
24.25,231,396
24.326,232,396
24.356,233,396
24.386,234,396
24.418,235,396
24.541,236,396
24.556,237,396
24.566,238,396
24.571,239,396
24.589,240,402
24.63,241,402
24.633,242,402
24.637,243,402
24.71,244,403
24.746,245,403
24.857,246,403
24.928,247,456
25.307,248,456
25.74,249,456
25.853,250,456
25.875,251,456
26.0,252,456
26.022,253,456
26.259,254,456
26.337,255,456
26.371,256,456
26.498,257,456
26.508,258,456
26.983,259,459
27.322,260,459
27.392,261,459
27.399,262,465
27.481,263,465
27.505,264,467
27.67,265,469
27.841,266,469
27.87,267,469
27.897,268,469
28.037,269,469
28.081,270,472
28.22,271,472
28.401,272,472
28.435,273,485
28.456,274,485
28.677,275,487
28.928,276,488
29.08,277,489
29.241,278,498
29.323,279,499
29.37,280,499
29.485,281,499
29.564,282,500
29.719,283,504
29.963,284,504
30.012,285,504
30.681,286,504
30.837,287,504
30.902,288,504
31.103,289,504
31.44,290,505
31.504,291,505
31.586,292,505
31.654,293,505
32.045,294,506
32.171,295,507
32.364,296,507
32.409,297,507
32.64,298,508
32.664,299,508
32.678,300,508
32.78,301,508
32.944,302,508
32.994,303,508
33.072,304,508
33.239,305,509
33.705,306,509
33.888,307,509
33.958,308,509
34.04,309,509
34.082,310,509
34.173,311,516
34.241,312,516
34.281,313,516
34.521,314,516
34.93,315,517
34.949,316,517
34.969,317,517
35.062,318,517
35.146,319,522
35.178,320,525
35.185,321,525
35.51,322,525
35.775,323,528
36.658,324,528
36.976,325,528
37.22,326,528
37.27,327,528
37.4,328,529
37.655,329,529
37.713,330,529
38.257,331,531
38.339,332,531
38.527,333,531
38.618,334,531
38.697,335,531
38.932,336,531
38.959,337,531
39.156,338,531
39.203,339,531
39.331,340,532
39.676,341,532
39.755,342,532
40.143,343,533
40.146,344,533
40.148,345,533
40.156,346,533
40.162,347,533
40.179,348,534
40.485,349,537
40.541,350,538
40.546,351,539
40.564,352,540
40.579,353,540
40.6,354,546
40.604,355,546
40.611,356,547
40.624,357,547
40.689,358,548
40.721,359,548
40.76,360,548
40.771,361,549
40.799,362,550
40.852,363,550
40.907,364,551
41.008,365,552
41.083,366,552
41.135,367,552
41.143,368,552
41.303,369,552
41.391,370,552
41.397,371,553
41.491,372,554
41.564,373,555
41.581,374,556
41.727,375,556
41.749,376,557
41.824,377,558
41.911,378,559
41.938,379,568
41.976,380,569
42.142,381,570
42.146,382,570
42.233,383,570
42.276,384,571
42.348,385,572
42.354,386,572
42.398,387,572
42.412,388,572
42.489,389,572
42.582,390,572
42.589,391,573
42.595,392,574
42.691,393,575
42.876,394,576
42.968,395,576
42.979,396,576
43.009,397,576
43.234,398,577
43.364,399,577
44.077,400,577
44.218,401,578
44.524,402,578
45.105,403,578
45.32,404,578
45.812,405,578
46.091,406,583
46.235,407,584
46.428,408,586
46.599,409,586
46.656,410,586
46.735,411,586
46.753,412,586
46.793,413,589
47.091,414,591
47.219,415,591
47.414,416,591
47.692,417,592
47.783,418,592
48.211,419,592
48.241,420,592
48.326,421,592
48.364,422,592
48.736,423,592
48.867,424,592
49.18,425,592
49.401,426,594
49.737,427,594
50.226,428,595
50.598,429,595
52.041,430,595
53.237,431,595
54.065,432,595
56.756,433,596
57.002,434,596
57.008,435,596
58.662,436,596
59.519,437,596
59.883,438,596
59.981,439,598
60.002,440,598
60.059,441,598
60.165,442,598
60.187,443,598
60.252,444,598
60.569,445,599
60.662,446,599
61.42,447,600
61.897,448,600
62.12,449,600
62.356,450,600
62.487,451,600
62.732,452,600
62.785,453,601
63.103,454,601
64.082,455,601
64.187,456,601
64.523,457,602
64.742,458,602
65.554,459,602
65.563,460,602
65.95,461,602
66.299,462,602
66.373,463,603
66.421,464,603
66.496,465,603
67.41,466,603
67.573,467,603
68.391,468,603
68.615,469,604
68.62,470,605
68.625,471,606
68.675,472,606
68.895,473,606
68.92,474,606
68.932,475,606
68.958,476,606
69.123,477,606
69.268,478,606
69.363,479,606
69.366,480,607
69.53,481,607
69.823,482,607
70.018,483,607
70.036,484,607
70.086,485,607
70.181,486,608
70.308,487,608
71.247,488,608
71.656,489,608
72.177,490,608
72.375,491,608
72.401,492,608
72.431,493,608
72.521,494,608
72.542,495,609
72.656,496,610
72.879,497,610
73.112,498,610
73.181,499,610
73.184,500,610
73.203,501,610
73.222,502,610
73.242,503,611
73.287,504,611
73.303,505,611
73.441,506,611
73.458,507,611
73.663,508,611
75.081,509,611
75.164,510,611
75.615,511,611
76.363,512,611
77.111,513,611
78.769,514,611
79.093,515,611
80.398,516,611
80.412,517,611
82.652,518,611
82.989,519,611
86.739,520,611
90.597,521,611
90.603,522,611
90.615,523,611
90.656,524,611
90.678,525,611
90.685,526,611
90.714,527,611
90.937,528,611
91.129,529,611
91.333,530,611
91.405,531,611
91.506,532,611
91.563,533,611
91.903,534,611
92.648,535,611
92.889,536,611
92.977,537,611
93.797,538,611
94.459,539,611
94.466,540,612
94.474,541,612
94.482,542,614
94.519,543,615
94.658,544,616
94.747,545,616
95.377,546,616
96.262,547,616
96.43,548,616
96.695,549,616
98.129,550,616
98.873,551,616
99.365,552,616
99.723,553,616
99.911,554,616
100.711,555,616
100.891,556,616
101.469,557,616
101.643,558,616
101.776,559,616
102.016,560,616
103.198,561,616
103.493,562,616
103.644,563,616
103.837,564,616
104.7,565,616
105.045,566,616
105.315,567,616
105.558,568,616
105.833,569,616
106.019,570,617
106.123,571,617
106.363,572,617
106.635,573,617
106.821,574,617
107.181,575,617
107.937,576,617
108.638,577,618
108.655,578,619
108.66,579,619
108.821,580,619
108.883,581,619
108.955,582,620
109.137,583,620
109.446,584,634
109.849,585,634
110.15,586,634
110.237,587,634
110.421,588,634
110.468,589,634
110.764,590,634
111.578,591,634
112.149,592,634
112.763,593,634
114.11,594,636
115.217,595,636
116.467,596,636
116.476,597,636
116.479,598,636
116.493,599,636
116.515,600,636
116.521,601,636
116.529,602,636
116.546,603,636
116.563,604,636
116.599,605,636
116.625,606,636
116.634,607,636
116.687,608,636
116.743,609,636
116.8,610,636
116.872,611,636
117.382,612,636
117.655,613,636
118.067,614,636
118.114,615,636
118.13,616,636
118.45,617,636
118.807,618,636
119.059,619,636
119.296,620,636
119.534,621,636
120.385,622,638
123.06,623,638
124.606,624,638
125.302,625,638
125.686,626,638
126.011,627,638
126.535,628,638
127.764,629,638
127.867,630,638
128.415,631,638
128.438,632,638
128.481,633,638
129.339,634,638
130.88,635,638
131.832,636,638
132.111,637,638
135.928,638,638
135.959,639,639
136.296,640,639
136.474,641,639
137.028,642,639
137.062,643,639
137.687,644,639
139.245,645,639
139.509,646,639
139.988,647,639
140.007,648,639
140.077,649,639
140.131,650,639
140.271,651,639
140.433,652,639
140.771,653,639
141.753,654,639
141.966,655,639
142.999,656,639
143.279,657,1128
144.166,658,1129
144.365,659,1204
144.4,660,1313
144.409,661,1318
144.418,662,1318
144.442,663,1319
144.447,664,1320
144.449,665,1427
144.452,666,1428
144.534,667,1439
144.541,668,1440
144.551,669,1440
144.561,670,1441
144.575,671,1443
144.584,672,1503
144.589,673,1530
144.596,674,1530
144.609,675,1531
144.619,676,1586
144.625,677,1587
144.649,678,1587
144.675,679,1694
144.683,680,1696
144.69,681,1697
144.735,682,1697
144.749,683,1698
144.787,684,1699
144.81,685,1714
144.813,686,1715
144.827,687,1716
144.833,688,1716
144.846,689,1735
144.863,690,1735
144.895,691,1764
144.914,692,1791
144.918,693,1802
144.955,694,1874
144.986,695,1874
145.004,696,1876
145.031,697,1886
145.044,698,1899
145.062,699,1901
145.087,700,1902
145.139,701,1915
145.151,702,1915
145.177,703,1920
145.261,704,1947
145.278,705,1964
145.314,706,1965
145.32,707,1965
145.34,708,1974
145.347,709,1974
145.352,710,2009
145.366,711,2013
145.388,712,2053
145.479,713,2056
145.493,714,2056
145.55,715,2061
145.555,716,2069
145.571,717,2089
145.598,718,2089
145.654,719,2090
145.662,720,2091
145.673,721,2094
145.693,722,2095
145.729,723,2105
145.736,724,2105
145.79,725,2106
145.83,726,2106
145.847,727,2106
145.867,728,2107
145.884,729,2108
145.903,730,2108
145.92,731,2108
145.934,732,2155
145.963,733,2159
145.988,734,2159
145.995,735,2159
146.019,736,2159
146.089,737,2182
146.096,738,2184
146.136,739,2184
146.191,740,2224
146.216,741,2225
146.231,742,2226
146.279,743,2232
146.313,744,2236
146.334,745,2236
146.397,746,2236
146.418,747,2237
146.437,748,2247
146.446,749,2247
146.563,750,2267
146.571,751,2267
146.609,752,2267
146.626,753,2267
146.639,754,2273
146.647,755,2273
146.705,756,2274
146.736,757,2275
146.783,758,2275
146.825,759,2277
146.846,760,2277
146.877,761,2277
146.937,762,2277
146.95,763,2277
146.986,764,2280
147.117,765,2280
147.131,766,2280
147.137,767,2280
147.152,768,2287
147.33,769,2292
147.372,770,2292
147.419,771,2303
147.64,772,2303
147.733,773,2307
147.952,774,2307
147.976,775,2321
148.013,776,2321
148.059,777,2325
148.161,778,2335
148.169,779,2337
148.408,780,2337
148.597,781,2339
148.762,782,2339
148.852,783,2339
148.951,784,2356
148.991,785,2360
149.04,786,2363
149.17,787,2364
149.255,788,2370
149.29,789,2373
149.32,790,2373
149.361,791,2377
149.434,792,2417
149.465,793,2422
149.717,794,2425
149.771,795,2427
149.881,796,2427
149.919,797,2427
149.974,798,2428
150.17,799,2428
150.231,800,2428
150.254,801,2432
150.359,802,2432
150.413,803,2434
150.472,804,2434
150.479,805,2435
150.533,806,2438
150.61,807,2439
150.672,808,2440
150.722,809,2441
150.98,810,2441
151.185,811,2442
151.195,812,2442
151.585,813,2445
151.67,814,2448
151.677,815,2448
151.792,816,2448
151.813,817,2448
151.973,818,2449
152.029,819,2449
152.076,820,2449
152.39,821,2450
152.676,822,2452
152.746,823,2452
152.94,824,2453
153.128,825,2465
153.159,826,2465
153.189,827,2473
153.267,828,2474
153.309,829,2492
153.34,830,2504
153.366,831,2504
153.388,832,2504
153.395,833,2509
153.401,834,2511
153.431,835,2512
153.451,836,2512
153.491,837,2512
153.507,838,2512
153.515,839,2528
153.572,840,2528
153.627,841,2529
153.631,842,2530
153.792,843,2530
153.839,844,2540
154.075,845,2540
154.084,846,2541
154.089,847,2541
154.124,848,2542
154.172,849,2547
154.187,850,2550
154.46,851,2550
154.491,852,2553
154.545,853,2553
154.563,854,2553
154.584,855,2553
154.619,856,2554
154.79,857,2554
154.806,858,2556
154.855,859,2556
154.867,860,2556
154.896,861,2556
154.933,862,2556
155.004,863,2561
155.049,864,2561
155.087,865,2574
155.133,866,2574
155.144,867,2574
155.148,868,2575
155.168,869,2577
155.2,870,2577
155.241,871,2577
155.263,872,2577
155.282,873,2578
155.405,874,2578
155.425,875,2586
155.498,876,2586
155.575,877,2607
155.656,878,2608
155.767,879,2608
155.867,880,2608
155.882,881,2612
155.946,882,2631
155.991,883,2631
156.007,884,2633
156.029,885,2633
156.099,886,2633
156.252,887,2633
156.264,888,2633
156.272,889,2633
156.329,890,2633
156.342,891,2633
156.388,892,2637
156.458,893,2637
156.583,894,2637
156.675,895,2637
156.766,896,2637
156.827,897,2637
156.893,898,2637
156.906,899,2637
156.923,900,2642
156.962,901,2642
156.981,902,2643
157.034,903,2765
157.062,904,2765
157.104,905,2765
157.147,906,2765
157.181,907,2765
157.352,908,2766
157.366,909,2767
157.467,910,2767
157.542,911,2767
157.556,912,2767
157.632,913,2767
157.71,914,2767
157.723,915,2767
157.76,916,2767
157.835,917,2767
157.859,918,2768
158.053,919,2771
158.162,920,2771
158.238,921,2771
158.325,922,2771
158.332,923,2775
158.487,924,2776
158.541,925,2776
158.588,926,2776
158.592,927,2776
158.865,928,2776
158.885,929,2776
158.969,930,2776
158.985,931,2776
159.012,932,2777
159.023,933,2784
159.03,934,2784
159.075,935,2785
159.181,936,2785
159.257,937,2786
159.344,938,2786
159.459,939,2786
159.5,940,2786
159.525,941,2786
159.57,942,2794
159.643,943,2794
159.756,944,2794
159.992,945,2794
160.129,946,2795
160.194,947,2801
160.328,948,2846
160.446,949,2846
160.475,950,2846
160.531,951,2846
160.834,952,2847
160.857,953,2847
160.928,954,2847
161.069,955,2847
161.139,956,2847
161.208,957,2849
161.301,958,2849
161.307,959,2850
161.373,960,2851
161.386,961,2852
161.391,962,2852
161.419,963,2852
161.552,964,2852
161.577,965,2856
161.623,966,2856
161.627,967,2857
161.676,968,2857
161.776,969,2857
161.864,970,2857
161.881,971,2866
161.889,972,2866
162.071,973,2866
162.124,974,2975
162.157,975,2980
162.166,976,2980
162.171,977,2985
162.243,978,2986
162.39,979,2986
162.394,980,3001
162.502,981,3001
162.532,982,3001
162.577,983,3003
162.762,984,3004
162.775,985,3004
162.928,986,3005
163.099,987,3005
163.159,988,3005
163.223,989,3005
163.265,990,3005
163.299,991,3005
163.329,992,3005
163.392,993,3005
163.486,994,3035
163.497,995,3035
163.599,996,3035
163.61,997,3035
163.619,998,3035
163.686,999,3035
163.724,1000,3035
163.755,1001,3035
163.825,1002,3035
164.094,1003,3037
164.109,1004,3044
164.128,1005,3044
164.216,1006,3044
164.351,1007,3044
164.354,1008,3044
164.399,1009,3044
164.557,1010,3044
164.623,1011,3044
164.756,1012,3045
164.842,1013,3046
164.881,1014,3047
164.905,1015,3047
164.925,1016,3047
165.027,1017,3047
165.043,1018,3047
165.211,1019,3048
165.293,1020,3048
165.299,1021,3231
165.346,1022,3233
165.386,1023,3233
165.466,1024,3237
165.476,1025,3237
165.649,1026,3239
165.846,1027,3239
165.882,1028,3239
165.919,1029,3239
165.947,1030,3240
165.98,1031,3240
166.008,1032,3243
166.148,1033,3244
166.167,1034,3244
166.329,1035,3244
166.389,1036,3244
166.393,1037,3244
166.53,1038,3244
166.559,1039,3244
166.589,1040,3244
166.795,1041,3244
166.83,1042,3245
166.862,1043,3245
167.028,1044,3245
167.129,1045,3245
167.142,1046,3245
167.15,1047,3245
167.155,1048,3245
167.212,1049,3245
167.243,1050,3245
167.288,1051,3245
167.388,1052,3245
167.512,1053,3245
167.63,1054,3245
167.661,1055,3245
167.693,1056,3245
167.732,1057,3249
167.734,1058,3250
167.803,1059,3250
167.835,1060,3251
167.854,1061,3251
167.91,1062,3252
167.938,1063,3275
168.055,1064,3275
168.068,1065,3276
168.073,1066,3276
168.077,1067,3276
168.195,1068,3276
168.198,1069,3276
168.207,1070,3276
168.214,1071,3276
168.241,1072,3276
168.264,1073,3276
168.267,1074,3276
168.278,1075,3277
168.306,1076,3277
168.331,1077,3277
168.395,1078,3281
168.406,1079,3281
168.426,1080,3281
168.457,1081,3281
168.463,1082,3281
168.467,1083,3281
168.487,1084,3285
168.49,1085,3285
168.557,1086,3285
168.579,1087,3286
168.588,1088,3287
168.602,1089,3287
168.606,1090,3287
168.63,1091,3291
168.707,1092,3291
168.714,1093,3291
168.727,1094,3291
168.773,1095,3293
168.866,1096,3293
168.875,1097,3293
168.882,1098,3293
168.911,1099,3293
168.973,1100,3295
168.991,1101,3296
169.001,1102,3297
169.01,1103,3297
169.05,1104,3297
169.133,1105,3297
169.181,1106,3297
169.192,1107,3297
169.303,1108,3298
169.369,1109,3298
169.382,1110,3298
169.385,1111,3301
169.433,1112,3301
169.48,1113,3301
169.508,1114,3301
169.554,1115,3302
169.566,1116,3302
169.57,1117,3302
169.686,1118,3302
169.714,1119,3303
169.833,1120,3304
169.9,1121,3305
169.903,1122,3305
169.912,1123,3305
169.936,1124,3305
169.968,1125,3305
169.979,1126,3305
169.994,1127,3305
170.043,1128,3306
170.056,1129,3340
170.162,1130,3341
170.255,1131,3341
170.266,1132,3341
170.304,1133,3341
170.319,1134,3341
170.369,1135,3341
170.417,1136,3343
170.441,1137,3343
170.457,1138,3343
170.472,1139,3344
170.543,1140,3344
170.626,1141,3345
170.68,1142,3345
170.764,1143,3345
170.893,1144,3345
170.917,1145,3345
171.002,1146,3345
171.263,1147,3345
171.278,1148,3345
171.391,1149,3345
171.464,1150,3345
171.578,1151,3345
171.63,1152,3345
171.774,1153,3345
171.802,1154,3346
171.863,1155,3346
171.979,1156,3347
171.999,1157,3348
172.102,1158,3349
172.206,1159,3349
172.521,1160,3350
172.641,1161,3350
172.748,1162,3350
172.823,1163,3350
172.854,1164,3350
172.978,1165,3350
173.006,1166,3350
173.14,1167,3350
173.166,1168,3368
173.223,1169,3368
173.242,1170,3368
173.27,1171,3368
173.321,1172,3368
173.339,1173,3408
173.48,1174,3408
173.526,1175,3411
173.554,1176,3411
173.713,1177,3411
173.754,1178,3411
173.864,1179,3414
173.898,1180,3414
174.022,1181,3414
174.084,1182,3414
174.125,1183,3414
174.265,1184,3415
174.506,1185,3416
174.716,1186,3416
174.756,1187,3416
174.898,1188,3416
175.019,1189,3416
175.041,1190,3418
175.066,1191,3418
175.236,1192,3418
175.313,1193,3418
175.359,1194,3418
175.466,1195,3418
176.056,1196,3418
176.319,1197,3419
176.335,1198,3419
176.35,1199,3419
176.463,1200,3419
176.472,1201,3419
176.552,1202,3419
176.562,1203,3419
176.786,1204,3420
176.958,1205,3420
177.108,1206,3420
177.198,1207,3420
177.214,1208,3420
177.65,1209,3421
177.766,1210,3421
178.208,1211,3421
178.326,1212,3424
178.475,1213,3424
178.57,1214,3427
178.999,1215,3428
179.012,1216,3428
179.018,1217,3428
179.191,1218,3428
179.301,1219,3428
179.631,1220,3429
179.842,1221,3430
179.897,1222,3430
180.102,1223,3431
180.145,1224,3435
180.654,1225,3445
180.95,1226,3445
181.133,1227,3445
181.335,1228,3445
181.568,1229,3445
181.58,1230,3457
182.286,1231,3457
182.347,1232,3457
182.444,1233,3457
182.594,1234,3457
183.02,1235,3457
183.153,1236,3469
183.166,1237,3469
183.417,1238,3469
183.652,1239,3469
183.805,1240,3469
183.888,1241,3469
183.897,1242,3470
184.172,1243,3471
184.204,1244,3471
184.347,1245,3471
184.479,1246,3471
184.529,1247,3471
184.573,1248,3471
184.622,1249,3471
184.881,1250,3471
185.472,1251,3472
185.631,1252,3472
185.651,1253,3472
185.751,1254,3472
185.769,1255,3472
185.798,1256,3472
186.44,1257,3472
186.624,1258,3473
186.766,1259,3474
186.786,1260,3474
186.833,1261,3474
187.185,1262,3474
187.269,1263,3474
187.561,1264,3474
187.729,1265,3474
187.83,1266,3474
187.981,1267,3474
188.517,1268,3474
188.558,1269,3474
188.564,1270,3474
188.658,1271,3474
188.931,1272,3475
189.063,1273,3475
189.253,1274,3476
189.621,1275,3477
189.882,1276,3477
190.105,1277,3477
190.2,1278,3477
191.077,1279,3477
191.156,1280,3478
191.176,1281,3517
191.798,1282,3517
192.45,1283,3517
192.914,1284,3517
192.964,1285,3517
193.669,1286,3517
194.114,1287,3517
194.192,1288,3517
194.346,1289,3517
194.399,1290,3517
194.548,1291,3517
194.832,1292,3517
195.31,1293,3517
195.359,1294,3517
195.41,1295,3518
195.827,1296,3518
196.197,1297,3518
196.47,1298,3518
196.846,1299,3520
196.875,1300,3520
196.982,1301,3520
197.246,1302,3520
197.404,1303,3520
197.453,1304,3522
197.486,1305,3523
197.977,1306,3526
198.439,1307,3527
198.607,1308,3531
198.645,1309,3531
198.704,1310,3532
198.77,1311,3532
198.789,1312,3539
198.823,1313,3548
198.857,1314,3548
198.873,1315,3548
198.887,1316,3551
198.936,1317,3551
199.129,1318,3551
199.167,1319,3552
199.178,1320,3552
199.267,1321,3552
199.362,1322,3557
199.456,1323,3558
199.483,1324,3558
199.617,1325,3559
199.707,1326,3565
199.986,1327,3565
200.023,1328,3565
200.162,1329,3565
200.314,1330,3565
200.565,1331,3573
200.644,1332,3573
200.748,1333,3573
200.799,1334,3573
201.137,1335,3573
201.494,1336,3573
201.576,1337,3573
201.609,1338,3573
201.714,1339,3573
201.837,1340,3573
201.849,1341,3573
201.916,1342,3573
202.221,1343,3573
202.354,1344,3573
202.394,1345,3573
203.248,1346,3573
203.388,1347,3573
203.403,1348,3573
203.596,1349,3573
203.819,1350,3573
203.873,1351,3573
203.931,1352,3573
204.182,1353,3573
204.976,1354,3573
207.394,1355,3573
207.983,1356,3574
208.089,1357,3582
208.353,1358,3582
208.401,1359,3582
208.653,1360,3582
208.966,1361,3583
209.581,1362,3590
209.838,1363,3590
210.221,1364,3590
211.084,1365,3590
211.34,1366,3590
211.772,1367,3595
212.068,1368,3595
212.094,1369,3595
212.797,1370,3595
214.758,1371,3595
214.766,1372,3595
215.202,1373,3596
216.229,1374,3596
217.186,1375,3597
217.308,1376,3597
218.147,1377,3599
218.415,1378,3602
218.994,1379,3609
220.473,1380,3609
220.933,1381,3609
221.554,1382,3609
222.128,1383,3611
222.343,1384,3611
222.639,1385,3611
223.384,1386,3611
225.141,1387,3611
226.797,1388,3611
226.938,1389,3611
226.995,1390,3614
227.007,1391,3615
227.13,1392,3616
227.148,1393,3616
227.15,1394,3616
227.198,1395,3620
227.281,1396,3620
227.334,1397,3620
227.396,1398,3620
227.549,1399,3620
227.6,1400,3621
227.724,1401,3621
227.801,1402,3628
227.925,1403,3631
227.974,1404,3632
228.125,1405,3632
228.164,1406,3636
228.224,1407,3636
228.253,1408,3636
228.264,1409,3636
228.299,1410,3637
228.648,1411,3637
228.919,1412,3637
228.958,1413,3637
229.16,1414,3637
229.64,1415,3637
230.101,1416,3637
230.449,1417,3637
230.485,1418,3648
231.296,1419,3649
231.86,1420,3649
231.918,1421,3737
232.903,1422,3737
233.784,1423,3737
233.876,1424,3737
233.965,1425,3738
234.391,1426,3738
234.543,1427,3739
234.831,1428,3739
235.086,1429,3740
235.11,1430,3756
235.296,1431,3756
235.958,1432,3757
236.533,1433,3757
236.792,1434,3758
237.03,1435,3758
237.147,1436,3758
237.585,1437,3758
238.046,1438,3767
239.18,1439,3767
240.186,1440,3768
242.032,1441,3768
242.527,1442,3768
243.35,1443,3768
244.46,1444,3768
244.762,1445,3769
244.795,1446,3769
244.926,1447,3769
244.953,1448,3769
245.369,1449,3769
245.489,1450,3769
245.546,1451,3769
245.826,1452,3773
245.926,1453,3773
246.04,1454,3773
246.056,1455,3776
246.206,1456,3776
246.404,1457,3776
246.527,1458,3776
246.579,1459,3777
246.601,1460,3780
246.679,1461,3781
247.12,1462,3781
247.135,1463,3781
247.218,1464,3782
247.529,1465,3782
247.624,1466,3782
247.715,1467,3782
248.24,1468,3782
248.524,1469,3782
248.624,1470,3784
248.667,1471,3784
248.713,1472,3784
248.779,1473,3784
248.836,1474,3785
248.934,1475,3785
248.973,1476,3785
249.017,1477,3786
249.037,1478,3787
249.095,1479,3787
249.117,1480,3788
249.126,1481,3788
249.241,1482,3788
249.303,1483,3822
249.347,1484,3822
249.516,1485,3822
249.534,1486,3822
249.865,1487,3822
249.927,1488,3822
250.1,1489,3822
250.207,1490,3822
250.45,1491,3823
250.622,1492,3823
250.805,1493,3823
250.829,1494,3825
250.97,1495,3825
251.082,1496,3826
251.125,1497,3827
251.294,1498,3827
251.341,1499,3828
251.433,1500,3828
251.492,1501,3828
252.372,1502,3828
252.445,1503,3828
252.535,1504,3829
252.547,1505,3830
252.771,1506,3830
252.862,1507,3830
253.046,1508,3830
253.103,1509,3830
253.495,1510,3830
253.913,1511,3830
254.019,1512,3836
254.044,1513,3838
254.09,1514,3838
254.728,1515,3840
254.784,1516,3842
254.967,1517,3842
255.351,1518,3842
256.516,1519,3842
256.802,1520,3842
256.817,1521,3842
257.044,1522,3842
257.34,1523,3842
257.395,1524,3844
257.627,1525,3844
258.368,1526,3844
258.406,1527,3844
258.418,1528,3844
258.482,1529,3844
258.594,1530,3844
259.037,1531,3844
259.047,1532,3844
259.113,1533,3844
260.281,1534,3844
260.539,1535,3844
260.627,1536,3844
260.767,1537,3854
261.223,1538,3854
261.865,1539,3854
262.495,1540,3860
262.532,1541,3860
263.222,1542,3860
263.24,1543,3860
263.639,1544,3860
263.845,1545,3860
264.114,1546,3860
264.203,1547,3860
264.239,1548,3860
264.27,1549,3860
264.482,1550,3861
264.663,1551,3861
264.906,1552,3862
265.115,1553,3862
265.152,1554,3863
265.2,1555,3864
265.233,1556,3864
265.268,1557,3864
265.561,1558,3864
265.689,1559,3864
265.816,1560,3864
265.932,1561,3864
265.983,1562,3864
266.02,1563,3867
266.058,1564,3867
266.294,1565,3867
266.345,1566,3867
266.669,1567,3867
266.68,1568,3872
266.708,1569,3872
266.953,1570,3872
267.239,1571,3872
268.304,1572,3891
268.438,1573,3891
268.577,1574,3891
268.61,1575,3891
268.635,1576,3891
268.816,1577,3891
268.91,1578,3891
269.047,1579,3891
269.557,1580,3891
269.641,1581,3891
269.649,1582,3891
269.727,1583,3891
270.11,1584,3891
270.359,1585,3891
270.387,1586,3891
270.48,1587,3895
271.09,1588,3895
271.339,1589,3895
271.553,1590,3896
271.715,1591,3896
271.877,1592,3913
271.959,1593,3913
272.117,1594,3916
272.529,1595,3916
273.196,1596,3917
273.556,1597,3917
273.636,1598,3917
273.789,1599,3917
273.942,1600,3918
274.076,1601,3918
274.448,1602,3919
274.535,1603,3919
275.116,1604,3919
275.498,1605,3920
276.23,1606,3920
276.419,1607,3920
276.516,1608,3920
276.708,1609,3920
276.764,1610,3920
277.128,1611,3920
277.179,1612,3925
277.731,1613,3926
278.131,1614,3926
278.365,1615,3927
278.568,1616,3927
278.701,1617,3927
278.928,1618,3927
278.954,1619,3927
279.04,1620,3927
279.079,1621,3927
279.227,1622,3927
279.736,1623,3927
279.768,1624,3927
279.893,1625,3927
280.248,1626,3927
280.481,1627,3927
280.501,1628,3927
280.665,1629,3927
280.981,1630,3927
281.021,1631,3927
281.155,1632,3928
281.339,1633,3928
281.715,1634,3928
281.784,1635,3928
281.923,1636,3929
281.961,1637,3929
281.976,1638,3930
282.538,1639,3930
283.201,1640,3930
283.335,1641,3931
283.552,1642,3931
283.962,1643,3931
284.565,1644,3934
284.953,1645,3934
285.167,1646,3934
285.618,1647,3934
285.896,1648,3934
286.004,1649,3934
286.723,1650,3934
286.997,1651,3934
287.311,1652,3934
287.413,1653,3934
287.444,1654,3935
287.654,1655,3935
288.423,1656,3935
288.444,1657,3936
289.458,1658,3936
289.464,1659,3937
289.478,1660,3938
289.529,1661,3939
289.597,1662,3939
289.816,1663,3952
289.947,1664,3952
290.022,1665,3967
290.462,1666,3968
290.739,1667,3969
291.476,1668,3969
291.483,1669,3969
291.588,1670,3969
291.733,1671,3971
291.768,1672,3977
291.949,1673,3980
292.479,1674,3980
292.481,1675,3980
292.724,1676,3980
293.159,1677,3980
293.407,1678,3980
293.98,1679,3981
294.451,1680,3981
294.793,1681,3981
295.084,1682,3981
295.212,1683,3981
295.425,1684,3981
295.47,1685,3981
295.478,1686,3983
295.612,1687,3983
295.677,1688,3984
296.245,1689,3985
296.778,1690,3985
296.894,1691,3988
297.164,1692,3988
298.349,1693,3988
298.372,1694,3989
298.48,1695,3989
299.011,1696,3989
299.116,1697,3989
299.292,1698,3989
299.39,1699,3989
300.408,1700,3989
301.206,1701,3990
301.623,1702,3990
302.128,1703,3990
302.246,1704,3990
305.999,1705,3990
306.063,1706,3990
306.333,1707,3991
306.484,1708,3991
306.744,1709,3995
307.055,1710,3997
308.509,1711,3997
310.382,1712,3997
310.939,1713,3997
313.678,1714,3997
313.831,1715,3997
313.991,1716,3997
314.106,1717,3997
314.257,1718,3998
314.504,1719,3998
314.839,1720,3998
314.942,1721,3998
315.001,1722,3998
315.265,1723,3998
316.022,1724,3999
316.044,1725,3999
316.807,1726,3999
317.027,1727,4000
318.224,1728,4000
318.554,1729,4000
319.604,1730,4000
319.638,1731,4001
319.648,1732,4001
319.839,1733,4002
319.851,1734,4002
319.862,1735,4063
319.873,1736,4063
319.907,1737,4063
319.924,1738,4063
320.025,1739,4063
320.136,1740,4076
320.186,1741,4076
320.198,1742,4076
320.237,1743,4076
320.506,1744,4076
320.514,1745,4076
320.644,1746,4078
320.678,1747,4078
320.763,1748,4078
320.775,1749,4079
320.829,1750,4079
320.998,1751,4079
321.169,1752,4079
321.311,1753,4080
321.327,1754,4080
321.398,1755,4080
321.537,1756,4080
321.546,1757,4080
321.561,1758,4080
321.584,1759,4080
321.625,1760,4080
321.667,1761,4080
321.87,1762,4080
321.887,1763,4084
321.91,1764,4084
321.943,1765,4084
321.981,1766,4089
321.996,1767,4089
322.019,1768,4089
322.031,1769,4089
322.166,1770,4089
322.436,1771,4089
322.699,1772,4089
322.966,1773,4089
322.982,1774,4090
323.024,1775,4090
323.153,1776,4090
323.209,1777,4090
323.309,1778,4094
323.433,1779,4094
323.831,1780,4094
323.84,1781,4094
324.091,1782,4098
324.231,1783,4098
324.812,1784,4098
324.888,1785,4098
333.598,1786,4098
338.652,1787,4098
338.851,1788,4098
338.949,1789,4098
339.152,1790,4099
339.417,1791,4099
339.488,1792,4099
339.724,1793,4099
339.869,1794,4099
339.985,1795,4099
340.039,1796,4099
340.349,1797,4099
340.647,1798,4099
340.864,1799,4099
341.302,1800,4099
341.662,1801,4099
342.187,1802,4108
343.029,1803,4108
343.062,1804,4108
344.809,1805,4123
345.27,1806,4123
345.341,1807,4127
346.226,1808,4127
346.477,1809,4127
346.761,1810,4127
346.803,1811,4127
349.547,1812,4127
349.895,1813,4127
350.798,1814,4127
352.019,1815,4127
355.701,1816,4130
356.028,1817,4131
356.258,1818,4131
356.296,1819,4131
357.0,1820,4131
358.22,1821,4133
358.896,1822,4133
359.41,1823,4133
359.626,1824,4133
360.376,1825,4133
360.386,1826,4155
360.444,1827,4155
360.693,1828,4155
362.228,1829,4156
362.611,1830,4156
363.583,1831,4156
363.94,1832,4156
364.09,1833,4156
364.162,1834,4156
364.208,1835,4156
365.681,1836,4157
366.364,1837,4157
366.518,1838,4159
366.727,1839,4159
366.779,1840,4159
366.872,1841,4159
367.191,1842,4159
367.405,1843,4159
367.487,1844,4159
367.501,1845,4159
369.249,1846,4159
369.313,1847,4159
369.772,1848,4159
370.062,1849,4160
370.115,1850,4160
370.381,1851,4160
370.792,1852,4160
371.357,1853,4160
371.998,1854,4160
373.513,1855,4160
374.133,1856,4164
376.083,1857,4164
379.766,1858,4164
380.529,1859,4164
383.106,1860,4164
384.112,1861,4164
384.638,1862,4164
385.792,1863,4164
388.386,1864,4164
388.829,1865,4165
389.159,1866,4165
390.305,1867,4165
391.726,1868,4165
392.793,1869,4166
394.351,1870,4168
394.37,1871,4169
394.398,1872,4169
394.577,1873,4170
394.66,1874,4172
394.685,1875,4173
394.998,1876,4173
395.403,1877,4175
395.465,1878,4175
395.568,1879,4175
397.035,1880,4175
397.241,1881,4175
397.704,1882,4175
397.791,1883,4175
398.44,1884,4175
398.804,1885,4175
399.046,1886,4175
399.456,1887,4175
399.742,1888,4175
400.011,1889,4175
400.129,1890,4175
400.752,1891,4180
400.81,1892,4180
401.021,1893,4180
401.627,1894,4180
401.705,1895,4182
402.264,1896,4182
402.697,1897,4182
404.685,1898,4183
405.699,1899,4184
407.436,1900,4184
407.713,1901,4184
408.421,1902,4184
408.43,1903,4184
408.799,1904,4184
408.84,1905,4184
409.085,1906,4186
409.481,1907,4186
409.864,1908,4186
410.271,1909,4186
410.431,1910,4186
410.651,1911,4187
410.747,1912,4187
411.138,1913,4187
411.286,1914,4187
412.019,1915,4187
412.029,1916,4187
413.019,1917,4187
413.145,1918,4187
413.591,1919,4187
413.787,1920,4189
414.469,1921,4189
414.587,1922,4189
414.797,1923,4189
414.81,1924,4189
415.077,1925,4189
415.619,1926,4189
415.683,1927,4189
415.756,1928,4189
416.111,1929,4189
416.165,1930,4189
417.624,1931,4189
417.941,1932,4192
418.155,1933,4192
418.208,1934,4193
418.212,1935,4193
418.254,1936,4193
418.274,1937,4193
418.374,1938,4193
418.457,1939,4195
418.469,1940,4195
418.479,1941,4195
418.522,1942,4195
418.535,1943,4195
418.549,1944,4195
418.605,1945,4195
418.788,1946,4195
419.181,1947,4195
419.194,1948,4196
419.369,1949,4196
419.839,1950,4196
419.898,1951,4197
419.979,1952,4197
420.354,1953,4197
420.375,1954,4198
420.501,1955,4198
420.541,1956,4203
420.551,1957,4204
420.69,1958,4205
420.769,1959,4206
420.908,1960,4206
420.922,1961,4208
421.186,1962,4208
421.194,1963,4208
421.469,1964,4208
421.579,1965,4208
421.584,1966,4210
421.814,1967,4210
421.95,1968,4210
422.024,1969,4210
422.066,1970,4211
422.331,1971,4211
422.509,1972,4214
422.704,1973,4214
422.954,1974,4214
423.381,1975,4214
423.616,1976,4214
423.643,1977,4214
424.111,1978,4214
424.115,1979,4214
424.341,1980,4216
424.346,1981,4216
424.423,1982,4216
424.451,1983,4216
424.598,1984,4216
424.661,1985,4216
424.97,1986,4216
425.161,1987,4216
425.256,1988,4216
425.941,1989,4216
425.945,1990,4216
426.197,1991,4216
426.247,1992,4219
426.254,1993,4220
426.587,1994,4224
426.944,1995,4224
427.255,1996,4225
427.479,1997,4225
427.535,1998,4225
427.974,1999,4225
428.008,2000,4228
428.048,2001,4245
428.073,2002,4245
428.275,2003,4247
428.307,2004,4247
429.201,2005,4248
429.904,2006,4248
430.79,2007,4248
432.087,2008,4249
432.14,2009,4249
432.246,2010,4249
432.419,2011,4249
432.675,2012,4249
432.923,2013,4249
433.496,2014,4250
434.305,2015,4250
434.587,2016,4250
434.639,2017,4250
435.36,2018,4250
435.585,2019,4250
435.752,2020,4250
436.408,2021,4250
436.748,2022,4250
436.768,2023,4252
437.719,2024,4252
437.722,2025,4252
438.469,2026,4252
438.566,2027,4396
438.571,2028,4396
438.576,2029,4396
438.731,2030,4396
439.007,2031,4396
439.242,2032,4409
439.579,2033,4454
439.654,2034,4454
440.552,2035,4454
440.601,2036,4454
440.977,2037,4454
442.672,2038,4550
442.949,2039,4550
443.486,2040,4550
443.719,2041,4550
444.565,2042,4550
444.996,2043,4550
445.524,2044,4551
445.673,2045,4551
445.703,2046,4551
446.826,2047,4551
447.244,2048,4553
449.558,2049,4553
450.31,2050,4553
451.457,2051,4554
452.744,2052,4554
453.771,2053,4554
453.883,2054,4554
454.396,2055,4554
454.805,2056,4555
455.906,2057,4561
457.827,2058,4561
459.685,2059,4561
459.859,2060,4561
459.986,2061,4561
460.495,2062,4561
462.185,2063,4561
462.974,2064,4562
462.987,2065,4562
463.023,2066,4562
463.183,2067,4562
463.213,2068,4562
463.22,2069,4563
463.235,2070,4563
463.248,2071,4563
463.294,2072,4563
463.302,2073,4566
463.307,2074,4566
463.324,2075,4567
463.343,2076,4567
463.361,2077,4567
463.373,2078,4567
463.475,2079,4567
463.524,2080,4568
463.595,2081,4568
463.603,2082,4568
463.699,2083,4568
463.703,2084,4571
463.739,2085,4571
463.751,2086,4571
463.783,2087,4571
463.827,2088,4571
463.837,2089,4571
463.879,2090,4571
463.89,2091,4571
463.941,2092,4571
463.989,2093,4571
464.001,2094,4571
464.008,2095,4571
464.14,2096,4571
464.214,2097,4571
464.223,2098,4571
464.32,2099,4571
464.344,2100,4571
464.363,2101,4571
464.406,2102,4571
464.45,2103,4571
464.459,2104,4574
464.476,2105,4575
464.528,2106,4575
464.623,2107,4575
464.698,2108,4575
464.707,2109,4575
464.738,2110,4576
464.797,2111,4576
464.86,2112,4576
464.976,2113,4576
465.073,2114,4576
465.175,2115,4576
465.217,2116,4576
465.369,2117,4577
465.52,2118,4577
465.647,2119,4577
465.659,2120,4577
465.77,2121,4577
465.811,2122,4577
465.967,2123,4577
465.996,2124,4578
466.055,2125,4578
466.225,2126,4578
466.769,2127,4578
466.902,2128,4579
467.057,2129,4579
467.084,2130,4579
467.33,2131,4579
467.354,2132,4579
467.419,2133,4579
467.512,2134,4580
467.567,2135,4580
467.684,2136,4580
467.703,2137,4580
467.886,2138,4580
467.949,2139,4581
468.361,2140,4581
468.677,2141,4584
469.751,2142,4584
469.832,2143,4586
469.841,2144,4587
469.86,2145,4587
469.871,2146,4587
469.876,2147,4587
469.9,2148,4587
469.904,2149,4587
469.923,2150,4587
469.929,2151,4588
469.949,2152,4588
469.958,2153,4588
470.081,2154,4588
470.219,2155,4591
470.297,2156,4591
470.344,2157,4591
470.432,2158,4596
470.512,2159,4597
470.595,2160,4597
470.666,2161,4597
470.882,2162,4597
470.951,2163,4598
471.187,2164,4601
471.233,2165,4601
471.374,2166,4601
471.471,2167,4601
471.67,2168,4601
472.963,2169,4601
473.2,2170,4601
473.242,2171,4601
473.919,2172,4601
474.026,2173,4601
474.031,2174,4601
474.408,2175,4602
475.425,2176,4602
475.825,2177,4602
476.085,2178,4602
476.44,2179,4602
477.907,2180,4602
478.085,2181,4602
478.232,2182,4602
478.772,2183,4602
478.894,2184,4602
478.935,2185,4602
479.266,2186,4602
479.968,2187,4603
480.896,2188,4603
481.166,2189,4603
481.945,2190,4603
483.324,2191,4603
484.21,2192,4604
485.068,2193,4605
486.027,2194,4606
486.888,2195,4606
488.351,2196,4606
490.546,2197,4606
490.631,2198,4606
491.467,2199,4606
491.521,2200,4606
492.505,2201,4606
492.61,2202,4606
492.79,2203,4606
492.862,2204,4606
492.92,2205,4606
492.944,2206,4606
493.011,2207,4606
493.035,2208,4607
493.064,2209,4608
493.517,2210,4608
493.938,2211,4608
493.972,2212,4608
494.211,2213,4608
494.359,2214,4608
494.585,2215,4608
494.787,2216,4608
494.965,2217,4608
494.992,2218,4609
495.446,2219,4609
495.619,2220,4609
495.638,2221,4612
496.102,2222,4612
496.45,2223,4613
496.67,2224,4613
496.98,2225,4613
497.11,2226,4613
497.806,2227,4613
497.886,2228,4613
498.141,2229,4613
498.708,2230,4613
499.509,2231,4613
499.757,2232,4613
499.851,2233,4613
500.458,2234,4613
500.899,2235,4614
501.499,2236,4615
501.539,2237,4615
502.452,2238,4615
504.244,2239,4615
504.403,2240,4617
504.828,2241,4617
506.749,2242,4617
506.792,2243,4617
506.824,2244,4617
507.048,2245,4617
507.25,2246,4617
507.291,2247,4617
507.832,2248,4617
508.108,2249,4617
508.295,2250,4617
508.399,2251,4617
509.373,2252,4617
509.562,2253,4617
511.11,2254,4617
511.156,2255,4617
512.932,2256,4617
513.675,2257,4617
514.101,2258,4617
515.233,2259,4618
515.473,2260,4618
515.858,2261,4619
517.191,2262,4637
517.442,2263,4637
518.181,2264,4637
518.196,2265,4637
518.297,2266,4638
518.421,2267,4638
519.362,2268,4638
519.87,2269,4638
520.459,2270,4639
520.611,2271,4642
520.632,2272,4643
521.645,2273,4643
522.258,2274,4647
522.546,2275,4647
523.043,2276,4647
524.359,2277,4647
524.556,2278,4647
525.366,2279,4649
525.714,2280,4650
526.075,2281,4650
526.691,2282,4650
527.42,2283,4650
527.703,2284,4650
528.639,2285,4650
528.704,2286,4651
528.978,2287,4655
529.001,2288,4655
529.795,2289,4655
530.594,2290,4655
530.729,2291,4656
531.239,2292,4656
531.999,2293,4656
532.563,2294,4656
533.313,2295,4656
534.041,2296,4656
534.667,2297,4657
535.401,2298,4657
537.021,2299,4657
537.182,2300,4657
540.162,2301,4657
541.191,2302,4657
543.555,2303,4657
543.741,2304,4657
544.793,2305,4657
544.799,2306,4657
544.803,2307,4657
544.809,2308,4657
544.848,2309,4657
544.862,2310,4657
544.88,2311,4657
544.892,2312,4657
544.899,2313,4657
544.903,2314,4657
544.957,2315,4657
544.986,2316,4658
545.048,2317,4658
545.061,2318,4658
545.095,2319,4658
545.197,2320,4659
545.264,2321,4659
545.288,2322,4659
545.456,2323,4659
545.503,2324,4659
545.741,2325,4659
545.96,2326,4659
546.087,2327,4659
546.284,2328,4659
546.439,2329,4659
546.508,2330,4659
546.712,2331,4659
546.74,2332,4659
546.772,2333,4659
546.777,2334,4659
546.864,2335,4659
546.982,2336,4659
547.046,2337,4659
547.094,2338,4659
547.285,2339,4659
547.389,2340,4659
547.616,2341,4659
547.766,2342,4659
547.93,2343,4659
548.14,2344,4686
548.234,2345,4686
548.604,2346,4686
548.652,2347,4686
549.252,2348,4686
549.385,2349,4686
549.781,2350,4686
549.849,2351,4686
549.975,2352,4686
550.0,2353,4686
550.145,2354,4686
550.415,2355,4686
550.576,2356,4687
550.76,2357,4687
551.193,2358,4687
551.256,2359,4687
551.399,2360,4687
552.376,2361,4687
552.541,2362,4687
552.9,2363,4687
553.285,2364,4687
553.643,2365,4687
553.668,2366,4688
554.038,2367,4688
554.072,2368,4688
554.08,2369,4688
554.716,2370,4688
554.751,2371,4688
554.927,2372,4688
555.401,2373,4688
555.47,2374,4688
555.933,2375,4688
556.638,2376,4688
557.103,2377,4730
557.291,2378,4730
557.615,2379,4730
557.918,2380,4730
558.164,2381,4730
558.633,2382,4730
559.255,2383,4730
560.333,2384,4731
560.456,2385,4731
560.781,2386,4735
560.956,2387,4735
561.022,2388,4737
561.218,2389,4738
561.829,2390,4738
563.002,2391,4739
564.123,2392,4739
566.614,2393,4740
566.758,2394,4740
566.963,2395,4740
567.077,2396,4740
567.415,2397,4740
568.65,2398,4740
570.799,2399,4740
571.44,2400,4740
571.445,2401,4740
572.206,2402,4740
572.308,2403,4740
574.264,2404,4740
574.37,2405,4740
574.598,2406,4740
578.243,2407,4740
583.268,2408,4740
585.292,2409,4740
586.207,2410,4740
586.473,2411,4746
586.512,2412,4746
586.577,2413,4764
586.607,2414,4764
586.659,2415,4767
586.69,2416,4768
586.707,2417,4768
586.837,2418,4811
586.874,2419,4811
586.928,2420,4811
586.971,2421,4811
587.083,2422,4811
587.197,2423,4811
587.224,2424,4843
587.253,2425,4843
587.281,2426,4843
587.306,2427,4848
587.327,2428,4850
587.378,2429,4850
587.488,2430,4851
587.53,2431,4851
587.58,2432,4851
587.602,2433,4851
587.637,2434,4852
587.686,2435,4852
587.699,2436,4852
587.732,2437,4852
587.766,2438,4852
587.891,2439,4852
587.943,2440,4852
587.975,2441,4853
588.021,2442,4853
588.066,2443,4857
588.156,2444,4857
588.272,2445,4857
588.365,2446,4857
588.484,2447,4857
588.612,2448,4857
589.064,2449,4857
589.178,2450,4857
589.395,2451,4877
589.691,2452,4877
589.699,2453,4877
589.806,2454,4878
589.843,2455,4878
589.906,2456,4884
590.026,2457,4884
590.071,2458,4884
590.31,2459,4884
590.435,2460,4884
590.508,2461,4884
590.526,2462,4884
590.713,2463,4884
590.892,2464,4884
591.102,2465,4884
591.193,2466,4884
591.261,2467,4884
591.358,2468,4885
591.375,2469,4885
591.639,2470,4885
591.903,2471,4895
592.168,2472,4895
592.357,2473,4895
592.398,2474,4895
592.834,2475,4895
592.938,2476,4895
593.467,2477,4895
593.828,2478,4895
593.969,2479,4895
594.316,2480,4896
594.337,2481,4909
594.413,2482,4909
594.687,2483,4909
594.763,2484,4909
594.839,2485,4915
595.084,2486,4918
595.246,2487,4920
595.611,2488,4920
595.757,2489,4922
595.784,2490,4922
596.07,2491,4922
596.17,2492,4927
596.255,2493,4927
596.342,2494,4927
596.391,2495,4927
596.464,2496,4927
597.014,2497,4927
597.287,2498,4927
597.975,2499,4927
598.008,2500,4927
598.016,2501,4927
598.107,2502,4927
599.035,2503,4927
601.015,2504,4927
602.158,2505,4928
604.531,2506,4968
604.54,2507,4968
604.551,2508,4968
604.56,2509,4968
604.568,2510,4971
604.576,2511,4971
604.584,2512,4974
604.632,2513,4978
604.772,2514,4982
604.779,2515,4983
604.786,2516,4983
605.087,2517,4988
605.103,2518,4988
605.136,2519,4988
605.169,2520,4988
605.23,2521,4989
605.244,2522,4990
605.296,2523,4990
605.313,2524,4990
605.359,2525,4990
605.383,2526,4990
605.408,2527,4990
605.419,2528,4990
605.436,2529,4990
605.452,2530,5000
605.533,2531,5000
605.554,2532,5000
605.559,2533,5000
605.575,2534,5005
605.59,2535,5006
605.6,2536,5006
605.611,2537,5007
605.653,2538,5008
605.69,2539,5009
605.714,2540,5009
605.833,2541,5009
605.911,2542,5009
605.925,2543,5009
605.951,2544,5011
606.047,2545,5012
606.144,2546,5025
606.16,2547,5026
606.22,2548,5026
606.262,2549,5027
606.305,2550,5027
606.315,2551,5027
606.392,2552,5028
606.419,2553,5028
606.443,2554,5028
606.488,2555,5029
606.503,2556,5034
606.541,2557,5034
606.589,2558,5034
606.704,2559,5034
606.715,2560,5037
606.728,2561,5037
606.751,2562,5037
606.78,2563,5037
606.879,2564,5037
607.073,2565,5037
607.12,2566,5037
607.209,2567,5037
607.244,2568,5037
607.258,2569,5038
607.341,2570,5040
607.431,2571,5040
607.543,2572,5040
607.569,2573,5040
607.719,2574,5040
607.882,2575,5040
607.914,2576,5040
608.086,2577,5040
608.113,2578,5040
608.575,2579,5040
608.642,2580,5040
608.7,2581,5041
608.842,2582,5058
608.977,2583,5058
609.078,2584,5058
609.316,2585,5058
609.349,2586,5058
609.386,2587,5065
609.419,2588,5071
609.44,2589,5071
609.643,2590,5073
609.686,2591,5073
609.701,2592,5077
609.883,2593,5077
609.962,2594,5077
610.035,2595,5077
610.158,2596,5088
610.168,2597,5088
610.188,2598,5088
610.308,2599,5088
610.394,2600,5089
610.677,2601,5089
610.915,2602,5089
611.009,2603,5089
611.068,2604,5089
611.076,2605,5089
611.103,2606,5089
611.217,2607,5089
611.591,2608,5092
611.606,2609,5092
611.869,2610,5092
612.165,2611,5092
612.221,2612,5092
612.541,2613,5092
612.978,2614,5092
613.008,2615,5092
613.131,2616,5092
613.17,2617,5092
613.397,2618,5092
613.544,2619,5093
613.6,2620,5093
613.622,2621,5093
613.874,2622,5093
614.637,2623,5093
614.644,2624,5093
614.729,2625,5095
614.771,2626,5095
614.84,2627,5096
615.931,2628,5097
616.77,2629,5097
617.781,2630,5097
618.02,2631,5097
618.045,2632,5098
618.531,2633,5098
618.612,2634,5099
618.842,2635,5100
619.107,2636,5100
619.905,2637,5100
619.964,2638,5100
621.325,2639,5101
623.412,2640,5101
623.684,2641,5101
626.879,2642,5101
627.016,2643,5101
627.712,2644,5101
627.969,2645,5101
628.318,2646,5101
628.539,2647,5101
628.714,2648,5101
628.726,2649,5101
628.854,2650,5101
629.036,2651,5101
630.585,2652,5101
631.15,2653,5105
631.933,2654,5105
632.266,2655,5105
632.768,2656,5108
633.496,2657,5110
633.533,2658,5110
633.564,2659,5111
633.903,2660,5111
634.067,2661,5111
634.164,2662,5111
634.251,2663,5112
634.808,2664,5112
634.929,2665,5112
635.024,2666,5112
635.402,2667,5112
636.095,2668,5112
636.182,2669,5112
636.231,2670,5114
637.008,2671,5114
638.328,2672,5114
638.533,2673,5114
638.543,2674,5114
638.983,2675,5114
639.166,2676,5114
639.617,2677,5114
639.895,2678,5114
640.09,2679,5115
640.768,2680,5115
641.407,2681,5115
641.641,2682,5118
642.378,2683,5118
643.116,2684,5118
644.397,2685,5118
644.703,2686,5118
644.785,2687,5118
645.356,2688,5118
648.234,2689,5118
648.302,2690,5118
648.32,2691,5118
648.327,2692,5118
648.338,2693,5118
648.344,2694,5123
648.411,2695,5123
648.652,2696,5123
648.668,2697,5123
648.701,2698,5123
648.728,2699,5123
648.755,2700,5123
648.79,2701,5123
648.854,2702,5123
648.886,2703,5123
648.906,2704,5123
648.977,2705,5127
649.115,2706,5127
649.156,2707,5127
649.184,2708,5127
649.22,2709,5127
649.245,2710,5127
649.254,2711,5130
649.293,2712,5130
649.306,2713,5130
649.324,2714,5130
649.419,2715,5130
649.458,2716,5130
649.577,2717,5130
649.611,2718,5130
649.691,2719,5132
649.715,2720,5132
649.815,2721,5132
649.872,2722,5132
649.886,2723,5132
649.892,2724,5132
649.92,2725,5132
649.976,2726,5134
650.103,2727,5136
650.142,2728,5136
650.251,2729,5136
650.286,2730,5136
650.371,2731,5136
650.555,2732,5136
650.687,2733,5136
650.692,2734,5136
650.928,2735,5138
650.963,2736,5138
651.146,2737,5138
651.361,2738,5140
651.493,2739,5140
651.504,2740,5140
651.58,2741,5140
651.674,2742,5144
651.707,2743,5144
651.724,2744,5144
651.817,2745,5144
651.905,2746,5144
651.955,2747,5144
651.967,2748,5144
652.081,2749,5144
652.24,2750,5144
652.455,2751,5144
652.492,2752,5144
652.509,2753,5144
652.584,2754,5144
652.637,2755,5144
652.921,2756,5144
652.943,2757,5144
652.963,2758,5144
652.972,2759,5144
653.022,2760,5144
653.227,2761,5144
653.277,2762,5144
653.446,2763,5144
653.696,2764,5145
653.764,2765,5145
654.039,2766,5145
654.05,2767,5145
654.284,2768,5145
654.515,2769,5145
655.541,2770,5145
655.616,2771,5149
655.847,2772,5149
655.882,2773,5149
655.959,2774,5149
656.458,2775,5149
656.479,2776,5149
656.572,2777,5153
657.067,2778,5153
661.092,2779,5153
661.591,2780,5153
662.029,2781,5153
662.719,2782,5153
662.864,2783,5153
664.11,2784,5153
666.316,2785,5153
669.481,2786,5157
669.575,2787,5158
671.698,2788,5158
671.882,2789,5158
674.587,2790,5158
680.498,2791,5158
680.78,2792,5158
681.991,2793,5158
682.963,2794,5158
685.269,2795,5158
685.551,2796,5158
685.663,2797,5161
685.681,2798,5161
685.696,2799,5161
685.711,2800,5164
685.788,2801,5164
685.851,2802,5187
685.862,2803,5193
685.89,2804,5193
686.795,2805,5193
686.834,2806,5193
686.928,2807,5193
686.964,2808,5194
686.986,2809,5194
687.034,2810,5194
687.101,2811,5194
687.141,2812,5194
687.203,2813,5194
687.223,2814,5194
687.276,2815,5194
687.32,2816,5194
687.336,2817,5194
687.353,2818,5194
687.366,2819,5194
687.45,2820,5194
687.487,2821,5196
687.507,2822,5196
687.539,2823,5196
687.596,2824,5196
687.614,2825,5196
687.679,2826,5196
687.697,2827,5196
687.718,2828,5196
687.758,2829,5196
687.81,2830,5196
687.854,2831,5196
687.992,2832,5196
688.068,2833,5196
688.121,2834,5206
688.185,2835,5206
688.208,2836,5206
688.253,2837,5206
688.291,2838,5207
688.314,2839,5207
688.472,2840,5207
688.539,2841,5207
688.578,2842,5207
688.693,2843,5207
688.959,2844,5207
689.082,2845,5207
689.177,2846,5207
689.248,2847,5207
689.272,2848,5207
689.325,2849,5207
689.412,2850,5207
689.436,2851,5207
689.526,2852,5207
689.607,2853,5207
689.716,2854,5207
689.75,2855,5207
689.962,2856,5207
690.292,2857,5207
690.413,2858,5207
690.507,2859,5207
690.593,2860,5207
690.611,2861,5208
690.675,2862,5208
690.7,2863,5208
690.757,2864,5209
690.917,2865,5209
691.075,2866,5209
691.111,2867,5209
691.18,2868,5209
691.26,2869,5209
691.333,2870,5209
691.434,2871,5209
691.469,2872,5209
692.068,2873,5209
692.241,2874,5209
692.321,2875,5209
692.384,2876,5209
692.434,2877,5209
692.62,2878,5209
692.843,2879,5209
692.913,2880,5209
693.053,2881,5209
693.11,2882,5209
693.215,2883,5210
693.351,2884,5210
693.67,2885,5210
694.052,2886,5210
694.142,2887,5210
694.227,2888,5210
694.274,2889,5210
694.32,2890,5210
694.36,2891,5210
695.253,2892,5210
695.283,2893,5232
695.334,2894,5232
695.484,2895,5232
695.6,2896,5232
695.628,2897,5232
696.243,2898,5232
696.26,2899,5236
696.386,2900,5236
696.547,2901,5236
696.662,2902,5236
696.677,2903,5236
696.843,2904,5236
697.027,2905,5236
697.174,2906,5236
697.581,2907,5236
697.776,2908,5236
698.336,2909,5236
698.378,2910,5236
698.711,2911,5236
698.9,2912,5236
698.979,2913,5237
699.035,2914,5237
699.663,2915,5237
699.938,2916,5237
700.01,2917,5237
700.102,2918,5237
700.242,2919,5237
700.382,2920,5238
700.439,2921,5244
700.47,2922,5246
700.53,2923,5246
700.711,2924,5247
701.241,2925,5248
701.474,2926,5248
701.883,2927,5248
702.185,2928,5248
702.549,2929,5249
702.919,2930,5249
703.286,2931,5249
703.341,2932,5249
703.753,2933,5249
704.083,2934,5249
704.176,2935,5249
704.452,2936,5249
704.784,2937,5249
705.333,2938,5249
706.08,2939,5249
706.647,2940,5249
706.757,2941,5249
707.303,2942,5249
707.313,2943,5249
709.908,2944,5249
711.616,2945,5249
712.024,2946,5250
712.039,2947,5254
712.183,2948,5254
712.26,2949,5256
712.637,2950,5256
712.7,2951,5256
712.787,2952,5256
712.85,2953,5256
712.86,2954,5256
712.883,2955,5256
712.895,2956,5256
712.902,2957,5256
712.969,2958,5257
713.061,2959,5261
713.077,2960,5262
713.337,2961,5262
713.514,2962,5262
713.675,2963,5262
713.758,2964,5262
713.858,2965,5262
714.008,2966,5262
714.046,2967,5262
714.455,2968,5262
714.588,2969,5263
714.606,2970,5263
714.731,2971,5265
715.258,2972,5265
715.293,2973,5266
715.563,2974,5266
715.712,2975,5266
715.782,2976,5266
715.901,2977,5266
716.203,2978,5266
716.693,2979,5266
716.949,2980,5266
717.02,2981,5266
717.127,2982,5270
717.627,2983,5270
717.815,2984,5270
717.989,2985,5270
718.271,2986,5270
718.313,2987,5270
718.502,2988,5271
719.572,2989,5271
719.705,2990,5271
720.014,2991,5282
720.125,2992,5282
720.191,2993,5282
720.648,2994,5282
721.018,2995,5282
721.195,2996,5282
721.687,2997,5282
722.061,2998,5282
722.715,2999,5282
722.849,3000,5282
722.985,3001,5282
723.208,3002,5282
723.288,3003,5282
723.901,3004,5283
724.015,3005,5283
724.369,3006,5283
724.414,3007,5286
724.639,3008,5286
724.714,3009,5286
725.348,3010,5286
725.475,3011,5286
726.148,3012,5286
726.872,3013,5286
727.348,3014,5286
727.474,3015,5286
727.643,3016,5286
727.761,3017,5288
728.965,3018,5288
729.741,3019,5288
730.219,3020,5288
730.432,3021,5288
731.141,3022,5288
731.456,3023,5294
731.996,3024,5294
732.68,3025,5294
732.741,3026,5294
732.811,3027,5294
732.983,3028,5295
733.237,3029,5295
733.797,3030,5295
734.242,3031,5295
734.353,3032,5295
734.636,3033,5295
735.16,3034,5295
737.087,3035,5295
739.164,3036,5295
739.614,3037,5295
739.762,3038,5295
740.056,3039,5295
740.477,3040,5295
740.569,3041,5295
741.078,3042,5295
741.968,3043,5295
743.863,3044,5296
745.04,3045,5296
745.065,3046,5296
746.751,3047,5296
747.038,3048,5296
747.767,3049,5296
748.177,3050,5296
748.214,3051,5296
748.312,3052,5296
749.906,3053,5296
750.179,3054,5296
750.249,3055,5296
750.256,3056,5296
750.268,3057,5296
750.446,3058,5297
750.548,3059,5297
750.65,3060,5297
750.96,3061,5297
751.291,3062,5297
751.595,3063,5297
751.95,3064,5297
752.254,3065,5297
752.47,3066,5297
752.696,3067,5297
752.749,3068,5297
753.382,3069,5297
753.518,3070,5297
753.637,3071,5297
753.919,3072,5298
754.393,3073,5298
754.632,3074,5298
755.096,3075,5298
755.107,3076,5298
755.178,3077,5298
755.507,3078,5298
755.693,3079,5298
756.24,3080,5298
756.484,3081,5298
756.524,3082,5298
756.862,3083,5299
757.863,3084,5299
758.921,3085,5299
759.076,3086,5299
759.362,3087,5299
759.866,3088,5299
760.275,3089,5299
760.723,3090,5299
761.147,3091,5299
761.578,3092,5299
765.901,3093,5299
767.904,3094,5299
768.213,3095,5303
768.316,3096,5303
769.356,3097,5303
769.445,3098,5303
771.478,3099,5303
771.928,3100,5303
773.146,3101,5303
774.046,3102,5303
777.513,3103,5303
778.692,3104,5305
778.743,3105,5308
778.902,3106,5308
778.939,3107,5310
778.957,3108,5313
779.008,3109,5313
779.263,3110,5313
779.277,3111,5313
779.33,3112,5313
779.34,3113,5315
779.393,3114,5315
779.416,3115,5315
779.44,3116,5315
779.496,3117,5315
779.51,3118,5315
779.952,3119,5315
780.54,3120,5315
780.982,3121,5315
781.302,3122,5315
781.934,3123,5315
782.875,3124,5315
782.91,3125,5315
783.63,3126,5316
783.762,3127,5316
785.212,3128,5316
785.304,3129,5316
787.352,3130,5316
788.002,3131,5316
788.076,3132,5316
788.279,3133,5316
788.74,3134,5316
789.678,3135,5316
790.143,3136,5316
791.256,3137,5316
791.646,3138,5316
791.941,3139,5316
792.455,3140,5317
793.607,3141,5317
794.807,3142,5319
795.046,3143,5319
795.071,3144,5319
795.192,3145,5319
795.559,3146,5319
796.203,3147,5319
796.768,3148,5319
796.817,3149,5319
797.362,3150,5320
797.727,3151,5320
797.925,3152,5320
798.744,3153,5320
798.967,3154,5320
800.122,3155,5320
800.368,3156,5320
800.526,3157,5320
800.739,3158,5320
801.875,3159,5320
802.57,3160,5324
802.765,3161,5324
803.553,3162,5324
803.761,3163,5324
803.821,3164,5324
804.025,3165,5324
804.396,3166,5324
805.294,3167,5324
805.468,3168,5324
805.495,3169,5326
805.69,3170,5326
806.607,3171,5326
806.664,3172,5328
807.583,3173,5328
808.289,3174,5328
808.656,3175,5328
812.946,3176,5328
813.088,3177,5328
813.212,3178,5328
815.033,3179,5328
822.928,3180,5328
829.195,3181,5328
829.21,3182,5328
829.284,3183,5328
829.34,3184,5328
829.347,3185,5328
829.393,3186,5328
829.467,3187,5329
829.48,3188,5329
829.562,3189,5329
829.603,3190,5329
829.723,3191,5329
829.765,3192,5329
829.829,3193,5329
830.203,3194,5329
830.399,3195,5329
830.602,3196,5329
830.912,3197,5329
831.227,3198,5329
831.467,3199,5329
831.63,3200,5329
831.836,3201,5329
831.885,3202,5329
832.436,3203,5329
832.681,3204,5329
832.71,3205,5329
832.906,3206,5329
832.916,3207,5329
833.947,3208,5329
834.215,3209,5329
835.353,3210,5329
835.425,3211,5329
835.557,3212,5329
836.125,3213,5329
838.104,3214,5332
838.705,3215,5334
838.949,3216,5335
839.043,3217,5335
839.411,3218,5336
839.803,3219,5336
840.178,3220,5336
841.187,3221,5336
841.502,3222,5337
842.035,3223,5337
843.448,3224,5337
843.582,3225,5337
844.215,3226,5337
844.938,3227,5337
845.421,3228,5337
848.491,3229,5338
850.544,3230,5338
852.556,3231,5338
854.393,3232,5338
855.838,3233,5338
856.298,3234,5338
860.197,3235,5338
863.461,3236,5338
863.556,3237,5338
864.399,3238,5338
864.57,3239,5339
869.968,3240,5339
872.111,3241,5339
873.019,3242,5339
873.989,3243,5339
874.58,3244,5341
875.224,3245,5341
876.998,3246,5341
877.586,3247,5342
877.777,3248,5343
878.805,3249,5346
879.193,3250,5347
882.081,3251,5347
883.028,3252,5347
884.328,3253,5347
892.136,3254,5347
893.206,3255,5354
894.939,3256,5354
898.595,3257,5354
899.44,3258,5354
906.75,3259,5354
909.54,3260,5354
909.93,3261,5355
913.304,3262,5356
913.344,3263,5356
916.575,3264,5356
924.327,3265,5357
926.703,3266,5359
928.723,3267,5359
933.363,3268,5359
939.081,3269,5359
943.259,3270,5359
943.909,3271,5359
946.064,3272,5359
947.14,3273,5359
947.195,3274,5359
947.491,3275,5359
948.226,3276,5359
948.242,3277,5359
948.283,3278,5360
948.34,3279,5360
948.38,3280,5361
948.417,3281,5361
948.446,3282,5361
948.487,3283,5361
948.524,3284,5361
949.088,3285,5361
949.211,3286,5361
949.284,3287,5362
949.291,3288,5362
949.509,3289,5362
949.539,3290,5362
949.597,3291,5362
949.77,3292,5363
950.018,3293,5363
950.121,3294,5363
950.211,3295,5365
950.261,3296,5365
950.399,3297,5365
950.468,3298,5365
950.716,3299,5365
950.967,3300,5365
951.357,3301,5365
952.173,3302,5365
953.334,3303,5365
953.914,3304,5366
954.151,3305,5366
954.382,3306,5366
954.688,3307,5366
955.136,3308,5367
955.263,3309,5367
955.29,3310,5367
955.847,3311,5367
957.39,3312,5368
957.949,3313,5368
959.159,3314,5368
959.661,3315,5368
959.681,3316,5368
960.252,3317,5368
960.312,3318,5368
961.848,3319,5368
962.791,3320,5376
962.984,3321,5376
963.179,3322,5376
963.579,3323,5376
963.992,3324,5376
966.103,3325,5376
966.206,3326,5376
966.227,3327,5376
966.408,3328,5376
966.512,3329,5376
967.202,3330,5376
967.241,3331,5377
969.216,3332,5377
972.256,3333,5377
974.248,3334,5377
976.047,3335,5377
976.88,3336,5377
980.111,3337,5377
980.274,3338,5377
981.534,3339,5377
981.801,3340,5378
982.308,3341,5378
983.507,3342,5378
984.429,3343,5379
989.088,3344,5379
990.534,3345,5379
992.072,3346,5385
996.206,3347,5385
999.733,3348,5385
1002.477,3349,5385
1009.396,3350,5385
1009.512,3351,5385
1010.465,3352,5385
1011.02,3353,5385
1011.311,3354,5385
1011.378,3355,5386
1011.41,3356,5386
1011.439,3357,5386
1011.599,3358,5386
1011.689,3359,5386
1013.507,3360,5386
1013.909,3361,5386
1014.508,3362,5386
1014.71,3363,5386
1015.024,3364,5386
1016.71,3365,5386
1016.719,3366,5386
1017.053,3367,5386
1017.125,3368,5386
1019.928,3369,5386
1020.278,3370,5386
1021.059,3371,5386
1022.203,3372,5386
1022.518,3373,5386
1024.263,3374,5387
1024.767,3375,5387
1024.998,3376,5387
1025.399,3377,5387
1026.033,3378,5387
1026.542,3379,5387
1027.004,3380,5387
1027.047,3381,5387
1027.214,3382,5387
1027.47,3383,5389
1028.055,3384,5390
1028.755,3385,5390
1030.225,3386,5390
1031.156,3387,5390
1032.859,3388,5390
1032.914,3389,5390
1034.637,3390,5390
1035.198,3391,5391
1035.826,3392,5392
1037.887,3393,5392
1042.325,3394,5392
1044.86,3395,5392
1047.189,3396,5392
1047.29,3397,5394
1049.517,3398,5394
1050.487,3399,5394
1055.654,3400,5394
1059.04,3401,5394
1059.997,3402,5394
1060.819,3403,5395
1061.066,3404,5395
1061.072,3405,5395
1061.127,3406,5395
1061.261,3407,5395
1061.274,3408,5400
1061.528,3409,5400
1061.566,3410,5400
1061.591,3411,5400
1061.866,3412,5400
1061.87,3413,5400
1062.06,3414,5401
1062.647,3415,5401
1062.811,3416,5402
1062.993,3417,5402
1065.109,3418,5402
1065.21,3419,5402
1065.219,3420,5404
1065.811,3421,5404
1066.216,3422,5404
1066.428,3423,5404
1066.572,3424,5404
1067.067,3425,5404
1067.417,3426,5408
1070.73,3427,5408
1071.035,3428,5408
1072.569,3429,5408
1072.984,3430,5408
1073.456,3431,5408
1073.623,3432,5408
1074.48,3433,5408
1074.848,3434,5408
1075.918,3435,5408
1076.1,3436,5408
1076.494,3437,5408
1077.273,3438,5409
1077.537,3439,5409
1077.956,3440,5409
1078.501,3441,5409
1087.544,3442,5409
1088.679,3443,5409
1093.365,3444,5409
1100.554,3445,5409
1101.252,3446,5409
1103.27,3447,5409
1103.63,3448,5409
1103.94,3449,5409
1104.132,3450,5409
1107.075,3451,5409
1109.199,3452,5409
1112.234,3453,5409
1114.811,3454,5409
1114.823,3455,5409
1114.841,3456,5409
1115.335,3457,5409
1115.368,3458,5409
1115.375,3459,5409
1115.383,3460,5409
1115.803,3461,5409
1115.939,3462,5409
1116.367,3463,5409
1116.593,3464,5409
1117.142,3465,5409
1117.233,3466,5409
1117.381,3467,5409
1117.671,3468,5409
1117.751,3469,5409
1118.011,3470,5409
1118.052,3471,5409
1118.269,3472,5409
1120.001,3473,5409
1122.486,3474,5409
1122.722,3475,5409
1123.76,3476,5409
1123.854,3477,5409
1123.988,3478,5409
1124.083,3479,5409
1124.507,3480,5409
1124.631,3481,5409
1124.998,3482,5409
1125.544,3483,5409
1125.552,3484,5411
1126.435,3485,5411
1127.621,3486,5411
1128.398,3487,5411
1128.549,3488,5411
1129.133,3489,5411
1130.026,3490,5411
1130.03,3491,5411
1130.061,3492,5412
1130.064,3493,5412
1130.264,3494,5413
1130.292,3495,5413
1130.301,3496,5413
1130.389,3497,5413
1130.407,3498,5413
1130.448,3499,5413
1130.454,3500,5413
1130.495,3501,5413
1130.52,3502,5413
1130.554,3503,5413
1130.635,3504,5413
1130.719,3505,5414
1130.77,3506,5414
1130.803,3507,5415
1130.822,3508,5415
1130.87,3509,5415
1131.012,3510,5415
1131.113,3511,5415
1131.28,3512,5415
1131.528,3513,5415
1131.677,3514,5415
1131.747,3515,5415
1131.874,3516,5415
1131.985,3517,5415
1132.017,3518,5415
1132.258,3519,5416
1132.503,3520,5416
1132.638,3521,5416
1132.652,3522,5416
1132.802,3523,5416
1133.639,3524,5416
1133.801,3525,5416
1133.956,3526,5416
1134.126,3527,5425
1134.206,3528,5425
1134.347,3529,5425
1134.933,3530,5426
1135.069,3531,5426
1135.347,3532,5426
1135.889,3533,5431
1136.092,3534,5431
1136.296,3535,5431
1136.445,3536,5431
1136.668,3537,5431
1136.888,3538,5431
1137.246,3539,5431
1138.235,3540,5431
1139.35,3541,5431
1139.665,3542,5431
1140.327,3543,5431
1142.445,3544,5431
1143.259,3545,5431
1143.808,3546,5431
1144.235,3547,5433
1144.427,3548,5433
1145.025,3549,5433
1145.168,3550,5433
1145.205,3551,5433
1145.335,3552,5433
1145.609,3553,5434
1146.967,3554,5434
1153.708,3555,5434
1154.381,3556,5434
1154.385,3557,5434
1154.39,3558,5434
1154.394,3559,5434
1154.398,3560,5434
1154.403,3561,5434
1154.41,3562,5434
1155.586,3563,5434
1155.611,3564,5434
1155.734,3565,5434
1156.456,3566,5434
1156.754,3567,5434
1156.771,3568,5434
1157.004,3569,5434
1157.072,3570,5434
1157.227,3571,5434
1157.312,3572,5434
1157.354,3573,5434
1157.443,3574,5434
1157.504,3575,5434
1157.559,3576,5434
1157.687,3577,5434
1157.897,3578,5434
1157.993,3579,5434
1158.64,3580,5434
1158.699,3581,5434
1159.076,3582,5434
1159.144,3583,5435
1159.169,3584,5435
1159.255,3585,5435
1159.49,3586,5437
1159.663,3587,5437
1159.746,3588,5437
1160.619,3589,5437
1160.754,3590,5437
1160.8,3591,5437
1160.826,3592,5437
1160.945,3593,5437
1160.967,3594,5437
1161.168,3595,5437
1161.664,3596,5437
1161.698,3597,5437
1161.728,3598,5437
1161.763,3599,5437
1161.806,3600,5437
1162.604,3601,5437
1162.744,3602,5437
1163.435,3603,5437
1163.847,3604,5438
1163.915,3605,5438
1164.061,3606,5442
1164.252,3607,5442
1164.277,3608,5442
1164.594,3609,5442
1164.647,3610,5442
1164.841,3611,5442
1165.442,3612,5442
1165.846,3613,5442
1166.099,3614,5442
1166.386,3615,5442
1166.719,3616,5442
1166.823,3617,5442
1166.974,3618,5442
1167.575,3619,5445
1168.433,3620,5445
1168.537,3621,5445
1168.98,3622,5445
1169.106,3623,5445
1169.427,3624,5445
1169.579,3625,5445
1170.5,3626,5445
1170.92,3627,5445
1171.006,3628,5445
1171.198,3629,5445
1171.455,3630,5445
1171.637,3631,5445
1171.906,3632,5445
1172.758,3633,5445
1173.363,3634,5445
1173.477,3635,5445
1173.59,3636,5445
1173.781,3637,5445
1174.048,3638,5445
1175.036,3639,5445
1175.707,3640,5445
1177.722,3641,5445
1177.818,3642,5445
1178.129,3643,5447
1178.491,3644,5447
1178.634,3645,5447
1179.259,3646,5447
1179.462,3647,5447
1179.813,3648,5447
1180.862,3649,5447
1181.859,3650,5447
1182.617,3651,5447
1182.946,3652,5448
1183.211,3653,5448
1183.236,3654,5449
1183.283,3655,5449
1183.952,3656,5449
1184.671,3657,5449
1184.703,3658,5449
1185.016,3659,5449
1185.683,3660,5449
1186.868,3661,5449
1188.189,3662,5449
1188.203,3663,5449
1188.989,3664,5449
1189.401,3665,5449
1189.98,3666,5449
1190.269,3667,5449
1190.599,3668,5449
1190.97,3669,5449
1191.837,3670,5449
1192.707,3671,5449
1192.796,3672,5450
1194.575,3673,5450
1194.659,3674,5450
1195.149,3675,5450
1195.297,3676,5450
1197.646,3677,5450
1199.851,3678,5450
1199.875,3679,5450
1200.505,3680,5450
1200.998,3681,5450
1203.092,3682,5450
1205.783,3683,5450
1206.48,3684,5450
1206.984,3685,5450
1207.64,3686,5450
1208.257,3687,5450
1212.956,3688,5450
1214.613,3689,5450
1216.094,3690,5450
1217.568,3691,5450
1222.7,3692,5453
1222.839,3693,5453
1223.01,3694,5453
1224.496,3695,5453
1225.754,3696,5453
1225.788,3697,5453
1225.877,3698,5453
1227.779,3699,5453
1227.787,3700,5453
1227.804,3701,5453
1228.828,3702,5453
1228.847,3703,5453
1229.107,3704,5453
1229.229,3705,5453
1229.48,3706,5453
1229.944,3707,5453
1230.274,3708,5453
1231.518,3709,5453
1231.559,3710,5453
1231.639,3711,5453
1231.659,3712,5453
1232.043,3713,5453
1233.346,3714,5453
1233.778,3715,5453
1235.137,3716,5453
1235.543,3717,5453
1239.443,3718,5455
1240.518,3719,5456
1241.185,3720,5456
1241.831,3721,5456
1242.886,3722,5456
1243.517,3723,5456
1248.494,3724,5456
1248.545,3725,5456
1249.944,3726,5456
1254.88,3727,5456
1255.703,3728,5456
1257.107,3729,5456
1261.729,3730,5456
1269.574,3731,5456
1270.162,3732,5456
1270.201,3733,5456
1270.525,3734,5456
1271.023,3735,5456
1272.27,3736,5456
1278.686,3737,5456
1287.843,3738,5456
1290.22,3739,5456
1292.525,3740,5456
1292.584,3741,5456
1299.599,3742,5458
1299.912,3743,5459
1300.875,3744,5459
1300.885,3745,5459
1300.89,3746,5459
1300.897,3747,5459
1300.976,3748,5459
1301.616,3749,5459
1302.594,3750,5459
1302.666,3751,5459
1302.723,3752,5459
1302.734,3753,5460
1302.749,3754,5460
1302.779,3755,5460
1302.784,3756,5460
1302.791,3757,5460
1302.872,3758,5460
1302.91,3759,5460
1303.056,3760,5460
1303.108,3761,5460
1303.193,3762,5460
1303.319,3763,5460
1303.491,3764,5460
1304.027,3765,5460
1304.084,3766,5461
1304.195,3767,5461
1304.214,3768,5461
1304.679,3769,5461
1305.303,3770,5461
1305.462,3771,5461
1305.495,3772,5461
1305.616,3773,5461
1305.624,3774,5462
1306.757,3775,5462
1307.248,3776,5462
1307.377,3777,5462
1307.774,3778,5462
1310.155,3779,5462
1310.359,3780,5462
1310.773,3781,5462
1310.985,3782,5462
1312.018,3783,5462
1312.379,3784,5462
1314.078,3785,5462
1314.52,3786,5462
1320.049,3787,5462
1321.761,3788,5462
1322.354,3789,5462
1322.597,3790,5463
1323.671,3791,5463
1324.956,3792,5463
1326.444,3793,5463
1327.062,3794,5463
1327.157,3795,5463
1328.713,3796,5463
1330.301,3797,5463
1330.356,3798,5463
1331.871,3799,5463
1332.103,3800,5463
1333.042,3801,5463
1334.205,3802,5463
1334.72,3803,5463
1338.482,3804,5463
1339.357,3805,5463
1339.55,3806,5463
1339.832,3807,5463
1341.16,3808,5463
1341.326,3809,5463
1341.809,3810,5463
1342.067,3811,5463
1342.556,3812,5463
1345.767,3813,5469
1346.409,3814,5469
1350.577,3815,5469
1350.588,3816,5469
1350.597,3817,5470
1350.781,3818,5471
1350.878,3819,5472
1350.889,3820,5473
1351.199,3821,5473
1351.526,3822,5473
1351.723,3823,5473
1351.904,3824,5473
1352.322,3825,5473
1352.496,3826,5473
1352.844,3827,5473
1353.148,3828,5473
1353.489,3829,5473
1354.098,3830,5473
1354.357,3831,5473
1354.485,3832,5473
1355.615,3833,5473
1356.243,3834,5473
1357.473,3835,5474
1358.027,3836,5474
1359.604,3837,5474
1361.259,3838,5474
1362.781,3839,5474
1363.879,3840,5474
1364.453,3841,5474
1364.74,3842,5474
1365.169,3843,5479
1365.349,3844,5479
1366.237,3845,5479
1366.401,3846,5479
1367.053,3847,5479
1367.92,3848,5479
1368.971,3849,5479
1371.18,3850,5479
1371.886,3851,5479
1372.494,3852,5479
1372.855,3853,5484
1373.177,3854,5484
1374.052,3855,5484
1374.905,3856,5484
1375.181,3857,5484
1377.285,3858,5484
1377.427,3859,5484
1378.13,3860,5484
1378.245,3861,5484
1378.723,3862,5484
1379.618,3863,5484
1379.884,3864,5484
1381.464,3865,5484
1382.039,3866,5484
1382.173,3867,5484
1383.307,3868,5485
1384.09,3869,5485
1384.215,3870,5485
1386.208,3871,5485
1389.193,3872,5485
1389.629,3873,5485
1390.99,3874,5485
1391.575,3875,5490
1391.738,3876,5491
1392.149,3877,5491
1393.235,3878,5491
1393.506,3879,5491
1396.275,3880,5491
1396.401,3881,5491
1397.232,3882,5491
1401.045,3883,5491
1404.163,3884,5491
1404.809,3885,5491
1404.888,3886,5491
1406.569,3887,5495
1409.252,3888,5495
1410.5,3889,5495
1410.804,3890,5496
1411.66,3891,5499
1412.372,3892,5499
1412.417,3893,5500
1414.413,3894,5500
1414.589,3895,5500
1415.043,3896,5500
1415.178,3897,5501
1420.151,3898,5502
1420.265,3899,5502
1421.071,3900,5502
1421.465,3901,5502
1424.126,3902,5502
1425.033,3903,5502
1425.233,3904,5502
1425.429,3905,5502
1426.311,3906,5502
1426.363,3907,5502
1426.513,3908,5502
1426.565,3909,5502
1426.584,3910,5502
1426.608,3911,5502
1426.741,3912,5502
1427.617,3913,5505
1428.589,3914,5506
1428.782,3915,5506
1430.147,3916,5507
1430.857,3917,5507
1431.132,3918,5507
1432.844,3919,5507
1433.831,3920,5507
1434.465,3921,5507
1434.614,3922,5507
1441.187,3923,5507
1441.668,3924,5508
1444.396,3925,5508
1450.918,3926,5508
1452.111,3927,5508
1454.721,3928,5508
1454.756,3929,5509
1456.435,3930,5509
1457.193,3931,5509
1458.898,3932,5509
1458.989,3933,5509
1459.29,3934,5509
1459.652,3935,5509
1460.054,3936,5509
1460.309,3937,5509
1460.781,3938,5509
1460.934,3939,5509
1461.072,3940,5509
1461.357,3941,5509
1461.701,3942,5509
1462.064,3943,5509
1462.926,3944,5509
1464.194,3945,5509
1465.571,3946,5509
1468.05,3947,5509
1469.196,3948,5509
1469.43,3949,5510
1470.314,3950,5510
1473.207,3951,5510
1474.663,3952,5510
1479.022,3953,5510
1479.515,3954,5510
1494.206,3955,5510
1498.654,3956,5510
1508.927,3957,5510
1509.153,3958,5510
1514.988,3959,5510
1520.251,3960,5510
1520.894,3961,5510
1523.872,3962,5510
1523.882,3963,5514
1524.007,3964,5514
1525.225,3965,5514
1525.794,3966,5515
1526.011,3967,5516
1526.283,3968,5518
1528.536,3969,5518
1531.305,3970,5518
1531.351,3971,5518
1532.097,3972,5518
1532.393,3973,5518
1533.927,3974,5518
1534.599,3975,5518
1534.746,3976,5519
1535.233,3977,5519
1536.404,3978,5519
1537.191,3979,5519
1538.24,3980,5519
1540.303,3981,5519
1540.355,3982,5519
1541.274,3983,5519
1541.308,3984,5519
1542.476,3985,5519
1543.032,3986,5519
1543.053,3987,5519
1543.067,3988,5520
1543.091,3989,5520
1543.108,3990,5520
1543.155,3991,5520
1543.211,3992,5520
1543.393,3993,5523
1543.424,3994,5525
1543.534,3995,5525
1543.58,3996,5525
1543.656,3997,5525
1543.871,3998,5528
1544.036,3999,5528
1544.116,4000,5528
1544.136,4001,5528
1544.694,4002,5528
1544.703,4003,5528
1544.948,4004,5531
1545.327,4005,5531
1545.384,4006,5531
1545.389,4007,5531
1545.482,4008,5531
1545.568,4009,5531
1545.644,4010,5531
1546.205,4011,5532
1546.887,4012,5532
1546.906,4013,5532
1547.621,4014,5532
1548.512,4015,5532
1552.437,4016,5532
1552.475,4017,5532
1552.959,4018,5532
1553.009,4019,5532
1553.286,4020,5532
1553.739,4021,5532
1554.481,4022,5532
1554.616,4023,5532
1557.737,4024,5532
1557.899,4025,5533
1559.215,4026,5533
1561.556,4027,5533
1569.057,4028,5533
1569.785,4029,5533
1576.54,4030,5533
1576.902,4031,5533
1578.346,4032,5533
1584.896,4033,5533
1585.764,4034,5533
1586.35,4035,5533
1587.307,4036,5533
1591.914,4037,5533
1593.624,4038,5533
1593.947,4039,5533
1595.777,4040,5533
1596.321,4041,5533
1598.526,4042,5533
1601.471,4043,5533
1605.226,4044,5533
1607.249,4045,5533
1608.731,4046,5533
1609.934,4047,5533
1614.075,4048,5533
1615.439,4049,5533
1615.47,4050,5533
1616.235,4051,5533
1616.36,4052,5533
1618.019,4053,5535
1618.115,4054,5535
1618.603,4055,5537
1618.658,4056,5538
1620.125,4057,5539
1620.854,4058,5540
1622.95,4059,5540
1623.489,4060,5541
1623.687,4061,5541
1624.167,4062,5541
1625.911,4063,5541
1626.172,4064,5541
1628.432,4065,5541
1632.14,4066,5541
1632.838,4067,5541
1632.939,4068,5541
1632.95,4069,5541
1634.543,4070,5541
1634.635,4071,5541
1634.931,4072,5541
1635.26,4073,5541
1635.567,4074,5541
1636.612,4075,5541
1638.428,4076,5541
1638.562,4077,5541
1639.533,4078,5541
1640.461,4079,5541
1640.573,4080,5541
1640.586,4081,5541
1640.661,4082,5541
1640.729,4083,5541
1640.908,4084,5541
1640.938,4085,5541
1641.06,4086,5541
1641.113,4087,5542
1641.331,4088,5542
1641.448,4089,5542
1641.659,4090,5542
1641.845,4091,5542
1642.855,4092,5542
1643.358,4093,5542
1643.814,4094,5542
1644.094,4095,5542
1644.3,4096,5542
1644.336,4097,5542
1644.472,4098,5542
1645.171,4099,5542
1645.509,4100,5542
1646.299,4101,5542
1646.762,4102,5542
1648.186,4103,5542
1650.65,4104,5542
1650.81,4105,5542
1654.793,4106,5542
1661.431,4107,5542
1661.79,4108,5542
1673.381,4109,5542
1675.756,4110,5542
1679.057,4111,5542
1683.58,4112,5542
1695.452,4113,5542
1707.982,4114,5542
1708.294,4115,5542
1708.918,4116,5542
1709.001,4117,5542
1710.307,4118,5542
1710.766,4119,5542
1711.839,4120,5542
1717.139,4121,5542
1717.243,4122,5542
1718.833,4123,5542
1719.246,4124,5542
1719.941,4125,5542
1720.113,4126,5542
1720.457,4127,5542
1725.879,4128,5542
1732.361,4129,5542
1736.17,4130,5542
1737.248,4131,5552
1741.989,4132,5552
1742.068,4133,5552
1744.766,4134,5552
1745.256,4135,5552
1746.141,4136,5552
1746.703,4137,5552
1748.678,4138,5552
1748.838,4139,5552
1749.659,4140,5552
1752.786,4141,5552
1753.43,4142,5552
1753.736,4143,5552
1754.418,4144,5552
1755.614,4145,5552
1755.795,4146,5552
1755.888,4147,5552
1756.475,4148,5552
1757.161,4149,5552
1760.228,4150,5552
1760.326,4151,5552
1762.388,4152,5552
1762.83,4153,5552
1763.06,4154,5552
1763.689,4155,5552
1763.962,4156,5552
1764.232,4157,5552
1764.655,4158,5552
1766.283,4159,5552
1766.5,4160,5552
1767.666,4161,5552
1769.0,4162,5552
1773.48,4163,5552
1773.776,4164,5552
1783.202,4165,5552
1788.144,4166,5552
1788.162,4167,5552
1788.304,4168,5552
1790.793,4169,5552
1790.848,4170,5552
1793.338,4171,5552
1798.907,4172,5552
1802.997,4173,5557
1804.781,4174,5557
1806.627,4175,5557
1815.2,4176,5557
1816.728,4177,5557
1821.833,4178,5557
1821.914,4179,5557
1822.051,4180,5557
1822.146,4181,5557
1822.299,4182,5557
1822.642,4183,5557
1823.511,4184,5557
1823.607,4185,5557
1823.73,4186,5557
1824.04,4187,5557
1824.24,4188,5557
1824.348,4189,5557
1824.534,4190,5557
1825.286,4191,5557
1826.412,4192,5557
1826.94,4193,5557
1827.616,4194,5557
1827.945,4195,5557
1828.588,4196,5557
1829.196,4197,5558
1830.051,4198,5558
1834.477,4199,5558
1836.825,4200,5558
1836.855,4201,5558
1839.416,4202,5558
1840.831,4203,5558
1840.873,4204,5558
1842.695,4205,5558
1842.792,4206,5558
1842.829,4207,5558
1842.842,4208,5558
1842.867,4209,5558
1842.903,4210,5558
1842.919,4211,5558
1842.958,4212,5558
1843.009,4213,5558
1843.458,4214,5558
1843.464,4215,5558
1844.428,4216,5558
1844.58,4217,5558
1844.735,4218,5558
1845.575,4219,5558
1845.584,4220,5558
1847.604,4221,5558
1847.77,4222,5558
1847.903,4223,5558
1848.145,4224,5558
1848.762,4225,5558
1848.777,4226,5558
1850.906,4227,5558
1853.084,4228,5558
1857.154,4229,5558
1861.469,4230,5558
1862.966,4231,5558
1863.348,4232,5558
1865.075,4233,5558
1865.847,4234,5558
1867.196,4235,5558
1867.941,4236,5558
1868.163,4237,5558
1869.499,4238,5558
1869.636,4239,5558
1875.265,4240,5558
1880.18,4241,5558
1888.707,4242,5558
1902.863,4243,5558
1913.245,4244,5558
1921.451,4245,5558
1934.138,4246,5558
1935.35,4247,5558
1936.928,4248,5558
1937.63,4249,5558
1944.699,4250,5558
1953.517,4251,5558
1968.078,4252,5558
1969.393,4253,5558
1973.031,4254,5558
1983.327,4255,5558
1990.901,4256,5559
1995.079,4257,5559
2001.569,4258,5559
2010.98,4259,5559
2013.425,4260,5559
2014.619,4261,5559
2019.834,4262,5559
2024.517,4263,5559
2025.816,4264,5559
2051.096,4265,5559
2081.877,4266,5559
2106.474,4267,5559
2106.999,4268,5559
2109.05,4269,5559
2109.323,4270,5559
2111.999,4271,5559
2112.492,4272,5560
2113.428,4273,5560
2119.015,4274,5560
2123.819,4275,5561
2128.664,4276,5561
2130.658,4277,5561
2130.73,4278,5562
2131.192,4279,5562
2131.713,4280,5562
2134.545,4281,5562
2134.817,4282,5562
2134.936,4283,5562
2135.045,4284,5562
2137.56,4285,5562
2138.595,4286,5562
2141.092,4287,5562
2141.366,4288,5564
2141.618,4289,5573
2141.903,4290,5573
2143.132,4291,5573
2144.167,4292,5573
2144.302,4293,5573
2144.458,4294,5573
2146.108,4295,5573
2148.725,4296,5573
2149.172,4297,5573
2151.467,4298,5574
2153.883,4299,5574
2156.388,4300,5574
2157.41,4301,5574
2157.997,4302,5574
2158.124,4303,5574
2161.071,4304,5574
2161.111,4305,5574
2161.284,4306,5574
2162.526,4307,5574
2162.969,4308,5581
2165.097,4309,5581
2167.722,4310,5581
2179.785,4311,5581
2180.457,4312,5581
2187.357,4313,5583
2187.651,4314,5583
2187.687,4315,5583
2189.307,4316,5583
2189.845,4317,5583
2190.134,4318,5583
2194.606,4319,5583
2195.223,4320,5583
2196.459,4321,5583
2199.833,4322,5583
2200.543,4323,5583
2201.573,4324,5583
2202.958,4325,5583
2205.379,4326,5583
2206.021,4327,5583
2206.176,4328,5583
2216.262,4329,5583
2216.341,4330,5583
2217.092,4331,5583
2225.039,4332,5583
2226.537,4333,5583
2226.633,4334,5583
2227.196,4335,5583
2227.524,4336,5583
2229.235,4337,5583
2236.018,4338,5583
2236.183,4339,5583
2239.874,4340,5583
2241.06,4341,5583
2243.102,4342,5583
2244.236,4343,5583
2252.529,4344,5583
2252.597,4345,5583
2254.021,4346,5583
2255.857,4347,5583
2268.018,4348,5583
2270.321,4349,5583
2280.483,4350,5583
2293.45,4351,5583
2305.497,4352,5584
2306.035,4353,5584
2306.572,4354,5584
2306.918,4355,5584
2307.084,4356,5584
2308.118,4357,5588
2308.459,4358,5588
2309.109,4359,5588
2309.841,4360,5588
2310.486,4361,5589
2311.297,4362,5589
2311.577,4363,5589
2312.096,4364,5589
2312.467,4365,5589
2317.627,4366,5589
2320.491,4367,5589
2330.26,4368,5589
2334.31,4369,5589
2334.829,4370,5589
2345.597,4371,5589
2353.692,4372,5589
2394.501,4373,5589
2394.685,4374,5589
2396.537,4375,5590
2396.647,4376,5590
2396.657,4377,5591
2396.726,4378,5592
2396.751,4379,5593
2397.217,4380,5594
2397.258,4381,5595
2397.426,4382,5596
2397.503,4383,5597
2397.748,4384,5598
2398.318,4385,5601
2398.435,4386,5602
2399.296,4387,5603
2399.475,4388,5604
2399.732,4389,5604
2399.75,4390,5604
2400.447,4391,5604
2400.62,4392,5604
2403.03,4393,5604
2403.217,4394,5604
2408.978,4395,5607
2409.101,4396,5607
2409.38,4397,5607
2409.668,4398,5608
2410.454,4399,5608
2410.541,4400,5608
2413.119,4401,5608
2413.352,4402,5608
2413.463,4403,5608
2413.501,4404,5608
2413.516,4405,5608
2413.889,4406,5608
2414.496,4407,5608
2414.627,4408,5608
2415.291,4409,5608
2416.106,4410,5608
2416.131,4411,5608
2417.047,4412,5608
2417.706,4413,5608
2417.941,4414,5608
2418.025,4415,5608
2418.348,4416,5608
2418.419,4417,5608
2419.573,4418,5608
2419.927,4419,5608
2422.093,4420,5608
2423.616,4421,5608
2428.531,4422,5608
2429.579,4423,5608
2430.331,4424,5608
2435.229,4425,5608
2435.28,4426,5608
2435.507,4427,5608
2435.949,4428,5608
2438.017,4429,5608
2440.166,4430,5608
2440.718,4431,5608
2440.949,4432,5608
2441.094,4433,5608
2441.355,4434,5608
2441.964,4435,5608
2443.085,4436,5608
2444.629,4437,5608
2445.003,4438,5608
2447.069,4439,5608
2447.187,4440,5608
2449.761,4441,5608
2451.413,4442,5609
2453.181,4443,5609
2453.221,4444,5609
2453.69,4445,5609
2466.749,4446,5609
2468.185,4447,5609
2475.159,4448,5609
2486.654,4449,5609
2488.919,4450,5609
2500.549,4451,5609
2508.261,4452,5609
2511.015,4453,5609
2511.436,4454,5609
2517.512,4455,5609
2526.421,4456,5609
2527.027,4457,5609
2527.052,4458,5609
2528.421,4459,5609
2530.781,4460,5609
2535.751,4461,5609
2555.275,4462,5609
2555.688,4463,5609
2556.287,4464,5609
2570.018,4465,5609
2577.562,4466,5609
2577.698,4467,5609
2580.673,4468,5609
2584.282,4469,5609
2588.453,4470,5609
2589.828,4471,5609
2593.871,4472,5609
2603.193,4473,5609
2639.982,4474,5609
2641.246,4475,5609
2641.816,4476,5609
2641.861,4477,5609
2642.056,4478,5609
2642.367,4479,5609
2644.765,4480,5609
2645.17,4481,5609
2645.966,4482,5609
2646.105,4483,5609
2648.815,4484,5609
2648.999,4485,5609
2649.098,4486,5609
2653.105,4487,5609
2654.621,4488,5609
2656.558,4489,5609
2660.022,4490,5609
2686.773,4491,5609
2688.658,4492,5610
2689.108,4493,5612
2689.131,4494,5613
2689.399,4495,5614
2689.813,4496,5615
2690.583,4497,5616
2692.434,4498,5616
2696.048,4499,5616
2697.214,4500,5616
2697.404,4501,5616
2698.705,4502,5616
2699.901,4503,5617
2700.145,4504,5617
2701.283,4505,5617
2705.963,4506,5617
2717.708,4507,5617
2727.089,4508,5617
2727.179,4509,5617
2727.4,4510,5617
2727.833,4511,5617
2727.894,4512,5617
2728.152,4513,5617
2728.179,4514,5617
2728.322,4515,5617
2728.812,4516,5617
2729.652,4517,5617
2732.166,4518,5617
2738.564,4519,5617
2738.704,4520,5617
2738.945,4521,5617
2739.48,4522,5617
2742.574,4523,5617
2744.554,4524,5617
2745.029,4525,5617
2750.816,4526,5617
2755.089,4527,5617
2759.535,4528,5617
2764.651,4529,5617
2765.084,4530,5617
2765.513,4531,5617
2765.684,4532,5617
2766.029,4533,5617
2766.179,4534,5617
2766.579,4535,5617
2767.055,4536,5617
2767.134,4537,5617
2768.429,4538,5617
2769.288,4539,5617
2774.251,4540,5617
2774.327,4541,5617
2774.438,4542,5617
2780.333,4543,5617
2780.635,4544,5617
2786.659,4545,5617
2787.111,4546,5617
2789.048,4547,5617
2789.068,4548,5617
2789.55,4549,5617
2790.524,4550,5617
2790.733,4551,5617
2796.98,4552,5617
2797.408,4553,5617
2797.758,4554,5617
2799.096,4555,5617
2806.163,4556,5617
2817.669,4557,5617
2817.672,4558,5620
2817.705,4559,5620
2817.731,4560,5623
2817.777,4561,5624
2817.791,4562,5624
2817.8,4563,5624
2817.979,4564,5624
2818.036,4565,5624
2818.341,4566,5624
2818.68,4567,5624
2818.791,4568,5624
2818.987,4569,5624
2819.292,4570,5624
2819.645,4571,5624
2820.025,4572,5624
2820.459,4573,5624
2820.492,4574,5627
2821.757,4575,5627
2821.92,4576,5627
2822.781,4577,5627
2823.289,4578,5627
2824.375,4579,5627
2826.019,4580,5627
2827.337,4581,5627
2837.989,4582,5627
2838.311,4583,5627
2839.32,4584,5627
2840.149,4585,5627
2850.945,4586,5627
2853.208,4587,5627
2857.043,4588,5627
2857.501,4589,5627
2857.565,4590,5627
2857.776,4591,5627
2858.805,4592,5627
2859.443,4593,5627
2860.888,4594,5627
2861.557,4595,5627
2862.273,4596,5627
2862.308,4597,5627
2866.028,4598,5627
2867.966,4599,5627
2869.073,4600,5627
2875.15,4601,5627
2875.168,4602,5627
2875.179,4603,5627
2875.2,4604,5627
2875.225,4605,5627
2876.113,4606,5627
2876.606,4607,5627
2876.859,4608,5627
2879.009,4609,5627
2880.999,4610,5627
2884.202,4611,5627
2884.227,4612,5627
2884.34,4613,5627
2884.383,4614,5627
2884.387,4615,5627
2884.394,4616,5627
2884.764,4617,5627
2884.859,4618,5627
2885.027,4619,5627
2885.277,4620,5627
2885.579,4621,5627
2885.806,4622,5627
2886.617,4623,5627
2887.623,4624,5627
2888.933,4625,5627
2891.689,4626,5627
2893.431,4627,5627
2893.529,4628,5630
2893.536,4629,5630
2893.588,4630,5630
2893.621,4631,5630
2893.678,4632,5634
2894.18,4633,5634
2894.709,4634,5634
2894.791,4635,5634
2895.157,4636,5634
2895.249,4637,5634
2897.553,4638,5634
2898.708,4639,5634
2900.387,4640,5634
2900.716,4641,5634
2900.744,4642,5634
2901.182,4643,5634
2905.772,4644,5635
2906.279,4645,5639
2906.43,4646,5639
2906.698,4647,5639
2906.763,4648,5639
2906.768,4649,5639
2906.917,4650,5640
2907.219,4651,5640
2907.44,4652,5640
2907.654,4653,5640
2908.135,4654,5644
2908.237,4655,5644
2908.389,4656,5644
2908.497,4657,5644
2908.746,4658,5644
2909.227,4659,5644
2910.198,4660,5644
2910.244,4661,5644
2910.498,4662,5644
2911.09,4663,5644
2911.683,4664,5644
2914.601,4665,5644
2916.799,4666,5645
2917.762,4667,5645
2917.802,4668,5645
2920.519,4669,5645
2923.985,4670,5645
2925.156,4671,5645
2925.366,4672,5645
2929.486,4673,5645
2931.837,4674,5645
2933.838,4675,5645
2933.891,4676,5645
2934.839,4677,5645
2934.974,4678,5645
2937.243,4679,5645
2942.325,4680,5645
2947.256,4681,5645
2949.002,4682,5645
2949.027,4683,5645
2949.148,4684,5645
2949.163,4685,5645
2949.321,4686,5645
2949.506,4687,5646
2949.575,4688,5646
2950.944,4689,5646
2951.218,4690,5646
2952.833,4691,5646
2957.824,4692,5646
2960.813,4693,5646
2967.428,4694,5647
2968.013,4695,5652
2968.044,4696,5652
2968.385,4697,5652
2968.525,4698,5652
2968.551,4699,5656
2968.823,4700,5657
2969.164,4701,5657
2969.347,4702,5657
2969.677,4703,5657
2971.87,4704,5657
2972.086,4705,5657
2972.814,4706,5657
2972.955,4707,5657
2973.367,4708,5657
2973.643,4709,5657
2973.73,4710,5657
2974.349,4711,5657
2974.521,4712,5657
2976.515,4713,5657
2978.137,4714,5657
2978.519,4715,5657
2979.482,4716,5657
2982.791,4717,5657
2983.422,4718,5657
2983.451,4719,5657
2987.403,4720,5657
2990.57,4721,5657
2993.598,4722,5657
2995.302,4723,5661
2995.309,4724,5661
2995.445,4725,5661
2995.794,4726,5667
2995.994,4727,5667
2996.236,4728,5667
2996.875,4729,5667
2997.665,4730,5667
2998.263,4731,5667
2998.705,4732,5667
2998.724,4733,5667
2998.753,4734,5667
2999.552,4735,5667
2999.698,4736,5667
3000.503,4737,5667
3002.497,4738,5667
3002.665,4739,5667
3009.983,4740,5668
3010.015,4741,5668
3010.029,4742,5668
3010.207,4743,5668
3010.281,4744,5669
3010.362,4745,5669
3010.605,4746,5669
3012.948,4747,5669
3014.657,4748,5669
3021.021,4749,5669
3026.096,4750,5669
3043.222,4751,5669
3043.231,4752,5669
3047.187,4753,5669
3047.559,4754,5669
3047.82,4755,5669
3048.317,4756,5669
3048.499,4757,5669
3049.723,4758,5669
3051.848,4759,5669
3052.878,4760,5669
3056.563,4761,5669
3058.767,4762,5669
3066.387,4763,5669
3066.462,4764,5669
3066.499,4765,5669
3066.516,4766,5669
3066.588,4767,5669
3066.656,4768,5669
3066.796,4769,5669
3066.848,4770,5669
3066.862,4771,5669
3066.884,4772,5669
3067.088,4773,5669
3067.122,4774,5669
3067.267,4775,5669
3067.272,4776,5669
3067.43,4777,5669
3067.829,4778,5669
3068.104,4779,5669
3068.155,4780,5669
3068.456,4781,5669
3068.484,4782,5669
3068.499,4783,5669
3068.907,4784,5669
3069.008,4785,5669
3069.027,4786,5669
3069.525,4787,5669
3069.603,4788,5669
3070.146,4789,5669
3070.156,4790,5669
3070.164,4791,5669
3070.207,4792,5669
3070.585,4793,5669
3071.293,4794,5669
3071.831,4795,5669
3072.403,4796,5669
3072.419,4797,5669
3072.467,4798,5669
3072.473,4799,5669
3074.191,4800,5669
3074.657,4801,5669
3078.331,4802,5669
3078.618,4803,5669
3088.417,4804,5669
3089.191,4805,5669
3089.22,4806,5669
3091.777,4807,5669
3096.07,4808,5669
3100.354,4809,5669
3101.036,4810,5669
3102.202,4811,5669
3102.823,4812,5669
3107.018,4813,5669
3108.32,4814,5669
3115.934,4815,5669
3122.302,4816,5669
3123.112,4817,5669
3128.279,4818,5670
3133.857,4819,5670
3135.374,4820,5670
3137.152,4821,5670
3138.884,4822,5671
3143.505,4823,5671
3143.977,4824,5671
3148.731,4825,5671
3149.165,4826,5671
3150.857,4827,5671
3151.217,4828,5671
3151.672,4829,5671
3152.221,4830,5671
3152.663,4831,5671
3162.111,4832,5671
3165.903,4833,5671
3166.432,4834,5671
3169.874,4835,5671
3172.094,4836,5671
3172.684,4837,5671
3172.742,4838,5671
3175.562,4839,5672
3179.079,4840,5672
3187.026,4841,5672
3187.356,4842,5672
3187.486,4843,5672
3187.521,4844,5672
3187.578,4845,5672
3187.607,4846,5672
3187.72,4847,5672
3188.522,4848,5672
3189.065,4849,5672
3192.767,4850,5672
3194.045,4851,5672
3194.493,4852,5672
3195.151,4853,5672
3195.734,4854,5672
3196.58,4855,5672
3199.761,4856,5672
3199.963,4857,5672
3200.034,4858,5672
3201.229,4859,5672
3203.739,4860,5672
3209.194,4861,5672
3209.407,4862,5672
3210.003,4863,5672
3211.322,4864,5672
3211.688,4865,5672
3213.215,4866,5672
3213.336,4867,5672
3213.404,4868,5672
3214.21,4869,5672
3214.847,4870,5672
3216.591,4871,5672
3217.01,4872,5672
3217.233,4873,5672
3218.271,4874,5672
3218.813,4875,5672
3222.348,4876,5672
3222.566,4877,5672
3223.099,4878,5672
3223.467,4879,5672
3223.985,4880,5672
3224.243,4881,5672
3226.529,4882,5672
3226.77,4883,5672
3228.768,4884,5672
3228.843,4885,5672
3230.615,4886,5672
3231.009,4887,5672
3231.073,4888,5674
3231.122,4889,5674
3231.554,4890,5674
3231.58,4891,5674
3233.601,4892,5674
3234.778,4893,5674
3236.203,4894,5674
3241.541,4895,5674
3245.984,4896,5674
3248.933,4897,5674
3253.271,4898,5674
3270.513,4899,5674
3286.391,4900,5674
3292.513,4901,5674
3301.039,4902,5674
3350.829,4903,5674
3351.179,4904,5674
3356.56,4905,5674
3359.038,4906,5674
3364.185,4907,5674
3364.403,4908,5674
3364.44,4909,5674
3365.62,4910,5674
3366.018,4911,5674
3367.823,4912,5674
3367.838,4913,5674
3370.491,4914,5674
3373.073,4915,5674
3389.761,4916,5674
3394.143,4917,5674
3400.448,4918,5674
3401.034,4919,5674
3401.723,4920,5674
3401.797,4921,5674
3402.324,4922,5674
3404.498,4923,5674
3405.97,4924,5674
3406.968,4925,5674
3408.643,4926,5674
3412.225,4927,5674
3416.791,4928,5674
3421.505,4929,5674
3422.282,4930,5674
3423.991,4931,5674
3425.932,4932,5674
3427.836,4933,5674
3429.762,4934,5674
3430.354,4935,5674
3431.58,4936,5674
3432.528,4937,5674
3433.961,4938,5674
3434.025,4939,5674
3434.171,4940,5674
3445.498,4941,5674
3445.71,4942,5674
3446.329,4943,5674
3446.394,4944,5674
3448.667,4945,5674
3453.098,4946,5674
3454.157,4947,5674
3456.312,4948,5674
3456.575,4949,5674
3457.383,4950,5674
3462.478,4951,5674
3462.49,4952,5674
3462.833,4953,5674
3466.233,4954,5674
3467.773,4955,5674
3468.324,4956,5674
3468.831,4957,5674
3471.902,4958,5674
3476.486,4959,5674
3477.815,4960,5674
3478.174,4961,5674
3485.647,4962,5674
3488.963,4963,5674
3506.949,4964,5674
3507.281,4965,5674
3511.913,4966,5674
3512.619,4967,5674
3513.01,4968,5674
3516.437,4969,5674
3520.318,4970,5674
3531.053,4971,5674
3533.816,4972,5674
3538.532,4973,5674
3547.662,4974,5674
3567.616,4975,5674
3567.991,4976,5674
3568.118,4977,5674
3569.035,4978,5674
3575.062,4979,5674
3575.4,4980,5674
3581.093,4981,5674
3584.941,4982,5674
3586.755,4983,5674
3586.812,4984,5674
3587.125,4985,5674
3587.614,4986,5674
3601.512,4987,5674
3605.56,4988,5674
3606.17,4989,5674
3606.317,4990,5674
3606.738,4991,5674
3607.884,4992,5674
3607.916,4993,5674
3612.629,4994,5674
3615.259,4995,5674
3620.3,4996,5674
3643.145,4997,5674
3643.318,4998,5674
3643.403,4999,5674
3643.495,5000,5674
3643.646,5001,5674
3643.668,5002,5674
3643.736,5003,5674
3643.867,5004,5674
3643.982,5005,5674
3644.1,5006,5674
3644.273,5007,5674
3644.409,5008,5674
3644.505,5009,5674
3644.536,5010,5674
3644.583,5011,5674
3644.736,5012,5674
3645.206,5013,5674
3645.262,5014,5674
3645.803,5015,5674
3646.068,5016,5674
3646.153,5017,5674
3646.654,5018,5674
3646.912,5019,5674
3647.122,5020,5674
3647.285,5021,5674
3647.477,5022,5674
3647.609,5023,5674
3647.8,5024,5674
3648.452,5025,5674
3648.721,5026,5674
3649.125,5027,5674
3649.551,5028,5674
3649.627,5029,5674
3650.385,5030,5674
3650.618,5031,5674
3650.892,5032,5674
3651.163,5033,5674
3651.968,5034,5674
3652.205,5035,5674
3652.288,5036,5674
3652.652,5037,5674
3653.184,5038,5674
3653.548,5039,5674
3653.913,5040,5674
3654.698,5041,5674
3656.294,5042,5674
3656.529,5043,5674
3659.056,5044,5674
3660.483,5045,5674
3661.03,5046,5674
3661.297,5047,5674
3661.707,5048,5674
3663.584,5049,5674
3664.452,5050,5674
3666.588,5051,5674
3668.997,5052,5674
3670.118,5053,5674
3673.787,5054,5674
3675.465,5055,5674
3676.881,5056,5674
3680.225,5057,5674
3705.505,5058,5674
3705.954,5059,5674
3710.649,5060,5674
3715.106,5061,5674
3718.457,5062,5674
3719.175,5063,5674
3723.009,5064,5674
3724.317,5065,5674
3731.319,5066,5674
3731.453,5067,5674
3763.071,5068,5674
3763.866,5069,5674
3769.051,5070,5674
3769.678,5071,5674
3770.683,5072,5674
3770.8,5073,5674
3771.175,5074,5674
3772.363,5075,5674
3774.217,5076,5674
3782.312,5077,5674
3784.348,5078,5674
3784.699,5079,5674
3788.207,5080,5674
3792.887,5081,5674
3793.109,5082,5674
3793.711,5083,5674
3796.61,5084,5674
3808.75,5085,5674
3808.764,5086,5674
3808.79,5087,5674
3809.59,5088,5674
3809.653,5089,5674
3810.192,5090,5674
3810.781,5091,5674
3811.414,5092,5674
3811.441,5093,5674
3812.138,5094,5674
3812.222,5095,5674
3812.688,5096,5674
3813.187,5097,5674
3815.516,5098,5674
3815.547,5099,5674
3816.046,5100,5674
3833.799,5101,5674
3835.867,5102,5674
3844.814,5103,5674
3844.821,5104,5674
3845.968,5105,5674
3846.03,5106,5674
3846.054,5107,5674
3846.068,5108,5674
3846.092,5109,5674
3846.326,5110,5674
3846.435,5111,5674
3846.535,5112,5674
3846.589,5113,5674
3846.699,5114,5674
3846.85,5115,5674
3846.927,5116,5674
3847.244,5117,5674
3847.355,5118,5674
3847.741,5119,5674
3847.995,5120,5674
3848.225,5121,5674
3848.29,5122,5674
3848.309,5123,5674
3849.092,5124,5674
3851.389,5125,5674
3851.668,5126,5674
3851.693,5127,5674
3852.041,5128,5674
3854.726,5129,5674
3855.176,5130,5674
3856.163,5131,5674
3856.476,5132,5674
3862.003,5133,5674
3870.401,5134,5674
3870.472,5135,5674
3870.503,5136,5674
3870.538,5137,5674
3870.608,5138,5674
3870.638,5139,5674
3870.722,5140,5674
3870.824,5141,5674
3870.937,5142,5674
3871.049,5143,5674
3871.171,5144,5674
3871.23,5145,5674
3871.263,5146,5674
3871.358,5147,5674
3871.5,5148,5674
3872.929,5149,5674
3875.348,5150,5674
3876.992,5151,5675
3878.134,5152,5675
3879.194,5153,5675
3884.722,5154,5675
3886.164,5155,5675
3886.249,5156,5675
3888.174,5157,5675
3889.752,5158,5675
3890.075,5159,5675
3890.737,5160,5675
3893.072,5161,5675
3895.694,5162,5675
3899.663,5163,5675
3899.744,5164,5675
3900.697,5165,5675
3906.551,5166,5675
3910.28,5167,5675
3911.848,5168,5675
3912.497,5169,5675
3916.177,5170,5675
3941.438,5171,5675
3942.022,5172,5675
3945.671,5173,5675
3947.686,5174,5675
3948.115,5175,5675
3950.604,5176,5675
3950.895,5177,5675
3951.326,5178,5675
3952.491,5179,5675
3952.569,5180,5675
3953.068,5181,5675
3956.687,5182,5675
3957.805,5183,5675
3957.973,5184,5675
3959.731,5185,5675
3960.156,5186,5675
3968.134,5187,5675
3968.763,5188,5675
3974.617,5189,5675
3978.176,5190,5675
3985.383,5191,5675
3985.783,5192,5675
3989.392,5193,5675
3990.619,5194,5675
3990.67,5195,5675
3991.507,5196,5675
3993.925,5197,5675
3999.653,5198,5675
4000.443,5199,5675
4002.455,5200,5675
4006.456,5201,5675
4008.247,5202,5675
4009.545,5203,5675
4009.566,5204,5675
4009.623,5205,5675
4010.025,5206,5675
4010.376,5207,5675
4013.043,5208,5675
4013.253,5209,5675
4014.114,5210,5675
4015.112,5211,5675
4016.989,5212,5675
4017.089,5213,5675
4017.731,5214,5675
4023.753,5215,5675
4025.052,5216,5675
4025.074,5217,5675
4025.303,5218,5675
4025.348,5219,5675
4025.395,5220,5675
4025.522,5221,5675
4025.706,5222,5675
4025.83,5223,5675
4026.414,5224,5675
4026.507,5225,5675
4027.462,5226,5675
4027.978,5227,5675
4028.859,5228,5675
4037.922,5229,5675
4043.944,5230,5675
4044.135,5231,5675
4044.323,5232,5675
4044.411,5233,5675
4044.762,5234,5675
4044.943,5235,5675
4045.162,5236,5675
4046.969,5237,5675
4047.8,5238,5675
4050.948,5239,5675
4052.576,5240,5675
4058.619,5241,5675
4059.146,5242,5675
4060.927,5243,5675
4063.304,5244,5675
4063.443,5245,5675
4064.167,5246,5675
4069.354,5247,5675
4070.969,5248,5675
4073.468,5249,5675
4089.478,5250,5675
4091.518,5251,5675
4125.93,5252,5675
4126.215,5253,5675
4141.0,5254,5675
4145.839,5255,5675
4158.656,5256,5675
4165.994,5257,5675
4174.045,5258,5675
4175.078,5259,5675
4175.371,5260,5675
4175.391,5261,5675
4175.535,5262,5675
4180.967,5263,5675
4185.093,5264,5675
4185.229,5265,5675
4187.402,5266,5675
4187.406,5267,5675
4187.638,5268,5675
4202.624,5269,5675
4203.728,5270,5675
4207.263,5271,5675
4209.339,5272,5675
4213.402,5273,5675
4216.167,5274,5675
4228.467,5275,5675
4238.532,5276,5675
4242.397,5277,5675
4245.155,5278,5675
4246.088,5279,5675
4246.813,5280,5675
4248.569,5281,5675
4250.507,5282,5675
4251.0,5283,5675
4252.47,5284,5675
4253.492,5285,5675
4257.996,5286,5675
4260.766,5287,5675
4261.096,5288,5675
4278.674,5289,5675
4280.63,5290,5675
4289.757,5291,5675
4298.289,5292,5675
4298.362,5293,5675
4298.39,5294,5675
4301.578,5295,5675
4301.864,5296,5675
4302.059,5297,5675
4302.212,5298,5675
4302.773,5299,5675
4303.225,5300,5675
4304.013,5301,5675
4305.486,5302,5675
4312.661,5303,5675
4335.2,5304,5675
4335.372,5305,5675
4335.661,5306,5675
4338.744,5307,5675
4342.369,5308,5675
4356.768,5309,5675
4356.898,5310,5675
4357.017,5311,5675
4357.173,5312,5675
4357.404,5313,5675
4357.433,5314,5675
4357.911,5315,5675
4360.21,5316,5675
4361.224,5317,5675
4368.206,5318,5675
4380.756,5319,5675
4383.559,5320,5675
4384.281,5321,5675
4386.964,5322,5675
4387.806,5323,5675
4391.894,5324,5675
4392.183,5325,5675
4399.968,5326,5675
4406.08,5327,5675
4406.72,5328,5675
4407.734,5329,5675
4412.719,5330,5675
4416.127,5331,5675
4416.776,5332,5675
4418.905,5333,5675
4428.408,5334,5675
4434.844,5335,5675
4436.215,5336,5675
4440.513,5337,5675
4442.791,5338,5675
4462.669,5339,5675
4463.878,5340,5675
4476.48,5341,5675
4480.301,5342,5675
4480.333,5343,5675
4480.821,5344,5675
4481.462,5345,5675
4482.47,5346,5675
4485.764,5347,5675
4489.067,5348,5675
4494.724,5349,5677
4496.617,5350,5677
4496.672,5351,5677
4496.866,5352,5677
4501.514,5353,5677
4505.805,5354,5677
4518.978,5355,5677
4518.995,5356,5677
4519.043,5357,5677
4520.31,5358,5677
4521.923,5359,5677
4525.826,5360,5677
4529.9,5361,5677
4530.215,5362,5677
4530.233,5363,5677
4531.932,5364,5677
4537.923,5365,5677
4546.729,5366,5677
4546.905,5367,5677
4547.832,5368,5677
4548.408,5369,5677
4549.041,5370,5677
4550.948,5371,5677
4551.685,5372,5677
4555.003,5373,5677
4557.471,5374,5677
4557.571,5375,5677
4558.623,5376,5677
4561.329,5377,5677
4562.187,5378,5677
4564.369,5379,5677
4572.294,5380,5677
4573.486,5381,5677
4577.533,5382,5677
4593.45,5383,5677
4715.494,5384,5677
4717.184,5385,5677
4717.603,5386,5677
4718.111,5387,5677
4725.271,5388,5677
4730.993,5389,5677
4751.487,5390,5677
4751.525,5391,5677
4752.466,5392,5677
4757.726,5393,5677
4762.654,5394,5677
4768.672,5395,5677
4774.74,5396,5677
4777.337,5397,5677
4777.525,5398,5677
4781.034,5399,5677
4804.3,5400,5677
4824.245,5401,5677
4824.294,5402,5677
4824.416,5403,5677
4824.692,5404,5677
4828.232,5405,5677
4838.334,5406,5677
4839.236,5407,5677
4847.23,5408,5677
4849.374,5409,5677
4863.262,5410,5677
4881.772,5411,5677
4887.721,5412,5677
4888.564,5413,5677
4889.236,5414,5677
4891.962,5415,5679
4898.585,5416,5679
4924.445,5417,5679
4930.486,5418,5679
4931.316,5419,5679
4942.953,5420,5679
4951.082,5421,5679
4956.234,5422,5680
4977.744,5423,5680
4978.081,5424,5680
4978.536,5425,5680
4978.647,5426,5680
4980.895,5427,5680
4983.435,5428,5680
4985.816,5429,5680
4985.993,5430,5680
4986.905,5431,5680
4987.912,5432,5680
4991.053,5433,5680
4993.13,5434,5680
5003.322,5435,5680
5009.905,5436,5680
5024.107,5437,5680
5024.114,5438,5680
5024.124,5439,5680
5024.795,5440,5680
5024.997,5441,5680
5025.054,5442,5680
5026.333,5443,5680
5026.634,5444,5680
5027.838,5445,5680
5028.751,5446,5680
5031.867,5447,5680
5032.158,5448,5680
5033.306,5449,5680
5057.91,5450,5680
5058.277,5451,5680
5058.468,5452,5680
5060.096,5453,5680
5061.611,5454,5680
5064.312,5455,5680
5064.575,5456,5680
5067.439,5457,5680
5067.792,5458,5680
5069.142,5459,5680
5080.105,5460,5680
5090.874,5461,5680
5092.524,5462,5680
5105.907,5463,5680
5107.604,5464,5680
5111.128,5465,5680
5118.251,5466,5680
5125.287,5467,5680
5147.537,5468,5680
5147.661,5469,5680
5158.013,5470,5680
5158.073,5471,5680
5158.096,5472,5680
5158.279,5473,5680
5158.542,5474,5680
5158.639,5475,5680
5158.67,5476,5680
5158.825,5477,5680
5158.909,5478,5680
5159.852,5479,5680
5160.141,5480,5680
5160.492,5481,5680
5160.66,5482,5680
5160.889,5483,5680
5160.949,5484,5682
5161.117,5485,5682
5163.191,5486,5682
5164.518,5487,5682
5165.251,5488,5682
5166.287,5489,5682
5169.316,5490,5682
5169.826,5491,5682
5170.366,5492,5682
5171.006,5493,5682
5180.182,5494,5682
5180.811,5495,5682
5181.458,5496,5682
5181.946,5497,5682
5184.244,5498,5682
5189.933,5499,5682
5192.191,5500,5682
5193.59,5501,5682
5195.461,5502,5682
5195.512,5503,5682
5197.312,5504,5682
5214.821,5505,5682
5215.011,5506,5682
5216.688,5507,5682
5217.868,5508,5682
5226.553,5509,5682
5252.694,5510,5682
5252.703,5511,5682
5252.793,5512,5682
5252.922,5513,5682
5253.031,5514,5682
5253.516,5515,5682
5257.744,5516,5682
5289.379,5517,5682
5308.79,5518,5682
5309.183,5519,5682
5311.727,5520,5682
5311.742,5521,5682
5318.232,5522,5682
5318.255,5523,5682
5318.275,5524,5682
5318.365,5525,5682
5318.397,5526,5682
5318.655,5527,5682
5318.89,5528,5682
5318.975,5529,5682
5319.084,5530,5682
5319.098,5531,5682
5319.3,5532,5682
5319.756,5533,5682
5320.181,5534,5682
5321.128,5535,5682
5321.196,5536,5682
5321.514,5537,5682
5322.29,5538,5682
5323.228,5539,5682
5323.805,5540,5682
5324.373,5541,5682
5324.687,5542,5682
5325.897,5543,5682
5325.998,5544,5682
5326.187,5545,5682
5327.625,5546,5682
5328.583,5547,5682
5328.618,5548,5682
5328.964,5549,5682
5329.494,5550,5682
5330.837,5551,5682
5331.233,5552,5682
5332.315,5553,5682
5333.997,5554,5682
5334.684,5555,5682
5340.424,5556,5682
5341.835,5557,5682
5342.33,5558,5682
5342.754,5559,5682
5348.71,5560,5682
5352.59,5561,5682
5354.665,5562,5682
5355.96,5563,5682
5357.309,5564,5682
5363.368,5565,5682
5363.629,5566,5682
5368.849,5567,5682
5374.376,5568,5682
5374.655,5569,5682
5398.607,5570,5682
5401.329,5571,5682
5401.46,5572,5682
5401.669,5573,5682
5401.876,5574,5682
5402.593,5575,5682
5402.913,5576,5682
5403.189,5577,5682
5403.447,5578,5682
5403.601,5579,5682
5403.939,5580,5682
5404.331,5581,5682
5404.425,5582,5682
5404.959,5583,5682
5406.645,5584,5682
5406.963,5585,5682
5407.039,5586,5682
5409.001,5587,5682
5410.401,5588,5682
5411.976,5589,5682
5413.703,5590,5682
5414.057,5591,5682
5415.409,5592,5682
5416.046,5593,5682
5420.065,5594,5682
5420.783,5595,5682
5421.003,5596,5682
5424.211,5597,5682
5425.057,5598,5682
5425.372,5599,5682
5425.46,5600,5682
5425.79,5601,5684
5427.88,5602,5684
5430.985,5603,5684
5436.793,5604,5684
5437.781,5605,5684
5444.939,5606,5684
5445.375,5607,5684
5473.96,5608,5684
5480.169,5609,5684
5483.934,5610,5684
5492.822,5611,5684
5494.806,5612,5684
5496.145,5613,5684
5498.467,5614,5684
5500.641,5615,5684
5501.312,5616,5684
5507.289,5617,5684
5511.152,5618,5684
5519.662,5619,5684
5523.833,5620,5684
5527.617,5621,5684
5531.35,5622,5684
5550.484,5623,5684
5550.682,5624,5684
5551.385,5625,5684
5551.522,5626,5684
5551.892,5627,5684
5553.049,5628,5684
5553.485,5629,5684
5554.673,5630,5684
5555.04,5631,5684
5555.096,5632,5684
5556.227,5633,5684
5559.901,5634,5684
5596.637,5635,5684
5597.725,5636,5684
5603.205,5637,5684
5603.824,5638,5684
5604.051,5639,5684
5621.633,5640,5684
5624.406,5641,5684
5649.227,5642,5684
5649.92,5643,5684
5656.435,5644,5684
5660.71,5645,5684
5663.468,5646,5684
5664.105,5647,5684
5670.841,5648,5684
5673.012,5649,5684
5679.288,5650,5684
5681.416,5651,5684
5690.352,5652,5684
5691.861,5653,5684
5701.566,5654,5684
5719.972,5655,5684
5723.471,5656,5684
5723.498,5657,5684
5723.512,5658,5684
5723.786,5659,5684
5725.045,5660,5684
5725.397,5661,5684
5726.746,5662,5684
5734.951,5663,5684
5735.717,5664,5684
5736.393,5665,5684
5737.822,5666,5684
5744.528,5667,5684
5748.157,5668,5684
5748.31,5669,5684
5785.363,5670,5684
5788.703,5671,5684
5794.573,5672,5684
5795.259,5673,5684
5822.478,5674,5684
5824.881,5675,5684
5834.308,5676,5684
5843.059,5677,5684
5845.187,5678,5684
5846.386,5679,5684
5846.867,5680,5684
5869.166,5681,5684
5882.835,5682,5684
5883.259,5683,5684
5883.488,5684,5684
5884.561,5685,5684
5885.93,5686,5684
5890.566,5687,5684
5894.688,5688,5684
5902.431,5689,5684
5925.919,5690,5684
5948.156,5691,5685
5948.271,5692,5685
5948.29,5693,5685
5949.672,5694,5685
5949.967,5695,5685
5950.136,5696,5685
5950.729,5697,5685
5956.281,5698,5685
5965.72,5699,5685
5967.659,5700,5685
5972.958,5701,5685
5993.8,5702,5685
5999.915,5703,5685
6002.275,5704,5685
6011.048,5705,5685
6012.37,5706,5685
6017.229,5707,5685
6017.474,5708,5685
6018.057,5709,5685
6019.746,5710,5685
6021.022,5711,5685
6022.032,5712,5685
6024.118,5713,5685
6029.68,5714,5685
6033.587,5715,5685
6034.113,5716,5685
6034.481,5717,5685
6048.669,5718,5685
6064.847,5719,5685
6089.668,5720,5685
6102.141,5721,5685
6113.362,5722,5685
6126.331,5723,5685
6126.42,5724,5685
6126.542,5725,5685
6126.675,5726,5685
6127.476,5727,5685
6127.65,5728,5685
6127.736,5729,5685
6128.707,5730,5685
6132.26,5731,5685
6132.466,5732,5685
6133.423,5733,5685
6135.199,5734,5685
6136.72,5735,5685
6137.999,5736,5685
6144.525,5737,5685
6145.588,5738,5685
6147.464,5739,5685
6168.715,5740,5685
6173.763,5741,5685
6178.38,5742,5685
6181.313,5743,5685
6190.354,5744,5685
6201.853,5745,5685
6206.604,5746,5685
6228.547,5747,5685
6231.704,5748,5685
6244.154,5749,5685
6244.18,5750,5685
6244.207,5751,5685
6249.154,5752,5685
6250.157,5753,5685
6252.882,5754,5685
6252.989,5755,5685
6253.026,5756,5685
6268.698,5757,5685
6268.722,5758,5685
6269.228,5759,5685
6269.323,5760,5685
6270.868,5761,5685
6272.184,5762,5685
6273.566,5763,5685
6285.206,5764,5685
6292.345,5765,5685
6300.036,5766,5685
6300.268,5767,5685
6300.435,5768,5685
6302.186,5769,5685
6302.615,5770,5685
6305.577,5771,5685
6311.609,5772,5685
6311.674,5773,5685
6315.724,5774,5685
6324.653,5775,5685
6340.487,5776,5685
6341.237,5777,5685
6343.71,5778,5685
6348.81,5779,5685
6399.83,5780,5685
6405.536,5781,5685
6416.408,5782,5687
6418.066,5783,5694
6418.879,5784,5695
6424.808,5785,5695
6447.052,5786,5695
6447.062,5787,5699
6456.029,5788,5699
6530.991,5789,5699
6547.179,5790,5699
6547.494,5791,5699
6548.531,5792,5699
6551.73,5793,5699
6552.15,5794,5699
6552.488,5795,5699
6552.793,5796,5699
6556.196,5797,5699
6563.894,5798,5700
6571.223,5799,5700
6576.775,5800,5700
6577.213,5801,5700
6577.357,5802,5700
6577.919,5803,5700
6578.212,5804,5700
6578.463,5805,5700
6578.525,5806,5700
6579.361,5807,5700
6579.891,5808,5700
6580.556,5809,5700
6580.571,5810,5700
6580.935,5811,5700
6581.782,5812,5700
6582.735,5813,5700
6586.074,5814,5700
6587.933,5815,5700
6590.094,5816,5700
6590.451,5817,5700
6590.567,5818,5700
6591.251,5819,5700
6593.513,5820,5700
6595.018,5821,5700
6595.507,5822,5700
6599.414,5823,5700
6613.19,5824,5700
6641.396,5825,5701
6649.47,5826,5701
6687.835,5827,5701
6698.603,5828,5701
6702.892,5829,5701
6703.954,5830,5701
6704.061,5831,5701
6704.487,5832,5701
6704.547,5833,5701
6704.558,5834,5701
6704.965,5835,5701
6705.044,5836,5701
6705.541,5837,5701
6705.965,5838,5701
6706.413,5839,5701
6707.364,5840,5701
6707.758,5841,5701
6707.89,5842,5701
6711.007,5843,5701
6715.755,5844,5701
6717.089,5845,5701
6740.725,5846,5701
6741.214,5847,5701
6744.872,5848,5701
6749.478,5849,5701
6781.346,5850,5701
6781.556,5851,5701
6783.907,5852,5701
6789.25,5853,5701
6791.601,5854,5701
6803.097,5855,5701
6803.451,5856,5701
6806.893,5857,5701
6812.464,5858,5701
6813.134,5859,5701
6817.913,5860,5701
6850.724,5861,5701
6854.856,5862,5701
6854.979,5863,5701
6855.512,5864,5701
6857.972,5865,5701
6860.476,5866,5701
6867.533,5867,5701
6904.326,5868,5701
6910.4,5869,5701
6945.474,5870,5701
6954.217,5871,5701
6976.088,5872,5701
6976.107,5873,5701
6993.21,5874,5701
6993.27,5875,5701
6993.325,5876,5701
7021.217,5877,5701
7023.364,5878,5701
7027.455,5879,5701
7037.696,5880,5701
7042.969,5881,5701
7098.077,5882,5701
7099.035,5883,5701
7115.427,5884,5701
7129.898,5885,5701
7145.161,5886,5701
7161.397,5887,5701
7173.331,5888,5701
7192.364,5889,5701
7202.835,5890,5701
7202.877,5891,5701
7203.306,5892,5701
7204.803,5893,5701
7205.299,5894,5701
7205.49,5895,5701
7206.428,5896,5701
7207.501,5897,5701
7207.83,5898,5701
7213.976,5899,5701
7216.718,5900,5701
7217.484,5901,5701
7218.489,5902,5701
7219.8,5903,5701
7230.035,5904,5701
7230.302,5905,5701
7231.164,5906,5701
7232.341,5907,5701
7236.449,5908,5701
7237.561,5909,5701
7242.415,5910,5701
7254.987,5911,5701
7265.704,5912,5701
7266.475,5913,5701
7282.551,5914,5701
7283.331,5915,5701
7283.909,5916,5701
7284.654,5917,5701
7291.742,5918,5701
7308.608,5919,5701
7308.83,5920,5701
7309.538,5921,5701
7309.968,5922,5701
7310.046,5923,5701
7312.992,5924,5701
7323.437,5925,5701
7332.058,5926,5701
7337.734,5927,5701
7350.916,5928,5701
7351.976,5929,5701
7363.425,5930,5701
7364.259,5931,5701
7364.264,5932,5701
7364.329,5933,5701
7364.845,5934,5701
7365.524,5935,5701
7369.296,5936,5701
7371.045,5937,5701
7419.596,5938,5701
7448.347,5939,5701
7463.936,5940,5701
7465.497,5941,5701
7507.277,5942,5701
7515.18,5943,5701
7519.697,5944,5701
7526.363,5945,5701
7537.959,5946,5701
7554.164,5947,5701
7568.512,5948,5701
7569.869,5949,5701
7573.378,5950,5701
7576.536,5951,5701
7578.81,5952,5701
7579.026,5953,5701
7588.889,5954,5701
7599.249,5955,5701
7605.042,5956,5701
7605.472,5957,5701
7606.953,5958,5701
7625.302,5959,5701
7632.092,5960,5702
7636.528,5961,5702
7640.701,5962,5702
7654.06,5963,5702
7658.434,5964,5702
7663.385,5965,5702
7677.404,5966,5702
7677.918,5967,5702
7678.172,5968,5702
7678.819,5969,5702
7679.105,5970,5702
7679.633,5971,5702
7682.006,5972,5702
7684.691,5973,5702
7684.768,5974,5702
7690.15,5975,5702
7690.273,5976,5702
7693.109,5977,5702
7698.744,5978,5702
7701.023,5979,5702
7704.731,5980,5702
7760.037,5981,5702
7788.624,5982,5702
7812.196,5983,5702
7813.098,5984,5702
7814.299,5985,5702
7816.982,5986,5702
7833.505,5987,5702
7847.348,5988,5702
7851.893,5989,5702
7888.97,5990,5702
7900.191,5991,5702
7920.32,5992,5702
7921.673,5993,5702
7928.902,5994,5702
7929.21,5995,5702
7932.325,5996,5702
7937.277,5997,5702
7939.847,5998,5702
7944.247,5999,5702
7977.179,6000,5702
7981.509,6001,5702
7997.182,6002,5702
8016.031,6003,5702
8020.96,6004,5702
8031.351,6005,5702
8031.461,6006,5702
8031.476,6007,5702
8031.808,6008,5702
8033.58,6009,5702
8037.547,6010,5702
8041.952,6011,5702
8042.286,6012,5702
8042.748,6013,5702
8047.869,6014,5702
8051.071,6015,5702
8114.158,6016,5702
8114.174,6017,5702
8114.25,6018,5702
8114.824,6019,5702
8142.357,6020,5702
8167.553,6021,5702
8185.114,6022,5702
8203.659,6023,5702
8204.262,6024,5702
8207.011,6025,5702
8217.489,6026,5702
8218.631,6027,5702
8221.04,6028,5702
8221.259,6029,5702
8221.867,6030,5702
8222.3,6031,5702
8222.754,6032,5702
8242.75,6033,5702
8247.593,6034,5702
8248.942,6035,5702
8249.873,6036,5702
8251.757,6037,5702
8252.88,6038,5702
8256.932,6039,5702
8258.696,6040,5702
8259.084,6041,5702
8263.062,6042,5702
8301.632,6043,5702
8302.033,6044,5702
8303.086,6045,5702
8304.725,6046,5702
8308.871,6047,5702
8309.05,6048,5702
8311.057,6049,5702
8313.894,6050,5702
8392.414,6051,5702
8394.82,6052,5702
8400.722,6053,5702
8419.895,6054,5702
8445.022,6055,5702
8456.308,6056,5702
8456.349,6057,5702
8456.398,6058,5702
8456.566,6059,5702
8456.849,6060,5702
8457.508,6061,5702
8457.948,6062,5702
8458.07,6063,5702
8459.56,6064,5702
8461.362,6065,5702
8464.823,6066,5702
8467.94,6067,5702
8470.269,6068,5702
8480.738,6069,5702
8495.513,6070,5702
8516.795,6071,5702
8519.923,6072,5702
8520.848,6073,5702
8522.636,6074,5702
8533.916,6075,5702
8563.909,6076,5702
8615.04,6077,5702
8633.451,6078,5702
8635.91,6079,5702
8652.154,6080,5702
8652.239,6081,5702
8652.596,6082,5702
8652.721,6083,5702
8652.921,6084,5702
8653.897,6085,5702
8656.002,6086,5702
8660.085,6087,5702
8663.538,6088,5702
8664.788,6089,5702
8665.995,6090,5702
8693.1,6091,5702
8710.246,6092,5702
8731.034,6093,5702
8731.106,6094,5702
8733.129,6095,5702
8734.45,6096,5702
8734.815,6097,5702
8745.325,6098,5702
8750.999,6099,5702
8756.022,6100,5702
8762.625,6101,5702
8816.623,6102,5704
8818.031,6103,5705
8820.229,6104,5705
8820.97,6105,5705
8821.527,6106,5705
8821.68,6107,5705
8830.19,6108,5705
8900.03,6109,5705
8900.146,6110,5705
8900.723,6111,5712
8900.933,6112,5712
8910.761,6113,5712
8912.718,6114,5712
8913.12,6115,5712
8935.14,6116,5712
8940.663,6117,5712
8961.446,6118,5712
8979.045,6119,5712
9002.897,6120,5712
9015.303,6121,5712
9017.837,6122,5712
9024.737,6123,5712
9047.141,6124,5712
9047.936,6125,5712
9069.217,6126,5712
9087.005,6127,5712
9089.318,6128,5712
9089.375,6129,5712
9127.135,6130,5712
9158.291,6131,5712
9158.303,6132,5712
9159.191,6133,5712
9159.319,6134,5712
9159.882,6135,5712
9163.423,6136,5712
9163.949,6137,5712
9172.731,6138,5712
9175.36,6139,5712
9178.103,6140,5712
9197.152,6141,5712
9197.267,6142,5712
9256.871,6143,5712
9257.338,6144,5712
9286.308,6145,5712
9291.126,6146,5712
9307.974,6147,5712
9345.285,6148,5712
9371.241,6149,5712
9371.704,6150,5712
9372.837,6151,5712
9396.77,6152,5712
9451.377,6153,5712
9452.112,6154,5712
9452.872,6155,5712
9452.917,6156,5712
9468.802,6157,5712
9479.372,6158,5712
9482.052,6159,5712
9501.069,6160,5712
9557.516,6161,5712
9558.379,6162,5712
9560.489,6163,5712
9561.47,6164,5712
9561.856,6165,5712
9562.065,6166,5712
9564.421,6167,5712
9565.335,6168,5712
9566.522,6169,5712
9582.568,6170,5712
9583.038,6171,5712
9609.716,6172,5712
9626.752,6173,5712
9632.59,6174,5712
9641.444,6175,5713
9642.085,6176,5713
9645.567,6177,5713
9681.692,6178,5713
9682.004,6179,5713
9716.128,6180,5713
9716.593,6181,5713
9741.092,6182,5713
9775.754,6183,5713
9804.674,6184,5713
9817.582,6185,5713
9854.589,6186,5713
9867.318,6187,5713
9891.754,6188,5713
9892.456,6189,5713
9892.792,6190,5713
9894.98,6191,5713
9896.285,6192,5713
9897.961,6193,5713
9898.976,6194,5713
9899.813,6195,5713
9910.795,6196,5713
9911.277,6197,5713
9919.442,6198,5713
9922.399,6199,5713
9941.755,6200,5713
9952.603,6201,5713
9958.266,6202,5713
9985.611,6203,5713
9985.81,6204,5713
9986.927,6205,5713
9991.315,6206,5713
9996.964,6207,5713
10001.206,6208,5713
10003.225,6209,5713
10010.829,6210,5713
10011.97,6211,5713
10012.358,6212,5713
10076.983,6213,5713
10082.915,6214,5713
10141.285,6215,5713
10142.754,6216,5713
10150.955,6217,5713
10186.901,6218,5713
10200.44,6219,5713
10241.261,6220,5713
10281.404,6221,5713
10281.474,6222,5713
10305.216,6223,5713
10311.472,6224,5713
10391.352,6225,5713
10503.876,6226,5713
10506.312,6227,5713
10507.016,6228,5713
10510.214,6229,5713
10515.977,6230,5713
10517.945,6231,5713
10521.04,6232,5713
10525.031,6233,5713
10527.418,6234,5713
10534.969,6235,5713
10573.381,6236,5713
10575.99,6237,5713
10602.079,6238,5713
10666.162,6239,5713
10672.131,6240,5713
10672.453,6241,5713
10673.443,6242,5713
10675.47,6243,5713
10675.65,6244,5713
10698.694,6245,5713
10699.201,6246,5713
10706.143,6247,5713
10722.162,6248,5713
10723.06,6249,5713
10723.7,6250,5713
10727.109,6251,5713
10728.74,6252,5713
10731.073,6253,5713
10731.612,6254,5713
10731.631,6255,5713
10732.2,6256,5713
10732.577,6257,5713
10736.194,6258,5713
10747.633,6259,5713
10754.782,6260,5713
10757.141,6261,5713
10766.756,6262,5713
10767.224,6263,5713
10767.428,6264,5713
10772.274,6265,5713
10772.557,6266,5713
10773.437,6267,5713
10773.444,6268,5713
10773.485,6269,5713
10784.612,6270,5713
10785.486,6271,5713
10785.803,6272,5713
10786.034,6273,5713
10795.527,6274,5713
10804.839,6275,5713
10822.423,6276,5713
10822.589,6277,5713
10822.616,6278,5713
10822.815,6279,5713
10823.679,6280,5713
10825.49,6281,5713
10826.283,6282,5713
10827.584,6283,5713
10828.158,6284,5713
10829.41,6285,5713
10831.02,6286,5713
10838.641,6287,5713
10841.926,6288,5713
10842.331,6289,5713
10842.56,6290,5713
10852.768,6291,5713
10866.724,6292,5713
10866.776,6293,5713
10867.278,6294,5713
10872.868,6295,5713
10874.43,6296,5713
10874.602,6297,5713
10874.994,6298,5713
10876.648,6299,5713
10876.752,6300,5713
10885.131,6301,5713
10891.571,6302,5713
10893.865,6303,5713
10905.815,6304,5713
10906.167,6305,5713
10914.146,6306,5713
10914.248,6307,5713
10914.815,6308,5713
10914.879,6309,5713
10914.953,6310,5713
10915.084,6311,5713
10915.213,6312,5713
10915.329,6313,5713
10915.587,6314,5713
10916.147,6315,5713
10916.247,6316,5713
10916.356,6317,5713
10916.419,6318,5713
10916.824,6319,5713
10916.926,6320,5713
10917.056,6321,5713
10917.596,6322,5713
10918.425,6323,5713
10920.143,6324,5713
10921.266,6325,5713
10928.805,6326,5713
10929.067,6327,5713
10931.613,6328,5713
10941.671,6329,5713
10945.789,6330,5713
10953.177,6331,5713
10953.195,6332,5713
10953.676,6333,5713
10954.191,6334,5713
10954.885,6335,5713
10957.883,6336,5713
10966.542,6337,5713
10978.593,6338,5713
10995.378,6339,5713
10998.081,6340,5713
10999.278,6341,5713
11012.267,6342,5713
11012.299,6343,5713
11012.537,6344,5713
11012.774,6345,5713
11013.252,6346,5713
11018.006,6347,5713
11024.122,6348,5713
11029.49,6349,5713
11029.891,6350,5715
11038.618,6351,5715
11038.68,6352,5715
11039.107,6353,5715
11039.309,6354,5715
11044.336,6355,5715
11045.169,6356,5715
11048.745,6357,5715
11060.744,6358,5715
11084.298,6359,5715
11149.024,6360,5715
11149.712,6361,5715
11151.908,6362,5715
11154.589,6363,5715
11158.027,6364,5715
11164.698,6365,5715
11209.78,6366,5715
11209.856,6367,5715
11210.236,6368,5715
11210.4,6369,5715
11210.43,6370,5715
11211.756,6371,5715
11212.89,6372,5715
11212.962,6373,5715
11214.388,6374,5715
11252.042,6375,5715
11253.437,6376,5715
11253.645,6377,5715
11253.736,6378,5715
11253.773,6379,5715
11253.832,6380,5715
11253.905,6381,5715
11254.007,6382,5715
11254.152,6383,5715
11254.25,6384,5715
11254.266,6385,5715
11254.314,6386,5715
11254.737,6387,5715
11254.933,6388,5715
11255.458,6389,5715
11255.771,6390,5715
11255.913,6391,5715
11256.549,6392,5715
11257.275,6393,5715
11257.369,6394,5715
11257.435,6395,5715
11257.71,6396,5715
11259.383,6397,5715
11259.797,6398,5715
11259.947,6399,5715
11260.44,6400,5715
11291.487,6401,5715
11319.555,6402,5715
11333.241,6403,5715
11335.17,6404,5715
11349.233,6405,5715
11365.051,6406,5715
11376.1,6407,5715
11376.755,6408,5715
11377.678,6409,5715
11378.159,6410,5715
11497.863,6411,5715
11533.844,6412,5715
11545.274,6413,5715
11553.587,6414,5715
11553.99,6415,5715
11564.539,6416,5715
11586.814,6417,5715
11607.679,6418,5715
11607.687,6419,5715
11607.753,6420,5715
11608.013,6421,5715
11608.194,6422,5715
11609.341,6423,5715
11609.358,6424,5715
11609.434,6425,5715
11609.643,6426,5715
11609.761,6427,5715
11609.844,6428,5715
11610.134,6429,5715
11610.163,6430,5715
11610.524,6431,5715
11610.585,6432,5715
11610.609,6433,5715
11611.891,6434,5715
11612.131,6435,5715
11613.131,6436,5715
11613.9,6437,5715
11614.639,6438,5715
11615.235,6439,5715
11615.515,6440,5715
11616.045,6441,5715
11616.442,6442,5715
11617.32,6443,5715
11651.775,6444,5715
11653.782,6445,5715
11657.138,6446,5715
11657.193,6447,5715
11657.735,6448,5715
11657.912,6449,5715
11661.281,6450,5715
11676.606,6451,5715
11676.612,6452,5715
11677.864,6453,5715
11677.955,6454,5715
11678.02,6455,5715
11678.061,6456,5715
11678.208,6457,5715
11678.228,6458,5715
11678.295,6459,5715
11678.353,6460,5715
11678.749,6461,5715
11678.846,6462,5715
11678.873,6463,5715
11679.368,6464,5715
11679.81,6465,5715
11679.918,6466,5715
11680.05,6467,5715
11680.689,6468,5715
11680.99,6469,5715
11681.02,6470,5715
11681.063,6471,5715
11681.097,6472,5715
11681.167,6473,5715
11681.297,6474,5715
11681.546,6475,5715
11681.737,6476,5715
11682.364,6477,5715
11682.476,6478,5715
11682.544,6479,5715
11683.138,6480,5715
11683.211,6481,5715
11683.427,6482,5715
11683.635,6483,5715
11683.762,6484,5715
11684.718,6485,5715
11684.969,6486,5715
11685.127,6487,5715
11685.266,6488,5715
11685.447,6489,5715
11685.51,6490,5715
11686.676,6491,5715
11686.923,6492,5715
11687.046,6493,5715
11687.093,6494,5715
11687.174,6495,5715
11687.354,6496,5715
11687.644,6497,5715
11688.299,6498,5715
11688.323,6499,5715
11689.051,6500,5715
11689.107,6501,5715
11689.273,6502,5715
11689.48,6503,5715
11694.276,6504,5715
11694.516,6505,5715
11696.188,6506,5715
11696.204,6507,5715
11696.376,6508,5715
11696.416,6509,5715
11697.569,6510,5715
11698.135,6511,5715
11698.928,6512,5715
11699.161,6513,5715
11699.191,6514,5715
11701.71,6515,5715
11706.018,6516,5715
11706.732,6517,5715
11707.854,6518,5715
11708.196,6519,5715
11709.417,6520,5715
11709.524,6521,5715
11709.677,6522,5715
11709.846,6523,5715
11711.355,6524,5715
11712.188,6525,5715
11712.495,6526,5715
11713.718,6527,5715
11714.342,6528,5715
11714.473,6529,5715
11714.504,6530,5715
11715.036,6531,5715
11715.658,6532,5715
11715.767,6533,5715
11716.505,6534,5715
11716.616,6535,5715
11716.752,6536,5715
11717.665,6537,5715
11718.736,6538,5715
11719.88,6539,5715
11720.623,6540,5715
11720.665,6541,5715
11720.755,6542,5715
11720.823,6543,5715
11721.356,6544,5715
11721.423,6545,5715
11722.035,6546,5715
11722.082,6547,5715
11723.656,6548,5715
11724.183,6549,5715
11726.214,6550,5715
11726.817,6551,5715
11726.907,6552,5715
11728.04,6553,5715
11733.07,6554,5715
11733.279,6555,5715
11736.828,6556,5715
11739.877,6557,5715
11744.207,6558,5715
11744.302,6559,5715
11744.345,6560,5715
11744.729,6561,5715
11744.872,6562,5715
11746.476,6563,5715
11746.718,6564,5715
11747.4,6565,5715
11747.654,6566,5715
11749.688,6567,5715
11750.696,6568,5715
11751.571,6569,5715
11756.377,6570,5715
11757.142,6571,5715
11758.072,6572,5715
11758.802,6573,5715
11758.854,6574,5715
11760.634,6575,5715
11761.341,6576,5715
11761.388,6577,5715
11763.939,6578,5715
11764.166,6579,5715
11764.781,6580,5715
11766.948,6581,5715
11768.725,6582,5715
11775.518,6583,5715
11777.537,6584,5715
11796.231,6585,5715
11798.036,6586,5715
11798.483,6587,5715
11798.8,6588,5715
11799.421,6589,5715
11799.457,6590,5715
11799.515,6591,5715
11799.59,6592,5715
11800.065,6593,5715
11800.169,6594,5715
11801.028,6595,5715
11801.364,6596,5715
11801.62,6597,5715
11801.81,6598,5715
11802.101,6599,5715
11802.401,6600,5715
11803.595,6601,5715
11803.689,6602,5715
11804.287,6603,5715
11805.592,6604,5715
11805.862,6605,5715
11806.713,6606,5715
11807.608,6607,5715
11808.026,6608,5715
11808.232,6609,5715
11808.468,6610,5715
11809.111,6611,5715
11810.975,6612,5715
11812.689,6613,5715
11813.051,6614,5715
11815.362,6615,5715
11816.075,6616,5715
11816.56,6617,5715
11817.502,6618,5715
11818.693,6619,5715
11824.214,6620,5715
11824.831,6621,5715
11826.337,6622,5715
11826.694,6623,5715
11828.763,6624,5715
11828.981,6625,5715
11829.933,6626,5715
11831.953,6627,5715
11832.624,6628,5715
11833.215,6629,5715
11833.328,6630,5715
11837.651,6631,5715
11843.101,6632,5715
11845.539,6633,5715
11846.521,6634,5715
11846.671,6635,5715
11848.345,6636,5715
11855.561,6637,5715
11856.094,6638,5715
11856.298,6639,5715
11858.063,6640,5715
11862.759,6641,5715
11866.167,6642,5715
11867.158,6643,5715
11867.172,6644,5715
11867.912,6645,5715
11868.786,6646,5715
11870.558,6647,5715
11876.78,6648,5715
11882.535,6649,5715
11892.89,6650,5715
11893.048,6651,5715
11893.196,6652,5715
11893.921,6653,5715
11894.325,6654,5715
11896.836,6655,5715
11898.602,6656,5715
11898.934,6657,5715
11899.332,6658,5715
11900.467,6659,5715
11901.057,6660,5715
11902.13,6661,5715
11902.954,6662,5715
11903.673,6663,5715
11904.837,6664,5715
11904.85,6665,5715
11907.492,6666,5715
11907.521,6667,5715
11908.849,6668,5715
11909.397,6669,5715
11909.895,6670,5715
11913.775,6671,5715
11917.133,6672,5715
11917.438,6673,5715
11922.682,6674,5715
11923.665,6675,5715
11926.712,6676,5715
11927.239,6677,5715
11928.323,6678,5715
11931.318,6679,5715
11932.593,6680,5715
11933.162,6681,5715
11934.065,6682,5715
11946.832,6683,5715
11950.054,6684,5715
11962.18,6685,5715
11962.234,6686,5715
11962.388,6687,5715
11962.807,6688,5715
11963.027,6689,5715
11964.62,6690,5715
11965.246,6691,5715
11966.026,6692,5715
11966.386,6693,5715
11973.394,6694,5715
11973.477,6695,5715
11973.555,6696,5715
11973.659,6697,5715
11973.688,6698,5715
11973.787,6699,5715
11973.88,6700,5715
11974.06,6701,5715
11974.076,6702,5715
11974.084,6703,5715
11974.348,6704,5715
11974.393,6705,5715
11974.708,6706,5715
11974.891,6707,5715
11975.254,6708,5715
11975.309,6709,5715
11975.402,6710,5715
11975.454,6711,5715
11975.623,6712,5715
11975.737,6713,5715
11976.28,6714,5715
11976.296,6715,5715
11976.366,6716,5715
11976.419,6717,5715
11976.894,6718,5715
11978.628,6719,5715
11978.79,6720,5715
11979.517,6721,5715
11979.663,6722,5715
11979.951,6723,5715
11981.399,6724,5715
11982.498,6725,5715
11982.641,6726,5715
11983.373,6727,5715
11986.382,6728,5715
11986.476,6729,5715
11986.67,6730,5715
11986.811,6731,5715
11987.274,6732,5715
11987.332,6733,5715
11988.064,6734,5715
11988.199,6735,5715
11989.126,6736,5715
11989.462,6737,5715
11989.579,6738,5715
11989.773,6739,5715
11989.902,6740,5715
11990.319,6741,5715
11990.498,6742,5715
11990.782,6743,5715
11991.909,6744,5715
11991.958,6745,5715
11993.866,6746,5715
11994.851,6747,5715
11995.136,6748,5715
11996.136,6749,5715
11996.832,6750,5715
11996.938,6751,5715
11997.527,6752,5715
11998.155,6753,5715
11999.708,6754,5715
12000.437,6755,5715
12001.293,6756,5715
12002.435,6757,5715
12003.813,6758,5715
12018.144,6759,5715
12018.751,6760,5715
12024.589,6761,5715
12024.705,6762,5715
12024.878,6763,5715
12024.958,6764,5715
12025.008,6765,5715
12025.852,6766,5715
12025.952,6767,5715
12026.103,6768,5715
12026.516,6769,5715
12027.407,6770,5715
12027.763,6771,5715
12027.865,6772,5715
12028.262,6773,5715
12028.882,6774,5715
12028.968,6775,5715
12030.505,6776,5715
12030.733,6777,5715
12032.729,6778,5715
12033.327,6779,5715
12036.086,6780,5715
12036.17,6781,5715
12036.387,6782,5715
12036.429,6783,5715
12037.437,6784,5715
12039.252,6785,5715
12040.16,6786,5715
12040.547,6787,5715
12041.409,6788,5715
12042.138,6789,5715
12042.493,6790,5715
12042.844,6791,5715
12043.294,6792,5715
12044.281,6793,5715
12044.692,6794,5715
12046.836,6795,5715
12047.596,6796,5715
12048.164,6797,5715
12048.786,6798,5715
12050.088,6799,5715
12050.327,6800,5715
12051.591,6801,5715
12052.867,6802,5715
12054.488,6803,5715
12060.859,6804,5715
12067.691,6805,5715
12072.017,6806,5715
12082.574,6807,5715
12082.59,6808,5715
12082.626,6809,5715
12086.086,6810,5715
12098.046,6811,5715
12099.427,6812,5715
12099.54,6813,5715
12106.26,6814,5715
12106.851,6815,5715
12106.976,6816,5715
12107.111,6817,5715
12107.823,6818,5715
12107.897,6819,5715
12108.265,6820,5715
12108.678,6821,5715
12108.736,6822,5715
12109.464,6823,5715
12109.483,6824,5715
12109.625,6825,5715
12110.423,6826,5715
12110.436,6827,5715
12110.521,6828,5715
12110.819,6829,5715
12111.271,6830,5715
12112.416,6831,5715
12113.53,6832,5715
12115.8,6833,5715
12123.42,6834,5715
12123.556,6835,5715
12123.648,6836,5715
12123.738,6837,5715
12127.356,6838,5715
12129.478,6839,5715
12133.946,6840,5715
12136.841,6841,5715
12137.375,6842,5715
12138.71,6843,5715
12151.761,6844,5715
12160.95,6845,5715
12160.974,6846,5715
12162.424,6847,5715
12176.98,6848,5715
12177.229,6849,5715
12177.581,6850,5715
12179.133,6851,5715
12179.441,6852,5715
12179.626,6853,5715
12180.309,6854,5715
12181.441,6855,5715
12184.09,6856,5715
12185.195,6857,5715
12186.625,6858,5715
12194.939,6859,5715
12198.622,6860,5715
12199.29,6861,5715
12210.392,6862,5715
12214.712,6863,5715
12215.229,6864,5715
12216.401,6865,5715
12216.854,6866,5715
12219.744,6867,5715
12223.636,6868,5715
12223.855,6869,5715
12223.889,6870,5715
12224.827,6871,5715
12240.417,6872,5715
12247.689,6873,5715
12248.727,6874,5715
12248.872,6875,5715
12253.579,6876,5715
12253.719,6877,5715
12253.971,6878,5715
12253.982,6879,5715
12254.341,6880,5715
12255.556,6881,5715
12255.795,6882,5715
12255.864,6883,5715
12256.08,6884,5715
12256.112,6885,5715
12256.158,6886,5715
12256.356,6887,5715
12256.667,6888,5715
12256.919,6889,5715
12257.336,6890,5715
12257.641,6891,5715
12257.981,6892,5715
12261.321,6893,5715
12261.914,6894,5715
12262.119,6895,5715
12263.701,6896,5715
12264.544,6897,5715
12266.588,6898,5715
12267.794,6899,5715
12268.034,6900,5715
12268.951,6901,5715
12269.112,6902,5715
12270.154,6903,5715
12272.747,6904,5715
12274.199,6905,5715
12285.794,6906,5715
12299.034,6907,5715
12301.029,6908,5715
12301.109,6909,5715
12301.322,6910,5715
12301.397,6911,5715
12301.435,6912,5715
12301.68,6913,5715
12302.82,6914,5715
12304.408,6915,5715
12304.689,6916,5715
12304.857,6917,5715
12305.87,6918,5715
12306.449,6919,5715
12306.566,6920,5715
12307.227,6921,5715
12307.46,6922,5715
12309.796,6923,5715
12310.043,6924,5715
12310.495,6925,5715
12311.153,6926,5715
12311.864,6927,5715
12313.136,6928,5715
12313.722,6929,5715
12314.105,6930,5715
12317.829,6931,5715
12317.89,6932,5715
12318.101,6933,5715
12319.808,6934,5715
12320.706,6935,5715
12321.104,6936,5715
12321.704,6937,5715
12325.035,6938,5715
12325.305,6939,5715
12327.786,6940,5715
12329.699,6941,5715
12337.497,6942,5715
12339.669,6943,5715
12344.46,6944,5715
12345.783,6945,5715
12347.956,6946,5715
12350.347,6947,5715
12350.929,6948,5715
12352.166,6949,5715
12352.199,6950,5715
12358.523,6951,5715
12373.941,6952,5715
12382.268,6953,5715
12406.397,6954,5715
12406.617,6955,5715
12406.778,6956,5715
12407.377,6957,5715
12411.049,6958,5715
12412.17,6959,5715
12412.741,6960,5715
12413.577,6961,5715
12424.232,6962,5715
12434.58,6963,5715
12438.363,6964,5715
12439.751,6965,5715
12442.136,6966,5715
12444.431,6967,5715
12444.577,6968,5715
12448.259,6969,5715
12449.973,6970,5715
12450.279,6971,5715
12451.06,6972,5715
12451.25,6973,5715
12453.026,6974,5715
12453.406,6975,5715
12455.888,6976,5715
12456.779,6977,5715
12461.795,6978,5715
12461.826,6979,5715
12462.654,6980,5715
12464.676,6981,5715
12464.787,6982,5715
12466.268,6983,5715
12466.914,6984,5715
12467.307,6985,5715
12468.368,6986,5715
12468.434,6987,5715
12469.225,6988,5715
12470.275,6989,5715
12472.729,6990,5715
12473.106,6991,5715
12479.034,6992,5715
12479.275,6993,5715
12482.661,6994,5715
12492.591,6995,5715
12494.272,6996,5715
12494.875,6997,5715
12507.196,6998,5715
12507.426,6999,5715
12507.817,7000,5715
12507.98,7001,5715
12508.465,7002,5715
12510.852,7003,5715
12514.338,7004,5715
12517.976,7005,5715
12553.39,7006,5715
12553.517,7007,5715
12553.789,7008,5715
12556.936,7009,5715
12557.109,7010,5715
12557.372,7011,5715
12562.391,7012,5715
12563.348,7013,5715
12564.649,7014,5715
12565.452,7015,5715
12572.308,7016,5715
12574.296,7017,5715
12577.453,7018,5715
12577.494,7019,5715
12594.389,7020,5715
12604.463,7021,5715
12605.104,7022,5715
12612.079,7023,5715
12615.603,7024,5715
12629.472,7025,5715
12635.462,7026,5715
12644.782,7027,5715
12658.695,7028,5715
12669.18,7029,5715
12677.417,7030,5715
12678.031,7031,5715
12678.416,7032,5715
12679.215,7033,5715
12679.923,7034,5715
12680.291,7035,5715
12684.174,7036,5715
12684.414,7037,5715
12694.102,7038,5715
12697.652,7039,5715
12710.088,7040,5715
12721.825,7041,5715
12749.088,7042,5715
12750.508,7043,5715
12750.861,7044,5715
12767.874,7045,5715
12773.481,7046,5715
12773.573,7047,5715
12773.595,7048,5715
12773.714,7049,5715
12774.05,7050,5715
12776.84,7051,5715
12792.744,7052,5715
12792.768,7053,5715
12794.783,7054,5715
12809.199,7055,5715
12815.069,7056,5715
12816.139,7057,5715
12819.198,7058,5715
12820.939,7059,5715
12864.674,7060,5715
12865.074,7061,5715
12866.92,7062,5715
12887.918,7063,5715
12892.946,7064,5715
12894.508,7065,5715
12897.943,7066,5715
12899.845,7067,5715
12906.823,7068,5715
12909.299,7069,5715
12911.669,7070,5715
12923.004,7071,5715
12929.121,7072,5715
12959.282,7073,5715
12959.304,7074,5715
12959.378,7075,5715
12959.585,7076,5715
12960.079,7077,5715
12961.129,7078,5715
12962.145,7079,5715
12962.478,7080,5715
12962.773,7081,5715
12962.907,7082,5715
12963.198,7083,5715
12964.906,7084,5715
12964.962,7085,5715
12973.498,7086,5715
12975.122,7087,5715
12976.428,7088,5715
12980.464,7089,5715
12981.584,7090,5715
12983.597,7091,5715
12984.025,7092,5715
12985.014,7093,5715
12993.296,7094,5715
12993.381,7095,5715
12994.217,7096,5715
12994.456,7097,5715
12995.39,7098,5715
12998.38,7099,5715
13005.102,7100,5715
13005.494,7101,5715
13008.185,7102,5715
13012.522,7103,5715
13012.831,7104,5715
13014.626,7105,5715
13014.764,7106,5715
13034.674,7107,5715
13052.475,7108,5715
13053.576,7109,5715
13053.955,7110,5715
13055.086,7111,5715
13062.163,7112,5715
13064.741,7113,5715
13064.769,7114,5715
13067.548,7115,5715
13069.211,7116,5715
13069.232,7117,5715
13069.288,7118,5715
13069.432,7119,5715
13073.347,7120,5715
13073.575,7121,5715
13075.323,7122,5715
13080.622,7123,5715
13086.356,7124,5715
13088.871,7125,5715
13100.774,7126,5715
13100.798,7127,5715
13100.895,7128,5715
13107.423,7129,5715
13107.559,7130,5715
13107.641,7131,5715
13108.223,7132,5715
13109.314,7133,5715
13112.593,7134,5715
13113.606,7135,5715
13115.581,7136,5715
13131.485,7137,5715
13132.218,7138,5715
13133.352,7139,5715
13133.6,7140,5715
13133.61,7141,5715
13133.757,7142,5715
13134.004,7143,5715
13135.029,7144,5715
13135.704,7145,5715
13135.823,7146,5715
13136.037,7147,5715
13136.743,7148,5715
13139.094,7149,5715
13140.182,7150,5715
13140.345,7151,5715
13141.071,7152,5715
13141.678,7153,5715
13141.939,7154,5715
13144.656,7155,5715
13145.52,7156,5715
13146.769,7157,5715
13185.419,7158,5715
13201.602,7159,5715
13202.288,7160,5715
13203.1,7161,5715
13209.031,7162,5715
13209.356,7163,5715
13211.495,7164,5715
13211.552,7165,5715
13219.626,7166,5715
13221.211,7167,5715
13222.143,7168,5715
13223.99,7169,5715
13229.684,7170,5715
13247.872,7171,5715
13249.076,7172,5715
13250.137,7173,5715
13263.276,7174,5715
13263.518,7175,5715
13263.565,7176,5715
13264.336,7177,5715
13268.039,7178,5715
13270.667,7179,5715
13272.649,7180,5715
13276.685,7181,5715
13323.185,7182,5715
13337.27,7183,5715
13399.313,7184,5715
13403.305,7185,5715
13405.388,7186,5715
13406.583,7187,5715
13407.008,7188,5715
13408.129,7189,5715
13408.379,7190,5715
13408.933,7191,5715
13409.715,7192,5715
13410.099,7193,5715
13410.82,7194,5715
13411.028,7195,5715
13412.372,7196,5715
13413.282,7197,5715
13415.756,7198,5715
13421.559,7199,5715
13428.254,7200,5715
13430.794,7201,5718
13430.997,7202,5718
13431.535,7203,5718
13434.291,7204,5718
13434.911,7205,5718
13435.0,7206,5718
13435.292,7207,5718
13435.345,7208,5718
13435.365,7209,5718
13437.473,7210,5719
13440.123,7211,5719
13440.136,7212,5719
13442.949,7213,5719
13443.857,7214,5719
13444.996,7215,5719
13445.31,7216,5719
13445.373,7217,5719
13445.432,7218,5719
13458.615,7219,5719
13459.782,7220,5719
13461.324,7221,5719
13462.334,7222,5719
13463.488,7223,5719
13463.709,7224,5719
13469.979,7225,5719
13473.114,7226,5719
13481.709,7227,5719
13482.687,7228,5719
13486.547,7229,5719
13489.928,7230,5719
13492.946,7231,5719
13521.816,7232,5719
13525.737,7233,5719
13525.813,7234,5719
13552.235,7235,5719
13556.951,7236,5719
13559.149,7237,5719
13561.239,7238,5719
13562.234,7239,5719
13562.414,7240,5719
13581.119,7241,5719
13589.769,7242,5719
13652.441,7243,5719
13654.849,7244,5719
13661.614,7245,5719
13661.712,7246,5719
13661.77,7247,5719
13661.898,7248,5719
13662.946,7249,5719
13663.137,7250,5719
13663.784,7251,5719
13664.498,7252,5719
13665.566,7253,5719
13665.887,7254,5719
13666.17,7255,5719
13689.3,7256,5719
13693.442,7257,5719
13701.368,7258,5719
13701.514,7259,5719
13701.73,7260,5719
13702.114,7261,5719
13722.078,7262,5719
13722.146,7263,5719
13722.662,7264,5719
13733.4,7265,5719
13734.983,7266,5719
13740.402,7267,5719
13748.963,7268,5719
13772.73,7269,5719
13773.391,7270,5719
13779.792,7271,5719
13784.484,7272,5719
13785.398,7273,5719
13786.264,7274,5719
13786.334,7275,5719
13786.549,7276,5719
13786.812,7277,5719
13795.18,7278,5719
13796.884,7279,5719
13800.893,7280,5719
13802.108,7281,5719
13802.279,7282,5719
13804.22,7283,5719
13804.754,7284,5719
13805.767,7285,5719
13810.843,7286,5719
13813.347,7287,5719
13819.038,7288,5719
13819.271,7289,5719
13819.31,7290,5719
13819.885,7291,5719
13823.141,7292,5719
13825.466,7293,5719
13828.009,7294,5720
13830.563,7295,5720
13835.087,7296,5720
13840.855,7297,5720
13840.9,7298,5720
13855.193,7299,5720
13862.104,7300,5720
13862.226,7301,5720
13864.481,7302,5720
13864.532,7303,5720
13865.112,7304,5720
13873.441,7305,5720
13901.14,7306,5720
13901.811,7307,5720
13902.224,7308,5720
13904.72,7309,5720
13911.341,7310,5720
13912.213,7311,5720
13913.78,7312,5720
13922.572,7313,5720
13924.264,7314,5720
13924.28,7315,5720
13924.405,7316,5720
13924.888,7317,5720
13926.092,7318,5720
13933.55,7319,5720
13938.671,7320,5720
13939.124,7321,5720
13940.048,7322,5720
13940.102,7323,5720
13940.517,7324,5720
13940.682,7325,5720
13941.647,7326,5720
13942.301,7327,5720
13946.656,7328,5720
13948.258,7329,5720
13948.693,7330,5720
13948.801,7331,5720
13949.079,7332,5720
13960.79,7333,5720
13962.618,7334,5720
13962.715,7335,5720
13963.236,7336,5720
13963.457,7337,5720
13965.189,7338,5721
13967.097,7339,5721
13973.809,7340,5721
13987.016,7341,5721
13987.564,7342,5721
13987.848,7343,5721
13990.094,7344,5721
13993.394,7345,5721
13994.424,7346,5721
14055.728,7347,5721
14055.774,7348,5721
14086.559,7349,5721
14090.719,7350,5721
14092.27,7351,5721
14092.316,7352,5721
14092.502,7353,5721
14092.609,7354,5721
14092.661,7355,5721
14093.053,7356,5721
14093.37,7357,5721
14093.528,7358,5721
14093.535,7359,5721
14093.885,7360,5721
14096.952,7361,5721
14103.043,7362,5721
14123.492,7363,5721
14135.023,7364,5721
14135.153,7365,5721
14136.016,7366,5721
14136.681,7367,5721
14136.767,7368,5721
14140.915,7369,5721
14141.32,7370,5721
14143.108,7371,5721
14144.444,7372,5721
14145.155,7373,5721
14146.315,7374,5721
14152.99,7375,5721
14158.218,7376,5721
14162.292,7377,5721
14165.129,7378,5721
14178.209,7379,5721
14178.522,7380,5721
14179.626,7381,5721
14184.445,7382,5721
14184.466,7383,5721
14187.067,7384,5721
14227.681,7385,5721
14228.71,7386,5721
14228.857,7387,5721
14234.274,7388,5721
14235.448,7389,5721
14248.935,7390,5721
14250.842,7391,5721
14250.943,7392,5721
14254.106,7393,5721
14256.062,7394,5721
14261.769,7395,5721
14264.699,7396,5721
14294.228,7397,5721
14294.248,7398,5721
14295.299,7399,5721
14299.224,7400,5721
14301.879,7401,5721
14305.902,7402,5721
14306.5,7403,5721
14306.997,7404,5721
14307.724,7405,5721
14307.985,7406,5721
14311.181,7407,5721
14311.647,7408,5721
14312.519,7409,5721
14312.611,7410,5721
14313.707,7411,5721
14317.971,7412,5721
14318.816,7413,5721
14331.63,7414,5721
14331.659,7415,5721
14335.967,7416,5721
14336.564,7417,5721
14338.28,7418,5721
14340.412,7419,5721
14340.902,7420,5721
14343.228,7421,5721
14344.403,7422,5721
14350.084,7423,5721
14352.711,7424,5721
14354.209,7425,5721
14365.156,7426,5721
14370.714,7427,5721
14383.299,7428,5721
14383.404,7429,5721
14384.059,7430,5721
14384.246,7431,5721
14384.843,7432,5721
14385.547,7433,5721
14385.928,7434,5721
14386.398,7435,5721
14387.545,7436,5721
14401.436,7437,5721
14403.009,7438,5721
14405.088,7439,5721
14405.656,7440,5721
14406.008,7441,5721
14408.253,7442,5721
14419.441,7443,5721
14431.59,7444,5721
14441.58,7445,5721
14443.96,7446,5721
14445.925,7447,5721
14445.998,7448,5721
14446.361,7449,5721
14448.308,7450,5721
14450.113,7451,5721
14451.939,7452,5721
14453.125,7453,5721
14457.192,7454,5721
14457.298,7455,5721
14462.056,7456,5723
14464.758,7457,5723
14474.512,7458,5723
14474.63,7459,5733
14474.732,7460,5738
14475.52,7461,5739
14475.536,7462,5739
14475.564,7463,5742
14475.573,7464,5743
14475.587,7465,5743
14475.616,7466,5743
14475.634,7467,5743
14475.695,7468,5743
14475.732,7469,5743
14475.75,7470,5743
14475.768,7471,5743
14475.829,7472,5743
14476.07,7473,5743
14476.305,7474,5743
14476.319,7475,5743
14476.339,7476,5743
14476.631,7477,5743
14476.87,7478,5744
14476.949,7479,5744
14477.004,7480,5744
14477.257,7481,5744
14477.476,7482,5744
14478.159,7483,5744
14478.266,7484,5744
14478.319,7485,5744
14478.904,7486,5744
14479.289,7487,5744
14479.573,7488,5795
14480.395,7489,5795
14481.269,7490,5795
14481.741,7491,5795
14481.771,7492,5810
14482.138,7493,5812
14483.838,7494,5812
14484.859,7495,5812
14484.948,7496,5812
14486.53,7497,5853
14486.549,7498,5861
14486.553,7499,5866
14486.559,7500,5869
14486.564,7501,5873
14486.573,7502,5873
14486.578,7503,5873
14486.903,7504,5873
14488.562,7505,5873
14494.364,7506,5873
14497.404,7507,5873
14497.451,7508,5873
14497.485,7509,5873
14497.527,7510,5873
14497.799,7511,5873
14498.365,7512,5873
14501.304,7513,5873
14503.197,7514,5873
14510.118,7515,5892
14511.691,7516,5952
14511.698,7517,5952
14513.68,7518,5952
14513.704,7519,5952
14514.12,7520,5954
14514.144,7521,5957
14514.326,7522,5957
14514.378,7523,5957
14514.603,7524,5958
14514.73,7525,5958
14515.034,7526,5958
14515.376,7527,5959
14515.659,7528,5959
14516.159,7529,5959
14516.661,7530,5960
14517.01,7531,5961
14517.776,7532,5961
14517.86,7533,5965
14518.283,7534,5968
14518.476,7535,5968
14518.741,7536,5968
14518.878,7537,5968
14519.244,7538,5974
14521.657,7539,5975
14524.533,7540,5975
14527.701,7541,5975
14527.848,7542,5976
14529.49,7543,5976
14529.506,7544,5976
14529.511,7545,5976
14529.515,7546,5977
14529.526,7547,5977
14529.534,7548,5982
14529.551,7549,5982
14529.564,7550,5982
14531.474,7551,5982
14531.486,7552,5982
14531.499,7553,5982
14531.503,7554,5982
14531.52,7555,5982
14531.81,7556,5982
14531.943,7557,5982
14531.964,7558,5982
14531.996,7559,5982
14532.022,7560,5989
14532.03,7561,5989
14532.059,7562,5990
14532.105,7563,5991
14532.225,7564,5993
14532.247,7565,5993
14532.4,7566,5993
14532.449,7567,5993
14532.559,7568,5993
14532.792,7569,6003
14532.912,7570,6009
14533.039,7571,6009
14533.178,7572,6009
14533.206,7573,6009
14533.302,7574,6009
14533.407,7575,6009
14533.662,7576,6009
14533.681,7577,6011
14533.689,7578,6012
14533.737,7579,6013
14534.03,7580,6013
14534.271,7581,6013
14534.549,7582,6013
14534.83,7583,6013
14534.934,7584,6013
14535.198,7585,6013
14535.285,7586,6013
14535.346,7587,6013
14535.58,7588,6013
14535.895,7589,6013
14536.086,7590,6014
14536.356,7591,6014
14536.443,7592,6014
14536.603,7593,6014
14536.656,7594,6017
14536.935,7595,6017
14537.204,7596,6017
14537.409,7597,6017
14537.943,7598,6017
14538.248,7599,6019
14538.506,7600,6027
14538.702,7601,6027
14538.972,7602,6031
14539.012,7603,6031
14539.107,7604,6031
14539.518,7605,6033
14539.556,7606,6033
14539.662,7607,6033
14539.828,7608,6033
14539.902,7609,6033
14540.081,7610,6034
14540.299,7611,6034
14540.346,7612,6034
14541.406,7613,6042
14541.589,7614,6069
14542.388,7615,6069
14542.974,7616,6069
14543.231,7617,6069
14543.264,7618,6072
14543.685,7619,6075
14544.566,7620,6075
14545.724,7621,6078
14546.521,7622,6084
14546.624,7623,6084
14548.816,7624,6084
14549.081,7625,6084
14549.09,7626,6091
14550.498,7627,6091
14550.68,7628,6091
14550.718,7629,6091
14551.099,7630,6092
14551.224,7631,6093
14551.674,7632,6094
14552.469,7633,6094
14552.525,7634,6094
14552.563,7635,6094
14552.739,7636,6094
14553.442,7637,6096
14553.979,7638,6096
14554.843,7639,6096
14554.863,7640,6096
14555.11,7641,6096
14555.987,7642,6096
14556.053,7643,6096
14556.874,7644,6100
14557.991,7645,6102
14558.594,7646,6102
14560.473,7647,6102
14561.257,7648,6102
14562.568,7649,6103
14562.711,7650,6103
14563.016,7651,6103
14563.641,7652,6104
14563.862,7653,6105
14564.861,7654,6105
14565.175,7655,6105
14565.284,7656,6105
14565.702,7657,6105
14566.698,7658,6105
14567.32,7659,6109
14567.494,7660,6109
14567.753,7661,6109
14568.585,7662,6109
14568.867,7663,6109
14570.441,7664,6110
14571.805,7665,6110
14571.844,7666,6110
14574.893,7667,6110
14576.884,7668,6110
14578.959,7669,6110
14580.228,7670,6110
14580.257,7671,6110
14580.297,7672,6110
14582.218,7673,6110
14582.235,7674,6112
14582.241,7675,6112
14582.813,7676,6113
14584.849,7677,6113
14585.43,7678,6115
14585.437,7679,6116
14585.443,7680,6123
14586.819,7681,6123
14586.832,7682,6124
14586.869,7683,6137
14586.96,7684,6137
14586.999,7685,6139
14587.323,7686,6139
14587.908,7687,6139
14588.074,7688,6139
14588.301,7689,6141
14588.845,7690,6141
14590.365,7691,6141
14590.508,7692,6149
14590.623,7693,6149
14591.632,7694,6149
14591.825,7695,6149
14592.066,7696,6149
14593.68,7697,6149
14593.837,7698,6149
14601.54,7699,6150
14601.551,7700,6151
14601.572,7701,6151
14601.607,7702,6151
14601.625,7703,6151
14601.655,7704,6151
14601.682,7705,6151
14601.711,7706,6151
14601.735,7707,6151
14601.753,7708,6151
14602.681,7709,6151
14603.494,7710,6151
14609.331,7711,6153
14609.452,7712,6153
14609.501,7713,6153
14609.586,7714,6153
14609.599,7715,6154
14609.615,7716,6154
14609.629,7717,6154
14609.644,7718,6159
14609.66,7719,6159
14609.674,7720,6159
14609.688,7721,6159
14611.477,7722,6159
14611.516,7723,6159
14613.28,7724,6159
14613.311,7725,6159
14613.337,7726,6159
14616.314,7727,6159
14619.901,7728,6159
14629.494,7729,6159
14629.811,7730,6160
14630.006,7731,6160
14630.092,7732,6161
14630.108,7733,6161
14630.128,7734,6161
14630.145,7735,6161
14630.159,7736,6161
14630.308,7737,6161
14630.854,7738,6161
14632.176,7739,6161
14632.447,7740,6162
14632.545,7741,6162
14632.739,7742,6162
14633.571,7743,6162
14638.69,7744,6162
14644.579,7745,6162
14644.612,7746,6162
14646.199,7747,6162
14648.145,7748,6162
14650.259,7749,6162
14651.866,7750,6162
14652.092,7751,6162
14653.742,7752,6162
14657.598,7753,6162
14658.878,7754,6182
14661.878,7755,6182
14667.847,7756,6182
14668.178,7757,6182
14672.035,7758,6182
14672.119,7759,6182
14672.797,7760,6182
14672.992,7761,6182
14673.362,7762,6182
14674.085,7763,6182
14674.453,7764,6182
14674.724,7765,6182
14676.54,7766,6182
14678.885,7767,6182
14679.069,7768,6182
14679.496,7769,6182
14682.621,7770,6182
14683.631,7771,6182
14685.554,7772,6183
14686.473,7773,6183
14688.552,7774,6183
14690.26,7775,6188
14690.874,7776,6190
14691.69,7777,6191
14691.811,7778,6192
14692.539,7779,6192
14692.631,7780,6193
14692.813,7781,6193
14693.308,7782,6194
14693.466,7783,6194
14695.214,7784,6194
14695.71,7785,6194
14696.253,7786,6194
14696.958,7787,6194
14697.17,7788,6194
14697.927,7789,6194
14698.301,7790,6194
14702.787,7791,6194
14707.232,7792,6194
14707.416,7793,6194
14707.722,7794,6194
14709.807,7795,6194
14712.387,7796,6194
14712.873,7797,6195
14713.766,7798,6196
14717.627,7799,6196
14719.624,7800,6196
14721.465,7801,6196
14722.696,7802,6196
14722.715,7803,6196
14723.72,7804,6196
14723.728,7805,6196
14723.741,7806,6196
14723.766,7807,6196
14723.786,7808,6196
14723.806,7809,6196
14723.816,7810,6196
14723.838,7811,6196
14723.859,7812,6198
14723.881,7813,6198
14723.905,7814,6198
14723.927,7815,6198
14723.936,7816,6199
14723.959,7817,6199
14723.986,7818,6199
14724.008,7819,6200
14724.041,7820,6200
14724.064,7821,6200
14724.087,7822,6200
14724.096,7823,6200
14724.141,7824,6200
14724.174,7825,6200
14724.211,7826,6201
14724.223,7827,6201
14724.281,7828,6201
14724.328,7829,6201
14724.369,7830,6201
14724.614,7831,6201
14724.673,7832,6201
14724.73,7833,6201
14724.979,7834,6201
14725.4,7835,6201
14725.507,7836,6201
14725.656,7837,6201
14725.718,7838,6201
14725.864,7839,6201
14725.971,7840,6201
14726.154,7841,6201
14726.493,7842,6201
14726.509,7843,6201
14726.925,7844,6201
14726.964,7845,6201
14727.107,7846,6201
14727.244,7847,6201
14727.499,7848,6201
14727.547,7849,6201
14727.769,7850,6201
14727.816,7851,6201
14728.223,7852,6202
14728.53,7853,6202
14729.129,7854,6202
14729.32,7855,6202
14729.544,7856,6202
14731.417,7857,6202
14732.069,7858,6202
14732.919,7859,6202
14737.922,7860,6202
14738.167,7861,6202
14738.899,7862,6202
14739.895,7863,6202
14740.745,7864,6202
14741.062,7865,6202
14744.743,7866,6202
14745.121,7867,6202
14746.615,7868,6202
14748.032,7869,6202
14754.938,7870,6202
14760.0,7871,6202
14761.812,7872,6203
14763.12,7873,6203
14763.19,7874,6203
14776.386,7875,6203
14785.997,7876,6203
14786.224,7877,6203
14794.726,7878,6203
14806.339,7879,6204
14808.283,7880,6204
14812.143,7881,6204
14824.531,7882,6204
14842.779,7883,6204
14842.816,7884,6204
14842.895,7885,6204
14843.258,7886,6204
14843.907,7887,6205
14846.459,7888,6205
14847.311,7889,6205
14847.481,7890,6205
14854.356,7891,6205
14859.417,7892,6205
14869.256,7893,6205
14871.863,7894,6205
14872.432,7895,6205
14872.915,7896,6205
14873.712,7897,6205
14873.833,7898,6205
14874.746,7899,6205
14875.246,7900,6205
14875.467,7901,6205
14876.072,7902,6206
14876.783,7903,6207
14877.197,7904,6207
14878.756,7905,6207
14880.197,7906,6207
14881.173,7907,6207
14883.012,7908,6207
14885.348,7909,6207
14886.065,7910,6207
14887.876,7911,6207
14889.048,7912,6207
14891.382,7913,6207
14896.649,7914,6207
14903.018,7915,6207
14904.823,7916,6207
14905.715,7917,6207
14905.86,7918,6207
14906.716,7919,6207
14906.836,7920,6207
14908.027,7921,6207
14908.086,7922,6207
14914.972,7923,6207
14922.34,7924,6207
14926.459,7925,6207
14933.96,7926,6207
14939.786,7927,6207
14945.623,7928,6207
14947.859,7929,6207
14948.075,7930,6207
14948.467,7931,6207
14958.467,7932,6207
14960.214,7933,6207
14963.11,7934,6207
14966.672,7935,6207
14969.547,7936,6207
14970.361,7937,6207
14972.367,7938,6207
14979.402,7939,6207
14980.419,7940,6207
14981.245,7941,6207
14981.975,7942,6207
14986.103,7943,6207
14997.064,7944,6207
14997.54,7945,6207
15006.167,7946,6207
15012.701,7947,6207
15017.771,7948,6207
15018.534,7949,6207
15019.414,7950,6207
15019.836,7951,6207
15020.356,7952,6207
15020.754,7953,6207
15021.693,7954,6207
15022.596,7955,6207
15025.978,7956,6207
15027.063,7957,6207
15028.57,7958,6207
15031.519,7959,6207
15033.604,7960,6207
15040.082,7961,6207
15041.083,7962,6207
15052.782,7963,6207
15056.576,7964,6207
15060.74,7965,6207
15062.081,7966,6207
15062.169,7967,6207
15062.492,7968,6207
15064.545,7969,6207
15069.566,7970,6207
15069.713,7971,6207
15070.436,7972,6207
15070.697,7973,6207
15073.841,7974,6207
15074.628,7975,6207
15077.578,7976,6207
15083.413,7977,6207
15092.286,7978,6207
15117.621,7979,6208
15118.244,7980,6208
15119.496,7981,6208
15119.687,7982,6208
15120.35,7983,6208
15123.957,7984,6208
15124.081,7985,6208
15127.001,7986,6208
15130.429,7987,6208
15143.306,7988,6208
15165.87,7989,6208
15181.522,7990,6208
15197.443,7991,6208
15198.552,7992,6208
15199.258,7993,6208
15199.578,7994,6208
15199.736,7995,6208
15201.048,7996,6208
15205.659,7997,6208
15212.895,7998,6208
15214.672,7999,6208
15225.322,8000,6208
15227.678,8001,6208
15248.375,8002,6208
15252.775,8003,6208
15259.239,8004,6208
15285.946,8005,6208
15319.969,8006,6208
15353.732,8007,6208
15353.75,8008,6208
15354.103,8009,6208
15354.144,8010,6208
15354.783,8011,6208
15355.017,8012,6208
15355.096,8013,6208
15355.33,8014,6208
15358.28,8015,6208
15359.166,8016,6208
15372.88,8017,6208
15387.93,8018,6208
15387.971,8019,6208
15410.429,8020,6208
15418.379,8021,6208
15418.491,8022,6208
15418.643,8023,6208
15418.851,8024,6208
15419.556,8025,6208
15419.71,8026,6208
15420.198,8027,6208
15421.16,8028,6208
15422.477,8029,6208
15422.818,8030,6208
15422.88,8031,6208
15424.915,8032,6208
15427.66,8033,6208
15430.339,8034,6208
15431.15,8035,6208
15434.218,8036,6208
15441.627,8037,6208
15454.71,8038,6208
15456.51,8039,6208
15456.811,8040,6208
15457.299,8041,6208
15458.194,8042,6208
15459.669,8043,6208
15459.824,8044,6208
15460.184,8045,6208
15462.242,8046,6208
15466.583,8047,6208
15468.634,8048,6208
15474.525,8049,6208
15475.38,8050,6208
15487.055,8051,6208
15487.734,8052,6208
15488.767,8053,6208
15530.381,8054,6208
15530.816,8055,6208
15539.089,8056,6208
15546.264,8057,6208
15566.752,8058,6208
15566.864,8059,6208
15568.051,8060,6208
15570.118,8061,6208
15574.173,8062,6208
15576.43,8063,6208
15579.107,8064,6208
15579.336,8065,6208
15579.379,8066,6208
15583.179,8067,6208
15583.491,8068,6208
15613.549,8069,6208
15629.023,8070,6208
15629.044,8071,6208
15631.643,8072,6208
15636.552,8073,6208
15642.626,8074,6208
15658.821,8075,6208
15665.1,8076,6208
15669.978,8077,6208
15681.383,8078,6208
15710.585,8079,6208
15710.772,8080,6208
15712.897,8081,6208
15713.681,8082,6208
15715.531,8083,6208
15715.832,8084,6208
15715.947,8085,6208
15719.444,8086,6208
15726.027,8087,6208
15727.914,8088,6208
15730.432,8089,6208
15730.454,8090,6208
15730.506,8091,6208
15730.521,8092,6208
15730.583,8093,6208
15730.595,8094,6208
15730.614,8095,6208
15730.848,8096,6208
15753.364,8097,6208
15754.595,8098,6208
15755.261,8099,6208
15762.283,8100,6208
15764.467,8101,6208
15767.29,8102,6208
15768.013,8103,6208
15796.327,8104,6208
15824.139,8105,6208
15825.889,8106,6208
15826.143,8107,6208
15830.179,8108,6208
15840.043,8109,6208
15869.308,8110,6208
15880.083,8111,6208
15880.527,8112,6208
15898.064,8113,6208
15906.249,8114,6208
15906.546,8115,6208
15915.293,8116,6208
15917.154,8117,6208
15917.211,8118,6208
15919.786,8119,6208
15920.253,8120,6208
15923.97,8121,6208
15925.424,8122,6208
15926.699,8123,6208
15932.323,8124,6208
15957.066,8125,6208
15957.099,8126,6208
15957.237,8127,6208
15957.45,8128,6208
15958.352,8129,6208
15958.794,8130,6208
15960.233,8131,6208
15963.146,8132,6208
15969.688,8133,6208
15976.254,8134,6208
15976.768,8135,6208
15999.9,8136,6208
16000.862,8137,6208
16002.212,8138,6208
16010.274,8139,6208
16010.338,8140,6208
16019.273,8141,6208
16020.608,8142,6208
16021.834,8143,6208
16024.666,8144,6208
16045.239,8145,6208
16045.619,8146,6208
16046.183,8147,6208
16046.25,8148,6208
16048.794,8149,6208
16050.757,8150,6208
16075.423,8151,6208
16184.774,8152,6208
16185.081,8153,6208
16233.808,8154,6208
16234.968,8155,6208
16235.366,8156,6208
16237.418,8157,6208
16240.37,8158,6208
16242.868,8159,6208
16273.994,8160,6208
16276.972,8161,6208
16330.092,8162,6208
16339.09,8163,6208
16364.589,8164,6208
16367.119,8165,6208
16374.9,8166,6208
16387.73,8167,6208
16388.024,8168,6208
16388.606,8169,6208
16389.428,8170,6208
16405.101,8171,6208
16413.841,8172,6208
16464.31,8173,6208
16486.501,8174,6208
16540.641,8175,6208
16540.711,8176,6208
16541.175,8177,6208
16541.282,8178,6208
16541.43,8179,6208
16542.742,8180,6208
16543.515,8181,6208
16543.801,8182,6208
16543.87,8183,6208
16545.233,8184,6208
16545.272,8185,6208
16545.387,8186,6208
16545.885,8187,6208
16546.222,8188,6208
16548.313,8189,6208
16549.358,8190,6208
16549.53,8191,6208
16549.689,8192,6208
16549.92,8193,6208
16550.288,8194,6208
16551.98,8195,6208
16551.995,8196,6208
16603.317,8197,6208
16613.159,8198,6208
16615.127,8199,6208
16615.535,8200,6208
16619.423,8201,6208
16619.56,8202,6208
16622.919,8203,6208
16623.329,8204,6208
16624.12,8205,6208
16624.309,8206,6208
16628.991,8207,6208
16631.05,8208,6208
16632.99,8209,6208
16635.147,8210,6208
16644.491,8211,6208
16653.836,8212,6208
16662.955,8213,6208
16663.029,8214,6208
16704.278,8215,6208
16705.636,8216,6208
16717.36,8217,6208
16717.454,8218,6208
16719.001,8219,6208
16719.397,8220,6208
16721.931,8221,6208
16769.832,8222,6208
16817.61,8223,6208
16822.599,8224,6208
16823.047,8225,6208
16826.691,8226,6208
16828.085,8227,6208
16902.029,8228,6208
16921.475,8229,6208
16928.967,8230,6208
16931.66,8231,6208
16945.723,8232,6208
16956.486,8233,6208
16973.165,8234,6208
16973.239,8235,6208
16974.894,8236,6208
16979.26,8237,6208
16980.973,8238,6208
16995.921,8239,6208
17047.49,8240,6208
17048.236,8241,6208
17049.53,8242,6208
17051.763,8243,6208
17054.857,8244,6208
17055.364,8245,6208
17063.527,8246,6208
17067.235,8247,6208
17096.957,8248,6208
17097.586,8249,6208
17146.654,8250,6208
17165.381,8251,6208
17178.07,8252,6208
17178.747,8253,6208
17179.079,8254,6208
17181.157,8255,6208
17191.446,8256,6208
17198.265,8257,6208
17199.255,8258,6208
17232.975,8259,6208
17236.413,8260,6208
17276.95,8261,6208
17278.009,8262,6208
17308.815,8263,6208
17359.618,8264,6208
17360.119,8265,6208
17393.054,8266,6208
17393.085,8267,6208
17395.705,8268,6208
17396.35,8269,6208
17398.206,8270,6208
17424.167,8271,6208
17461.765,8272,6208
17463.531,8273,6208
17470.841,8274,6208
17470.954,8275,6208
17471.339,8276,6208
17472.273,8277,6208
17472.436,8278,6208
17473.06,8279,6208
17473.218,8280,6208
17473.589,8281,6208
17473.94,8282,6208
17474.121,8283,6208
17474.804,8284,6208
17474.941,8285,6208
17476.532,8286,6208
17477.361,8287,6208
17479.086,8288,6208
17479.705,8289,6208
17479.897,8290,6208
17481.024,8291,6208
17481.146,8292,6208
17487.364,8293,6208
17487.731,8294,6208
17487.884,8295,6208
17489.231,8296,6208
17489.963,8297,6208
17490.504,8298,6208
17493.888,8299,6208
17495.365,8300,6208
17499.087,8301,6208
17499.474,8302,6208
17499.714,8303,6208
17499.787,8304,6208
17500.474,8305,6209
17500.53,8306,6209
17500.661,8307,6209
17500.669,8308,6210
17501.298,8309,6210
17502.785,8310,6210
17502.986,8311,6210
17504.696,8312,6210
17505.248,8313,6210
17505.34,8314,6210
17506.659,8315,6210
17507.118,8316,6210
17507.417,8317,6210
17508.891,8318,6210
17509.328,8319,6210
17510.466,8320,6210
17523.479,8321,6210
17523.59,8322,6210
17531.069,8323,6210
17539.603,8324,6210
17541.812,8325,6210
17546.337,8326,6210
17549.868,8327,6210
17550.184,8328,6210
17561.586,8329,6210
17564.089,8330,6210
17630.957,8331,6210
17649.397,8332,6210
17740.887,8333,6210
17752.214,8334,6210
17753.904,8335,6210
17814.26,8336,6210
17814.713,8337,6210
17816.692,8338,6210
17897.877,8339,6210
17910.284,8340,6210
17927.686,8341,6210
17952.227,8342,6210
17993.679,8343,6210
18010.505,8344,6210
18010.608,8345,6210
18012.659,8346,6210
18020.868,8347,6210
18023.165,8348,6210
18028.485,8349,6210
18033.772,8350,6210
18062.556,8351,6210
18064.584,8352,6210
18064.984,8353,6210
18065.266,8354,6210
18066.793,8355,6210
18071.205,8356,6210
18083.266,8357,6210
18128.173,8358,6210
18139.674,8359,6210
18140.073,8360,6210
18140.306,8361,6210
18140.393,8362,6210
18141.465,8363,6210
18145.924,8364,6210
18147.526,8365,6210
18152.606,8366,6210
18153.521,8367,6210
18154.624,8368,6210
18154.684,8369,6210
18155.167,8370,6210
18155.338,8371,6210
18156.062,8372,6210
18157.555,8373,6210
18160.867,8374,6210
18165.604,8375,6210
18168.672,8376,6210
18168.681,8377,6210
18168.789,8378,6210
18197.718,8379,6210
18198.858,8380,6210
18221.703,8381,6210
18221.755,8382,6210
18221.846,8383,6210
18222.323,8384,6210
18222.473,8385,6210
18225.783,8386,6210
18226.252,8387,6210
18228.048,8388,6210
18237.886,8389,6210
18251.995,8390,6210
18253.052,8391,6210
18253.073,8392,6210
18253.208,8393,6210
18253.341,8394,6210
18253.422,8395,6210
18253.581,8396,6210
18253.888,8397,6210
18254.021,8398,6210
18254.126,8399,6210
18254.264,8400,6210
18254.369,8401,6210
18254.383,8402,6210
18256.524,8403,6210
18256.919,8404,6210
18257.889,8405,6211
18258.578,8406,6211
18259.013,8407,6211
18259.676,8408,6211
18259.724,8409,6211
18259.862,8410,6211
18260.419,8411,6211
18267.374,8412,6211
18269.818,8413,6211
18343.95,8414,6211
18344.702,8415,6211
18346.761,8416,6211
18354.315,8417,6211
18358.43,8418,6211
18366.305,8419,6211
18369.874,8420,6211
18460.571,8421,6211
18505.388,8422,6211
18505.462,8423,6211
18529.401,8424,6211
18576.077,8425,6211
18576.404,8426,6211
18576.533,8427,6211
18579.875,8428,6211
18583.676,8429,6211
18592.225,8430,6211
18596.83,8431,6211
18598.45,8432,6211
18599.267,8433,6211
18600.796,8434,6211
18603.307,8435,6211
18607.922,8436,6211
18612.846,8437,6211
18656.482,8438,6211
18670.973,8439,6211
18671.935,8440,6211
18680.644,8441,6211
18682.438,8442,6211
18682.513,8443,6211
18683.158,8444,6211
18684.045,8445,6211
18688.866,8446,6211
18690.609,8447,6211
18691.497,8448,6211
18746.538,8449,6211
18748.263,8450,6211
18748.41,8451,6211
18748.7,8452,6211
18751.264,8453,6211
18751.974,8454,6211
18752.585,8455,6211
18761.544,8456,6211
18765.777,8457,6211
18766.671,8458,6211
18778.922,8459,6211
18807.017,8460,6211
18822.333,8461,6211
18822.538,8462,6211
18823.083,8463,6211
18823.674,8464,6211
18824.758,8465,6211
18824.997,8466,6211
18833.452,8467,6211
18836.159,8468,6211
18837.22,8469,6211
18842.347,8470,6211
18844.193,8471,6211
18844.524,8472,6211
18846.093,8473,6211
18846.717,8474,6211
18847.344,8475,6211
18867.104,8476,6211
18887.932,8477,6211
18889.54,8478,6211
18890.231,8479,6211
18960.177,8480,6211
18960.202,8481,6211
18961.041,8482,6211
18998.334,8483,6211
18999.391,8484,6211
19040.311,8485,6211
19047.512,8486,6211
19068.961,8487,6211
19078.576,8488,6211
19086.624,8489,6211
19088.777,8490,6211
19118.686,8491,6211
19126.516,8492,6211
19126.656,8493,6211
19136.296,8494,6211
19136.552,8495,6211
19139.364,8496,6211
19143.886,8497,6211
19145.618,8498,6211
19151.087,8499,6211
19152.161,8500,6211
19153.558,8501,6211
19156.787,8502,6211
19163.749,8503,6211
19164.637,8504,6211
19211.533,8505,6211
19212.332,8506,6211
19212.865,8507,6211
19214.825,8508,6211
19219.027,8509,6211
19226.601,8510,6212
19232.525,8511,6212
19262.702,8512,6212
19289.096,8513,6212
19339.649,8514,6212
19376.308,8515,6212
19379.818,8516,6212
19390.16,8517,6212
19403.601,8518,6212
19421.284,8519,6212
19431.347,8520,6212
19443.732,8521,6212
19443.809,8522,6212
19444.623,8523,6212
19446.694,8524,6212
19451.484,8525,6212
19461.143,8526,6212
19461.825,8527,6213
19465.156,8528,6213
19467.783,8529,6213
19490.879,8530,6213
19529.91,8531,6213
19548.436,8532,6213
19558.844,8533,6213
19558.932,8534,6213
19559.626,8535,6213
19594.342,8536,6213
19597.022,8537,6213
19616.447,8538,6213
19616.603,8539,6213
19621.592,8540,6213
19621.693,8541,6213
19621.752,8542,6213
19621.805,8543,6213
19622.252,8544,6213
19623.26,8545,6213
19623.79,8546,6213
19626.676,8547,6213
19663.244,8548,6213
19685.841,8549,6213
19692.308,8550,6213
19692.897,8551,6213
19693.251,8552,6213
19693.357,8553,6213
19694.083,8554,6213
19694.712,8555,6213
19696.569,8556,6213
19699.774,8557,6213
19700.937,8558,6213
19705.463,8559,6213
19757.957,8560,6213
19765.899,8561,6213
19890.749,8562,6213
19896.361,8563,6213
19940.748,8564,6213
19977.415,8565,6213
20009.999,8566,6213
20011.14,8567,6213
20011.237,8568,6213
20012.561,8569,6213
20012.84,8570,6213
20016.159,8571,6213
20054.359,8572,6213
20062.129,8573,6213
20062.641,8574,6213
20085.154,8575,6213
20094.588,8576,6213
20127.361,8577,6213
20159.646,8578,6213
20182.055,8579,6213
20182.713,8580,6213
20183.323,8581,6214
20183.417,8582,6214
20201.829,8583,6214
20223.134,8584,6214
20224.441,8585,6214
20243.993,8586,6214
20244.016,8587,6214
20244.186,8588,6214
20249.5,8589,6214
20260.836,8590,6214
20270.399,8591,6214
20285.058,8592,6214
20300.715,8593,6214
20331.744,8594,6214
20350.966,8595,6214
20351.275,8596,6214
20353.987,8597,6214
20355.079,8598,6214
20359.447,8599,6214
20374.359,8600,6214
20430.95,8601,6214
20450.786,8602,6214
20475.01,8603,6214
20497.108,8604,6214
20497.144,8605,6214
20497.231,8606,6214
20498.093,8607,6214
20500.513,8608,6214
20501.422,8609,6214
20511.526,8610,6214
20520.903,8611,6214
20538.804,8612,6214
20538.899,8613,6214
20538.913,8614,6214
20538.995,8615,6214
20539.023,8616,6214
20540.921,8617,6214
20543.244,8618,6214
20544.676,8619,6214
20545.813,8620,6214
20548.104,8621,6214
20550.937,8622,6214
20551.685,8623,6214
20552.627,8624,6214
20553.367,8625,6214
20557.543,8626,6214
20559.657,8627,6214
20562.539,8628,6214
20563.789,8629,6214
20564.579,8630,6214
20574.909,8631,6214
20576.77,8632,6214
20578.34,8633,6214
20579.431,8634,6214
20585.671,8635,6214
20586.852,8636,6214
20589.955,8637,6214
20592.397,8638,6214
20655.458,8639,6214
20655.651,8640,6214
20658.213,8641,6214
20658.531,8642,6214
20661.276,8643,6214
20661.401,8644,6214
20665.79,8645,6214
20666.032,8646,6214
20668.221,8647,6214
20669.64,8648,6214
20669.696,8649,6214
20670.016,8650,6214
20670.162,8651,6214
20673.238,8652,6214
20706.539,8653,6214
20712.675,8654,6214
20758.55,8655,6214
20759.918,8656,6214
20770.124,8657,6214
20795.445,8658,6214
20806.335,8659,6214
20811.829,8660,6214
20850.725,8661,6214
20850.797,8662,6214
20851.201,8663,6214
20929.509,8664,6214
20936.452,8665,6214
20936.54,8666,6214
20936.631,8667,6214
20936.776,8668,6214
20936.911,8669,6214
20937.378,8670,6214
20938.416,8671,6214
20941.86,8672,6214
20942.033,8673,6214
20942.676,8674,6214
20943.287,8675,6214
20944.505,8676,6214
20947.201,8677,6214
20985.37,8678,6214
20986.316,8679,6214
21025.121,8680,6214
21036.264,8681,6214
21038.77,8682,6214
21060.953,8683,6214
21081.282,8684,6214
21106.774,8685,6214
21141.836,8686,6214
21142.132,8687,6214
21143.061,8688,6214
21170.694,8689,6214
21175.743,8690,6214
21185.223,8691,6214
21185.231,8692,6214
21186.581,8693,6214
21259.004,8694,6214
21260.893,8695,6214
21263.402,8696,6214
21268.741,8697,6214
21279.257,8698,6214
21279.724,8699,6214
21298.403,8700,6214
21348.449,8701,6214
21348.616,8702,6214
21402.462,8703,6214
21411.614,8704,6214
21417.702,8705,6214
21453.05,8706,6214
21459.37,8707,6214
21471.334,8708,6214
21475.385,8709,6214
21510.418,8710,6214
21545.061,8711,6214
21545.076,8712,6214
21561.555,8713,6214
21564.083,8714,6214
21564.857,8715,6214
21567.919,8716,6214
21573.356,8717,6214
21576.961,8718,6214
21590.489,8719,6214
21618.285,8720,6214
21621.098,8721,6214
21623.177,8722,6214
21627.084,8723,6214
21633.764,8724,6214
21650.896,8725,6214
21651.509,8726,6214
21652.024,8727,6214
21652.531,8728,6214
21652.957,8729,6214
21653.071,8730,6214
21653.425,8731,6214
21654.065,8732,6214
21654.975,8733,6214
21656.737,8734,6215
21658.256,8735,6215
21666.925,8736,6215
21667.333,8737,6215
21667.415,8738,6215
21667.521,8739,6215
21749.798,8740,6215
21749.868,8741,6215
21750.159,8742,6215
21751.088,8743,6215
21756.059,8744,6215
21763.214,8745,6215
21763.366,8746,6215
21776.182,8747,6215
21780.493,8748,6215
21783.382,8749,6215
21808.161,8750,6215
21826.514,8751,6215
21829.962,8752,6215
21847.773,8753,6215
21849.462,8754,6215
21849.644,8755,6215
21853.235,8756,6215
21857.42,8757,6215
21890.22,8758,6216
21894.254,8759,6217
22024.192,8760,6217
22052.137,8761,6217
22080.298,8762,6217
22083.403,8763,6217
22089.961,8764,6217
22090.989,8765,6217
22092.252,8766,6217
22128.68,8767,6217
22140.701,8768,6217
22148.676,8769,6217
22157.522,8770,6217
22169.696,8771,6217
22228.162,8772,6217
22262.761,8773,6217
22264.823,8774,6217
22298.669,8775,6217
22512.633,8776,6217
22772.487,8777,6217
22785.272,8778,6217
22790.169,8779,6217
22823.506,8780,6217
22924.907,8781,6217
23052.473,8782,6217
23067.084,8783,6217
23081.911,8784,6217
23184.01,8785,6217
23220.025,8786,6217
23221.681,8787,6217
23221.705,8788,6217
23221.726,8789,6217
23222.114,8790,6217
23222.365,8791,6217
23223.199,8792,6217
23223.439,8793,6219
23224.544,8794,6219
23224.783,8795,6219
23225.139,8796,6219
23225.538,8797,6219
23225.551,8798,6219
23229.064,8799,6219
23238.559,8800,6219
23239.442,8801,6219
23258.78,8802,6219
23258.811,8803,6219
23319.618,8804,6219
23352.91,8805,6219
23352.923,8806,6219
23354.003,8807,6219
23355.731,8808,6219
23358.029,8809,6219
23360.343,8810,6219
23362.139,8811,6219
23363.123,8812,6219
23364.887,8813,6219
23366.294,8814,6219
23367.02,8815,6219
23367.318,8816,6219
23368.581,8817,6219
23416.887,8818,6219
23417.086,8819,6219
23431.61,8820,6219
23431.764,8821,6219
23435.859,8822,6219
23461.624,8823,6219
23461.896,8824,6219
23462.656,8825,6219
23472.12,8826,6219
23482.165,8827,6219
23484.058,8828,6219
23530.81,8829,6219
23533.152,8830,6219
23533.21,8831,6219
23555.398,8832,6219
23577.558,8833,6219
23580.763,8834,6219
23581.293,8835,6219
23583.358,8836,6219
23615.697,8837,6219
23630.134,8838,6219
23657.821,8839,6219
23657.869,8840,6219
23658.382,8841,6219
23694.473,8842,6219
23743.079,8843,6219
23746.678,8844,6219
23788.717,8845,6219
23788.852,8846,6219
23789.692,8847,6219
23791.756,8848,6219
23814.713,8849,6219
23860.109,8850,6219
23860.843,8851,6219
23924.652,8852,6219
23924.659,8853,6219
23930.357,8854,6219
23960.702,8855,6219
23977.932,8856,6219
24021.646,8857,6219
24023.638,8858,6219
24024.005,8859,6219
24048.48,8860,6219
24060.869,8861,6219
24075.541,8862,6219
24138.044,8863,6219
24138.423,8864,6219
24138.594,8865,6219
24140.299,8866,6219
24149.129,8867,6219
24151.348,8868,6219
24151.777,8869,6219
24154.497,8870,6219
24155.106,8871,6219
24176.66,8872,6219
24199.169,8873,6219
24199.28,8874,6219
24199.613,8875,6219
24200.29,8876,6219
24202.661,8877,6219
24215.399,8878,6219
24241.84,8879,6219
24243.064,8880,6219
24265.878,8881,6219
24266.876,8882,6219
24267.316,8883,6219
24385.221,8884,6219
24403.909,8885,6219
24479.421,8886,6219
24503.63,8887,6219
24508.505,8888,6219
24516.867,8889,6219
24521.474,8890,6219
24538.226,8891,6219
24542.068,8892,6219
24565.046,8893,6219
24619.345,8894,6219
24619.601,8895,6219
24619.749,8896,6219
24619.817,8897,6219
24621.29,8898,6219
24625.291,8899,6219
24626.481,8900,6219
24629.226,8901,6219
24630.636,8902,6219
24756.409,8903,6219
24766.083,8904,6219
24766.226,8905,6219
24766.349,8906,6219
24767.815,8907,6219
24769.849,8908,6219
24770.533,8909,6219
24772.647,8910,6219
24775.558,8911,6219
24784.127,8912,6219
24836.036,8913,6219
24836.159,8914,6219
24868.847,8915,6219
24869.115,8916,6219
24883.416,8917,6219
24900.033,8918,6219
24908.142,8919,6219
24911.224,8920,6219
24913.388,8921,6219
24914.621,8922,6219
24917.442,8923,6219
24917.696,8924,6219
24929.341,8925,6219
24939.068,8926,6219
24986.92,8927,6219
25097.351,8928,6219
25157.594,8929,6219
25166.53,8930,6219
25184.905,8931,6219
25204.782,8932,6219
25215.201,8933,6219
25276.818,8934,6219
25277.509,8935,6219
25314.052,8936,6219
25316.969,8937,6219
25327.858,8938,6219
25328.502,8939,6219
25346.929,8940,6219
25430.529,8941,6219
25447.609,8942,6219
25487.808,8943,6219
25493.528,8944,6219
25503.768,8945,6219
25513.92,8946,6219
25529.475,8947,6219
25539.593,8948,6219
25556.816,8949,6220
25569.443,8950,6220
25569.498,8951,6220
25614.943,8952,6220
25622.959,8953,6220
25704.608,8954,6220
25706.085,8955,6220
25707.403,8956,6220
25708.162,8957,6220
25712.728,8958,6220
25720.767,8959,6220
25724.923,8960,6220
25734.982,8961,6220
25750.001,8962,6220
25766.415,8963,6220
25805.193,8964,6220
25821.516,8965,6220
25823.291,8966,6220
25825.884,8967,6220
25863.538,8968,6220
25937.003,8969,6220
25938.143,8970,6220
25938.968,8971,6220
25939.017,8972,6220
25942.669,8973,6220
25943.486,8974,6220
25948.499,8975,6220
25952.302,8976,6220
25957.403,8977,6220
25966.153,8978,6220
26103.605,8979,6220
26109.172,8980,6220
26156.381,8981,6220
26184.988,8982,6220
26186.104,8983,6220
26208.196,8984,6220
26208.299,8985,6220
26210.339,8986,6220
26210.494,8987,6220
26212.522,8988,6220
26216.616,8989,6220
26217.553,8990,6220
26218.636,8991,6220
26219.397,8992,6220
26230.385,8993,6220
26241.299,8994,6220
26358.801,8995,6220
26369.785,8996,6220
26376.987,8997,6220
26397.946,8998,6220
26399.497,8999,6220
26469.678,9000,6220
26498.602,9001,6220
26533.955,9002,6220
26534.34,9003,6220
26536.435,9004,6223
26540.715,9005,6223
26545.122,9006,6223
26564.247,9007,6223
26567.191,9008,6223
26572.645,9009,6223
26573.354,9010,6223
26577.359,9011,6223
26587.662,9012,6223
26601.352,9013,6223
26610.862,9014,6223
26619.623,9015,6223
26734.569,9016,6223
26834.697,9017,6223
26857.499,9018,6223
26884.345,9019,6223
26987.191,9020,6223
27026.391,9021,6223
27049.137,9022,6223
27062.451,9023,6223
27126.272,9024,6223
27170.545,9025,6223
27226.451,9026,6223
27260.077,9027,6223
27336.693,9028,6223
27338.222,9029,6223
27354.86,9030,6223
27355.393,9031,6223
27360.925,9032,6223
27422.012,9033,6223
27422.583,9034,6223
27423.317,9035,6223
27429.585,9036,6223
27568.968,9037,6223
27569.564,9038,6223
27569.963,9039,6223
27577.175,9040,6223
27583.954,9041,6223
27585.195,9042,6223
27589.67,9043,6223
27595.762,9044,6223
27605.674,9045,6223
27616.314,9046,6223
27624.776,9047,6223
27652.847,9048,6223
27736.889,9049,6223
27744.219,9050,6223
27744.723,9051,6223
27746.229,9052,6223
27765.976,9053,6223
27851.519,9054,6223
27854.394,9055,6223
27854.869,9056,6223
27864.418,9057,6223
27987.876,9058,6223
27989.432,9059,6223
27991.16,9060,6223
27991.197,9061,6223
28056.019,9062,6223
28063.329,9063,6223
28074.487,9064,6223
28074.573,9065,6223
28194.721,9066,6223
28232.488,9067,6223
28241.343,9068,6223
28277.296,9069,6223
28277.317,9070,6223
28334.281,9071,6223
28341.19,9072,6223
28468.03,9073,6223
28485.779,9074,6223
28495.553,9075,6223
28551.047,9076,6223
28551.475,9077,6223
28667.678,9078,6223
28704.572,9079,6223
28723.332,9080,6223
28725.655,9081,6223
28751.505,9082,6223
28775.996,9083,6223
28778.087,9084,6223
28851.977,9085,6223
28926.473,9086,6223
28970.177,9087,6223
29005.445,9088,6223
29005.771,9089,6223
29145.903,9090,6223
29147.137,9091,6223
29147.251,9092,6223
29148.094,9093,6223
29150.015,9094,6223
29157.395,9095,6223
29195.609,9096,6223
29195.632,9097,6223
29294.682,9098,6223
29342.954,9099,6223
29453.555,9100,6223
29473.065,9101,6223
29473.208,9102,6223
29473.919,9103,6223
29474.703,9104,6223
29493.799,9105,6223
29544.96,9106,6223
29608.953,9107,6223
29610.185,9108,6223
29867.445,9109,6223
29918.957,9110,6223
29950.658,9111,6223
30054.841,9112,6223
30225.881,9113,6223
30249.412,9114,6223
30372.056,9115,6223
30373.317,9116,6223
30392.401,9117,6223
30398.083,9118,6223
30398.181,9119,6223
30424.651,9120,6223
30432.424,9121,6223
30433.748,9122,6223
30434.023,9123,6223
30436.678,9124,6223
30438.878,9125,6223
30439.009,9126,6223
30448.364,9127,6223
30476.871,9128,6223
30477.231,9129,6223
30528.989,9130,6223
30530.821,9131,6223
30558.807,9132,6223
30561.351,9133,6223
30561.402,9134,6223
30562.06,9135,6223
30563.483,9136,6223
30564.437,9137,6223
30567.208,9138,6223
30591.177,9139,6223
30681.853,9140,6223
30709.769,9141,6223
30709.804,9142,6223
30712.328,9143,6223
30714.958,9144,6223
30741.868,9145,6223
30771.362,9146,6223
30827.137,9147,6223
30876.078,9148,6223
30881.594,9149,6223
30881.648,9150,6223
30881.717,9151,6223
30894.625,9152,6223
30921.777,9153,6223
30928.555,9154,6223
30937.905,9155,6223
30979.99,9156,6223
30980.823,9157,6223
31035.27,9158,6223
31183.249,9159,6223
31213.709,9160,6223
31221.324,9161,6223
31222.599,9162,6223
31223.778,9163,6223
31297.211,9164,6223
31502.617,9165,6223
31583.271,9166,6223
31584.126,9167,6223
31598.939,9168,6223
31598.952,9169,6223
31601.033,9170,6223
31601.422,9171,6223
31686.731,9172,6223
31687.1,9173,6223
31687.344,9174,6223
31690.981,9175,6223
31691.005,9176,6223
31815.563,9177,6223
31829.31,9178,6223
31829.757,9179,6223
31830.265,9180,6223
31845.865,9181,6223
31850.228,9182,6223
31857.997,9183,6223
31897.044,9184,6223
31915.954,9185,6223
31930.011,9186,6223
31991.15,9187,6223
32000.053,9188,6223
32001.4,9189,6223
32004.065,9190,6223
32021.53,9191,6223
32055.476,9192,6223
32055.568,9193,6223
32055.686,9194,6223
32063.405,9195,6223
32066.495,9196,6223
32083.478,9197,6223
32130.988,9198,6223
32139.179,9199,6223
32153.115,9200,6223
32154.155,9201,6223
32155.633,9202,6223
32160.565,9203,6223
32226.525,9204,6223
32227.821,9205,6223
32276.741,9206,6223
32282.778,9207,6223
32284.525,9208,6223
32284.557,9209,6223
32284.598,9210,6223
32284.709,9211,6223
32285.865,9212,6223
32311.867,9213,6223
32312.769,9214,6223
32329.486,9215,6223
32363.288,9216,6223
32468.228,9217,6223
32489.151,9218,6223
32600.696,9219,6223
32630.807,9220,6223
32665.203,9221,6223
32746.366,9222,6223
32827.108,9223,6223
32841.707,9224,6224
32850.078,9225,6224
32850.147,9226,6224
32866.013,9227,6225
32867.028,9228,6226
32868.061,9229,6226
32876.061,9230,6226
32894.86,9231,6226
32939.005,9232,6226
32999.361,9233,6226
33023.499,9234,6226
33025.095,9235,6226
33151.237,9236,6226
33151.931,9237,6226
33167.066,9238,6226
33331.185,9239,6226
33353.52,9240,6226
33625.402,9241,6226
33625.564,9242,6226
33632.997,9243,6226
33643.792,9244,6226
33645.391,9245,6226
33660.215,9246,6226
33737.982,9247,6226
33739.442,9248,6226
33739.754,9249,6226
33774.723,9250,6226
33783.637,9251,6226
33784.648,9252,6226
33785.226,9253,6226
33785.291,9254,6226
33786.475,9255,6226
33790.583,9256,6226
33801.69,9257,6226
33811.665,9258,6226
33875.694,9259,6226
33916.21,9260,6226
33919.189,9261,6226
33943.999,9262,6226
33944.544,9263,6226
33944.576,9264,6226
33944.781,9265,6226
33956.177,9266,6226
33966.322,9267,6226
33971.48,9268,6226
33973.091,9269,6226
33975.037,9270,6226
34085.808,9271,6226
34105.538,9272,6226
34107.615,9273,6226
34112.395,9274,6226
34113.013,9275,6226
34133.875,9276,6226
34221.86,9277,6226
34296.181,9278,6226
34299.92,9279,6226
34303.135,9280,6226
34639.052,9281,6226
34669.478,9282,6226
34672.77,9283,6226
34675.008,9284,6226
34719.644,9285,6226
34739.901,9286,6226
34780.789,9287,6226
34809.237,9288,6226
34925.463,9289,6226
35172.137,9290,6226
35222.551,9291,6226
35222.765,9292,6226
35228.977,9293,6226
35264.374,9294,6226
35280.142,9295,6226
35485.712,9296,6226
35491.642,9297,6226
35626.988,9298,6226
35682.536,9299,6226
35825.438,9300,6226
35917.322,9301,6226
36020.084,9302,6226
36169.767,9303,6226
36199.875,9304,6226
36199.88,9305,6226
36207.259,9306,6226
36209.873,9307,6226
36318.836,9308,6226
36385.755,9309,6226
36410.31,9310,6226
36486.447,9311,6226
36487.255,9312,6226
36701.117,9313,6226
36781.127,9314,6226
36862.128,9315,6226
36862.652,9316,6226
36862.782,9317,6226
36862.983,9318,6226
36879.984,9319,6226
36976.236,9320,6226
37010.83,9321,6226
37011.761,9322,6226
37013.971,9323,6226
37018.839,9324,6226
37021.663,9325,6226
37177.874,9326,6226
37177.929,9327,6226
37252.907,9328,6226
37388.554,9329,6226
37432.592,9330,6226
37432.654,9331,6226
37537.71,9332,6226
37549.163,9333,6226
37611.71,9334,6226
37683.107,9335,6226
37800.3,9336,6226
37920.456,9337,6226
38005.686,9338,6226
38094.09,9339,6226
38094.116,9340,6226
38221.801,9341,6226
38274.755,9342,6226
38274.835,9343,6226
38301.766,9344,6226
38377.127,9345,6226
38433.107,9346,6226
38514.859,9347,6226
38516.005,9348,6226
38521.98,9349,6226
38715.181,9350,6226
38715.741,9351,6226
38742.025,9352,6226
38742.325,9353,6226
38763.94,9354,6226
38825.948,9355,6226
38842.171,9356,6226
38843.145,9357,6226
38852.593,9358,6226
38853.252,9359,6226
38921.643,9360,6226
38980.222,9361,6226
39067.657,9362,6226
39067.701,9363,6226
39067.875,9364,6226
39069.262,9365,6226
39071.372,9366,6226
39081.917,9367,6226
39083.919,9368,6226
39086.889,9369,6226
39088.587,9370,6226
39116.882,9371,6226
39121.726,9372,6226
39132.378,9373,6226
39132.72,9374,6226
39186.578,9375,6226
39221.76,9376,6226
39228.25,9377,6226
39318.117,9378,6226
39318.388,9379,6226
39354.317,9380,6226
39395.995,9381,6226
39480.049,9382,6226
39509.736,9383,6226
39568.649,9384,6226
39584.981,9385,6226
39599.101,9386,6226
39653.255,9387,6226
39692.62,9388,6226
39755.168,9389,6226
39865.088,9390,6226
39916.507,9391,6226
39922.199,9392,6226
39925.553,9393,6226
39983.23,9394,6226
39999.516,9395,6226
40019.852,9396,6226
40103.13,9397,6228
40112.045,9398,6228
40118.272,9399,6228
40300.848,9400,6228
40302.623,9401,6228
40306.249,9402,6228
40441.225,9403,6228
40633.96,9404,6228
40650.084,9405,6228
40666.123,9406,6228
40797.856,9407,6228
40798.3,9408,6228
40845.858,9409,6228
40921.589,9410,6228
40968.653,9411,6228
40989.603,9412,6228
41040.656,9413,6228
41117.221,9414,6228
41129.967,9415,6228
41223.576,9416,6228
41240.542,9417,6228
41272.21,9418,6228
41273.776,9419,6228
41275.056,9420,6228
41278.505,9421,6228
41284.287,9422,6228
42113.003,9423,6228
42121.537,9424,6228
42123.622,9425,6228
42311.876,9426,6228
42368.367,9427,6228
42368.822,9428,6228
42370.183,9429,6228
42370.365,9430,6228
42374.043,9431,6229
42394.602,9432,6229
42404.648,9433,6229
42553.539,9434,6229
42557.774,9435,6229
42631.033,9436,6229
42642.899,9437,6229
42645.832,9438,6229
42775.145,9439,6229
43288.602,9440,6229
43365.953,9441,6229
43635.039,9442,6229
43703.626,9443,6229
43917.59,9444,6229
44137.23,9445,6229
44191.84,9446,6229
44212.659,9447,6229
44423.159,9448,6229
44423.56,9449,6229
44425.771,9450,6229
44426.376,9451,6229
44428.276,9452,6229
44430.66,9453,6229
44438.858,9454,6229
44472.909,9455,6229
44520.954,9456,6229
44551.033,9457,6229
44604.867,9458,6229
44606.018,9459,6229
44766.208,9460,6229
44767.115,9461,6229
44790.102,9462,6229
45027.453,9463,6229
45072.188,9464,6229
45076.217,9465,6229
45178.926,9466,6229
45353.457,9467,6229
45637.55,9468,6229
45640.08,9469,6229
45685.99,9470,6229
45836.888,9471,6229
45888.632,9472,6229
45946.236,9473,6229
45946.763,9474,6229
45947.616,9475,6229
45953.561,9476,6229
46019.128,9477,6229
46035.805,9478,6229
46035.94,9479,6229
46058.712,9480,6229
46058.852,9481,6229
46098.768,9482,6229
46098.809,9483,6229
46098.939,9484,6229
46113.805,9485,6229
46335.298,9486,6229
46414.872,9487,6229
46455.227,9488,6229
46459.243,9489,6229
46499.291,9490,6229
46545.767,9491,6229
46547.994,9492,6229
46551.771,9493,6229
46668.672,9494,6229
46668.864,9495,6229
46743.135,9496,6229
46753.585,9497,6229
46983.128,9498,6229
47009.91,9499,6229
47154.587,9500,6229
47165.439,9501,6229
47174.974,9502,6229
47833.317,9503,6229
47833.598,9504,6229
47833.636,9505,6229
47835.453,9506,6229
47846.304,9507,6229
47994.39,9508,6229
48000.832,9509,6229
48058.883,9510,6229
48101.302,9511,6229
48108.899,9512,6229
48128.23,9513,6229
48136.654,9514,6229
48189.267,9515,6229
48254.162,9516,6229
48262.785,9517,6229
48339.904,9518,6229
48365.311,9519,6229
48370.749,9520,6229
48525.953,9521,6229
48526.94,9522,6229
48527.561,9523,6229
48856.102,9524,6229
48857.233,9525,6229
48874.693,9526,6229
48877.527,9527,6229
48913.188,9528,6229
48961.279,9529,6229
48978.325,9530,6229
49033.881,9531,6229
49046.101,9532,6229
49169.619,9533,6229
49224.335,9534,6229
49225.403,9535,6229
49230.006,9536,6229
49239.164,9537,6229
49511.18,9538,6229
49598.156,9539,6229
49961.116,9540,6229
49962.68,9541,6229
50128.147,9542,6229
50177.388,9543,6229
50178.78,9544,6229
50182.0,9545,6229
50182.813,9546,6229
50186.893,9547,6229
50263.457,9548,6229
50321.262,9549,6229
50323.47,9550,6229
50327.355,9551,6229
50385.629,9552,6229
50394.887,9553,6229
50397.537,9554,6229
50427.52,9555,6229
50443.261,9556,6229
50478.829,9557,6229
50478.996,9558,6229
50479.99,9559,6229
50481.717,9560,6229
50485.231,9561,6229
50485.784,9562,6229
50563.981,9563,6229
50564.52,9564,6229
50701.85,9565,6229
50832.26,9566,6229
50868.215,9567,6229
50888.29,9568,6229
50909.53,9569,6229
50910.672,9570,6229
51140.933,9571,6229
51214.594,9572,6229
51215.353,9573,6229
51216.38,9574,6229
51217.222,9575,6229
51225.04,9576,6229
51241.353,9577,6229
51316.617,9578,6229
51401.757,9579,6229
51485.175,9580,6229
51558.376,9581,6229
51569.833,9582,6229
51571.623,9583,6229
51633.487,9584,6229
51741.072,9585,6229
52043.033,9586,6229
52059.976,9587,6229
52133.75,9588,6229
52171.678,9589,6229
52171.852,9590,6229
52172.232,9591,6229
52172.783,9592,6229
52172.848,9593,6229
52173.526,9594,6229
52175.37,9595,6229
52175.756,9596,6229
52185.9,9597,6229
52186.756,9598,6229
52186.933,9599,6229
52190.508,9600,6229
52190.691,9601,6229
52192.19,9602,6229
52209.324,9603,6229
52210.67,9604,6229
52211.443,9605,6229
52216.01,9606,6229
52217.098,9607,6229
52237.721,9608,6229
52238.435,9609,6229
52246.484,9610,6229
52421.505,9611,6229
52473.804,9612,6229
52503.733,9613,6229
52523.698,9614,6229
52523.998,9615,6229
52601.889,9616,6229
52636.083,9617,6229
52636.16,9618,6229
52692.988,9619,6229
52728.192,9620,6229
52768.578,9621,6229
52954.284,9622,6229
53109.857,9623,6229
53284.699,9624,6229
53285.718,9625,6229
53319.994,9626,6229
53354.976,9627,6229
53359.729,9628,6229
53544.629,9629,6229
53583.082,9630,6229
53645.728,9631,6229
53685.086,9632,6229
53685.66,9633,6229
53687.632,9634,6229
53750.59,9635,6229
53769.453,9636,6229
53832.074,9637,6229
53917.148,9638,6229
53993.182,9639,6229
53993.913,9640,6229
54083.143,9641,6229
54159.89,9642,6229
54199.447,9643,6229
54273.618,9644,6229
54293.34,9645,6229
54313.126,9646,6229
54313.574,9647,6229
54329.238,9648,6229
54349.763,9649,6229
54453.101,9650,6229
54455.486,9651,6229
54513.073,9652,6229
54556.097,9653,6229
54610.74,9654,6229
54674.098,9655,6229
54694.813,9656,6229
54752.878,9657,6229
54752.993,9658,6229
54753.23,9659,6229
54754.616,9660,6229
54756.519,9661,6229
54771.572,9662,6229
54774.013,9663,6229
54775.961,9664,6229
54844.181,9665,6229
54850.841,9666,6229
55005.424,9667,6229
55010.831,9668,6229
55016.885,9669,6229
55028.074,9670,6229
55063.567,9671,6229
55068.996,9672,6229
55070.375,9673,6229
55093.71,9674,6229
55125.702,9675,6229
55127.312,9676,6229
55129.996,9677,6229
55221.756,9678,6229
55221.801,9679,6229
55226.898,9680,6229
55406.061,9681,6229
55445.739,9682,6229
55481.379,9683,6229
55521.21,9684,6229
55558.339,9685,6229
55645.253,9686,6229
55681.464,9687,6229
55807.429,9688,6229
55851.384,9689,6229
55903.116,9690,6229
55939.151,9691,6229
55939.343,9692,6229
55979.224,9693,6229
55980.384,9694,6229
56030.521,9695,6229
56112.602,9696,6229
56127.184,9697,6229
56127.265,9698,6229
56144.266,9699,6229
56167.49,9700,6229
56216.529,9701,6229
56247.183,9702,6229
56270.403,9703,6229
56301.215,9704,6229
56349.595,9705,6229
56432.857,9706,6229
56625.362,9707,6229
56725.342,9708,6229
56887.98,9709,6229
56913.677,9710,6229
56924.308,9711,6229
56949.754,9712,6229
56973.822,9713,6229
57007.361,9714,6229
57008.345,9715,6229
57055.282,9716,6229
57097.389,9717,6229
57193.317,9718,6229
57194.526,9719,6229
57194.547,9720,6229
57209.531,9721,6229
57281.637,9722,6229
57283.122,9723,6229
57330.503,9724,6229
57379.416,9725,6229
57380.716,9726,6229
57398.627,9727,6229
57399.001,9728,6229
57400.059,9729,6229
57490.48,9730,6229
57611.095,9731,6229
57622.725,9732,6229
57659.289,9733,6229
57897.258,9734,6229
57968.961,9735,6229
57968.993,9736,6229
57969.007,9737,6229
57969.107,9738,6229
58011.26,9739,6229
58114.164,9740,6229
58153.017,9741,6229
58305.328,9742,6229
58486.173,9743,6229
58566.015,9744,6229
58738.679,9745,6229
58740.143,9746,6229
58740.234,9747,6229
58746.154,9748,6229
58800.063,9749,6229
58965.502,9750,6229
59006.976,9751,6229
59036.473,9752,6229
59074.931,9753,6229
59187.647,9754,6229
59344.81,9755,6229
59463.222,9756,6229
59596.247,9757,6229
59691.098,9758,6229
59694.881,9759,6229
59762.962,9760,6229
59819.853,9761,6229
59861.504,9762,6229
59875.232,9763,6229
59875.785,9764,6229
60074.43,9765,6229
60074.442,9766,6229
60075.635,9767,6229
60076.154,9768,6229
60078.594,9769,6229
60090.59,9770,6229
60092.487,9771,6229
60386.165,9772,6229
60442.142,9773,6229
60707.407,9774,6229
60707.511,9775,6229
60776.565,9776,6229
60811.103,9777,6229
60834.983,9778,6229
60857.799,9779,6229
61131.759,9780,6229
61197.298,9781,6229
61269.707,9782,6229
61530.887,9783,6229
61596.075,9784,6229
61673.067,9785,6229
61674.288,9786,6229
61675.725,9787,6229
61764.891,9788,6229
61821.032,9789,6229
61835.335,9790,6229
61909.594,9791,6229
62389.248,9792,6229
62426.488,9793,6229
62426.659,9794,6229
62443.798,9795,6229
62458.287,9796,6229
62463.209,9797,6229
62467.362,9798,6229
62512.815,9799,6229
62570.411,9800,6229
62614.689,9801,6229
62615.761,9802,6229
62615.793,9803,6229
62621.864,9804,6229
62626.844,9805,6229
62720.919,9806,6229
62959.378,9807,6229
62984.586,9808,6229
62992.948,9809,6229
63085.966,9810,6229
63138.526,9811,6229
63161.53,9812,6229
63227.085,9813,6229
63417.405,9814,6229
63488.847,9815,6229
63505.669,9816,6229
63690.457,9817,6229
63716.439,9818,6229
64061.211,9819,6229
64122.168,9820,6229
64131.783,9821,6229
64137.464,9822,6229
64167.687,9823,6229
64275.605,9824,6229
64309.974,9825,6229
64820.239,9826,6229
64903.309,9827,6229
65047.835,9828,6229
65160.582,9829,6229
65175.815,9830,6229
65207.095,9831,6229
65355.92,9832,6229
65435.916,9833,6229
65472.175,9834,6229
65472.681,9835,6229
65480.297,9836,6229
65643.551,9837,6229
65668.019,9838,6229
65698.616,9839,6229
65914.603,9840,6229
65914.718,9841,6229
65916.608,9842,6229
65917.748,9843,6229
65925.977,9844,6229
65930.562,9845,6229
66027.139,9846,6229
66215.318,9847,6229
66311.598,9848,6229
66311.829,9849,6229
66337.346,9850,6229
66338.538,9851,6229
66350.371,9852,6229
66350.713,9853,6229
66375.304,9854,6229
66442.518,9855,6229
66535.83,9856,6229
66536.184,9857,6229
66538.224,9858,6229
66538.313,9859,6229
66542.833,9860,6229
66616.64,9861,6229
66617.019,9862,6229
66623.83,9863,6229
66695.658,9864,6229
66751.112,9865,6229
66799.267,9866,6229
66799.651,9867,6229
66905.637,9868,6229
66961.764,9869,6229
67036.489,9870,6229
67069.84,9871,6229
67069.878,9872,6229
67069.945,9873,6229
67206.913,9874,6229
67215.359,9875,6229
67237.557,9876,6229
67413.828,9877,6229
67417.271,9878,6229
67449.163,9879,6229
67473.556,9880,6229
67550.429,9881,6229
67551.033,9882,6229
67576.897,9883,6229
67628.452,9884,6229
67686.01,9885,6229
67739.746,9886,6229
67773.361,9887,6229
67774.546,9888,6229
67874.468,9889,6229
67875.423,9890,6229
67875.451,9891,6229
67986.354,9892,6229
68001.65,9893,6229
68025.552,9894,6229
68026.415,9895,6229
68066.219,9896,6229
68084.72,9897,6229
68104.873,9898,6229
68111.836,9899,6229
68113.719,9900,6229
68113.744,9901,6229
68114.382,9902,6229
68115.035,9903,6229
68179.811,9904,6229
68179.865,9905,6229
68180.011,9906,6229
68192.595,9907,6229
68201.304,9908,6229
68311.268,9909,6229
68313.188,9910,6229
68313.369,9911,6229
68315.18,9912,6229
68338.88,9913,6229
68341.956,9914,6229
68388.854,9915,6229
68420.562,9916,6229
68420.833,9917,6229
68447.251,9918,6229
68447.267,9919,6229
68449.552,9920,6229
68542.394,9921,6229
68588.755,9922,6229
68589.431,9923,6229
68597.867,9924,6229
68736.666,9925,6229
68784.32,9926,6229
68900.828,9927,6229
68914.642,9928,6229
69153.147,9929,6229
69194.589,9930,6229
69213.992,9931,6229
69415.289,9932,6229
69640.53,9933,6229
69642.416,9934,6229
69643.393,9935,6229
69666.595,9936,6229
69732.267,9937,6229
69846.465,9938,6229
69894.119,9939,6229
69915.273,9940,6229
69947.753,9941,6229
69950.687,9942,6229
69951.349,9943,6229
69955.732,9944,6229
69957.244,9945,6229
69960.329,9946,6229
70001.95,9947,6229
70139.239,9948,6229
70224.747,9949,6229
70404.442,9950,6229
70426.688,9951,6229
70427.0,9952,6229
70544.408,9953,6229
70590.038,9954,6229
70592.199,9955,6229
70652.897,9956,6229
70666.741,9957,6229
70680.152,9958,6229
70681.08,9959,6229
70681.657,9960,6229
70685.668,9961,6229
70709.599,9962,6229
70825.451,9963,6229
70881.413,9964,6229
70929.336,9965,6229
71019.135,9966,6229
71071.163,9967,6229
71170.424,9968,6229
71216.395,9969,6229
71296.315,9970,6229
71326.145,9971,6229
71579.805,9972,6229
71601.183,9973,6229
71606.956,9974,6229
71731.777,9975,6229
71866.146,9976,6229
71867.193,9977,6229
71895.001,9978,6229
71985.198,9979,6229
72001.331,9980,6229
72075.576,9981,6229
72251.886,9982,6229
72381.608,9983,6229
72425.005,9984,6229
72489.226,9985,6229
72779.374,9986,6229
72779.426,9987,6229
72781.607,9988,6229
72855.604,9989,6229
72903.555,9990,6229
72929.558,9991,6229
72933.312,9992,6229
73006.255,9993,6229
73007.26,9994,6229
73007.886,9995,6229
73012.962,9996,6229
73045.45,9997,6229
73364.672,9998,6229
73802.491,9999,6229
73962.873,10000,6229
73962.897,10001,6229
74035.936,10002,6229
74394.036,10003,6229
74423.121,10004,6229
74481.201,10005,6229
74821.037,10006,6229
74956.576,10007,6229
74990.781,10008,6229
75108.328,10009,6229
75186.906,10010,6229
75292.713,10011,6229
75356.738,10012,6229
75384.688,10013,6229
75404.551,10014,6229
75759.311,10015,6229
76226.119,10016,6229
76381.197,10017,6229
76386.802,10018,6229
76415.668,10019,6229
76420.093,10020,6229
76550.332,10021,6229
76746.566,10022,6229
77006.704,10023,6229
77073.655,10024,6229
77120.899,10025,6229
77137.062,10026,6229
77467.695,10027,6229
77487.432,10028,6230
77533.305,10029,6230
77685.909,10030,6230
77722.228,10031,6230
77744.758,10032,6230
77979.311,10033,6230
77980.178,10034,6230
77986.541,10035,6230
78087.356,10036,6230
78391.748,10037,6230
78700.433,10038,6230
78704.335,10039,6230
78922.013,10040,6230
78927.732,10041,6230
79001.744,10042,6230
79137.899,10043,6230
79253.924,10044,6230
79304.188,10045,6230
79455.999,10046,6230
79548.994,10047,6230
79577.981,10048,6230
79616.711,10049,6230
79632.438,10050,6230
79639.507,10051,6230
79641.766,10052,6230
79651.591,10053,6230
79734.478,10054,6230
79746.018,10055,6230
79803.91,10056,6230
79828.738,10057,6230
79931.126,10058,6230
80229.563,10059,6230
80230.342,10060,6230
80230.37,10061,6230
80230.869,10062,6230
80285.428,10063,6230
80348.979,10064,6230
80384.82,10065,6230
80630.41,10066,6230
80635.341,10067,6230
80718.414,10068,6230
80834.82,10069,6230
81269.307,10070,6230
81398.89,10071,6230
81459.735,10072,6230
81717.188,10073,6230
81839.698,10074,6230
81920.565,10075,6230
82079.053,10076,6230
82138.325,10077,6230
82265.302,10078,6230
82290.572,10079,6230
82530.778,10080,6230
82549.894,10081,6230
82564.1,10082,6230
82758.221,10083,6230
82957.646,10084,6230
82978.244,10085,6230
82979.337,10086,6230
83149.05,10087,6230
83566.167,10088,6230
83606.044,10089,6230
83925.416,10090,6232
83933.646,10091,6232
84043.886,10092,6232
84088.637,10093,6232
84169.081,10094,6232
84183.424,10095,6232
84349.493,10096,6232
84785.932,10097,6232
84963.801,10098,6232
84968.39,10099,6232
84970.972,10100,6232
85004.255,10101,6232
85005.575,10102,6232
85019.301,10103,6232
85467.831,10104,6232
85505.147,10105,6232
85577.452,10106,6232
85647.222,10107,6232
85649.115,10108,6232
85970.803,10109,6232
