time_s,inputs,cumulative_edges
0.0,1,357
0.001,2,482
0.002,3,490
0.002,4,492
0.003,5,493
0.003,6,508
0.004,7,616
0.005,8,681
0.007,9,684
0.007,10,686
0.008,11,688
0.012,12,702
0.012,13,702
0.013,14,703
0.015,15,704
0.016,16,704
0.017,17,705
0.021,18,706
0.022,19,707
0.023,20,707
0.024,21,708
0.025,22,713
0.027,23,714
0.029,24,714
0.032,25,715
0.034,26,715
0.063,27,716
0.064,28,716
0.069,29,717
0.118,30,717
0.127,31,717
0.143,32,718
0.151,33,719
0.17,34,719
0.179,35,720
0.18,36,720
0.209,37,720
0.239,38,720
0.241,39,720
0.245,40,721
0.247,41,721
0.264,42,721
0.559,43,721
0.577,44,722
0.589,45,723
0.597,46,723
0.603,47,723
0.644,48,723
0.649,49,723
0.682,50,724
0.694,51,724
0.741,52,724
0.77,53,724
0.906,54,724
0.979,55,724
0.996,56,724
1.093,57,741
1.095,58,743
1.112,59,743
1.118,60,750
1.13,61,846
1.132,62,849
1.151,63,921
1.156,64,921
1.158,65,958
1.188,66,987
1.195,67,1026
1.223,68,1029
1.236,69,1037
1.238,70,1038
1.256,71,1038
1.26,72,1040
1.27,73,1041
1.276,74,1045
1.31,75,1065
1.318,76,1070
1.327,77,1070
1.33,78,1070
1.338,79,1073
1.34,80,1073
1.364,81,1075
1.364,82,1075
1.366,83,1075
1.37,84,1075
1.395,85,1075
1.453,86,1075
1.478,87,1076
1.491,88,1078
1.591,89,1085
1.598,90,1086
1.607,91,1087
1.685,92,1087
1.687,93,1087
1.694,94,1087
1.696,95,1087
1.718,96,1094
1.728,97,1094
1.803,98,1099
1.815,99,1106
1.827,100,1106
1.879,101,1109
1.937,102,1110
1.941,103,1111
1.983,104,1112
2.003,105,1112
2.027,106,1112
2.105,107,1112
2.131,108,1116
2.156,109,1116
2.18,110,1116
2.184,111,1116
2.217,112,1116
2.315,113,1116
2.317,114,1117
2.317,115,1117
2.318,116,1119
2.32,117,1119
2.323,118,1122
2.324,119,1122
2.326,120,1128
2.33,121,1129
2.33,122,1129
2.331,123,1129
2.333,124,1134
2.335,125,1136
2.337,126,1136
2.338,127,1137
2.339,128,1138
2.342,129,1141
2.348,130,1142
2.351,131,1142
2.352,132,1144
2.356,133,1144
2.364,134,1144
2.368,135,1144
2.375,136,1146
2.377,137,1146
2.377,138,1159
2.38,139,1159
2.383,140,1160
2.385,141,1160
2.391,142,1160
2.396,143,1160
2.398,144,1160
2.4,145,1160
2.401,146,1161
2.402,147,1162
2.405,148,1163
2.408,149,1163
2.41,150,1174
2.417,151,1174
2.421,152,1179
2.424,153,1181
2.43,154,1181
2.432,155,1181
2.436,156,1183
2.438,157,1185
2.442,158,1186
2.452,159,1190
2.456,160,1190
2.458,161,1190
2.463,162,1190
2.466,163,1190
2.47,164,1190
2.475,165,1194
2.478,166,1194
2.482,167,1194
2.487,168,1195
2.496,169,1195
2.496,170,1195
2.5,171,1204
2.505,172,1204
2.508,173,1205
2.522,174,1231
2.536,175,1231
2.56,176,1231
2.567,177,1232
2.57,178,1264
2.573,179,1280
2.576,180,1281
2.583,181,1281
2.588,182,1281
2.601,183,1281
2.606,184,1282
2.607,185,1282
2.611,186,1285
2.613,187,1286
2.619,188,1286
2.622,189,1287
2.653,190,1287
2.678,191,1288
2.684,192,1297
2.686,193,1297
2.696,194,1319
2.701,195,1319
2.708,196,1322
2.723,197,1323
2.726,198,1324
2.737,199,1325
2.74,200,1325
2.744,201,1329
2.746,202,1330
2.756,203,1332
2.764,204,1332
2.775,205,1333
2.778,206,1333
2.778,207,1334
2.794,208,1334
2.799,209,1334
2.807,210,1334
2.811,211,1334
2.815,212,1336
2.829,213,1342
2.834,214,1342
2.841,215,1342
2.853,216,1345
2.855,217,1347
2.867,218,1347
2.872,219,1347
2.875,220,1347
2.885,221,1350
2.887,222,1350
2.903,223,1350
2.909,224,1350
2.922,225,1350
2.926,226,1350
2.931,227,1352
2.952,228,1353
2.955,229,1354
2.968,230,1354
2.986,231,1354
2.995,232,1354
2.997,233,1370
3.02,234,1372
3.025,235,1372
3.029,236,1373
3.032,237,1374
3.045,238,1375
3.046,239,1375
3.057,240,1448
3.068,241,1448
3.08,242,1449
3.082,243,1451
3.082,244,1451
3.086,245,1451
3.089,246,1460
3.091,247,1463
3.092,248,1463
3.107,249,1463
3.128,250,1466
3.13,251,1466
3.131,252,1467
3.133,253,1467
3.135,254,1467
3.14,255,1467
3.141,256,1467
3.145,257,1467
3.149,258,1467
3.155,259,1467
3.156,260,1467
3.159,261,1468
3.159,262,1468
3.171,263,1468
3.173,264,1468
3.174,265,1468
3.175,266,1468
3.176,267,1468
3.178,268,1469
3.18,269,1469
3.181,270,1469
3.182,271,1470
3.184,272,1471
3.188,273,1471
3.196,274,1472
3.2,275,1475
3.201,276,1475
3.204,277,1475
3.211,278,1476
3.216,279,1476
3.225,280,1476
3.226,281,1476
3.233,282,1514
3.24,283,1516
3.245,284,1516
3.248,285,1516
3.251,286,1516
3.251,287,1516
3.257,288,1518
3.258,289,1518
3.265,290,1518
3.268,291,1518
3.277,292,1518
3.278,293,1518
3.28,294,1518
3.281,295,1518
3.292,296,1518
3.296,297,1518
3.3,298,1521
3.302,299,1535
3.305,300,1535
3.306,301,1535
3.307,302,1543
3.315,303,1543
3.316,304,1548
3.32,305,1550
3.329,306,1550
3.33,307,1551
3.333,308,1564
3.342,309,1564
3.352,310,1565
3.355,311,1565
3.356,312,1565
3.359,313,1565
3.363,314,1568
3.366,315,1569
3.369,316,1569
3.372,317,1569
3.379,318,1570
3.392,319,1570
3.401,320,1571
3.408,321,1571
3.417,322,1571
3.419,323,1578
3.423,324,1581
3.432,325,1581
3.435,326,1582
3.441,327,1583
3.446,328,1583
3.451,329,1583
3.458,330,1586
3.46,331,1586
3.469,332,1586
3.477,333,1586
3.48,334,1586
3.481,335,1586
3.486,336,1586
3.49,337,1586
3.498,338,1586
3.499,339,1593
3.502,340,1593
3.51,341,1593
3.512,342,1594
3.513,343,1594
3.522,344,1594
3.523,345,1594
3.525,346,1594
3.536,347,1596
3.546,348,1596
3.551,349,1596
3.553,350,1597
3.559,351,1604
3.56,352,1604
3.568,353,1604
3.578,354,1604
3.583,355,1605
3.596,356,1605
3.6,357,1605
3.608,358,1605
3.618,359,1605
3.638,360,1606
3.652,361,1606
3.662,362,1606
3.665,363,1606
3.67,364,1607
3.684,365,1607
3.706,366,1607
3.72,367,1608
3.724,368,1608
3.741,369,1608
3.75,370,1608
3.752,371,1608
3.761,372,1608
3.763,373,1608
3.767,374,1608
3.772,375,1608
3.773,376,1609
3.777,377,1609
3.798,378,1609
3.802,379,1610
3.833,380,1610
3.835,381,1610
3.841,382,1610
3.844,383,1610
3.847,384,1610
3.851,385,1610
3.855,386,1610
3.857,387,1610
3.873,388,1610
3.874,389,1610
3.893,390,1610
3.902,391,1615
3.905,392,1615
3.907,393,1615
3.909,394,1615
3.931,395,1616
3.935,396,1616
3.949,397,1616
3.951,398,1616
3.956,399,1625
3.961,400,1625
3.965,401,1625
3.968,402,1625
3.971,403,1625
3.972,404,1625
3.989,405,1625
4.0,406,1625
4.009,407,1625
4.019,408,1628
4.02,409,1628
4.022,410,1629
4.028,411,1629
4.031,412,1632
4.033,413,1632
4.052,414,1632
4.065,415,1632
4.068,416,1632
4.074,417,1632
4.074,418,1632
4.097,419,1632
4.111,420,1632
4.119,421,1635
4.127,422,1635
4.129,423,1636
4.142,424,1650
4.166,425,1650
4.169,426,1650
4.175,427,1650
4.19,428,1651
4.192,429,1651
4.198,430,1651
4.209,431,1651
4.211,432,1651
4.216,433,1652
4.224,434,1653
4.228,435,1653
4.24,436,1657
4.249,437,1658
4.266,438,1658
4.277,439,1660
4.292,440,1660
4.294,441,1660
4.306,442,1661
4.309,443,1663
4.324,444,1663
4.327,445,1663
4.333,446,1663
4.336,447,1663
4.368,448,1663
4.372,449,1663
4.376,450,1664
4.388,451,1664
4.39,452,1664
4.393,453,1665
4.402,454,1665
4.43,455,1665
4.433,456,1665
4.44,457,1665
4.443,458,1665
4.455,459,1665
4.459,460,1665
4.466,461,1665
4.487,462,1665
4.493,463,1666
4.506,464,1668
4.515,465,1668
4.521,466,1668
4.524,467,1668
4.526,468,1668
4.53,469,1668
4.56,470,1669
4.581,471,1670
4.598,472,1671
4.616,473,1671
4.617,474,1671
4.618,475,1671
4.626,476,1672
4.658,477,1672
4.67,478,1672
4.674,479,1674
4.692,480,1674
4.702,481,1674
4.72,482,1674
4.726,483,1674
4.757,484,1678
4.759,485,1678
4.766,486,1678
4.775,487,1679
4.778,488,1679
4.783,489,1679
4.792,490,1680
4.816,491,1680
4.835,492,1680
4.865,493,1680
4.867,494,1680
4.872,495,1680
4.887,496,1680
4.903,497,1681
4.938,498,1690
4.947,499,1690
4.964,500,1691
5.004,501,1691
5.008,502,1692
5.009,503,1692
5.028,504,1695
5.041,505,1695
5.043,506,1695
5.052,507,1695
5.089,508,1695
5.095,509,1695
5.101,510,1695
5.105,511,1695
5.14,512,1695
5.147,513,1695
5.197,514,1695
5.203,515,1695
5.23,516,1695
5.249,517,1695
5.255,518,1695
5.263,519,1698
5.273,520,1698
5.282,521,1698
5.287,522,1699
5.293,523,1699
5.339,524,1699
5.362,525,1699
5.391,526,1699
5.425,527,1699
5.435,528,1699
5.479,529,1699
5.492,530,1699
5.498,531,1699
5.503,532,1699
5.506,533,1700
5.538,534,1702
5.561,535,1703
5.6,536,1703
5.628,537,1711
5.643,538,1712
5.649,539,1712
5.65,540,1713
5.657,541,1714
5.67,542,1714
5.704,543,1714
5.714,544,1716
5.73,545,1716
5.8,546,1716
5.806,547,1716
5.827,548,1716
5.832,549,1716
5.873,550,1719
5.878,551,1719
5.906,552,1719
5.92,553,1719
5.945,554,1720
5.974,555,1720
6.057,556,1720
6.078,557,1721
6.099,558,1723
6.111,559,1723
6.128,560,1723
6.141,561,1723
6.148,562,1723
6.167,563,1724
6.185,564,1724
6.221,565,1724
6.232,566,1724
6.246,567,1727
6.271,568,1727
6.292,569,1727
6.324,570,1727
6.327,571,1727
6.333,572,1727
6.354,573,1727
6.394,574,1727
6.408,575,1729
6.41,576,1729
6.418,577,1730
6.441,578,1730
6.492,579,1730
6.498,580,1730
6.501,581,1730
6.512,582,1731
6.519,583,1731
6.521,584,1731
6.551,585,1733
6.552,586,1733
6.559,587,1733
6.616,588,1733
6.626,589,1733
6.633,590,1734
6.661,591,1734
6.672,592,1734
6.681,593,1734
6.716,594,1735
6.72,595,1735
6.725,596,1735
6.782,597,1735
6.792,598,1735
6.831,599,1735
6.834,600,1735
6.838,601,1735
6.844,602,1735
6.882,603,1735
6.903,604,1736
6.953,605,1736
6.981,606,1737
7.007,607,1737
7.022,608,1737
7.027,609,1737
7.032,610,1737
7.038,611,1738
7.042,612,1738
7.061,613,1739
7.082,614,1740
7.096,615,1740
7.097,616,1741
7.143,617,1741
7.174,618,1741
7.184,619,1741
7.196,620,1741
7.202,621,1741
7.214,622,1741
7.24,623,1742
7.33,624,1742
7.364,625,1742
7.37,626,1742
7.387,627,1742
7.401,628,1743
7.407,629,1743
7.418,630,1744
7.424,631,1744
7.434,632,1744
7.449,633,1747
7.469,634,1747
7.476,635,1747
7.506,636,1747
7.54,637,1747
7.547,638,1748
7.585,639,1749
7.602,640,1750
7.635,641,1750
7.683,642,1751
7.704,643,1752
7.738,644,1754
7.802,645,1754
7.857,646,1754
7.928,647,1755
8.115,648,1755
8.206,649,1755
8.222,650,1755
8.237,651,1755
8.283,652,1755
8.352,653,1755
8.444,654,1755
8.446,655,1755
8.496,656,1755
8.586,657,1755
8.599,658,1755
8.765,659,1755
8.818,660,1757
8.833,661,1757
8.919,662,1757
8.931,663,1757
8.994,664,1758
9.036,665,1758
9.049,666,1775
9.139,667,1775
9.245,668,1775
9.309,669,1775
9.329,670,1775
9.589,671,1775
9.638,672,1775
9.692,673,1776
9.808,674,1776
9.862,675,1776
9.892,676,1776
9.9,677,1776
9.939,678,1778
10.06,679,1778
10.154,680,1778
10.224,681,1778
10.306,682,1778
10.345,683,1778
10.382,684,1780
10.452,685,1782
10.48,686,1782
10.649,687,1783
10.969,688,1784
10.974,689,1784
11.02,690,1784
11.07,691,1784
11.243,692,1784
11.381,693,1785
11.556,694,1785
11.633,695,1785
11.788,696,1785
11.926,697,1785
12.032,698,1785
12.169,699,1786
12.293,700,1787
12.314,701,1787
12.316,702,1787
12.324,703,1811
12.327,704,1811
12.328,705,1811
12.332,706,1811
12.334,707,1811
12.338,708,1811
12.339,709,1818
12.344,710,1820
12.345,711,1820
12.347,712,1820
12.35,713,1820
12.36,714,1820
12.362,715,1820
12.366,716,1820
12.369,717,1820
12.374,718,1820
12.377,719,1822
12.38,720,1822
12.387,721,1822
12.396,722,1822
12.401,723,1822
12.402,724,1822
12.405,725,1822
12.406,726,1822
12.409,727,1822
12.41,728,1822
12.42,729,1822
12.422,730,1822
12.425,731,1822
12.426,732,1822
12.429,733,1822
12.432,734,1822
12.438,735,1823
12.452,736,1823
12.454,737,1823
12.459,738,1823
12.463,739,1823
12.469,740,1823
12.477,741,1823
12.484,742,1823
12.497,743,1834
12.499,744,1834
12.501,745,1835
12.505,746,1835
12.51,747,1835
12.523,748,1835
12.542,749,1835
12.544,750,1836
12.547,751,1837
12.557,752,1837
12.562,753,1838
12.563,754,1838
12.598,755,1838
12.6,756,1858
12.602,757,1858
12.604,758,1858
12.604,759,1858
12.607,760,1858
12.614,761,1858
12.63,762,1858
12.632,763,1859
12.636,764,1859
12.648,765,1859
12.65,766,1859
12.66,767,1859
12.673,768,1859
12.679,769,1859
12.681,770,1859
12.686,771,1859
12.688,772,1859
12.691,773,1859
12.692,774,1859
12.695,775,1859
12.699,776,1859
12.702,777,1859
12.705,778,1859
12.707,779,1859
12.713,780,1859
12.721,781,1859
12.724,782,1859
12.74,783,1859
12.742,784,1861
12.756,785,1861
12.76,786,1861
12.766,787,1861
12.795,788,1861
12.813,789,1861
12.837,790,1861
12.847,791,1861
12.859,792,1861
12.863,793,1861
12.876,794,1861
12.906,795,1861
12.917,796,1862
12.951,797,1869
12.954,798,1869
12.974,799,1869
12.986,800,1869
13.025,801,1869
13.032,802,1869
13.037,803,1869
13.054,804,1871
13.074,805,1873
13.078,806,1873
13.079,807,1873
13.081,808,1873
13.085,809,1873
13.098,810,1873
13.111,811,1873
13.114,812,1873
13.116,813,1876
13.125,814,1876
13.127,815,1876
13.13,816,1879
13.137,817,1879
13.152,818,1879
13.162,819,1879
13.183,820,1879
13.188,821,1879
13.191,822,1879
13.198,823,1879
13.206,824,1879
13.21,825,1880
13.217,826,1880
13.25,827,1881
13.256,828,1881
13.284,829,1881
13.322,830,1881
13.333,831,1881
13.371,832,1881
13.381,833,1881
13.391,834,1881
13.396,835,1881
13.438,836,1881
13.441,837,1881
13.449,838,1881
13.452,839,1882
13.482,840,1882
13.489,841,1882
13.495,842,1882
13.531,843,1882
13.546,844,1883
13.553,845,1884
13.571,846,1884
13.581,847,1884
13.594,848,1884
13.645,849,1884
13.654,850,1884
13.659,851,1884
13.666,852,1884
13.681,853,1884
13.75,854,1884
13.765,855,1884
13.78,856,1888
13.798,857,1888
13.914,858,1888
13.925,859,1888
13.992,860,1890
14.039,861,1890
14.145,862,1891
14.285,863,1892
14.293,864,1892
14.299,865,1893
14.425,866,1893
14.448,867,1893
14.45,868,1894
14.521,869,1894
14.524,870,1894
14.619,871,1894
14.818,872,1896
14.83,873,1896
14.874,874,1896
14.953,875,1896
15.018,876,1896
15.058,877,1896
15.06,878,1896
15.099,879,1896
15.105,880,1897
15.142,881,1897
15.147,882,1897
15.155,883,1897
15.191,884,1897
15.21,885,1897
15.22,886,1897
15.225,887,1897
15.234,888,1897
15.252,889,1899
15.28,890,1899
15.35,891,1899
15.365,892,1899
15.376,893,1899
15.38,894,1899
15.395,895,1899
15.427,896,1899
15.47,897,1899
15.474,898,1900
15.481,899,1900
15.508,900,1900
15.554,901,1900
15.591,902,1900
15.656,903,1900
15.685,904,1900
15.74,905,1901
15.779,906,1905
15.829,907,1905
15.861,908,1906
15.91,909,1906
15.919,910,1906
15.962,911,1925
15.978,912,1925
15.99,913,1925
15.991,914,1925
16.001,915,1925
16.018,916,1926
16.021,917,1926
16.054,918,1926
16.17,919,1926
16.173,920,1926
16.191,921,1928
16.3,922,1929
16.322,923,1930
16.333,924,1930
16.362,925,1930
16.374,926,1930
16.418,927,1930
16.424,928,1930
16.433,929,1930
16.445,930,1930
16.52,931,1930
16.575,932,1930
16.689,933,1930
16.694,934,1930
16.697,935,1930
16.698,936,1930
16.735,937,1930
16.771,938,1930
16.847,939,1930
16.925,940,1930
17.049,941,1930
17.125,942,1930
17.196,943,1930
17.197,944,1930
17.2,945,1930
17.225,946,1938
17.23,947,1942
17.233,948,1942
17.236,949,1943
17.238,950,1944
17.269,951,1946
17.273,952,1946
17.282,953,1946
17.293,954,1946
17.299,955,1946
17.305,956,1946
17.312,957,1947
17.325,958,1947
17.333,959,1947
17.342,960,1949
17.367,961,1950
17.432,962,1950
17.443,963,1951
17.459,964,1951
17.467,965,1951
17.481,966,1951
17.514,967,1951
17.523,968,1951
17.525,969,1951
17.565,970,1951
17.589,971,1952
17.598,972,1952
17.606,973,1953
17.618,974,1953
17.679,975,1953
17.708,976,1953
17.715,977,1953
17.735,978,1954
17.768,979,1956
17.773,980,1960
17.778,981,1960
17.865,982,1960
17.876,983,1960
17.931,984,1960
17.934,985,1960
18.002,986,1960
18.059,987,1963
18.076,988,1963
18.119,989,1963
18.152,990,1963
18.154,991,1963
18.177,992,1963
18.182,993,1963
18.202,994,1964
18.218,995,1964
18.249,996,1964
18.32,997,1965
18.38,998,1965
18.422,999,1966
18.455,1000,1966
18.541,1001,1967
18.72,1002,1967
18.75,1003,1967
18.79,1004,1967
18.793,1005,1967
18.851,1006,1967
18.859,1007,1968
18.979,1008,1968
19.024,1009,1969
19.045,1010,1969
19.285,1011,1969
19.49,1012,1969
19.574,1013,1969
19.592,1014,1969
19.741,1015,1969
19.769,1016,1969
19.832,1017,1971
19.946,1018,1971
19.984,1019,1972
20.007,1020,1972
20.014,1021,1972
20.117,1022,1972
20.415,1023,1972
20.477,1024,1975
20.589,1025,1976
20.614,1026,1976
20.662,1027,1976
20.817,1028,1976
20.871,1029,1976
20.966,1030,1976
21.022,1031,1977
21.275,1032,1977
21.342,1033,1977
21.37,1034,1977
21.53,1035,1977
21.598,1036,1978
21.603,1037,1978
21.68,1038,1978
21.69,1039,1979
21.805,1040,1979
22.299,1041,1979
22.419,1042,1983
22.435,1043,1983
22.472,1044,1983
22.48,1045,1983
22.488,1046,1983
22.492,1047,1983
22.498,1048,1983
22.501,1049,1983
22.502,1050,1983
22.511,1051,1983
22.526,1052,1983
22.548,1053,1983
22.557,1054,1984
22.561,1055,1984
22.587,1056,1984
22.588,1057,1984
22.73,1058,1984
22.768,1059,1985
22.785,1060,1985
22.878,1061,1985
22.889,1062,1985
22.898,1063,1985
22.9,1064,1987
22.99,1065,1996
23.076,1066,1996
23.093,1067,1996
23.101,1068,1996
23.153,1069,1998
23.165,1070,1998
23.246,1071,1998
23.287,1072,1998
23.355,1073,1998
23.46,1074,1998
23.479,1075,1998
23.559,1076,1998
23.59,1077,1998
23.619,1078,1998
23.629,1079,1998
23.66,1080,1998
23.67,1081,1998
23.673,1082,1998
23.737,1083,2001
23.751,1084,2001
23.766,1085,2004
23.769,1086,2004
23.776,1087,2004
23.848,1088,2007
23.858,1089,2007
23.895,1090,2007
23.899,1091,2007
23.901,1092,2007
23.959,1093,2007
23.972,1094,2021
24.09,1095,2023
24.118,1096,2023
24.184,1097,2023
24.192,1098,2023
24.208,1099,2023
24.431,1100,2023
24.527,1101,2023
24.531,1102,2023
24.535,1103,2023
24.58,1104,2023
24.632,1105,2023
24.68,1106,2023
24.694,1107,2023
24.768,1108,2023
24.832,1109,2028
24.975,1110,2029
24.995,1111,2029
25.005,1112,2029
25.016,1113,2029
25.088,1114,2029
25.101,1115,2029
25.209,1116,2029
25.23,1117,2029
25.31,1118,2029
25.506,1119,2029
25.676,1120,2029
25.804,1121,2029
25.855,1122,2029
25.963,1123,2029
25.989,1124,2029
26.068,1125,2029
26.165,1126,2030
26.226,1127,2032
26.316,1128,2032
26.352,1129,2032
26.609,1130,2032
26.644,1131,2032
26.671,1132,2032
26.672,1133,2032
26.678,1134,2032
26.684,1135,2032
26.742,1136,2032
26.822,1137,2032
26.886,1138,2033
26.944,1139,2034
26.963,1140,2038
26.994,1141,2051
27.001,1142,2051
27.059,1143,2051
27.062,1144,2051
27.063,1145,2051
27.087,1146,2051
27.089,1147,2051
27.093,1148,2051
27.13,1149,2051
27.134,1150,2051
27.148,1151,2051
27.194,1152,2051
27.256,1153,2051
27.264,1154,2053
27.29,1155,2053
27.334,1156,2054
27.361,1157,2054
27.409,1158,2054
27.453,1159,2054
27.603,1160,2054
27.686,1161,2054
27.808,1162,2054
28.062,1163,2054
28.261,1164,2054
28.414,1165,2054
28.465,1166,2054
28.495,1167,2070
28.563,1168,2071
28.569,1169,2071
28.573,1170,2072
28.614,1171,2073
28.63,1172,2073
28.726,1173,2074
28.788,1174,2075
28.793,1175,2076
28.832,1176,2076
29.186,1177,2076
29.215,1178,2076
29.259,1179,2082
29.457,1180,2082
29.458,1181,2082
29.483,1182,2082
29.483,1183,2083
29.484,1184,2083
29.517,1185,2083
29.527,1186,2089
29.564,1187,2089
29.589,1188,2089
29.6,1189,2089
29.614,1190,2089
29.751,1191,2093
29.819,1192,2094
30.017,1193,2094
30.035,1194,2094
30.041,1195,2095
30.108,1196,2095
30.208,1197,2095
30.27,1198,2095
30.278,1199,2095
30.564,1200,2095
30.613,1201,2095
30.736,1202,2096
30.82,1203,2100
30.824,1204,2101
30.901,1205,2101
30.906,1206,2101
30.914,1207,2101
31.023,1208,2101
31.028,1209,2101
31.03,1210,2101
31.037,1211,2101
31.076,1212,2101
31.122,1213,2101
31.136,1214,2101
31.159,1215,2101
31.161,1216,2101
31.173,1217,2101
31.208,1218,2101
31.227,1219,2101
31.409,1220,2101
31.434,1221,2101
31.551,1222,2101
31.596,1223,2101
31.881,1224,2101
31.976,1225,2101
32.21,1226,2101
32.283,1227,2101
32.322,1228,2101
32.615,1229,2101
33.307,1230,2101
34.151,1231,2101
34.205,1232,2101
34.342,1233,2101
34.538,1234,2101
34.808,1235,2101
36.668,1236,2101
37.207,1237,2101
38.897,1238,2101
40.176,1239,2102
40.759,1240,2102
40.817,1241,2102
40.839,1242,2103
40.885,1243,2103
40.926,1244,2103
40.949,1245,2103
41.038,1246,2103
41.048,1247,2103
41.053,1248,2104
41.133,1249,2104
41.193,1250,2104
41.238,1251,2104
41.297,1252,2104
41.639,1253,2104
41.7,1254,2104
41.805,1255,2104
41.992,1256,2104
42.039,1257,2104
42.168,1258,2106
42.222,1259,2106
42.257,1260,2106
42.277,1261,2107
42.342,1262,2107
42.353,1263,2107
42.422,1264,2107
42.423,1265,2107
42.466,1266,2107
42.479,1267,2107
42.481,1268,2107
42.496,1269,2107
42.504,1270,2107
42.547,1271,2107
42.584,1272,2107
42.613,1273,2107
42.646,1274,2107
42.678,1275,2107
42.716,1276,2107
42.805,1277,2107
42.825,1278,2107
42.841,1279,2107
43.019,1280,2107
43.169,1281,2107
43.219,1282,2107
43.325,1283,2107
43.401,1284,2107
43.425,1285,2107
43.556,1286,2108
43.586,1287,2108
43.725,1288,2108
43.746,1289,2108
43.844,1290,2108
43.865,1291,2108
44.026,1292,2108
44.027,1293,2108
44.03,1294,2108
44.068,1295,2108
44.071,1296,2108
44.105,1297,2109
44.226,1298,2109
44.257,1299,2109
44.371,1300,2110
44.432,1301,2110
44.437,1302,2110
44.491,1303,2110
44.53,1304,2110
44.534,1305,2110
44.764,1306,2111
44.895,1307,2111
44.934,1308,2111
45.022,1309,2111
45.185,1310,2112
46.222,1311,2112
46.251,1312,2113
46.442,1313,2114
46.658,1314,2114
47.057,1315,2114
47.156,1316,2114
47.187,1317,2114
47.248,1318,2118
47.253,1319,2118
47.284,1320,2118
47.294,1321,2120
47.3,1322,2120
47.318,1323,2120
47.348,1324,2120
47.356,1325,2120
47.446,1326,2120
47.531,1327,2120
47.553,1328,2120
47.687,1329,2120
47.736,1330,2120
47.876,1331,2120
47.924,1332,2120
47.937,1333,2120
48.166,1334,2120
48.35,1335,2120
48.356,1336,2120
48.389,1337,2120
48.602,1338,2120
48.719,1339,2120
48.797,1340,2120
48.809,1341,2120
48.85,1342,2121
48.933,1343,2121
48.95,1344,2121
49.036,1345,2121
49.163,1346,2121
49.182,1347,2121
49.212,1348,2121
49.22,1349,2121
49.379,1350,2121
49.587,1351,2122
49.734,1352,2122
49.804,1353,2122
49.87,1354,2122
49.884,1355,2135
49.911,1356,2135
49.978,1357,2135
50.135,1358,2135
50.317,1359,2135
50.319,1360,2135
50.32,1361,2135
50.324,1362,2135
50.326,1363,2135
50.339,1364,2136
50.363,1365,2136
50.368,1366,2136
50.449,1367,2136
50.495,1368,2136
50.703,1369,2136
50.919,1370,2136
51.018,1371,2137
51.033,1372,2137
51.038,1373,2137
51.043,1374,2137
51.233,1375,2137
51.262,1376,2137
51.304,1377,2144
51.307,1378,2144
51.313,1379,2146
51.423,1380,2146
51.611,1381,2151
51.694,1382,2154
51.697,1383,2154
51.832,1384,2154
51.835,1385,2154
51.84,1386,2154
51.846,1387,2154
51.852,1388,2154
51.855,1389,2154
51.856,1390,2154
51.86,1391,2154
51.866,1392,2154
51.872,1393,2154
51.878,1394,2154
51.885,1395,2155
51.899,1396,2155
51.905,1397,2155
51.911,1398,2155
51.925,1399,2156
51.938,1400,2156
51.95,1401,2156
51.985,1402,2156
52.013,1403,2156
52.046,1404,2156
52.067,1405,2157
52.079,1406,2157
52.084,1407,2158
52.101,1408,2158
52.151,1409,2158
52.19,1410,2158
52.201,1411,2158
52.215,1412,2158
52.241,1413,2158
52.33,1414,2158
52.357,1415,2158
52.374,1416,2158
52.416,1417,2162
52.423,1418,2162
52.449,1419,2162
52.481,1420,2163
52.623,1421,2163
52.651,1422,2163
52.674,1423,2163
52.706,1424,2164
53.044,1425,2165
53.067,1426,2165
53.133,1427,2165
53.27,1428,2172
53.635,1429,2172
53.965,1430,2172
54.008,1431,2172
54.057,1432,2174
54.092,1433,2174
54.098,1434,2175
54.102,1435,2175
54.108,1436,2177
54.127,1437,2177
54.219,1438,2178
54.526,1439,2180
54.834,1440,2180
54.965,1441,2180
55.038,1442,2180
55.096,1443,2184
55.244,1444,2184
55.301,1445,2184
55.482,1446,2184
55.997,1447,2184
56.049,1448,2185
56.186,1449,2186
56.187,1450,2186
56.191,1451,2186
56.2,1452,2186
56.231,1453,2187
56.234,1454,2191
56.238,1455,2191
56.299,1456,2191
56.526,1457,2192
57.005,1458,2192
57.125,1459,2193
57.3,1460,2193
57.305,1461,2194
57.315,1462,2194
57.332,1463,2194
57.432,1464,2194
57.442,1465,2194
57.449,1466,2194
57.509,1467,2194
57.571,1468,2194
57.618,1469,2200
57.652,1470,2201
57.725,1471,2201
57.733,1472,2201
57.778,1473,2201
57.801,1474,2201
57.841,1475,2201
57.972,1476,2201
58.068,1477,2201
58.275,1478,2201
58.277,1479,2201
58.396,1480,2201
58.443,1481,2201
58.61,1482,2201
58.613,1483,2201
58.621,1484,2201
58.642,1485,2201
58.653,1486,2201
58.695,1487,2201
58.764,1488,2201
58.858,1489,2204
59.44,1490,2204
59.792,1491,2204
60.04,1492,2208
60.271,1493,2208
60.306,1494,2208
60.314,1495,2208
60.39,1496,2208
60.47,1497,2208
60.904,1498,2208
61.023,1499,2208
61.632,1500,2208
61.636,1501,2208
61.638,1502,2208
61.83,1503,2208
61.869,1504,2210
61.947,1505,2210
61.948,1506,2210
61.96,1507,2210
61.979,1508,2210
62.031,1509,2210
62.037,1510,2232
62.152,1511,2232
62.344,1512,2232
62.433,1513,2232
62.559,1514,2232
62.8,1515,2232
63.096,1516,2232
63.121,1517,2233
63.158,1518,2233
63.371,1519,2233
63.38,1520,2233
63.833,1521,2233
63.884,1522,2233
63.949,1523,2233
63.956,1524,2233
64.029,1525,2233
64.037,1526,2233
64.216,1527,2233
64.24,1528,2235
64.352,1529,2235
64.368,1530,2235
64.39,1531,2235
64.416,1532,2236
64.509,1533,2236
64.829,1534,2236
64.887,1535,2236
65.209,1536,2236
65.229,1537,2236
65.25,1538,2237
65.257,1539,2237
65.412,1540,2237
65.432,1541,2237
65.486,1542,2237
65.789,1543,2237
66.013,1544,2237
66.324,1545,2238
66.856,1546,2238
66.899,1547,2238
66.937,1548,2238
66.941,1549,2238
67.086,1550,2238
67.29,1551,2241
67.329,1552,2241
67.433,1553,2241
67.445,1554,2241
67.547,1555,2241
67.598,1556,2241
67.635,1557,2241
67.66,1558,2241
68.13,1559,2241
68.135,1560,2241
68.153,1561,2241
68.17,1562,2242
68.183,1563,2242
68.201,1564,2242
68.34,1565,2242
68.348,1566,2242
68.443,1567,2242
68.61,1568,2243
68.747,1569,2243
69.003,1570,2243
69.145,1571,2243
69.223,1572,2243
69.475,1573,2243
69.737,1574,2243
69.936,1575,2243
69.937,1576,2244
69.938,1577,2244
69.939,1578,2244
69.94,1579,2245
69.95,1580,2245
69.953,1581,2245
69.963,1582,2245
69.966,1583,2246
69.981,1584,2247
69.989,1585,2247
69.995,1586,2247
70.029,1587,2247
70.046,1588,2247
70.055,1589,2247
70.121,1590,2247
70.517,1591,2247
70.767,1592,2247
71.24,1593,2247
71.424,1594,2247
71.775,1595,2247
71.784,1596,2247
71.795,1597,2247
71.913,1598,2247
71.931,1599,2247
72.003,1600,2247
72.07,1601,2247
72.088,1602,2247
72.314,1603,2247
72.446,1604,2344
72.693,1605,2344
72.767,1606,2344
72.801,1607,2344
72.85,1608,2344
72.932,1609,2344
72.968,1610,2345
72.988,1611,2345
72.995,1612,2345
73.022,1613,2345
73.109,1614,2345
73.497,1615,2347
73.6,1616,2347
74.017,1617,2347
74.035,1618,2347
74.038,1619,2347
74.089,1620,2348
74.157,1621,2348
74.214,1622,2348
74.239,1623,2348
74.28,1624,2348
74.422,1625,2348
74.471,1626,2348
74.525,1627,2348
74.841,1628,2348
74.989,1629,2348
75.042,1630,2348
75.355,1631,2348
75.368,1632,2348
75.385,1633,2348
75.644,1634,2348
75.651,1635,2348
75.914,1636,2348
75.933,1637,2348
75.998,1638,2349
76.06,1639,2349
76.142,1640,2349
76.453,1641,2349
76.514,1642,2349
76.541,1643,2350
76.875,1644,2350
77.32,1645,2350
77.41,1646,2350
77.435,1647,2350
77.756,1648,2350
77.896,1649,2350
77.939,1650,2350
77.95,1651,2350
77.986,1652,2351
78.063,1653,2351
78.151,1654,2351
78.155,1655,2351
78.421,1656,2351
78.506,1657,2355
78.549,1658,2355
78.874,1659,2355
79.103,1660,2355
79.684,1661,2367
79.856,1662,2367
80.023,1663,2367
80.077,1664,2367
80.086,1665,2367
80.207,1666,2367
80.255,1667,2367
80.303,1668,2367
80.303,1669,2367
80.348,1670,2367
80.378,1671,2367
80.826,1672,2367
81.051,1673,2367
81.063,1674,2367
81.121,1675,2367
81.247,1676,2367
81.556,1677,2367
81.617,1678,2367
81.694,1679,2368
82.026,1680,2368
82.172,1681,2368
82.177,1682,2368
82.754,1683,2370
82.761,1684,2370
82.928,1685,2371
83.099,1686,2371
83.262,1687,2372
83.735,1688,2375
83.747,1689,2375
83.768,1690,2376
83.78,1691,2377
83.831,1692,2378
83.864,1693,2379
83.98,1694,2379
84.166,1695,2382
84.423,1696,2382
84.615,1697,2383
84.766,1698,2384
84.936,1699,2384
85.187,1700,2384
85.405,1701,2384
85.409,1702,2384
85.504,1703,2384
85.506,1704,2384
85.507,1705,2384
85.508,1706,2384
85.509,1707,2384
85.51,1708,2384
85.511,1709,2384
85.513,1710,2384
85.514,1711,2384
85.515,1712,2384
85.52,1713,2384
85.522,1714,2384
85.538,1715,2384
85.539,1716,2384
85.545,1717,2386
85.548,1718,2386
85.553,1719,2387
85.558,1720,2387
85.563,1721,2387
85.564,1722,2387
85.571,1723,2387
85.596,1724,2387
85.597,1725,2387
85.612,1726,2387
85.613,1727,2387
85.634,1728,2387
85.65,1729,2388
85.663,1730,2388
85.682,1731,2389
85.688,1732,2390
85.696,1733,2390
85.714,1734,2390
85.738,1735,2390
85.741,1736,2390
85.772,1737,2391
85.789,1738,2391
85.794,1739,2391
85.863,1740,2391
85.947,1741,2391
85.952,1742,2391
86.293,1743,2391
86.414,1744,2391
86.984,1745,2392
87.071,1746,2392
87.088,1747,2392
87.297,1748,2396
89.09,1749,2396
89.449,1750,2396
92.359,1751,2396
92.705,1752,2396
92.739,1753,2396
92.794,1754,2396
93.103,1755,2396
93.212,1756,2437
93.212,1757,2437
93.213,1758,2441
93.214,1759,2465
93.215,1760,2475
93.217,1761,2475
93.218,1762,2475
93.219,1763,2475
93.446,1764,2494
93.45,1765,2494
93.451,1766,2494
93.456,1767,2494
93.459,1768,2495
93.465,1769,2497
93.468,1770,2501
93.47,1771,2501
93.473,1772,2509
93.475,1773,2513
93.479,1774,2513
93.485,1775,2513
93.488,1776,2513
93.495,1777,2514
93.522,1778,2514
93.524,1779,2515
93.529,1780,2515
93.535,1781,2515
93.591,1782,2515
93.594,1783,2516
93.616,1784,2516
93.619,1785,2517
93.651,1786,2518
93.656,1787,2518
93.694,1788,2520
93.726,1789,2521
93.74,1790,2521
93.768,1791,2522
93.772,1792,2523
93.781,1793,2524
93.789,1794,2525
93.795,1795,2528
93.814,1796,2528
93.818,1797,2528
93.826,1798,2537
93.837,1799,2541
93.84,1800,2542
93.86,1801,2542
93.872,1802,2546
93.887,1803,2547
93.897,1804,2547
93.939,1805,2548
93.998,1806,2548
94.045,1807,2549
94.083,1808,2553
94.125,1809,2553
94.135,1810,2555
94.18,1811,2555
94.191,1812,2555
94.2,1813,2555
94.209,1814,2555
94.241,1815,2555
94.253,1816,2557
94.259,1817,2557
94.273,1818,2558
94.276,1819,2558
94.279,1820,2562
94.288,1821,2562
94.35,1822,2562
94.37,1823,2565
94.372,1824,2566
94.373,1825,2567
94.399,1826,2567
94.419,1827,2567
94.492,1828,2572
94.664,1829,2572
95.131,1830,2572
95.182,1831,2572
95.185,1832,2572
95.199,1833,2572
95.209,1834,2572
95.312,1835,2572
95.349,1836,2572
95.389,1837,2573
95.412,1838,2573
95.81,1839,2573
95.83,1840,2573
95.993,1841,2582
96.035,1842,2582
96.395,1843,2583
96.398,1844,2584
96.402,1845,2585
96.417,1846,2586
96.423,1847,2587
96.427,1848,2587
96.457,1849,2587
96.466,1850,2588
96.468,1851,2589
96.481,1852,2589
96.505,1853,2590
96.528,1854,2591
96.548,1855,2591
96.55,1856,2591
96.555,1857,2591
96.574,1858,2596
96.601,1859,2596
96.661,1860,2596
96.756,1861,2598
96.882,1862,2598
96.894,1863,2603
96.956,1864,2603
97.125,1865,2604
97.22,1866,2606
97.415,1867,2606
97.7,1868,2606
97.894,1869,2606
97.924,1870,2608
97.94,1871,2608
97.959,1872,2608
98.05,1873,2609
98.059,1874,2609
98.061,1875,2609
98.063,1876,2609
98.152,1877,2609
98.216,1878,2610
98.307,1879,2611
98.322,1880,2611
98.35,1881,2611
98.374,1882,2611
98.408,1883,2611
98.431,1884,2611
98.465,1885,2611
98.477,1886,2611
98.667,1887,2611
98.691,1888,2611
98.73,1889,2611
99.1,1890,2611
101.502,1891,2611
101.513,1892,2611
102.633,1893,2611
102.641,1894,2611
102.708,1895,2612
102.809,1896,2612
102.992,1897,2613
103.006,1898,2613
103.049,1899,2614
103.124,1900,2614
103.141,1901,2614
103.504,1902,2614
103.531,1903,2614
103.558,1904,2614
103.589,1905,2614
103.641,1906,2615
103.774,1907,2616
103.849,1908,2616
104.077,1909,2616
104.208,1910,2616
104.226,1911,2616
104.265,1912,2616
104.316,1913,2616
104.339,1914,2616
104.831,1915,2616
104.947,1916,2616
105.086,1917,2619
105.301,1918,2619
105.365,1919,2619
105.386,1920,2619
105.428,1921,2619
105.433,1922,2619
105.442,1923,2620
105.445,1924,2620
105.46,1925,2620
105.537,1926,2621
105.617,1927,2621
105.66,1928,2621
105.665,1929,2621
105.703,1930,2621
105.724,1931,2621
105.865,1932,2621
105.869,1933,2621
106.011,1934,2621
106.112,1935,2621
106.196,1936,2622
106.218,1937,2622
106.273,1938,2623
106.289,1939,2623
106.309,1940,2623
106.318,1941,2623
106.389,1942,2623
106.561,1943,2623
106.636,1944,2623
106.853,1945,2624
107.215,1946,2624
107.278,1947,2624
107.568,1948,2624
107.977,1949,2624
108.073,1950,2624
108.228,1951,2624
108.696,1952,2624
108.854,1953,2624
108.89,1954,2625
108.999,1955,2625
109.008,1956,2625
109.016,1957,2625
109.028,1958,2625
109.043,1959,2625
109.071,1960,2625
109.266,1961,2626
109.466,1962,2626
109.794,1963,2626
109.872,1964,2626
110.663,1965,2626
110.967,1966,2626
110.973,1967,2626
110.984,1968,2626
111.042,1969,2626
111.103,1970,2626
111.108,1971,2626
111.188,1972,2626
111.194,1973,2626
111.209,1974,2626
111.328,1975,2626
111.343,1976,2626
111.439,1977,2626
111.804,1978,2626
111.823,1979,2626
112.204,1980,2626
112.579,1981,2627
112.58,1982,2628
112.647,1983,2628
112.783,1984,2631
113.992,1985,2631
114.057,1986,2632
114.079,1987,2632
114.369,1988,2632
114.935,1989,2635
114.939,1990,2647
114.948,1991,2647
114.962,1992,2647
114.978,1993,2647
115.044,1994,2647
115.046,1995,2648
115.425,1996,2648
115.666,1997,2648
115.695,1998,2648
115.887,1999,2648
115.908,2000,2648
115.915,2001,2648
116.095,2002,2649
116.143,2003,2649
116.314,2004,2649
116.323,2005,2650
116.562,2006,2650
116.704,2007,2650
116.787,2008,2650
116.897,2009,2650
117.368,2010,2650
117.445,2011,2650
117.926,2012,2650
118.096,2013,2650
118.249,2014,2650
118.26,2015,2652
118.271,2016,2652
118.322,2017,2656
118.341,2018,2656
118.347,2019,2656
118.389,2020,2656
118.575,2021,2656
118.676,2022,2656
118.679,2023,2656
118.72,2024,2656
118.793,2025,2656
118.941,2026,2657
119.15,2027,2657
119.352,2028,2657
119.397,2029,2657
119.468,2030,2659
119.53,2031,2659
119.551,2032,2659
119.624,2033,2659
119.659,2034,2659
119.686,2035,2659
119.725,2036,2659
119.84,2037,2660
120.248,2038,2660
120.67,2039,2660
120.674,2040,2660
120.678,2041,2660
120.775,2042,2660
120.837,2043,2660
120.906,2044,2660
121.545,2045,2660
121.556,2046,2660
121.592,2047,2660
121.621,2048,2660
121.676,2049,2660
121.687,2050,2660
121.688,2051,2660
121.74,2052,2660
122.011,2053,2660
122.201,2054,2660
123.458,2055,2660
123.806,2056,2660
123.954,2057,2660
124.168,2058,2660
124.184,2059,2660
124.315,2060,2660
124.606,2061,2660
124.781,2062,2660
126.23,2063,2661
126.26,2064,2661
126.507,2065,2661
126.53,2066,2661
126.534,2067,2661
126.56,2068,2661
126.988,2069,2661
127.099,2070,2661
127.436,2071,2661
127.618,2072,2661
127.76,2073,2662
127.784,2074,2663
128.318,2075,2675
128.433,2076,2675
128.485,2077,2676
128.535,2078,2677
128.582,2079,2677
129.186,2080,2677
129.728,2081,2677
129.733,2082,2678
129.84,2083,2678
129.843,2084,2678
129.845,2085,2678
129.85,2086,2678
129.852,2087,2678
129.853,2088,2682
129.856,2089,2684
129.86,2090,2684
129.867,2091,2684
129.93,2092,2684
129.981,2093,2684
130.031,2094,2686
130.099,2095,2686
130.172,2096,2686
130.184,2097,2686
130.216,2098,2686
130.585,2099,2686
130.591,2100,2686
130.853,2101,2686
131.091,2102,2686
131.446,2103,2689
131.77,2104,2689
131.801,2105,2689
131.816,2106,2689
131.901,2107,2689
131.942,2108,2689
132.022,2109,2689
132.286,2110,2689
132.361,2111,2689
132.375,2112,2689
132.514,2113,2689
132.846,2114,2689
133.152,2115,2689
133.155,2116,2691
133.162,2117,2692
133.164,2118,2693
133.167,2119,2693
133.17,2120,2693
133.211,2121,2694
133.226,2122,2694
133.298,2123,2695
133.315,2124,2695
133.83,2125,2695
134.186,2126,2695
134.332,2127,2695
134.373,2128,2695
134.388,2129,2695
134.488,2130,2695
134.638,2131,2695
134.691,2132,2695
135.001,2133,2695
135.013,2134,2695
135.474,2135,2695
135.57,2136,2695
135.625,2137,2695
136.121,2138,2696
136.203,2139,2696
136.21,2140,2696
136.213,2141,2696
136.218,2142,2696
136.259,2143,2696
136.277,2144,2697
136.451,2145,2697
136.51,2146,2697
136.516,2147,2697
137.165,2148,2697
137.684,2149,2697
137.765,2150,2697
137.797,2151,2697
138.195,2152,2698
138.22,2153,2700
138.279,2154,2700
138.297,2155,2700
138.988,2156,2700
138.997,2157,2700
139.293,2158,2700
139.309,2159,2700
139.339,2160,2703
139.518,2161,2703
139.946,2162,2703
139.954,2163,2703
140.066,2164,2703
140.632,2165,2703
140.864,2166,2703
141.599,2167,2703
141.612,2168,2703
141.616,2169,2703
141.636,2170,2703
141.648,2171,2703
141.663,2172,2703
141.723,2173,2703
141.741,2174,2703
141.754,2175,2703
141.772,2176,2703
141.788,2177,2703
141.794,2178,2703
141.799,2179,2703
141.811,2180,2703
141.975,2181,2703
141.984,2182,2703
142.061,2183,2703
142.139,2184,2703
142.224,2185,2703
142.345,2186,2703
142.657,2187,2703
142.668,2188,2703
142.768,2189,2703
142.816,2190,2703
142.835,2191,2703
142.965,2192,2703
143.265,2193,2703
143.386,2194,2705
143.692,2195,2705
144.333,2196,2705
144.979,2197,2705
145.121,2198,2705
145.206,2199,2706
145.468,2200,2706
145.641,2201,2706
145.906,2202,2706
146.14,2203,2706
146.258,2204,2706
147.024,2205,2706
147.041,2206,2708
147.654,2207,2708
147.859,2208,2708
148.329,2209,2708
148.467,2210,2708
148.631,2211,2708
148.729,2212,2712
148.755,2213,2712
148.95,2214,2713
148.972,2215,2713
148.981,2216,2719
149.0,2217,2720
149.071,2218,2721
149.249,2219,2722
149.261,2220,2722
149.358,2221,2724
149.593,2222,2728
150.147,2223,2728
150.161,2224,2728
150.189,2225,2728
150.207,2226,2728
150.261,2227,2731
150.326,2228,2731
150.401,2229,2731
150.61,2230,2732
150.665,2231,2732
150.856,2232,2733
150.986,2233,2733
151.324,2234,2733
151.479,2235,2733
151.534,2236,2733
151.999,2237,2733
152.274,2238,2733
152.495,2239,2733
152.691,2240,2733
152.895,2241,2734
152.961,2242,2734
153.268,2243,2734
153.276,2244,2734
153.412,2245,2734
153.435,2246,2734
153.595,2247,2734
153.617,2248,2734
153.646,2249,2734
153.719,2250,2734
154.365,2251,2734
155.085,2252,2734
155.092,2253,2734
155.809,2254,2734
156.077,2255,2734
156.159,2256,2734
156.879,2257,2734
156.959,2258,2734
156.965,2259,2734
156.978,2260,2734
157.247,2261,2734
157.276,2262,2734
157.28,2263,2734
157.634,2264,2734
157.774,2265,2734
157.806,2266,2734
158.043,2267,2734
159.028,2268,2734
159.117,2269,2734
159.184,2270,2734
159.224,2271,2734
159.287,2272,2734
159.676,2273,2734
159.993,2274,2734
160.016,2275,2734
160.039,2276,2734
160.119,2277,2734
160.186,2278,2734
160.277,2279,2734
160.294,2280,2734
160.411,2281,2734
160.689,2282,2734
160.802,2283,2734
160.843,2284,2734
160.914,2285,2735
160.956,2286,2735
161.261,2287,2735
161.477,2288,2735
162.019,2289,2735
162.093,2290,2735
162.48,2291,2735
162.581,2292,2735
162.621,2293,2735
163.876,2294,2739
164.469,2295,2739
164.756,2296,2739
164.877,2297,2739
165.172,2298,2739
165.223,2299,2739
165.366,2300,2739
165.499,2301,2739
166.353,2302,2739
166.593,2303,2739
166.785,2304,2739
167.613,2305,2739
167.648,2306,2739
169.217,2307,2739
169.438,2308,2739
169.594,2309,2739
169.642,2310,2739
169.661,2311,2739
169.705,2312,2739
169.712,2313,2739
169.95,2314,2739
170.19,2315,2739
170.467,2316,2739
170.558,2317,2740
171.431,2318,2740
171.802,2319,2740
171.81,2320,2740
172.719,2321,2740
172.748,2322,2740
172.833,2323,2740
172.864,2324,2740
173.039,2325,2740
173.064,2326,2740
173.316,2327,2740
173.665,2328,2741
173.807,2329,2741
173.853,2330,2741
174.55,2331,2741
174.647,2332,2741
174.765,2333,2741
175.731,2334,2741
176.966,2335,2741
176.987,2336,2741
177.546,2337,2741
177.917,2338,2745
178.376,2339,2745
178.381,2340,2745
178.408,2341,2745
178.429,2342,2745
178.564,2343,2745
178.621,2344,2745
178.818,2345,2745
178.887,2346,2745
179.005,2347,2746
179.011,2348,2746
179.767,2349,2746
180.312,2350,2746
180.318,2351,2746
180.321,2352,2746
180.326,2353,2746
180.329,2354,2746
180.347,2355,2746
180.362,2356,2746
180.541,2357,2746
180.598,2358,2746
180.702,2359,2746
180.784,2360,2746
181.221,2361,2746
182.089,2362,2746
182.375,2363,2746
182.399,2364,2746
182.441,2365,2746
182.456,2366,2746
182.501,2367,2746
182.528,2368,2746
182.565,2369,2746
182.639,2370,2746
182.737,2371,2746
182.741,2372,2746
182.985,2373,2746
183.082,2374,2746
183.679,2375,2746
186.444,2376,2746
186.71,2377,2746
187.0,2378,2746
188.091,2379,2746
188.557,2380,2746
188.922,2381,2746
188.929,2382,2746
188.995,2383,2746
189.291,2384,2747
189.49,2385,2747
189.737,2386,2747
190.074,2387,2747
190.845,2388,2747
190.854,2389,2747
191.288,2390,2747
191.419,2391,2747
191.433,2392,2747
191.473,2393,2747
191.546,2394,2747
191.586,2395,2747
191.882,2396,2747
192.082,2397,2747
192.376,2398,2747
192.806,2399,2747
193.297,2400,2747
195.273,2401,2747
195.72,2402,2747
195.726,2403,2747
195.758,2404,2747
195.782,2405,2747
195.803,2406,2747
195.847,2407,2747
195.924,2408,2747
196.558,2409,2747
196.747,2410,2747
196.799,2411,2747
197.1,2412,2747
197.239,2413,2747
197.987,2414,2747
198.588,2415,2747
200.59,2416,2747
202.539,2417,2747
202.919,2418,2747
203.051,2419,2747
203.173,2420,2748
203.33,2421,2748
203.342,2422,2748
203.35,2423,2748
203.375,2424,2748
203.52,2425,2748
203.705,2426,2748
204.875,2427,2748
205.141,2428,2748
205.202,2429,2748
205.75,2430,2748
205.757,2431,2748
205.768,2432,2749
205.777,2433,2749
205.802,2434,2750
205.867,2435,2750
206.149,2436,2752
206.172,2437,2753
207.958,2438,2753
209.211,2439,2754
209.235,2440,2754
209.239,2441,2754
209.68,2442,2754
209.755,2443,2754
209.785,2444,2754
209.856,2445,2754
209.857,2446,2754
210.467,2447,2754
210.478,2448,2754
210.493,2449,2754
210.522,2450,2754
211.247,2451,2754
211.251,2452,2754
211.425,2453,2754
212.59,2454,2754
212.783,2455,2754
216.657,2456,2754
216.683,2457,2754
216.714,2458,2754
218.043,2459,2754
218.089,2460,2754
218.959,2461,2754
218.966,2462,2754
219.714,2463,2754
219.958,2464,2754
219.981,2465,2754
220.069,2466,2754
220.193,2467,2754
221.963,2468,2754
221.989,2469,2754
222.912,2470,2755
223.416,2471,2755
223.423,2472,2755
223.431,2473,2755
223.437,2474,2755
223.451,2475,2755
223.768,2476,2755
225.235,2477,2755
225.887,2478,2755
226.044,2479,2755
226.059,2480,2755
226.09,2481,2755
226.279,2482,2755
227.273,2483,2755
227.693,2484,2755
227.804,2485,2755
227.88,2486,2755
227.966,2487,2755
228.376,2488,2755
228.671,2489,2755
228.999,2490,2755
229.095,2491,2755
229.261,2492,2755
230.129,2493,2755
231.184,2494,2755
231.786,2495,2755
232.157,2496,2755
232.504,2497,2755
236.309,2498,2755
236.597,2499,2755
236.601,2500,2755
236.607,2501,2755
236.635,2502,2755
238.121,2503,2755
238.242,2504,2755
238.348,2505,2755
239.55,2506,2755
239.65,2507,2755
240.173,2508,2755
247.422,2509,2755
248.804,2510,2755
250.087,2511,2756
250.094,2512,2756
250.38,2513,2756
252.214,2514,2756
252.66,2515,2756
252.859,2516,2756
253.394,2517,2756
253.5,2518,2756
254.167,2519,2756
255.921,2520,2756
256.149,2521,2757
256.184,2522,2757
256.277,2523,2757
256.282,2524,2757
257.082,2525,2757
257.185,2526,2757
260.334,2527,2758
260.421,2528,2758
262.037,2529,2758
262.22,2530,2758
262.648,2531,2758
264.389,2532,2758
264.665,2533,2758
265.495,2534,2758
265.658,2535,2758
266.518,2536,2758
276.451,2537,2758
277.239,2538,2758
277.276,2539,2758
279.119,2540,2758
279.594,2541,2758
279.833,2542,2758
280.329,2543,2758
285.756,2544,2758
286.781,2545,2758
287.197,2546,2758
287.337,2547,2758
292.377,2548,2758
292.439,2549,2758
292.449,2550,2758
292.52,2551,2758
292.562,2552,2758
292.675,2553,2758
293.236,2554,2758
295.405,2555,2758
297.842,2556,2758
298.032,2557,2758
298.54,2558,2758
298.704,2559,2758
299.702,2560,2758
303.794,2561,2758
304.893,2562,2758
310.386,2563,2758
311.549,2564,2758
311.564,2565,2758
311.625,2566,2758
311.688,2567,2758
319.666,2568,2758
323.02,2569,2758
323.067,2570,2758
323.076,2571,2758
323.474,2572,2758
323.525,2573,2758
324.005,2574,2758
324.063,2575,2758
324.993,2576,2758
326.774,2577,2758
327.466,2578,2758
327.472,2579,2758
327.674,2580,2758
329.021,2581,2758
329.675,2582,2758
330.131,2583,2758
330.2,2584,2758
331.208,2585,2758
331.658,2586,2758
332.578,2587,2758
333.26,2588,2758
333.398,2589,2758
333.463,2590,2758
333.803,2591,2758
333.919,2592,2758
334.106,2593,2758
334.14,2594,2758
334.209,2595,2758
334.237,2596,2758
334.358,2597,2758
334.609,2598,2758
334.828,2599,2758
334.955,2600,2758
335.365,2601,2758
335.504,2602,2758
335.716,2603,2758
336.864,2604,2758
337.03,2605,2758
337.516,2606,2762
338.032,2607,2762
338.711,2608,2762
339.681,2609,2762
340.617,2610,2762
346.072,2611,2763
349.132,2612,2763
349.644,2613,2763
350.382,2614,2763
350.866,2615,2764
351.035,2616,2764
351.04,2617,2764
351.326,2618,2764
352.132,2619,2764
354.184,2620,2764
354.313,2621,2764
354.384,2622,2764
356.282,2623,2764
356.574,2624,2764
356.72,2625,2764
357.192,2626,2764
357.862,2627,2764
358.206,2628,2764
359.198,2629,2764
362.267,2630,2764
364.389,2631,2764
366.074,2632,2764
367.138,2633,2764
367.26,2634,2764
372.46,2635,2764
372.961,2636,2764
374.479,2637,2764
374.547,2638,2764
374.763,2639,2764
374.87,2640,2764
374.987,2641,2764
375.028,2642,2764
375.322,2643,2764
375.769,2644,2764
375.852,2645,2764
376.424,2646,2764
376.485,2647,2764
376.919,2648,2764
377.2,2649,2764
377.38,2650,2764
377.433,2651,2764
378.28,2652,2764
378.472,2653,2764
380.394,2654,2764
382.978,2655,2764
383.909,2656,2764
384.572,2657,2764
385.948,2658,2764
387.375,2659,2764
389.941,2660,2764
390.839,2661,2764
392.742,2662,2764
395.565,2663,2764
395.625,2664,2764
395.759,2665,2764
395.993,2666,2764
396.295,2667,2764
396.321,2668,2764
396.38,2669,2765
398.431,2670,2765
400.248,2671,2765
400.573,2672,2765
401.125,2673,2765
401.141,2674,2765
402.497,2675,2765
402.719,2676,2765
404.862,2677,2765
405.001,2678,2765
407.947,2679,2765
412.378,2680,2765
414.866,2681,2765
415.221,2682,2765
415.784,2683,2765
420.298,2684,2765
423.854,2685,2765
427.634,2686,2765
427.678,2687,2765
427.721,2688,2765
427.737,2689,2765
427.866,2690,2765
428.325,2691,2765
429.154,2692,2765
431.62,2693,2765
439.848,2694,2765
446.078,2695,2765
458.474,2696,2765
464.488,2697,2765
464.541,2698,2765
468.563,2699,2765
468.567,2700,2765
468.621,2701,2765
468.908,2702,2765
473.461,2703,2765
473.475,2704,2765
473.723,2705,2765
476.259,2706,2765
476.322,2707,2765
476.329,2708,2765
478.683,2709,2765
481.778,2710,2765
481.984,2711,2766
486.358,2712,2766
486.795,2713,2766
487.348,2714,2766
488.072,2715,2766
490.768,2716,2766
492.479,2717,2766
501.541,2718,2766
514.011,2719,2766
516.651,2720,2766
516.714,2721,2766
516.945,2722,2766
517.175,2723,2766
517.194,2724,2766
519.908,2725,2767
524.43,2726,2767
524.559,2727,2767
527.779,2728,2767
531.442,2729,2767
532.53,2730,2767
542.026,2731,2767
544.207,2732,2767
544.214,2733,2767
544.246,2734,2767
546.125,2735,2767
548.198,2736,2768
548.356,2737,2768
549.018,2738,2768
549.025,2739,2768
549.273,2740,2768
549.29,2741,2768
551.734,2742,2768
551.908,2743,2768
553.16,2744,2768
553.167,2745,2768
553.641,2746,2768
553.659,2747,2769
555.972,2748,2772
561.649,2749,2772
561.784,2750,2772
561.797,2751,2772
561.931,2752,2772
562.659,2753,2772
566.612,2754,2772
567.053,2755,2773
567.673,2756,2773
567.789,2757,2774
567.85,2758,2774
568.26,2759,2776
568.943,2760,2776
574.392,2761,2776
574.939,2762,2776
577.218,2763,2776
579.238,2764,2776
581.864,2765,2776
582.207,2766,2776
582.218,2767,2776
586.294,2768,2776
589.198,2769,2776
592.189,2770,2776
592.462,2771,2776
592.576,2772,2776
592.684,2773,2776
594.413,2774,2776
594.778,2775,2776
595.293,2776,2776
598.08,2777,2776
599.992,2778,2776
600.462,2779,2776
612.566,2780,2776
635.495,2781,2776
644.146,2782,2776
644.152,2783,2776
644.338,2784,2776
647.416,2785,2776
649.67,2786,2776
651.62,2787,2776
656.719,2788,2776
663.276,2789,2776
664.889,2790,2776
665.662,2791,2776
667.056,2792,2776
669.762,2793,2776
669.782,2794,2776
669.796,2795,2776
669.899,2796,2776
675.124,2797,2776
675.759,2798,2776
678.184,2799,2776
682.584,2800,2776
684.781,2801,2776
689.368,2802,2776
689.518,2803,2776
689.742,2804,2776
690.157,2805,2776
690.233,2806,2776
690.646,2807,2776
690.91,2808,2776
690.958,2809,2776
691.374,2810,2776
692.861,2811,2776
693.373,2812,2776
695.277,2813,2776
696.005,2814,2776
697.228,2815,2776
698.665,2816,2776
698.957,2817,2776
704.426,2818,2776
706.949,2819,2776
707.044,2820,2776
712.064,2821,2776
714.005,2822,2776
715.795,2823,2776
721.692,2824,2776
725.06,2825,2776
726.972,2826,2776
729.254,2827,2776
730.791,2828,2776
731.236,2829,2776
731.598,2830,2776
733.007,2831,2776
733.481,2832,2776
733.592,2833,2776
733.688,2834,2776
735.113,2835,2776
735.295,2836,2776
735.635,2837,2776
736.614,2838,2776
738.506,2839,2776
741.73,2840,2776
741.93,2841,2776
745.01,2842,2776
745.044,2843,2776
745.175,2844,2776
745.191,2845,2776
745.258,2846,2776
745.265,2847,2776
745.4,2848,2776
745.409,2849,2776
745.749,2850,2776
745.847,2851,2776
745.922,2852,2776
746.105,2853,2776
746.121,2854,2776
746.428,2855,2776
746.43,2856,2776
746.492,2857,2776
746.579,2858,2776
746.63,2859,2776
746.733,2860,2776
753.146,2861,2776
753.642,2862,2776
753.825,2863,2776
754.234,2864,2776
756.979,2865,2776
757.21,2866,2776
757.589,2867,2776
757.776,2868,2776
758.245,2869,2776
758.547,2870,2776
758.78,2871,2776
759.569,2872,2776
759.965,2873,2776
760.714,2874,2776
762.116,2875,2776
762.671,2876,2776
764.376,2877,2776
764.775,2878,2776
768.94,2879,2776
772.226,2880,2778
772.392,2881,2778
773.554,2882,2778
773.819,2883,2778
774.365,2884,2778
774.376,2885,2778
774.396,2886,2778
774.432,2887,2778
774.545,2888,2783
774.616,2889,2783
774.624,2890,2783
774.732,2891,2783
774.8,2892,2784
774.871,2893,2784
775.109,2894,2784
775.127,2895,2784
775.332,2896,2785
775.351,2897,2785
775.39,2898,2785
775.456,2899,2785
775.903,2900,2785
776.172,2901,2785
776.801,2902,2785
778.499,2903,2785
778.861,2904,2785
778.878,2905,2785
778.915,2906,2785
778.94,2907,2785
778.943,2908,2785
778.984,2909,2785
778.996,2910,2785
779.064,2911,2785
779.077,2912,2785
779.216,2913,2785
779.27,2914,2785
779.343,2915,2785
779.389,2916,2785
780.299,2917,2785
780.4,2918,2785
780.611,2919,2785
780.709,2920,2785
780.91,2921,2785
780.972,2922,2785
784.349,2923,2785
786.503,2924,2785
786.814,2925,2785
788.941,2926,2785
791.355,2927,2785
791.412,2928,2785
793.384,2929,2785
793.723,2930,2785
793.867,2931,2785
793.917,2932,2785
793.995,2933,2785
794.429,2934,2785
794.757,2935,2785
794.913,2936,2785
794.933,2937,2785
794.959,2938,2785
796.939,2939,2785
797.504,2940,2786
798.201,2941,2786
798.386,2942,2786
799.333,2943,2786
799.546,2944,2786
799.594,2945,2786
799.705,2946,2786
799.89,2947,2786
800.292,2948,2786
800.428,2949,2786
800.455,2950,2786
802.645,2951,2786
803.768,2952,2786
805.253,2953,2786
806.193,2954,2786
807.246,2955,2786
807.729,2956,2786
808.05,2957,2786
809.008,2958,2786
809.48,2959,2786
810.927,2960,2786
811.029,2961,2786
811.378,2962,2786
813.383,2963,2786
815.924,2964,2786
817.137,2965,2786
817.677,2966,2786
821.079,2967,2786
821.11,2968,2786
822.64,2969,2786
826.845,2970,2786
829.503,2971,2786
829.568,2972,2786
829.604,2973,2786
829.635,2974,2786
832.976,2975,2786
835.342,2976,2786
835.382,2977,2786
835.485,2978,2786
836.189,2979,2786
836.36,2980,2787
836.536,2981,2787
837.729,2982,2787
838.348,2983,2787
838.929,2984,2787
842.101,2985,2787
844.608,2986,2787
846.328,2987,2787
848.308,2988,2787
853.767,2989,2787
866.742,2990,2787
870.331,2991,2787
913.765,2992,2787
937.582,2993,2787
938.959,2994,2787
939.107,2995,2787
940.027,2996,2787
953.912,2997,2787
963.798,2998,2787
975.619,2999,2787
975.7,3000,2787
999.815,3001,2787
1000.359,3002,2787
1001.177,3003,2787
1001.276,3004,2787
1001.728,3005,2787
1005.123,3006,2787
1008.026,3007,2787
1009.991,3008,2787
1010.298,3009,2787
1011.267,3010,2787
1012.245,3011,2787
1020.906,3012,2787
1024.535,3013,2787
1027.493,3014,2787
1030.869,3015,2787
1033.113,3016,2787
1036.054,3017,2787
1040.919,3018,2787
1057.278,3019,2787
1062.126,3020,2787
1064.986,3021,2787
1070.523,3022,2787
1070.635,3023,2787
1070.999,3024,2787
1071.302,3025,2787
1073.025,3026,2787
1073.042,3027,2787
1073.062,3028,2787
1073.081,3029,2787
1073.097,3030,2787
1073.137,3031,2787
1073.176,3032,2787
1073.326,3033,2787
1073.366,3034,2787
1073.814,3035,2787
1074.6,3036,2787
1075.141,3037,2787
1076.548,3038,2787
1076.638,3039,2787
1076.701,3040,2787
1077.406,3041,2787
1077.442,3042,2787
1083.944,3043,2787
1094.707,3044,2787
1096.249,3045,2787
1097.584,3046,2787
1098.939,3047,2787
1099.882,3048,2787
1106.613,3049,2787
1124.698,3050,2787
1132.968,3051,2787
1141.535,3052,2787
1148.229,3053,2787
1148.469,3054,2787
1149.052,3055,2787
1156.398,3056,2787
1156.47,3057,2788
1158.507,3058,2788
1160.727,3059,2788
1161.095,3060,2788
1175.928,3061,2788
1179.321,3062,2788
1198.071,3063,2788
1200.14,3064,2788
1207.499,3065,2788
1207.962,3066,2788
1208.309,3067,2788
1208.551,3068,2788
1208.814,3069,2788
1210.222,3070,2788
1210.26,3071,2788
1210.392,3072,2788
1214.797,3073,2788
1216.741,3074,2788
1217.351,3075,2788
1218.4,3076,2788
1224.391,3077,2788
1227.611,3078,2788
1232.792,3079,2788
1235.136,3080,2788
1252.356,3081,2788
1271.242,3082,2788
1274.437,3083,2788
1279.67,3084,2788
1285.28,3085,2788
1286.442,3086,2788
1288.626,3087,2788
1289.154,3088,2788
1293.707,3089,2788
1293.804,3090,2788
1297.694,3091,2788
1297.944,3092,2788
1301.046,3093,2788
1305.609,3094,2788
1317.574,3095,2788
1330.421,3096,2788
1330.902,3097,2789
1352.291,3098,2789
1362.77,3099,2789
1362.915,3100,2789
1363.364,3101,2789
1374.141,3102,2789
1375.886,3103,2789
1376.277,3104,2789
1376.782,3105,2789
1378.392,3106,2789
1380.072,3107,2789
1382.512,3108,2789
1387.356,3109,2789
1392.254,3110,2789
1396.217,3111,2789
1407.645,3112,2789
1408.262,3113,2789
1417.041,3114,2789
1420.38,3115,2789
1433.557,3116,2790
1433.61,3117,2790
1433.765,3118,2790
1433.847,3119,2790
1444.225,3120,2790
1444.236,3121,2790
1444.352,3122,2790
1444.379,3123,2790
1445.719,3124,2790
1445.984,3125,2790
1448.726,3126,2790
1452.07,3127,2790
1452.675,3128,2790
1453.456,3129,2790
1453.895,3130,2790
1469.677,3131,2790
1488.134,3132,2790
1499.124,3133,2790
1499.218,3134,2790
1504.816,3135,2790
1511.244,3136,2790
1513.668,3137,2790
1513.785,3138,2790
1513.907,3139,2790
1513.942,3140,2790
1514.724,3141,2790
1514.737,3142,2790
1523.599,3143,2790
1532.583,3144,2790
1532.821,3145,2790
1532.853,3146,2790
1532.937,3147,2790
1533.066,3148,2790
1533.299,3149,2790
1533.536,3150,2790
1533.679,3151,2790
1534.015,3152,2790
1534.542,3153,2790
1536.055,3154,2790
1536.108,3155,2790
1536.177,3156,2790
1536.785,3157,2790
1537.081,3158,2790
1537.438,3159,2790
1539.922,3160,2790
1541.328,3161,2790
1541.379,3162,2790
1541.779,3163,2790
1541.835,3164,2790
1543.28,3165,2790
1543.422,3166,2790
1543.648,3167,2790
1544.116,3168,2790
1545.556,3169,2790
1545.796,3170,2790
1545.919,3171,2790
1546.22,3172,2790
1546.611,3173,2790
1548.446,3174,2790
1551.771,3175,2790
1555.291,3176,2790
1555.298,3177,2790
1555.335,3178,2790
1562.028,3179,2790
1568.14,3180,2790
1569.302,3181,2790
1570.462,3182,2790
1571.746,3183,2790
1573.609,3184,2790
1579.93,3185,2790
1587.413,3186,2790
1592.858,3187,2790
1605.717,3188,2790
1610.774,3189,2790
1620.666,3190,2790
1625.366,3191,2790
1625.42,3192,2790
1626.097,3193,2790
1632.063,3194,2790
1632.523,3195,2790
1632.626,3196,2790
1645.947,3197,2790
1646.81,3198,2790
1647.203,3199,2790
1657.197,3200,2790
1671.882,3201,2790
1716.736,3202,2790
1717.161,3203,2790
1730.781,3204,2790
1763.646,3205,2790
1763.82,3206,2790
1763.881,3207,2790
1765.539,3208,2790
1766.128,3209,2790
1767.358,3210,2790
1767.814,3211,2790
1769.675,3212,2790
1770.547,3213,2790
1789.225,3214,2790
1789.436,3215,2790
1794.362,3216,2790
1794.581,3217,2790
1799.653,3218,2790
1801.167,3219,2790
1804.665,3220,2790
1804.93,3221,2790
1811.355,3222,2790
1811.475,3223,2790
1824.755,3224,2790
1827.703,3225,2790
1827.722,3226,2790
1828.249,3227,2790
1839.526,3228,2790
1858.353,3229,2790
1858.357,3230,2790
1858.363,3231,2790
1860.386,3232,2790
1863.806,3233,2790
1871.032,3234,2790
1874.347,3235,2792
1878.802,3236,2792
1879.009,3237,2793
1879.154,3238,2793
1890.789,3239,2793
1891.339,3240,2793
1892.953,3241,2793
1893.549,3242,2793
1894.33,3243,2793
1914.174,3244,2793
1914.779,3245,2793
1937.615,3246,2793
1960.227,3247,2793
1960.408,3248,2793
1960.543,3249,2793
1961.05,3250,2793
1961.058,3251,2793
1961.217,3252,2793
1961.51,3253,2795
1961.928,3254,2795
1962.222,3255,2795
1963.453,3256,2795
1963.798,3257,2796
1963.799,3258,2796
1966.549,3259,2796
1970.233,3260,2813
1970.905,3261,2813
1971.098,3262,2820
1972.987,3263,2820
1973.189,3264,2821
1973.351,3265,2821
1973.362,3266,2821
1974.383,3267,2823
1975.945,3268,2823
1975.993,3269,2823
1976.135,3270,2823
1976.246,3271,2823
1976.284,3272,2823
1976.622,3273,2823
1977.149,3274,2823
1980.082,3275,2825
1980.708,3276,2826
1981.151,3277,2827
1985.507,3278,2827
1986.014,3279,2827
1988.199,3280,2827
1990.374,3281,2827
2007.189,3282,2827
2016.138,3283,2827
2018.162,3284,2827
2019.327,3285,2827
2058.767,3286,2827
2060.863,3287,2827
2068.112,3288,2827
2068.126,3289,2827
2068.195,3290,2827
2068.682,3291,2827
2079.805,3292,2827
2080.337,3293,2827
2097.724,3294,2827
2100.883,3295,2827
2101.165,3296,2827
2101.597,3297,2827
2103.384,3298,2827
2122.447,3299,2827
2130.774,3300,2827
2136.893,3301,2827
2146.134,3302,2827
2148.834,3303,2827
2161.36,3304,2827
2166.365,3305,2827
2170.957,3306,2827
2175.648,3307,2827
2182.965,3308,2827
2183.003,3309,2827
2183.025,3310,2827
2183.34,3311,2827
2183.696,3312,2827
2184.144,3313,2827
2184.567,3314,2827
2185.359,3315,2827
2185.433,3316,2827
2185.622,3317,2827
2185.636,3318,2827
2185.653,3319,2827
2185.664,3320,2827
2187.014,3321,2827
2187.028,3322,2827
2201.113,3323,2827
2201.423,3324,2827
2201.771,3325,2827
2204.084,3326,2827
2206.576,3327,2827
2231.329,3328,2827
2235.585,3329,2827
2236.897,3330,2827
2248.202,3331,2827
2248.372,3332,2827
2248.91,3333,2827
2267.121,3334,2827
2267.186,3335,2827
2274.85,3336,2827
2274.86,3337,2827
2275.772,3338,2827
2276.974,3339,2827
2278.322,3340,2827
2315.097,3341,2827
2344.972,3342,2827
2345.002,3343,2827
2345.08,3344,2827
2345.138,3345,2827
2366.231,3346,2827
2366.574,3347,2827
2378.054,3348,2827
2400.064,3349,2827
2423.539,3350,2827
2423.596,3351,2827
2423.778,3352,2827
2423.785,3353,2827
2423.897,3354,2827
2424.107,3355,2827
2424.641,3356,2828
2424.734,3357,2828
2424.767,3358,2828
2426.478,3359,2828
2426.491,3360,2828
2427.525,3361,2828
2431.161,3362,2828
2434.636,3363,2828
2434.65,3364,2828
2434.659,3365,2828
2435.615,3366,2828
2437.248,3367,2828
2441.178,3368,2828
2441.946,3369,2828
2442.026,3370,2828
2442.116,3371,2828
2442.334,3372,2828
2466.946,3373,2828
2472.927,3374,2828
2473.709,3375,2828
2473.892,3376,2828
2475.771,3377,2829
2496.144,3378,2829
2505.426,3379,2829
2506.684,3380,2829
2515.719,3381,2829
2515.883,3382,2829
2517.91,3383,2829
2548.812,3384,2829
2550.088,3385,2829
2583.516,3386,2829
2583.864,3387,2829
2585.464,3388,2829
2592.613,3389,2829
2592.636,3390,2829
2592.76,3391,2829
2592.77,3392,2829
2592.779,3393,2829
2594.497,3394,2829
2612.029,3395,2829
2626.026,3396,2829
2674.585,3397,2829
2674.676,3398,2829
2674.687,3399,2829
2722.209,3400,2829
2738.462,3401,2829
2758.683,3402,2829
2759.532,3403,2829
2760.226,3404,2832
2777.151,3405,2832
2777.192,3406,2832
2777.24,3407,2832
2777.418,3408,2832
2777.469,3409,2832
2777.958,3410,2832
2778.024,3411,2832
2780.01,3412,2832
2781.88,3413,2832
2784.699,3414,2832
2784.81,3415,2832
2785.206,3416,2832
2786.19,3417,2832
2789.687,3418,2832
2791.034,3419,2832
2791.194,3420,2832
2791.828,3421,2832
2794.775,3422,2832
2806.687,3423,2832
2807.634,3424,2832
2824.947,3425,2832
2833.341,3426,2832
2839.054,3427,2832
2854.266,3428,2832
2856.384,3429,2832
2856.391,3430,2832
2856.4,3431,2832
2856.405,3432,2832
2865.723,3433,2832
2866.235,3434,2832
2886.059,3435,2832
2886.099,3436,2832
2886.114,3437,2832
2886.152,3438,2832
2887.075,3439,2832
2887.123,3440,2832
2887.201,3441,2832
2889.784,3442,2832
2890.097,3443,2832
2890.383,3444,2832
2891.061,3445,2832
2891.836,3446,2832
2892.424,3447,2832
2912.368,3448,2832
2913.24,3449,2832
2934.391,3450,2832
2934.4,3451,2832
2935.606,3452,2832
2935.631,3453,2832
2935.638,3454,2832
2935.698,3455,2832
2939.774,3456,2832
2942.611,3457,2832
2993.254,3458,2832
2995.068,3459,2832
3000.93,3460,2832
3001.122,3461,2832
3003.812,3462,2832
3039.098,3463,2832
3046.148,3464,2832
3054.134,3465,2832
3056.17,3466,2832
3069.5,3467,2832
3080.033,3468,2832
3097.749,3469,2832
3097.85,3470,2832
3104.684,3471,2832
3104.813,3472,2832
3104.865,3473,2832
3105.058,3474,2832
3105.575,3475,2832
3106.539,3476,2833
3116.849,3477,2833
3116.93,3478,2833
3116.966,3479,2833
3117.432,3480,2833
3117.56,3481,2833
3117.669,3482,2833
3119.494,3483,2833
3120.177,3484,2833
3120.208,3485,2833
3132.098,3486,2833
3132.932,3487,2833
3134.476,3488,2833
3139.998,3489,2833
3154.671,3490,2833
3157.628,3491,2833
3168.183,3492,2833
3206.448,3493,2834
3206.524,3494,2834
3206.541,3495,2834
3206.606,3496,2834
3220.441,3497,2834
3221.208,3498,2834
3221.54,3499,2834
3222.391,3500,2834
3238.526,3501,2834
3254.304,3502,2834
3289.752,3503,2834
3291.627,3504,2834
3292.629,3505,2834
3292.635,3506,2834
3320.168,3507,2834
3326.363,3508,2834
3339.92,3509,2834
3343.478,3510,2834
3357.555,3511,2834
3390.839,3512,2834
3418.671,3513,2834
3423.675,3514,2834
3428.081,3515,2834
3436.722,3516,2872
3437.252,3517,2873
3437.255,3518,2875
3437.269,3519,2878
3437.283,3520,2879
3437.29,3521,2882
3437.437,3522,2882
3437.443,3523,2888
3437.45,3524,2888
3437.466,3525,2888
3437.475,3526,2888
3437.478,3527,2888
3437.486,3528,2890
3437.49,3529,2891
3437.497,3530,2892
3437.506,3531,2892
3437.51,3532,2892
3437.515,3533,2893
3437.566,3534,2893
3437.573,3535,2893
3437.58,3536,2894
3437.601,3537,2895
3437.611,3538,2895
3437.614,3539,2895
3437.622,3540,2895
3437.632,3541,2895
3437.638,3542,2898
3437.647,3543,2898
3437.651,3544,2899
3437.653,3545,2899
3437.754,3546,2900
3437.761,3547,2900
3437.774,3548,2905
3437.787,3549,2905
3437.812,3550,2905
3437.819,3551,2905
3437.823,3552,2905
3437.85,3553,2906
3437.857,3554,2906
3437.862,3555,2906
3437.864,3556,2906
3437.876,3557,2906
3437.963,3558,2906
3437.977,3559,2906
3437.982,3560,2906
3437.99,3561,2906
3438.007,3562,2906
3438.07,3563,2906
3438.146,3564,2906
3438.186,3565,2906
3438.211,3566,2906
3438.214,3567,2906
3438.218,3568,2906
3438.248,3569,2910
3438.257,3570,2910
3438.308,3571,2910
3438.354,3572,2910
3438.368,3573,2911
3438.381,3574,2911
3438.477,3575,2911
3438.485,3576,2912
3438.553,3577,2913
3438.679,3578,2915
3438.694,3579,2915
3438.699,3580,2915
3438.718,3581,2915
3438.844,3582,2915
3438.879,3583,2915
3438.981,3584,2916
3438.985,3585,2916
3439.095,3586,2916
3439.111,3587,2916
3439.128,3588,2917
3439.163,3589,2917
3439.254,3590,2917
3439.314,3591,2917
3439.327,3592,2917
3439.335,3593,2918
3439.41,3594,2918
3439.541,3595,2918
3439.834,3596,2918
3440.111,3597,2918
3440.502,3598,2918
3440.618,3599,2918
3440.739,3600,2918
3440.924,3601,2919
3441.052,3602,2919
3441.865,3603,2920
3442.081,3604,2920
3442.135,3605,2921
3442.918,3606,2922
3443.053,3607,2923
3443.143,3608,2923
3443.785,3609,2923
3444.055,3610,2923
3444.173,3611,2923
3444.945,3612,2923
3446.211,3613,2923
3455.277,3614,2923
3455.792,3615,2923
3455.812,3616,2924
3456.065,3617,2924
3462.015,3618,2924
3462.049,3619,2924
3463.408,3620,2924
3463.9,3621,2927
3463.969,3622,2936
3463.979,3623,2936
3464.558,3624,2936
3464.865,3625,2936
3464.963,3626,2936
3465.424,3627,2936
3465.432,3628,2936
3465.546,3629,2936
3465.737,3630,2936
3466.07,3631,2936
3468.222,3632,2936
3468.224,3633,2936
3468.291,3634,2936
3468.332,3635,2936
3468.394,3636,2942
3468.543,3637,2942
3468.553,3638,2943
3468.568,3639,2945
3468.694,3640,2945
3468.777,3641,2945
3468.807,3642,2945
3469.015,3643,2945
3469.385,3644,2945
3469.957,3645,2945
3469.999,3646,2947
3470.188,3647,2947
3471.251,3648,2947
3471.681,3649,2947
3471.799,3650,2947
3471.802,3651,2947
3473.268,3652,2948
3473.307,3653,2948
3473.347,3654,2948
3473.712,3655,2949
3474.152,3656,2949
3477.104,3657,2950
3478.219,3658,2950
3478.242,3659,2950
3478.284,3660,2950
3478.388,3661,2950
3478.462,3662,2950
3478.635,3663,2950
3478.982,3664,2950
3479.033,3665,2950
3479.458,3666,2950
3480.113,3667,2950
3480.288,3668,2950
3480.405,3669,2950
3480.628,3670,2950
3480.679,3671,2950
3481.631,3672,2950
3482.406,3673,2950
3482.43,3674,2950
3482.609,3675,2950
3482.693,3676,2950
3482.859,3677,2950
3483.538,3678,2953
3484.097,3679,2953
3486.253,3680,2953
3486.832,3681,2953
3487.088,3682,2953
3487.231,3683,2954
3487.548,3684,2954
3488.542,3685,2954
3488.679,3686,2954
3489.183,3687,2954
3489.226,3688,2954
3494.291,3689,2954
3495.417,3690,2955
3495.688,3691,2961
3497.249,3692,2961
3499.636,3693,2961
3500.402,3694,2961
3500.437,3695,2962
3502.379,3696,2962
3503.21,3697,2962
3511.182,3698,2964
3522.117,3699,2964
3533.091,3700,2964
3542.034,3701,2965
3543.641,3702,2965
3544.061,3703,2965
3553.421,3704,2965
3603.069,3705,2965
3616.89,3706,2965
3618.484,3707,2965
3645.802,3708,2965
3645.808,3709,2965
3645.975,3710,2965
3646.624,3711,2965
3646.691,3712,2965
3646.722,3713,2965
3646.872,3714,2966
3647.004,3715,2966
3647.325,3716,2966
3647.604,3717,2966
3647.715,3718,2966
3647.919,3719,2966
3648.598,3720,2966
3648.811,3721,2966
3649.184,3722,2966
3649.266,3723,2966
3658.155,3724,2966
3662.794,3725,2966
3665.335,3726,2966
3697.765,3727,2966
3703.607,3728,2966
3707.121,3729,2966
3754.69,3730,2966
3775.151,3731,2966
3775.677,3732,2967
3815.27,3733,2967
3822.293,3734,2967
3822.3,3735,2967
3822.333,3736,2967
3823.128,3737,2969
3835.749,3738,2969
3835.752,3739,2969
3835.76,3740,2969
3835.767,3741,2969
3835.792,3742,2969
3835.868,3743,2969
3837.784,3744,2970
3841.902,3745,2970
3843.722,3746,2970
3880.872,3747,2970
3898.096,3748,2970
3899.326,3749,2970
3899.352,3750,2970
3899.439,3751,2970
3899.463,3752,2970
3899.68,3753,2970
3900.315,3754,2970
3900.398,3755,2970
3901.192,3756,2970
3901.319,3757,2970
3903.218,3758,2970
3923.818,3759,2970
3923.837,3760,2970
3925.708,3761,2973
3925.777,3762,2973
3935.205,3763,2973
3960.177,3764,2973
3978.121,3765,2973
3978.466,3766,2973
3979.454,3767,2973
3985.592,3768,2973
3989.414,3769,2973
3989.719,3770,2973
3989.839,3771,2973
3991.456,3772,2973
4013.387,3773,2973
4022.551,3774,2973
4027.099,3775,2973
4046.132,3776,2973
4046.201,3777,2973
4079.454,3778,2974
4080.212,3779,2974
4080.231,3780,2974
4080.263,3781,2974
4080.665,3782,2974
4086.934,3783,2974
4089.527,3784,2974
4089.758,3785,2974
4117.56,3786,2974
4155.771,3787,2974
4156.461,3788,2974
4156.47,3789,2974
4156.509,3790,2974
4156.527,3791,2974
4156.728,3792,2974
4156.912,3793,2974
4157.132,3794,2974
4166.419,3795,2974
4170.895,3796,2974
4174.979,3797,2974
4179.909,3798,2974
4180.907,3799,2974
4180.913,3800,2974
4236.653,3801,2974
4241.295,3802,2974
4241.304,3803,2974
4241.313,3804,2974
4261.062,3805,2974
4279.412,3806,2974
4279.559,3807,2974
4288.94,3808,2974
4303.75,3809,2974
4325.834,3810,2974
4332.356,3811,2975
4332.373,3812,2975
4332.619,3813,2975
4332.638,3814,2975
4360.948,3815,2975
4361.784,3816,2975
4377.742,3817,2975
4393.138,3818,2975
4393.149,3819,2975
4393.195,3820,2975
4401.488,3821,2975
4416.473,3822,2975
4423.26,3823,2975
4423.698,3824,2975
4427.124,3825,2975
4428.571,3826,2975
4430.846,3827,2976
4431.222,3828,2976
4431.24,3829,2976
4431.271,3830,2976
4431.634,3831,2976
4431.973,3832,2976
4432.204,3833,2976
4432.321,3834,2976
4433.473,3835,2976
4444.3,3836,2976
4470.807,3837,2976
4470.995,3838,2976
4489.912,3839,2976
4503.129,3840,2976
4510.283,3841,2976
4512.684,3842,2976
4531.176,3843,2976
4549.139,3844,2976
4557.58,3845,2976
4559.479,3846,2976
4560.321,3847,2976
4561.321,3848,2976
4566.327,3849,2976
4587.099,3850,2976
4601.223,3851,2976
4625.617,3852,2976
4625.823,3853,2976
4626.043,3854,2976
4626.635,3855,2976
4627.246,3856,2976
4629.034,3857,2976
4631.496,3858,2976
4638.896,3859,2976
4690.22,3860,2976
4721.766,3861,2976
4722.063,3862,2976
4723.612,3863,2976
4727.82,3864,2976
4758.191,3865,2976
4758.823,3866,2977
4763.474,3867,2977
4763.482,3868,2977
4763.516,3869,2977
4821.57,3870,2977
4867.942,3871,2977
4868.321,3872,2977
4872.709,3873,2977
4873.149,3874,2977
4874.122,3875,2977
4880.982,3876,2977
4893.441,3877,2977
4929.923,3878,2978
4930.901,3879,2979
4931.058,3880,2979
4937.775,3881,2979
4954.97,3882,2979
4960.86,3883,2979
4961.322,3884,2979
4980.368,3885,2979
4998.318,3886,2979
4998.47,3887,2979
4998.571,3888,2979
5001.122,3889,2979
5017.212,3890,2979
5025.306,3891,2979
5037.908,3892,2980
5038.255,3893,2980
5038.271,3894,2980
5038.4,3895,2980
5038.632,3896,2980
5187.381,3897,2980
5187.48,3898,2980
5191.134,3899,2980
5191.43,3900,2980
5192.126,3901,2980
5206.149,3902,2980
5211.835,3903,2980
5227.315,3904,2980
5227.679,3905,2980
5237.415,3906,2980
5244.467,3907,2980
5244.652,3908,2980
5245.346,3909,2980
5245.473,3910,2980
5248.712,3911,2980
5250.293,3912,2980
5250.576,3913,2980
5254.181,3914,2980
5254.246,3915,2980
5304.281,3916,2980
5349.02,3917,2980
5356.076,3918,2980
5379.631,3919,2980
5380.213,3920,2980
5390.973,3921,2980
5452.902,3922,2980
5452.967,3923,2980
5456.603,3924,2980
5456.882,3925,2980
5457.148,3926,2980
5471.672,3927,2980
5511.854,3928,2980
5511.881,3929,2980
5511.989,3930,2981
5537.878,3931,2981
5537.925,3932,2981
5565.377,3933,2981
5582.475,3934,2981
5582.509,3935,2981
5587.103,3936,2981
5588.272,3937,2983
5588.345,3938,2983
5588.684,3939,2983
5588.964,3940,2983
5588.968,3941,2991
5588.997,3942,2991
5589.011,3943,2991
5589.061,3944,2994
5603.147,3945,2996
5603.178,3946,2996
5603.19,3947,2996
5640.508,3948,2996
5644.79,3949,2996
5723.04,3950,2996
5723.384,3951,2996
5752.526,3952,2996
5781.534,3953,2996
5781.65,3954,2996
5781.725,3955,2996
5783.32,3956,2996
5783.441,3957,2996
5784.403,3958,2996
5784.415,3959,3010
5784.591,3960,3011
5784.631,3961,3011
5784.722,3962,3011
5784.73,3963,3011
5784.745,3964,3011
5784.785,3965,3011
5784.802,3966,3011
5784.878,3967,3011
5784.908,3968,3011
5785.084,3969,3011
5785.187,3970,3012
5785.269,3971,3012
5785.307,3972,3012
5785.535,3973,3012
5785.813,3974,3012
5785.888,3975,3012
5785.938,3976,3012
5786.07,3977,3013
5786.117,3978,3013
5786.171,3979,3013
5786.268,3980,3013
5786.416,3981,3013
5786.796,3982,3013
5786.837,3983,3013
5787.383,3984,3013
5787.516,3985,3013
5787.64,3986,3013
5787.735,3987,3013
5787.767,3988,3014
5788.019,3989,3021
5788.385,3990,3021
5788.416,3991,3021
5788.611,3992,3021
5788.749,3993,3021
5799.55,3994,3021
5801.568,3995,3021
5801.842,3996,3021
5802.1,3997,3021
5802.288,3998,3021
5802.474,3999,3021
5802.585,4000,3021
5802.859,4001,3021
5804.232,4002,3021
5804.402,4003,3023
5804.818,4004,3023
5805.002,4005,3023
5805.063,4006,3023
5805.174,4007,3023
5805.971,4008,3023
5806.152,4009,3023
5806.429,4010,3024
5806.642,4011,3024
5807.706,4012,3024
5808.568,4013,3024
5808.848,4014,3024
5808.965,4015,3024
5809.565,4016,3024
5810.67,4017,3024
5811.165,4018,3024
5811.861,4019,3024
5813.849,4020,3024
5815.152,4021,3024
5815.956,4022,3024
5816.185,4023,3024
5817.356,4024,3024
5818.611,4025,3024
5822.221,4026,3024
5824.32,4027,3026
5825.047,4028,3028
5825.912,4029,3028
5830.613,4030,3028
5831.802,4031,3028
5832.445,4032,3028
5839.793,4033,3028
5878.31,4034,3028
5879.417,4035,3028
5886.793,4036,3028
5912.003,4037,3033
5912.499,4038,3033
5912.586,4039,3033
5913.411,4040,3034
5917.379,4041,3034
5922.823,4042,3035
5941.435,4043,3035
5949.572,4044,3035
5960.368,4045,3035
5961.161,4046,3035
5965.816,4047,3035
5974.036,4048,3035
5974.243,4049,3035
5979.748,4050,3035
6062.13,4051,3036
6090.472,4052,3036
6106.131,4053,3036
6106.845,4054,3042
6108.079,4055,3042
6108.679,4056,3042
6110.677,4057,3042
6114.209,4058,3042
6117.262,4059,3043
6129.62,4060,3043
6136.685,4061,3043
6150.899,4062,3043
6156.302,4063,3043
6157.857,4064,3043
6167.214,4065,3043
6179.22,4066,3043
6186.997,4067,3043
6197.0,4068,3043
6201.506,4069,3043
6233.542,4070,3043
6243.054,4071,3043
6250.367,4072,3043
6250.476,4073,3043
6270.819,4074,3043
6340.399,4075,3045
6340.43,4076,3045
6357.366,4077,3045
6357.553,4078,3045
6365.16,4079,3045
6367.477,4080,3045
6375.875,4081,3045
6378.794,4082,3045
6379.054,4083,3045
6379.119,4084,3045
6379.507,4085,3045
6379.936,4086,3045
6380.614,4087,3045
6380.862,4088,3045
6381.403,4089,3045
6383.835,4090,3045
6385.347,4091,3045
6386.568,4092,3045
6391.838,4093,3045
6397.035,4094,3045
6420.105,4095,3045
6420.178,4096,3045
6420.257,4097,3045
6420.75,4098,3045
6421.801,4099,3045
6422.067,4100,3045
6425.287,4101,3045
6429.979,4102,3045
6433.63,4103,3046
6433.771,4104,3046
6433.813,4105,3046
6435.932,4106,3047
6441.651,4107,3047
6457.308,4108,3047
6462.344,4109,3047
6472.871,4110,3047
6473.338,4111,3047
6473.547,4112,3047
6476.516,4113,3047
6511.365,4114,3047
6511.667,4115,3047
6514.289,4116,3047
6562.698,4117,3047
6562.858,4118,3047
6565.973,4119,3047
6572.645,4120,3047
6617.617,4121,3047
6642.09,4122,3047
6643.436,4123,3047
6661.163,4124,3047
6661.284,4125,3047
6664.258,4126,3047
6670.528,4127,3047
6670.623,4128,3047
6670.661,4129,3047
6670.733,4130,3047
6670.811,4131,3047
6673.574,4132,3047
6736.681,4133,3047
6736.782,4134,3047
6737.536,4135,3047
6737.843,4136,3047
6737.938,4137,3047
6739.401,4138,3047
6743.108,4139,3047
6748.205,4140,3047
6750.015,4141,3047
6758.273,4142,3047
6760.836,4143,3048
6762.366,4144,3048
6763.62,4145,3048
6763.839,4146,3048
6765.308,4147,3048
6770.191,4148,3048
6771.753,4149,3048
6819.529,4150,3048
6830.069,4151,3048
6849.933,4152,3048
6850.068,4153,3048
6850.379,4154,3048
6852.145,4155,3048
6855.453,4156,3048
6855.571,4157,3048
6880.944,4158,3048
6883.477,4159,3048
6884.067,4160,3048
6884.322,4161,3048
6889.793,4162,3048
6889.864,4163,3048
6896.731,4164,3048
6928.236,4165,3049
6934.499,4166,3049
6934.604,4167,3049
6936.537,4168,3049
6948.409,4169,3049
6969.292,4170,3049
6969.33,4171,3049
6969.676,4172,3049
6970.2,4173,3049
6975.113,4174,3049
6975.18,4175,3049
6975.457,4176,3049
6975.673,4177,3049
6975.885,4178,3049
6975.932,4179,3049
6978.125,4180,3049
6981.086,4181,3049
7017.084,4182,3049
7018.581,4183,3049
7042.204,4184,3049
7047.834,4185,3049
7092.731,4186,3049
7094.046,4187,3049
7098.481,4188,3049
7103.852,4189,3049
7108.402,4190,3049
7109.391,4191,3049
7167.832,4192,3049
7173.821,4193,3049
7190.978,4194,3049
7198.859,4195,3049
7198.879,4196,3049
7199.157,4197,3049
7199.167,4198,3049
7199.285,4199,3049
7200.383,4200,3049
7200.49,4201,3049
7200.608,4202,3049
7201.683,4203,3049
7201.792,4204,3049
7202.363,4205,3049
7202.543,4206,3049
7202.78,4207,3049
7202.971,4208,3049
7203.888,4209,3049
7204.549,4210,3049
7204.866,4211,3049
7204.94,4212,3049
7205.648,4213,3049
7205.848,4214,3049
7206.422,4215,3049
7206.907,4216,3049
7206.985,4217,3049
7207.184,4218,3049
7211.813,4219,3049
7213.125,4220,3049
7250.991,4221,3049
7261.147,4222,3049
7265.546,4223,3049
7269.428,4224,3049
7329.653,4225,3049
7333.275,4226,3049
7337.645,4227,3049
7376.574,4228,3051
7378.688,4229,3051
7379.199,4230,3051
7392.124,4231,3051
7395.694,4232,3051
7397.794,4233,3051
7408.829,4234,3051
7419.501,4235,3052
7423.398,4236,3052
7438.27,4237,3052
7441.95,4238,3052
7491.869,4239,3052
7584.456,4240,3052
7586.215,4241,3052
7586.766,4242,3052
7588.576,4243,3052
7589.692,4244,3052
7591.814,4245,3052
7594.969,4246,3052
7598.35,4247,3052
7599.957,4248,3052
7600.873,4249,3052
7601.563,4250,3052
7602.288,4251,3052
7605.868,4252,3052
7612.18,4253,3052
7618.675,4254,3052
7620.288,4255,3052
7640.137,4256,3052
7668.85,4257,3052
7687.735,4258,3052
7710.923,4259,3052
7717.2,4260,3052
7730.21,4261,3052
7732.81,4262,3052
7790.702,4263,3052
7845.765,4264,3052
7851.845,4265,3052
7874.242,4266,3052
7894.502,4267,3052
7929.745,4268,3052
8003.301,4269,3052
8564.835,4270,3052
8580.858,4271,3052
8586.677,4272,3052
8605.006,4273,3052
8626.754,4274,3052
8710.035,4275,3052
8813.147,4276,3052
8875.607,4277,3052
9002.482,4278,3052
9082.52,4279,3052
9184.036,4280,3052
9245.916,4281,3052
9249.8,4282,3052
9275.225,4283,3052
9285.007,4284,3052
9304.301,4285,3052
9313.366,4286,3052
9348.725,4287,3052
9372.267,4288,3052
9376.955,4289,3052
9519.267,4290,3052
9555.583,4291,3052
9566.144,4292,3052
9614.617,4293,3052
9649.907,4294,3052
9653.363,4295,3052
9656.815,4296,3052
9657.04,4297,3052
9657.357,4298,3052
9657.43,4299,3052
9659.689,4300,3052
9662.29,4301,3052
9662.684,4302,3052
9664.756,4303,3052
9747.506,4304,3052
9834.956,4305,3052
9876.658,4306,3052
9897.392,4307,3052
9899.005,4308,3052
9911.819,4309,3052
9990.537,4310,3052
9995.172,4311,3052
10009.932,4312,3052
10044.773,4313,3057
10046.787,4314,3057
10073.951,4315,3057
10170.01,4316,3057
10171.934,4317,3057
10221.391,4318,3057
10222.752,4319,3057
10222.843,4320,3057
10223.041,4321,3057
10228.55,4322,3057
10245.985,4323,3057
10259.363,4324,3057
10268.664,4325,3057
10268.739,4326,3057
10268.951,4327,3057
10269.252,4328,3057
10270.205,4329,3057
10285.657,4330,3057
10319.267,4331,3057
10328.287,4332,3057
10328.553,4333,3057
10328.98,4334,3057
10330.102,4335,3057
10331.5,4336,3057
10337.057,4337,3057
10344.367,4338,3057
10355.723,4339,3057
10478.633,4340,3057
10478.708,4341,3057
10478.808,4342,3057
10479.293,4343,3057
10479.712,4344,3057
10481.547,4345,3057
10482.073,4346,3057
10482.821,4347,3057
10483.447,4348,3057
10484.956,4349,3057
10487.752,4350,3057
10488.213,4351,3057
10491.59,4352,3057
10492.817,4353,3057
10501.26,4354,3057
10507.194,4355,3057
10507.26,4356,3057
10576.808,4357,3057
10604.615,4358,3057
10604.909,4359,3057
10605.123,4360,3057
10606.147,4361,3057
10634.254,4362,3057
10644.614,4363,3057
10646.41,4364,3057
10646.772,4365,3057
10655.307,4366,3058
10659.88,4367,3058
10661.01,4368,3058
10702.175,4369,3058
10710.439,4370,3058
10714.06,4371,3058
10715.318,4372,3058
10718.994,4373,3058
10720.672,4374,3058
10721.287,4375,3058
10725.988,4376,3058
10726.177,4377,3058
10741.223,4378,3058
10816.307,4379,3058
10837.758,4380,3058
10839.096,4381,3058
10839.743,4382,3058
10841.886,4383,3058
10842.551,4384,3058
10848.308,4385,3058
10849.641,4386,3058
10858.583,4387,3058
10879.991,4388,3058
10891.857,4389,3058
10917.023,4390,3058
10918.652,4391,3058
11006.797,4392,3058
11008.95,4393,3058
11041.877,4394,3058
11043.686,4395,3058
11044.673,4396,3058
11051.05,4397,3058
11055.678,4398,3058
11057.465,4399,3058
11068.801,4400,3058
11069.626,4401,3058
11087.854,4402,3058
11097.319,4403,3058
11205.271,4404,3058
11207.333,4405,3058
11207.495,4406,3058
11208.286,4407,3058
11209.152,4408,3058
11211.119,4409,3058
11211.435,4410,3058
11214.435,4411,3058
11215.814,4412,3058
11216.038,4413,3058
11216.759,4414,3058
11222.437,4415,3058
11226.395,4416,3058
11231.336,4417,3058
11238.064,4418,3058
11251.169,4419,3058
11391.63,4420,3059
11392.183,4421,3059
11392.806,4422,3059
11393.306,4423,3059
11416.581,4424,3059
11564.386,4425,3059
11565.523,4426,3059
11588.427,4427,3059
11623.474,4428,3059
11623.504,4429,3059
11625.43,4430,3059
11644.618,4431,3059
11662.749,4432,3059
11665.089,4433,3059
11690.5,4434,3059
11708.771,4435,3059
11710.735,4436,3059
11710.929,4437,3059
11711.098,4438,3059
11711.549,4439,3059
11711.576,4440,3059
11712.05,4441,3059
11712.154,4442,3059
11712.191,4443,3059
11714.525,4444,3059
11717.047,4445,3059
11717.373,4446,3059
11724.951,4447,3059
11787.435,4448,3059
11788.075,4449,3059
11789.278,4450,3060
11796.076,4451,3060
11812.363,4452,3060
11877.379,4453,3060
12281.881,4454,3060
12348.361,4455,3060
12349.803,4456,3060
12353.078,4457,3060
12353.258,4458,3060
12367.781,4459,3060
12368.733,4460,3060
12375.673,4461,3060
12378.992,4462,3060
12381.588,4463,3060
12394.59,4464,3060
12432.799,4465,3060
12433.594,4466,3060
12498.154,4467,3060
12500.623,4468,3060
12511.478,4469,3060
12554.143,4470,3060
12572.171,4471,3060
12607.892,4472,3060
12731.045,4473,3060
12994.767,4474,3060
13002.575,4475,3060
13008.67,4476,3060
13033.054,4477,3060
13067.625,4478,3060
13269.504,4479,3060
13547.446,4480,3060
13694.934,4481,3060
13798.707,4482,3060
13802.88,4483,3060
13878.914,4484,3060
13896.844,4485,3060
13987.397,4486,3060
14098.441,4487,3060
14145.363,4488,3060
14158.448,4489,3060
14170.808,4490,3060
14171.554,4491,3060
14173.26,4492,3060
14180.696,4493,3060
14183.893,4494,3060
14184.632,4495,3060
14191.759,4496,3060
14407.809,4497,3060
14480.523,4498,3060
14503.587,4499,3060
14533.196,4500,3060
14773.279,4501,3060
14773.29,4502,3060
14773.336,4503,3060
14773.446,4504,3060
14779.025,4505,3060
14900.135,4506,3060
14920.914,4507,3060
14976.782,4508,3060
15009.182,4509,3060
15009.264,4510,3060
15012.742,4511,3060
15027.051,4512,3060
15053.091,4513,3060
15053.118,4514,3060
15053.302,4515,3060
15108.239,4516,3060
15118.083,4517,3060
15278.934,4518,3060
15278.994,4519,3060
15279.016,4520,3060
15279.221,4521,3060
15279.281,4522,3060
15279.989,4523,3060
15280.192,4524,3060
15282.88,4525,3060
15311.561,4526,3060
15311.642,4527,3060
15311.726,4528,3060
15311.869,4529,3060
15357.215,4530,3060
15357.247,4531,3060
15361.327,4532,3060
15361.643,4533,3060
15361.75,4534,3060
15368.215,4535,3060
15368.596,4536,3060
15368.943,4537,3060
15369.622,4538,3060
15376.914,4539,3060
15377.61,4540,3060
15381.152,4541,3060
15388.146,4542,3060
15442.132,4543,3060
15669.421,4544,3060
15676.444,4545,3060
15676.736,4546,3060
15735.124,4547,3060
15821.54,4548,3060
15823.301,4549,3060
15823.441,4550,3060
15823.472,4551,3060
15872.8,4552,3060
15894.544,4553,3060
15935.982,4554,3060
15937.066,4555,3060
15940.281,4556,3060
15948.366,4557,3060
15948.422,4558,3060
15948.524,4559,3060
15948.572,4560,3060
15948.971,4561,3060
15948.988,4562,3060
16009.023,4563,3060
16070.403,4564,3060
16070.675,4565,3060
16071.336,4566,3060
16071.437,4567,3060
16095.026,4568,3060
16172.356,4569,3060
16174.434,4570,3060
16174.808,4571,3060
16189.88,4572,3060
16232.06,4573,3060
16232.09,4574,3060
16235.906,4575,3060
16255.777,4576,3060
16319.946,4577,3060
16319.996,4578,3060
16353.871,4579,3060
16507.251,4580,3060
16510.18,4581,3060
16510.2,4582,3060
16510.297,4583,3060
16510.83,4584,3060
16524.42,4585,3060
16527.353,4586,3060
16559.584,4587,3060
16650.53,4588,3060
16661.396,4589,3060
16726.244,4590,3060
16908.622,4591,3060
16931.556,4592,3060
16931.693,4593,3060
16931.836,4594,3060
16932.542,4595,3060
16932.618,4596,3060
16933.419,4597,3060
16935.915,4598,3060
16936.246,4599,3061
16938.471,4600,3061
16963.639,4601,3061
16966.886,4602,3061
16966.964,4603,3061
16967.133,4604,3061
17009.89,4605,3062
17010.169,4606,3062
17039.29,4607,3062
17097.864,4608,3062
17098.614,4609,3062
17164.16,4610,3062
17197.038,4611,3062
17197.051,4612,3062
17198.093,4613,3062
17199.332,4614,3062
17199.481,4615,3062
17200.521,4616,3062
17201.242,4617,3062
17202.664,4618,3062
17202.848,4619,3062
17204.249,4620,3062
17206.397,4621,3062
17227.733,4622,3062
17230.588,4623,3062
17233.837,4624,3062
17234.076,4625,3062
17237.208,4626,3062
17239.939,4627,3062
17242.356,4628,3062
17242.644,4629,3062
17255.995,4630,3062
17258.236,4631,3062
17337.836,4632,3062
17473.651,4633,3062
17474.348,4634,3062
17475.874,4635,3062
17476.665,4636,3062
17479.024,4637,3062
17594.334,4638,3062
17625.425,4639,3062
17695.387,4640,3062
17750.074,4641,3062
17752.351,4642,3062
17781.265,4643,3062
17782.032,4644,3062
17820.298,4645,3062
17834.902,4646,3062
17836.278,4647,3062
17841.098,4648,3062
17853.499,4649,3062
17860.126,4650,3062
17860.149,4651,3062
17862.688,4652,3063
17886.046,4653,3068
17887.5,4654,3068
17940.581,4655,3068
17960.235,4656,3068
18038.879,4657,3068
18039.037,4658,3068
18039.736,4659,3068
18214.071,4660,3068
18219.41,4661,3068
18227.807,4662,3068
18227.984,4663,3068
18270.281,4664,3068
18439.097,4665,3068
18514.547,4666,3068
18556.906,4667,3068
18556.918,4668,3068
18650.816,4669,3068
18657.031,4670,3068
18752.912,4671,3068
18835.718,4672,3068
18893.439,4673,3068
18941.369,4674,3068
18941.42,4675,3068
18974.935,4676,3068
19015.159,4677,3068
19047.437,4678,3068
19086.254,4679,3068
19088.147,4680,3068
19088.599,4681,3068
19097.319,4682,3068
19097.448,4683,3068
19098.793,4684,3068
19100.6,4685,3068
19106.152,4686,3068
19140.536,4687,3068
19148.783,4688,3068
19149.229,4689,3068
19168.126,4690,3068
19251.182,4691,3068
19286.654,4692,3068
19327.66,4693,3068
19428.169,4694,3068
19443.919,4695,3068
19456.376,4696,3068
19512.11,4697,3068
19512.244,4698,3068
19532.459,4699,3068
19546.646,4700,3068
19614.457,4701,3068
19773.596,4702,3068
19774.139,4703,3068
19878.977,4704,3068
19879.224,4705,3068
19955.585,4706,3094
19955.69,4707,3098
19955.692,4708,3098
19955.697,4709,3098
19955.698,4710,3098
19955.699,4711,3098
19955.699,4712,3098
19955.71,4713,3098
19955.824,4714,3100
19955.827,4715,3102
19955.836,4716,3104
19955.837,4717,3105
19955.867,4718,3107
19955.904,4719,3108
19955.94,4720,3110
19956.014,4721,3111
19956.328,4722,3112
19956.378,4723,3114
20083.458,4724,3114
20146.939,4725,3114
20147.207,4726,3114
20152.593,4727,3114
20233.734,4728,3114
20234.46,4729,3114
20235.475,4730,3114
20244.759,4731,3114
20321.021,4732,3114
20321.204,4733,3114
20421.45,4734,3114
20471.486,4735,3114
20529.771,4736,3114
20530.274,4737,3114
20532.404,4738,3114
20580.283,4739,3114
20580.285,4740,3114
20580.391,4741,3115
20683.239,4742,3115
20683.271,4743,3115
20685.26,4744,3115
20685.4,4745,3115
20694.611,4746,3115
20695.208,4747,3115
20696.48,4748,3115
20725.953,4749,3115
20782.881,4750,3115
20852.776,4751,3115
20908.002,4752,3115
20950.177,4753,3115
20950.324,4754,3115
20950.422,4755,3115
20951.712,4756,3115
20952.829,4757,3115
20960.534,4758,3115
20975.674,4759,3115
20977.374,4760,3115
20977.399,4761,3115
21088.882,4762,3115
21091.124,4763,3115
21149.781,4764,3115
21185.544,4765,3116
21186.011,4766,3116
21186.38,4767,3116
21268.02,4768,3116
21305.094,4769,3116
21399.33,4770,3116
21403.819,4771,3116
21455.986,4772,3116
21456.051,4773,3116
21457.646,4774,3116
21465.433,4775,3116
21516.296,4776,3117
21548.155,4777,3117
21559.792,4778,3117
21559.876,4779,3117
21649.932,4780,3117
21654.163,4781,3117
21699.516,4782,3117
21707.587,4783,3117
21785.928,4784,3117
21790.81,4785,3117
21790.976,4786,3117
21814.373,4787,3118
21856.554,4788,3118
21856.621,4789,3118
21889.082,4790,3118
21900.098,4791,3118
21910.215,4792,3118
21956.951,4793,3118
21958.782,4794,3118
21959.176,4795,3118
22149.374,4796,3118
22152.991,4797,3118
22242.572,4798,3118
22266.375,4799,3118
22266.801,4800,3118
22368.389,4801,3118
22453.084,4802,3120
22642.053,4803,3120
22655.548,4804,3120
22655.831,4805,3120
22712.08,4806,3120
22842.28,4807,3120
22843.042,4808,3120
22956.974,4809,3120
22971.587,4810,3120
22971.74,4811,3120
22971.957,4812,3120
22972.155,4813,3120
22973.981,4814,3120
22991.183,4815,3120
22994.111,4816,3120
22994.616,4817,3120
22995.44,4818,3120
23020.684,4819,3120
23061.231,4820,3120
23117.502,4821,3120
23132.305,4822,3121
23220.443,4823,3121
23220.707,4824,3121
23220.721,4825,3121
23220.846,4826,3121
23241.956,4827,3124
23242.597,4828,3124
23242.629,4829,3124
23242.692,4830,3124
23242.831,4831,3124
23242.863,4832,3127
23242.97,4833,3130
23243.0,4834,3130
23243.058,4835,3130
23243.1,4836,3131
23243.216,4837,3131
23243.443,4838,3131
23244.439,4839,3131
23244.699,4840,3131
23252.299,4841,3132
23253.047,4842,3132
23253.789,4843,3132
23256.128,4844,3132
23279.347,4845,3132
23296.859,4846,3132
23309.24,4847,3132
23309.278,4848,3132
23309.395,4849,3132
23310.173,4850,3132
23314.924,4851,3133
23326.674,4852,3133
23349.491,4853,3133
23379.697,4854,3134
23380.31,4855,3134
23387.532,4856,3134
23465.302,4857,3134
23465.333,4858,3134
23465.553,4859,3134
23465.676,4860,3134
23466.182,4861,3134
23466.669,4862,3134
23467.134,4863,3134
23475.967,4864,3135
23513.883,4865,3135
23514.071,4866,3136
23534.155,4867,3136
23556.225,4868,3136
23591.856,4869,3136
23599.725,4870,3136
23609.628,4871,3136
23609.946,4872,3136
23653.543,4873,3137
23653.862,4874,3137
23658.069,4875,3137
23748.845,4876,3137
23767.793,4877,3137
23769.2,4878,3137
23809.488,4879,3137
23811.946,4880,3137
23842.093,4881,3137
23851.884,4882,3137
23851.978,4883,3137
23854.77,4884,3137
23856.904,4885,3137
23886.916,4886,3137
23927.315,4887,3137
23976.23,4888,3137
23987.162,4889,3137
24038.613,4890,3137
24085.699,4891,3137
24132.378,4892,3137
24216.924,4893,3137
24217.088,4894,3137
24262.646,4895,3137
24414.764,4896,3137
24445.933,4897,3137
24679.139,4898,3137
24692.268,4899,3137
24737.025,4900,3137
24804.504,4901,3137
24818.108,4902,3138
24821.596,4903,3138
24843.969,4904,3139
24897.113,4905,3139
24909.303,4906,3139
24941.771,4907,3139
24943.947,4908,3139
25044.176,4909,3139
25095.74,4910,3139
25211.401,4911,3139
25225.852,4912,3139
25251.197,4913,3139
25251.258,4914,3139
25265.666,4915,3139
25313.952,4916,3139
25324.19,4917,3139
25342.129,4918,3139
25367.301,4919,3139
25385.161,4920,3139
25389.679,4921,3139
25434.851,4922,3141
25451.281,4923,3141
25456.257,4924,3141
25472.991,4925,3141
25480.148,4926,3141
25480.231,4927,3141
25480.237,4928,3141
25482.81,4929,3141
25634.872,4930,3141
25662.931,4931,3141
25663.005,4932,3141
25665.649,4933,3141
25665.683,4934,3141
25684.368,4935,3141
25752.918,4936,3141
25831.966,4937,3142
25836.112,4938,3142
25844.099,4939,3142
25850.883,4940,3142
25867.901,4941,3142
25986.805,4942,3142
25996.161,4943,3142
26101.669,4944,3142
26175.515,4945,3142
26237.472,4946,3142
26291.008,4947,3142
26317.006,4948,3142
26317.956,4949,3142
26326.449,4950,3142
26349.034,4951,3142
26447.812,4952,3142
26448.646,4953,3142
26544.927,4954,3142
26589.919,4955,3142
26708.63,4956,3143
26708.799,4957,3143
26766.446,4958,3143
26775.183,4959,3143
26775.186,4960,3143
26812.854,4961,3145
26814.999,4962,3145
26856.459,4963,3145
26895.172,4964,3145
26900.67,4965,3145
26922.272,4966,3145
26927.691,4967,3145
26937.865,4968,3145
26968.586,4969,3145
27002.547,4970,3145
27007.528,4971,3145
27007.971,4972,3145
27034.623,4973,3145
27070.894,4974,3145
27080.236,4975,3145
27087.093,4976,3145
27100.807,4977,3145
27110.978,4978,3145
27134.057,4979,3145
27153.087,4980,3145
27202.891,4981,3145
27215.653,4982,3145
27216.701,4983,3145
27235.454,4984,3145
27347.912,4985,3145
27347.956,4986,3145
27417.881,4987,3146
27496.045,4988,3146
27497.853,4989,3146
27534.302,4990,3146
27535.271,4991,3146
27692.801,4992,3146
27708.294,4993,3146
27724.558,4994,3146
27751.221,4995,3146
27779.604,4996,3146
27965.065,4997,3146
27965.116,4998,3146
28009.911,4999,3146
28073.351,5000,3146
28167.472,5001,3146
28170.452,5002,3146
28175.483,5003,3146
28178.905,5004,3146
28247.476,5005,3146
28301.904,5006,3146
28353.994,5007,3146
28430.813,5008,3146
28591.794,5009,3146
28660.513,5010,3146
28660.808,5011,3146
28702.061,5012,3146
28925.834,5013,3146
29021.491,5014,3151
29022.221,5015,3151
29022.442,5016,3155
29023.217,5017,3156
29031.474,5018,3156
29031.49,5019,3156
29031.516,5020,3159
29033.474,5021,3160
29033.492,5022,3160
29042.084,5023,3160
29214.8,5024,3160
29223.848,5025,3162
29224.002,5026,3162
29224.408,5027,3162
29338.398,5028,3162
29349.574,5029,3162
29545.112,5030,3162
29714.182,5031,3162
29750.701,5032,3162
29880.486,5033,3162
29910.658,5034,3162
29912.038,5035,3162
29912.566,5036,3162
29916.346,5037,3162
29916.769,5038,3162
30119.143,5039,3162
30179.287,5040,3162
30248.461,5041,3162
30282.762,5042,3162
30356.112,5043,3162
30492.386,5044,3162
30493.06,5045,3162
30496.878,5046,3162
30511.089,5047,3162
30577.319,5048,3162
30667.92,5049,3162
30668.299,5050,3162
30670.697,5051,3162
30722.54,5052,3162
30771.703,5053,3162
30861.227,5054,3162
31059.211,5055,3162
31101.554,5056,3163
31101.828,5057,3163
31192.983,5058,3163
31312.206,5059,3166
31542.262,5060,3166
31665.3,5061,3166
31728.597,5062,3166
31784.868,5063,3166
31834.626,5064,3166
31841.408,5065,3166
32109.309,5066,3166
32217.218,5067,3166
32229.606,5068,3167
32255.075,5069,3167
32425.04,5070,3167
32447.531,5071,3167
32476.686,5072,3167
32535.021,5073,3167
32573.726,5074,3167
32599.468,5075,3167
32645.005,5076,3167
32671.498,5077,3167
32904.791,5078,3167
32969.616,5079,3167
33280.397,5080,3167
33473.176,5081,3167
33590.903,5082,3167
33685.758,5083,3167
34479.56,5084,3167
34480.704,5085,3167
34507.612,5086,3168
34522.672,5087,3168
34547.971,5088,3168
34573.508,5089,3168
34862.44,5090,3169
34903.762,5091,3169
34917.999,5092,3169
34918.06,5093,3169
34918.088,5094,3169
34918.126,5095,3169
34918.187,5096,3169
34918.319,5097,3169
34918.335,5098,3169
34918.453,5099,3169
34918.647,5100,3169
34918.773,5101,3169
34918.866,5102,3169
34918.886,5103,3169
34918.977,5104,3169
34918.998,5105,3169
34919.199,5106,3169
34919.202,5107,3169
34919.222,5108,3169
34919.232,5109,3169
34919.24,5110,3169
34919.251,5111,3169
34919.263,5112,3169
34919.354,5113,3169
34919.407,5114,3169
34919.508,5115,3169
34919.972,5116,3169
34949.824,5117,3169
34950.495,5118,3169
34950.521,5119,3169
34950.536,5120,3169
34960.341,5121,3169
34969.435,5122,3170
34991.495,5123,3170
35014.247,5124,3170
35014.276,5125,3170
35014.897,5126,3170
35019.734,5127,3170
35209.303,5128,3170
35212.418,5129,3170
35291.676,5130,3170
35291.685,5131,3170
35334.13,5132,3170
35487.322,5133,3171
36272.535,5134,3176
36282.759,5135,3176
36284.76,5136,3176
36284.926,5137,3176
36286.908,5138,3176
36292.064,5139,3176
36292.687,5140,3178
36293.379,5141,3178
36329.08,5142,3180
36329.117,5143,3180
36343.699,5144,3180
36350.338,5145,3180
37080.302,5146,3180
37374.105,5147,3180
37376.126,5148,3180
37376.772,5149,3180
37596.655,5150,3180
37673.478,5151,3180
37787.727,5152,3180
37956.981,5153,3180
38083.902,5154,3180
38101.584,5155,3180
38651.91,5156,3180
38652.888,5157,3180
38718.354,5158,3180
38855.465,5159,3180
38995.597,5160,3180
39050.903,5161,3180
39544.734,5162,3180
39613.273,5163,3180
39938.427,5164,3180
41005.991,5165,3180
41069.241,5166,3180
41344.683,5167,3180
42346.835,5168,3180
42506.35,5169,3180
42991.294,5170,3180
43057.103,5171,3180
43153.773,5172,3181
43153.945,5173,3181
43224.623,5174,3181
43251.886,5175,3181
43961.99,5176,3181
43976.142,5177,3181
44085.41,5178,3181
44086.155,5179,3181
44170.581,5180,3181
44358.792,5181,3181
44359.611,5182,3181
44413.85,5183,3181
44507.71,5184,3181
44603.096,5185,3181
44708.589,5186,3181
45066.696,5187,3182
45129.242,5188,3182
45224.721,5189,3182
45269.202,5190,3182
45665.868,5191,3182
45674.694,5192,3182
45678.695,5193,3182
45700.1,5194,3182
45702.085,5195,3182
45802.473,5196,3182
45880.509,5197,3182
46135.409,5198,3182
46144.56,5199,3182
46282.61,5200,3182
46435.503,5201,3182
46759.163,5202,3182
46905.089,5203,3182
46945.036,5204,3182
46974.391,5205,3182
47082.86,5206,3182
47381.465,5207,3182
47394.66,5208,3182
47402.117,5209,3182
47406.176,5210,3182
47408.871,5211,3182
47411.218,5212,3182
47590.464,5213,3182
47761.258,5214,3182
47761.704,5215,3182
47763.634,5216,3182
47763.674,5217,3182
47768.174,5218,3182
48211.309,5219,3182
48401.178,5220,3182
48713.036,5221,3182
49795.025,5222,3182
50045.523,5223,3182
50054.715,5224,3182
50056.895,5225,3182
50072.346,5226,3182
50073.232,5227,3182
50084.385,5228,3182
50170.468,5229,3182
50171.098,5230,3182
50582.037,5231,3182
51091.373,5232,3182
51095.726,5233,3182
51875.785,5234,3182
52209.562,5235,3182
52283.496,5236,3182
52392.328,5237,3182
52610.425,5238,3182
52660.196,5239,3182
52952.757,5240,3182
54061.473,5241,3182
54104.128,5242,3182
54400.015,5243,3182
54638.851,5244,3182
54914.741,5245,3182
55019.607,5246,3182
55258.678,5247,3182
55258.692,5248,3182
55498.668,5249,3182
55637.809,5250,3182
56509.045,5251,3182
56533.039,5252,3182
56737.017,5253,3185
56784.253,5254,3185
56785.135,5255,3185
56786.758,5256,3185
56997.397,5257,3185
57101.566,5258,3185
57119.149,5259,3185
57119.164,5260,3185
57201.028,5261,3186
57424.738,5262,3186
57465.306,5263,3186
57476.858,5264,3186
57569.916,5265,3186
57653.882,5266,3187
57657.727,5267,3189
57720.446,5268,3189
57720.625,5269,3191
57728.533,5270,3191
57729.25,5271,3191
57835.105,5272,3191
58165.545,5273,3191
58245.216,5274,3191
58279.786,5275,3191
58289.658,5276,3191
58393.168,5277,3191
58427.797,5278,3191
58458.426,5279,3191
58478.843,5280,3191
58494.513,5281,3191
58505.153,5282,3191
58516.298,5283,3191
58545.246,5284,3191
59230.482,5285,3192
59261.45,5286,3192
59641.015,5287,3192
60502.035,5288,3192
61354.081,5289,3192
61998.943,5290,3192
63061.579,5291,3192
63308.783,5292,3192
63309.441,5293,3192
63529.098,5294,3192
64549.706,5295,3192
64702.596,5296,3192
64703.85,5297,3192
65077.621,5298,3192
65147.576,5299,3192
65314.086,5300,3192
65366.371,5301,3192
65366.439,5302,3192
65447.865,5303,3192
66001.11,5304,3192
66115.645,5305,3192
66429.523,5306,3192
66431.561,5307,3192
66433.197,5308,3192
66682.284,5309,3192
66740.271,5310,3192
66842.338,5311,3192
67067.05,5312,3192
67070.032,5313,3192
67553.938,5314,3192
68472.689,5315,3192
68596.784,5316,3192
68625.407,5317,3192
68712.893,5318,3192
68833.019,5319,3192
69262.325,5320,3192
69272.22,5321,3192
69272.615,5322,3192
69635.948,5323,3192
70080.182,5324,3192
70110.436,5325,3192
70451.924,5326,3192
70753.523,5327,3192
70817.861,5328,3192
71171.53,5329,3192
71341.223,5330,3192
71343.422,5331,3192
71652.651,5332,3192
71721.643,5333,3192
71737.937,5334,3192
72068.515,5335,3192
72197.535,5336,3192
72199.706,5337,3192
72221.217,5338,3192
72223.538,5339,3192
72223.545,5340,3192
72224.108,5341,3192
72705.573,5342,3192
72857.108,5343,3192
72947.691,5344,3192
73302.843,5345,3192
73963.107,5346,3192
74116.514,5347,3192
74117.96,5348,3192
74207.389,5349,3192
74673.332,5350,3192
75914.615,5351,3192
76045.252,5352,3192
76152.69,5353,3192
76212.323,5354,3192
77878.419,5355,3192
78918.7,5356,3192
79195.779,5357,3192
79213.992,5358,3192
79360.319,5359,3192
79532.352,5360,3192
79532.761,5361,3192
79619.204,5362,3192
79710.06,5363,3192
79837.108,5364,3192
79931.343,5365,3192
80055.073,5366,3192
80108.631,5367,3192
80186.308,5368,3192
80256.793,5369,3192
80296.074,5370,3192
80399.923,5371,3192
80696.253,5372,3192
80859.644,5373,3192
81112.138,5374,3192
81489.527,5375,3192
82025.032,5376,3192
82302.594,5377,3193
82620.464,5378,3193
82620.525,5379,3193
82777.744,5380,3194
82782.275,5381,3195
82794.769,5382,3195
82797.793,5383,3195
82834.902,5384,3196
82852.429,5385,3196
82893.157,5386,3196
82911.315,5387,3196
82939.419,5388,3197
82988.123,5389,3197
83741.875,5390,3197
83751.931,5391,3198
84074.002,5392,3198
84105.858,5393,3198
84305.824,5394,3198
84437.413,5395,3198
85002.256,5396,3198
85150.966,5397,3198
85161.597,5398,3198
85303.955,5399,3201
85426.638,5400,3202
85426.845,5401,3202
85460.135,5402,3202
85477.073,5403,3202
85588.484,5404,3202
