time_s,inputs,cumulative_edges
0.0,1,357
0.001,2,589
0.001,3,598
0.002,4,600
0.003,5,601
0.003,6,616
0.004,7,616
0.005,8,681
0.007,9,684
0.007,10,686
0.008,11,688
0.012,12,694
0.012,13,694
0.013,14,694
0.014,15,699
0.015,16,700
0.017,17,707
0.017,18,707
0.018,19,707
0.019,20,708
0.021,21,708
0.024,22,709
0.025,23,710
0.026,24,711
0.042,25,713
0.055,26,714
0.078,27,715
0.094,28,718
0.107,29,718
0.122,30,719
0.162,31,720
0.187,32,720
0.206,33,738
0.208,34,740
0.223,35,742
0.228,36,742
0.232,37,742
0.235,38,745
0.27,39,746
0.284,40,747
0.285,41,747
0.295,42,747
0.298,43,747
0.325,44,747
0.326,45,747
0.328,46,747
0.34,47,747
0.352,48,747
0.37,49,747
0.399,50,748
0.433,51,748
0.436,52,754
0.453,53,754
0.466,54,754
0.473,55,755
0.502,56,755
0.57,57,768
0.585,58,838
0.606,59,838
0.651,60,868
0.687,61,875
0.691,62,877
0.695,63,877
0.706,64,880
0.719,65,880
0.72,66,880
0.722,67,880
0.743,68,881
0.75,69,882
0.777,70,884
0.812,71,884
0.822,72,1012
0.83,73,1016
0.842,74,1016
0.848,75,1019
0.858,76,1019
0.944,77,1062
0.96,78,1063
0.962,79,1063
0.967,80,1063
1.004,81,1063
1.014,82,1063
1.021,83,1064
1.054,84,1064
1.109,85,1066
1.12,86,1071
1.155,87,1082
1.163,88,1092
1.213,89,1093
1.219,90,1111
1.247,91,1111
1.337,92,1111
1.339,93,1112
1.375,94,1112
1.424,95,1115
1.456,96,1117
1.462,97,1117
1.491,98,1117
1.497,99,1117
1.51,100,1117
1.525,101,1120
1.611,102,1121
1.626,103,1128
1.693,104,1134
1.8,105,1134
1.907,106,1151
1.958,107,1152
2.003,108,1162
2.005,109,1162
2.219,110,1168
2.291,111,1169
2.293,112,1171
2.319,113,1174
2.322,114,1175
2.325,115,1177
2.327,116,1178
2.344,117,1182
2.349,118,1182
2.35,119,1182
2.355,120,1182
2.357,121,1183
2.37,122,1183
2.372,123,1183
2.376,124,1183
2.387,125,1183
2.388,126,1187
2.397,127,1188
2.403,128,1189
2.408,129,1189
2.41,130,1191
2.415,131,1192
2.424,132,1192
2.435,133,1197
2.444,134,1199
2.449,135,1199
2.452,136,1209
2.468,137,1216
2.482,138,1216
2.487,139,1216
2.491,140,1218
2.501,141,1225
2.506,142,1225
2.517,143,1225
2.53,144,1225
2.531,145,1231
2.545,146,1234
2.553,147,1234
2.564,148,1235
2.566,149,1236
2.599,150,1237
2.609,151,1237
2.643,152,1237
2.652,153,1237
2.68,154,1237
2.686,155,1237
2.691,156,1237
2.706,157,1245
2.712,158,1245
2.718,159,1246
2.723,160,1247
2.748,161,1251
2.753,162,1251
2.759,163,1251
2.764,164,1253
2.772,165,1253
2.774,166,1253
2.777,167,1253
2.781,168,1253
2.79,169,1254
2.797,170,1256
2.812,171,1256
2.833,172,1256
2.838,173,1256
2.848,174,1258
2.853,175,1259
2.877,176,1261
2.889,177,1261
2.892,178,1261
2.895,179,1263
2.897,180,1263
2.898,181,1265
2.905,182,1265
2.928,183,1266
2.934,184,1266
2.95,185,1284
2.962,186,1286
2.991,187,1286
2.993,188,1286
2.999,189,1286
3.0,190,1286
3.001,191,1286
3.002,192,1286
3.004,193,1296
3.005,194,1303
3.007,195,1307
3.009,196,1308
3.011,197,1309
3.012,198,1311
3.017,199,1312
3.02,200,1312
3.022,201,1312
3.024,202,1328
3.025,203,1328
3.025,204,1329
3.026,205,1329
3.031,206,1370
3.034,207,1374
3.035,208,1374
3.038,209,1376
3.039,210,1378
3.042,211,1378
3.044,212,1378
3.045,213,1378
3.048,214,1379
3.051,215,1380
3.053,216,1380
3.054,217,1380
3.057,218,1380
3.062,219,1380
3.066,220,1380
3.072,221,1381
3.076,222,1382
3.076,223,1382
3.082,224,1382
3.083,225,1382
3.09,226,1382
3.092,227,1382
3.098,228,1382
3.119,229,1384
3.125,230,1440
3.129,231,1440
3.132,232,1440
3.132,233,1440
3.134,234,1440
3.135,235,1441
3.136,236,1441
3.137,237,1442
3.14,238,1442
3.144,239,1442
3.148,240,1443
3.15,241,1445
3.153,242,1447
3.157,243,1447
3.168,244,1448
3.176,245,1448
3.177,246,1448
3.182,247,1448
3.186,248,1448
3.189,249,1449
3.192,250,1449
3.193,251,1449
3.204,252,1449
3.206,253,1450
3.213,254,1450
3.214,255,1456
3.225,256,1456
3.227,257,1456
3.231,258,1456
3.235,259,1456
3.249,260,1456
3.253,261,1457
3.259,262,1457
3.275,263,1458
3.276,264,1459
3.279,265,1489
3.282,266,1489
3.286,267,1490
3.288,268,1490
3.291,269,1490
3.295,270,1490
3.297,271,1490
3.302,272,1490
3.303,273,1491
3.304,274,1492
3.307,275,1492
3.31,276,1492
3.322,277,1494
3.324,278,1494
3.328,279,1494
3.329,280,1494
3.332,281,1494
3.336,282,1494
3.342,283,1494
3.345,284,1494
3.349,285,1502
3.36,286,1502
3.373,287,1502
3.383,288,1502
3.391,289,1503
3.392,290,1503
3.405,291,1503
3.407,292,1503
3.408,293,1503
3.423,294,1505
3.427,295,1523
3.43,296,1523
3.434,297,1523
3.444,298,1523
3.451,299,1547
3.454,300,1549
3.459,301,1549
3.46,302,1549
3.469,303,1549
3.473,304,1549
3.477,305,1549
3.479,306,1549
3.485,307,1549
3.496,308,1549
3.511,309,1549
3.515,310,1555
3.525,311,1555
3.543,312,1555
3.555,313,1555
3.556,314,1555
3.558,315,1555
3.568,316,1558
3.584,317,1558
3.592,318,1558
3.6,319,1558
3.608,320,1559
3.626,321,1559
3.627,322,1559
3.63,323,1559
3.648,324,1559
3.655,325,1559
3.659,326,1559
3.668,327,1559
3.69,328,1559
3.703,329,1576
3.714,330,1577
3.717,331,1577
3.72,332,1577
3.729,333,1577
3.759,334,1577
3.767,335,1577
3.772,336,1578
3.782,337,1588
3.787,338,1588
3.791,339,1590
3.81,340,1590
3.821,341,1590
3.828,342,1590
3.834,343,1591
3.851,344,1591
3.888,345,1607
3.892,346,1607
3.896,347,1607
3.901,348,1607
3.913,349,1607
3.916,350,1609
3.923,351,1609
3.936,352,1623
3.953,353,1628
3.955,354,1632
3.988,355,1634
3.994,356,1634
3.996,357,1634
4.003,358,1634
4.014,359,1634
4.039,360,1635
4.052,361,1635
4.069,362,1635
4.077,363,1636
4.079,364,1636
4.081,365,1636
4.087,366,1636
4.103,367,1636
4.105,368,1636
4.112,369,1638
4.116,370,1639
4.117,371,1640
4.122,372,1643
4.129,373,1643
4.138,374,1646
4.14,375,1646
4.144,376,1646
4.152,377,1646
4.155,378,1646
4.16,379,1649
4.167,380,1649
4.169,381,1649
4.17,382,1651
4.175,383,1652
4.181,384,1653
4.188,385,1653
4.193,386,1661
4.199,387,1661
4.21,388,1661
4.214,389,1661
4.227,390,1661
4.234,391,1661
4.243,392,1661
4.245,393,1661
4.253,394,1663
4.271,395,1671
4.274,396,1671
4.301,397,1671
4.327,398,1672
4.333,399,1672
4.343,400,1672
4.348,401,1673
4.372,402,1674
4.403,403,1674
4.415,404,1674
4.425,405,1674
4.428,406,1674
4.45,407,1674
4.466,408,1676
4.482,409,1678
4.503,410,1678
4.508,411,1678
4.528,412,1680
4.546,413,1685
4.549,414,1688
4.552,415,1689
4.577,416,1689
4.595,417,1690
4.612,418,1690
4.615,419,1693
4.618,420,1695
4.629,421,1695
4.647,422,1695
4.669,423,1695
4.684,424,1695
4.688,425,1695
4.69,426,1703
4.714,427,1704
4.726,428,1705
4.766,429,1705
4.8,430,1705
4.805,431,1706
4.817,432,1706
4.826,433,1706
4.829,434,1706
4.834,435,1707
4.837,436,1708
4.842,437,1709
4.849,438,1711
4.861,439,1711
4.87,440,1711
4.872,441,1711
4.886,442,1711
4.891,443,1711
4.912,444,1712
4.914,445,1712
4.923,446,1713
4.93,447,1713
4.931,448,1713
4.966,449,1713
4.977,450,1713
4.984,451,1714
5.009,452,1714
5.012,453,1715
5.026,454,1715
5.032,455,1715
5.055,456,1715
5.057,457,1716
5.062,458,1720
5.096,459,1720
5.097,460,1722
5.106,461,1723
5.119,462,1725
5.13,463,1726
5.155,464,1726
5.186,465,1726
5.192,466,1726
5.2,467,1726
5.203,468,1726
5.208,469,1726
5.218,470,1726
5.22,471,1726
5.228,472,1726
5.25,473,1726
5.265,474,1726
5.274,475,1727
5.282,476,1727
5.299,477,1727
5.303,478,1728
5.322,479,1728
5.323,480,1728
5.352,481,1728
5.401,482,1728
5.436,483,1728
5.444,484,1728
5.453,485,1728
5.455,486,1728
5.5,487,1728
5.56,488,1733
5.592,489,1733
5.612,490,1733
5.616,491,1733
5.62,492,1736
5.634,493,1736
5.639,494,1737
5.645,495,1737
5.676,496,1737
5.694,497,1737
5.731,498,1737
5.742,499,1737
5.76,500,1738
5.798,501,1738
5.803,502,1738
5.805,503,1738
5.816,504,1738
5.82,505,1738
5.856,506,1738
5.871,507,1738
5.884,508,1740
5.892,509,1741
5.899,510,1741
5.928,511,1741
5.937,512,1741
5.942,513,1741
5.968,514,1741
6.005,515,1741
6.009,516,1741
6.01,517,1741
6.054,518,1743
6.088,519,1744
6.096,520,1745
6.098,521,1745
6.101,522,1745
6.112,523,1745
6.123,524,1746
6.146,525,1746
6.159,526,1747
6.17,527,1747
6.177,528,1747
6.187,529,1750
6.196,530,1750
6.2,531,1750
6.201,532,1750
6.204,533,1793
6.229,534,1793
6.245,535,1793
6.321,536,1793
6.325,537,1793
6.34,538,1794
6.341,539,1794
6.378,540,1804
6.4,541,1804
6.408,542,1804
6.418,543,1815
6.423,544,1815
6.443,545,1815
6.462,546,1816
6.478,547,1816
6.524,548,1816
6.542,549,1816
6.548,550,1816
6.554,551,1816
6.567,552,1816
6.582,553,1816
6.596,554,1817
6.628,555,1817
6.633,556,1818
6.665,557,1818
6.681,558,1818
6.707,559,1822
6.746,560,1822
6.752,561,1828
6.787,562,1828
6.796,563,1828
6.807,564,1828
6.81,565,1828
6.812,566,1828
6.824,567,1828
6.832,568,1828
6.851,569,1828
6.866,570,1828
6.917,571,1828
6.929,572,1828
6.934,573,1828
6.941,574,1829
6.959,575,1829
7.0,576,1830
7.038,577,1830
7.068,578,1830
7.091,579,1830
7.102,580,1831
7.121,581,1832
7.128,582,1832
7.178,583,1832
7.205,584,1832
7.276,585,1832
7.293,586,1832
7.327,587,1834
7.402,588,1835
7.438,589,1836
7.455,590,1836
7.526,591,1836
7.534,592,1836
7.536,593,1836
7.557,594,1839
7.562,595,1840
7.567,596,1840
7.585,597,1840
7.595,598,1840
7.615,599,1843
7.629,600,1843
7.683,601,1843
7.704,602,1843
7.715,603,1844
7.728,604,1844
7.771,605,1844
7.776,606,1847
7.782,607,1847
7.81,608,1847
7.894,609,1852
7.903,610,1852
8.001,611,1852
8.034,612,1852
8.037,613,1852
8.052,614,1852
8.075,615,1852
8.141,616,1852
8.2,617,1852
8.218,618,1852
8.23,619,1852
8.244,620,1852
8.259,621,1853
8.264,622,1853
8.314,623,1853
8.353,624,1853
8.381,625,1853
8.411,626,1854
8.429,627,1854
8.44,628,1854
8.443,629,1855
8.487,630,1855
8.492,631,1856
8.504,632,1856
8.506,633,1856
8.518,634,1856
8.736,635,1857
8.759,636,1857
8.856,637,1857
8.881,638,1860
8.907,639,1860
8.923,640,1860
8.926,641,1860
8.972,642,1860
9.025,643,1860
9.055,644,1860
9.069,645,1860
9.128,646,1860
9.182,647,1860
9.203,648,1863
9.236,649,1863
9.238,650,1863
9.259,651,1863
9.279,652,1863
9.285,653,1863
9.292,654,1863
9.319,655,1863
9.362,656,1863
9.378,657,1864
9.402,658,1864
9.405,659,1865
9.462,660,1865
9.472,661,1865
9.523,662,1865
9.542,663,1865
9.575,664,1865
9.642,665,1866
9.674,666,1866
9.706,667,1866
9.732,668,1867
9.861,669,1870
9.864,670,1871
9.867,671,1872
9.87,672,1872
9.873,673,1872
9.878,674,1873
9.881,675,1878
9.888,676,1878
9.892,677,1878
9.907,678,1879
9.911,679,1879
9.923,680,1879
9.931,681,1879
9.932,682,1879
9.935,683,1879
9.951,684,1880
9.972,685,1880
9.983,686,1880
9.988,687,1881
9.996,688,1881
10.002,689,1883
10.005,690,1883
10.016,691,1883
10.021,692,1884
10.022,693,1885
10.024,694,1885
10.097,695,1885
10.158,696,1885
10.161,697,1887
10.17,698,1887
10.188,699,1887
10.195,700,1891
10.207,701,1891
10.233,702,1891
10.256,703,1891
10.286,704,1891
10.341,705,1892
10.359,706,1892
10.367,707,1892
10.398,708,1892
10.409,709,1893
10.425,710,1893
10.435,711,1893
10.46,712,1894
10.48,713,1894
10.498,714,1897
10.5,715,1897
10.501,716,1897
10.529,717,1897
10.544,718,1899
10.571,719,1899
10.584,720,1899
10.617,721,1899
10.627,722,1899
10.638,723,1899
10.651,724,1899
10.672,725,1900
10.673,726,1900
10.701,727,1900
10.704,728,1900
10.735,729,1900
10.747,730,1900
10.753,731,1900
10.767,732,1900
10.781,733,1900
10.801,734,1900
10.823,735,1900
10.847,736,1900
10.852,737,1900
10.865,738,1900
10.875,739,1900
10.895,740,1900
10.929,741,1901
10.936,742,1901
10.945,743,1901
10.947,744,1903
10.958,745,1903
10.96,746,1903
10.967,747,1903
10.971,748,1903
10.979,749,1903
10.995,750,1903
10.999,751,1903
11.002,752,1903
11.004,753,1903
11.014,754,1903
11.018,755,1903
11.026,756,1903
11.034,757,1903
11.047,758,1904
11.053,759,1904
11.057,760,1905
11.066,761,1905
11.074,762,1905
11.089,763,1905
11.092,764,1905
11.093,765,1905
11.107,766,1908
11.114,767,1908
11.117,768,1908
11.121,769,1908
11.14,770,1908
11.142,771,1908
11.156,772,1908
11.16,773,1908
11.163,774,1908
11.169,775,1908
11.175,776,1908
11.186,777,1908
11.192,778,1908
11.204,779,1908
11.21,780,1909
11.222,781,1909
11.225,782,1909
11.236,783,1909
11.24,784,1909
11.244,785,1909
11.253,786,1909
11.264,787,1909
11.274,788,1909
11.297,789,1909
11.299,790,1909
11.311,791,1909
11.33,792,1909
11.332,793,1909
11.346,794,1909
11.349,795,1909
11.354,796,1910
11.376,797,1910
11.381,798,1910
11.402,799,1910
11.413,800,1910
11.415,801,1910
11.435,802,1911
11.473,803,1911
11.491,804,1912
11.501,805,1912
11.508,806,1912
11.522,807,1912
11.539,808,1912
11.61,809,1912
11.639,810,1912
11.643,811,1912
11.646,812,1913
11.657,813,1913
11.681,814,1913
11.682,815,1914
11.697,816,1914
11.703,817,1916
11.717,818,1916
11.751,819,1917
11.783,820,1917
11.788,821,1930
11.794,822,1930
11.801,823,1930
11.819,824,1930
11.876,825,1930
11.886,826,1931
11.893,827,1933
11.899,828,1933
11.924,829,1933
11.935,830,1954
11.947,831,1954
11.985,832,1954
11.989,833,1955
11.998,834,1955
11.999,835,1955
12.064,836,1955
12.069,837,1957
12.167,838,1957
12.169,839,1957
12.217,840,1957
12.232,841,1957
12.246,842,1957
12.262,843,1959
12.303,844,1959
12.304,845,1959
12.314,846,1959
12.322,847,1959
12.342,848,1959
12.353,849,1959
12.357,850,1959
12.363,851,1959
12.368,852,1959
12.379,853,1959
12.386,854,1959
12.408,855,1959
12.424,856,1959
12.446,857,1959
12.448,858,1959
12.45,859,1959
12.508,860,1959
12.516,861,1959
12.523,862,1959
12.546,863,1959
12.556,864,1959
12.624,865,1959
12.655,866,1959
12.704,867,1959
12.705,868,1959
12.717,869,1959
12.726,870,1959
12.738,871,1959
12.775,872,1959
12.79,873,1959
12.832,874,1961
12.841,875,1961
12.925,876,1961
12.937,877,1961
12.945,878,1962
12.968,879,1963
12.999,880,1964
13.019,881,1964
13.028,882,1964
13.087,883,1964
13.093,884,1964
13.134,885,1964
13.14,886,1964
13.16,887,1965
13.172,888,1965
13.2,889,1965
13.227,890,1966
13.239,891,1966
13.263,892,1966
13.268,893,1966
13.284,894,1966
13.29,895,1966
13.316,896,1966
13.33,897,1966
13.384,898,1966
13.393,899,1966
13.395,900,1966
13.41,901,1966
13.423,902,1966
13.438,903,1966
13.452,904,1966
13.472,905,1966
13.537,906,1966
13.549,907,1966
13.577,908,1966
13.581,909,1966
13.63,910,1966
13.65,911,1966
13.716,912,1966
13.775,913,1966
13.784,914,1966
13.827,915,1966
13.891,916,1966
13.905,917,1966
13.919,918,1966
13.941,919,1966
13.969,920,1966
13.993,921,1966
14.014,922,1966
14.055,923,1966
14.061,924,1966
14.082,925,1966
14.091,926,1966
14.146,927,1967
14.172,928,1969
14.188,929,1969
14.198,930,1969
14.223,931,1969
14.228,932,1969
14.321,933,1969
14.366,934,1969
14.381,935,1969
14.385,936,1969
14.403,937,1969
14.484,938,1969
14.549,939,1969
14.566,940,1970
14.671,941,1970
14.679,942,1970
14.725,943,1970
14.778,944,1970
14.856,945,1970
14.906,946,1970
14.923,947,1970
14.979,948,1970
15.04,949,1970
15.082,950,1970
15.087,951,1970
15.097,952,1970
15.17,953,1970
15.181,954,1970
15.345,955,1970
15.366,956,1971
15.395,957,1971
15.46,958,1971
15.501,959,1971
15.685,960,1971
15.777,961,1971
15.871,962,1971
15.886,963,1977
15.898,964,1977
15.902,965,1977
15.92,966,1977
15.926,967,1977
15.927,968,1977
15.929,969,1977
15.947,970,1977
15.954,971,1977
15.956,972,1977
15.971,973,1977
15.983,974,1978
15.988,975,1978
16.012,976,1978
16.014,977,1978
16.04,978,1978
16.045,979,1978
16.058,980,1978
16.085,981,1978
16.101,982,1978
16.104,983,1978
16.11,984,1978
16.126,985,1978
16.134,986,1979
16.16,987,1979
16.174,988,1979
16.196,989,1979
16.215,990,1979
16.227,991,1980
16.247,992,1980
16.264,993,1980
16.273,994,1980
16.278,995,1980
16.293,996,1980
16.299,997,1980
16.305,998,1980
16.314,999,1981
16.335,1000,1981
16.353,1001,1981
16.365,1002,1981
16.384,1003,1981
16.393,1004,1981
16.44,1005,1981
16.45,1006,1982
16.463,1007,1982
16.513,1008,1982
16.524,1009,1982
16.549,1010,1982
16.574,1011,1984
16.611,1012,1984
16.628,1013,1984
16.636,1014,1984
16.677,1015,1984
16.686,1016,1984
16.77,1017,1984
16.788,1018,1984
16.807,1019,1984
16.861,1020,1984
16.886,1021,1984
16.901,1022,1984
16.917,1023,1984
16.946,1024,1984
16.964,1025,1984
16.973,1026,1984
16.983,1027,1999
16.994,1028,1999
17.029,1029,2003
17.078,1030,2003
17.091,1031,2003
17.134,1032,2003
17.137,1033,2003
17.175,1034,2004
17.208,1035,2004
17.233,1036,2004
17.243,1037,2004
17.271,1038,2004
17.276,1039,2004
17.368,1040,2004
17.389,1041,2004
17.421,1042,2004
17.44,1043,2004
17.444,1044,2004
17.469,1045,2005
17.525,1046,2006
17.536,1047,2006
17.549,1048,2006
17.572,1049,2006
17.574,1050,2006
17.612,1051,2006
17.667,1052,2006
17.702,1053,2006
17.716,1054,2006
17.758,1055,2006
17.783,1056,2006
17.813,1057,2006
17.842,1058,2006
17.861,1059,2008
17.907,1060,2008
17.917,1061,2008
17.924,1062,2008
17.947,1063,2008
18.0,1064,2008
18.006,1065,2008
18.029,1066,2008
18.031,1067,2008
18.05,1068,2012
18.094,1069,2012
18.147,1070,2012
18.171,1071,2012
18.248,1072,2012
18.254,1073,2012
18.295,1074,2018
18.306,1075,2018
18.312,1076,2018
18.384,1077,2018
18.393,1078,2018
18.418,1079,2018
18.424,1080,2018
18.462,1081,2018
18.516,1082,2018
18.531,1083,2018
18.588,1084,2018
18.612,1085,2018
18.831,1086,2018
18.858,1087,2019
18.888,1088,2019
18.893,1089,2019
18.951,1090,2019
18.996,1091,2019
19.061,1092,2019
19.111,1093,2021
19.12,1094,2021
19.15,1095,2021
19.306,1096,2021
19.313,1097,2021
19.32,1098,2021
19.327,1099,2021
19.391,1100,2021
19.435,1101,2021
19.444,1102,2021
19.508,1103,2021
19.527,1104,2021
19.608,1105,2022
19.627,1106,2022
19.683,1107,2022
19.693,1108,2022
19.712,1109,2022
19.736,1110,2022
19.753,1111,2024
19.788,1112,2030
19.84,1113,2031
19.887,1114,2032
19.929,1115,2032
19.933,1116,2034
19.937,1117,2034
19.939,1118,2034
19.979,1119,2034
20.038,1120,2035
20.046,1121,2035
20.048,1122,2035
20.053,1123,2035
20.061,1124,2035
20.069,1125,2035
20.072,1126,2035
20.082,1127,2035
20.087,1128,2035
20.099,1129,2037
20.105,1130,2038
20.118,1131,2039
20.123,1132,2039
20.125,1133,2039
20.138,1134,2039
20.15,1135,2039
20.166,1136,2039
20.17,1137,2039
20.176,1138,2040
20.181,1139,2040
20.19,1140,2040
20.208,1141,2040
20.22,1142,2040
20.25,1143,2040
20.254,1144,2040
20.265,1145,2040
20.274,1146,2040
20.296,1147,2040
20.305,1148,2042
20.321,1149,2042
20.339,1150,2042
20.343,1151,2042
20.35,1152,2042
20.356,1153,2044
20.362,1154,2056
20.379,1155,2057
20.397,1156,2057
20.438,1157,2057
20.454,1158,2057
20.459,1159,2057
20.476,1160,2057
20.491,1161,2057
20.507,1162,2057
20.558,1163,2057
20.565,1164,2057
20.591,1165,2057
20.596,1166,2057
20.618,1167,2058
20.627,1168,2058
20.649,1169,2058
20.651,1170,2058
20.793,1171,2058
20.796,1172,2058
20.84,1173,2058
20.851,1174,2058
20.853,1175,2058
20.882,1176,2058
20.895,1177,2058
20.924,1178,2058
20.931,1179,2058
20.947,1180,2060
20.965,1181,2060
20.975,1182,2060
21.017,1183,2060
21.053,1184,2060
21.054,1185,2060
21.087,1186,2060
21.108,1187,2060
21.115,1188,2060
21.121,1189,2060
21.213,1190,2061
21.248,1191,2061
21.272,1192,2061
21.312,1193,2061
21.354,1194,2061
21.401,1195,2061
21.434,1196,2061
21.456,1197,2061
21.474,1198,2061
21.488,1199,2061
21.543,1200,2061
21.573,1201,2061
21.64,1202,2061
21.654,1203,2061
21.687,1204,2061
21.693,1205,2061
21.714,1206,2061
21.717,1207,2061
21.724,1208,2061
21.795,1209,2062
21.798,1210,2062
21.875,1211,2062
21.931,1212,2062
21.935,1213,2062
21.951,1214,2062
22.023,1215,2064
22.038,1216,2064
22.068,1217,2064
22.072,1218,2064
22.078,1219,2066
22.085,1220,2066
22.102,1221,2066
22.119,1222,2067
22.144,1223,2067
22.201,1224,2067
22.329,1225,2067
22.334,1226,2067
22.39,1227,2067
22.414,1228,2067
22.536,1229,2067
22.549,1230,2067
22.554,1231,2067
22.562,1232,2067
22.594,1233,2067
22.603,1234,2067
22.686,1235,2068
22.707,1236,2068
22.713,1237,2070
22.719,1238,2070
22.729,1239,2070
22.801,1240,2070
22.844,1241,2070
22.896,1242,2070
22.959,1243,2071
22.974,1244,2075
23.042,1245,2075
23.089,1246,2075
23.104,1247,2075
23.117,1248,2075
23.154,1249,2076
23.16,1250,2082
23.165,1251,2082
23.229,1252,2082
23.241,1253,2082
23.254,1254,2082
23.323,1255,2082
23.345,1256,2082
23.389,1257,2083
23.695,1258,2083
23.723,1259,2083
23.74,1260,2083
23.831,1261,2084
23.852,1262,2084
23.884,1263,2084
23.965,1264,2084
24.016,1265,2084
24.03,1266,2084
24.043,1267,2084
24.069,1268,2085
24.073,1269,2085
24.105,1270,2085
24.141,1271,2085
24.242,1272,2085
24.259,1273,2085
24.276,1274,2085
24.31,1275,2085
24.313,1276,2085
24.415,1277,2086
24.454,1278,2086
24.496,1279,2086
24.506,1280,2086
24.546,1281,2086
24.549,1282,2086
24.566,1283,2086
24.604,1284,2086
24.636,1285,2086
24.639,1286,2086
24.65,1287,2086
24.829,1288,2086
24.879,1289,2086
24.891,1290,2086
25.193,1291,2086
25.204,1292,2086
25.262,1293,2086
25.335,1294,2086
25.38,1295,2086
25.388,1296,2086
25.584,1297,2086
25.684,1298,2086
25.76,1299,2086
25.788,1300,2086
25.812,1301,2086
25.86,1302,2086
25.982,1303,2086
25.99,1304,2086
26.115,1305,2086
26.206,1306,2086
26.273,1307,2086
26.303,1308,2086
26.381,1309,2086
26.442,1310,2086
26.447,1311,2086
26.456,1312,2086
26.472,1313,2086
26.481,1314,2086
26.493,1315,2086
26.51,1316,2086
26.653,1317,2086
26.665,1318,2087
26.678,1319,2087
26.688,1320,2087
26.703,1321,2087
26.714,1322,2087
26.729,1323,2087
26.781,1324,2087
26.813,1325,2095
26.87,1326,2095
26.887,1327,2095
26.909,1328,2095
26.933,1329,2095
26.94,1330,2096
26.958,1331,2096
26.967,1332,2096
27.045,1333,2096
27.072,1334,2096
27.112,1335,2096
27.243,1336,2096
27.254,1337,2096
27.398,1338,2096
27.455,1339,2097
27.566,1340,2097
27.831,1341,2097
27.862,1342,2097
27.979,1343,2097
27.997,1344,2097
28.126,1345,2097
28.197,1346,2097
28.856,1347,2097
28.873,1348,2097
28.946,1349,2097
29.006,1350,2098
29.062,1351,2098
29.246,1352,2100
29.31,1353,2100
29.448,1354,2100
29.58,1355,2100
29.668,1356,2100
30.048,1357,2100
30.056,1358,2100
30.073,1359,2100
30.261,1360,2100
30.277,1361,2102
30.321,1362,2102
30.415,1363,2129
30.434,1364,2144
30.437,1365,2145
30.492,1366,2145
30.514,1367,2148
30.604,1368,2156
30.605,1369,2156
30.635,1370,2157
30.653,1371,2157
30.671,1372,2157
30.746,1373,2157
30.748,1374,2203
30.763,1375,2203
30.779,1376,2203
30.811,1377,2205
30.834,1378,2205
30.845,1379,2288
30.881,1380,2288
30.94,1381,2288
30.985,1382,2293
31.067,1383,2311
31.105,1384,2321
31.146,1385,2322
31.276,1386,2322
31.324,1387,2324
31.332,1388,2326
31.373,1389,2332
31.444,1390,2332
31.604,1391,2332
31.81,1392,2332
31.814,1393,2339
31.861,1394,2339
32.029,1395,2339
32.09,1396,2339
32.131,1397,2342
32.435,1398,2342
32.455,1399,2342
32.639,1400,2342
32.652,1401,2342
32.994,1402,2342
33.327,1403,2342
33.365,1404,2346
33.592,1405,2364
33.825,1406,2386
33.886,1407,2386
34.194,1408,2386
34.296,1409,2386
34.302,1410,2392
34.34,1411,2392
34.344,1412,2393
34.357,1413,2393
34.36,1414,2393
34.377,1415,2393
34.404,1416,2393
34.456,1417,2393
34.561,1418,2393
34.577,1419,2393
34.606,1420,2393
34.645,1421,2393
34.672,1422,2393
34.695,1423,2393
34.847,1424,2393
34.884,1425,2393
34.927,1426,2393
34.991,1427,2393
35.091,1428,2393
35.179,1429,2393
35.269,1430,2393
35.336,1431,2394
35.477,1432,2394
35.559,1433,2394
35.648,1434,2394
36.079,1435,2394
36.253,1436,2394
36.463,1437,2396
36.475,1438,2401
36.518,1439,2401
36.519,1440,2403
36.702,1441,2403
36.708,1442,2403
36.712,1443,2403
36.723,1444,2403
36.732,1445,2403
36.779,1446,2403
36.78,1447,2408
36.782,1448,2409
36.79,1449,2409
36.798,1450,2418
36.802,1451,2418
36.804,1452,2418
36.816,1453,2419
36.837,1454,2419
36.845,1455,2421
36.877,1456,2422
36.897,1457,2422
36.899,1458,2422
36.907,1459,2422
36.909,1460,2422
36.913,1461,2422
36.919,1462,2423
36.925,1463,2423
36.942,1464,2423
36.944,1465,2423
36.951,1466,2423
36.957,1467,2423
36.968,1468,2423
37.01,1469,2424
37.039,1470,2424
37.063,1471,2424
37.087,1472,2424
37.098,1473,2424
37.111,1474,2424
37.117,1475,2424
37.141,1476,2424
37.17,1477,2424
37.199,1478,2425
37.271,1479,2425
37.296,1480,2425
37.338,1481,2425
37.343,1482,2425
37.372,1483,2426
37.4,1484,2426
37.439,1485,2426
37.563,1486,2426
37.578,1487,2426
37.726,1488,2426
37.819,1489,2426
37.862,1490,2426
37.871,1491,2426
38.047,1492,2427
38.149,1493,2427
38.161,1494,2428
38.233,1495,2429
38.407,1496,2429
38.512,1497,2429
38.615,1498,2429
38.7,1499,2429
38.753,1500,2430
38.811,1501,2430
38.915,1502,2430
38.977,1503,2430
39.018,1504,2430
39.297,1505,2431
39.589,1506,2433
39.599,1507,2433
39.725,1508,2433
39.879,1509,2433
40.031,1510,2433
40.093,1511,2433
40.271,1512,2433
40.316,1513,2433
40.36,1514,2433
40.374,1515,2433
40.375,1516,2439
40.457,1517,2439
40.517,1518,2440
40.626,1519,2440
40.699,1520,2440
40.826,1521,2440
40.83,1522,2440
40.932,1523,2440
41.138,1524,2440
41.25,1525,2440
41.286,1526,2441
41.349,1527,2441
41.355,1528,2441
41.802,1529,2441
42.061,1530,2442
42.062,1531,2443
42.063,1532,2443
42.063,1533,2444
42.064,1534,2444
42.065,1535,2444
42.069,1536,2449
42.072,1537,2451
42.073,1538,2453
42.081,1539,2453
42.084,1540,2453
42.086,1541,2453
42.088,1542,2459
42.091,1543,2459
42.095,1544,2459
42.096,1545,2460
42.097,1546,2461
42.111,1547,2462
42.116,1548,2463
42.123,1549,2478
42.129,1550,2479
42.136,1551,2480
42.172,1552,2480
42.175,1553,2480
42.176,1554,2480
42.178,1555,2481
42.181,1556,2481
42.183,1557,2481
42.187,1558,2482
42.192,1559,2482
42.195,1560,2482
42.197,1561,2482
42.213,1562,2482
42.223,1563,2482
42.225,1564,2485
42.232,1565,2485
42.234,1566,2485
42.235,1567,2486
42.242,1568,2486
42.244,1569,2487
42.261,1570,2488
42.284,1571,2488
42.296,1572,2488
42.297,1573,2489
42.3,1574,2490
42.303,1575,2490
42.304,1576,2490
42.313,1577,2490
42.322,1578,2490
42.333,1579,2490
42.342,1580,2490
42.368,1581,2490
42.385,1582,2491
42.4,1583,2491
42.401,1584,2496
42.422,1585,2496
42.423,1586,2496
42.426,1587,2496
42.438,1588,2497
42.445,1589,2499
42.451,1590,2499
42.481,1591,2499
42.525,1592,2503
42.55,1593,2503
42.568,1594,2503
42.605,1595,2503
42.637,1596,2503
42.65,1597,2503
42.656,1598,2503
42.7,1599,2503
42.702,1600,2503
42.79,1601,2503
42.889,1602,2503
42.899,1603,2504
42.948,1604,2504
43.007,1605,2504
43.079,1606,2506
43.102,1607,2506
43.232,1608,2506
43.312,1609,2506
43.421,1610,2506
43.429,1611,2506
43.573,1612,2506
43.592,1613,2506
43.623,1614,2506
43.7,1615,2506
43.73,1616,2506
43.838,1617,2511
43.949,1618,2511
44.067,1619,2511
44.21,1620,2512
44.222,1621,2512
44.335,1622,2514
44.388,1623,2514
44.782,1624,2514
45.14,1625,2514
45.855,1626,2515
45.907,1627,2518
46.281,1628,2518
46.38,1629,2520
46.518,1630,2520
46.563,1631,2521
46.564,1632,2521
46.703,1633,2521
46.748,1634,2523
46.759,1635,2523
46.79,1636,2523
46.808,1637,2523
47.238,1638,2523
47.307,1639,2523
47.355,1640,2523
47.367,1641,2523
47.572,1642,2523
47.626,1643,2523
47.727,1644,2523
47.751,1645,2523
47.771,1646,2523
47.79,1647,2523
47.842,1648,2529
47.989,1649,2529
48.102,1650,2529
48.113,1651,2529
48.266,1652,2531
48.272,1653,2537
48.424,1654,2537
48.445,1655,2537
48.556,1656,2537
48.965,1657,2537
49.058,1658,2538
49.12,1659,2538
49.327,1660,2538
49.46,1661,2538
49.628,1662,2538
49.708,1663,2538
49.71,1664,2538
49.743,1665,2541
49.75,1666,2541
49.76,1667,2547
49.77,1668,2549
49.773,1669,2550
49.793,1670,2550
49.797,1671,2551
49.798,1672,2554
49.825,1673,2560
49.828,1674,2560
49.833,1675,2565
49.856,1676,2566
49.861,1677,2569
49.875,1678,2576
49.88,1679,2576
49.925,1680,2576
49.946,1681,2577
49.948,1682,2579
49.952,1683,2581
49.996,1684,2584
50.018,1685,2585
50.042,1686,2586
50.047,1687,2587
50.06,1688,2589
50.073,1689,2595
50.078,1690,2595
50.108,1691,2600
50.132,1692,2600
50.192,1693,2600
50.21,1694,2600
50.261,1695,2601
50.33,1696,2602
50.346,1697,2602
50.413,1698,2602
50.48,1699,2609
50.495,1700,2611
50.578,1701,2611
50.596,1702,2612
50.644,1703,2612
50.732,1704,2612
50.734,1705,2612
50.748,1706,2614
50.75,1707,2615
50.767,1708,2615
50.825,1709,2616
50.851,1710,2616
51.098,1711,2617
51.128,1712,2619
51.173,1713,2619
51.193,1714,2621
51.203,1715,2626
51.247,1716,2626
51.308,1717,2627
51.315,1718,2627
51.375,1719,2627
51.394,1720,2627
51.398,1721,2627
51.509,1722,2627
51.841,1723,2629
51.858,1724,2630
52.933,1725,2630
53.195,1726,2630
53.29,1727,2630
53.689,1728,2630
53.718,1729,2630
54.141,1730,2635
54.299,1731,2635
54.303,1732,2635
54.445,1733,2635
54.81,1734,2635
54.811,1735,2642
54.819,1736,2642
54.82,1737,2646
54.824,1738,2646
54.827,1739,2647
54.839,1740,2648
54.84,1741,2651
54.842,1742,2658
54.848,1743,2662
54.854,1744,2662
54.86,1745,2663
54.866,1746,2664
54.887,1747,2664
54.911,1748,2665
54.922,1749,2665
54.934,1750,2665
54.946,1751,2666
54.952,1752,2667
54.971,1753,2669
55.001,1754,2669
55.008,1755,2669
55.015,1756,2669
55.024,1757,2670
55.038,1758,2670
55.071,1759,2671
55.099,1760,2672
55.112,1761,2673
55.113,1762,2676
55.116,1763,2676
55.123,1764,2676
55.131,1765,2676
55.14,1766,2676
55.141,1767,2676
55.166,1768,2676
55.209,1769,2676
55.212,1770,2676
55.235,1771,2677
55.281,1772,2677
55.351,1773,2677
55.374,1774,2677
55.418,1775,2678
55.462,1776,2678
55.475,1777,2678
55.504,1778,2678
55.51,1779,2678
55.516,1780,2678
55.534,1781,2678
55.65,1782,2679
55.671,1783,2679
55.677,1784,2679
55.727,1785,2679
55.758,1786,2680
55.764,1787,2680
55.94,1788,2681
55.943,1789,2682
55.952,1790,2682
56.005,1791,2682
56.14,1792,2682
56.157,1793,2682
56.231,1794,2682
56.363,1795,2682
56.37,1796,2683
56.408,1797,2683
56.412,1798,2683
56.595,1799,2683
56.599,1800,2684
56.612,1801,2684
56.628,1802,2685
56.655,1803,2688
56.678,1804,2689
56.74,1805,2689
56.76,1806,2691
56.765,1807,2692
56.773,1808,2692
56.833,1809,2692
56.847,1810,2694
56.854,1811,2694
56.878,1812,2695
56.902,1813,2695
56.965,1814,2695
57.0,1815,2695
57.016,1816,2696
57.045,1817,2697
57.072,1818,2698
57.103,1819,2698
57.128,1820,2699
57.136,1821,2701
57.152,1822,2701
57.225,1823,2701
57.27,1824,2715
57.28,1825,2715
57.337,1826,2715
57.384,1827,2716
57.452,1828,2716
57.465,1829,2720
57.502,1830,2720
57.561,1831,2720
57.605,1832,2720
57.631,1833,2721
57.645,1834,2721
57.65,1835,2722
57.663,1836,2722
57.664,1837,2722
57.669,1838,2722
57.675,1839,2722
57.685,1840,2722
57.69,1841,2724
57.723,1842,2725
57.727,1843,2726
57.731,1844,2727
57.788,1845,2728
57.822,1846,2729
57.835,1847,2729
57.841,1848,2729
57.862,1849,2729
57.883,1850,2730
57.89,1851,2732
57.9,1852,2732
57.904,1853,2733
57.916,1854,2739
57.945,1855,2739
57.95,1856,2739
57.997,1857,2741
58.006,1858,2741
58.049,1859,2741
58.059,1860,2741
58.065,1861,2742
58.074,1862,2742
58.111,1863,2742
58.139,1864,2742
58.192,1865,2744
58.202,1866,2745
58.221,1867,2745
58.238,1868,2745
58.255,1869,2745
58.308,1870,2745
58.346,1871,2745
58.352,1872,2745
58.353,1873,2745
58.382,1874,2745
58.427,1875,2745
58.439,1876,2745
58.515,1877,2745
58.522,1878,2745
58.544,1879,2745
58.549,1880,2745
58.589,1881,2746
58.664,1882,2746
58.669,1883,2746
58.76,1884,2747
58.766,1885,2747
58.768,1886,2747
58.773,1887,2747
58.807,1888,2747
58.831,1889,2747
58.86,1890,2747
58.913,1891,2747
58.935,1892,2749
58.994,1893,2749
59.037,1894,2751
59.052,1895,2751
59.083,1896,2752
59.189,1897,2752
59.253,1898,2752
59.282,1899,2752
59.414,1900,2752
59.421,1901,2752
59.423,1902,2752
59.513,1903,2752
59.629,1904,2752
59.663,1905,2752
59.667,1906,2752
59.72,1907,2752
59.725,1908,2752
59.777,1909,2756
59.796,1910,2756
59.824,1911,2756
59.873,1912,2756
59.968,1913,2756
59.987,1914,2768
60.025,1915,2768
60.051,1916,2768
60.056,1917,2772
60.112,1918,2772
60.135,1919,2772
61.318,1920,2772
61.332,1921,2772
61.364,1922,2772
61.377,1923,2773
61.388,1924,2773
61.401,1925,2773
61.421,1926,2774
61.428,1927,2774
61.439,1928,2774
61.478,1929,2774
61.49,1930,2775
61.505,1931,2776
61.543,1932,2776
61.574,1933,2776
61.598,1934,2776
61.698,1935,2776
61.706,1936,2776
61.822,1937,2776
61.833,1938,2776
61.9,1939,2776
61.914,1940,2777
62.166,1941,2777
62.359,1942,2777
62.388,1943,2777
62.395,1944,2777
62.4,1945,2777
62.427,1946,2777
62.5,1947,2777
62.748,1948,2778
62.799,1949,2778
62.874,1950,2778
62.905,1951,2778
62.961,1952,2778
63.161,1953,2778
63.175,1954,2778
63.393,1955,2778
63.51,1956,2778
64.369,1957,2778
64.378,1958,2778
64.382,1959,2778
64.393,1960,2779
64.456,1961,2779
64.494,1962,2780
64.565,1963,2780
64.573,1964,2780
64.579,1965,2780
64.846,1966,2780
64.887,1967,2780
64.92,1968,2781
64.95,1969,2781
65.073,1970,2781
65.148,1971,2781
65.161,1972,2781
65.251,1973,2781
65.291,1974,2781
66.036,1975,2781
66.078,1976,2781
66.164,1977,2781
66.395,1978,2781
66.679,1979,2781
67.805,1980,2781
68.318,1981,2781
68.321,1982,2781
68.486,1983,2781
68.737,1984,2781
68.816,1985,2781
68.927,1986,2781
68.989,1987,2781
69.016,1988,2781
69.176,1989,2781
69.703,1990,2781
70.437,1991,2781
70.952,1992,2781
71.996,1993,2781
72.059,1994,2781
72.584,1995,2781
72.596,1996,2781
72.599,1997,2781
72.607,1998,2781
72.62,1999,2781
72.626,2000,2781
72.634,2001,2781
72.677,2002,2781
72.686,2003,2781
72.705,2004,2781
72.847,2005,2782
72.874,2006,2784
72.89,2007,2784
72.906,2008,2784
72.949,2009,2785
73.028,2010,2785
73.083,2011,2785
73.115,2012,2785
73.136,2013,2785
73.179,2014,2785
73.249,2015,2785
73.261,2016,2785
73.41,2017,2785
73.427,2018,2785
73.907,2019,2785
74.113,2020,2785
74.164,2021,2787
74.242,2022,2787
74.355,2023,2787
74.572,2024,2787
74.654,2025,2787
74.674,2026,2787
74.707,2027,2787
75.044,2028,2787
75.138,2029,2789
75.209,2030,2796
75.22,2031,2797
75.338,2032,2800
76.11,2033,2800
76.163,2034,2800
76.18,2035,2801
76.183,2036,2801
76.185,2037,2802
76.205,2038,2802
76.242,2039,2802
76.245,2040,2802
76.284,2041,2802
76.29,2042,2802
76.347,2043,2803
76.348,2044,2804
76.386,2045,2804
76.477,2046,2804
76.553,2047,2806
76.614,2048,2806
76.64,2049,2806
76.736,2050,2806
76.764,2051,2806
76.775,2052,2806
76.798,2053,2806
76.847,2054,2806
76.892,2055,2806
76.914,2056,2806
76.95,2057,2806
77.051,2058,2806
77.241,2059,2806
77.259,2060,2806
77.27,2061,2806
77.283,2062,2806
77.3,2063,2806
77.332,2064,2806
77.361,2065,2806
77.465,2066,2806
77.664,2067,2806
77.672,2068,2807
77.79,2069,2807
77.906,2070,2807
78.009,2071,2807
78.295,2072,2807
78.859,2073,2808
79.096,2074,2808
79.102,2075,2808
79.122,2076,2808
79.255,2077,2808
79.26,2078,2808
79.46,2079,2808
79.535,2080,2808
79.674,2081,2808
79.717,2082,2808
79.976,2083,2808
79.982,2084,2808
80.006,2085,2808
80.428,2086,2808
80.498,2087,2808
81.437,2088,2808
81.46,2089,2808
82.353,2090,2808
82.529,2091,2808
82.54,2092,2808
82.619,2093,2808
82.979,2094,2810
83.235,2095,2810
83.879,2096,2810
83.88,2097,2810
83.908,2098,2810
84.064,2099,2811
84.342,2100,2811
84.439,2101,2811
84.482,2102,2815
84.527,2103,2815
84.555,2104,2815
84.569,2105,2815
84.582,2106,2815
84.591,2107,2816
84.743,2108,2816
84.749,2109,2816
84.83,2110,2816
84.838,2111,2816
85.539,2112,2816
85.767,2113,2816
85.931,2114,2817
85.954,2115,2817
86.57,2116,2817
86.694,2117,2817
87.846,2118,2817
87.852,2119,2817
87.878,2120,2817
87.879,2121,2817
87.881,2122,2817
87.909,2123,2817
87.994,2124,2817
87.999,2125,2818
88.21,2126,2818
88.235,2127,2819
88.267,2128,2820
88.281,2129,2820
88.607,2130,2820
88.891,2131,2820
88.931,2132,2820
88.955,2133,2820
88.96,2134,2820
89.074,2135,2820
89.479,2136,2820
89.486,2137,2820
89.491,2138,2820
89.655,2139,2820
89.693,2140,2820
89.775,2141,2820
89.789,2142,2820
89.83,2143,2820
90.403,2144,2820
90.5,2145,2820
90.781,2146,2820
90.931,2147,2820
91.144,2148,2820
91.145,2149,2820
91.169,2150,2820
91.186,2151,2820
91.236,2152,2821
91.273,2153,2821
91.478,2154,2826
91.978,2155,2826
92.284,2156,2826
92.383,2157,2826
92.385,2158,2826
92.453,2159,2826
94.052,2160,2826
94.397,2161,2826
94.4,2162,2826
94.482,2163,2826
94.516,2164,2826
94.822,2165,2826
94.831,2166,2827
96.051,2167,2827
96.072,2168,2831
96.14,2169,2832
96.143,2170,2832
96.199,2171,2832
96.385,2172,2832
96.477,2173,2832
96.479,2174,2832
96.569,2175,2832
96.579,2176,2832
96.591,2177,2832
96.592,2178,2832
96.601,2179,2832
96.638,2180,2832
96.686,2181,2832
96.702,2182,2832
96.704,2183,2832
96.731,2184,2832
96.937,2185,2832
96.97,2186,2832
97.535,2187,2832
97.63,2188,2833
97.664,2189,2833
97.705,2190,2833
97.827,2191,2846
98.089,2192,2846
98.094,2193,2846
98.295,2194,2846
98.298,2195,2846
98.304,2196,2846
98.312,2197,2846
98.32,2198,2846
98.38,2199,2846
98.418,2200,2846
98.469,2201,2846
98.498,2202,2846
98.528,2203,2846
98.537,2204,2846
98.636,2205,2846
98.726,2206,2846
98.797,2207,2846
98.811,2208,2846
98.887,2209,2846
98.891,2210,2846
99.266,2211,2846
99.319,2212,2846
99.327,2213,2846
99.684,2214,2846
100.35,2215,2846
100.672,2216,2846
100.918,2217,2846
100.942,2218,2847
101.012,2219,2847
101.038,2220,2847
101.244,2221,2848
101.391,2222,2849
101.927,2223,2849
101.973,2224,2849
102.01,2225,2849
102.058,2226,2849
102.202,2227,2849
102.22,2228,2850
102.32,2229,2851
102.443,2230,2851
102.475,2231,2851
102.646,2232,2851
103.32,2233,2851
103.333,2234,2851
103.509,2235,2851
103.511,2236,2851
103.529,2237,2851
103.531,2238,2851
103.556,2239,2851
103.561,2240,2851
103.564,2241,2851
103.59,2242,2851
103.597,2243,2851
103.6,2244,2851
103.644,2245,2851
103.664,2246,2851
103.71,2247,2851
103.827,2248,2851
103.866,2249,2851
103.908,2250,2851
103.924,2251,2851
103.953,2252,2851
103.966,2253,2851
104.089,2254,2852
104.355,2255,2852
104.377,2256,2852
104.512,2257,2852
104.625,2258,2852
104.693,2259,2852
104.701,2260,2852
104.764,2261,2852
104.786,2262,2852
104.852,2263,2852
105.164,2264,2853
105.177,2265,2853
105.261,2266,2853
105.327,2267,2853
105.868,2268,2854
105.944,2269,2854
106.226,2270,2854
106.251,2271,2854
106.272,2272,2854
106.295,2273,2854
106.303,2274,2854
106.468,2275,2856
106.478,2276,2857
106.552,2277,2857
106.673,2278,2857
106.689,2279,2857
106.896,2280,2857
107.194,2281,2857
107.347,2282,2858
109.489,2283,2858
109.807,2284,2858
109.81,2285,2859
109.814,2286,2860
109.822,2287,2860
109.829,2288,2860
109.889,2289,2861
109.937,2290,2861
109.972,2291,2862
110.126,2292,2862
110.223,2293,2863
110.992,2294,2863
111.641,2295,2863
111.662,2296,2863
111.868,2297,2863
111.953,2298,2863
111.964,2299,2863
111.973,2300,2863
111.975,2301,2863
111.982,2302,2863
112.051,2303,2863
112.321,2304,2863
113.22,2305,2863
113.44,2306,2863
113.449,2307,2863
113.461,2308,2864
114.068,2309,2864
114.291,2310,2864
115.437,2311,2864
115.456,2312,2864
115.592,2313,2864
115.595,2314,2864
115.631,2315,2866
115.659,2316,2866
115.699,2317,2866
115.703,2318,2866
116.262,2319,2866
116.445,2320,2866
116.586,2321,2866
117.427,2322,2866
117.724,2323,2866
117.879,2324,2866
118.102,2325,2866
118.106,2326,2869
118.11,2327,2869
118.125,2328,2869
118.138,2329,2869
118.142,2330,2869
118.168,2331,2869
118.17,2332,2873
118.188,2333,2873
118.212,2334,2873
118.294,2335,2873
118.334,2336,2873
118.407,2337,2876
118.434,2338,2876
118.567,2339,2876
118.953,2340,2876
119.096,2341,2876
119.354,2342,2881
119.476,2343,2881
119.505,2344,2881
119.52,2345,2881
119.586,2346,2881
119.627,2347,2882
119.691,2348,2882
119.877,2349,2882
119.928,2350,2882
119.943,2351,2882
120.164,2352,2884
120.292,2353,2886
120.3,2354,2886
120.445,2355,2886
120.575,2356,2886
120.627,2357,2886
120.698,2358,2886
120.776,2359,2886
121.886,2360,2887
122.436,2361,2887
123.29,2362,2887
123.307,2363,2887
123.434,2364,2887
123.525,2365,2904
123.554,2366,2904
123.729,2367,2904
123.791,2368,2904
123.851,2369,2904
123.958,2370,2904
123.969,2371,2904
124.021,2372,2904
124.066,2373,2904
124.598,2374,2905
124.601,2375,2905
124.623,2376,2905
124.912,2377,2905
125.143,2378,2905
125.156,2379,2905
125.176,2380,2905
125.21,2381,2905
125.236,2382,2905
125.535,2383,2906
125.733,2384,2906
126.527,2385,2906
126.583,2386,2906
126.701,2387,2906
126.82,2388,2906
127.13,2389,2906
127.452,2390,2906
127.559,2391,2906
127.563,2392,2906
127.567,2393,2906
127.571,2394,2906
127.912,2395,2906
127.987,2396,2906
128.049,2397,2906
128.053,2398,2906
128.067,2399,2907
128.071,2400,2911
128.176,2401,2912
128.453,2402,2912
128.547,2403,2912
129.163,2404,2912
129.322,2405,2913
129.692,2406,2913
129.695,2407,2913
129.728,2408,2913
130.476,2409,2913
130.492,2410,2915
130.527,2411,2915
130.537,2412,2917
130.768,2413,2917
130.773,2414,2917
130.813,2415,2917
131.077,2416,2917
131.115,2417,2919
131.23,2418,2921
131.244,2419,2921
131.418,2420,2921
131.468,2421,2921
131.603,2422,2921
131.699,2423,2922
131.722,2424,2922
131.83,2425,2922
131.944,2426,2923
131.957,2427,2923
131.959,2428,2923
131.983,2429,2923
131.984,2430,2923
131.993,2431,2923
132.145,2432,2923
132.165,2433,2923
132.279,2434,2923
132.454,2435,2923
132.621,2436,2923
132.722,2437,2923
132.857,2438,2923
132.924,2439,2923
132.974,2440,2923
133.139,2441,2923
133.182,2442,2923
134.493,2443,2923
135.23,2444,2924
135.547,2445,2924
135.802,2446,2924
135.878,2447,2924
135.883,2448,2924
136.192,2449,2924
136.29,2450,2924
136.325,2451,2924
136.357,2452,2924
136.364,2453,2924
136.395,2454,2924
136.418,2455,2924
136.433,2456,2924
136.469,2457,2924
136.625,2458,2924
136.882,2459,2924
138.721,2460,2924
138.901,2461,2924
139.138,2462,2924
139.148,2463,2924
139.188,2464,2924
139.233,2465,2924
139.285,2466,2924
139.512,2467,2924
139.637,2468,2924
139.738,2469,2924
139.819,2470,2924
140.294,2471,2924
140.3,2472,2924
140.304,2473,2924
140.347,2474,2924
140.641,2475,2924
141.151,2476,2924
141.376,2477,2924
141.386,2478,2924
141.428,2479,2924
141.705,2480,2927
141.751,2481,2928
142.061,2482,2928
142.392,2483,2928
142.447,2484,2929
142.69,2485,2929
142.7,2486,2930
142.703,2487,2930
142.718,2488,2932
143.18,2489,2933
143.389,2490,2933
143.57,2491,2933
143.713,2492,2933
143.748,2493,2933
143.845,2494,2933
144.486,2495,2933
144.502,2496,2933
144.551,2497,2933
144.6,2498,2933
144.643,2499,2933
144.718,2500,2933
144.794,2501,2933
144.857,2502,2933
144.982,2503,2933
145.084,2504,2933
145.722,2505,2933
146.182,2506,2933
146.322,2507,2933
146.606,2508,2933
146.617,2509,2933
146.943,2510,2933
147.278,2511,2933
147.401,2512,2933
147.571,2513,2933
148.928,2514,2934
149.467,2515,2934
149.574,2516,2934
149.687,2517,2934
149.692,2518,2934
149.699,2519,2934
149.803,2520,2941
149.82,2521,2942
149.88,2522,2942
149.892,2523,2942
150.003,2524,2942
150.038,2525,2942
150.25,2526,2942
150.589,2527,2942
150.598,2528,2942
150.635,2529,2942
150.717,2530,2942
150.739,2531,2942
150.799,2532,2942
150.903,2533,2942
150.919,2534,2942
151.024,2535,2942
151.119,2536,2942
151.356,2537,2942
152.056,2538,2942
152.116,2539,2942
152.185,2540,2942
152.196,2541,2943
152.23,2542,2943
152.328,2543,2943
152.364,2544,2943
153.463,2545,2943
153.921,2546,2943
154.227,2547,2943
154.337,2548,2943
154.343,2549,2943
154.383,2550,2943
154.477,2551,2943
154.522,2552,2943
155.332,2553,2943
155.338,2554,2943
155.567,2555,2943
155.684,2556,2943
155.924,2557,2943
156.209,2558,2943
156.455,2559,2943
156.552,2560,2943
158.019,2561,2943
158.396,2562,2943
158.495,2563,2943
158.649,2564,2943
158.86,2565,2943
158.901,2566,2943
159.024,2567,2943
159.373,2568,2943
160.595,2569,2943
160.823,2570,2943
161.728,2571,2943
161.774,2572,2943
161.818,2573,2944
161.926,2574,2944
161.962,2575,2944
161.98,2576,2944
162.505,2577,2945
163.223,2578,2945
163.586,2579,2945
164.985,2580,2945
165.776,2581,2945
165.79,2582,2945
165.935,2583,2945
165.998,2584,2945
166.851,2585,2945
166.865,2586,2945
166.938,2587,2945
167.005,2588,2945
167.077,2589,2945
167.157,2590,2945
167.328,2591,2945
167.414,2592,2945
167.444,2593,2945
167.641,2594,2945
167.817,2595,2945
168.541,2596,2945
168.789,2597,2945
168.807,2598,2945
168.891,2599,2945
169.252,2600,2945
169.294,2601,2945
169.554,2602,2945
169.965,2603,2945
171.124,2604,2945
171.165,2605,2945
172.212,2606,2945
172.249,2607,2945
173.914,2608,2945
174.14,2609,2945
174.328,2610,2946
174.339,2611,2946
174.578,2612,2946
175.167,2613,2946
175.788,2614,2946
176.256,2615,2946
176.27,2616,2946
176.731,2617,2946
176.859,2618,2946
176.884,2619,2946
177.696,2620,2946
177.725,2621,2946
177.744,2622,2946
177.746,2623,2946
177.951,2624,2946
178.017,2625,2946
178.033,2626,2946
179.1,2627,2946
179.179,2628,2946
179.46,2629,2946
179.816,2630,2946
180.166,2631,2946
180.579,2632,2946
181.073,2633,2946
181.079,2634,2946
181.081,2635,2946
181.082,2636,2946
181.084,2637,2946
181.263,2638,2946
181.371,2639,2946
181.566,2640,2946
181.643,2641,2946
181.878,2642,2946
182.449,2643,2946
182.459,2644,2946
182.477,2645,2946
182.491,2646,2946
182.517,2647,2946
182.638,2648,2946
182.967,2649,2946
184.175,2650,2946
186.179,2651,2946
186.18,2652,2946
186.184,2653,2946
186.202,2654,2946
186.206,2655,2947
186.218,2656,2947
186.235,2657,2948
186.285,2658,2948
186.339,2659,2948
186.528,2660,2949
186.722,2661,2951
187.163,2662,2951
187.596,2663,2951
187.602,2664,2951
187.629,2665,2951
187.727,2666,2951
187.834,2667,2951
188.051,2668,2951
188.08,2669,2951
188.411,2670,2951
188.616,2671,2951
188.69,2672,2952
188.725,2673,2952
188.82,2674,2952
189.327,2675,2952
189.333,2676,2952
189.459,2677,2952
190.47,2678,2952
190.478,2679,2952
190.577,2680,2952
190.672,2681,2952
190.716,2682,2952
190.729,2683,2952
190.731,2684,2952
190.778,2685,2952
190.787,2686,2952
190.951,2687,2952
190.996,2688,2952
191.019,2689,2952
191.128,2690,2952
191.242,2691,2952
191.382,2692,2952
191.625,2693,2952
192.081,2694,2952
192.419,2695,2952
194.135,2696,2952
194.158,2697,2952
194.164,2698,2952
194.178,2699,2952
194.203,2700,2952
194.219,2701,2952
194.254,2702,2952
194.423,2703,2952
194.438,2704,2952
194.629,2705,2952
194.765,2706,2970
195.002,2707,2970
195.45,2708,2970
195.751,2709,2970
196.797,2710,2970
197.002,2711,2970
197.04,2712,2970
197.415,2713,2972
197.438,2714,2972
199.554,2715,2972
199.737,2716,2972
200.638,2717,2972
200.691,2718,2973
200.718,2719,2973
201.373,2720,2973
201.608,2721,2973
202.262,2722,2973
203.019,2723,2973
203.527,2724,2973
203.678,2725,2973
203.962,2726,2973
204.285,2727,2973
206.983,2728,2973
207.648,2729,2973
211.204,2730,2973
212.53,2731,2973
212.665,2732,2973
213.379,2733,2973
213.662,2734,2973
213.694,2735,2973
213.808,2736,2973
213.846,2737,2974
213.87,2738,2975
214.129,2739,2976
215.227,2740,2976
215.266,2741,2976
215.31,2742,2976
215.462,2743,2976
215.466,2744,2976
215.502,2745,2976
216.813,2746,2976
217.329,2747,2976
217.406,2748,2976
217.408,2749,2976
217.412,2750,2976
217.42,2751,2976
217.488,2752,2976
217.659,2753,2976
217.732,2754,2976
218.124,2755,2976
218.185,2756,2976
219.519,2757,2976
221.215,2758,2976
221.23,2759,2976
222.249,2760,2976
222.421,2761,2976
222.471,2762,2976
222.811,2763,2976
223.084,2764,2976
223.108,2765,2976
223.192,2766,2976
223.817,2767,2976
224.46,2768,2976
224.466,2769,2976
224.471,2770,2976
225.406,2771,2976
225.67,2772,2976
225.754,2773,2977
225.857,2774,2977
225.87,2775,2977
225.874,2776,2977
225.908,2777,2977
225.92,2778,2977
225.922,2779,2977
225.96,2780,2977
226.793,2781,2977
229.632,2782,2977
230.752,2783,2977
231.34,2784,2977
232.32,2785,2979
232.62,2786,2979
233.03,2787,2979
233.04,2788,2979
233.086,2789,2979
233.117,2790,2979
233.131,2791,2979
233.681,2792,2979
235.703,2793,2979
238.95,2794,2979
242.03,2795,2979
242.035,2796,2979
242.043,2797,2979
242.467,2798,2979
242.884,2799,2979
243.446,2800,2979
243.696,2801,2979
243.71,2802,2979
244.081,2803,2979
244.309,2804,2979
244.531,2805,2980
248.197,2806,2980
248.205,2807,2980
248.222,2808,2980
248.32,2809,2980
248.38,2810,2980
249.544,2811,2980
250.11,2812,2980
250.128,2813,2980
250.181,2814,2980
250.288,2815,2980
250.835,2816,2980
250.947,2817,2980
251.581,2818,2980
252.478,2819,2980
252.742,2820,2980
252.981,2821,2980
253.018,2822,2980
253.556,2823,2980
254.183,2824,2980
254.504,2825,2980
255.368,2826,2980
255.629,2827,2980
256.0,2828,2980
256.355,2829,2980
256.412,2830,2980
256.442,2831,2980
256.662,2832,2980
256.67,2833,2980
256.685,2834,2980
256.702,2835,2980
256.75,2836,2980
256.936,2837,2980
257.105,2838,2980
257.228,2839,2980
257.994,2840,2980
258.003,2841,2980
258.02,2842,2980
260.639,2843,2980
260.784,2844,2980
261.041,2845,2980
261.186,2846,2980
261.307,2847,2980
263.543,2848,2980
263.586,2849,2980
263.637,2850,2980
263.692,2851,2980
263.729,2852,2980
263.94,2853,2980
264.199,2854,2980
264.332,2855,2980
264.433,2856,2980
264.594,2857,2980
264.662,2858,2980
264.681,2859,2980
264.739,2860,2980
265.199,2861,2980
266.726,2862,2980
267.184,2863,2980
269.072,2864,2980
270.087,2865,2980
271.287,2866,2980
271.86,2867,2980
271.938,2868,2980
272.244,2869,2980
273.799,2870,2980
273.86,2871,2980
274.012,2872,2980
274.024,2873,2980
274.03,2874,2980
274.038,2875,2980
274.126,2876,2981
274.544,2877,2981
274.625,2878,2981
274.636,2879,2982
275.808,2880,2982
275.84,2881,2982
275.865,2882,2982
275.976,2883,2982
276.021,2884,2982
276.108,2885,2982
276.395,2886,2982
276.762,2887,2982
277.385,2888,2982
277.623,2889,2982
277.934,2890,2982
278.904,2891,2982
282.888,2892,2982
283.2,2893,2982
285.502,2894,2982
285.751,2895,2982
287.995,2896,2982
288.986,2897,2982
289.004,2898,2982
289.035,2899,2983
289.048,2900,2986
289.068,2901,2986
289.071,2902,2986
289.081,2903,2986
289.106,2904,2986
289.16,2905,2986
289.163,2906,2986
289.167,2907,2986
289.198,2908,2986
289.575,2909,2986
289.594,2910,2986
290.087,2911,2986
290.21,2912,2986
290.949,2913,2986
291.738,2914,2986
291.764,2915,2986
291.838,2916,2986
291.941,2917,2986
292.169,2918,2986
292.687,2919,2986
293.076,2920,2986
293.413,2921,2986
294.421,2922,2986
296.418,2923,2987
296.628,2924,2987
296.636,2925,2987
296.718,2926,2987
296.786,2927,2988
296.861,2928,2988
299.35,2929,2988
299.473,2930,2988
299.607,2931,2988
299.694,2932,2988
299.778,2933,2988
300.234,2934,2988
300.694,2935,2988
300.736,2936,2988
300.768,2937,2988
301.278,2938,2988
302.016,2939,2988
302.961,2940,2988
305.64,2941,2988
305.886,2942,2988
306.377,2943,2988
306.44,2944,2988
306.863,2945,2988
310.263,2946,2988
310.349,2947,2988
311.342,2948,2988
313.372,2949,2988
313.607,2950,2988
318.537,2951,2988
318.863,2952,2988
318.935,2953,2988
319.0,2954,2988
319.019,2955,2988
319.118,2956,2988
319.289,2957,2988
319.637,2958,2988
319.718,2959,2988
320.081,2960,2988
320.869,2961,2988
321.42,2962,2988
323.157,2963,2988
325.955,2964,2988
326.011,2965,2988
327.198,2966,2988
327.31,2967,2988
328.316,2968,2988
328.376,2969,2988
328.847,2970,2988
328.881,2971,2988
329.632,2972,2988
330.676,2973,2988
334.368,2974,2988
334.554,2975,2988
334.972,2976,2988
335.015,2977,2988
335.616,2978,2988
340.615,2979,2988
341.062,2980,2988
341.389,2981,2988
341.413,2982,2988
341.888,2983,2988
343.334,2984,2988
343.797,2985,2988
344.102,2986,2988
344.136,2987,2988
345.799,2988,2988
346.092,2989,2988
346.258,2990,2988
346.288,2991,2988
346.562,2992,2988
347.283,2993,2988
352.295,2994,2988
352.67,2995,2988
352.734,2996,2988
352.863,2997,2988
353.153,2998,2988
354.859,2999,2988
356.5,3000,2988
358.381,3001,2988
359.888,3002,2988
361.157,3003,2988
361.663,3004,2989
362.029,3005,2989
363.204,3006,2989
363.23,3007,2989
364.444,3008,2989
364.533,3009,2989
364.683,3010,2989
364.963,3011,2989
366.267,3012,2989
369.4,3013,2989
369.502,3014,2989
369.965,3015,2989
370.442,3016,2989
371.561,3017,2989
371.804,3018,2989
373.504,3019,2989
373.525,3020,2990
373.695,3021,2990
376.902,3022,2990
376.927,3023,2990
377.023,3024,2990
378.672,3025,2990
378.705,3026,2990
379.134,3027,2990
379.308,3028,2990
379.396,3029,2990
379.603,3030,2990
379.677,3031,2990
381.105,3032,2990
381.159,3033,2990
382.214,3034,2990
383.127,3035,2990
383.577,3036,2990
385.331,3037,2990
386.612,3038,2990
393.376,3039,2990
393.661,3040,2990
395.488,3041,2990
395.53,3042,2990
395.878,3043,2990
395.885,3044,2990
400.938,3045,2990
401.014,3046,2990
401.057,3047,2990
401.504,3048,2990
401.723,3049,2990
402.853,3050,2990
402.885,3051,2990
402.919,3052,2990
402.951,3053,2990
402.991,3054,2990
403.024,3055,2990
403.117,3056,2990
403.227,3057,2990
403.279,3058,2990
403.353,3059,2990
403.443,3060,2990
403.98,3061,2990
405.896,3062,2990
408.497,3063,2990
409.293,3064,2990
409.662,3065,2990
410.061,3066,2990
410.923,3067,2990
411.15,3068,2990
411.62,3069,2990
416.946,3070,2990
430.202,3071,2990
430.544,3072,2990
432.525,3073,2990
434.043,3074,2990
434.645,3075,2990
434.918,3076,2990
437.353,3077,2990
437.71,3078,2990
448.61,3079,2990
448.849,3080,2990
448.92,3081,2990
449.118,3082,2990
449.299,3083,2990
454.908,3084,2990
454.93,3085,2990
455.331,3086,2990
455.813,3087,2990
458.838,3088,2990
475.071,3089,2990
475.086,3090,2990
475.128,3091,2990
475.136,3092,2990
475.852,3093,2991
479.191,3094,2991
479.419,3095,2991
479.48,3096,2991
479.853,3097,2991
482.34,3098,2991
483.108,3099,2991
483.855,3100,2991
486.555,3101,2991
488.244,3102,2991
489.105,3103,2991
491.547,3104,2991
493.503,3105,2991
497.385,3106,2991
499.057,3107,2991
504.149,3108,2991
505.178,3109,2991
505.503,3110,2991
505.82,3111,2991
507.37,3112,2991
510.034,3113,2991
512.686,3114,2991
513.391,3115,2991
514.145,3116,2991
514.207,3117,2991
514.226,3118,2991
514.51,3119,2992
514.574,3120,2993
523.205,3121,2993
523.234,3122,2993
523.257,3123,2993
523.288,3124,2993
523.454,3125,2993
523.606,3126,2993
523.771,3127,2993
524.323,3128,2993
532.387,3129,2993
541.451,3130,2993
545.458,3131,2993
546.174,3132,2993
546.462,3133,2993
546.729,3134,2993
547.548,3135,2993
547.557,3136,2993
555.009,3137,2993
556.232,3138,2994
556.281,3139,2994
557.229,3140,2994
560.07,3141,2994
561.458,3142,2994
561.589,3143,2994
562.982,3144,2994
563.279,3145,2994
574.554,3146,2994
580.153,3147,2994
580.617,3148,2994
586.044,3149,2994
586.553,3150,2998
587.269,3151,2998
587.305,3152,2998
587.659,3153,2998
588.806,3154,2998
591.304,3155,2998
592.819,3156,2998
593.606,3157,2999
595.381,3158,2999
596.273,3159,2999
597.304,3160,2999
597.322,3161,2999
597.463,3162,2999
598.181,3163,2999
598.685,3164,2999
598.732,3165,2999
598.734,3166,2999
599.617,3167,3004
599.778,3168,3004
604.993,3169,3004
605.01,3170,3004
607.219,3171,3004
610.824,3172,3004
611.104,3173,3004
615.146,3174,3004
615.322,3175,3004
616.259,3176,3004
616.269,3177,3004
616.296,3178,3004
616.558,3179,3004
616.863,3180,3004
618.037,3181,3004
618.264,3182,3004
625.322,3183,3004
633.633,3184,3004
638.328,3185,3004
640.826,3186,3004
645.893,3187,3004
646.311,3188,3004
646.873,3189,3004
648.763,3190,3004
650.541,3191,3004
660.847,3192,3004
663.025,3193,3004
663.239,3194,3004
663.319,3195,3004
663.341,3196,3005
664.012,3197,3005
664.014,3198,3005
664.018,3199,3008
664.022,3200,3008
665.532,3201,3009
665.919,3202,3012
665.934,3203,3018
665.953,3204,3018
666.221,3205,3018
667.942,3206,3018
667.965,3207,3018
668.079,3208,3018
670.497,3209,3018
670.739,3210,3018
670.827,3211,3018
670.89,3212,3018
670.979,3213,3018
671.06,3214,3018
671.107,3215,3018
671.586,3216,3018
671.648,3217,3018
671.821,3218,3018
672.039,3219,3018
672.327,3220,3018
672.363,3221,3018
672.49,3222,3018
672.53,3223,3018
672.598,3224,3018
672.685,3225,3018
672.717,3226,3018
672.979,3227,3018
673.359,3228,3018
673.582,3229,3018
674.262,3230,3018
675.585,3231,3018
675.621,3232,3018
675.823,3233,3018
676.724,3234,3018
677.022,3235,3018
677.61,3236,3018
679.638,3237,3018
682.095,3238,3018
683.893,3239,3018
684.501,3240,3018
685.822,3241,3018
689.626,3242,3018
691.606,3243,3018
692.181,3244,3018
693.264,3245,3018
694.006,3246,3019
698.164,3247,3019
702.437,3248,3019
705.533,3249,3019
705.609,3250,3019
706.038,3251,3019
706.738,3252,3019
706.832,3253,3019
707.288,3254,3019
707.704,3255,3019
707.811,3256,3019
709.234,3257,3019
709.459,3258,3019
709.678,3259,3019
710.939,3260,3019
711.351,3261,3019
712.423,3262,3019
719.271,3263,3019
719.719,3264,3019
719.737,3265,3019
720.117,3266,3019
720.194,3267,3019
720.461,3268,3019
720.651,3269,3019
720.767,3270,3019
721.206,3271,3019
721.355,3272,3019
721.528,3273,3019
722.561,3274,3019
724.212,3275,3019
724.371,3276,3019
725.696,3277,3019
725.852,3278,3019
725.912,3279,3019
726.28,3280,3019
726.732,3281,3019
726.99,3282,3019
727.154,3283,3019
728.102,3284,3019
735.49,3285,3019
735.51,3286,3019
735.617,3287,3019
735.681,3288,3019
735.963,3289,3019
735.983,3290,3019
736.429,3291,3019
738.557,3292,3019
738.981,3293,3019
739.144,3294,3019
739.189,3295,3019
739.473,3296,3019
741.502,3297,3019
741.669,3298,3019
745.22,3299,3019
750.138,3300,3019
752.082,3301,3019
752.136,3302,3019
752.433,3303,3019
754.125,3304,3019
754.217,3305,3019
754.966,3306,3019
755.125,3307,3019
758.433,3308,3019
758.862,3309,3019
758.967,3310,3019
761.464,3311,3019
761.851,3312,3019
763.9,3313,3019
764.174,3314,3019
772.52,3315,3019
775.943,3316,3019
780.296,3317,3019
782.337,3318,3019
782.35,3319,3019
784.146,3320,3019
784.231,3321,3019
784.24,3322,3019
784.336,3323,3019
784.537,3324,3019
786.411,3325,3019
786.554,3326,3019
790.69,3327,3019
793.271,3328,3019
793.939,3329,3019
793.961,3330,3019
794.344,3331,3019
795.043,3332,3019
795.106,3333,3019
795.532,3334,3019
795.692,3335,3019
801.759,3336,3019
803.857,3337,3019
806.571,3338,3019
809.871,3339,3019
813.907,3340,3020
813.951,3341,3020
814.475,3342,3020
814.523,3343,3020
814.573,3344,3020
814.723,3345,3020
814.759,3346,3020
814.793,3347,3020
814.838,3348,3020
814.922,3349,3020
814.942,3350,3020
814.947,3351,3020
815.069,3352,3020
815.266,3353,3020
815.451,3354,3020
815.47,3355,3020
816.68,3356,3020
817.116,3357,3020
817.277,3358,3020
818.483,3359,3020
818.551,3360,3020
818.771,3361,3020
818.83,3362,3020
819.359,3363,3020
820.015,3364,3020
823.158,3365,3020
823.821,3366,3020
824.168,3367,3020
824.262,3368,3020
825.054,3369,3020
825.387,3370,3020
826.866,3371,3020
831.335,3372,3020
833.216,3373,3021
833.627,3374,3021
834.487,3375,3021
834.788,3376,3021
834.81,3377,3023
835.289,3378,3023
838.42,3379,3023
839.304,3380,3023
843.672,3381,3023
843.728,3382,3024
843.829,3383,3024
843.856,3384,3024
844.063,3385,3024
844.146,3386,3024
844.194,3387,3024
844.218,3388,3024
844.55,3389,3024
844.804,3390,3024
845.032,3391,3024
845.797,3392,3024
846.163,3393,3024
846.283,3394,3024
847.236,3395,3024
847.296,3396,3024
847.787,3397,3024
848.859,3398,3024
849.553,3399,3024
851.22,3400,3024
853.263,3401,3024
860.141,3402,3024
860.399,3403,3024
865.28,3404,3024
870.728,3405,3024
873.864,3406,3024
875.41,3407,3024
876.249,3408,3024
886.017,3409,3024
886.048,3410,3024
886.075,3411,3024
888.758,3412,3024
888.971,3413,3024
891.399,3414,3024
895.088,3415,3024
895.151,3416,3024
896.188,3417,3024
897.163,3418,3024
898.159,3419,3024
898.909,3420,3024
900.759,3421,3024
906.972,3422,3024
907.048,3423,3024
914.794,3424,3024
915.097,3425,3024
915.33,3426,3024
917.232,3427,3024
931.605,3428,3024
941.712,3429,3024
949.776,3430,3024
954.199,3431,3024
968.537,3432,3024
974.763,3433,3024
986.852,3434,3024
1000.094,3435,3024
1014.442,3436,3024
1030.098,3437,3024
1034.836,3438,3024
1035.979,3439,3024
1036.789,3440,3024
1039.729,3441,3024
1042.359,3442,3024
1042.63,3443,3024
1045.101,3444,3024
1046.653,3445,3024
1049.872,3446,3024
1049.989,3447,3024
1061.388,3448,3024
1067.723,3449,3024
1068.909,3450,3024
1069.059,3451,3024
1078.852,3452,3024
1078.878,3453,3024
1079.235,3454,3024
1081.201,3455,3024
1083.835,3456,3024
1083.839,3457,3024
1083.842,3458,3024
1094.731,3459,3024
1095.053,3460,3024
1095.775,3461,3024
1097.475,3462,3024
1097.983,3463,3024
1101.24,3464,3024
1102.138,3465,3024
1109.872,3466,3024
1110.065,3467,3024
1110.091,3468,3024
1110.155,3469,3024
1110.384,3470,3024
1110.518,3471,3024
1111.03,3472,3024
1111.185,3473,3024
1113.148,3474,3024
1116.715,3475,3024
1116.823,3476,3024
1119.12,3477,3024
1121.122,3478,3024
1130.167,3479,3024
1137.871,3480,3024
1145.988,3481,3024
1146.008,3482,3024
1146.184,3483,3024
1146.232,3484,3024
1146.311,3485,3024
1146.425,3486,3024
1147.587,3487,3024
1159.564,3488,3024
1164.266,3489,3024
1180.106,3490,3024
1182.149,3491,3024
1183.168,3492,3024
1185.626,3493,3024
1196.297,3494,3024
1203.536,3495,3024
1217.076,3496,3024
1219.79,3497,3024
1220.515,3498,3024
1222.041,3499,3024
1224.97,3500,3024
1227.053,3501,3024
1228.624,3502,3024
1253.525,3503,3024
1254.098,3504,3024
1258.594,3505,3024
1258.625,3506,3024
1258.738,3507,3024
1258.821,3508,3024
1262.137,3509,3024
1262.169,3510,3024
1262.171,3511,3024
1262.314,3512,3024
1271.96,3513,3024
1273.02,3514,3024
1281.467,3515,3024
1281.603,3516,3024
1281.82,3517,3024
1281.822,3518,3024
1282.062,3519,3024
1282.222,3520,3024
1290.578,3521,3024
1290.722,3522,3024
1300.283,3523,3024
1300.459,3524,3024
1301.038,3525,3024
1301.889,3526,3024
1310.249,3527,3024
1310.599,3528,3024
1311.292,3529,3024
1311.48,3530,3024
1315.839,3531,3024
1315.859,3532,3024
1315.889,3533,3024
1316.183,3534,3024
1316.436,3535,3024
1317.701,3536,3024
1322.885,3537,3024
1328.038,3538,3024
1331.702,3539,3024
1331.732,3540,3024
1333.805,3541,3024
1335.321,3542,3024
1354.511,3543,3024
1354.675,3544,3024
1355.103,3545,3024
1355.492,3546,3024
1355.527,3547,3024
1356.17,3548,3024
1356.185,3549,3024
1356.397,3550,3024
1362.229,3551,3024
1362.273,3552,3024
1366.457,3553,3024
1368.31,3554,3024
1372.735,3555,3024
1372.748,3556,3024
1372.79,3557,3024
1373.016,3558,3025
1373.091,3559,3025
1374.326,3560,3025
1378.75,3561,3025
1384.217,3562,3025
1384.308,3563,3025
1384.632,3564,3025
1384.79,3565,3025
1384.91,3566,3025
1385.149,3567,3025
1385.979,3568,3025
1386.114,3569,3025
1396.895,3570,3025
1397.423,3571,3025
1397.602,3572,3025
1398.633,3573,3025
1398.91,3574,3025
1399.319,3575,3025
1399.792,3576,3025
1399.994,3577,3025
1400.172,3578,3025
1400.554,3579,3025
1400.605,3580,3025
1401.611,3581,3025
1403.6,3582,3025
1405.44,3583,3025
1407.448,3584,3025
1409.454,3585,3025
1412.216,3586,3025
1412.336,3587,3025
1412.74,3588,3025
1413.406,3589,3025
1413.95,3590,3025
1434.781,3591,3025
1434.79,3592,3025
1434.893,3593,3025
1436.163,3594,3025
1436.17,3595,3025
1436.207,3596,3025
1436.378,3597,3025
1436.448,3598,3025
1436.464,3599,3025
1436.523,3600,3025
1436.563,3601,3025
1436.573,3602,3025
1436.936,3603,3025
1437.03,3604,3025
1437.994,3605,3025
1443.126,3606,3025
1453.131,3607,3025
1456.968,3608,3025
1457.255,3609,3025
1458.254,3610,3025
1459.37,3611,3025
1461.095,3612,3025
1461.163,3613,3025
1463.905,3614,3025
1470.367,3615,3025
1478.915,3616,3025
1479.988,3617,3025
1488.21,3618,3025
1490.88,3619,3025
1509.167,3620,3025
1510.573,3621,3025
1514.744,3622,3025
1520.955,3623,3025
1520.992,3624,3025
1521.864,3625,3025
1525.923,3626,3025
1526.14,3627,3025
1538.484,3628,3027
1538.631,3629,3027
1538.633,3630,3028
1538.638,3631,3028
1538.649,3632,3028
1538.656,3633,3028
1538.854,3634,3032
1538.861,3635,3032
1539.548,3636,3034
1539.655,3637,3037
1540.369,3638,3037
1542.586,3639,3037
1542.695,3640,3037
1542.702,3641,3037
1545.435,3642,3037
1547.927,3643,3038
1547.928,3644,3038
1548.043,3645,3038
1548.803,3646,3038
1552.121,3647,3038
1553.716,3648,3038
1553.76,3649,3038
1553.876,3650,3038
1553.964,3651,3040
1554.768,3652,3040
1554.785,3653,3040
1554.807,3654,3040
1555.011,3655,3040
1555.709,3656,3040
1556.971,3657,3040
1562.468,3658,3040
1565.235,3659,3040
1565.611,3660,3040
1575.248,3661,3040
1575.93,3662,3040
1578.601,3663,3040
1587.59,3664,3040
1590.194,3665,3040
1593.278,3666,3040
1594.431,3667,3040
1595.707,3668,3040
1598.912,3669,3040
1605.155,3670,3040
1608.673,3671,3041
1609.706,3672,3041
1613.662,3673,3041
1613.741,3674,3041
1614.21,3675,3042
1626.132,3676,3042
1626.23,3677,3042
1626.33,3678,3042
1626.721,3679,3042
1627.755,3680,3042
1628.187,3681,3042
1628.763,3682,3042
1630.369,3683,3042
1631.611,3684,3042
1637.015,3685,3042
1641.092,3686,3042
1643.737,3687,3042
1643.795,3688,3042
1643.899,3689,3042
1645.168,3690,3042
1647.609,3691,3042
1648.962,3692,3042
1658.566,3693,3042
1658.603,3694,3042
1658.632,3695,3042
1658.963,3696,3042
1663.219,3697,3042
1667.284,3698,3042
1679.883,3699,3042
1686.266,3700,3042
1698.39,3701,3042
1698.567,3702,3042
1698.673,3703,3042
1699.099,3704,3042
1700.968,3705,3042
1708.596,3706,3042
1710.478,3707,3042
1710.489,3708,3042
1710.6,3709,3042
1711.817,3710,3042
1721.875,3711,3042
1724.083,3712,3042
1725.229,3713,3042
1729.306,3714,3042
1766.026,3715,3042
1772.83,3716,3042
1777.403,3717,3042
1782.043,3718,3042
1784.596,3719,3042
1785.168,3720,3042
1785.184,3721,3042
1785.627,3722,3042
1786.0,3723,3042
1790.264,3724,3043
1790.273,3725,3043
1790.347,3726,3043
1791.415,3727,3043
1791.542,3728,3043
1791.549,3729,3043
1792.207,3730,3043
1792.246,3731,3043
1792.908,3732,3043
1796.635,3733,3043
1802.887,3734,3043
1804.209,3735,3043
1805.407,3736,3043
1805.842,3737,3043
1807.761,3738,3043
1809.081,3739,3043
1809.454,3740,3043
1813.221,3741,3043
1818.184,3742,3043
1818.451,3743,3043
1822.656,3744,3043
1828.638,3745,3043
1846.541,3746,3043
1850.424,3747,3043
1855.806,3748,3043
1855.939,3749,3043
1856.057,3750,3043
1859.767,3751,3043
1859.881,3752,3043
1859.954,3753,3043
1860.464,3754,3043
1861.13,3755,3043
1861.415,3756,3043
1862.87,3757,3043
1866.836,3758,3043
1869.883,3759,3043
1871.537,3760,3043
1872.246,3761,3043
1877.648,3762,3043
1879.249,3763,3043
1885.777,3764,3043
1894.82,3765,3043
1901.29,3766,3043
1901.36,3767,3043
1901.407,3768,3043
1901.464,3769,3043
1901.487,3770,3043
1901.804,3771,3043
1901.856,3772,3043
1902.102,3773,3043
1902.373,3774,3043
1902.565,3775,3043
1903.039,3776,3043
1903.462,3777,3043
1905.115,3778,3043
1935.881,3779,3043
1940.645,3780,3043
1940.756,3781,3043
1940.83,3782,3043
1945.242,3783,3043
1945.612,3784,3044
1946.39,3785,3044
1955.365,3786,3044
1963.658,3787,3044
1969.236,3788,3044
1969.47,3789,3044
1975.593,3790,3044
1983.768,3791,3044
1983.781,3792,3044
1987.403,3793,3044
1989.752,3794,3044
1992.643,3795,3044
1993.938,3796,3044
1993.967,3797,3044
1995.106,3798,3044
1997.152,3799,3044
2005.782,3800,3044
2011.27,3801,3044
2023.645,3802,3044
2028.407,3803,3044
2037.525,3804,3044
2043.826,3805,3044
2044.562,3806,3044
2047.572,3807,3044
2047.805,3808,3044
2058.831,3809,3044
2059.06,3810,3044
2060.577,3811,3044
2061.0,3812,3044
2080.011,3813,3044
2086.379,3814,3044
2086.383,3815,3044
2086.392,3816,3044
2088.593,3817,3044
2088.601,3818,3044
2088.937,3819,3044
2091.333,3820,3044
2100.781,3821,3044
2102.456,3822,3044
2104.13,3823,3044
2109.1,3824,3044
2109.22,3825,3044
2112.956,3826,3044
2113.011,3827,3044
2121.935,3828,3044
2121.998,3829,3044
2122.893,3830,3044
2123.028,3831,3044
2124.031,3832,3044
2125.007,3833,3044
2125.311,3834,3044
2125.399,3835,3044
2125.436,3836,3044
2126.089,3837,3044
2128.419,3838,3044
2134.674,3839,3044
2140.133,3840,3044
2152.571,3841,3044
2152.617,3842,3044
2153.335,3843,3044
2160.281,3844,3044
2160.422,3845,3044
2179.045,3846,3044
2181.699,3847,3044
2182.119,3848,3044
2192.073,3849,3044
2193.595,3850,3044
2213.563,3851,3044
2215.028,3852,3044
2216.913,3853,3044
2223.251,3854,3044
2223.302,3855,3044
2228.373,3856,3044
2233.805,3857,3044
2234.388,3858,3044
2258.434,3859,3044
2258.604,3860,3044
2258.654,3861,3044
2258.714,3862,3044
2258.9,3863,3044
2259.43,3864,3044
2266.162,3865,3044
2267.081,3866,3044
2269.864,3867,3044
2272.049,3868,3044
2272.076,3869,3044
2288.513,3870,3044
2288.599,3871,3044
2288.717,3872,3044
2291.296,3873,3044
2292.62,3874,3044
2295.18,3875,3044
2317.343,3876,3044
2317.396,3877,3044
2317.467,3878,3044
2317.487,3879,3044
2327.181,3880,3044
2327.415,3881,3044
2327.908,3882,3044
2329.562,3883,3044
2332.221,3884,3044
2334.512,3885,3044
2347.918,3886,3044
2356.564,3887,3044
2365.027,3888,3044
2379.474,3889,3044
2380.953,3890,3044
2381.186,3891,3044
2388.517,3892,3045
2389.27,3893,3045
2389.399,3894,3045
2397.608,3895,3045
2398.14,3896,3045
2398.677,3897,3045
2398.679,3898,3045
2399.926,3899,3045
2401.229,3900,3045
2406.684,3901,3045
2407.83,3902,3045
2426.37,3903,3045
2437.016,3904,3045
2441.843,3905,3045
2446.285,3906,3045
2446.418,3907,3045
2453.546,3908,3045
2454.41,3909,3045
2454.693,3910,3045
2455.15,3911,3045
2455.155,3912,3045
2455.166,3913,3045
2455.235,3914,3045
2455.321,3915,3045
2455.413,3916,3045
2464.255,3917,3045
2464.264,3918,3045
2469.673,3919,3045
2472.684,3920,3045
2472.697,3921,3045
2472.838,3922,3045
2473.008,3923,3045
2473.281,3924,3045
2483.257,3925,3045
2489.355,3926,3045
2492.197,3927,3045
2505.93,3928,3045
2507.821,3929,3046
2518.222,3930,3046
2526.041,3931,3046
2534.228,3932,3046
2539.543,3933,3046
2539.583,3934,3046
2555.433,3935,3046
2568.282,3936,3046
2568.353,3937,3046
2576.579,3938,3046
2576.738,3939,3046
2576.833,3940,3046
2579.058,3941,3046
2579.293,3942,3046
2588.431,3943,3046
2588.433,3944,3046
2588.434,3945,3046
2588.443,3946,3046
2588.449,3947,3046
2590.015,3948,3047
2590.144,3949,3047
2590.175,3950,3047
2590.189,3951,3047
2590.297,3952,3047
2591.762,3953,3047
2591.807,3954,3047
2591.859,3955,3047
2614.048,3956,3047
2622.151,3957,3047
2625.283,3958,3047
2630.505,3959,3047
2630.552,3960,3047
2630.781,3961,3047
2631.078,3962,3047
2646.045,3963,3047
2651.047,3964,3047
2666.568,3965,3047
2697.898,3966,3047
2704.024,3967,3047
2717.073,3968,3049
2725.917,3969,3049
2726.345,3970,3049
2731.41,3971,3049
2745.408,3972,3049
2745.812,3973,3049
2756.464,3974,3049
2760.878,3975,3049
2781.547,3976,3049
2794.242,3977,3049
2794.389,3978,3049
2798.279,3979,3049
2799.984,3980,3049
2807.929,3981,3049
2809.352,3982,3049
2821.377,3983,3049
2830.336,3984,3049
2871.948,3985,3049
2904.577,3986,3049
2926.504,3987,3049
2941.751,3988,3049
2941.852,3989,3049
2943.02,3990,3049
2943.169,3991,3049
2943.194,3992,3049
2952.584,3993,3049
2952.618,3994,3049
2957.641,3995,3049
2963.601,3996,3049
2987.118,3997,3049
2987.433,3998,3049
2987.471,3999,3049
2987.758,4000,3049
2987.832,4001,3049
2988.038,4002,3049
2988.522,4003,3049
2992.49,4004,3049
2994.533,4005,3049
2996.927,4006,3049
3005.257,4007,3049
3016.447,4008,3049
3016.476,4009,3049
3019.644,4010,3049
3036.318,4011,3049
3046.851,4012,3049
3058.176,4013,3049
3061.716,4014,3049
3065.382,4015,3049
3066.86,4016,3049
3069.016,4017,3049
3075.393,4018,3049
3078.536,4019,3049
3078.567,4020,3049
3088.861,4021,3049
3088.946,4022,3049
3089.325,4023,3049
3089.554,4024,3049
3090.824,4025,3049
3093.095,4026,3049
3094.647,4027,3049
3094.97,4028,3049
3119.816,4029,3049
3164.709,4030,3049
3179.16,4031,3049
3185.227,4032,3049
3185.742,4033,3049
3186.797,4034,3049
3193.332,4035,3049
3199.403,4036,3049
3199.837,4037,3049
3202.718,4038,3049
3243.78,4039,3049
3244.969,4040,3049
3245.079,4041,3049
3245.134,4042,3049
3253.721,4043,3049
3256.302,4044,3049
3256.754,4045,3049
3258.448,4046,3049
3258.486,4047,3049
3258.568,4048,3049
3260.312,4049,3049
3274.873,4050,3050
3279.82,4051,3050
3281.436,4052,3050
3284.503,4053,3050
3288.118,4054,3050
3325.635,4055,3050
3329.929,4056,3050
3333.391,4057,3050
3337.441,4058,3050
3340.45,4059,3050
3348.472,4060,3050
3354.966,4061,3050
3364.306,4062,3050
3368.129,4063,3050
3387.708,4064,3054
3408.675,4065,3054
3428.727,4066,3054
3436.826,4067,3054
3450.486,4068,3054
3450.645,4069,3054
3450.808,4070,3054
3451.911,4071,3054
3464.285,4072,3054
3480.667,4073,3054
3480.836,4074,3054
3489.777,4075,3054
3501.309,4076,3054
3504.846,4077,3054
3507.249,4078,3054
3513.539,4079,3054
3514.453,4080,3055
3527.324,4081,3055
3530.988,4082,3055
3536.516,4083,3055
3560.333,4084,3055
3571.962,4085,3055
3577.126,4086,3055
3584.339,4087,3055
3584.351,4088,3055
3593.363,4089,3055
3593.475,4090,3055
3594.735,4091,3055
3595.367,4092,3055
3595.398,4093,3055
3595.42,4094,3055
3602.861,4095,3055
3603.726,4096,3055
3624.661,4097,3055
3631.023,4098,3055
3631.056,4099,3055
3631.168,4100,3055
3631.594,4101,3055
3631.995,4102,3055
3633.175,4103,3055
3633.188,4104,3055
3653.978,4105,3055
3662.035,4106,3055
3669.162,4107,3055
3669.485,4108,3055
3676.073,4109,3055
3697.191,4110,3055
3697.771,4111,3055
3711.042,4112,3055
3713.63,4113,3055
3749.897,4114,3055
3750.763,4115,3055
3753.098,4116,3055
3765.024,4117,3055
3766.296,4118,3055
3768.348,4119,3055
3803.005,4120,3055
3803.084,4121,3055
3803.945,4122,3055
3803.961,4123,3055
3823.566,4124,3055
3830.211,4125,3055
3830.266,4126,3055
3830.367,4127,3055
3830.459,4128,3055
3830.555,4129,3055
3853.932,4130,3055
3856.257,4131,3055
3873.823,4132,3055
3874.092,4133,3055
3880.11,4134,3055
3880.199,4135,3055
3880.311,4136,3055
3926.144,4137,3055
3926.162,4138,3055
3998.438,4139,3055
3999.908,4140,3055
4000.028,4141,3055
4000.069,4142,3055
4000.592,4143,3055
4025.13,4144,3055
4045.063,4145,3055
4059.82,4146,3055
4085.407,4147,3055
4085.438,4148,3055
4085.464,4149,3055
4085.741,4150,3055
4086.454,4151,3055
4086.647,4152,3055
4088.177,4153,3055
4091.039,4154,3055
4091.131,4155,3055
4103.944,4156,3055
4103.959,4157,3055
4104.0,4158,3055
4104.061,4159,3055
4132.98,4160,3055
4140.758,4161,3055
4141.353,4162,3055
4185.45,4163,3055
4200.805,4164,3055
4200.829,4165,3055
4200.84,4166,3055
4201.546,4167,3055
4202.106,4168,3055
4203.455,4169,3055
4203.528,4170,3055
4204.958,4171,3055
4205.908,4172,3055
4205.93,4173,3055
4206.243,4174,3055
4257.901,4175,3055
4257.986,4176,3055
4262.055,4177,3055
4277.879,4178,3055
4291.304,4179,3055
4318.112,4180,3055
4343.962,4181,3055
4360.162,4182,3055
4389.568,4183,3055
4400.05,4184,3055
4400.377,4185,3063
4400.428,4186,3064
4400.429,4187,3065
4400.434,4188,3066
4400.438,4189,3066
4400.467,4190,3096
4400.556,4191,3096
4400.558,4192,3097
4400.56,4193,3097
4400.564,4194,3099
4400.648,4195,3099
4400.669,4196,3099
4400.708,4197,3099
4400.709,4198,3099
4400.711,4199,3101
4400.719,4200,3103
4400.724,4201,3104
4400.726,4202,3106
4400.735,4203,3108
4400.757,4204,3112
4400.813,4205,3115
4400.868,4206,3115
4400.904,4207,3116
4400.973,4208,3116
4400.982,4209,3118
4401.142,4210,3118
4401.416,4211,3119
4401.459,4212,3119
4402.127,4213,3119
4402.157,4214,3121
4402.4,4215,3122
4403.181,4216,3123
4403.331,4217,3123
4403.852,4218,3124
4405.031,4219,3124
4408.89,4220,3124
4412.459,4221,3124
4426.937,4222,3124
4427.74,4223,3124
4431.421,4224,3124
4467.981,4225,3124
4481.637,4226,3124
4491.386,4227,3124
4492.056,4228,3124
4511.314,4229,3124
4531.017,4230,3124
4531.278,4231,3124
4544.233,4232,3124
4545.173,4233,3124
4552.104,4234,3124
4552.111,4235,3124
4560.149,4236,3124
4560.807,4237,3124
4561.193,4238,3124
4561.496,4239,3124
4563.899,4240,3124
4566.207,4241,3124
4568.303,4242,3124
4588.38,4243,3124
4595.007,4244,3124
4690.566,4245,3124
4696.474,4246,3124
4730.698,4247,3124
4742.605,4248,3124
4758.979,4249,3125
4780.342,4250,3125
4786.759,4251,3125
4796.267,4252,3125
4796.313,4253,3130
4796.408,4254,3132
4796.506,4255,3132
4796.563,4256,3132
4796.57,4257,3132
4796.591,4258,3132
4796.732,4259,3132
4796.919,4260,3132
4797.021,4261,3132
4797.063,4262,3132
4797.191,4263,3132
4797.382,4264,3132
4797.45,4265,3132
4797.606,4266,3132
4797.995,4267,3132
4798.269,4268,3132
4798.415,4269,3132
4798.512,4270,3132
4798.65,4271,3132
4799.075,4272,3132
4799.52,4273,3133
4803.156,4274,3133
4805.444,4275,3133
4805.92,4276,3134
4806.326,4277,3134
4806.546,4278,3134
4807.096,4279,3134
4807.174,4280,3134
4807.645,4281,3137
4808.026,4282,3139
4808.925,4283,3139
4809.568,4284,3139
4809.963,4285,3139
4810.931,4286,3139
4812.306,4287,3140
4813.253,4288,3140
4813.704,4289,3140
4814.461,4290,3140
4816.428,4291,3140
4817.943,4292,3140
4820.471,4293,3140
4823.446,4294,3140
4827.288,4295,3141
4831.602,4296,3141
4832.869,4297,3141
4837.446,4298,3141
4843.117,4299,3141
4844.679,4300,3141
4849.312,4301,3141
4849.602,4302,3141
4850.098,4303,3141
4850.491,4304,3141
4853.02,4305,3141
4859.19,4306,3141
4865.505,4307,3141
4866.528,4308,3141
4906.003,4309,3141
4906.255,4310,3141
4908.115,4311,3141
4908.656,4312,3141
4909.084,4313,3141
4909.611,4314,3142
4910.375,4315,3142
4910.926,4316,3142
4912.276,4317,3142
4913.893,4318,3142
4915.902,4319,3142
4916.273,4320,3142
4917.103,4321,3144
4919.407,4322,3144
4920.479,4323,3144
4922.386,4324,3144
4923.54,4325,3144
4924.226,4326,3144
4928.86,4327,3144
4933.475,4328,3144
4935.962,4329,3144
4944.087,4330,3144
4960.365,4331,3144
4967.213,4332,3145
4973.461,4333,3145
4975.445,4334,3145
4981.264,4335,3145
4983.315,4336,3145
4986.569,4337,3145
4989.894,4338,3145
4991.934,4339,3145
5003.721,4340,3145
5010.288,4341,3145
5011.411,4342,3145
5016.393,4343,3145
5016.84,4344,3145
5021.93,4345,3145
5070.419,4346,3145
5072.741,4347,3145
5078.759,4348,3145
5126.412,4349,3145
5420.351,4350,3145
5420.44,4351,3145
5420.815,4352,3145
5421.528,4353,3145
5421.686,4354,3145
5421.982,4355,3145
5422.101,4356,3145
5424.187,4357,3145
5424.289,4358,3145
5424.466,4359,3146
5426.967,4360,3146
5427.292,4361,3146
5429.843,4362,3146
5433.303,4363,3146
5436.363,4364,3146
5437.405,4365,3146
5438.561,4366,3146
5439.4,4367,3146
5442.88,4368,3146
5447.262,4369,3146
5449.96,4370,3146
5459.559,4371,3146
5999.271,4372,3146
6102.145,4373,3146
6111.629,4374,3149
6118.002,4375,3149
6119.031,4376,3149
6120.473,4377,3149
6121.951,4378,3149
6125.334,4379,3149
6137.812,4380,3151
6159.043,4381,3151
6164.984,4382,3151
6177.722,4383,3151
6195.467,4384,3151
6272.248,4385,3151
6300.664,4386,3151
6401.173,4387,3151
6439.403,4388,3151
6502.263,4389,3151
6778.793,4390,3154
6785.639,4391,3156
6791.237,4392,3158
6812.166,4393,3158
6823.634,4394,3158
6825.352,4395,3158
6853.656,4396,3158
6861.548,4397,3158
6871.727,4398,3158
6877.924,4399,3160
6915.289,4400,3160
6986.07,4401,3160
6990.024,4402,3162
6997.839,4403,3162
7006.654,4404,3162
7008.391,4405,3163
7013.543,4406,3163
7027.682,4407,3163
7082.595,4408,3163
7124.037,4409,3163
7259.118,4410,3163
7597.338,4411,3163
7597.481,4412,3163
7597.666,4413,3163
7597.867,4414,3163
7597.946,4415,3163
7599.061,4416,3163
7606.786,4417,3163
7637.209,4418,3165
7641.542,4419,3165
7694.151,4420,3165
7694.234,4421,3165
7694.308,4422,3165
7694.403,4423,3165
7694.672,4424,3165
7695.278,4425,3165
7696.582,4426,3165
7697.772,4427,3165
7699.3,4428,3165
7704.301,4429,3165
7705.919,4430,3165
7706.807,4431,3165
7708.445,4432,3165
7709.102,4433,3165
7715.011,4434,3165
7762.374,4435,3165
7763.3,4436,3165
7768.368,4437,3165
7772.061,4438,3165
7774.927,4439,3165
7780.46,4440,3165
7783.365,4441,3165
7785.021,4442,3165
7801.366,4443,3165
7804.262,4444,3166
7839.631,4445,3168
7840.091,4446,3168
7840.382,4447,3169
7890.401,4448,3169
8304.742,4449,3169
8596.385,4450,3169
8602.839,4451,3169
8611.567,4452,3169
8613.754,4453,3169
8617.839,4454,3169
8619.25,4455,3169
8648.352,4456,3169
8667.299,4457,3169
8692.582,4458,3169
8699.337,4459,3169
8701.558,4460,3169
8705.842,4461,3169
8800.096,4462,3169
8800.469,4463,3169
8801.116,4464,3169
8801.508,4465,3169
8801.9,4466,3169
8802.135,4467,3169
8804.274,4468,3169
8817.419,4469,3169
8819.7,4470,3169
8828.335,4471,3169
8838.585,4472,3169
8839.067,4473,3169
8839.433,4474,3169
8839.524,4475,3169
8839.63,4476,3169
8840.849,4477,3169
8841.089,4478,3169
8844.89,4479,3170
8849.266,4480,3170
8855.883,4481,3170
8887.03,4482,3170
8924.202,4483,3170
8925.608,4484,3170
8928.216,4485,3170
8928.944,4486,3170
8934.831,4487,3170
8937.139,4488,3171
8937.656,4489,3171
8943.162,4490,3171
8944.475,4491,3171
8983.828,4492,3171
9002.799,4493,3171
9007.431,4494,3171
9020.534,4495,3171
9053.306,4496,3172
9055.931,4497,3172
9088.597,4498,3172
9133.781,4499,3174
9169.037,4500,3179
9417.737,4501,3179
9423.422,4502,3179
9425.363,4503,3179
9448.794,4504,3179
9477.183,4505,3179
9619.794,4506,3179
9629.93,4507,3179
9716.595,4508,3179
9761.724,4509,3179
9771.386,4510,3179
9851.643,4511,3180
9852.211,4512,3180
9855.383,4513,3180
9861.7,4514,3180
9863.331,4515,3180
9877.538,4516,3180
9878.157,4517,3180
9879.837,4518,3180
9885.881,4519,3180
9887.231,4520,3180
9898.917,4521,3180
9898.991,4522,3180
9906.531,4523,3180
9925.03,4524,3181
9966.02,4525,3184
9966.409,4526,3184
9979.491,4527,3185
10028.914,4528,3185
10029.84,4529,3185
10035.65,4530,3185
10036.278,4531,3185
10041.183,4532,3185
10082.708,4533,3185
10084.242,4534,3185
10089.279,4535,3185
10099.8,4536,3185
10113.759,4537,3185
10114.237,4538,3185
10114.84,4539,3185
10119.152,4540,3185
10123.375,4541,3185
10128.234,4542,3185
10147.758,4543,3185
10167.259,4544,3185
10204.942,4545,3185
10225.946,4546,3185
10225.985,4547,3185
10226.247,4548,3185
10262.103,4549,3185
10273.846,4550,3185
10273.953,4551,3185
10274.989,4552,3185
10322.078,4553,3185
10323.308,4554,3185
10323.372,4555,3185
10336.754,4556,3185
10523.536,4557,3185
10524.491,4558,3185
10527.43,4559,3185
10528.968,4560,3185
10542.383,4561,3185
10547.731,4562,3185
10549.812,4563,3185
10553.601,4564,3185
10618.27,4565,3185
10625.518,4566,3185
10625.827,4567,3185
10673.75,4568,3185
10692.437,4569,3185
10695.001,4570,3185
10695.718,4571,3185
10705.01,4572,3185
10711.37,4573,3185
10729.717,4574,3185
10787.192,4575,3185
10843.367,4576,3185
10962.374,4577,3185
10968.714,4578,3185
11057.638,4579,3185
11057.762,4580,3185
11057.853,4581,3185
11077.884,4582,3185
11144.977,4583,3185
11146.578,4584,3185
11154.475,4585,3185
11159.713,4586,3185
11217.435,4587,3185
11217.48,4588,3185
11217.705,4589,3185
11218.179,4590,3185
11220.982,4591,3185
11222.095,4592,3185
11247.025,4593,3185
11337.471,4594,3185
11512.0,4595,3186
11640.176,4596,3186
11774.023,4597,3186
11800.9,4598,3186
11806.235,4599,3186
11841.681,4600,3186
11901.939,4601,3186
11903.271,4602,3186
11909.034,4603,3186
11926.067,4604,3186
11927.646,4605,3186
11928.092,4606,3186
11928.167,4607,3186
11928.188,4608,3186
11931.725,4609,3186
11933.92,4610,3186
11955.158,4611,3187
12022.565,4612,3187
12064.594,4613,3188
12073.915,4614,3188
12087.989,4615,3188
12091.132,4616,3188
12159.48,4617,3188
12159.804,4618,3188
12159.904,4619,3188
12168.489,4620,3188
12219.516,4621,3188
12223.404,4622,3188
12257.774,4623,3188
12270.172,4624,3188
12291.895,4625,3188
12324.754,4626,3188
12341.612,4627,3188
12368.221,4628,3188
12368.808,4629,3188
12422.001,4630,3188
12433.505,4631,3188
12448.264,4632,3188
12448.765,4633,3188
12449.052,4634,3188
12449.595,4635,3188
12449.924,4636,3188
12478.256,4637,3188
12478.289,4638,3188
12479.119,4639,3188
12490.408,4640,3188
12491.1,4641,3188
12526.51,4642,3188
12526.74,4643,3188
12547.252,4644,3188
12547.257,4645,3188
12579.07,4646,3188
12612.628,4647,3188
12690.475,4648,3188
12730.502,4649,3188
12732.101,4650,3188
12745.969,4651,3188
12807.922,4652,3188
12807.986,4653,3188
12817.459,4654,3188
12817.944,4655,3188
12824.39,4656,3188
12824.4,4657,3188
12833.703,4658,3188
12857.25,4659,3188
12941.828,4660,3188
12972.28,4661,3188
13105.443,4662,3188
13105.458,4663,3188
13105.808,4664,3188
13106.171,4665,3188
13117.111,4666,3188
13159.538,4667,3188
13159.695,4668,3188
13159.916,4669,3188
13217.765,4670,3188
13236.878,4671,3188
13237.312,4672,3188
13238.055,4673,3188
13239.491,4674,3188
13315.064,4675,3188
13315.263,4676,3188
13315.409,4677,3188
13315.539,4678,3188
13320.159,4679,3188
13384.097,4680,3188
13425.262,4681,3188
13425.396,4682,3188
13431.791,4683,3188
13432.032,4684,3188
13438.26,4685,3188
13522.664,4686,3188
13523.523,4687,3188
13523.753,4688,3188
13535.014,4689,3188
13590.946,4690,3188
13711.207,4691,3188
13713.263,4692,3188
13713.291,4693,3188
13713.563,4694,3188
13730.661,4695,3188
13730.683,4696,3188
13730.715,4697,3188
13730.751,4698,3188
13730.886,4699,3188
13731.195,4700,3188
13731.317,4701,3188
13739.505,4702,3188
13777.07,4703,3188
13777.331,4704,3188
13810.437,4705,3188
13830.704,4706,3188
13835.679,4707,3188
13836.252,4708,3188
13889.915,4709,3188
13911.253,4710,3188
13913.43,4711,3188
13913.937,4712,3188
13914.067,4713,3188
13926.332,4714,3188
13926.554,4715,3188
13928.439,4716,3188
13985.693,4717,3188
14035.2,4718,3188
14108.128,4719,3188
14130.887,4720,3188
14131.879,4721,3188
14134.226,4722,3188
14190.727,4723,3188
14282.597,4724,3188
14282.883,4725,3188
14335.044,4726,3188
14372.693,4727,3188
14375.719,4728,3188
14379.185,4729,3188
14379.401,4730,3188
14379.61,4731,3188
14387.6,4732,3188
14387.703,4733,3188
14395.042,4734,3188
14444.538,4735,3188
14459.378,4736,3188
14468.989,4737,3188
14557.19,4738,3188
14603.621,4739,3188
14617.485,4740,3188
14635.501,4741,3188
14635.601,4742,3188
14793.347,4743,3188
14797.417,4744,3188
14802.657,4745,3188
14817.3,4746,3188
14823.412,4747,3188
14823.464,4748,3188
14842.177,4749,3188
14843.235,4750,3188
14975.45,4751,3188
14976.321,4752,3188
15149.047,4753,3188
15156.19,4754,3188
15165.055,4755,3188
15166.572,4756,3188
15210.973,4757,3188
15211.014,4758,3188
15211.984,4759,3188
15316.101,4760,3188
15355.146,4761,3188
15386.087,4762,3188
15386.446,4763,3188
15387.099,4764,3188
15429.564,4765,3188
15432.107,4766,3188
15476.634,4767,3188
15513.13,4768,3188
15584.776,4769,3188
15584.907,4770,3188
15636.662,4771,3188
15637.338,4772,3188
15687.828,4773,3188
15688.429,4774,3188
15787.011,4775,3188
15794.938,4776,3188
15851.008,4777,3188
15923.874,4778,3188
15990.613,4779,3188
16051.697,4780,3188
16053.628,4781,3188
16147.036,4782,3188
16147.689,4783,3188
16170.343,4784,3188
16174.025,4785,3188
16176.046,4786,3188
16208.782,4787,3188
16208.797,4788,3188
16209.355,4789,3188
16209.638,4790,3188
16214.118,4791,3188
16249.434,4792,3188
16249.637,4793,3188
16249.891,4794,3188
16250.881,4795,3188
16269.05,4796,3188
16273.916,4797,3188
16283.623,4798,3188
16284.213,4799,3188
16335.955,4800,3188
16340.77,4801,3188
16340.784,4802,3188
16340.919,4803,3188
16342.145,4804,3188
16342.242,4805,3188
16342.453,4806,3188
16398.073,4807,3188
16463.078,4808,3188
16465.263,4809,3188
16467.407,4810,3188
16488.04,4811,3188
16491.656,4812,3188
16492.25,4813,3189
16500.107,4814,3189
16640.99,4815,3189
16710.398,4816,3189
16748.973,4817,3189
16749.049,4818,3190
16749.953,4819,3190
16750.192,4820,3190
16840.917,4821,3190
16842.741,4822,3190
16917.327,4823,3190
16919.339,4824,3190
16961.303,4825,3190
16974.303,4826,3190
17006.874,4827,3190
17007.025,4828,3190
17083.969,4829,3190
17106.963,4830,3190
17109.205,4831,3190
17111.372,4832,3190
17126.695,4833,3190
17165.962,4834,3190
17166.048,4835,3190
17177.339,4836,3190
17200.47,4837,3190
17200.523,4838,3190
17201.058,4839,3191
17203.984,4840,3191
17204.001,4841,3191
17204.017,4842,3191
17204.151,4843,3191
17204.351,4844,3191
17205.083,4845,3191
17205.996,4846,3191
17206.175,4847,3191
17218.078,4848,3192
17220.46,4849,3192
17250.595,4850,3192
17257.538,4851,3192
17284.267,4852,3192
17326.541,4853,3192
17343.912,4854,3192
17344.956,4855,3192
17345.806,4856,3192
17395.837,4857,3192
17492.748,4858,3192
17494.376,4859,3192
17494.381,4860,3192
17494.688,4861,3192
17495.356,4862,3192
17634.004,4863,3192
17634.071,4864,3192
17651.299,4865,3192
17651.516,4866,3192
17651.721,4867,3192
17691.402,4868,3192
17692.161,4869,3192
17734.626,4870,3192
17734.652,4871,3192
17744.72,4872,3192
17744.971,4873,3192
17761.0,4874,3192
17761.674,4875,3192
17761.808,4876,3192
17770.325,4877,3192
17770.385,4878,3192
17783.911,4879,3192
17784.082,4880,3192
17789.028,4881,3192
17789.05,4882,3192
17815.895,4883,3192
17816.045,4884,3192
17823.771,4885,3192
17868.713,4886,3192
17876.565,4887,3192
17878.196,4888,3192
17903.994,4889,3192
17937.781,4890,3192
17958.977,4891,3192
17995.683,4892,3192
18093.877,4893,3192
18094.1,4894,3192
18099.149,4895,3192
18249.051,4896,3192
18249.35,4897,3192
18274.829,4898,3192
18317.255,4899,3192
18337.265,4900,3192
18413.098,4901,3192
18414.105,4902,3192
18414.527,4903,3192
18418.102,4904,3192
18715.799,4905,3192
18816.961,4906,3192
18817.042,4907,3192
18820.493,4908,3192
18828.732,4909,3192
18843.281,4910,3192
18887.202,4911,3192
18903.539,4912,3192
18920.776,4913,3192
18956.324,4914,3192
18956.491,4915,3192
18956.791,4916,3192
18962.826,4917,3192
19031.899,4918,3192
19087.189,4919,3192
19111.491,4920,3192
19276.417,4921,3192
19298.342,4922,3192
19344.66,4923,3192
19362.634,4924,3193
19450.192,4925,3193
19455.153,4926,3193
19455.246,4927,3193
19471.921,4928,3193
19485.495,4929,3193
19502.352,4930,3193
19503.2,4931,3193
19550.467,4932,3193
19599.403,4933,3193
19599.431,4934,3194
19600.496,4935,3194
19601.699,4936,3194
19606.09,4937,3194
19671.167,4938,3194
19702.019,4939,3194
19825.071,4940,3194
19904.554,4941,3194
19929.897,4942,3194
20033.808,4943,3194
20075.628,4944,3194
20075.637,4945,3194
20075.656,4946,3194
20119.67,4947,3194
20152.664,4948,3194
20158.224,4949,3194
20166.869,4950,3195
20177.146,4951,3195
20193.547,4952,3195
20215.676,4953,3195
20256.677,4954,3195
20275.008,4955,3195
20275.229,4956,3195
20318.681,4957,3195
20340.348,4958,3195
20340.817,4959,3195
20341.278,4960,3195
20432.374,4961,3195
20444.14,4962,3195
20445.506,4963,3195
20446.109,4964,3195
20508.44,4965,3195
20513.049,4966,3195
20523.811,4967,3195
20536.343,4968,3195
20550.073,4969,3195
20607.437,4970,3195
20610.511,4971,3195
20650.047,4972,3195
20731.99,4973,3195
20738.314,4974,3195
20743.42,4975,3195
20752.299,4976,3195
20787.252,4977,3195
20787.425,4978,3195
20800.855,4979,3195
20802.803,4980,3195
20802.898,4981,3195
20805.68,4982,3195
20810.464,4983,3195
20816.918,4984,3195
20894.129,4985,3195
20919.335,4986,3195
20928.117,4987,3195
20929.32,4988,3195
20945.504,4989,3195
21042.802,4990,3195
21049.165,4991,3195
21091.595,4992,3195
21176.67,4993,3195
21187.533,4994,3195
21296.067,4995,3195
21296.277,4996,3195
21296.485,4997,3195
21316.673,4998,3195
21333.264,4999,3195
21363.515,5000,3195
21376.993,5001,3195
21474.464,5002,3195
21474.566,5003,3195
21474.704,5004,3195
21476.169,5005,3195
21509.019,5006,3195
21509.891,5007,3195
21589.891,5008,3195
21603.606,5009,3195
21606.592,5010,3195
21620.158,5011,3195
21644.519,5012,3195
22429.567,5013,3195
22429.648,5014,3195
22450.103,5015,3195
22573.593,5016,3196
22576.57,5017,3196
22758.632,5018,3196
22797.557,5019,3196
22797.717,5020,3196
22797.987,5021,3196
22798.311,5022,3196
22836.613,5023,3196
22947.081,5024,3196
23065.478,5025,3196
23113.92,5026,3196
23126.21,5027,3196
23179.877,5028,3196
23442.482,5029,3196
23442.523,5030,3196
23561.768,5031,3196
23561.865,5032,3196
23576.834,5033,3196
23779.862,5034,3196
23814.148,5035,3196
23888.074,5036,3196
24002.716,5037,3196
24002.909,5038,3196
24004.426,5039,3196
24167.602,5040,3196
24484.712,5041,3196
24489.422,5042,3196
24489.873,5043,3196
24490.634,5044,3196
24491.273,5045,3196
24555.352,5046,3196
24555.506,5047,3196
24610.091,5048,3196
24652.476,5049,3196
24693.941,5050,3196
24723.888,5051,3196
24724.303,5052,3196
24724.703,5053,3196
24727.132,5054,3196
24780.815,5055,3196
24830.287,5056,3196
24830.381,5057,3196
24830.73,5058,3196
24857.839,5059,3196
24868.193,5060,3196
24916.074,5061,3196
24950.873,5062,3196
25160.853,5063,3196
25167.561,5064,3197
25339.997,5065,3197
25408.066,5066,3197
25574.956,5067,3197
25718.453,5068,3197
25766.468,5069,3197
25937.606,5070,3197
26018.195,5071,3197
26030.09,5072,3197
26044.973,5073,3197
26074.733,5074,3197
26074.799,5075,3197
26074.845,5076,3197
26161.263,5077,3197
26165.341,5078,3197
26243.674,5079,3197
26263.169,5080,3197
26421.552,5081,3197
26430.513,5082,3197
26453.66,5083,3197
26627.025,5084,3197
26724.701,5085,3197
26796.34,5086,3197
26803.32,5087,3197
26902.984,5088,3197
26907.669,5089,3197
27009.209,5090,3197
27053.535,5091,3197
27130.774,5092,3197
27167.135,5093,3197
27257.562,5094,3197
27300.817,5095,3197
27363.79,5096,3197
27375.957,5097,3197
27399.942,5098,3197
27429.073,5099,3197
27440.82,5100,3197
27441.902,5101,3197
27460.427,5102,3197
27518.876,5103,3197
27656.755,5104,3197
27675.997,5105,3197
27725.6,5106,3197
27745.469,5107,3197
27885.719,5108,3197
27885.921,5109,3197
27927.385,5110,3197
28081.185,5111,3197
28148.761,5112,3197
29040.837,5113,3197
29227.063,5114,3197
29291.679,5115,3197
29434.929,5116,3197
29509.988,5117,3197
29529.502,5118,3197
29600.035,5119,3197
29663.662,5120,3197
29712.666,5121,3197
29857.318,5122,3197
29917.827,5123,3197
29956.784,5124,3197
30002.601,5125,3197
30151.845,5126,3197
30252.728,5127,3197
30253.433,5128,3198
30372.385,5129,3198
30419.986,5130,3198
30487.4,5131,3198
30545.81,5132,3198
30598.662,5133,3198
30769.652,5134,3198
30846.033,5135,3198
30865.306,5136,3198
30886.248,5137,3198
30920.319,5138,3198
30920.354,5139,3198
30922.764,5140,3198
30972.03,5141,3198
31033.187,5142,3198
31071.193,5143,3198
31076.708,5144,3198
31080.851,5145,3198
31082.332,5146,3198
31136.801,5147,3198
31137.076,5148,3198
31157.868,5149,3198
31157.948,5150,3198
31158.018,5151,3198
31174.381,5152,3198
31174.695,5153,3198
31182.432,5154,3198
31258.294,5155,3198
31268.091,5156,3198
31345.897,5157,3198
31365.239,5158,3198
31477.152,5159,3198
31596.283,5160,3198
31715.696,5161,3198
31759.886,5162,3198
31840.919,5163,3198
31852.739,5164,3198
31877.489,5165,3198
31924.078,5166,3198
31925.09,5167,3198
31939.582,5168,3198
31949.254,5169,3198
31974.288,5170,3198
31980.719,5171,3198
32006.39,5172,3198
32211.672,5173,3198
32304.161,5174,3198
32442.438,5175,3198
32461.886,5176,3198
32696.523,5177,3198
33149.516,5178,3198
33239.369,5179,3198
33504.739,5180,3198
33655.16,5181,3198
33815.62,5182,3198
33923.37,5183,3198
34093.793,5184,3198
34442.211,5185,3198
34469.121,5186,3198
34483.219,5187,3198
34556.795,5188,3199
34559.879,5189,3200
34577.719,5190,3200
34614.948,5191,3200
34717.155,5192,3200
34723.436,5193,3200
35006.862,5194,3200
35007.226,5195,3200
35007.399,5196,3200
35009.933,5197,3200
35183.327,5198,3200
35299.891,5199,3200
35330.713,5200,3200
35607.321,5201,3200
36399.055,5202,3200
36689.595,5203,3200
36698.057,5204,3200
37205.386,5205,3200
37285.414,5206,3201
37377.697,5207,3201
37421.091,5208,3201
37496.877,5209,3201
37976.028,5210,3201
38042.598,5211,3201
38081.161,5212,3201
38449.855,5213,3201
38607.828,5214,3201
38810.533,5215,3201
39151.211,5216,3201
39287.131,5217,3201
39315.364,5218,3201
39408.35,5219,3201
39488.679,5220,3201
39580.234,5221,3201
40186.382,5222,3201
40352.604,5223,3201
40391.018,5224,3201
40724.179,5225,3201
40828.034,5226,3201
41519.31,5227,3201
41590.282,5228,3201
41649.464,5229,3201
42011.458,5230,3201
42012.745,5231,3201
42071.928,5232,3201
42137.835,5233,3201
42353.885,5234,3201
42596.355,5235,3201
42602.65,5236,3201
42608.279,5237,3201
42609.449,5238,3201
42821.834,5239,3201
42835.198,5240,3201
42858.109,5241,3201
42863.373,5242,3201
42980.809,5243,3201
43005.611,5244,3201
43046.096,5245,3201
43046.118,5246,3201
43048.386,5247,3201
43068.159,5248,3201
43153.992,5249,3201
43185.292,5250,3201
43248.064,5251,3201
43265.173,5252,3201
43270.632,5253,3201
43320.617,5254,3201
43325.033,5255,3201
43393.402,5256,3201
44293.725,5257,3201
44448.962,5258,3201
45141.366,5259,3201
45392.591,5260,3201
45583.06,5261,3201
45708.113,5262,3201
45748.002,5263,3201
45956.988,5264,3201
46110.874,5265,3201
46869.161,5266,3201
47684.971,5267,3201
47816.581,5268,3201
47865.335,5269,3201
47865.481,5270,3201
47867.929,5271,3201
47925.588,5272,3201
49076.769,5273,3201
49204.078,5274,3201
50425.964,5275,3201
50427.882,5276,3201
51102.021,5277,3201
51223.588,5278,3201
51963.099,5279,3201
51981.333,5280,3201
52314.691,5281,3201
52397.937,5282,3201
52448.996,5283,3201
52450.708,5284,3201
52478.463,5285,3201
52601.999,5286,3201
52680.265,5287,3201
53137.248,5288,3201
53258.021,5289,3202
53403.338,5290,3202
53418.092,5291,3202
53419.66,5292,3202
53527.182,5293,3202
53740.708,5294,3202
53830.64,5295,3202
53897.124,5296,3202
53967.178,5297,3202
54092.925,5298,3202
55255.128,5299,3202
55899.052,5300,3202
55899.228,5301,3202
56900.888,5302,3202
56978.569,5303,3202
57060.422,5304,3202
57386.557,5305,3202
57513.895,5306,3202
57615.17,5307,3202
57618.112,5308,3202
58794.978,5309,3202
59259.865,5310,3202
59434.567,5311,3202
60311.357,5312,3202
60474.386,5313,3203
61961.296,5314,3204
62283.15,5315,3204
62578.907,5316,3204
63086.663,5317,3204
63176.85,5318,3205
63195.297,5319,3205
63207.19,5320,3206
63535.486,5321,3206
63549.639,5322,3206
63568.421,5323,3206
63847.459,5324,3206
64629.054,5325,3206
64660.202,5326,3206
64885.028,5327,3206
64943.675,5328,3206
65053.829,5329,3206
65129.529,5330,3206
65201.853,5331,3209
65226.538,5332,3210
65306.357,5333,3210
65340.77,5334,3210
65678.358,5335,3210
65690.957,5336,3210
65699.3,5337,3210
65769.835,5338,3210
66006.437,5339,3210
66021.494,5340,3210
66047.845,5341,3210
66175.103,5342,3210
66266.83,5343,3210
66507.181,5344,3210
66521.482,5345,3210
66566.971,5346,3210
66569.006,5347,3210
66569.329,5348,3210
66575.47,5349,3210
66636.02,5350,3210
66638.87,5351,3210
66650.554,5352,3210
66650.58,5353,3210
66654.977,5354,3210
66673.989,5355,3210
66741.824,5356,3210
66741.837,5357,3210
66748.026,5358,3210
66748.03,5359,3210
66748.032,5360,3210
66748.187,5361,3210
66748.198,5362,3210
66748.199,5363,3210
66748.227,5364,3210
66748.245,5365,3210
66748.248,5366,3210
66748.366,5367,3210
66748.375,5368,3210
66748.394,5369,3210
66748.418,5370,3210
66748.454,5371,3210
66748.464,5372,3210
66748.494,5373,3210
66748.557,5374,3210
66748.563,5375,3210
66748.568,5376,3210
66748.741,5377,3210
66749.465,5378,3210
66749.467,5379,3210
66749.477,5380,3210
66749.541,5381,3210
66749.542,5382,3210
66749.724,5383,3210
66749.764,5384,3210
66749.882,5385,3210
66750.039,5386,3210
66750.115,5387,3210
66750.132,5388,3210
66750.195,5389,3210
66750.206,5390,3210
66750.502,5391,3210
66783.176,5392,3210
66815.298,5393,3210
66815.305,5394,3210
66815.317,5395,3210
66815.495,5396,3210
66815.528,5397,3210
66815.768,5398,3210
66816.089,5399,3210
66816.146,5400,3210
66816.407,5401,3210
66816.522,5402,3210
66816.716,5403,3210
66816.999,5404,3210
66817.102,5405,3210
66838.661,5406,3210
66848.989,5407,3210
66858.494,5408,3210
66858.703,5409,3210
66903.939,5410,3210
66993.376,5411,3210
67087.275,5412,3210
67087.556,5413,3210
67113.635,5414,3210
67137.037,5415,3210
67216.013,5416,3210
67216.762,5417,3210
67259.455,5418,3210
67259.491,5419,3210
67259.499,5420,3210
67259.662,5421,3210
67367.311,5422,3210
67442.213,5423,3210
67470.408,5424,3210
67579.575,5425,3210
67588.113,5426,3210
67611.261,5427,3210
67611.714,5428,3210
67612.668,5429,3210
67690.629,5430,3210
67690.706,5431,3210
67691.92,5432,3210
67785.657,5433,3210
67785.774,5434,3210
67785.802,5435,3210
67787.036,5436,3210
67819.541,5437,3210
68058.6,5438,3210
68058.661,5439,3210
68084.219,5440,3211
68100.069,5441,3211
68100.312,5442,3211
68100.426,5443,3211
68102.091,5444,3211
68188.998,5445,3211
68189.119,5446,3211
68189.191,5447,3211
68189.918,5448,3211
68233.93,5449,3211
68246.419,5450,3211
68246.501,5451,3211
68306.116,5452,3211
68368.496,5453,3211
68497.754,5454,3211
68524.862,5455,3211
68544.235,5456,3211
68606.836,5457,3211
68654.697,5458,3211
68657.942,5459,3211
68830.186,5460,3211
68952.803,5461,3211
68952.804,5462,3211
68952.813,5463,3211
69011.005,5464,3211
69172.045,5465,3211
69184.071,5466,3211
69250.601,5467,3211
69356.144,5468,3211
69443.892,5469,3211
69446.609,5470,3211
69521.325,5471,3211
69536.915,5472,3211
69637.335,5473,3211
69724.219,5474,3211
70156.983,5475,3211
70276.615,5476,3211
70315.925,5477,3211
70460.453,5478,3211
70625.695,5479,3211
70742.107,5480,3211
70888.72,5481,3211
70888.724,5482,3211
70888.786,5483,3211
70888.924,5484,3211
71180.596,5485,3211
71260.741,5486,3211
72129.427,5487,3211
72131.522,5488,3211
72131.576,5489,3211
72282.752,5490,3211
72410.807,5491,3211
72413.095,5492,3211
72592.509,5493,3212
72592.734,5494,3212
72600.217,5495,3214
72600.232,5496,3215
72600.242,5497,3215
72600.5,5498,3215
72613.781,5499,3215
72618.556,5500,3217
72647.921,5501,3217
72718.648,5502,3217
73028.225,5503,3217
73245.872,5504,3217
73743.416,5505,3217
73743.435,5506,3217
73803.062,5507,3217
74651.86,5508,3217
74656.053,5509,3217
74703.854,5510,3217
74793.866,5511,3217
74794.157,5512,3217
74795.084,5513,3217
74795.305,5514,3217
74796.598,5515,3217
74799.596,5516,3217
75033.313,5517,3217
75067.079,5518,3217
75067.346,5519,3217
75317.874,5520,3217
75320.224,5521,3217
75320.583,5522,3217
75352.868,5523,3217
75378.114,5524,3217
75530.857,5525,3217
75711.398,5526,3217
75785.234,5527,3217
75858.084,5528,3217
76063.383,5529,3217
76070.897,5530,3217
76285.141,5531,3217
76428.653,5532,3217
76728.016,5533,3217
76959.062,5534,3217
77057.251,5535,3217
77164.005,5536,3219
77223.488,5537,3219
77247.087,5538,3219
77383.677,5539,3219
77455.861,5540,3219
77518.127,5541,3219
77550.595,5542,3219
77670.199,5543,3219
77670.47,5544,3219
77777.773,5545,3219
77805.894,5546,3219
78186.337,5547,3219
78273.665,5548,3219
78281.6,5549,3219
78416.696,5550,3219
78570.045,5551,3219
78737.145,5552,3219
78862.999,5553,3219
79134.371,5554,3219
79147.28,5555,3219
79585.015,5556,3219
79863.366,5557,3219
79868.156,5558,3219
79927.784,5559,3219
79972.077,5560,3219
80279.292,5561,3219
80411.823,5562,3219
80585.625,5563,3219
80617.269,5564,3219
80644.084,5565,3219
80679.664,5566,3219
81060.03,5567,3219
81096.51,5568,3219
81814.369,5569,3219
82046.029,5570,3219
82166.386,5571,3219
82209.67,5572,3219
82229.234,5573,3219
82322.108,5574,3219
82426.982,5575,3219
82492.549,5576,3219
82631.586,5577,3219
82721.085,5578,3219
82787.315,5579,3219
82987.713,5580,3219
83526.256,5581,3219
83883.095,5582,3219
83947.524,5583,3219
83996.276,5584,3219
83996.303,5585,3219
83999.992,5586,3219
84000.083,5587,3219
84000.137,5588,3219
84000.967,5589,3219
84001.323,5590,3219
84002.369,5591,3219
84024.984,5592,3219
84058.735,5593,3219
84096.423,5594,3219
84399.688,5595,3219
84583.024,5596,3219
84625.116,5597,3219
84840.445,5598,3219
84848.032,5599,3219
84864.293,5600,3219
84880.748,5601,3219
84880.809,5602,3219
85170.092,5603,3219
85364.368,5604,3219
85439.829,5605,3219
85444.277,5606,3219
85896.448,5607,3219
