time_s,inputs,cumulative_edges
0.0,1,357
0.001,2,482
0.002,3,486
0.002,4,490
0.003,5,490
0.003,6,508
0.004,7,616
0.006,8,681
0.007,9,683
0.008,10,686
0.009,11,688
0.012,12,688
0.016,13,702
0.018,14,704
0.019,15,704
0.02,16,705
0.021,17,706
0.023,18,707
0.028,19,707
0.033,20,708
0.034,21,710
0.037,22,710
0.042,23,710
0.063,24,711
0.083,25,712
0.083,26,713
0.119,27,715
0.133,28,750
0.142,29,753
0.174,30,767
0.217,31,768
0.218,32,768
0.241,33,768
0.262,34,768
0.292,35,768
0.304,36,768
0.309,37,769
0.338,38,769
0.339,39,782
0.43,40,782
0.475,41,782
0.486,42,783
0.526,43,797
0.528,44,797
0.557,45,797
0.564,46,797
0.573,47,797
0.594,48,798
0.645,49,800
0.663,50,800
0.687,51,800
0.733,52,800
0.755,53,800
0.782,54,800
0.842,55,800
0.882,56,800
0.956,57,800
0.978,58,800
1.0,59,801
1.024,60,801
1.034,61,801
1.087,62,801
1.116,63,801
1.137,64,801
1.225,65,801
1.27,66,801
1.293,67,809
1.44,68,809
1.607,69,809
1.784,70,809
1.899,71,820
1.953,72,823
1.955,73,823
1.964,74,824
1.97,75,826
1.991,76,948
2.034,77,956
2.057,78,973
2.061,79,974
2.079,80,987
2.08,81,990
2.102,82,1024
2.146,83,1067
2.169,84,1072
2.2,85,1076
2.22,86,1087
2.228,87,1105
2.238,88,1105
2.247,89,1105
2.27,90,1107
2.306,91,1109
2.308,92,1110
2.31,93,1110
2.31,94,1121
2.313,95,1125
2.314,96,1125
2.315,97,1128
2.316,98,1128
2.317,99,1130
2.319,100,1131
2.323,101,1135
2.323,102,1136
2.324,103,1136
2.325,104,1138
2.327,105,1143
2.328,106,1151
2.33,107,1151
2.336,108,1152
2.336,109,1155
2.338,110,1156
2.34,111,1158
2.342,112,1158
2.345,113,1158
2.347,114,1158
2.349,115,1158
2.35,116,1158
2.353,117,1159
2.356,118,1161
2.358,119,1162
2.359,120,1163
2.361,121,1197
2.378,122,1197
2.38,123,1203
2.384,124,1205
2.388,125,1205
2.389,126,1205
2.392,127,1205
2.393,128,1205
2.394,129,1207
2.397,130,1208
2.398,131,1208
2.401,132,1209
2.402,133,1216
2.404,134,1217
2.406,135,1218
2.412,136,1218
2.413,137,1218
2.414,138,1218
2.415,139,1218
2.419,140,1218
2.425,141,1218
2.427,142,1219
2.432,143,1219
2.432,144,1220
2.435,145,1220
2.437,146,1221
2.446,147,1221
2.447,148,1221
2.455,149,1229
2.462,150,1229
2.469,151,1230
2.471,152,1230
2.477,153,1235
2.484,154,1236
2.485,155,1254
2.487,156,1254
2.489,157,1254
2.499,158,1254
2.502,159,1254
2.504,160,1254
2.511,161,1263
2.525,162,1263
2.529,163,1263
2.531,164,1263
2.535,165,1263
2.543,166,1263
2.545,167,1265
2.546,168,1271
2.548,169,1272
2.554,170,1272
2.557,171,1273
2.569,172,1273
2.574,173,1273
2.584,174,1274
2.588,175,1276
2.603,176,1276
2.604,177,1276
2.607,178,1277
2.609,179,1278
2.611,180,1278
2.621,181,1283
2.622,182,1283
2.624,183,1283
2.64,184,1286
2.643,185,1287
2.646,186,1288
2.651,187,1289
2.654,188,1289
2.661,189,1289
2.663,190,1291
2.682,191,1291
2.686,192,1291
2.688,193,1291
2.69,194,1295
2.693,195,1295
2.702,196,1295
2.708,197,1295
2.711,198,1297
2.724,199,1297
2.727,200,1297
2.737,201,1298
2.739,202,1298
2.74,203,1298
2.751,204,1302
2.754,205,1302
2.763,206,1314
2.766,207,1314
2.789,208,1314
2.79,209,1314
2.792,210,1318
2.794,211,1318
2.82,212,1318
2.827,213,1319
2.835,214,1319
2.843,215,1320
2.855,216,1320
2.858,217,1320
2.863,218,1322
2.876,219,1322
2.877,220,1322
2.891,221,1322
2.892,222,1323
2.898,223,1323
2.907,224,1323
2.912,225,1324
2.933,226,1325
2.951,227,1325
2.953,228,1332
2.956,229,1354
2.97,230,1354
2.977,231,1355
2.985,232,1378
2.999,233,1417
3.048,234,1417
3.06,235,1417
3.066,236,1417
3.075,237,1417
3.076,238,1418
3.09,239,1419
3.096,240,1419
3.1,241,1420
3.104,242,1421
3.116,243,1422
3.118,244,1422
3.122,245,1422
3.127,246,1422
3.138,247,1422
3.15,248,1422
3.152,249,1422
3.156,250,1422
3.164,251,1425
3.168,252,1425
3.169,253,1425
3.172,254,1445
3.18,255,1445
3.186,256,1447
3.193,257,1447
3.194,258,1447
3.196,259,1447
3.199,260,1447
3.2,261,1447
3.202,262,1462
3.207,263,1463
3.213,264,1463
3.224,265,1463
3.227,266,1463
3.231,267,1464
3.242,268,1464
3.253,269,1465
3.262,270,1466
3.301,271,1467
3.32,272,1467
3.321,273,1468
3.336,274,1472
3.34,275,1475
3.346,276,1476
3.357,277,1476
3.365,278,1477
3.368,279,1486
3.372,280,1486
3.383,281,1486
3.402,282,1487
3.416,283,1488
3.455,284,1491
3.465,285,1491
3.474,286,1491
3.481,287,1491
3.504,288,1494
3.509,289,1501
3.538,290,1501
3.548,291,1539
3.556,292,1553
3.563,293,1553
3.601,294,1554
3.617,295,1554
3.618,296,1556
3.672,297,1556
3.675,298,1556
3.682,299,1557
3.689,300,1557
3.691,301,1558
3.73,302,1558
3.732,303,1559
3.739,304,1559
3.75,305,1560
3.759,306,1561
3.8,307,1563
3.814,308,1563
3.818,309,1564
3.834,310,1564
3.836,311,1564
3.841,312,1570
3.846,313,1587
3.858,314,1587
3.869,315,1587
3.919,316,1587
3.968,317,1587
4.018,318,1588
4.02,319,1588
4.027,320,1588
4.046,321,1603
4.052,322,1604
4.071,323,1605
4.116,324,1606
4.137,325,1606
4.142,326,1607
4.175,327,1607
4.191,328,1607
4.198,329,1607
4.206,330,1613
4.231,331,1613
4.25,332,1613
4.301,333,1613
4.331,334,1614
4.35,335,1614
4.36,336,1620
4.369,337,1621
4.378,338,1621
4.386,339,1621
4.39,340,1621
4.427,341,1623
4.436,342,1623
4.463,343,1623
4.471,344,1623
4.479,345,1623
4.492,346,1632
4.518,347,1633
4.555,348,1633
4.587,349,1634
4.631,350,1634
4.655,351,1634
4.67,352,1634
4.676,353,1634
4.691,354,1635
4.712,355,1635
4.728,356,1635
4.735,357,1635
4.767,358,1635
4.81,359,1635
4.821,360,1636
4.83,361,1636
4.849,362,1636
4.854,363,1636
4.873,364,1636
4.938,365,1637
4.94,366,1637
4.951,367,1637
4.988,368,1638
5.009,369,1638
5.011,370,1639
5.047,371,1640
5.059,372,1641
5.09,373,1641
5.102,374,1641
5.104,375,1641
5.116,376,1642
5.142,377,1642
5.188,378,1643
5.191,379,1646
5.209,380,1646
5.281,381,1646
5.356,382,1647
5.359,383,1650
5.393,384,1650
5.433,385,1650
5.455,386,1650
5.461,387,1650
5.465,388,1650
5.469,389,1650
5.473,390,1650
5.48,391,1650
5.519,392,1650
5.547,393,1650
5.581,394,1650
5.632,395,1650
5.716,396,1651
5.72,397,1665
5.747,398,1665
5.756,399,1665
5.757,400,1665
5.758,401,1665
5.759,402,1665
5.763,403,1666
5.764,404,1676
5.765,405,1677
5.771,406,1677
5.774,407,1678
5.782,408,1679
5.783,409,1679
5.784,410,1679
5.787,411,1681
5.789,412,1683
5.794,413,1684
5.794,414,1687
5.796,415,1688
5.796,416,1688
5.801,417,1688
5.804,418,1688
5.806,419,1689
5.808,420,1690
5.81,421,1691
5.813,422,1691
5.814,423,1691
5.816,424,1691
5.819,425,1691
5.82,426,1691
5.82,427,1691
5.822,428,1691
5.823,429,1691
5.827,430,1691
5.83,431,1691
5.831,432,1691
5.833,433,1691
5.834,434,1692
5.837,435,1692
5.837,436,1692
5.84,437,1693
5.844,438,1693
5.844,439,1694
5.845,440,1694
5.854,441,1694
5.856,442,1695
5.857,443,1695
5.859,444,1695
5.861,445,1695
5.866,446,1696
5.867,447,1696
5.871,448,1696
5.881,449,1697
5.89,450,1697
5.897,451,1697
5.9,452,1697
5.903,453,1697
5.904,454,1697
5.908,455,1697
5.92,456,1697
5.923,457,1698
5.924,458,1698
5.926,459,1698
5.928,460,1698
5.931,461,1698
5.932,462,1698
5.935,463,1699
5.939,464,1699
5.939,465,1699
5.94,466,1699
5.943,467,1699
5.955,468,1699
5.957,469,1699
5.96,470,1700
5.962,471,1700
5.965,472,1701
5.968,473,1701
5.976,474,1701
5.986,475,1701
5.99,476,1701
6.002,477,1701
6.005,478,1702
6.005,479,1702
6.006,480,1702
6.013,481,1702
6.025,482,1702
6.03,483,1702
6.032,484,1702
6.041,485,1702
6.048,486,1702
6.051,487,1704
6.054,488,1705
6.057,489,1705
6.068,490,1708
6.072,491,1725
6.073,492,1725
6.091,493,1726
6.113,494,1726
6.121,495,1726
6.138,496,1726
6.14,497,1726
6.145,498,1726
6.164,499,1729
6.168,500,1729
6.185,501,1729
6.19,502,1730
6.195,503,1735
6.2,504,1735
6.202,505,1735
6.219,506,1735
6.222,507,1735
6.233,508,1735
6.24,509,1736
6.245,510,1736
6.251,511,1736
6.254,512,1780
6.26,513,1780
6.263,514,1780
6.27,515,1781
6.272,516,1781
6.288,517,1781
6.289,518,1781
6.297,519,1782
6.308,520,1782
6.311,521,1782
6.315,522,1782
6.321,523,1782
6.335,524,1782
6.342,525,1782
6.352,526,1782
6.396,527,1783
6.415,528,1783
6.416,529,1786
6.428,530,1787
6.432,531,1787
6.45,532,1787
6.459,533,1787
6.465,534,1788
6.47,535,1788
6.485,536,1788
6.489,537,1788
6.499,538,1788
6.502,539,1789
6.506,540,1789
6.523,541,1789
6.527,542,1789
6.537,543,1790
6.545,544,1792
6.548,545,1793
6.562,546,1793
6.576,547,1794
6.586,548,1794
6.592,549,1794
6.62,550,1794
6.628,551,1794
6.634,552,1794
6.64,553,1796
6.643,554,1796
6.648,555,1796
6.679,556,1796
6.681,557,1796
6.689,558,1796
6.696,559,1796
6.697,560,1796
6.715,561,1796
6.73,562,1796
6.737,563,1796
6.749,564,1796
6.756,565,1796
6.776,566,1797
6.793,567,1797
6.814,568,1797
6.819,569,1797
6.825,570,1797
6.837,571,1797
6.845,572,1797
6.858,573,1797
6.869,574,1797
6.871,575,1799
6.873,576,1799
6.879,577,1800
6.882,578,1800
6.901,579,1800
6.924,580,1800
6.928,581,1800
6.933,582,1800
6.94,583,1803
6.947,584,1803
6.964,585,1803
6.97,586,1803
6.976,587,1803
7.026,588,1803
7.036,589,1803
7.039,590,1805
7.068,591,1805
7.11,592,1805
7.126,593,1805
7.137,594,1805
7.144,595,1805
7.148,596,1805
7.212,597,1805
7.235,598,1805
7.269,599,1805
7.274,600,1806
7.344,601,1806
7.36,602,1806
7.361,603,1806
7.369,604,1806
7.418,605,1806
7.428,606,1806
7.433,607,1806
7.463,608,1806
7.467,609,1806
7.507,610,1806
7.51,611,1806
7.533,612,1806
7.545,613,1806
7.546,614,1806
7.56,615,1807
7.602,616,1807
7.636,617,1807
7.641,618,1808
7.65,619,1808
7.659,620,1808
7.701,621,1808
7.738,622,1808
7.747,623,1808
7.752,624,1809
7.781,625,1809
7.794,626,1809
7.819,627,1809
7.828,628,1809
7.848,629,1809
7.854,630,1810
7.882,631,1810
7.898,632,1810
7.924,633,1811
7.945,634,1811
7.948,635,1811
7.965,636,1812
7.98,637,1812
7.991,638,1812
7.995,639,1812
8.004,640,1812
8.019,641,1812
8.046,642,1812
8.063,643,1812
8.138,644,1812
8.17,645,1812
8.212,646,1813
8.283,647,1813
8.289,648,1813
8.333,649,1813
8.336,650,1815
8.381,651,1816
8.39,652,1816
8.398,653,1816
8.407,654,1816
8.41,655,1816
8.45,656,1816
8.461,657,1816
8.464,658,1816
8.474,659,1816
8.499,660,1816
8.508,661,1816
8.582,662,1816
8.601,663,1817
8.606,664,1817
8.609,665,1817
8.634,666,1818
8.645,667,1818
8.669,668,1818
8.679,669,1818
8.69,670,1819
8.697,671,1820
8.728,672,1820
8.758,673,1820
8.767,674,1823
8.772,675,1823
8.781,676,1823
8.795,677,1823
8.836,678,1823
8.864,679,1823
8.888,680,1823
8.896,681,1823
8.913,682,1823
8.957,683,1825
8.998,684,1826
9.008,685,1826
9.024,686,1826
9.128,687,1826
9.159,688,1826
9.162,689,1826
9.193,690,1826
9.25,691,1826
9.292,692,1826
9.338,693,1826
9.342,694,1826
9.387,695,1826
9.434,696,1826
9.478,697,1826
9.494,698,1832
9.498,699,1832
9.5,700,1832
9.516,701,1832
9.611,702,1833
9.648,703,1835
9.743,704,1836
9.748,705,1836
9.775,706,1836
9.778,707,1836
9.827,708,1837
9.839,709,1839
9.89,710,1839
9.944,711,1839
9.967,712,1839
9.969,713,1839
9.973,714,1839
9.984,715,1839
9.988,716,1839
9.989,717,1839
9.99,718,1839
10.007,719,1842
10.018,720,1842
10.019,721,1842
10.023,722,1842
10.025,723,1842
10.03,724,1864
10.033,725,1864
10.036,726,1864
10.041,727,1864
10.046,728,1866
10.053,729,1866
10.063,730,1866
10.081,731,1870
10.116,732,1870
10.12,733,1871
10.122,734,1872
10.133,735,1872
10.142,736,1872
10.158,737,1872
10.164,738,1872
10.17,739,1872
10.173,740,1872
10.179,741,1872
10.18,742,1872
10.189,743,1872
10.198,744,1872
10.215,745,1872
10.236,746,1872
10.24,747,1872
10.25,748,1872
10.255,749,1872
10.257,750,1872
10.26,751,1873
10.275,752,1873
10.283,753,1873
10.29,754,1873
10.299,755,1873
10.305,756,1873
10.306,757,1873
10.391,758,1873
10.404,759,1873
10.408,760,1873
10.411,761,1873
10.444,762,1873
10.45,763,1874
10.476,764,1876
10.488,765,1876
10.506,766,1876
10.513,767,1877
10.521,768,1879
10.527,769,1879
10.544,770,1879
10.545,771,1883
10.553,772,1883
10.578,773,1883
10.579,774,1883
10.584,775,1883
10.59,776,1888
10.595,777,1888
10.597,778,1888
10.608,779,1888
10.63,780,1888
10.631,781,1888
10.634,782,1888
10.661,783,1888
10.664,784,1888
10.681,785,1888
10.738,786,1888
10.74,787,1888
10.749,788,1888
10.76,789,1888
10.78,790,1888
10.798,791,1888
10.816,792,1888
10.832,793,1888
10.887,794,1888
10.906,795,1888
10.922,796,1888
10.929,797,1888
10.936,798,1889
10.938,799,1889
10.957,800,1889
10.961,801,1890
10.972,802,1890
10.982,803,1890
11.0,804,1890
11.003,805,1890
11.036,806,1890
11.054,807,1890
11.065,808,1890
11.085,809,1891
11.105,810,1892
11.12,811,1892
11.146,812,1892
11.149,813,1892
11.153,814,1893
11.161,815,1895
11.166,816,1895
11.167,817,1895
11.173,818,1895
11.177,819,1895
11.184,820,1895
11.192,821,1895
11.204,822,1895
11.225,823,1896
11.233,824,1896
11.243,825,1896
11.258,826,1896
11.265,827,1896
11.269,828,1903
11.291,829,1903
11.296,830,1904
11.301,831,1904
11.307,832,1904
11.335,833,1905
11.338,834,1905
11.353,835,1910
11.356,836,1913
11.38,837,1913
11.387,838,1913
11.392,839,1914
11.404,840,1914
11.429,841,1915
11.432,842,1916
11.443,843,1916
11.447,844,1917
11.449,845,1917
11.461,846,1917
11.464,847,1917
11.513,848,1917
11.526,849,1917
11.531,850,1917
11.551,851,1917
11.587,852,1917
11.596,853,1917
11.599,854,1917
11.607,855,1917
11.641,856,1918
11.647,857,1918
11.671,858,1918
11.72,859,1918
11.725,860,1918
11.761,861,1918
11.767,862,1918
11.817,863,1918
11.832,864,1918
11.886,865,1918
11.929,866,1918
11.933,867,1919
11.964,868,1919
12.088,869,1920
12.098,870,1920
12.105,871,1920
12.116,872,1920
12.19,873,1920
12.325,874,1920
12.346,875,1920
12.354,876,1920
12.363,877,1921
12.375,878,1921
12.387,879,1921
12.411,880,1921
12.418,881,1921
12.43,882,1921
12.434,883,1921
12.476,884,1921
12.564,885,1921
12.794,886,1921
12.891,887,1921
12.967,888,1921
13.014,889,1922
13.117,890,1922
13.136,891,1922
13.223,892,1922
13.253,893,1922
13.256,894,1923
13.292,895,1923
13.382,896,1923
13.392,897,1923
13.403,898,1923
13.538,899,1923
13.572,900,1924
13.611,901,1926
13.622,902,1926
13.762,903,1926
13.794,904,1926
14.074,905,1926
14.109,906,1926
14.166,907,1926
14.202,908,1926
14.309,909,1926
14.546,910,1926
14.573,911,1926
14.654,912,1926
14.787,913,1926
14.903,914,1926
15.103,915,1929
15.166,916,1931
15.234,917,1932
15.371,918,1935
15.372,919,1935
15.397,920,1935
15.407,921,1935
15.413,922,1935
15.422,923,1935
15.454,924,1936
15.455,925,1937
15.504,926,1937
15.506,927,1937
15.518,928,1938
15.524,929,1938
15.548,930,1938
15.581,931,1938
15.6,932,1938
15.618,933,1938
15.639,934,1938
15.647,935,1939
15.788,936,1939
15.821,937,1940
15.83,938,1940
15.843,939,1940
15.853,940,1940
15.879,941,1940
15.898,942,1940
15.932,943,1940
15.947,944,1940
15.971,945,1941
15.995,946,1944
16.022,947,1944
16.038,948,1944
16.146,949,1945
16.243,950,1945
16.293,951,1945
16.301,952,1945
16.331,953,1945
16.35,954,1945
16.353,955,1946
16.396,956,1946
16.41,957,1946
16.413,958,1946
16.421,959,1947
16.433,960,1947
16.446,961,1947
16.466,962,1947
16.516,963,1947
16.558,964,1947
16.619,965,1947
16.696,966,1947
16.72,967,1949
16.827,968,1949
16.88,969,1949
16.899,970,1949
16.928,971,1949
16.968,972,1949
16.994,973,1949
17.16,974,1949
17.381,975,1949
17.398,976,1954
17.426,977,1954
17.43,978,1954
17.433,979,1954
17.445,980,1954
17.457,981,1955
17.461,982,1955
17.462,983,1957
17.5,984,1957
17.528,985,1957
17.628,986,1957
17.735,987,1963
17.904,988,1965
18.015,989,1965
18.016,990,1965
18.119,991,1975
18.133,992,1975
18.136,993,1975
18.139,994,1975
18.161,995,1975
18.222,996,1976
18.233,997,1976
18.275,998,1976
18.348,999,1976
18.362,1000,1976
18.402,1001,1978
18.529,1002,1978
18.57,1003,1980
18.642,1004,1980
18.681,1005,1980
18.7,1006,1981
18.73,1007,1981
18.759,1008,1981
18.779,1009,1981
18.803,1010,1981
18.824,1011,1981
18.887,1012,1982
18.922,1013,1982
18.941,1014,1982
18.957,1015,1982
18.987,1016,1983
19.027,1017,1983
19.115,1018,1983
19.126,1019,1983
19.299,1020,1983
19.353,1021,1983
19.411,1022,1983
19.429,1023,1984
19.467,1024,1986
19.481,1025,1986
19.483,1026,1986
19.488,1027,1986
19.516,1028,1988
19.524,1029,1988
19.543,1030,1989
19.572,1031,1991
19.574,1032,1991
19.583,1033,1994
19.632,1034,1994
19.676,1035,1997
19.68,1036,1997
19.691,1037,1997
19.73,1038,1997
19.776,1039,1997
19.809,1040,1997
19.829,1041,1997
19.847,1042,1997
19.894,1043,1997
19.909,1044,1997
19.925,1045,1997
19.964,1046,1997
20.026,1047,1997
20.04,1048,1998
20.05,1049,1998
20.094,1050,1998
20.113,1051,1998
20.273,1052,1998
20.339,1053,1998
20.357,1054,2000
20.643,1055,2000
20.662,1056,2002
20.68,1057,2002
20.712,1058,2002
20.731,1059,2005
20.736,1060,2005
20.75,1061,2005
20.753,1062,2005
20.765,1063,2005
20.777,1064,2005
20.792,1065,2005
20.803,1066,2005
20.804,1067,2006
20.819,1068,2006
20.826,1069,2006
20.842,1070,2006
20.845,1071,2006
20.878,1072,2006
20.889,1073,2006
20.891,1074,2006
20.897,1075,2006
20.916,1076,2006
20.919,1077,2006
20.921,1078,2006
20.925,1079,2006
20.936,1080,2006
20.949,1081,2006
20.975,1082,2006
20.991,1083,2006
20.994,1084,2006
21.017,1085,2006
21.036,1086,2006
21.041,1087,2006
21.055,1088,2007
21.095,1089,2007
21.106,1090,2007
21.128,1091,2010
21.151,1092,2010
21.167,1093,2010
21.179,1094,2010
21.187,1095,2010
21.212,1096,2010
21.221,1097,2010
21.23,1098,2010
21.235,1099,2010
21.241,1100,2010
21.244,1101,2010
21.26,1102,2010
21.288,1103,2010
21.29,1104,2010
21.307,1105,2010
21.322,1106,2010
21.327,1107,2010
21.334,1108,2010
21.339,1109,2010
21.35,1110,2010
21.367,1111,2010
21.381,1112,2010
21.395,1113,2011
21.422,1114,2011
21.47,1115,2011
21.515,1116,2012
21.526,1117,2012
21.57,1118,2012
21.573,1119,2012
21.585,1120,2012
21.602,1121,2012
21.615,1122,2012
21.686,1123,2012
21.72,1124,2012
21.724,1125,2012
21.777,1126,2012
21.825,1127,2012
21.833,1128,2012
21.842,1129,2012
21.852,1130,2012
21.904,1131,2012
21.909,1132,2012
21.946,1133,2012
21.953,1134,2012
22.01,1135,2012
22.028,1136,2012
22.063,1137,2012
22.082,1138,2012
22.089,1139,2013
22.116,1140,2013
22.149,1141,2013
22.164,1142,2013
22.167,1143,2014
22.184,1144,2014
22.204,1145,2014
22.223,1146,2014
22.246,1147,2014
22.264,1148,2014
22.275,1149,2014
22.286,1150,2014
22.311,1151,2014
22.349,1152,2014
22.394,1153,2014
22.449,1154,2014
22.483,1155,2014
22.492,1156,2014
22.496,1157,2014
22.521,1158,2014
22.555,1159,2014
22.557,1160,2014
22.649,1161,2015
22.677,1162,2015
22.761,1163,2015
22.794,1164,2015
22.841,1165,2015
22.895,1166,2015
22.902,1167,2015
22.947,1168,2015
22.996,1169,2015
23.023,1170,2015
23.045,1171,2015
23.055,1172,2015
23.144,1173,2015
23.151,1174,2015
23.186,1175,2015
23.224,1176,2015
23.251,1177,2015
23.257,1178,2015
23.291,1179,2015
23.348,1180,2015
23.446,1181,2015
23.47,1182,2015
23.502,1183,2015
23.543,1184,2015
23.551,1185,2015
23.562,1186,2015
23.611,1187,2015
23.733,1188,2015
23.773,1189,2015
23.798,1190,2015
23.858,1191,2017
23.911,1192,2017
23.942,1193,2017
23.986,1194,2017
24.004,1195,2017
24.02,1196,2017
24.027,1197,2017
24.033,1198,2017
24.094,1199,2017
24.107,1200,2017
24.149,1201,2017
24.157,1202,2017
24.166,1203,2017
24.185,1204,2017
24.224,1205,2017
24.261,1206,2017
24.399,1207,2018
24.433,1208,2018
24.48,1209,2018
24.495,1210,2020
24.514,1211,2022
24.597,1212,2022
24.669,1213,2022
24.756,1214,2022
24.789,1215,2022
24.816,1216,2022
24.894,1217,2022
25.018,1218,2022
25.036,1219,2022
25.09,1220,2022
25.148,1221,2022
25.18,1222,2022
25.219,1223,2024
25.381,1224,2024
25.41,1225,2025
25.441,1226,2026
25.523,1227,2027
25.526,1228,2042
25.552,1229,2042
25.577,1230,2042
25.623,1231,2042
25.639,1232,2042
25.682,1233,2042
25.698,1234,2042
25.831,1235,2043
26.236,1236,2043
26.338,1237,2046
26.377,1238,2046
26.424,1239,2046
26.541,1240,2046
26.598,1241,2046
26.629,1242,2046
26.715,1243,2046
26.726,1244,2046
26.783,1245,2046
26.813,1246,2046
26.846,1247,2046
27.033,1248,2046
27.069,1249,2046
27.207,1250,2050
27.245,1251,2052
27.345,1252,2052
27.368,1253,2053
27.401,1254,2054
27.412,1255,2054
27.683,1256,2054
27.752,1257,2054
27.808,1258,2054
28.0,1259,2055
28.078,1260,2055
28.289,1261,2055
28.491,1262,2056
28.529,1263,2056
28.678,1264,2057
28.687,1265,2057
28.7,1266,2057
28.894,1267,2057
28.969,1268,2057
29.105,1269,2057
29.131,1270,2057
29.155,1271,2058
29.172,1272,2058
29.198,1273,2058
29.513,1274,2073
29.517,1275,2073
29.524,1276,2073
29.538,1277,2073
29.542,1278,2073
29.544,1279,2073
29.548,1280,2073
29.589,1281,2074
29.614,1282,2074
29.642,1283,2074
29.663,1284,2074
29.679,1285,2082
29.731,1286,2082
29.742,1287,2082
29.937,1288,2082
29.94,1289,2082
30.019,1290,2082
30.051,1291,2082
30.209,1292,2082
30.286,1293,2082
30.411,1294,2082
30.638,1295,2083
31.041,1296,2085
31.047,1297,2085
31.119,1298,2087
31.141,1299,2088
31.186,1300,2089
31.283,1301,2089
31.466,1302,2089
31.488,1303,2090
31.628,1304,2090
31.682,1305,2090
32.352,1306,2094
32.904,1307,2094
32.932,1308,2095
32.972,1309,2095
33.011,1310,2095
33.089,1311,2095
33.099,1312,2095
33.129,1313,2095
33.146,1314,2095
33.322,1315,2095
33.364,1316,2095
33.46,1317,2095
33.503,1318,2098
33.603,1319,2098
33.729,1320,2098
33.938,1321,2098
33.949,1322,2098
33.988,1323,2098
33.998,1324,2099
34.029,1325,2100
34.052,1326,2100
34.109,1327,2101
34.114,1328,2101
34.22,1329,2101
34.254,1330,2101
34.395,1331,2101
34.551,1332,2101
34.911,1333,2101
35.158,1334,2102
35.271,1335,2102
35.284,1336,2102
35.301,1337,2102
35.354,1338,2102
35.422,1339,2102
35.509,1340,2102
35.747,1341,2102
35.838,1342,2104
35.888,1343,2104
35.889,1344,2104
35.891,1345,2104
35.895,1346,2104
35.902,1347,2104
35.913,1348,2104
35.937,1349,2108
35.942,1350,2110
35.956,1351,2110
35.984,1352,2111
35.989,1353,2111
35.992,1354,2113
36.0,1355,2113
36.027,1356,2118
36.045,1357,2118
36.071,1358,2118
36.076,1359,2118
36.088,1360,2118
36.098,1361,2118
36.116,1362,2118
36.122,1363,2118
36.132,1364,2122
36.174,1365,2122
36.213,1366,2122
36.215,1367,2122
36.23,1368,2122
36.233,1369,2122
36.294,1370,2122
36.323,1371,2122
36.327,1372,2122
36.355,1373,2122
36.416,1374,2122
36.425,1375,2122
36.427,1376,2122
36.429,1377,2122
36.469,1378,2123
36.573,1379,2123
36.692,1380,2123
36.739,1381,2123
36.747,1382,2124
36.799,1383,2125
36.89,1384,2125
36.892,1385,2125
36.907,1386,2126
36.928,1387,2127
36.976,1388,2128
36.99,1389,2129
37.056,1390,2129
37.529,1391,2129
37.615,1392,2129
37.801,1393,2129
37.802,1394,2129
37.824,1395,2133
37.84,1396,2133
37.856,1397,2133
37.867,1398,2133
37.87,1399,2133
37.895,1400,2133
37.897,1401,2133
37.9,1402,2133
37.901,1403,2133
37.907,1404,2134
38.007,1405,2134
38.008,1406,2134
38.01,1407,2134
38.101,1408,2134
38.47,1409,2135
38.487,1410,2135
38.675,1411,2135
38.889,1412,2135
39.025,1413,2135
39.057,1414,2135
39.11,1415,2135
39.382,1416,2136
39.404,1417,2136
39.406,1418,2136
39.517,1419,2136
39.52,1420,2136
39.571,1421,2143
39.675,1422,2147
39.678,1423,2147
39.724,1424,2148
39.792,1425,2148
39.796,1426,2148
39.799,1427,2148
39.802,1428,2148
39.803,1429,2148
39.807,1430,2148
39.813,1431,2148
39.821,1432,2151
39.826,1433,2154
39.844,1434,2155
39.849,1435,2155
39.851,1436,2155
39.863,1437,2155
39.866,1438,2155
39.874,1439,2156
39.876,1440,2159
39.879,1441,2159
39.881,1442,2159
39.882,1443,2159
39.886,1444,2160
39.89,1445,2160
39.894,1446,2161
39.901,1447,2161
39.915,1448,2161
39.959,1449,2161
39.97,1450,2161
39.972,1451,2161
39.987,1452,2161
39.991,1453,2161
39.997,1454,2161
39.999,1455,2162
40.035,1456,2162
40.053,1457,2163
40.069,1458,2163
40.109,1459,2163
40.138,1460,2163
40.146,1461,2163
40.16,1462,2163
40.177,1463,2163
40.187,1464,2163
40.216,1465,2163
40.249,1466,2163
40.257,1467,2164
40.393,1468,2164
40.413,1469,2164
40.417,1470,2164
40.442,1471,2165
40.542,1472,2165
40.59,1473,2166
40.627,1474,2166
40.748,1475,2170
40.765,1476,2179
40.776,1477,2179
40.793,1478,2180
40.859,1479,2180
40.948,1480,2180
40.952,1481,2180
40.982,1482,2180
41.561,1483,2181
41.573,1484,2181
41.577,1485,2181
41.641,1486,2181
41.69,1487,2181
41.866,1488,2181
42.049,1489,2181
42.233,1490,2181
42.41,1491,2181
42.487,1492,2181
42.523,1493,2181
42.533,1494,2181
42.535,1495,2181
42.701,1496,2186
43.175,1497,2186
43.244,1498,2188
43.246,1499,2188
43.25,1500,2188
43.258,1501,2188
43.272,1502,2188
43.371,1503,2188
43.407,1504,2188
43.49,1505,2188
43.523,1506,2188
43.538,1507,2188
43.556,1508,2188
43.571,1509,2188
43.594,1510,2188
43.726,1511,2188
43.74,1512,2188
43.774,1513,2188
43.892,1514,2188
44.472,1515,2188
44.53,1516,2188
44.539,1517,2188
44.986,1518,2188
45.15,1519,2188
45.722,1520,2188
45.947,1521,2188
46.428,1522,2188
46.69,1523,2188
47.567,1524,2188
47.692,1525,2188
47.798,1526,2188
47.824,1527,2188
48.687,1528,2188
48.829,1529,2189
48.853,1530,2189
48.949,1531,2189
48.995,1532,2189
49.026,1533,2190
49.193,1534,2190
49.318,1535,2191
49.487,1536,2191
49.521,1537,2191
49.554,1538,2191
49.562,1539,2191
49.742,1540,2191
49.784,1541,2191
49.874,1542,2191
50.153,1543,2191
50.277,1544,2191
50.618,1545,2191
50.887,1546,2191
50.891,1547,2191
51.294,1548,2191
51.508,1549,2191
51.851,1550,2191
51.852,1551,2191
51.854,1552,2191
51.855,1553,2191
51.878,1554,2195
51.892,1555,2195
51.905,1556,2204
51.955,1557,2207
52.328,1558,2207
52.742,1559,2207
52.82,1560,2207
54.661,1561,2207
54.695,1562,2207
55.038,1563,2207
55.73,1564,2207
56.294,1565,2207
57.429,1566,2207
57.446,1567,2208
57.685,1568,2208
57.829,1569,2209
57.893,1570,2209
57.913,1571,2209
58.84,1572,2209
58.901,1573,2209
59.255,1574,2209
59.461,1575,2209
59.584,1576,2209
59.974,1577,2209
59.975,1578,2209
60.039,1579,2209
60.122,1580,2209
60.151,1581,2209
60.156,1582,2209
60.19,1583,2209
60.197,1584,2209
60.308,1585,2210
60.329,1586,2210
60.543,1587,2210
60.562,1588,2210
60.655,1589,2210
60.665,1590,2210
61.01,1591,2210
61.087,1592,2210
61.52,1593,2210
62.587,1594,2210
62.613,1595,2210
62.617,1596,2210
62.94,1597,2210
63.203,1598,2210
63.253,1599,2210
64.023,1600,2211
64.216,1601,2215
65.063,1602,2215
65.192,1603,2215
65.284,1604,2215
65.308,1605,2215
65.311,1606,2215
65.313,1607,2215
65.314,1608,2215
65.323,1609,2215
65.417,1610,2215
65.627,1611,2215
65.631,1612,2219
65.674,1613,2220
66.338,1614,2220
66.554,1615,2220
66.776,1616,2220
66.825,1617,2221
66.831,1618,2221
67.235,1619,2221
67.355,1620,2222
67.361,1621,2222
67.364,1622,2222
67.366,1623,2222
67.375,1624,2222
67.379,1625,2222
67.381,1626,2223
67.404,1627,2223
67.413,1628,2223
67.421,1629,2223
67.442,1630,2224
67.459,1631,2224
67.498,1632,2224
67.54,1633,2224
67.689,1634,2225
67.752,1635,2227
67.781,1636,2227
67.826,1637,2227
68.127,1638,2227
68.174,1639,2228
68.296,1640,2228
68.316,1641,2228
68.437,1642,2229
68.528,1643,2229
68.731,1644,2229
68.761,1645,2229
68.905,1646,2229
68.967,1647,2229
69.066,1648,2229
69.382,1649,2229
69.8,1650,2229
69.817,1651,2229
70.028,1652,2229
70.216,1653,2230
70.727,1654,2230
71.503,1655,2230
71.568,1656,2233
71.575,1657,2233
71.646,1658,2234
71.711,1659,2234
71.721,1660,2234
71.729,1661,2235
71.738,1662,2235
71.748,1663,2235
71.753,1664,2236
71.797,1665,2236
71.798,1666,2236
71.845,1667,2236
71.98,1668,2237
72.078,1669,2238
72.093,1670,2238
72.107,1671,2239
72.134,1672,2239
72.261,1673,2239
72.311,1674,2240
72.35,1675,2240
72.49,1676,2241
72.543,1677,2241
73.202,1678,2241
73.433,1679,2242
74.024,1680,2242
74.789,1681,2242
74.912,1682,2242
75.054,1683,2242
75.083,1684,2242
75.321,1685,2245
75.754,1686,2246
75.796,1687,2246
75.808,1688,2246
75.869,1689,2246
75.991,1690,2246
76.329,1691,2246
76.645,1692,2246
76.837,1693,2246
76.872,1694,2247
77.226,1695,2247
77.286,1696,2247
77.328,1697,2247
77.55,1698,2290
77.576,1699,2290
77.729,1700,2292
77.887,1701,2292
77.945,1702,2292
77.956,1703,2292
77.969,1704,2292
77.993,1705,2292
77.999,1706,2292
78.089,1707,2292
78.205,1708,2292
78.296,1709,2292
78.304,1710,2292
78.367,1711,2292
78.38,1712,2292
78.427,1713,2292
78.508,1714,2292
78.584,1715,2292
78.665,1716,2293
78.723,1717,2293
78.922,1718,2293
80.04,1719,2293
80.148,1720,2293
80.152,1721,2293
80.158,1722,2293
80.18,1723,2294
80.2,1724,2295
80.306,1725,2295
80.316,1726,2296
80.512,1727,2296
80.555,1728,2296
80.614,1729,2296
80.72,1730,2296
80.875,1731,2296
81.247,1732,2296
81.303,1733,2296
81.358,1734,2296
81.37,1735,2296
81.503,1736,2296
81.568,1737,2296
82.129,1738,2296
82.146,1739,2296
82.152,1740,2301
82.157,1741,2301
82.162,1742,2301
82.164,1743,2301
82.17,1744,2303
82.183,1745,2304
82.19,1746,2306
82.2,1747,2307
82.215,1748,2307
82.218,1749,2307
82.221,1750,2308
82.226,1751,2308
82.234,1752,2308
82.24,1753,2308
82.242,1754,2309
82.248,1755,2309
82.255,1756,2309
82.258,1757,2310
82.262,1758,2310
82.268,1759,2312
82.274,1760,2313
82.283,1761,2319
82.288,1762,2321
82.294,1763,2322
82.312,1764,2322
82.313,1765,2323
82.325,1766,2324
82.331,1767,2324
82.34,1768,2333
82.371,1769,2333
82.377,1770,2333
82.383,1771,2333
82.385,1772,2334
82.392,1773,2334
82.4,1774,2336
82.409,1775,2336
82.411,1776,2336
82.419,1777,2338
82.435,1778,2338
82.449,1779,2339
82.457,1780,2340
82.467,1781,2340
82.494,1782,2341
82.523,1783,2341
82.557,1784,2341
82.599,1785,2341
82.77,1786,2341
82.798,1787,2344
82.818,1788,2344
82.883,1789,2344
82.949,1790,2345
82.997,1791,2345
83.115,1792,2345
83.119,1793,2345
83.219,1794,2345
83.248,1795,2345
83.348,1796,2345
83.707,1797,2346
83.783,1798,2347
83.858,1799,2347
83.926,1800,2347
84.118,1801,2348
84.236,1802,2348
84.427,1803,2349
84.555,1804,2350
84.635,1805,2350
84.877,1806,2350
85.184,1807,2350
85.235,1808,2351
85.453,1809,2351
85.632,1810,2351
85.929,1811,2351
86.085,1812,2352
86.161,1813,2352
86.217,1814,2352
86.219,1815,2357
86.241,1816,2357
86.248,1817,2371
86.299,1818,2371
86.318,1819,2371
86.433,1820,2371
86.474,1821,2371
86.541,1822,2371
86.567,1823,2371
86.607,1824,2371
86.769,1825,2377
86.903,1826,2377
87.036,1827,2377
87.054,1828,2377
87.174,1829,2377
87.351,1830,2377
87.643,1831,2377
88.128,1832,2377
88.434,1833,2377
88.668,1834,2377
88.765,1835,2377
89.078,1836,2377
89.097,1837,2377
89.231,1838,2377
89.297,1839,2377
89.56,1840,2380
89.762,1841,2380
89.895,1842,2381
90.399,1843,2381
90.494,1844,2381
90.509,1845,2382
90.512,1846,2382
90.526,1847,2382
90.567,1848,2382
90.619,1849,2382
90.668,1850,2382
90.669,1851,2382
90.697,1852,2382
90.716,1853,2382
90.95,1854,2382
91.034,1855,2384
91.121,1856,2384
91.18,1857,2384
91.373,1858,2384
91.513,1859,2384
91.57,1860,2385
91.65,1861,2385
91.79,1862,2385
92.112,1863,2385
92.163,1864,2385
94.082,1865,2389
94.365,1866,2390
94.376,1867,2390
94.381,1868,2391
94.665,1869,2391
94.671,1870,2391
94.708,1871,2391
95.093,1872,2391
95.119,1873,2391
95.593,1874,2391
95.601,1875,2391
95.795,1876,2391
96.052,1877,2391
96.235,1878,2391
96.243,1879,2391
96.376,1880,2391
97.302,1881,2391
97.521,1882,2392
97.833,1883,2392
98.476,1884,2392
98.601,1885,2392
98.61,1886,2392
98.659,1887,2392
98.688,1888,2392
98.71,1889,2392
98.792,1890,2392
98.793,1891,2392
98.967,1892,2392
99.302,1893,2392
99.375,1894,2392
99.467,1895,2392
99.595,1896,2394
99.6,1897,2394
99.922,1898,2394
100.055,1899,2394
100.328,1900,2395
100.468,1901,2396
100.694,1902,2396
100.78,1903,2396
100.832,1904,2396
100.916,1905,2397
101.442,1906,2397
101.773,1907,2397
101.866,1908,2397
102.654,1909,2397
102.664,1910,2397
102.966,1911,2398
103.7,1912,2398
103.735,1913,2398
103.798,1914,2398
103.834,1915,2398
103.873,1916,2404
103.984,1917,2404
104.028,1918,2404
104.128,1919,2404
104.169,1920,2404
104.217,1921,2404
104.427,1922,2404
104.543,1923,2405
104.751,1924,2405
104.982,1925,2405
105.237,1926,2406
105.383,1927,2406
105.424,1928,2406
105.923,1929,2406
106.547,1930,2406
106.581,1931,2408
106.614,1932,2408
106.837,1933,2409
107.337,1934,2409
107.826,1935,2409
108.13,1936,2409
108.212,1937,2409
108.226,1938,2409
108.777,1939,2409
109.446,1940,2409
109.458,1941,2409
109.464,1942,2409
109.612,1943,2410
109.821,1944,2410
109.868,1945,2410
109.945,1946,2410
110.123,1947,2411
110.428,1948,2411
110.611,1949,2411
111.195,1950,2411
111.198,1951,2411
111.21,1952,2411
111.246,1953,2411
111.438,1954,2411
112.306,1955,2411
113.425,1956,2411
113.431,1957,2411
113.445,1958,2411
113.542,1959,2411
113.561,1960,2411
113.563,1961,2411
113.565,1962,2411
113.598,1963,2411
113.636,1964,2411
113.703,1965,2411
113.727,1966,2411
113.756,1967,2411
113.774,1968,2411
113.896,1969,2411
113.924,1970,2411
113.947,1971,2411
114.029,1972,2411
114.074,1973,2411
115.097,1974,2411
115.67,1975,2411
115.888,1976,2411
116.317,1977,2411
116.403,1978,2411
116.624,1979,2411
116.794,1980,2411
117.231,1981,2411
117.312,1982,2411
117.489,1983,2411
117.622,1984,2411
117.635,1985,2411
117.741,1986,2412
118.039,1987,2413
118.705,1988,2413
118.738,1989,2413
118.891,1990,2413
119.145,1991,2413
119.235,1992,2413
119.24,1993,2413
119.244,1994,2413
119.248,1995,2413
119.327,1996,2413
119.342,1997,2413
119.357,1998,2416
119.386,1999,2418
119.552,2000,2423
119.666,2001,2425
119.816,2002,2434
119.882,2003,2434
119.892,2004,2434
119.913,2005,2434
120.121,2006,2434
120.382,2007,2434
120.739,2008,2435
120.761,2009,2436
120.787,2010,2436
120.95,2011,2437
120.958,2012,2437
121.463,2013,2437
121.617,2014,2437
121.784,2015,2437
122.488,2016,2437
123.172,2017,2437
125.151,2018,2437
125.375,2019,2437
125.403,2020,2437
125.821,2021,2437
126.265,2022,2437
126.289,2023,2437
126.343,2024,2437
126.838,2025,2437
127.006,2026,2437
127.035,2027,2438
127.408,2028,2438
128.074,2029,2438
128.092,2030,2438
128.288,2031,2438
128.797,2032,2449
128.8,2033,2449
128.801,2034,2449
128.814,2035,2451
128.827,2036,2453
128.828,2037,2453
128.831,2038,2454
128.848,2039,2455
128.87,2040,2456
128.873,2041,2458
128.877,2042,2458
128.905,2043,2458
128.913,2044,2458
128.943,2045,2458
128.988,2046,2459
129.007,2047,2459
129.092,2048,2461
129.164,2049,2461
129.204,2050,2461
129.397,2051,2461
129.414,2052,2462
129.48,2053,2463
129.656,2054,2464
129.839,2055,2464
129.843,2056,2464
129.938,2057,2464
130.677,2058,2464
131.004,2059,2464
131.611,2060,2464
131.835,2061,2464
132.447,2062,2464
132.765,2063,2464
133.271,2064,2464
135.902,2065,2465
135.916,2066,2466
136.493,2067,2467
136.708,2068,2467
136.743,2069,2467
137.36,2070,2467
137.365,2071,2467
137.372,2072,2467
137.393,2073,2467
137.437,2074,2467
137.655,2075,2467
137.659,2076,2467
137.714,2077,2467
137.814,2078,2467
138.026,2079,2467
138.137,2080,2467
138.367,2081,2467
138.368,2082,2467
138.376,2083,2467
138.383,2084,2467
138.388,2085,2467
138.391,2086,2467
138.395,2087,2467
138.401,2088,2467
138.425,2089,2467
138.432,2090,2467
138.462,2091,2467
138.499,2092,2467
138.502,2093,2467
138.506,2094,2467
138.517,2095,2467
138.548,2096,2467
138.558,2097,2467
138.642,2098,2467
138.675,2099,2467
138.688,2100,2467
138.698,2101,2467
138.702,2102,2467
138.711,2103,2467
138.717,2104,2467
138.752,2105,2467
138.757,2106,2467
138.854,2107,2467
138.865,2108,2467
138.895,2109,2467
139.006,2110,2467
139.05,2111,2467
139.089,2112,2467
139.096,2113,2467
139.112,2114,2476
139.118,2115,2476
139.592,2116,2476
139.598,2117,2477
139.785,2118,2477
139.824,2119,2477
139.982,2120,2477
140.239,2121,2477
140.755,2122,2477
141.062,2123,2477
141.297,2124,2477
141.37,2125,2477
141.852,2126,2477
141.998,2127,2478
142.062,2128,2478
142.292,2129,2478
142.64,2130,2478
143.14,2131,2478
144.915,2132,2478
145.123,2133,2478
145.133,2134,2478
145.141,2135,2478
145.482,2136,2478
146.075,2137,2478
146.375,2138,2478
147.021,2139,2478
147.043,2140,2478
147.049,2141,2478
147.074,2142,2478
147.143,2143,2481
147.275,2144,2481
147.337,2145,2481
147.44,2146,2481
147.529,2147,2483
147.654,2148,2483
148.155,2149,2483
148.186,2150,2483
148.201,2151,2483
148.206,2152,2483
148.547,2153,2483
148.865,2154,2483
149.293,2155,2483
149.709,2156,2483
149.828,2157,2483
150.05,2158,2483
150.442,2159,2483
150.575,2160,2483
150.665,2161,2483
150.787,2162,2483
150.893,2163,2483
151.059,2164,2483
151.64,2165,2483
151.961,2166,2483
151.989,2167,2483
152.062,2168,2483
153.042,2169,2488
153.07,2170,2488
153.095,2171,2493
153.145,2172,2493
153.177,2173,2493
153.193,2174,2496
153.449,2175,2496
153.522,2176,2496
153.871,2177,2497
154.352,2178,2497
154.453,2179,2497
154.684,2180,2497
154.94,2181,2499
154.985,2182,2499
155.021,2183,2501
155.207,2184,2501
155.985,2185,2501
156.431,2186,2501
156.55,2187,2501
156.65,2188,2501
156.658,2189,2501
156.95,2190,2501
157.002,2191,2501
157.049,2192,2502
157.09,2193,2502
157.4,2194,2502
157.463,2195,2503
157.63,2196,2503
157.649,2197,2503
157.653,2198,2503
157.667,2199,2503
158.259,2200,2503
158.484,2201,2503
158.488,2202,2503
158.834,2203,2503
159.061,2204,2503
161.721,2205,2503
161.725,2206,2503
162.006,2207,2503
162.168,2208,2503
162.246,2209,2503
162.315,2210,2503
162.343,2211,2504
162.5,2212,2504
162.743,2213,2504
163.761,2214,2505
163.879,2215,2505
166.41,2216,2505
166.505,2217,2506
166.526,2218,2506
166.768,2219,2506
166.79,2220,2506
166.966,2221,2506
167.21,2222,2506
167.276,2223,2508
167.325,2224,2508
167.7,2225,2508
167.736,2226,2508
167.743,2227,2508
167.762,2228,2508
167.819,2229,2508
168.102,2230,2508
168.792,2231,2508
168.808,2232,2508
168.994,2233,2508
169.126,2234,2508
169.146,2235,2509
169.274,2236,2509
169.619,2237,2509
169.636,2238,2509
169.716,2239,2509
169.899,2240,2510
169.947,2241,2511
170.29,2242,2511
170.345,2243,2512
170.379,2244,2515
170.409,2245,2515
170.802,2246,2516
171.441,2247,2516
172.077,2248,2516
172.115,2249,2516
172.523,2250,2517
172.548,2251,2517
173.586,2252,2517
173.618,2253,2517
173.634,2254,2517
173.667,2255,2518
173.682,2256,2518
173.747,2257,2518
173.825,2258,2518
173.98,2259,2518
173.984,2260,2518
174.078,2261,2518
174.129,2262,2518
174.262,2263,2518
174.678,2264,2518
174.713,2265,2518
174.991,2266,2518
175.091,2267,2518
175.12,2268,2518
175.386,2269,2518
177.488,2270,2518
177.573,2271,2518
177.603,2272,2518
177.755,2273,2518
178.084,2274,2518
178.501,2275,2518
178.518,2276,2518
178.526,2277,2518
179.008,2278,2518
179.064,2279,2518
179.304,2280,2518
180.167,2281,2518
180.752,2282,2518
180.826,2283,2518
181.09,2284,2518
181.202,2285,2518
181.764,2286,2519
181.995,2287,2519
182.074,2288,2519
182.077,2289,2519
182.41,2290,2519
182.496,2291,2519
182.62,2292,2519
183.0,2293,2519
183.154,2294,2519
183.469,2295,2519
184.413,2296,2519
184.687,2297,2519
184.707,2298,2519
184.717,2299,2519
184.741,2300,2519
185.308,2301,2519
185.339,2302,2519
185.37,2303,2519
185.996,2304,2519
186.022,2305,2519
186.858,2306,2519
186.886,2307,2519
186.89,2308,2519
186.94,2309,2519
186.943,2310,2519
186.962,2311,2519
187.424,2312,2519
188.321,2313,2519
188.618,2314,2519
189.176,2315,2519
189.179,2316,2519
189.181,2317,2519
189.182,2318,2519
189.207,2319,2519
189.209,2320,2519
189.233,2321,2519
189.294,2322,2520
189.317,2323,2520
189.397,2324,2520
189.527,2325,2520
189.574,2326,2520
189.585,2327,2520
189.61,2328,2520
189.629,2329,2520
189.633,2330,2520
189.776,2331,2520
189.806,2332,2520
189.853,2333,2520
189.919,2334,2520
189.996,2335,2520
190.174,2336,2520
190.292,2337,2520
190.318,2338,2520
190.742,2339,2520
191.916,2340,2520
192.317,2341,2520
192.332,2342,2520
192.342,2343,2520
192.844,2344,2520
193.3,2345,2520
193.309,2346,2520
193.334,2347,2520
194.324,2348,2520
194.351,2349,2520
194.357,2350,2520
194.383,2351,2520
194.39,2352,2520
194.634,2353,2520
194.648,2354,2520
194.722,2355,2520
195.508,2356,2520
195.661,2357,2520
197.933,2358,2520
198.041,2359,2520
198.723,2360,2520
199.133,2361,2520
199.768,2362,2520
200.282,2363,2520
200.993,2364,2520
201.814,2365,2520
203.015,2366,2520
203.051,2367,2520
204.05,2368,2521
204.484,2369,2521
204.775,2370,2521
204.789,2371,2521
204.841,2372,2521
205.225,2373,2521
206.287,2374,2521
206.289,2375,2521
206.309,2376,2521
206.472,2377,2521
207.199,2378,2521
207.212,2379,2521
207.252,2380,2521
207.296,2381,2521
207.879,2382,2521
207.88,2383,2521
207.903,2384,2521
207.906,2385,2521
207.919,2386,2521
208.002,2387,2521
208.03,2388,2521
208.049,2389,2521
208.091,2390,2521
208.168,2391,2521
208.299,2392,2521
208.543,2393,2521
208.622,2394,2521
208.694,2395,2521
208.76,2396,2521
208.913,2397,2521
208.987,2398,2521
209.032,2399,2521
210.019,2400,2633
210.841,2401,2633
210.907,2402,2633
211.149,2403,2640
211.15,2404,2669
211.151,2405,2708
211.152,2406,2710
211.153,2407,2720
211.153,2408,2723
211.158,2409,2727
211.159,2410,2727
211.161,2411,2728
211.162,2412,2730
211.164,2413,2731
211.166,2414,2734
211.167,2415,2735
211.167,2416,2738
211.169,2417,2744
211.17,2418,2744
211.172,2419,2745
211.173,2420,2745
211.174,2421,2746
211.174,2422,2747
211.175,2423,2749
211.176,2424,2750
211.178,2425,2752
211.179,2426,2754
211.18,2427,2755
211.181,2428,2756
211.183,2429,2756
211.184,2430,2756
211.185,2431,2757
211.186,2432,2757
211.187,2433,2757
211.188,2434,2757
211.19,2435,2758
211.191,2436,2764
211.192,2437,2765
211.197,2438,2766
211.199,2439,2766
211.199,2440,2766
211.2,2441,2767
211.219,2442,2770
211.22,2443,2771
211.224,2444,2771
211.238,2445,2771
211.24,2446,2772
211.241,2447,2773
211.253,2448,2778
211.256,2449,2778
211.272,2450,2779
211.273,2451,2780
211.282,2452,2780
211.311,2453,2780
211.333,2454,2780
211.335,2455,2780
211.337,2456,2781
211.338,2457,2782
211.34,2458,2786
211.343,2459,2786
211.345,2460,2786
211.349,2461,2787
211.35,2462,2787
211.355,2463,2787
211.361,2464,2787
211.363,2465,2788
211.383,2466,2788
211.387,2467,2788
211.388,2468,2788
211.39,2469,2788
211.392,2470,2789
211.396,2471,2790
211.398,2472,2792
211.399,2473,2792
211.4,2474,2792
211.401,2475,2792
211.41,2476,2792
211.411,2477,2793
211.414,2478,2793
211.415,2479,2793
211.416,2480,2794
211.42,2481,2796
211.423,2482,2796
211.429,2483,2796
211.436,2484,2796
211.439,2485,2796
211.447,2486,2796
211.451,2487,2796
211.481,2488,2796
211.485,2489,2796
211.487,2490,2796
211.499,2491,2796
211.504,2492,2796
211.506,2493,2796
211.508,2494,2796
211.55,2495,2796
211.56,2496,2796
211.569,2497,2796
211.576,2498,2796
211.578,2499,2796
211.58,2500,2796
211.598,2501,2796
211.615,2502,2797
211.643,2503,2798
211.647,2504,2798
211.653,2505,2799
211.672,2506,2799
211.676,2507,2800
211.713,2508,2801
211.718,2509,2802
211.72,2510,2802
211.725,2511,2802
211.73,2512,2802
211.737,2513,2803
211.741,2514,2803
211.747,2515,2804
211.768,2516,2804
211.802,2517,2804
211.811,2518,2806
211.824,2519,2806
211.829,2520,2808
211.838,2521,2808
211.841,2522,2808
211.85,2523,2808
211.911,2524,2808
211.915,2525,2808
211.965,2526,2809
211.968,2527,2809
211.985,2528,2809
212.022,2529,2810
212.032,2530,2810
212.116,2531,2811
212.118,2532,2812
212.123,2533,2812
212.14,2534,2812
212.214,2535,2812
212.236,2536,2812
212.261,2537,2813
212.279,2538,2813
212.414,2539,2813
212.419,2540,2813
212.427,2541,2813
212.442,2542,2813
212.473,2543,2813
212.511,2544,2813
212.6,2545,2814
212.644,2546,2814
212.656,2547,2816
212.691,2548,2816
212.696,2549,2816
212.707,2550,2816
212.776,2551,2816
212.823,2552,2817
212.886,2553,2817
212.889,2554,2817
213.034,2555,2817
213.105,2556,2817
213.267,2557,2822
213.268,2558,2822
213.284,2559,2822
213.294,2560,2826
213.401,2561,2826
213.419,2562,2826
213.534,2563,2826
213.757,2564,2826
213.879,2565,2827
214.054,2566,2827
214.171,2567,2827
214.839,2568,2827
214.873,2569,2827
214.966,2570,2827
214.97,2571,2827
214.995,2572,2827
215.088,2573,2827
215.143,2574,2830
215.206,2575,2830
215.419,2576,2835
215.497,2577,2835
215.608,2578,2838
215.708,2579,2838
215.797,2580,2840
215.937,2581,2840
215.949,2582,2844
215.956,2583,2846
216.015,2584,2855
216.069,2585,2855
216.128,2586,2856
216.222,2587,2856
216.244,2588,2856
216.498,2589,2857
216.557,2590,2859
216.592,2591,2860
217.207,2592,2860
218.011,2593,2860
218.187,2594,2860
218.286,2595,2860
218.29,2596,2862
218.293,2597,2862
218.298,2598,2862
218.303,2599,2862
218.308,2600,2862
218.309,2601,2862
218.311,2602,2862
218.313,2603,2862
218.319,2604,2862
218.338,2605,2863
218.341,2606,2863
218.348,2607,2863
218.354,2608,2863
218.358,2609,2863
218.383,2610,2863
218.385,2611,2863
218.42,2612,2870
218.499,2613,2874
218.546,2614,2874
218.567,2615,2874
218.576,2616,2879
218.598,2617,2879
218.612,2618,2880
218.62,2619,2880
218.629,2620,2880
218.694,2621,2880
218.699,2622,2883
218.843,2623,2883
219.005,2624,2883
219.026,2625,2883
219.146,2626,2883
219.226,2627,2884
219.248,2628,2884
219.498,2629,2884
219.507,2630,2884
219.521,2631,2884
219.753,2632,2884
219.76,2633,2884
219.865,2634,2885
220.025,2635,2885
220.172,2636,2886
220.233,2637,2886
220.445,2638,2887
220.487,2639,2887
220.803,2640,2887
221.2,2641,2888
221.233,2642,2888
221.497,2643,2888
221.954,2644,2889
221.989,2645,2889
222.079,2646,2889
222.119,2647,2889
222.393,2648,2889
222.627,2649,2889
222.794,2650,2889
222.817,2651,2893
222.916,2652,2893
223.078,2653,2893
223.118,2654,2893
223.214,2655,2893
223.251,2656,2893
224.395,2657,2893
224.692,2658,2895
224.693,2659,2895
224.769,2660,2895
224.797,2661,2895
224.877,2662,2895
224.931,2663,2895
224.932,2664,2897
224.933,2665,2898
225.274,2666,2900
225.939,2667,2901
225.94,2668,2901
225.948,2669,2901
225.977,2670,2902
226.018,2671,2902
226.022,2672,2902
226.061,2673,2902
227.003,2674,2902
227.015,2675,2902
227.044,2676,2902
227.104,2677,2902
227.27,2678,2902
227.365,2679,2902
227.665,2680,2902
227.747,2681,2902
227.888,2682,2902
227.897,2683,2902
229.132,2684,2902
229.486,2685,2902
229.543,2686,2902
229.546,2687,2902
229.645,2688,2902
230.411,2689,2902
230.45,2690,2902
230.458,2691,2902
230.499,2692,2902
230.677,2693,2902
230.693,2694,2902
230.73,2695,2902
230.853,2696,2902
231.828,2697,2902
231.839,2698,2903
231.846,2699,2903
232.052,2700,2903
232.087,2701,2903
232.187,2702,2903
232.222,2703,2903
232.41,2704,2903
232.473,2705,2903
232.521,2706,2903
233.093,2707,2903
233.639,2708,2903
233.647,2709,2903
233.7,2710,2903
233.923,2711,2903
234.005,2712,2904
234.15,2713,2904
234.295,2714,2904
234.425,2715,2917
234.575,2716,2917
234.811,2717,2917
235.073,2718,2917
235.619,2719,2917
235.636,2720,2917
235.748,2721,2917
235.763,2722,2917
235.769,2723,2917
235.778,2724,2917
235.798,2725,2917
235.848,2726,2917
235.855,2727,2917
235.874,2728,2918
236.047,2729,2918
237.195,2730,2918
237.203,2731,2918
237.241,2732,2919
237.481,2733,2919
237.491,2734,2919
237.534,2735,2919
237.688,2736,2919
237.981,2737,2919
238.216,2738,2919
238.538,2739,2919
238.585,2740,2919
238.83,2741,2919
239.436,2742,2919
239.688,2743,2923
239.698,2744,2924
239.703,2745,2924
239.705,2746,2925
239.718,2747,2925
239.754,2748,2926
239.785,2749,2926
239.813,2750,2926
239.841,2751,2926
240.055,2752,2926
240.221,2753,2926
240.485,2754,2926
240.533,2755,2926
240.617,2756,2926
240.65,2757,2926
241.324,2758,2926
242.212,2759,2926
242.483,2760,2926
242.484,2761,2926
242.485,2762,2926
242.487,2763,2927
242.488,2764,2927
242.489,2765,2927
242.493,2766,2927
242.496,2767,2927
242.499,2768,2927
242.504,2769,2927
242.513,2770,2927
242.935,2771,2927
243.736,2772,2931
243.982,2773,2932
244.244,2774,2932
244.716,2775,2932
244.804,2776,2932
244.871,2777,2932
244.885,2778,2932
244.995,2779,2932
247.386,2780,2932
248.135,2781,2932
248.54,2782,2932
248.623,2783,2932
249.103,2784,2932
249.411,2785,2932
250.929,2786,2932
253.365,2787,2932
253.558,2788,2951
254.386,2789,2951
255.656,2790,2951
256.294,2791,2952
256.376,2792,2952
256.749,2793,2952
259.209,2794,2952
259.231,2795,2953
259.736,2796,2953
260.13,2797,2953
260.223,2798,2954
261.768,2799,2954
261.906,2800,2954
261.91,2801,2954
261.933,2802,2954
262.149,2803,2954
262.292,2804,2954
262.687,2805,2954
262.89,2806,2954
263.974,2807,2954
263.996,2808,2954
264.005,2809,2954
264.584,2810,2954
264.639,2811,2954
264.655,2812,2954
264.666,2813,2954
264.736,2814,2954
264.766,2815,2954
264.803,2816,2954
264.9,2817,2954
264.919,2818,2954
265.137,2819,2954
265.364,2820,2954
268.02,2821,2954
268.174,2822,2954
268.218,2823,2954
268.284,2824,2954
268.357,2825,2954
269.968,2826,2954
270.115,2827,2954
270.121,2828,2954
275.219,2829,2954
275.414,2830,2954
275.998,2831,2954
276.06,2832,2954
276.361,2833,2954
276.606,2834,2954
276.681,2835,2954
276.727,2836,2954
280.228,2837,2955
280.915,2838,2955
284.568,2839,2955
285.212,2840,2955
285.239,2841,2955
285.297,2842,2955
285.57,2843,2955
286.183,2844,2955
286.912,2845,2955
287.591,2846,2955
288.819,2847,2955
288.973,2848,2955
289.021,2849,2955
289.086,2850,2955
289.586,2851,2955
289.859,2852,2955
290.089,2853,2955
290.172,2854,2955
290.494,2855,2955
290.948,2856,2955
290.984,2857,2955
292.239,2858,2955
293.681,2859,2955
294.001,2860,2955
294.362,2861,2955
296.023,2862,2955
296.294,2863,2955
296.338,2864,2955
297.411,2865,2955
297.42,2866,2955
297.429,2867,2955
297.442,2868,2955
298.101,2869,2955
298.544,2870,2955
298.596,2871,2955
299.603,2872,2955
299.907,2873,2955
300.438,2874,2955
301.39,2875,2955
301.666,2876,2956
303.098,2877,2956
304.845,2878,2956
304.92,2879,2956
304.965,2880,2956
305.098,2881,2956
305.189,2882,2956
305.447,2883,2956
307.057,2884,2956
308.211,2885,2956
308.322,2886,2956
309.318,2887,2956
311.244,2888,2956
312.376,2889,2956
313.21,2890,2956
313.273,2891,2956
313.843,2892,2956
315.441,2893,2956
315.527,2894,2956
315.743,2895,2956
316.558,2896,2956
316.971,2897,2956
317.425,2898,2956
321.135,2899,2956
321.455,2900,2956
322.332,2901,2956
322.513,2902,2956
322.514,2903,2956
322.548,2904,2956
322.586,2905,2956
322.608,2906,2956
322.698,2907,2956
322.703,2908,2956
322.777,2909,2956
323.711,2910,2956
323.783,2911,2956
324.558,2912,2956
325.689,2913,2956
325.748,2914,2956
326.005,2915,2956
326.023,2916,2956
326.731,2917,2956
326.886,2918,2956
327.213,2919,2956
327.282,2920,2956
327.782,2921,2956
327.801,2922,2956
328.012,2923,2956
328.227,2924,2956
328.308,2925,2956
331.166,2926,2956
331.758,2927,2956
332.205,2928,2956
335.155,2929,2956
335.202,2930,2956
335.288,2931,2956
335.394,2932,2960
335.542,2933,2960
335.573,2934,2960
335.683,2935,2960
335.71,2936,2960
335.749,2937,2960
335.882,2938,2960
336.129,2939,2960
336.496,2940,2960
340.609,2941,2960
341.536,2942,2960
342.991,2943,2960
345.261,2944,2960
345.705,2945,2960
348.27,2946,2960
348.893,2947,2960
351.939,2948,2960
352.153,2949,2962
352.481,2950,2962
352.516,2951,2962
352.534,2952,2962
352.636,2953,2962
352.863,2954,2962
353.776,2955,2962
354.416,2956,2962
357.081,2957,2962
357.137,2958,2962
357.217,2959,2962
357.479,2960,2962
358.734,2961,2962
359.546,2962,2962
359.623,2963,2963
359.714,2964,2963
359.871,2965,2964
359.949,2966,2964
362.133,2967,2964
362.357,2968,2964
362.38,2969,2964
363.166,2970,2964
363.645,2971,2964
363.799,2972,2964
364.849,2973,2964
366.401,2974,2964
368.113,2975,2964
368.278,2976,2964
371.056,2977,2964
371.402,2978,2964
373.489,2979,2964
376.58,2980,2964
376.696,2981,2964
377.368,2982,2964
377.569,2983,2967
377.626,2984,2967
377.751,2985,2967
380.203,2986,2967
380.797,2987,2967
383.019,2988,2967
383.198,2989,2967
383.244,2990,2967
388.45,2991,2967
393.496,2992,2967
393.506,2993,2967
394.299,2994,2967
395.048,2995,2968
396.727,2996,2968
397.785,2997,2968
399.58,2998,2970
399.682,2999,2970
399.907,3000,2970
400.819,3001,2970
401.263,3002,2970
401.425,3003,2970
404.246,3004,2970
404.656,3005,2970
406.828,3006,2974
406.983,3007,2974
407.075,3008,2974
407.176,3009,2974
407.206,3010,2975
407.391,3011,2975
407.551,3012,2975
407.823,3013,2975
407.872,3014,2975
407.921,3015,2976
407.954,3016,2976
408.253,3017,2977
408.95,3018,2978
409.032,3019,2978
409.367,3020,2978
409.42,3021,2978
410.844,3022,2978
411.127,3023,2978
412.361,3024,2978
413.759,3025,2978
413.819,3026,2978
414.127,3027,2978
414.672,3028,2978
415.164,3029,2979
415.837,3030,2979
419.303,3031,2979
421.237,3032,2979
434.221,3033,2979
434.275,3034,2979
435.187,3035,2979
438.947,3036,2979
439.092,3037,2979
439.118,3038,2980
439.687,3039,2980
440.029,3040,2980
441.708,3041,2980
442.835,3042,2980
444.753,3043,2980
445.284,3044,2980
447.47,3045,2980
448.448,3046,2980
448.607,3047,2981
448.722,3048,2981
448.953,3049,2981
450.398,3050,2981
455.405,3051,2981
455.504,3052,2981
455.528,3053,2981
455.62,3054,2981
456.242,3055,2981
457.326,3056,2981
458.129,3057,2981
458.597,3058,2981
461.651,3059,2981
462.443,3060,2981
464.368,3061,2981
464.373,3062,2981
465.459,3063,2981
466.601,3064,2981
467.035,3065,2981
467.603,3066,2981
467.653,3067,2981
467.998,3068,2981
468.951,3069,2981
474.675,3070,2981
475.424,3071,2981
475.523,3072,2981
476.873,3073,2981
479.102,3074,2981
480.708,3075,2981
480.709,3076,2981
480.712,3077,2981
480.713,3078,2981
480.714,3079,2981
480.721,3080,2983
480.739,3081,2983
480.751,3082,2983
480.792,3083,2983
480.821,3084,2983
481.031,3085,2983
481.134,3086,2983
481.626,3087,2983
482.038,3088,2983
482.346,3089,2983
482.465,3090,2983
482.478,3091,2983
482.499,3092,2983
482.518,3093,2983
482.548,3094,2983
482.571,3095,2983
482.588,3096,2983
482.655,3097,2983
482.663,3098,2983
482.815,3099,2983
483.369,3100,2983
484.297,3101,2983
484.66,3102,2983
484.888,3103,2983
485.062,3104,2983
485.064,3105,2983
485.163,3106,2983
485.184,3107,2983
486.04,3108,2983
487.555,3109,2983
487.574,3110,2983
491.09,3111,2983
491.19,3112,2983
494.424,3113,2983
495.533,3114,2983
495.547,3115,2983
495.587,3116,2983
495.918,3117,2983
497.446,3118,2983
497.893,3119,2983
497.975,3120,2983
497.99,3121,2983
498.011,3122,2983
500.297,3123,2983
500.453,3124,2983
503.306,3125,2984
503.903,3126,2984
504.818,3127,2984
504.861,3128,2984
506.15,3129,2984
508.298,3130,2984
509.865,3131,2984
510.866,3132,2984
510.897,3133,2984
511.136,3134,2984
511.183,3135,2984
511.273,3136,2984
511.381,3137,2984
519.937,3138,2984
520.084,3139,2984
521.366,3140,2984
521.809,3141,2984
521.842,3142,2984
524.968,3143,2984
527.839,3144,2984
530.187,3145,2984
533.425,3146,2984
533.892,3147,2984
537.056,3148,2984
539.12,3149,2984
539.228,3150,2984
539.332,3151,2984
542.227,3152,2984
542.749,3153,2984
545.013,3154,2984
546.99,3155,2984
549.838,3156,2984
550.626,3157,2984
552.13,3158,2984
558.783,3159,2984
562.577,3160,2984
563.243,3161,2984
563.305,3162,2984
564.52,3163,2984
564.592,3164,2984
564.619,3165,2984
565.813,3166,2984
567.441,3167,2984
570.925,3168,2985
574.732,3169,2985
575.342,3170,2985
575.64,3171,2985
578.243,3172,2985
579.72,3173,2985
580.967,3174,2985
585.665,3175,2985
585.706,3176,2985
587.882,3177,2985
587.974,3178,2985
589.901,3179,2985
590.919,3180,2985
591.819,3181,2985
593.441,3182,2985
593.946,3183,2985
594.2,3184,2985
595.733,3185,2985
602.894,3186,2985
605.125,3187,2985
605.186,3188,2985
605.821,3189,2985
606.842,3190,2985
607.675,3191,2985
607.734,3192,2985
611.366,3193,2985
613.717,3194,2985
627.265,3195,2985
627.63,3196,2985
634.114,3197,2986
636.913,3198,2986
636.938,3199,2987
637.061,3200,2987
637.382,3201,2987
639.531,3202,2987
646.21,3203,2987
646.311,3204,2987
650.891,3205,2987
655.214,3206,2987
658.589,3207,2988
660.729,3208,2989
667.787,3209,2989
669.499,3210,2989
669.502,3211,2989
669.505,3212,2989
669.551,3213,2989
669.553,3214,2989
669.602,3215,2989
669.65,3216,2989
670.242,3217,2989
670.713,3218,2989
670.72,3219,2989
670.823,3220,2989
671.893,3221,2989
671.939,3222,2989
672.082,3223,2989
672.103,3224,2989
672.227,3225,2989
672.258,3226,2989
672.311,3227,2989
672.319,3228,2989
672.35,3229,2989
672.374,3230,2989
672.471,3231,2989
672.503,3232,2989
672.563,3233,2989
672.567,3234,2989
672.57,3235,2989
672.617,3236,2989
672.62,3237,2989
672.624,3238,2989
672.8,3239,2989
672.973,3240,2989
673.449,3241,2990
673.508,3242,2990
673.753,3243,2990
673.766,3244,2990
673.893,3245,2990
673.902,3246,2990
673.929,3247,2990
674.111,3248,2990
674.42,3249,2990
674.469,3250,2990
675.388,3251,2990
676.289,3252,2990
676.393,3253,2990
676.546,3254,2990
677.238,3255,2990
677.244,3256,2990
677.565,3257,2990
677.721,3258,2990
678.266,3259,2990
678.555,3260,2990
678.687,3261,2990
679.117,3262,2990
679.214,3263,2990
679.451,3264,2990
679.533,3265,2990
679.698,3266,2990
679.864,3267,2990
679.938,3268,2990
680.137,3269,2990
680.21,3270,2990
680.382,3271,2990
680.394,3272,2990
680.453,3273,2990
681.054,3274,2990
681.111,3275,2990
681.19,3276,2990
682.137,3277,2990
682.192,3278,2990
682.765,3279,2990
684.087,3280,2990
684.795,3281,2990
685.113,3282,2990
685.678,3283,2990
685.696,3284,2990
685.761,3285,2990
686.293,3286,2990
686.757,3287,2990
688.153,3288,2990
689.808,3289,2990
691.066,3290,2990
692.47,3291,2990
692.575,3292,2995
692.632,3293,2995
692.951,3294,2995
693.199,3295,2995
693.364,3296,2995
693.464,3297,2995
693.839,3298,2997
694.268,3299,2997
694.369,3300,2997
694.729,3301,2997
694.754,3302,2997
694.821,3303,2997
694.995,3304,2997
695.09,3305,3001
695.167,3306,3001
695.432,3307,3001
695.602,3308,3001
695.893,3309,3001
696.098,3310,3001
696.34,3311,3001
697.269,3312,3001
698.094,3313,3001
698.154,3314,3001
698.261,3315,3001
698.619,3316,3001
699.002,3317,3003
700.248,3318,3003
700.618,3319,3003
701.22,3320,3003
702.299,3321,3003
703.149,3322,3003
705.148,3323,3003
708.435,3324,3003
709.009,3325,3003
709.307,3326,3003
709.576,3327,3003
716.775,3328,3003
718.416,3329,3003
718.469,3330,3003
718.559,3331,3003
718.677,3332,3003
718.822,3333,3003
719.263,3334,3003
719.348,3335,3003
719.659,3336,3003
720.319,3337,3003
720.387,3338,3003
720.729,3339,3003
721.504,3340,3003
722.202,3341,3003
722.931,3342,3003
724.478,3343,3003
726.293,3344,3003
730.601,3345,3003
742.433,3346,3003
747.45,3347,3003
752.017,3348,3003
752.175,3349,3003
752.24,3350,3003
753.63,3351,3003
754.394,3352,3003
755.001,3353,3003
755.058,3354,3003
755.276,3355,3003
756.611,3356,3003
756.664,3357,3003
757.525,3358,3003
757.705,3359,3003
758.411,3360,3003
758.618,3361,3003
759.872,3362,3003
760.136,3363,3003
760.463,3364,3003
761.829,3365,3003
763.823,3366,3003
764.747,3367,3003
765.86,3368,3003
765.973,3369,3003
766.201,3370,3003
766.432,3371,3003
766.775,3372,3003
766.834,3373,3003
767.863,3374,3003
770.264,3375,3003
772.733,3376,3003
773.181,3377,3003
774.211,3378,3003
775.444,3379,3003
780.861,3380,3003
782.892,3381,3003
783.369,3382,3003
783.486,3383,3003
786.268,3384,3003
787.972,3385,3003
788.341,3386,3003
791.917,3387,3003
804.787,3388,3003
804.793,3389,3003
809.152,3390,3003
809.434,3391,3003
812.086,3392,3003
814.443,3393,3003
816.282,3394,3003
817.818,3395,3003
820.171,3396,3003
821.24,3397,3003
822.621,3398,3003
825.369,3399,3003
827.485,3400,3003
827.588,3401,3003
834.677,3402,3005
835.487,3403,3005
837.502,3404,3005
837.811,3405,3005
838.019,3406,3005
838.301,3407,3005
840.952,3408,3006
840.999,3409,3006
842.545,3410,3006
847.092,3411,3006
848.092,3412,3006
850.759,3413,3006
853.26,3414,3006
867.595,3415,3006
867.597,3416,3006
867.875,3417,3007
867.88,3418,3007
870.58,3419,3007
870.607,3420,3007
878.675,3421,3007
878.709,3422,3007
878.824,3423,3007
879.014,3424,3007
879.164,3425,3007
879.486,3426,3007
879.835,3427,3007
879.995,3428,3007
880.333,3429,3007
880.416,3430,3007
880.53,3431,3007
881.316,3432,3007
881.392,3433,3007
881.518,3434,3007
883.478,3435,3007
883.526,3436,3007
883.613,3437,3007
883.784,3438,3007
884.054,3439,3007
884.585,3440,3007
885.917,3441,3007
891.658,3442,3007
897.342,3443,3007
899.495,3444,3007
903.045,3445,3007
903.051,3446,3007
903.496,3447,3007
903.661,3448,3007
903.879,3449,3007
903.883,3450,3007
903.898,3451,3007
904.31,3452,3007
904.478,3453,3007
906.716,3454,3007
908.462,3455,3007
914.947,3456,3007
917.029,3457,3007
917.058,3458,3007
917.173,3459,3011
917.571,3460,3011
917.591,3461,3011
917.656,3462,3011
917.711,3463,3011
917.887,3464,3011
918.066,3465,3011
918.599,3466,3011
918.847,3467,3011
919.154,3468,3011
919.539,3469,3011
919.789,3470,3011
919.803,3471,3013
919.907,3472,3013
920.101,3473,3013
922.004,3474,3013
922.017,3475,3013
922.417,3476,3013
922.693,3477,3013
923.391,3478,3013
923.879,3479,3013
924.435,3480,3013
924.892,3481,3013
927.054,3482,3013
928.044,3483,3014
935.792,3484,3014
936.748,3485,3014
936.773,3486,3014
937.129,3487,3014
937.155,3488,3014
937.17,3489,3014
937.509,3490,3014
938.066,3491,3014
940.324,3492,3014
941.088,3493,3014
942.957,3494,3014
942.999,3495,3014
943.518,3496,3014
943.701,3497,3014
947.043,3498,3014
951.711,3499,3014
954.357,3500,3014
954.465,3501,3014
961.885,3502,3014
964.098,3503,3014
964.101,3504,3014
964.142,3505,3015
964.175,3506,3015
964.326,3507,3015
965.376,3508,3015
968.624,3509,3015
970.684,3510,3015
970.873,3511,3015
972.226,3512,3015
972.882,3513,3015
972.983,3514,3015
975.212,3515,3015
975.236,3516,3015
975.307,3517,3015
975.974,3518,3015
976.036,3519,3015
976.084,3520,3015
976.281,3521,3015
976.47,3522,3015
980.855,3523,3015
982.116,3524,3015
983.22,3525,3015
983.236,3526,3015
983.376,3527,3015
983.419,3528,3015
983.534,3529,3015
983.666,3530,3015
983.706,3531,3015
984.628,3532,3015
984.679,3533,3015
985.105,3534,3015
985.861,3535,3015
986.566,3536,3015
988.419,3537,3015
989.207,3538,3015
992.407,3539,3015
993.943,3540,3015
996.125,3541,3015
997.356,3542,3015
998.917,3543,3015
1003.895,3544,3015
1005.192,3545,3015
1005.592,3546,3015
1006.875,3547,3015
1007.272,3548,3015
1012.729,3549,3015
1016.632,3550,3015
1017.033,3551,3015
1023.757,3552,3015
1029.208,3553,3015
1029.901,3554,3015
1029.951,3555,3015
1030.018,3556,3015
1030.08,3557,3015
1030.306,3558,3015
1031.171,3559,3015
1033.993,3560,3015
1040.313,3561,3015
1040.378,3562,3015
1040.626,3563,3015
1041.686,3564,3015
1046.926,3565,3015
1050.703,3566,3015
1053.187,3567,3015
1055.377,3568,3015
1061.34,3569,3015
1070.239,3570,3015
1073.276,3571,3015
1079.282,3572,3015
1079.295,3573,3015
1080.116,3574,3015
1080.149,3575,3015
1080.205,3576,3015
1080.655,3577,3015
1083.375,3578,3015
1085.114,3579,3015
1085.823,3580,3015
1085.984,3581,3015
1085.994,3582,3015
1086.503,3583,3015
1087.23,3584,3015
1087.536,3585,3015
1088.33,3586,3015
1093.085,3587,3015
1095.135,3588,3015
1096.417,3589,3015
1097.762,3590,3015
1097.771,3591,3015
1098.978,3592,3015
1099.029,3593,3015
1101.4,3594,3015
1101.439,3595,3015
1104.497,3596,3015
1104.523,3597,3027
1104.778,3598,3027
1105.154,3599,3027
1105.86,3600,3027
1105.884,3601,3027
1105.969,3602,3027
1108.351,3603,3027
1109.381,3604,3027
1109.556,3605,3027
1112.956,3606,3027
1114.126,3607,3027
1117.705,3608,3027
1123.592,3609,3027
1127.246,3610,3027
1130.0,3611,3027
1137.037,3612,3027
1137.492,3613,3027
1137.522,3614,3027
1139.327,3615,3027
1144.147,3616,3027
1144.825,3617,3027
1146.192,3618,3027
1146.278,3619,3027
1146.492,3620,3027
1146.748,3621,3027
1147.001,3622,3027
1147.63,3623,3027
1147.789,3624,3027
1148.043,3625,3027
1154.149,3626,3027
1155.013,3627,3027
1156.375,3628,3027
1158.243,3629,3027
1159.242,3630,3027
1159.593,3631,3027
1166.854,3632,3027
1167.442,3633,3027
1169.021,3634,3027
1171.187,3635,3027
1171.825,3636,3027
1180.593,3637,3027
1208.559,3638,3027
1212.002,3639,3027
1212.887,3640,3027
1213.319,3641,3027
1221.606,3642,3027
1228.72,3643,3027
1232.88,3644,3027
1245.558,3645,3027
1245.902,3646,3027
1246.41,3647,3027
1273.539,3648,3027
1286.528,3649,3027
1287.99,3650,3027
1288.387,3651,3027
1288.937,3652,3027
1290.352,3653,3027
1290.539,3654,3027
1306.556,3655,3027
1311.301,3656,3027
1311.381,3657,3027
1312.182,3658,3027
1312.261,3659,3027
1319.169,3660,3027
1323.932,3661,3028
1323.936,3662,3028
1324.143,3663,3029
1324.151,3664,3029
1324.256,3665,3029
1333.925,3666,3029
1333.966,3667,3029
1333.994,3668,3029
1334.027,3669,3029
1334.057,3670,3029
1334.291,3671,3030
1334.652,3672,3030
1334.794,3673,3030
1335.557,3674,3030
1335.621,3675,3030
1338.147,3676,3030
1338.154,3677,3030
1343.999,3678,3030
1344.062,3679,3030
1344.421,3680,3030
1346.123,3681,3030
1355.354,3682,3030
1355.548,3683,3030
1366.617,3684,3030
1388.971,3685,3030
1392.192,3686,3030
1392.213,3687,3030
1392.448,3688,3030
1400.37,3689,3030
1409.837,3690,3030
1409.86,3691,3030
1414.331,3692,3030
1415.951,3693,3030
1416.013,3694,3030
1416.215,3695,3030
1422.237,3696,3030
1422.406,3697,3030
1422.739,3698,3030
1422.814,3699,3030
1422.901,3700,3030
1422.914,3701,3030
1423.115,3702,3030
1423.151,3703,3030
1423.467,3704,3030
1424.325,3705,3030
1424.449,3706,3030
1424.894,3707,3030
1425.027,3708,3030
1427.461,3709,3030
1429.69,3710,3030
1429.742,3711,3030
1429.851,3712,3030
1430.248,3713,3030
1433.141,3714,3030
1436.3,3715,3030
1436.324,3716,3030
1436.337,3717,3030
1436.401,3718,3030
1436.472,3719,3030
1436.671,3720,3030
1436.861,3721,3030
1437.204,3722,3030
1437.343,3723,3030
1437.408,3724,3030
1437.452,3725,3030
1437.872,3726,3030
1437.95,3727,3030
1438.84,3728,3030
1439.587,3729,3030
1440.66,3730,3030
1442.525,3731,3030
1442.695,3732,3030
1443.082,3733,3030
1443.756,3734,3030
1445.539,3735,3030
1445.92,3736,3030
1446.7,3737,3030
1448.596,3738,3030
1449.014,3739,3030
1450.225,3740,3030
1450.855,3741,3030
1451.179,3742,3030
1457.638,3743,3030
1463.398,3744,3030
1465.132,3745,3030
1474.334,3746,3030
1474.342,3747,3030
1474.348,3748,3030
1474.679,3749,3030
1485.066,3750,3030
1485.662,3751,3030
1486.152,3752,3030
1486.249,3753,3030
1488.709,3754,3030
1511.776,3755,3030
1529.021,3756,3030
1535.344,3757,3030
1535.574,3758,3030
1535.681,3759,3030
1542.761,3760,3030
1551.207,3761,3030
1551.582,3762,3030
1551.634,3763,3030
1551.662,3764,3030
1551.834,3765,3030
1551.866,3766,3030
1551.953,3767,3030
1552.301,3768,3030
1552.81,3769,3030
1553.399,3770,3030
1554.421,3771,3030
1560.988,3772,3031
1561.073,3773,3032
1561.114,3774,3032
1564.768,3775,3032
1567.053,3776,3032
1567.079,3777,3032
1567.096,3778,3032
1579.935,3779,3032
1580.089,3780,3032
1580.347,3781,3032
1584.461,3782,3032
1584.568,3783,3032
1589.423,3784,3032
1593.602,3785,3032
1593.928,3786,3032
1596.327,3787,3032
1600.58,3788,3032
1609.054,3789,3032
1609.46,3790,3032
1613.008,3791,3032
1618.934,3792,3032
1629.703,3793,3032
1632.272,3794,3032
1635.222,3795,3032
1635.305,3796,3032
1635.457,3797,3032
1635.543,3798,3032
1639.593,3799,3032
1640.377,3800,3032
1640.4,3801,3032
1640.457,3802,3032
1640.747,3803,3032
1648.067,3804,3032
1648.219,3805,3032
1649.292,3806,3032
1650.418,3807,3032
1650.76,3808,3032
1650.791,3809,3032
1650.896,3810,3032
1651.071,3811,3032
1651.842,3812,3032
1652.345,3813,3032
1654.168,3814,3032
1658.463,3815,3032
1659.747,3816,3032
1659.829,3817,3032
1661.137,3818,3032
1661.936,3819,3032
1670.361,3820,3032
1671.669,3821,3032
1673.155,3822,3032
1673.173,3823,3032
1673.322,3824,3032
1673.38,3825,3032
1673.778,3826,3032
1673.917,3827,3032
1674.707,3828,3032
1674.831,3829,3032
1675.744,3830,3032
1676.181,3831,3032
1690.947,3832,3032
1691.977,3833,3032
1699.512,3834,3032
1706.771,3835,3032
1737.802,3836,3032
1762.431,3837,3032
1774.72,3838,3032
1794.661,3839,3032
1794.666,3840,3032
1794.902,3841,3032
1802.591,3842,3032
1802.675,3843,3032
1807.938,3844,3032
1819.698,3845,3032
1819.806,3846,3032
1819.975,3847,3032
1821.015,3848,3032
1821.232,3849,3032
1821.519,3850,3032
1835.364,3851,3032
1838.339,3852,3032
1838.358,3853,3040
1838.653,3854,3041
1838.657,3855,3041
1838.663,3856,3041
1838.667,3857,3041
1838.71,3858,3043
1839.116,3859,3045
1840.991,3860,3046
1847.001,3861,3046
1847.438,3862,3046
1848.582,3863,3046
1850.668,3864,3046
1850.704,3865,3046
1853.332,3866,3046
1853.357,3867,3046
1853.53,3868,3046
1854.221,3869,3046
1854.345,3870,3046
1864.373,3871,3046
1865.625,3872,3046
1865.933,3873,3050
1866.075,3874,3050
1866.502,3875,3050
1867.172,3876,3050
1867.279,3877,3050
1868.041,3878,3050
1868.087,3879,3050
1868.681,3880,3050
1868.804,3881,3050
1875.893,3882,3050
1881.601,3883,3050
1883.131,3884,3050
1895.41,3885,3050
1900.963,3886,3050
1903.597,3887,3050
1908.443,3888,3050
1908.882,3889,3050
1940.474,3890,3050
1961.362,3891,3050
1975.433,3892,3050
1985.818,3893,3050
1986.045,3894,3050
1986.249,3895,3050
1986.592,3896,3050
1986.63,3897,3050
1987.379,3898,3050
2003.258,3899,3050
2012.809,3900,3050
2012.87,3901,3050
2013.07,3902,3067
2013.458,3903,3069
2013.46,3904,3071
2013.474,3905,3071
2013.493,3906,3071
2013.507,3907,3071
2013.509,3908,3073
2013.515,3909,3073
2013.536,3910,3073
2013.593,3911,3079
2013.607,3912,3079
2013.632,3913,3080
2013.748,3914,3081
2013.78,3915,3083
2013.811,3916,3085
2013.855,3917,3086
2013.925,3918,3086
2013.997,3919,3086
2014.064,3920,3086
2014.087,3921,3086
2014.557,3922,3089
2014.662,3923,3091
2015.086,3924,3091
2015.1,3925,3092
2015.176,3926,3092
2015.402,3927,3093
2015.457,3928,3093
2015.6,3929,3093
2015.679,3930,3093
2015.833,3931,3093
2015.835,3932,3096
2015.846,3933,3096
2015.851,3934,3097
2015.886,3935,3097
2015.893,3936,3097
2015.902,3937,3098
2015.906,3938,3099
2015.934,3939,3099
2016.06,3940,3100
2016.096,3941,3100
2016.111,3942,3101
2016.287,3943,3101
2016.297,3944,3101
2016.353,3945,3101
2016.464,3946,3101
2016.543,3947,3101
2016.562,3948,3101
2016.687,3949,3101
2016.758,3950,3104
2016.976,3951,3104
2017.056,3952,3104
2017.227,3953,3104
2017.267,3954,3105
2017.282,3955,3106
2017.31,3956,3106
2017.377,3957,3106
2017.576,3958,3107
2017.957,3959,3107
2017.981,3960,3112
2018.006,3961,3112
2018.181,3962,3112
2018.607,3963,3124
2018.742,3964,3129
2018.75,3965,3129
2018.822,3966,3132
2019.143,3967,3132
2019.642,3968,3133
2020.067,3969,3133
2020.131,3970,3133
2020.518,3971,3133
2020.52,3972,3133
2020.526,3973,3133
2020.583,3974,3133
2020.626,3975,3133
2020.633,3976,3133
2020.686,3977,3133
2020.699,3978,3134
2020.705,3979,3134
2020.781,3980,3134
2020.805,3981,3134
2020.861,3982,3134
2021.157,3983,3134
2021.211,3984,3134
2021.255,3985,3134
2021.262,3986,3134
2021.629,3987,3134
2021.661,3988,3134
2021.738,3989,3134
2021.924,3990,3134
2022.003,3991,3134
2022.05,3992,3134
2022.294,3993,3134
2022.34,3994,3134
2022.481,3995,3135
2022.485,3996,3135
2022.502,3997,3135
2023.271,3998,3135
2026.044,3999,3135
2037.384,4000,3135
2038.064,4001,3135
2038.085,4002,3135
2038.533,4003,3136
2039.142,4004,3136
2039.255,4005,3136
2039.346,4006,3136
2039.55,4007,3136
2039.601,4008,3137
2040.003,4009,3139
2040.144,4010,3139
2040.327,4011,3139
2040.527,4012,3139
2041.215,4013,3139
2041.256,4014,3139
2041.481,4015,3139
2041.774,4016,3139
2046.684,4017,3139
2046.826,4018,3139
2047.215,4019,3139
2047.529,4020,3139
2049.743,4021,3139
2049.868,4022,3140
2050.067,4023,3140
2058.808,4024,3140
2059.779,4025,3140
2060.052,4026,3140
2060.235,4027,3140
2060.262,4028,3140
2061.201,4029,3140
2061.591,4030,3140
2063.605,4031,3140
2064.534,4032,3140
2068.218,4033,3140
2068.49,4034,3140
2077.494,4035,3140
2077.914,4036,3140
2077.936,4037,3140
2078.129,4038,3140
2078.284,4039,3140
2078.323,4040,3140
2078.367,4041,3141
2078.776,4042,3141
2078.858,4043,3141
2079.949,4044,3141
2080.197,4045,3141
2080.604,4046,3142
2080.75,4047,3142
2081.143,4048,3142
2087.028,4049,3142
2087.485,4050,3142
2088.199,4051,3142
2088.229,4052,3142
2088.563,4053,3142
2090.96,4054,3142
2092.852,4055,3142
2096.226,4056,3142
2096.335,4057,3142
2099.325,4058,3142
2099.594,4059,3142
2102.912,4060,3142
2103.95,4061,3142
2105.747,4062,3142
2126.178,4063,3142
2126.271,4064,3142
2134.987,4065,3142
2135.905,4066,3142
2136.137,4067,3142
2137.024,4068,3142
2152.401,4069,3143
2156.208,4070,3143
2161.928,4071,3143
2207.941,4072,3143
2208.181,4073,3143
2208.205,4074,3143
2218.834,4075,3143
2220.673,4076,3143
2221.999,4077,3143
2222.0,4078,3143
2222.019,4079,3143
2222.033,4080,3143
2222.033,4081,3143
2222.093,4082,3143
2222.137,4083,3143
2222.139,4084,3143
2222.212,4085,3143
2222.239,4086,3143
2222.313,4087,3143
2222.341,4088,3143
2222.422,4089,3143
2222.648,4090,3143
2223.003,4091,3143
2223.149,4092,3143
2223.472,4093,3143
2223.786,4094,3143
2230.672,4095,3143
2231.521,4096,3143
2231.956,4097,3143
2232.815,4098,3143
2232.843,4099,3143
2232.914,4100,3143
2233.003,4101,3143
2234.245,4102,3143
2234.402,4103,3143
2243.53,4104,3143
2243.603,4105,3143
2247.32,4106,3143
2247.49,4107,3143
2248.808,4108,3143
2249.44,4109,3143
2251.468,4110,3143
2251.786,4111,3143
2252.932,4112,3143
2253.404,4113,3143
2253.475,4114,3143
2257.13,4115,3143
2258.665,4116,3143
2264.228,4117,3143
2268.778,4118,3143
2268.92,4119,3143
2273.147,4120,3143
2273.417,4121,3143
2273.428,4122,3143
2273.661,4123,3143
2277.931,4124,3143
2286.568,4125,3143
2299.681,4126,3143
2299.997,4127,3143
2300.018,4128,3143
2300.064,4129,3143
2300.076,4130,3143
2300.313,4131,3143
2301.036,4132,3143
2303.543,4133,3143
2303.742,4134,3143
2304.564,4135,3143
2304.812,4136,3143
2310.576,4137,3143
2311.531,4138,3143
2311.704,4139,3143
2311.889,4140,3143
2334.337,4141,3143
2335.54,4142,3143
2336.144,4143,3143
2336.16,4144,3143
2336.967,4145,3143
2347.366,4146,3143
2347.449,4147,3144
2347.452,4148,3144
2347.457,4149,3144
2347.461,4150,3144
2347.481,4151,3144
2347.482,4152,3144
2347.487,4153,3144
2347.495,4154,3144
2347.518,4155,3144
2347.669,4156,3146
2348.044,4157,3146
2355.769,4158,3146
2358.009,4159,3146
2358.425,4160,3146
2360.719,4161,3146
2360.958,4162,3146
2366.619,4163,3146
2382.277,4164,3146
2389.255,4165,3146
2390.469,4166,3146
2398.309,4167,3146
2401.12,4168,3146
2423.811,4169,3146
2427.131,4170,3146
2428.502,4171,3146
2428.566,4172,3146
2429.241,4173,3146
2429.25,4174,3146
2429.327,4175,3146
2430.432,4176,3146
2432.003,4177,3146
2433.852,4178,3146
2440.087,4179,3146
2441.748,4180,3146
2445.493,4181,3146
2445.64,4182,3146
2449.389,4183,3146
2453.578,4184,3146
2455.166,4185,3146
2462.015,4186,3147
2462.125,4187,3147
2497.161,4188,3147
2497.355,4189,3147
2497.606,4190,3147
2501.172,4191,3147
2512.066,4192,3147
2512.754,4193,3147
2514.428,4194,3147
2522.424,4195,3147
2522.474,4196,3147
2522.713,4197,3147
2524.224,4198,3147
2526.053,4199,3147
2526.105,4200,3147
2527.776,4201,3147
2531.455,4202,3147
2532.199,4203,3147
2532.327,4204,3147
2538.428,4205,3147
2570.534,4206,3147
2574.342,4207,3147
2580.3,4208,3147
2589.211,4209,3147
2598.334,4210,3147
2599.968,4211,3147
2606.944,4212,3147
2628.518,4213,3147
2632.066,4214,3147
2633.48,4215,3147
2633.592,4216,3147
2633.637,4217,3147
2633.951,4218,3147
2651.448,4219,3147
2655.272,4220,3147
2668.943,4221,3147
2668.946,4222,3147
2678.592,4223,3147
2681.07,4224,3147
2682.559,4225,3147
2685.471,4226,3147
2686.142,4227,3147
2687.402,4228,3147
2693.358,4229,3147
2693.535,4230,3147
2702.866,4231,3147
2709.971,4232,3147
2710.038,4233,3147
2712.038,4234,3147
2723.289,4235,3147
2723.952,4236,3147
2745.232,4237,3147
2746.187,4238,3147
2746.657,4239,3147
2758.681,4240,3147
2758.857,4241,3147
2759.886,4242,3147
2759.922,4243,3147
2762.481,4244,3147
2781.908,4245,3147
2781.955,4246,3147
2782.04,4247,3147
2782.521,4248,3147
2784.04,4249,3147
2784.758,4250,3147
2784.771,4251,3147
2786.235,4252,3147
2800.261,4253,3147
2805.284,4254,3147
2808.191,4255,3147
2808.507,4256,3147
2808.809,4257,3147
2810.806,4258,3147
2830.192,4259,3147
2830.194,4260,3148
2830.214,4261,3148
2830.892,4262,3148
2833.113,4263,3148
2840.503,4264,3148
2840.538,4265,3148
2851.583,4266,3148
2851.658,4267,3148
2865.52,4268,3148
2897.157,4269,3148
2911.264,4270,3148
2911.447,4271,3148
2933.385,4272,3148
2933.883,4273,3148
2934.706,4274,3148
2935.317,4275,3148
2957.995,4276,3148
2961.058,4277,3148
2961.596,4278,3148
2964.246,4279,3148
2964.387,4280,3148
2964.497,4281,3148
2965.428,4282,3148
2967.643,4283,3148
2968.432,4284,3148
2971.787,4285,3148
2976.523,4286,3148
2981.211,4287,3148
2984.683,4288,3148
3004.016,4289,3148
3004.315,4290,3148
3005.303,4291,3148
3006.716,4292,3148
3018.247,4293,3148
3026.086,4294,3148
3042.577,4295,3148
3042.973,4296,3148
3044.108,4297,3148
3045.543,4298,3148
3047.625,4299,3148
3057.186,4300,3148
3071.149,4301,3148
3073.045,4302,3148
3073.632,4303,3148
3079.761,4304,3148
3079.762,4305,3148
3079.768,4306,3148
3079.834,4307,3148
3080.649,4308,3148
3082.004,4309,3148
3082.896,4310,3148
3082.926,4311,3149
3083.144,4312,3149
3083.152,4313,3149
3100.622,4314,3149
3110.924,4315,3149
3112.88,4316,3149
3112.987,4317,3149
3113.674,4318,3149
3114.352,4319,3149
3146.35,4320,3149
3172.301,4321,3149
3172.346,4322,3149
3175.422,4323,3149
3176.119,4324,3149
3176.159,4325,3149
3178.781,4326,3149
3180.923,4327,3149
3187.015,4328,3149
3194.812,4329,3149
3207.609,4330,3149
3207.648,4331,3149
3207.758,4332,3149
3207.866,4333,3149
3220.84,4334,3149
3247.282,4335,3150
3272.679,4336,3150
3272.696,4337,3150
3284.6,4338,3150
3297.691,4339,3150
3304.749,4340,3150
3307.423,4341,3150
3314.162,4342,3150
3320.363,4343,3150
3331.743,4344,3150
3331.806,4345,3150
3361.239,4346,3150
3399.952,4347,3150
3399.957,4348,3150
3402.91,4349,3150
3406.778,4350,3150
3423.066,4351,3150
3423.087,4352,3150
3424.073,4353,3150
3424.083,4354,3150
3428.383,4355,3150
3431.504,4356,3150
3435.983,4357,3150
3437.321,4358,3151
3468.144,4359,3151
3469.407,4360,3151
3487.078,4361,3151
3507.565,4362,3151
3509.009,4363,3152
3517.27,4364,3152
3529.062,4365,3152
3537.901,4366,3152
3544.722,4367,3152
3550.346,4368,3152
3550.768,4369,3152
3550.78,4370,3152
3550.789,4371,3152
3550.792,4372,3152
3550.868,4373,3155
3551.013,4374,3158
3551.172,4375,3158
3551.344,4376,3163
3551.388,4377,3164
3551.838,4378,3164
3552.658,4379,3164
3553.054,4380,3164
3556.459,4381,3169
3565.113,4382,3169
3602.061,4383,3169
3606.306,4384,3169
3613.0,4385,3169
3613.078,4386,3169
3613.325,4387,3169
3613.678,4388,3169
3615.22,4389,3169
3615.79,4390,3169
3650.554,4391,3169
3655.857,4392,3169
3655.868,4393,3169
3659.407,4394,3169
3659.416,4395,3169
3661.913,4396,3169
3662.172,4397,3169
3682.366,4398,3169
3683.189,4399,3169
3684.455,4400,3169
3713.746,4401,3169
3713.774,4402,3169
3717.82,4403,3169
3726.518,4404,3170
3726.562,4405,3171
3728.545,4406,3171
3732.291,4407,3171
3746.485,4408,3171
3747.709,4409,3171
3748.067,4410,3171
3750.813,4411,3171
3760.343,4412,3171
3760.392,4413,3171
3760.432,4414,3171
3768.444,4415,3171
3773.612,4416,3171
3775.353,4417,3171
3816.327,4418,3171
3852.215,4419,3171
3856.02,4420,3171
3861.715,4421,3171
3881.835,4422,3171
3881.89,4423,3171
3881.939,4424,3171
3882.614,4425,3171
3883.128,4426,3171
3883.682,4427,3171
3888.625,4428,3171
3904.144,4429,3171
3904.157,4430,3171
3904.168,4431,3174
3904.424,4432,3176
3905.328,4433,3176
3905.348,4434,3176
3905.451,4435,3176
3905.492,4436,3176
3905.51,4437,3176
3905.553,4438,3176
3905.57,4439,3176
3905.848,4440,3178
3906.064,4441,3179
3906.229,4442,3179
3906.37,4443,3179
3906.529,4444,3179
3906.568,4445,3179
3906.645,4446,3179
3906.794,4447,3179
3906.854,4448,3179
3906.992,4449,3180
3907.057,4450,3181
3907.418,4451,3181
3907.488,4452,3181
3907.595,4453,3181
3907.768,4454,3181
3907.85,4455,3181
3907.877,4456,3181
3908.198,4457,3182
3908.317,4458,3182
3908.346,4459,3182
3908.663,4460,3182
3912.55,4461,3182
3912.59,4462,3182
3913.099,4463,3182
3914.574,4464,3182
3914.599,4465,3182
3914.64,4466,3182
3914.676,4467,3182
3914.816,4468,3182
3914.861,4469,3182
3915.162,4470,3182
3915.439,4471,3182
3915.781,4472,3182
3915.85,4473,3182
3915.902,4474,3182
3916.107,4475,3182
3916.323,4476,3182
3916.773,4477,3182
3916.952,4478,3182
3917.105,4479,3182
3917.151,4480,3182
3917.411,4481,3182
3917.602,4482,3182
3917.722,4483,3184
3920.119,4484,3184
3920.435,4485,3184
3920.554,4486,3184
3921.316,4487,3185
3921.364,4488,3185
3921.691,4489,3185
3923.144,4490,3185
3923.371,4491,3185
3923.531,4492,3185
3924.633,4493,3185
3926.917,4494,3185
3963.077,4495,3185
3964.419,4496,3185
3964.619,4497,3185
3965.017,4498,3185
3968.071,4499,3185
3968.233,4500,3185
3968.263,4501,3188
3968.349,4502,3188
3982.419,4503,3188
4087.863,4504,3192
4088.288,4505,3195
4088.773,4506,3197
4090.284,4507,3198
4090.853,4508,3198
4092.011,4509,3199
4093.148,4510,3199
4094.234,4511,3199
4094.408,4512,3199
4095.939,4513,3199
4099.205,4514,3199
4106.713,4515,3199
4133.47,4516,3199
4146.311,4517,3199
4147.407,4518,3199
4149.166,4519,3199
4151.932,4520,3199
4162.003,4521,3199
4170.842,4522,3200
4176.113,4523,3200
4188.93,4524,3201
4196.248,4525,3202
4196.307,4526,3202
4196.383,4527,3202
4198.8,4528,3202
4198.844,4529,3202
4199.805,4530,3203
4202.752,4531,3203
4203.313,4532,3203
4203.66,4533,3203
4275.84,4534,3203
4275.996,4535,3203
4276.04,4536,3203
4276.11,4537,3203
4276.279,4538,3203
4276.31,4539,3203
4276.975,4540,3203
4277.402,4541,3203
4278.657,4542,3203
4279.19,4543,3203
4282.045,4544,3203
4282.157,4545,3203
4283.386,4546,3203
4283.904,4547,3203
4289.686,4548,3203
4290.32,4549,3203
4291.411,4550,3203
4306.581,4551,3203
4308.597,4552,3203
4322.366,4553,3203
4322.496,4554,3204
4322.82,4555,3204
4327.959,4556,3204
4328.088,4557,3204
4331.17,4558,3204
4331.21,4559,3205
4343.86,4560,3205
4347.633,4561,3205
4347.646,4562,3205
4347.666,4563,3205
4347.972,4564,3205
4350.153,4565,3205
4350.586,4566,3205
4360.078,4567,3205
4368.904,4568,3205
4369.099,4569,3205
4369.367,4570,3205
4369.515,4571,3205
4370.115,4572,3205
4370.76,4573,3205
4371.247,4574,3205
4373.164,4575,3205
4387.713,4576,3205
4389.009,4577,3205
4389.695,4578,3205
4390.52,4579,3208
4401.995,4580,3208
4403.141,4581,3208
4408.133,4582,3208
4415.681,4583,3208
4437.383,4584,3208
4438.079,4585,3208
4438.93,4586,3208
4439.414,4587,3208
4439.579,4588,3208
4439.655,4589,3208
4439.82,4590,3208
4440.686,4591,3208
4441.101,4592,3208
4441.186,4593,3208
4441.342,4594,3208
4441.777,4595,3208
4442.943,4596,3208
4443.625,4597,3208
4443.836,4598,3208
4445.061,4599,3208
4445.426,4600,3208
4447.656,4601,3208
4447.997,4602,3208
4448.636,4603,3208
4449.286,4604,3208
4450.249,4605,3208
4450.967,4606,3208
4452.117,4607,3208
4453.255,4608,3208
4453.926,4609,3208
4454.258,4610,3208
4456.18,4611,3208
4479.751,4612,3208
4486.111,4613,3208
4487.014,4614,3208
4494.446,4615,3208
4565.495,4616,3208
4565.548,4617,3208
4591.426,4618,3208
4594.559,4619,3208
4594.653,4620,3208
4595.061,4621,3208
4595.978,4622,3208
4597.641,4623,3208
4598.687,4624,3208
4599.198,4625,3208
4600.097,4626,3208
4605.729,4627,3208
4642.425,4628,3208
4642.649,4629,3208
4645.433,4630,3208
4669.338,4631,3208
4669.437,4632,3208
4669.517,4633,3208
4669.606,4634,3208
4669.965,4635,3208
4670.425,4636,3208
4671.339,4637,3208
4685.246,4638,3208
4698.347,4639,3208
4724.533,4640,3208
4724.675,4641,3208
4724.863,4642,3208
4725.379,4643,3208
4725.588,4644,3208
4731.582,4645,3208
4736.764,4646,3208
4737.725,4647,3208
4738.878,4648,3208
4743.26,4649,3208
4747.0,4650,3208
4753.761,4651,3208
4755.955,4652,3208
4773.714,4653,3208
4773.776,4654,3208
4804.685,4655,3208
4807.539,4656,3208
4809.527,4657,3208
4822.114,4658,3208
4828.999,4659,3208
4837.53,4660,3208
4838.507,4661,3208
4845.876,4662,3208
4875.808,4663,3208
4883.468,4664,3208
4891.005,4665,3208
4936.718,4666,3208
4939.261,4667,3208
4958.242,4668,3208
4974.945,4669,3208
5000.766,4670,3208
5125.619,4671,3208
5161.426,4672,3208
5171.394,4673,3208
5172.018,4674,3209
5172.897,4675,3209
5197.733,4676,3209
5217.119,4677,3209
5218.141,4678,3209
5220.51,4679,3209
5223.245,4680,3209
5257.95,4681,3209
5295.243,4682,3209
5296.854,4683,3209
5297.636,4684,3209
5307.245,4685,3209
5307.287,4686,3209
5307.365,4687,3209
5307.491,4688,3209
5307.771,4689,3209
5309.324,4690,3209
5310.189,4691,3210
5313.099,4692,3210
5324.388,4693,3210
5381.772,4694,3210
5382.72,4695,3210
5385.584,4696,3210
5393.663,4697,3210
5393.705,4698,3210
5393.77,4699,3210
5424.274,4700,3210
5426.111,4701,3210
5428.19,4702,3210
5430.893,4703,3211
5434.761,4704,3211
5438.061,4705,3211
5438.788,4706,3216
5445.584,4707,3216
5456.824,4708,3216
5634.682,4709,3216
5645.111,4710,3216
5656.671,4711,3216
5661.874,4712,3216
5662.152,4713,3216
5662.953,4714,3216
5704.618,4715,3216
5706.785,4716,3216
5706.894,4717,3216
5706.906,4718,3216
5707.794,4719,3216
5708.159,4720,3216
5708.895,4721,3216
5709.088,4722,3216
5714.81,4723,3216
5736.85,4724,3216
5746.97,4725,3216
5762.249,4726,3216
5773.537,4727,3216
5775.166,4728,3216
5780.69,4729,3216
5810.647,4730,3216
5811.472,4731,3216
5811.899,4732,3216
5812.039,4733,3216
5812.247,4734,3216
5813.642,4735,3216
5814.237,4736,3216
5814.647,4737,3216
5815.086,4738,3216
5820.611,4739,3216
5823.348,4740,3216
5826.567,4741,3216
5826.894,4742,3216
5893.018,4743,3216
5902.919,4744,3217
5904.629,4745,3217
5905.252,4746,3217
5935.755,4747,3217
5936.144,4748,3217
5942.835,4749,3217
5943.468,4750,3217
5987.841,4751,3217
6007.011,4752,3217
6020.674,4753,3217
6064.865,4754,3217
6070.474,4755,3217
6103.577,4756,3217
6103.644,4757,3217
6103.673,4758,3217
6103.679,4759,3217
6103.748,4760,3217
6104.229,4761,3217
6105.172,4762,3217
6105.455,4763,3217
6106.965,4764,3217
6110.513,4765,3217
6127.192,4766,3217
6127.36,4767,3217
6131.556,4768,3217
6131.713,4769,3217
6149.529,4770,3217
6149.594,4771,3217
6149.699,4772,3217
6150.015,4773,3217
6152.429,4774,3217
6156.211,4775,3217
6156.754,4776,3217
6159.582,4777,3217
6231.328,4778,3217
6233.559,4779,3217
6233.791,4780,3217
6235.305,4781,3217
6269.633,4782,3217
6271.537,4783,3217
6290.858,4784,3217
6295.807,4785,3217
6295.994,4786,3217
6319.384,4787,3217
6375.318,4788,3217
6415.305,4789,3217
6416.278,4790,3217
6430.214,4791,3217
6430.227,4792,3217
6430.239,4793,3217
6430.252,4794,3217
6430.841,4795,3217
6431.751,4796,3217
6437.281,4797,3217
6463.557,4798,3217
6488.748,4799,3217
6490.474,4800,3217
6490.619,4801,3217
6490.671,4802,3217
6490.819,4803,3217
6491.839,4804,3217
6509.025,4805,3217
6515.544,4806,3217
6517.445,4807,3217
6517.449,4808,3217
6517.979,4809,3217
6538.248,4810,3217
6569.622,4811,3217
6598.887,4812,3217
6599.354,4813,3217
6600.376,4814,3217
6604.654,4815,3217
6630.501,4816,3217
6657.91,4817,3217
6661.491,4818,3217
6665.053,4819,3217
6665.147,4820,3217
6695.219,4821,3217
6713.273,4822,3217
6726.424,4823,3217
6750.375,4824,3217
6750.75,4825,3217
6751.036,4826,3217
6751.368,4827,3217
6758.255,4828,3217
6787.603,4829,3217
6788.95,4830,3217
6799.528,4831,3217
6801.045,4832,3217
6891.481,4833,3217
6952.798,4834,3217
6975.739,4835,3217
6975.897,4836,3217
6976.138,4837,3217
6976.378,4838,3217
6976.713,4839,3217
6977.986,4840,3217
6979.703,4841,3217
6980.303,4842,3217
7004.775,4843,3217
7056.858,4844,3217
7059.448,4845,3217
7061.364,4846,3217
7061.955,4847,3217
7068.733,4848,3217
7072.033,4849,3217
7075.701,4850,3217
7076.992,4851,3217
7118.047,4852,3217
7395.039,4853,3217
7445.175,4854,3217
7445.908,4855,3217
7446.747,4856,3217
7450.998,4857,3217
7464.392,4858,3217
7508.002,4859,3217
7508.293,4860,3217
7508.437,4861,3217
7509.147,4862,3217
7553.719,4863,3217
7555.666,4864,3217
7555.958,4865,3217
7557.016,4866,3217
7591.019,4867,3217
7664.082,4868,3217
7680.02,4869,3217
7704.801,4870,3217
7970.813,4871,3218
7971.799,4872,3218
7971.818,4873,3219
7978.248,4874,3219
8060.258,4875,3219
8060.816,4876,3219
8061.312,4877,3219
8061.612,4878,3219
8063.917,4879,3219
8064.31,4880,3219
8089.447,4881,3219
8090.546,4882,3219
8119.485,4883,3219
8121.504,4884,3219
8121.705,4885,3219
8121.783,4886,3219
8123.26,4887,3219
8126.898,4888,3219
8127.772,4889,3219
8189.035,4890,3219
8248.175,4891,3219
8250.719,4892,3219
8374.51,4893,3219
8389.041,4894,3219
8392.129,4895,3219
8440.952,4896,3219
8615.633,4897,3219
8871.948,4898,3219
8874.018,4899,3219
8874.183,4900,3219
8874.271,4901,3219
8875.214,4902,3219
8917.106,4903,3219
9196.605,4904,3219
9199.075,4905,3219
9205.836,4906,3219
9207.056,4907,3219
9387.099,4908,3219
9464.383,4909,3219
10074.429,4910,3219
10204.803,4911,3219
10490.821,4912,3219
10656.392,4913,3219
11041.947,4914,3219
11060.852,4915,3219
11066.361,4916,3219
11067.904,4917,3219
11069.154,4918,3219
11100.38,4919,3219
11100.512,4920,3219
11101.028,4921,3219
11106.706,4922,3219
11112.968,4923,3219
11132.279,4924,3219
11212.67,4925,3219
11214.763,4926,3219
11257.716,4927,3219
11257.895,4928,3219
11261.406,4929,3219
11654.321,4930,3219
11673.18,4931,3219
11786.506,4932,3219
12011.713,4933,3219
12244.395,4934,3219
12244.526,4935,3219
12244.609,4936,3219
12244.679,4937,3219
12244.731,4938,3219
12244.945,4939,3219
12245.676,4940,3219
12245.943,4941,3219
12247.289,4942,3219
12247.408,4943,3219
12247.415,4944,3219
12247.517,4945,3220
12247.538,4946,3221
12247.669,4947,3221
12247.958,4948,3222
12248.546,4949,3222
12249.062,4950,3223
12249.389,4951,3224
12249.927,4952,3224
12250.033,4953,3224
12250.389,4954,3224
12250.668,4955,3224
12251.053,4956,3224
12251.357,4957,3224
12251.705,4958,3224
12251.796,4959,3224
12259.462,4960,3224
12260.829,4961,3224
12266.625,4962,3224
12272.465,4963,3224
12272.524,4964,3224
12273.69,4965,3224
12273.707,4966,3224
12291.365,4967,3224
12291.404,4968,3224
12291.429,4969,3224
12291.64,4970,3224
12294.964,4971,3224
12296.124,4972,3224
12300.069,4973,3224
12361.504,4974,3224
12365.158,4975,3224
12365.848,4976,3224
12366.389,4977,3224
12368.875,4978,3224
12368.877,4979,3224
12368.891,4980,3224
12368.989,4981,3224
12369.103,4982,3224
12369.201,4983,3224
12369.283,4984,3224
12371.044,4985,3224
12398.708,4986,3224
12426.156,4987,3224
12426.415,4988,3224
12463.161,4989,3224
12482.169,4990,3224
12482.395,4991,3224
12482.449,4992,3224
12482.466,4993,3224
12482.567,4994,3224
12483.39,4995,3224
12483.574,4996,3224
12484.692,4997,3224
12485.766,4998,3224
12486.002,4999,3224
12501.33,5000,3224
12501.406,5001,3224
12501.622,5002,3224
12502.105,5003,3224
12507.919,5004,3224
12511.847,5005,3224
12517.789,5006,3224
12526.67,5007,3224
12526.831,5008,3224
12535.532,5009,3224
12566.084,5010,3224
12576.943,5011,3224
12577.079,5012,3224
12604.516,5013,3224
12604.583,5014,3224
12604.714,5015,3224
12605.522,5016,3224
12605.78,5017,3224
12605.96,5018,3224
12632.443,5019,3224
12649.604,5020,3224
12660.466,5021,3224
12733.734,5022,3224
12733.796,5023,3224
12733.975,5024,3224
12734.226,5025,3224
12735.281,5026,3224
12763.766,5027,3224
12770.888,5028,3224
12771.191,5029,3224
12771.247,5030,3224
12771.369,5031,3224
12780.25,5032,3224
12781.312,5033,3224
12794.371,5034,3224
12794.722,5035,3224
12832.97,5036,3224
12833.136,5037,3224
12833.596,5038,3224
12849.192,5039,3224
12868.487,5040,3224
12868.586,5041,3224
12907.663,5042,3224
12922.143,5043,3224
12926.428,5044,3224
12926.439,5045,3224
12926.443,5046,3224
12928.497,5047,3224
12940.783,5048,3224
12940.897,5049,3224
12941.133,5050,3224
12945.764,5051,3224
12975.811,5052,3224
12975.896,5053,3224
12978.004,5054,3224
12980.266,5055,3224
12982.542,5056,3224
12989.276,5057,3224
12991.013,5058,3224
13001.781,5059,3224
13023.509,5060,3224
13027.82,5061,3224
13042.422,5062,3224
13044.133,5063,3224
13097.128,5064,3224
13108.609,5065,3224
13115.943,5066,3224
13116.052,5067,3224
13191.632,5068,3224
13191.734,5069,3224
13191.876,5070,3224
13192.245,5071,3224
13198.724,5072,3224
13198.752,5073,3224
13202.444,5074,3224
13202.9,5075,3224
13203.167,5076,3224
13203.313,5077,3224
13203.565,5078,3224
13204.226,5079,3224
13204.835,5080,3224
13204.912,5081,3224
13205.613,5082,3224
13205.7,5083,3224
13206.524,5084,3224
13206.716,5085,3224
13208.386,5086,3224
13209.071,5087,3224
13209.671,5088,3224
13242.984,5089,3224
13243.145,5090,3224
13243.285,5091,3224
13244.678,5092,3224
13271.985,5093,3224
13274.088,5094,3224
13274.269,5095,3224
13274.398,5096,3224
13289.431,5097,3224
13289.552,5098,3224
13289.867,5099,3224
13308.2,5100,3224
13308.216,5101,3224
13308.375,5102,3224
13329.165,5103,3224
13333.571,5104,3224
13333.834,5105,3224
13362.085,5106,3224
13364.082,5107,3224
13364.128,5108,3224
13365.081,5109,3224
13376.911,5110,3224
13376.927,5111,3224
13382.143,5112,3224
13410.921,5113,3224
13411.055,5114,3224
13411.127,5115,3224
13411.323,5116,3224
13412.135,5117,3224
13415.821,5118,3224
13416.821,5119,3224
13454.03,5120,3224
13459.04,5121,3224
13459.148,5122,3224
13460.674,5123,3224
13461.159,5124,3224
13469.242,5125,3224
13469.299,5126,3224
13469.5,5127,3224
13470.322,5128,3224
13524.895,5129,3224
13525.07,5130,3224
13525.162,5131,3224
13525.553,5132,3224
13526.23,5133,3224
13527.58,5134,3225
13528.556,5135,3225
13530.289,5136,3225
13533.06,5137,3225
13535.159,5138,3225
13535.255,5139,3225
13535.293,5140,3225
13539.902,5141,3225
13539.913,5142,3225
13545.537,5143,3225
13545.821,5144,3225
13554.682,5145,3225
13601.72,5146,3225
13653.526,5147,3225
13653.65,5148,3225
13653.671,5149,3225
13653.802,5150,3225
13653.855,5151,3225
13653.94,5152,3225
13655.366,5153,3225
13655.715,5154,3225
13655.993,5155,3225
13656.282,5156,3225
13692.598,5157,3225
13692.608,5158,3225
13717.058,5159,3225
13717.149,5160,3225
13718.415,5161,3225
13728.152,5162,3225
13733.349,5163,3225
13733.912,5164,3225
13756.976,5165,3225
13766.664,5166,3225
13768.931,5167,3225
13781.953,5168,3225
13781.988,5169,3225
13783.663,5170,3225
13783.718,5171,3225
13783.824,5172,3225
13789.842,5173,3225
13886.987,5174,3225
13903.299,5175,3225
13910.164,5176,3225
13913.747,5177,3225
13914.561,5178,3225
13918.658,5179,3225
13918.685,5180,3225
13922.43,5181,3225
13927.367,5182,3225
13931.751,5183,3225
13931.951,5184,3225
13932.13,5185,3225
13932.385,5186,3225
13932.817,5187,3225
13972.394,5188,3225
13973.347,5189,3225
13975.669,5190,3225
13975.677,5191,3225
13977.683,5192,3225
13978.099,5193,3225
13978.343,5194,3225
13978.492,5195,3225
13979.373,5196,3225
13981.354,5197,3225
13982.603,5198,3225
14028.695,5199,3225
14038.036,5200,3225
14039.631,5201,3225
14061.933,5202,3225
14062.452,5203,3225
14074.741,5204,3225
14075.036,5205,3225
14075.198,5206,3225
14081.527,5207,3225
14081.617,5208,3225
14082.235,5209,3225
14082.458,5210,3225
14083.949,5211,3225
14084.618,5212,3225
14094.85,5213,3225
14113.669,5214,3225
14133.124,5215,3225
14133.149,5216,3225
14133.157,5217,3225
14133.213,5218,3225
14135.247,5219,3225
14136.434,5220,3225
14154.624,5221,3225
14163.985,5222,3225
14169.39,5223,3225
14241.906,5224,3225
14241.943,5225,3225
14333.267,5226,3225
14333.304,5227,3225
14395.868,5228,3225
14432.028,5229,3225
14432.183,5230,3225
14433.133,5231,3225
14453.711,5232,3225
14471.16,5233,3225
14471.226,5234,3225
14471.88,5235,3225
14471.972,5236,3225
14473.286,5237,3227
14474.689,5238,3227
14591.936,5239,3227
14646.91,5240,3227
14654.01,5241,3227
14660.024,5242,3227
14728.95,5243,3227
14744.807,5244,3227
14755.121,5245,3227
14778.526,5246,3227
14779.832,5247,3227
14789.494,5248,3227
14789.577,5249,3227
14790.899,5250,3227
14792.351,5251,3227
14793.304,5252,3227
14799.08,5253,3227
14803.69,5254,3227
14820.559,5255,3227
14820.738,5256,3227
14843.596,5257,3227
14843.702,5258,3227
14844.592,5259,3227
14850.921,5260,3227
14859.553,5261,3227
14873.041,5262,3227
14896.186,5263,3227
14905.342,5264,3227
14905.733,5265,3227
14907.738,5266,3227
14922.641,5267,3227
14928.31,5268,3227
14928.436,5269,3227
14948.923,5270,3227
14948.934,5271,3227
14972.386,5272,3227
14995.221,5273,3227
14995.332,5274,3227
15081.03,5275,3227
15087.807,5276,3227
15113.542,5277,3227
15162.456,5278,3227
15168.342,5279,3227
15206.365,5280,3227
15276.607,5281,3227
15284.419,5282,3227
15310.628,5283,3227
15310.644,5284,3227
15310.665,5285,3227
15310.864,5286,3227
15310.871,5287,3227
15315.158,5288,3227
15330.571,5289,3227
15334.927,5290,3228
15337.869,5291,3228
15349.93,5292,3228
15443.832,5293,3228
15443.984,5294,3228
15450.938,5295,3228
15472.724,5296,3228
15473.124,5297,3228
15502.673,5298,3228
15509.565,5299,3228
15509.606,5300,3228
15512.111,5301,3228
15512.79,5302,3228
15529.166,5303,3228
15529.234,5304,3229
15529.322,5305,3229
15543.456,5306,3229
15543.898,5307,3229
15602.73,5308,3229
15618.333,5309,3229
15618.619,5310,3229
15633.332,5311,3229
15636.145,5312,3229
15686.002,5313,3229
15691.166,5314,3229
15693.653,5315,3229
15694.98,5316,3229
15696.068,5317,3229
15711.262,5318,3229
15724.05,5319,3229
15726.017,5320,3229
15761.672,5321,3229
15762.074,5322,3229
15796.39,5323,3229
15800.32,5324,3229
15851.429,5325,3229
15851.5,5326,3229
15864.632,5327,3229
15882.449,5328,3229
15884.762,5329,3229
15884.927,5330,3229
15885.299,5331,3229
15937.952,5332,3229
16016.33,5333,3229
16016.343,5334,3229
16019.048,5335,3229
16019.074,5336,3229
16019.239,5337,3229
16020.526,5338,3229
16027.35,5339,3229
16035.144,5340,3229
16036.16,5341,3229
16097.037,5342,3229
16102.803,5343,3229
16102.832,5344,3229
16144.477,5345,3229
16144.649,5346,3229
16144.917,5347,3229
16146.303,5348,3229
16182.908,5349,3229
16183.072,5350,3229
16315.566,5351,3229
16317.372,5352,3229
16371.034,5353,3230
16374.034,5354,3230
16404.622,5355,3230
16413.399,5356,3230
16426.18,5357,3230
16436.79,5358,3230
16436.863,5359,3230
16438.31,5360,3230
16469.593,5361,3230
16510.85,5362,3230
16515.522,5363,3230
16566.501,5364,3230
16586.894,5365,3230
16594.973,5366,3230
16595.054,5367,3230
16607.233,5368,3230
16610.968,5369,3230
16611.227,5370,3230
16638.412,5371,3230
16638.563,5372,3230
16638.618,5373,3230
16673.203,5374,3230
16683.551,5375,3230
16689.2,5376,3230
16689.373,5377,3230
16689.751,5378,3230
16689.791,5379,3230
16699.68,5380,3230
16703.565,5381,3230
16703.819,5382,3230
16703.86,5383,3230
16704.421,5384,3230
16705.526,5385,3230
16787.363,5386,3230
16787.458,5387,3231
16787.576,5388,3232
16788.091,5389,3233
16788.141,5390,3233
16788.213,5391,3234
16788.243,5392,3234
16789.483,5393,3234
16792.477,5394,3234
16816.42,5395,3235
16820.773,5396,3235
16820.83,5397,3235
16835.474,5398,3235
16836.967,5399,3235
16838.694,5400,3235
16845.105,5401,3235
16845.551,5402,3235
16846.703,5403,3235
16848.464,5404,3235
16852.463,5405,3235
16898.887,5406,3235
16900.783,5407,3235
16900.968,5408,3235
16901.042,5409,3235
16913.58,5410,3235
16914.229,5411,3235
16934.52,5412,3235
16962.508,5413,3235
16965.793,5414,3235
16984.74,5415,3235
16995.126,5416,3235
16996.339,5417,3235
16997.385,5418,3235
16997.873,5419,3235
17006.157,5420,3235
17017.285,5421,3235
17039.873,5422,3235
17094.37,5423,3235
17094.748,5424,3235
17095.4,5425,3235
17096.177,5426,3235
17101.949,5427,3236
17115.303,5428,3236
17117.352,5429,3236
17126.949,5430,3237
17126.989,5431,3237
17133.69,5432,3237
17144.75,5433,3237
17144.799,5434,3237
17147.188,5435,3237
17206.699,5436,3237
17228.455,5437,3237
17232.745,5438,3237
17233.237,5439,3237
17252.983,5440,3237
17253.488,5441,3237
17273.3,5442,3237
17303.922,5443,3237
17390.732,5444,3237
17390.755,5445,3237
17394.763,5446,3237
17394.834,5447,3237
17441.311,5448,3237
17484.316,5449,3237
17495.331,5450,3237
17495.526,5451,3237
17495.693,5452,3237
17496.319,5453,3237
17520.885,5454,3237
17529.76,5455,3237
17532.664,5456,3237
17532.732,5457,3237
17532.836,5458,3237
17542.596,5459,3237
17636.742,5460,3237
17637.422,5461,3237
17679.101,5462,3237
17679.203,5463,3237
17727.985,5464,3237
17728.069,5465,3237
17728.209,5466,3239
17754.304,5467,3239
17767.166,5468,3239
17777.419,5469,3239
17822.936,5470,3239
17826.465,5471,3239
17899.442,5472,3239
17899.498,5473,3239
17907.047,5474,3239
17913.062,5475,3239
17913.266,5476,3239
17913.313,5477,3239
17913.786,5478,3239
17916.828,5479,3239
17965.316,5480,3239
17965.358,5481,3239
17969.735,5482,3239
18007.495,5483,3239
18007.632,5484,3239
18007.641,5485,3239
18007.775,5486,3239
18019.272,5487,3239
18019.713,5488,3239
18022.762,5489,3239
18036.582,5490,3239
18036.624,5491,3239
18077.519,5492,3239
18081.237,5493,3239
18081.309,5494,3239
18081.508,5495,3239
18081.648,5496,3239
18109.29,5497,3239
18109.391,5498,3239
18189.894,5499,3239
18208.555,5500,3239
18251.743,5501,3239
18252.165,5502,3239
18252.499,5503,3239
18256.863,5504,3239
18296.74,5505,3239
18296.821,5506,3239
18303.671,5507,3239
18328.277,5508,3239
18352.117,5509,3239
18411.431,5510,3239
18412.112,5511,3239
18414.884,5512,3239
18431.915,5513,3239
18487.523,5514,3239
18570.775,5515,3239
18595.765,5516,3239
18618.268,5517,3239
18734.157,5518,3239
18859.284,5519,3239
18862.641,5520,3239
18862.658,5521,3239
18904.839,5522,3239
18904.845,5523,3239
18941.903,5524,3239
18941.987,5525,3239
19003.272,5526,3239
19067.941,5527,3239
19117.929,5528,3239
19119.302,5529,3239
19157.579,5530,3239
19158.306,5531,3239
19161.138,5532,3239
19178.215,5533,3239
19180.651,5534,3242
19180.679,5535,3243
19223.479,5536,3243
19238.851,5537,3243
19272.891,5538,3243
19273.058,5539,3243
19306.797,5540,3244
19321.357,5541,3244
19321.999,5542,3244
19441.763,5543,3244
19481.313,5544,3244
19522.497,5545,3244
19522.583,5546,3244
19539.143,5547,3244
19542.736,5548,3244
19546.766,5549,3244
19569.047,5550,3244
19603.586,5551,3244
19605.194,5552,3244
19608.563,5553,3244
19629.794,5554,3270
19629.822,5555,3274
19629.828,5556,3276
19629.829,5557,3276
19629.83,5558,3276
19629.832,5559,3277
19629.833,5560,3277
19629.837,5561,3277
19629.839,5562,3277
19629.878,5563,3279
19629.884,5564,3281
19629.895,5565,3283
19629.952,5566,3285
19630.188,5567,3287
19630.275,5568,3289
19630.517,5569,3289
19630.628,5570,3290
19630.71,5571,3291
19635.029,5572,3291
19639.465,5573,3291
19649.452,5574,3291
19654.971,5575,3291
19717.541,5576,3291
19717.573,5577,3291
19795.977,5578,3291
19815.12,5579,3292
19815.144,5580,3293
19852.188,5581,3293
19891.758,5582,3293
19904.544,5583,3293
19983.095,5584,3293
19984.027,5585,3293
20037.103,5586,3293
20090.607,5587,3293
20101.498,5588,3293
20160.808,5589,3293
20161.347,5590,3293
20163.72,5591,3293
20198.359,5592,3294
20216.158,5593,3294
20216.203,5594,3294
20305.66,5595,3294
20305.691,5596,3294
20310.307,5597,3294
20331.83,5598,3294
20383.122,5599,3296
20415.615,5600,3296
20442.302,5601,3296
20448.175,5602,3296
20449.952,5603,3296
20468.2,5604,3296
20468.52,5605,3296
20470.457,5606,3296
20479.145,5607,3296
20485.446,5608,3297
20485.481,5609,3298
20493.17,5610,3298
20496.352,5611,3298
20583.5,5612,3298
20631.161,5613,3300
20631.263,5614,3300
20631.285,5615,3300
20631.595,5616,3300
20632.125,5617,3300
20659.848,5618,3300
20713.34,5619,3300
20746.43,5620,3300
20750.61,5621,3300
20789.978,5622,3300
20800.949,5623,3300
20821.393,5624,3300
20854.771,5625,3300
20858.435,5626,3300
20859.161,5627,3300
20859.642,5628,3300
20887.356,5629,3301
20910.114,5630,3301
20950.116,5631,3301
20965.05,5632,3301
21002.553,5633,3301
21004.607,5634,3301
21004.675,5635,3301
21048.122,5636,3301
21049.014,5637,3301
21170.586,5638,3301
21184.912,5639,3301
21184.922,5640,3301
21234.828,5641,3301
21257.651,5642,3301
21266.174,5643,3301
21294.974,5644,3301
21387.075,5645,3301
21391.589,5646,3301
21392.786,5647,3301
21395.817,5648,3301
21444.414,5649,3301
21451.002,5650,3301
21488.491,5651,3301
21499.035,5652,3301
21524.364,5653,3301
21524.884,5654,3301
21552.355,5655,3301
21673.057,5656,3301
21805.345,5657,3301
21860.653,5658,3301
21918.396,5659,3301
21949.353,5660,3301
21958.323,5661,3301
22062.292,5662,3301
22075.078,5663,3301
22111.618,5664,3301
22183.106,5665,3301
22248.264,5666,3301
22275.671,5667,3301
22338.539,5668,3301
22378.632,5669,3301
22387.801,5670,3301
22472.695,5671,3301
22677.183,5672,3301
22760.931,5673,3301
23095.85,5674,3301
23165.448,5675,3301
23187.599,5676,3301
23272.12,5677,3301
23272.651,5678,3301
23297.156,5679,3301
23526.209,5680,3301
23772.946,5681,3301
23826.588,5682,3301
23896.152,5683,3301
23944.528,5684,3301
24061.796,5685,3301
24258.153,5686,3301
24438.147,5687,3301
24539.865,5688,3301
24579.597,5689,3301
24746.407,5690,3301
24748.911,5691,3301
24896.727,5692,3301
24903.703,5693,3301
24936.726,5694,3301
24992.511,5695,3301
25219.601,5696,3301
25249.558,5697,3301
25260.6,5698,3301
25350.826,5699,3301
25384.606,5700,3301
25610.69,5701,3301
25846.69,5702,3301
26297.396,5703,3301
26486.269,5704,3301
26492.065,5705,3301
26492.671,5706,3301
26566.562,5707,3301
26689.503,5708,3301
26689.911,5709,3301
26867.968,5710,3301
26910.673,5711,3301
27073.887,5712,3301
27150.083,5713,3301
27175.864,5714,3301
27265.384,5715,3301
27421.152,5716,3301
27450.579,5717,3301
28021.089,5718,3301
28021.187,5719,3301
28021.348,5720,3301
28035.704,5721,3301
28276.384,5722,3301
28292.75,5723,3301
28548.132,5724,3301
28564.878,5725,3301
28572.837,5726,3301
28736.064,5727,3301
28880.335,5728,3301
28972.71,5729,3301
28978.349,5730,3301
28978.643,5731,3301
28979.131,5732,3301
28980.496,5733,3301
29023.169,5734,3301
29151.157,5735,3301
29188.337,5736,3301
29320.763,5737,3301
29341.988,5738,3301
29355.226,5739,3301
29361.772,5740,3308
29368.076,5741,3309
29494.459,5742,3309
29503.348,5743,3309
29642.397,5744,3309
29642.818,5745,3309
29656.675,5746,3309
29702.905,5747,3311
29864.014,5748,3311
29868.866,5749,3311
29940.167,5750,3311
29954.876,5751,3311
30000.755,5752,3311
30019.486,5753,3311
30028.808,5754,3311
30094.662,5755,3311
30095.027,5756,3311
30095.873,5757,3311
30096.045,5758,3311
30127.42,5759,3311
30135.159,5760,3311
30239.722,5761,3311
30322.615,5762,3311
30543.65,5763,3311
30550.612,5764,3311
30593.357,5765,3311
30599.046,5766,3311
30602.323,5767,3311
30713.94,5768,3311
30714.564,5769,3311
30780.885,5770,3311
30807.084,5771,3311
30949.724,5772,3311
30973.203,5773,3311
31139.638,5774,3311
31202.572,5775,3311
31291.139,5776,3311
31326.765,5777,3311
31333.526,5778,3311
31339.78,5779,3313
31348.589,5780,3314
31348.67,5781,3314
31350.761,5782,3315
31453.103,5783,3315
31463.919,5784,3315
31469.34,5785,3315
31498.655,5786,3315
31585.585,5787,3315
31585.596,5788,3315
31585.782,5789,3315
31668.847,5790,3315
31681.607,5791,3315
31781.986,5792,3315
31789.251,5793,3315
31802.037,5794,3315
31802.406,5795,3315
31930.868,5796,3315
31932.506,5797,3315
31933.513,5798,3315
31968.175,5799,3315
32001.022,5800,3315
32026.678,5801,3315
32036.526,5802,3315
32106.875,5803,3315
32122.071,5804,3315
32148.952,5805,3315
32241.109,5806,3315
32241.219,5807,3315
32241.652,5808,3315
32247.951,5809,3315
32260.774,5810,3315
32279.255,5811,3315
32284.373,5812,3315
32325.514,5813,3315
32325.795,5814,3315
32373.892,5815,3315
32378.534,5816,3315
32392.45,5817,3315
32415.462,5818,3316
32420.419,5819,3316
32442.64,5820,3316
32482.951,5821,3316
32488.43,5822,3316
32545.945,5823,3316
32600.317,5824,3316
32657.427,5825,3316
32786.581,5826,3316
32787.511,5827,3316
32821.053,5828,3316
33004.659,5829,3316
33018.66,5830,3316
33037.159,5831,3316
33077.873,5832,3316
33107.928,5833,3316
33108.088,5834,3316
33163.63,5835,3316
33265.997,5836,3316
33297.353,5837,3316
33332.264,5838,3316
33394.254,5839,3316
33405.519,5840,3316
33409.153,5841,3316
33435.217,5842,3316
33435.529,5843,3316
33436.973,5844,3316
33437.646,5845,3316
33478.793,5846,3316
33489.805,5847,3316
33496.996,5848,3316
33497.126,5849,3316
33498.016,5850,3316
33557.897,5851,3316
33595.093,5852,3316
33763.829,5853,3316
33972.593,5854,3316
34420.721,5855,3316
35541.02,5856,3316
36125.415,5857,3316
36361.913,5858,3316
36977.217,5859,3316
37413.966,5860,3316
37628.058,5861,3316
37873.447,5862,3316
38408.872,5863,3316
39348.817,5864,3316
40597.572,5865,3316
40620.018,5866,3316
40714.038,5867,3316
41623.486,5868,3316
41723.635,5869,3316
41749.421,5870,3319
41836.166,5871,3320
41836.326,5872,3321
41837.408,5873,3321
41837.43,5874,3321
41841.856,5875,3321
41848.761,5876,3321
42055.824,5877,3321
42085.948,5878,3321
43167.19,5879,3321
43537.33,5880,3321
43800.936,5881,3322
44067.239,5882,3323
44140.905,5883,3323
44157.414,5884,3323
44299.679,5885,3323
44314.398,5886,3323
44338.78,5887,3323
44384.374,5888,3323
44413.632,5889,3323
44443.451,5890,3323
44593.381,5891,3324
44619.841,5892,3324
44675.885,5893,3324
44739.857,5894,3324
44893.749,5895,3324
44901.532,5896,3324
44954.573,5897,3324
45551.691,5898,3324
45605.024,5899,3324
46221.873,5900,3324
46513.984,5901,3324
46703.696,5902,3324
46834.129,5903,3324
47401.449,5904,3324
47686.013,5905,3324
48545.014,5906,3324
49091.125,5907,3324
49235.041,5908,3324
50431.709,5909,3324
50441.318,5910,3324
51324.16,5911,3324
52325.164,5912,3324
52328.184,5913,3324
53140.471,5914,3324
53287.408,5915,3324
53517.512,5916,3324
53570.617,5917,3324
53617.483,5918,3325
53715.512,5919,3325
53732.934,5920,3325
53993.255,5921,3325
54184.529,5922,3325
54241.444,5923,3325
54560.723,5924,3327
54579.626,5925,3327
54707.369,5926,3327
55023.279,5927,3327
55026.561,5928,3327
55297.66,5929,3327
55315.723,5930,3329
55485.728,5931,3329
55564.931,5932,3329
55591.196,5933,3329
55738.872,5934,3329
55824.605,5935,3329
55871.733,5936,3329
56087.661,5937,3329
56090.364,5938,3329
56115.989,5939,3329
56116.155,5940,3329
56116.507,5941,3329
56271.541,5942,3329
56329.672,5943,3329
56342.728,5944,3329
56368.212,5945,3329
56421.509,5946,3329
56577.656,5947,3329
56717.655,5948,3329
56866.896,5949,3329
56873.424,5950,3329
56899.526,5951,3329
57477.621,5952,3329
57485.106,5953,3329
57956.392,5954,3329
57972.161,5955,3330
57982.272,5956,3330
57998.255,5957,3330
58115.968,5958,3330
58132.145,5959,3330
58207.08,5960,3330
58280.359,5961,3331
58310.567,5962,3331
58343.448,5963,3331
58371.583,5964,3331
58700.969,5965,3331
58726.935,5966,3331
58949.475,5967,3331
58955.908,5968,3331
59050.131,5969,3331
59055.111,5970,3331
59207.129,5971,3331
59255.344,5972,3331
59268.567,5973,3331
59624.411,5974,3331
59650.067,5975,3331
59664.961,5976,3331
59686.43,5977,3331
59724.234,5978,3331
59724.419,5979,3331
59724.838,5980,3331
59778.826,5981,3331
59815.816,5982,3337
59821.843,5983,3337
59821.882,5984,3337
59868.437,5985,3337
59892.564,5986,3340
59903.877,5987,3346
59910.099,5988,3347
59928.792,5989,3347
59934.184,5990,3347
60103.061,5991,3347
60160.398,5992,3347
60201.003,5993,3347
60340.761,5994,3347
60340.862,5995,3347
60350.744,5996,3347
60350.754,5997,3347
60350.842,5998,3347
60539.645,5999,3348
60602.963,6000,3349
60657.933,6001,3349
60669.756,6002,3349
60669.933,6003,3349
60794.884,6004,3349
60825.823,6005,3349
60900.09,6006,3349
60957.144,6007,3349
61037.637,6008,3349
61037.829,6009,3349
61052.693,6010,3349
61100.788,6011,3349
61100.969,6012,3349
61100.97,6013,3349
61132.231,6014,3349
61194.938,6015,3349
61605.609,6016,3349
61653.938,6017,3349
61729.736,6018,3349
61731.554,6019,3349
61732.054,6020,3349
61753.941,6021,3349
61809.197,6022,3350
61812.097,6023,3350
61823.427,6024,3350
61824.71,6025,3350
61837.844,6026,3350
62571.67,6027,3350
62872.638,6028,3350
63280.771,6029,3350
63307.17,6030,3350
63456.829,6031,3350
63646.402,6032,3350
63655.793,6033,3350
63937.113,6034,3350
63976.729,6035,3350
64127.55,6036,3350
64132.814,6037,3350
64156.017,6038,3350
64161.441,6039,3350
64221.277,6040,3350
64290.311,6041,3350
64293.913,6042,3350
64350.835,6043,3350
64360.146,6044,3350
64360.846,6045,3350
64586.426,6046,3350
64737.382,6047,3350
64856.21,6048,3350
64878.53,6049,3350
64902.752,6050,3350
65159.172,6051,3350
66005.741,6052,3350
66175.709,6053,3350
66318.422,6054,3350
66343.584,6055,3350
66772.644,6056,3350
66783.824,6057,3350
66803.627,6058,3350
66850.772,6059,3350
67793.978,6060,3350
67863.841,6061,3350
67868.279,6062,3350
67897.44,6063,3350
67989.116,6064,3350
67989.972,6065,3350
67996.4,6066,3350
68081.806,6067,3350
68247.945,6068,3350
68618.501,6069,3350
68985.343,6070,3350
69009.095,6071,3350
69115.639,6072,3350
69226.854,6073,3350
69270.057,6074,3350
69325.33,6075,3350
69329.388,6076,3350
69329.56,6077,3350
69330.002,6078,3350
69382.089,6079,3350
69382.178,6080,3350
69424.571,6081,3350
69891.187,6082,3350
69963.854,6083,3350
70241.507,6084,3350
70470.966,6085,3350
70525.105,6086,3350
70628.971,6087,3350
70693.5,6088,3351
71434.846,6089,3351
71687.497,6090,3351
71773.05,6091,3351
72128.008,6092,3351
72448.496,6093,3351
72474.125,6094,3351
72785.112,6095,3351
73129.283,6096,3351
73743.503,6097,3351
75376.225,6098,3351
75535.844,6099,3351
75592.145,6100,3351
75593.044,6101,3351
75858.459,6102,3351
76182.848,6103,3351
76183.281,6104,3351
76219.154,6105,3351
76229.611,6106,3351
76281.132,6107,3351
76773.559,6108,3351
77747.299,6109,3354
77751.082,6110,3354
77896.124,6111,3355
78546.338,6112,3355
78921.793,6113,3355
78980.271,6114,3355
79045.501,6115,3355
79103.378,6116,3355
79198.41,6117,3355
79309.032,6118,3355
79382.977,6119,3355
79383.101,6120,3355
79438.465,6121,3355
79520.289,6122,3355
79958.08,6123,3355
80093.094,6124,3355
80099.002,6125,3355
80268.53,6126,3355
80268.646,6127,3355
80639.687,6128,3355
83971.208,6129,3355
84577.424,6130,3355
84935.737,6131,3355
85033.12,6132,3355
86058.306,6133,3355
